1750194798917424128.000000 0.000000000 0.000000000 0.000000000 -0.000000000 -0.000000000 -0.000000000 1.000000000
1750194799267169792.000000 0.000158079 0.000055565 0.000124166 0.000008939 0.000005496 -0.000067000 1.000000000
1750194799616245760.000000 0.000094062 0.000021165 0.000242085 -0.000003606 0.000117870 -0.000088282 1.000000000
1750194799965341440.000000 0.000523292 0.000133299 0.000181550 0.000021997 0.000004247 -0.000012749 1.000000000
1750194800314440960.000000 0.000462871 0.000196218 0.000548227 -0.000023701 0.000100707 -0.000061067 1.000000000
1750194800665435136.000000 0.000441288 0.000163922 0.000457969 -0.000029376 0.000174143 -0.000064933 1.000000000
1750194801022772480.000000 0.000679539 0.000211868 0.000516945 -0.000032788 0.000127397 -0.000183227 1.000000000
1750194801369603072.000000 0.000591882 0.000109677 0.000534501 -0.000064448 0.000212949 -0.000255771 0.999999940
1750194801715738112.000000 0.000986413 -0.000028953 0.000008550 -0.000053403 0.000158651 -0.000038445 1.000000000
1750194802064814080.000000 0.000644381 -0.000181604 -0.000437757 0.000008519 0.000192154 -0.000019260 1.000000000
1750194802423278592.000000 0.000661591 -0.000154721 -0.000194185 -0.000079849 0.000236903 -0.000162119 0.999999940
1750194802782476032.000000 0.001079307 0.000016451 0.000281575 -0.000073022 0.000256458 -0.000142693 1.000000000
1750194803139545088.000000 0.001067955 -0.000054797 -0.000166433 -0.000044333 0.000207400 -0.000065033 1.000000000
1750194803496651008.000000 0.001122375 0.000047200 0.000048950 -0.000061318 0.000300546 -0.000212072 0.999999940
1750194803855627776.000000 0.001453687 -0.000038639 0.000202126 -0.000072219 0.000297887 -0.000137802 1.000000000
1750194804214780672.000000 0.001428621 0.000046282 0.000464743 -0.000064857 0.000277859 -0.000021585 1.000000000
1750194804570009856.000000 0.001740149 0.000245722 0.000486026 -0.000078246 0.000302380 -0.000162549 0.999999940
1750194804924752640.000000 0.001674797 0.000259359 0.000443522 -0.000019332 0.000310980 -0.000051794 0.999999940
1750194805277731072.000000 0.001763871 -0.000010353 0.000049714 -0.000123186 0.000343466 -0.000145127 0.999999940
1750194805630269696.000000 0.001851353 0.000142897 0.000372355 -0.000142139 0.000340770 -0.000173048 0.999999940
1750194805981885696.000000 0.002098565 0.000177870 0.000352192 -0.000107916 0.000338224 -0.000244619 0.999999940
1750194806337508608.000000 0.001953594 0.000121067 0.000378571 -0.000146503 0.000442201 -0.000205729 0.999999881
1750194806687672064.000000 0.002195658 0.000238486 0.000698397 -0.000107129 0.000419364 -0.000187097 0.999999881
1750194807039355904.000000 0.002289765 0.000306234 0.000561796 -0.000045363 0.000384590 -0.000184071 0.999999940
1750194807394746880.000000 0.002420160 0.000205750 0.000661996 -0.000118760 0.000377987 -0.000331960 0.999999881
1750194807749936640.000000 0.002496742 0.000120588 0.000774173 -0.000128639 0.000401343 -0.000332863 0.999999881
1750194808100828416.000000 0.002525565 -0.000002005 0.000329655 -0.000091336 0.000399253 -0.000207570 0.999999881
1750194808451736576.000000 0.002531525 -0.000121555 -0.000124362 -0.000096697 0.000392696 -0.000209291 0.999999881
1750194808804125184.000000 0.002668621 0.000409324 0.000741423 -0.000056384 0.000397796 -0.000223435 0.999999881
1750194809153985536.000000 0.003185756 0.000168301 0.000951621 -0.000097254 0.000317290 -0.000173608 0.999999940
1750194809505707264.000000 0.003044583 0.000118677 0.000345164 -0.000028596 0.000314288 -0.000318996 0.999999881
1750194809855511296.000000 0.003053635 0.000275935 0.000675294 -0.000034736 0.000376890 -0.000358473 0.999999881
1750194810204721152.000000 0.003428947 0.000616438 0.001491199 -0.000052358 0.000418057 -0.000354234 0.999999881
1750194810556166912.000000 0.003158177 0.000124457 0.000475354 -0.000140235 0.000438792 -0.000440382 0.999999821
1750194810909426944.000000 0.003345489 0.000237234 0.000227473 -0.000084408 0.000462410 -0.000453635 0.999999762
1750194811259683584.000000 0.003473957 0.000080307 0.000327008 -0.000135227 0.000388034 -0.000385133 0.999999821
1750194811613374720.000000 0.003638250 0.000217249 0.000247620 -0.000100999 0.000360128 -0.000446966 0.999999821
1750194811964502784.000000 0.003506497 0.000225935 0.000664465 -0.000137127 0.000503181 -0.000476780 0.999999762
1750194812315853568.000000 0.003615020 0.000196487 0.000360909 -0.000082746 0.000510470 -0.000457917 0.999999762
1750194812668114688.000000 0.003761125 0.000316020 0.000943510 -0.000054330 0.000516384 -0.000463504 0.999999762
1750194813018821376.000000 0.003917071 0.000483300 0.001043900 -0.000107098 0.000581920 -0.000386000 0.999999762
1750194813368496384.000000 0.004284945 0.000511235 0.000866943 -0.000110583 0.000442607 -0.000463716 0.999999821
1750194813722114560.000000 0.004223944 0.000613715 0.001495640 -0.000120979 0.000535736 -0.000473090 0.999999762
1750194814073640960.000000 0.004330843 0.000696831 0.001138864 -0.000060762 0.000426017 -0.000407166 0.999999821
1750194814424841728.000000 0.004690730 0.000544940 0.000947201 -0.000114217 0.000399983 -0.000459790 0.999999821
1750194814778060544.000000 0.004243481 0.000269897 0.000565460 -0.000246103 0.000526838 -0.000624983 0.999999642
1750194815126363392.000000 0.005081308 0.000623538 0.000681524 -0.000109485 0.000401842 -0.000427293 0.999999821
1750194815478561536.000000 0.004766983 0.000357191 0.000805846 -0.000127320 0.000487409 -0.000442974 0.999999762
1750194815830194688.000000 0.004857522 0.000657194 0.001289199 -0.000154603 0.000481969 -0.000487068 0.999999762
1750194816182434816.000000 0.005167427 0.000744172 0.000840734 -0.000100460 0.000509333 -0.000552517 0.999999762
1750194816540343552.000000 0.004762937 0.000423391 0.000699089 -0.000235595 0.000599308 -0.000678512 0.999999583
1750194816896914944.000000 0.004538015 0.000450070 -0.000132648 -0.000196424 0.000584974 -0.000713665 0.999999583
1750194817253889792.000000 0.004884086 0.000239751 0.000745539 -0.000340163 0.000649114 -0.000628897 0.999999523
1750194817606614784.000000 0.005249709 0.000585587 0.000733331 -0.000210342 0.000551251 -0.000542580 0.999999702
1750194817957122560.000000 0.005131352 0.000638006 0.000543854 -0.000207822 0.000592955 -0.000676886 0.999999583
1750194818309933568.000000 0.005166728 0.000575047 0.000644594 -0.000236781 0.000629780 -0.000730703 0.999999523
1750194818666643456.000000 0.005573098 0.000674833 0.000676255 -0.000225249 0.000590231 -0.000720254 0.999999523
1750194819020263168.000000 0.005582604 0.000399262 0.000059503 -0.000241228 0.000593701 -0.000682423 0.999999583
1750194819384310528.000000 0.005326250 0.000557364 0.000454323 -0.000249387 0.000730625 -0.000665226 0.999999523
1750194819747478784.000000 0.005775957 0.000792493 0.000000027 -0.000225022 0.000590863 -0.000723227 0.999999523
1750194820097371136.000000 0.006091075 0.000655182 0.000341077 -0.000207662 0.000618631 -0.000651395 0.999999583
1750194820447453184.000000 0.006159670 0.001104398 0.001026151 -0.000188814 0.000653926 -0.000881317 0.999999404
1750194820791565056.000000 0.006094553 0.001000689 0.001343260 -0.000230199 0.000733355 -0.000716046 0.999999464
1750194821136609280.000000 0.006389716 0.000855926 0.001020235 -0.000281637 0.000672753 -0.000697756 0.999999523
1750194821482475264.000000 0.006165300 0.000908953 0.000711363 -0.000214959 0.000711214 -0.000741713 0.999999464
1750194821828617216.000000 0.006468933 0.000973024 0.001045807 -0.000274102 0.000643530 -0.000679518 0.999999523
1750194822171626496.000000 0.006420932 0.000330028 -0.000233846 -0.000334042 0.000678926 -0.000748977 0.999999464
1750194822521537024.000000 0.006543760 0.000813090 0.000683964 -0.000311912 0.000749620 -0.000880475 0.999999285
1750194822868442880.000000 0.006720936 0.000441201 0.000087076 -0.000371631 0.000811297 -0.000744879 0.999999344
1750194823217975040.000000 0.006791072 0.000795828 0.001056954 -0.000332002 0.000802262 -0.000903098 0.999999225
1750194823566759680.000000 0.006942136 0.000858359 0.001350082 -0.000294231 0.000811269 -0.000859584 0.999999285
1750194823914174208.000000 0.007084057 0.001079933 0.001621363 -0.000374508 0.000842184 -0.000878359 0.999999225
1750194824266066688.000000 0.007607653 0.001413869 0.001757142 -0.000274662 0.000748741 -0.000843410 0.999999344
1750194824611821056.000000 0.007806134 0.001249951 0.001671905 -0.000310067 0.000759553 -0.000828105 0.999999344
1750194824956143360.000000 0.007564987 0.001082094 0.001320895 -0.000377740 0.000904619 -0.000925865 0.999999106
1750194825303615232.000000 0.007830654 0.001160862 0.001270866 -0.000375913 0.000745877 -0.000879412 0.999999285
1750194825649455872.000000 0.007754356 0.000994372 0.001232406 -0.000434212 0.000892044 -0.000870524 0.999999166
1750194825997474560.000000 0.007861548 0.001220508 0.002028159 -0.000429582 0.000971369 -0.000861495 0.999999046
1750194826347595776.000000 0.007942184 0.001483691 0.001596630 -0.000296532 0.001006225 -0.000913995 0.999999046
1750194826689899008.000000 0.008098242 0.001255630 0.001311540 -0.000338028 0.001003588 -0.000863349 0.999999106
1750194827043076864.000000 0.008258666 0.001573485 0.001919462 -0.000347175 0.001005556 -0.000907124 0.999999046
1750194827396244480.000000 0.008376194 0.001249115 0.001283885 -0.000365867 0.000954622 -0.000878558 0.999999106
1750194827764470528.000000 0.008200007 0.001207032 0.001415871 -0.000380751 0.001014614 -0.000842366 0.999999106
1750194828122129408.000000 0.008632173 0.001484566 0.001862454 -0.000401217 0.000997001 -0.000948214 0.999998987
1750194828476755456.000000 0.008749801 0.001304884 0.001580519 -0.000387057 0.001034063 -0.000938394 0.999998987
1750194828818795776.000000 0.008977007 0.001260294 0.001613236 -0.000423587 0.001078456 -0.000964376 0.999998868
1750194829165144576.000000 0.009706109 0.001923130 0.002257858 -0.000209093 0.000963570 -0.000878176 0.999999106
1750194829510018048.000000 0.009624258 0.001483743 0.002020633 -0.000303100 0.001013677 -0.000767134 0.999999166
1750194829856260608.000000 0.009433717 0.001442601 0.001618942 -0.000420770 0.001081152 -0.001035087 0.999998808
1750194830224558848.000000 0.009451649 0.001293084 0.001200552 -0.000401543 0.001131810 -0.001033126 0.999998748
1750194830577648384.000000 0.009424509 0.001592603 0.001919236 -0.000367162 0.001161109 -0.000969772 0.999998808
1750194830925177600.000000 0.009746119 0.001439768 0.001337420 -0.000394207 0.001063184 -0.000914029 0.999998927
1750194831278101504.000000 0.009912948 0.002001592 0.002433766 -0.000292316 0.001126546 -0.000920631 0.999998927
1750194831626688000.000000 0.009869452 0.001891301 0.001887215 -0.000240117 0.001169847 -0.000809204 0.999998987
1750194831984160000.000000 0.010019793 0.001527188 0.001581565 -0.000372917 0.001181770 -0.000909694 0.999998868
1750194832350885888.000000 0.009779500 0.001397334 0.001215667 -0.000340109 0.001257195 -0.000861581 0.999998808
1750194832713430528.000000 0.010023807 0.001739953 0.001787034 -0.000312397 0.001274527 -0.000781001 0.999998868
1750194833069543680.000000 0.010545867 0.001770373 0.001668114 -0.000299734 0.001156756 -0.000849431 0.999998927
1750194833416919552.000000 0.010571871 0.001179309 0.001326472 -0.000450238 0.001144419 -0.000816887 0.999998927
1750194833766872832.000000 0.010493041 0.001488595 0.001625179 -0.000433294 0.001235118 -0.000887545 0.999998748
1750194834122857984.000000 0.010854358 0.001433895 0.001038933 -0.000384285 0.001203123 -0.000684200 0.999998987
1750194834480961280.000000 0.010694635 0.001543312 0.001505155 -0.000439331 0.001275289 -0.000892836 0.999998689
1750194834830510592.000000 0.010734108 0.001302422 0.001581877 -0.000507839 0.001314915 -0.000910877 0.999998629
1750194835185094656.000000 0.011221685 0.001573977 0.001650066 -0.000465189 0.001283313 -0.000857195 0.999998689
1750194835540608512.000000 0.011126663 0.001328533 0.001358805 -0.000491091 0.001268652 -0.000851524 0.999998748
1750194835898042112.000000 0.011095569 0.001213278 0.001038050 -0.000483270 0.001248090 -0.000875667 0.999998748
1750194836257759488.000000 0.011519611 0.001693707 0.002103128 -0.000494306 0.001266420 -0.000918241 0.999998689
1750194836619115008.000000 0.011093416 0.001668728 0.001829212 -0.000443702 0.001362780 -0.001052243 0.999998450
1750194836974344448.000000 0.011296941 0.001727429 0.001564605 -0.000497614 0.001353662 -0.001005352 0.999998450
1750194837330757376.000000 0.011156242 0.001236751 0.000920592 -0.000683879 0.001458243 -0.001167903 0.999998033
1750194837684065792.000000 0.011029548 0.001216988 0.000988915 -0.000630245 0.001456789 -0.001073225 0.999998152
1750194838038151680.000000 0.011328989 0.001598987 0.001523337 -0.000529429 0.001488196 -0.001063310 0.999998212
1750194838397832192.000000 0.011494703 0.001443348 0.001397254 -0.000611787 0.001503703 -0.001099935 0.999998093
1750194838749829632.000000 0.011583798 0.001549630 0.001769623 -0.000653500 0.001483335 -0.000982531 0.999998212
1750194839105509376.000000 0.012025435 0.001770484 0.001881859 -0.000633876 0.001414699 -0.001015994 0.999998271
1750194839458873088.000000 0.012140837 0.001900408 0.002658473 -0.000608689 0.001390262 -0.000978399 0.999998391
1750194839811497216.000000 0.012018206 0.001563330 0.001737189 -0.000661056 0.001413889 -0.000940897 0.999998331
1750194840167117056.000000 0.012370078 0.001933509 0.001596194 -0.000551625 0.001503801 -0.000975525 0.999998271
1750194840524762112.000000 0.012263168 0.001673994 0.001346595 -0.000631447 0.001490570 -0.001002750 0.999998212
1750194840878825216.000000 0.012571093 0.001617802 0.001453447 -0.000511030 0.001435957 -0.000805950 0.999998510
1750194841235635456.000000 0.012663131 0.001480778 0.001244833 -0.000570850 0.001434473 -0.000926302 0.999998391
1750194841592826368.000000 0.012725604 0.001814789 0.001847037 -0.000466159 0.001519633 -0.000917574 0.999998331
1750194841942722560.000000 0.012918888 0.001543516 0.001697050 -0.000531232 0.001480812 -0.000970639 0.999998271
1750194842292103424.000000 0.012933335 0.001506236 0.001581343 -0.000572996 0.001492778 -0.000972476 0.999998271
1750194842641454336.000000 0.012685340 0.001594986 0.001107975 -0.000501292 0.001631243 -0.000948698 0.999998093
1750194842994202368.000000 0.012779377 0.001883797 0.002218628 -0.000502517 0.001658021 -0.001040009 0.999997973
1750194843349822208.000000 0.012811994 0.001673031 0.001376863 -0.000447081 0.001567220 -0.000861490 0.999998331
1750194843702859776.000000 0.013328626 0.001670404 0.001737686 -0.000415033 0.001603825 -0.000637987 0.999998450
1750194844057316352.000000 0.013461327 0.001862378 0.002018863 -0.000446189 0.001628608 -0.000840698 0.999998271
1750194844415398656.000000 0.013783121 0.001769051 0.002036281 -0.000496542 0.001584163 -0.000856852 0.999998271
1750194844773265152.000000 0.013804626 0.001802124 0.002284597 -0.000410434 0.001577822 -0.000709233 0.999998450
1750194845130181632.000000 0.013655247 0.001755642 0.001682729 -0.000440130 0.001597205 -0.000843825 0.999998271
1750194845487914496.000000 0.013577537 0.001660721 0.001502702 -0.000468113 0.001651402 -0.000787258 0.999998212
1750194845851478784.000000 0.013737108 0.001528312 0.001494110 -0.000515402 0.001778162 -0.000783030 0.999997973
1750194846212371456.000000 0.013945311 0.001377370 0.001857599 -0.000467924 0.001754032 -0.000726555 0.999998093
1750194846570146560.000000 0.014223608 0.001774330 0.002020187 -0.000331614 0.001748140 -0.000650144 0.999998212
1750194846929462016.000000 0.014641048 0.001631971 0.001726534 -0.000368397 0.001647883 -0.000677598 0.999998331
1750194847291524608.000000 0.014632718 0.002150469 0.002667619 -0.000277828 0.001771248 -0.000647856 0.999998212
1750194847647406336.000000 0.014954953 0.001767145 0.002219988 -0.000368920 0.001728829 -0.000685549 0.999998212
1750194847996495104.000000 0.014271776 0.001613845 0.002048353 -0.000391754 0.001861726 -0.000768258 0.999997914
1750194848352417792.000000 0.014500482 0.001597491 0.001895250 -0.000322219 0.001947042 -0.000833240 0.999997735
1750194848711197952.000000 0.014621394 0.001778967 0.002047957 -0.000321478 0.001897757 -0.000890131 0.999997795
1750194849065459968.000000 0.014674553 0.001783786 0.002140708 -0.000335395 0.001998949 -0.000772949 0.999997675
1750194849414985728.000000 0.015008117 0.001913123 0.002580737 -0.000292897 0.001897804 -0.000799635 0.999997854
1750194849767468032.000000 0.015069732 0.002042752 0.002244586 -0.000267677 0.002000576 -0.000707701 0.999997735
1750194850127254528.000000 0.014901253 0.001752816 0.001769335 -0.000303449 0.002058345 -0.000817510 0.999997497
1750194850482238464.000000 0.015515777 0.001557506 0.001954597 -0.000340263 0.002002375 -0.000622316 0.999997795
1750194850835717632.000000 0.015586779 0.001823782 0.002207197 -0.000361017 0.002015670 -0.000661727 0.999997675
1750194851194082816.000000 0.015400166 0.001412436 0.001649598 -0.000404810 0.002061384 -0.000761781 0.999997556
1750194851555063552.000000 0.015349869 0.002113701 0.002941146 -0.000300631 0.002167424 -0.000915270 0.999997199
1750194851913160448.000000 0.015471643 0.001678890 0.001656920 -0.000254210 0.002139888 -0.000745877 0.999997437
1750194852267313152.000000 0.015692938 0.002022193 0.002456738 -0.000244242 0.002264199 -0.000835908 0.999997079
1750194852622072064.000000 0.015807888 0.001644851 0.001583435 -0.000282341 0.002256420 -0.000751730 0.999997139
1750194852975169536.000000 0.015912399 0.001868175 0.001630436 -0.000230271 0.002263086 -0.000709485 0.999997199
1750194853331175936.000000 0.016249167 0.001766421 0.001891441 -0.000176234 0.002244209 -0.000627710 0.999997318
1750194853685060352.000000 0.015848363 0.001750940 0.001832161 -0.000247695 0.002312905 -0.000719163 0.999997020
1750194854040654080.000000 0.016500438 0.001760440 0.002049091 -0.000168256 0.002268555 -0.000701122 0.999997199
1750194854396233216.000000 0.016159164 0.001832592 0.001555741 -0.000235732 0.002411914 -0.000755866 0.999996781
1750194854749762560.000000 0.016433012 0.001990766 0.002171540 -0.000160313 0.002386186 -0.000701897 0.999996901
1750194855104599552.000000 0.016379630 0.001666252 0.002346142 -0.000266358 0.002452600 -0.000772957 0.999996662
1750194855451796224.000000 0.016754216 0.001881360 0.002128904 -0.000215277 0.002359451 -0.000713304 0.999996960
1750194855800562432.000000 0.016420946 0.001838574 0.002064156 -0.000230996 0.002444035 -0.000799382 0.999996662
1750194856153129216.000000 0.017028371 0.001700186 0.001625560 -0.000216259 0.002373961 -0.000747899 0.999996901
1750194856502189568.000000 0.016821949 0.001484747 0.001565294 -0.000242608 0.002490322 -0.000767151 0.999996603
1750194856855952128.000000 0.017004732 0.001414820 0.001507129 -0.000281682 0.002508784 -0.000794761 0.999996483
1750194857208322816.000000 0.016937986 0.001590620 0.001367888 -0.000224397 0.002512308 -0.000889787 0.999996424
1750194857558518528.000000 0.017240494 0.001439875 0.001617465 -0.000273012 0.002486112 -0.000855632 0.999996483
1750194857911200256.000000 0.017356981 0.001448335 0.001666058 -0.000339184 0.002588248 -0.000821611 0.999996305
1750194858265707776.000000 0.017371157 0.001605306 0.001969617 -0.000290030 0.002560436 -0.000849099 0.999996305
1750194858619316992.000000 0.017267408 0.001906240 0.002235886 -0.000182642 0.002631551 -0.000721917 0.999996305
1750194858970710784.000000 0.017627558 0.001736366 0.002144709 -0.000211942 0.002625864 -0.000797096 0.999996245
1750194859322711808.000000 0.017804794 0.001728925 0.002220170 -0.000284615 0.002610040 -0.000782303 0.999996245
1750194859676077824.000000 0.017853389 0.001736821 0.001884615 -0.000239191 0.002685314 -0.000855847 0.999996006
1750194860025397760.000000 0.017960066 0.001400246 0.001960957 -0.000292668 0.002726989 -0.000645809 0.999996066
1750194860371357184.000000 0.017812954 0.001404719 0.001428612 -0.000354849 0.002708485 -0.000811878 0.999995947
1750194860719767040.000000 0.018236760 0.001692278 0.001811576 -0.000276760 0.002658950 -0.000681127 0.999996185
1750194861071813632.000000 0.018165972 0.001600129 0.001807230 -0.000296030 0.002750017 -0.000713142 0.999995947
1750194861422101760.000000 0.018345071 0.001631499 0.002406491 -0.000337207 0.002740068 -0.000677034 0.999995947
1750194861778492928.000000 0.018245231 0.001556938 0.002155404 -0.000331257 0.002872997 -0.000624235 0.999995649
1750194862131191296.000000 0.018558133 0.001415155 0.001742666 -0.000326808 0.002814604 -0.000745083 0.999995708
1750194862484849408.000000 0.018894473 0.001875313 0.002863778 -0.000283223 0.002791212 -0.000732480 0.999995828
1750194862835436800.000000 0.018939188 0.001551993 0.002286043 -0.000275071 0.002852522 -0.000685451 0.999995649
1750194863185986304.000000 0.019082889 0.002028022 0.003222967 -0.000198077 0.002956563 -0.000731830 0.999995351
1750194863538173696.000000 0.019011486 0.001589187 0.001850184 -0.000274994 0.002994023 -0.000776675 0.999995232
1750194863891367936.000000 0.019126756 0.001460252 0.001921219 -0.000357241 0.002933663 -0.000712064 0.999995410
1750194864242111488.000000 0.019137992 0.001746205 0.002563141 -0.000307291 0.003058720 -0.000717598 0.999995053
1750194864595144448.000000 0.019552201 0.002064833 0.003297611 -0.000206850 0.002956514 -0.000658560 0.999995410
1750194864950781952.000000 0.019685470 0.001940846 0.003069398 -0.000288280 0.002955063 -0.000666154 0.999995351
1750194865300014592.000000 0.019388257 0.001504420 0.001899562 -0.000311543 0.003129409 -0.000654660 0.999994874
1750194865654678272.000000 0.019803675 0.002278472 0.003229969 -0.000172689 0.003065582 -0.000728053 0.999995053
1750194866004886016.000000 0.019844661 0.001784196 0.003230129 -0.000341488 0.003074098 -0.000699250 0.999994993
1750194866357876736.000000 0.019940950 0.001636640 0.002552985 -0.000386489 0.003056885 -0.000660911 0.999995053
1750194866711332608.000000 0.020523602 0.002204742 0.003814288 -0.000255748 0.003028212 -0.000694321 0.999995172
1750194867065952768.000000 0.020300657 0.002056490 0.003098997 -0.000198621 0.003115231 -0.000691994 0.999994874
1750194867422034176.000000 0.019971399 0.001526040 0.002578225 -0.000308387 0.003252008 -0.000823817 0.999994338
1750194867774279424.000000 0.020206796 0.001252044 0.002421984 -0.000479612 0.003292712 -0.000747408 0.999994218
1750194868127902976.000000 0.020425413 0.001597828 0.002003519 -0.000304446 0.003254256 -0.000657007 0.999994457
1750194868484870144.000000 0.020417422 0.001682206 0.002297397 -0.000385081 0.003362385 -0.000780825 0.999993980
1750194868837785088.000000 0.020529142 0.001648425 0.002608209 -0.000296577 0.003245350 -0.000601657 0.999994516
1750194869188936192.000000 0.020722620 0.002257692 0.003643870 -0.000192916 0.003388388 -0.000563792 0.999994099
1750194869550087680.000000 0.020816492 0.002080129 0.003260400 -0.000231475 0.003399536 -0.000670376 0.999993980
1750194869904939008.000000 0.021073755 0.002015264 0.002599866 -0.000262271 0.003326969 -0.000626874 0.999994218
1750194870259668224.000000 0.021310993 0.001933961 0.002872601 -0.000197967 0.003402115 -0.000575641 0.999994040
1750194870615810816.000000 0.021135975 0.002049158 0.003154154 -0.000225700 0.003404218 -0.000635740 0.999993980
1750194870969265152.000000 0.021383535 0.002058691 0.003659411 -0.000230705 0.003558856 -0.000566206 0.999993503
1750194871325412608.000000 0.021268154 0.002125097 0.003362274 -0.000196894 0.003550387 -0.000799706 0.999993384
1750194871683446272.000000 0.021813110 0.002251875 0.003954352 -0.000246749 0.003528563 -0.000504890 0.999993622
1750194872037827840.000000 0.021673543 0.001901076 0.003300196 -0.000234210 0.003593796 -0.000649774 0.999993324
1750194872392460032.000000 0.021958206 0.001892793 0.003462394 -0.000302680 0.003576359 -0.000660252 0.999993324
1750194872747903232.000000 0.021793440 0.001735481 0.002900022 -0.000320941 0.003637707 -0.000749578 0.999993086
1750194873101143040.000000 0.022016576 0.001831153 0.003435812 -0.000357958 0.003648498 -0.000594162 0.999993145
1750194873461090304.000000 0.022298273 0.001924405 0.003681066 -0.000318168 0.003548582 -0.000574655 0.999993503
1750194873820469248.000000 0.022108944 0.001749623 0.003501326 -0.000323454 0.003747635 -0.000541301 0.999992788
1750194874178428928.000000 0.022344315 0.001677697 0.003381073 -0.000370997 0.003671697 -0.000657930 0.999992967
1750194874529910016.000000 0.022361444 0.001782725 0.003098100 -0.000290174 0.003725987 -0.000661573 0.999992788
1750194874883173888.000000 0.022700096 0.001787167 0.003273121 -0.000297926 0.003721995 -0.000721656 0.999992788
1750194875238502656.000000 0.022612533 0.001624180 0.002828100 -0.000290476 0.003718705 -0.000576692 0.999992907
1750194875592417792.000000 0.022636326 0.001510090 0.002375226 -0.000382848 0.003839256 -0.000570433 0.999992430
1750194875945237248.000000 0.023275003 0.001792838 0.003050385 -0.000283651 0.003709092 -0.000523532 0.999992967
1750194876297908224.000000 0.022920020 0.001545686 0.002935989 -0.000373487 0.003813034 -0.000618098 0.999992490
1750194876654508800.000000 0.023251789 0.002246299 0.004440415 -0.000240965 0.003793105 -0.000446903 0.999992728
1750194877006008576.000000 0.023369586 0.002133148 0.004086380 -0.000275311 0.003894113 -0.000519241 0.999992251
1750194877362008064.000000 0.023613397 0.002064805 0.003724642 -0.000200619 0.003834755 -0.000278094 0.999992609
1750194877714902272.000000 0.023515785 0.001859841 0.003241931 -0.000289042 0.004000188 -0.000551747 0.999991834
1750194878068667648.000000 0.023355935 0.002183516 0.003553412 -0.000251646 0.003963901 -0.000691715 0.999991894
1750194878423328768.000000 0.023482341 0.002329701 0.004058114 -0.000190377 0.004058142 -0.000537323 0.999991655
1750194878780069632.000000 0.023196312 0.002280934 0.003395928 -0.000167953 0.004126833 -0.000533919 0.999991357
1750194879147158528.000000 0.023632649 0.001745721 0.002576844 -0.000268795 0.004081082 -0.000463618 0.999991536
1750194879503369472.000000 0.023576083 0.001844209 0.002841455 -0.000309512 0.004160464 -0.000384689 0.999991238
1750194879859270400.000000 0.023994902 0.001871638 0.002750519 -0.000256632 0.004115750 -0.000377926 0.999991417
1750194880215985920.000000 0.024140809 0.001975141 0.003387767 -0.000321957 0.004126555 -0.000393178 0.999991357
1750194880572306688.000000 0.024568522 0.001998694 0.003581377 -0.000259607 0.004074999 -0.000553077 0.999991536
1750194880922140928.000000 0.024392964 0.002024540 0.003417126 -0.000289324 0.004224482 -0.000518195 0.999990940
1750194881274953472.000000 0.024451924 0.001911523 0.003468198 -0.000294225 0.004314616 -0.000457050 0.999990582
1750194881623409664.000000 0.024447240 0.002170152 0.003661834 -0.000279376 0.004376323 -0.000436869 0.999990284
1750194881977040384.000000 0.024653349 0.001794382 0.003671270 -0.000410301 0.004340446 -0.000518167 0.999990404
1750194882333385216.000000 0.024736285 0.001996738 0.003927428 -0.000397499 0.004369825 -0.000482344 0.999990284
1750194882691800576.000000 0.025096850 0.002290648 0.003689723 -0.000311403 0.004250411 -0.000424105 0.999990821
1750194883050100224.000000 0.025288956 0.002212217 0.004652374 -0.000332061 0.004311685 -0.000345021 0.999990582
1750194883402286848.000000 0.025376702 0.001904680 0.004580167 -0.000405561 0.004389847 -0.000337474 0.999990225
1750194883754423808.000000 0.025695061 0.002194171 0.004671262 -0.000384209 0.004399610 -0.000315884 0.999990225
1750194884103302656.000000 0.025768396 0.002184020 0.004248044 -0.000394593 0.004438810 -0.000319276 0.999990046
1750194884450933760.000000 0.025883012 0.001927894 0.004107574 -0.000398849 0.004476572 -0.000328960 0.999989867
1750194884798793728.000000 0.025969557 0.002257720 0.004793418 -0.000366453 0.004490487 -0.000126876 0.999989867
1750194885147778560.000000 0.025685055 0.002035292 0.003890787 -0.000456924 0.004552683 -0.000353915 0.999989450
1750194885494523648.000000 0.026734747 0.002400513 0.004102459 -0.000349870 0.004564977 -0.000110151 0.999989510
1750194885841086464.000000 0.026077321 0.002131722 0.004844466 -0.000426952 0.004706603 -0.000460262 0.999988735
1750194886183944704.000000 0.026134692 0.002048986 0.004400664 -0.000430250 0.004789378 -0.000368801 0.999988377
1750194886528654592.000000 0.026346894 0.002233650 0.004441007 -0.000390750 0.004795444 -0.000273982 0.999988377
1750194886873662976.000000 0.026702380 0.002602184 0.004692748 -0.000365249 0.004756275 -0.000381349 0.999988556
1750194887214476288.000000 0.026509192 0.002198165 0.003989418 -0.000397445 0.004766994 -0.000310021 0.999988556
1750194887559045120.000000 0.026911534 0.002341579 0.004440767 -0.000437541 0.004713882 -0.000220190 0.999988794
1750194887905190912.000000 0.026998222 0.002318752 0.004321766 -0.000486228 0.004813303 -0.000323734 0.999988258
1750194888258955008.000000 0.026790228 0.002176755 0.003529961 -0.000454880 0.004850553 -0.000307236 0.999988079
1750194888611786752.000000 0.026984785 0.001960325 0.003813155 -0.000520563 0.004878112 -0.000334859 0.999987960
1750194888965377280.000000 0.027273966 0.002430170 0.004660401 -0.000477743 0.004922205 -0.000261145 0.999987781
1750194889312077568.000000 0.027323827 0.002519409 0.004276610 -0.000491977 0.005010737 -0.000452510 0.999987245
1750194889659026688.000000 0.027505301 0.002742231 0.005192118 -0.000461962 0.004928781 -0.000312436 0.999987721
1750194890010069504.000000 0.028099742 0.002974090 0.005527720 -0.000473716 0.004957530 -0.000168442 0.999987602
1750194890359562240.000000 0.028277097 0.002703279 0.004994421 -0.000553961 0.004932572 -0.000258677 0.999987662
1750194890708704000.000000 0.027830327 0.002515212 0.004768576 -0.000584481 0.005082678 -0.000412660 0.999986827
1750194891055485440.000000 0.027971700 0.002671394 0.005009238 -0.000656248 0.005130883 -0.000346663 0.999986589
1750194891405669888.000000 0.028094774 0.002576194 0.005254286 -0.000614155 0.005283536 -0.000356754 0.999985814
1750194891753448192.000000 0.028006917 0.002514967 0.004748212 -0.000638077 0.005265343 -0.000475821 0.999985814
1750194892099492096.000000 0.027961669 0.002218673 0.004413953 -0.000692320 0.005345179 -0.000413173 0.999985397
1750194892449549824.000000 0.028464282 0.003039489 0.005737160 -0.000561117 0.005381259 -0.000334029 0.999985337
1750194892799503616.000000 0.028526811 0.003013867 0.005674627 -0.000585904 0.005410230 -0.000340950 0.999985158
1750194893146835712.000000 0.028945168 0.003076428 0.005425797 -0.000606997 0.005444887 -0.000198842 0.999984980
1750194893490508032.000000 0.028718067 0.002650808 0.005097898 -0.000716060 0.005508586 -0.000371928 0.999984503
1750194893843049216.000000 0.028654281 0.002562365 0.004790787 -0.000688685 0.005596048 -0.000369839 0.999984086
1750194894190672896.000000 0.028455343 0.002272100 0.004745652 -0.000719397 0.005675278 -0.000440722 0.999983549
1750194894539120384.000000 0.028740762 0.002913560 0.005653922 -0.000717576 0.005686878 -0.000470308 0.999983490
1750194894885914368.000000 0.028775167 0.002608965 0.005118691 -0.000730441 0.005703673 -0.000427910 0.999983370
1750194895232792064.000000 0.029009979 0.002529149 0.004679646 -0.000728195 0.005756397 -0.000352265 0.999983132
1750194895581099008.000000 0.029466650 0.002730278 0.005401793 -0.000691822 0.005726257 -0.000280131 0.999983370
1750194895928300288.000000 0.029620381 0.002779249 0.004998226 -0.000757006 0.005682210 -0.000322132 0.999983549
1750194896276492800.000000 0.030098429 0.002890650 0.005199969 -0.000712554 0.005721511 -0.000271927 0.999983370
1750194896633409024.000000 0.030223407 0.002786337 0.004963650 -0.000732691 0.005775833 -0.000247782 0.999983013
1750194896988102144.000000 0.030628137 0.002691771 0.004983560 -0.000751239 0.005707627 -0.000031062 0.999983430
1750194897342625536.000000 0.030301478 0.002661597 0.004663054 -0.000759019 0.005755513 -0.000235398 0.999983132
1750194897698593536.000000 0.030668249 0.002914906 0.005461828 -0.000731978 0.005872548 -0.000240408 0.999982476
1750194898044843776.000000 0.030780142 0.002846200 0.005572704 -0.000841243 0.005984703 -0.000373596 0.999981701
1750194898394212096.000000 0.030880950 0.002783749 0.005726558 -0.000829518 0.006097048 -0.000454392 0.999980986
1750194898746430976.000000 0.031081097 0.002344772 0.004964964 -0.000969255 0.006022939 -0.000455551 0.999981284
1750194899091247360.000000 0.031583898 0.002778215 0.005522105 -0.000872572 0.006079650 -0.000408432 0.999981046
1750194899438668032.000000 0.031303562 0.002839137 0.005873033 -0.000848869 0.006234540 -0.000411971 0.999980152
1750194899789528576.000000 0.031532895 0.002581419 0.005042875 -0.000890553 0.006191889 -0.000390416 0.999980390
1750194900138934016.000000 0.031888455 0.002786041 0.006161592 -0.000920914 0.006313673 -0.000466443 0.999979556
1750194900486342912.000000 0.031766757 0.003072210 0.006152866 -0.000879038 0.006361333 -0.000406669 0.999979317
1750194900838517760.000000 0.032100916 0.002507791 0.005279219 -0.000906616 0.006349074 -0.000315482 0.999979436
1750194901188530176.000000 0.032704324 0.001783642 0.007021698 -0.000294154 0.006252789 0.000211476 0.999980390
1750194901446285056.000000 0.034240033 -0.001331606 0.015809096 0.002950164 0.006360332 0.002408247 0.999972522
1750194901674520832.000000 0.037827861 -0.009006843 0.031034792 0.007655572 0.008190712 0.003792932 0.999929965
1750194901893313792.000000 0.043291163 -0.013063878 0.048964731 0.011565733 0.011443716 0.003095382 0.999862850
1750194902109852928.000000 0.049839322 -0.015073556 0.068731494 0.014254796 0.014577835 0.002384732 0.999789298
1750194902334636288.000000 0.048489865 -0.014967375 0.089819267 0.014941235 0.014713345 0.002994752 0.999775648
1750194902556461056.000000 0.047034517 -0.012978607 0.109806620 0.014542770 0.013064036 -0.000216133 0.999808908
1750194902772474624.000000 0.047192529 -0.009489712 0.133763880 0.013485177 0.011200119 -0.004169201 0.999837637
1750194902984326656.000000 0.048720270 -0.005819368 0.155414015 0.011160772 0.011387491 -0.008831508 0.999833882
1750194903197516288.000000 0.053545065 -0.004445451 0.178434044 0.008360702 0.012498839 -0.013966822 0.999789357
1750194903409418240.000000 0.055733319 -0.002329726 0.203362688 0.005600458 0.013950042 -0.018742729 0.999711335
1750194903624136704.000000 0.058641233 0.000601723 0.227448702 0.002590706 0.015076295 -0.022342093 0.999633372
1750194903844984064.000000 0.061594665 0.004367032 0.252167940 0.000342699 0.015454491 -0.025967341 0.999543309
1750194904062481920.000000 0.064826995 0.003422957 0.276221871 -0.000214315 0.014453471 -0.027635008 0.999513566
1750194904282107648.000000 0.068213634 0.000555679 0.297520131 0.000743061 0.012444421 -0.026261037 0.999577403
1750194904495140352.000000 0.068144254 -0.006118746 0.313594967 -0.001643100 0.014062895 -0.030901454 0.999422133
1750194904709275648.000000 0.068104535 -0.009005915 0.333672017 -0.003086824 0.015371350 -0.031766530 0.999372363
1750194904933658880.000000 0.053821493 -0.016988477 0.331228524 -0.003935277 0.026710488 -0.029927053 0.999187410
1750194905164966656.000000 0.059867550 -0.016044470 0.351128578 0.000958433 0.036545109 -0.026386224 0.998983145
1750194905380744704.000000 0.066149771 -0.024987012 0.363948315 0.003806206 0.049190532 -0.039588571 0.997997344
1750194905605938432.000000 0.070873670 -0.028785633 0.378906369 0.007980388 0.061718598 -0.041024409 0.997218251
1750194905830811904.000000 0.078578129 -0.025889741 0.398460537 0.012048333 0.071066633 -0.030914713 0.996919632
1750194906057906944.000000 0.086111560 -0.025631739 0.419013470 0.013964328 0.073925726 -0.028054338 0.996771276
1750194906276410368.000000 0.095294826 -0.026377618 0.436846077 0.015744384 0.072534963 -0.022400957 0.996990025
1750194906495779072.000000 0.093558609 -0.035334423 0.454913229 0.015265699 0.068380691 -0.019867299 0.997344673
1750194906716396032.000000 0.085512862 -0.035968158 0.491764218 0.013869883 0.063126996 -0.025594464 0.997580886
1750194906939099648.000000 0.084502526 -0.029335495 0.520874918 0.012894042 0.060624920 -0.023182733 0.997808039
1750194907162353408.000000 0.087303266 -0.026560776 0.542895377 0.010929321 0.063456267 -0.022261888 0.997676432
1750194907388327936.000000 0.095931403 -0.029246934 0.566671252 0.009684451 0.065320857 -0.018546792 0.997644961
1750194907610685440.000000 0.107407950 -0.030689955 0.590990365 0.008445908 0.067926526 -0.017361216 0.997503519
1750194907835445504.000000 0.120241441 -0.029250572 0.626225352 0.008835083 0.072340854 -0.011901934 0.997269809
1750194908057449216.000000 0.127587348 -0.035444811 0.655952573 0.007834466 0.078296266 -0.013471632 0.996808350
1750194908280161280.000000 0.139197499 -0.038224515 0.680621326 0.006699844 0.080623113 -0.015230577 0.996605814
1750194908501714176.000000 0.148599803 -0.036768198 0.718779087 0.006275992 0.079124242 -0.015994409 0.996716738
1750194908720942336.000000 0.159053475 -0.039501023 0.733573496 0.005222051 0.073117025 -0.014342195 0.997206569
1750194908939612416.000000 0.162648961 -0.037427850 0.765475869 0.005223798 0.065263763 -0.010704867 0.997797012
1750194909160540416.000000 0.164098933 -0.046463907 0.784601808 0.003371592 0.054692127 -0.012632570 0.998417675
1750194909385727232.000000 0.172511443 -0.047682822 0.816968918 0.003544400 0.045720052 -0.011746384 0.998878956
1750194909607432704.000000 0.179040834 -0.047553536 0.841172397 0.005750413 0.038089063 -0.013207147 0.999170542
1750194909827070720.000000 0.184293881 -0.049074616 0.865043163 0.009718014 0.029717999 -0.017009143 0.999366343
1750194910041210368.000000 0.188193381 -0.049186595 0.884226680 0.016160822 0.019902872 -0.019012218 0.999490559
1750194910253477376.000000 0.191744387 -0.054744571 0.891409934 0.025079302 0.009260031 -0.019283984 0.999456584
1750194910461524736.000000 0.205488890 -0.060584582 0.939799130 0.032053798 0.005993901 -0.014847231 0.999357879
1750194910667352320.000000 0.206659332 -0.071130671 0.943461299 0.036782183 0.007589262 -0.010030402 0.999244153
1750194910869945600.000000 0.207923561 -0.072662018 0.969190896 0.040464271 0.011815249 -0.012439971 0.999033689
1750194911076704512.000000 0.223567486 -0.073766090 0.993976355 0.043032389 0.017851342 -0.017717458 0.998757064
1750194911280460288.000000 0.234646618 -0.084302455 1.024732590 0.044223495 0.026905647 -0.017202817 0.998511195
1750194911484263936.000000 0.243488222 -0.071808308 1.054035068 0.048295461 0.030352538 -0.013958056 0.998274267
1750194911694398208.000000 0.253436357 -0.072666682 1.078933835 0.048868284 0.032260038 -0.011618025 0.998216569
1750194911895880960.000000 0.255623311 -0.075877503 1.079089165 0.048765115 0.032848097 -0.008266310 0.998235762
1750194912098681856.000000 0.266369075 -0.079301618 1.104034781 0.048448969 0.031352814 -0.009639023 0.998286963
1750194912298118912.000000 0.261965603 -0.075681612 1.114473701 0.047298774 0.030444076 -0.011683112 0.998348355
1750194912500120320.000000 0.278846890 -0.081637800 1.139304280 0.044667423 0.030744897 -0.012955373 0.998444676
1750194912704238080.000000 0.270819992 -0.079240285 1.174676180 0.041609317 0.035531811 -0.014368138 0.998398602
1750194912904475648.000000 0.281003177 -0.080176674 1.191414237 0.037842505 0.036889248 -0.012183812 0.998528302
1750194913106176000.000000 0.284216046 -0.077830203 1.207475901 0.034091558 0.037353516 -0.006416532 0.998699844
1750194913310463488.000000 0.294413149 -0.076715268 1.230720162 0.030073088 0.037782125 -0.004319708 0.998824060
1750194913518846720.000000 0.295979381 -0.072626576 1.270375133 0.026983228 0.039579604 -0.005532109 0.998836756
1750194913725646080.000000 0.311721116 -0.080442786 1.277914286 0.024487220 0.037240867 -0.001123390 0.999005675
1750194913936293120.000000 0.316002160 -0.088513166 1.291981578 0.022261331 0.036344748 0.003757543 0.999084294
1750194914143169280.000000 0.318349123 -0.089160025 1.306769848 0.020243792 0.035767384 0.005283436 0.999141157
1750194914351576832.000000 0.323207319 -0.093301646 1.319257855 0.019972924 0.032420214 0.007824284 0.999244153
1750194914558583552.000000 0.332690060 -0.086504556 1.341193080 0.020855309 0.026511403 0.007961110 0.999399245
1750194914764083200.000000 0.332446367 -0.088199176 1.368153334 0.020882690 0.018091936 0.007227203 0.999592185
1750194914966438656.000000 0.341656178 -0.087929569 1.385754347 0.020787006 0.006543576 0.011020841 0.999701798
1750194915177242880.000000 0.347906470 -0.092809595 1.401563883 0.021512261 -0.006138460 0.017986471 0.999588013
1750194915384946176.000000 0.360611975 -0.097157687 1.440903306 0.023680821 -0.022524873 0.015283156 0.999348938
1750194915594967296.000000 0.366161376 -0.095905997 1.461689711 0.024809195 -0.036418293 0.008591793 0.998991728
1750194915811425792.000000 0.372649193 -0.096506342 1.480338812 0.025646022 -0.046349868 0.006699583 0.998573601
1750194916023556864.000000 0.378933817 -0.097191796 1.504387736 0.025174070 -0.050430357 0.009255991 0.998367369
1750194916236784384.000000 0.385778725 -0.094606221 1.529715657 0.023696104 -0.049377970 0.009880524 0.998450220
1750194916450070784.000000 0.393562317 -0.092214093 1.553466201 0.021606656 -0.045790538 0.012309676 0.998641551
1750194916664852480.000000 0.398683608 -0.089780800 1.581026435 0.018890083 -0.041928891 0.012869762 0.998859107
1750194916878564864.000000 0.401825517 -0.090042353 1.600945592 0.015497782 -0.040597498 0.010838335 0.998996615
1750194917095390464.000000 0.407134593 -0.087442666 1.626749635 0.012074522 -0.042152379 0.014407337 0.998934388
1750194917310284800.000000 0.412709832 -0.086575508 1.653030396 0.007989976 -0.044617891 0.016069392 0.998842955
1750194917524164352.000000 0.417095900 -0.086633869 1.677376866 0.004161641 -0.046237364 0.018188037 0.998756289
1750194917745880832.000000 0.420446277 -0.087691188 1.701546311 0.000548430 -0.048222736 0.022595020 0.998580933
1750194917964948480.000000 0.422357142 -0.088294320 1.723955750 -0.002768093 -0.049188834 0.026320968 0.998438835
1750194918185001728.000000 0.426096112 -0.087958075 1.746505260 -0.005251776 -0.052233048 0.026579091 0.998267353
1750194918409655552.000000 0.427624047 -0.088030525 1.770241380 -0.006766506 -0.055827890 0.024707111 0.998111725
1750194918635157504.000000 0.429313928 -0.087549880 1.791917801 -0.006874420 -0.060679715 0.024276599 0.997838378
1750194918861126144.000000 0.430646539 -0.087641366 1.813022256 -0.005869963 -0.066001788 0.021368012 0.997573435
1750194919086315776.000000 0.431797832 -0.088416927 1.834574461 -0.003791614 -0.071148805 0.019181950 0.997274041
1750194919308686080.000000 0.433380365 -0.090804651 1.855419040 -0.000974816 -0.074969530 0.018822569 0.997007728
1750194919527422976.000000 0.436095715 -0.091324419 1.875133395 0.001160805 -0.075821787 0.016597688 0.996982574
1750194919747361792.000000 0.438865542 -0.090758204 1.895418167 0.004045497 -0.076123893 0.013241480 0.997002304
1750194919970749440.000000 0.440524161 -0.090769500 1.915340066 0.008368832 -0.077736050 0.008399399 0.996903539
1750194920191738880.000000 0.442696631 -0.095119216 1.936212063 0.012499683 -0.079686940 0.008610751 0.996704400
1750194920409319680.000000 0.445050806 -0.099458918 1.955204964 0.015360231 -0.079163454 0.010405874 0.996689022
1750194920622199296.000000 0.447187543 -0.101849273 1.978086472 0.016914142 -0.077542454 0.012429458 0.996768057
1750194920836975616.000000 0.449909955 -0.105517283 1.998187184 0.016918978 -0.076092146 0.014777242 0.996847749
1750194921053031168.000000 0.452060759 -0.105781414 2.020753145 0.016753910 -0.075152680 0.016591107 0.996893287
1750194921268406272.000000 0.454379439 -0.104351081 2.041731596 0.016365517 -0.074932002 0.015419954 0.996935070
1750194921482437888.000000 0.455107480 -0.103866518 2.063931227 0.014801255 -0.074367121 0.016723989 0.996980846
1750194921695997184.000000 0.454516202 -0.102026835 2.087042809 0.013203870 -0.074473314 0.017844215 0.996975958
1750194921916103936.000000 0.455826879 -0.100713752 2.108558416 0.011440802 -0.074866012 0.018563414 0.996955156
1750194922131262464.000000 0.456752479 -0.099896610 2.130691767 0.009552550 -0.075555488 0.019832248 0.996898592
1750194922349326848.000000 0.457943380 -0.099555343 2.149946690 0.007236529 -0.075660713 0.020535445 0.996895850
1750194922565859328.000000 0.460525066 -0.099628985 2.172407866 0.006739978 -0.076023117 0.016602093 0.996945083
1750194922782624512.000000 0.461535215 -0.099267513 2.194458008 0.006428602 -0.076523803 0.013429613 0.996956587
1750194923000944640.000000 0.461639017 -0.098961100 2.216954231 0.006932263 -0.078584634 0.008878735 0.996843815
1750194923215617280.000000 0.461851329 -0.100784361 2.235288382 0.007803068 -0.080662191 0.008600796 0.996673822
1750194923432393472.000000 0.461591572 -0.101970285 2.256038427 0.009244581 -0.081534944 0.008143981 0.996594310
1750194923648557824.000000 0.461469322 -0.103629306 2.276526451 0.011524220 -0.082307726 0.008375213 0.996505141
1750194923871292160.000000 0.462822199 -0.106717162 2.295981646 0.014123859 -0.083705828 0.008617336 0.996353149
1750194924080415488.000000 0.463808209 -0.109528571 2.315325499 0.017469073 -0.084750511 0.008047361 0.996216595
1750194924290910720.000000 0.465588570 -0.112594739 2.334095478 0.020245748 -0.084889598 0.008532396 0.996148169
1750194924500814080.000000 0.466594309 -0.114199303 2.354434967 0.023080390 -0.083802640 0.004776920 0.996203601
1750194924709470976.000000 0.469522446 -0.116539851 2.375717402 0.024775798 -0.082468614 0.002917404 0.996281385
1750194924915906048.000000 0.470535666 -0.116188757 2.395596981 0.025717061 -0.080349758 0.002005101 0.996432960
1750194925123796224.000000 0.470793933 -0.114545457 2.415717840 0.025295002 -0.078211516 0.002158145 0.996613503
1750194925331470592.000000 0.472991616 -0.112875931 2.440224886 0.024161689 -0.078518316 0.001112994 0.996619225
1750194925540438784.000000 0.473986328 -0.109575316 2.463245869 0.022783099 -0.077945150 -0.003337210 0.996691763
1750194925752971776.000000 0.475695789 -0.107822232 2.487659454 0.019729391 -0.076756850 -0.001799694 0.996852994
1750194925969317888.000000 0.479082227 -0.105446152 2.512601376 0.015373156 -0.075346984 -0.001757708 0.997037351
1750194926191863552.000000 0.480034858 -0.102612428 2.536080360 0.011458618 -0.074394546 -0.004826918 0.997151434
1750194926407863552.000000 0.481150270 -0.099320613 2.562790155 0.007783729 -0.074131913 -0.007150385 0.997192442
1750194926624364288.000000 0.481960177 -0.094100542 2.588181973 0.004759531 -0.074044481 -0.011400948 0.997178435
1750194926846161920.000000 0.482145876 -0.089140080 2.614337206 0.002643549 -0.074087396 -0.018332535 0.997079730
1750194927066348032.000000 0.481379718 -0.087324381 2.639406204 0.001150341 -0.074940182 -0.019289622 0.997000873
1750194927289645056.000000 0.479362607 -0.088469520 2.661066771 0.000998884 -0.077104464 -0.019425865 0.996833265
1750194927513829632.000000 0.478531867 -0.089938305 2.680810213 0.001128992 -0.078776591 -0.019535502 0.996700227
1750194927734830080.000000 0.477303982 -0.090355486 2.699530125 0.002120417 -0.079747193 -0.020806385 0.996595740
1750194927957085696.000000 0.477096945 -0.092543423 2.719624519 0.004268566 -0.081371605 -0.022240873 0.996426523
1750194928182180608.000000 0.476393163 -0.096432842 2.737503290 0.006684592 -0.081619099 -0.023307819 0.996368647
1750194928403436288.000000 0.476571172 -0.098503008 2.755583048 0.009077752 -0.081557900 -0.024534835 0.996325195
1750194928628613120.000000 0.474747628 -0.100710340 2.775336266 0.011138903 -0.081463926 -0.023045067 0.996347606
1750194928846715904.000000 0.473056465 -0.103241131 2.794366360 0.013015529 -0.081173502 -0.024982169 0.996301889
1750194929057463296.000000 0.472160578 -0.104484245 2.814064503 0.014693284 -0.082020350 -0.027620014 0.996139586
1750194929268285696.000000 0.468964428 -0.106024064 2.835178375 0.016275244 -0.081936456 -0.029743437 0.996060729
1750194929481314816.000000 0.469016969 -0.107687593 2.853944540 0.016640751 -0.081181936 -0.027992066 0.996167183
1750194929695775488.000000 0.469287813 -0.109068930 2.874555349 0.016339840 -0.081001684 -0.024411872 0.996280968
1750194929908291328.000000 0.468110085 -0.108645044 2.897464037 0.015611647 -0.082689881 -0.022595206 0.996196866
1750194930120816640.000000 0.466526210 -0.108770996 2.921149492 0.013832256 -0.088514619 -0.020721415 0.995763302
1750194930334557184.000000 0.463843197 -0.107026510 2.946553469 0.011169585 -0.096169628 -0.013210894 0.995214641
1750194930547755520.000000 0.461205840 -0.105836846 2.971268415 0.007813416 -0.105618253 -0.007813992 0.994345427
1750194930764416512.000000 0.459677041 -0.103995353 2.995762825 0.003741173 -0.112963974 -0.007770089 0.993561685
1750194930982124032.000000 0.459129989 -0.099638574 3.021374464 -0.000705943 -0.115872741 -0.008226331 0.993229747
1750194931211127040.000000 0.457994044 -0.094763935 3.045977831 -0.004436052 -0.117661119 -0.012787718 0.992961645
1750194931440177408.000000 0.456663013 -0.094951019 3.066757202 -0.005599696 -0.121684909 -0.012682420 0.992471993
1750194931664000000.000000 0.454903454 -0.096276775 3.090235949 -0.003781783 -0.126227438 -0.012061313 0.991920829
1750194931888679680.000000 0.453557044 -0.098213635 3.109375000 -0.000570358 -0.131574273 -0.013046553 0.991220295
1750194932109981184.000000 0.451660097 -0.099662773 3.129466057 0.004544558 -0.136678696 -0.014276429 0.990502179
1750194932331145984.000000 0.452271909 -0.103745833 3.147437096 0.008318861 -0.139757559 -0.010300133 0.990097284
1750194932556912640.000000 0.452300280 -0.107215166 3.166620731 0.010667331 -0.139929935 -0.006388656 0.990083337
1750194932778455808.000000 0.450833023 -0.109922819 3.186065197 0.012826197 -0.142773569 -0.002691637 0.989668608
1750194932993673984.000000 0.449394047 -0.112549163 3.206302643 0.013778795 -0.147833750 -0.000789119 0.988915920
1750194933213210368.000000 0.448787779 -0.115054063 3.225241423 0.014185793 -0.149811208 0.003560921 0.988606513
1750194933428614400.000000 0.446602732 -0.115679368 3.245798349 0.014199867 -0.149627581 0.006263814 0.988620639
1750194933642446336.000000 0.444460601 -0.114734478 3.267313957 0.014207130 -0.148683593 0.004258391 0.988773644
1750194933858577664.000000 0.441630691 -0.114036396 3.288786888 0.013855484 -0.148589656 0.004063087 0.988793552
1750194934073379072.000000 0.437985986 -0.113039687 3.311181545 0.013857845 -0.148315951 0.002502729 0.988839746
1750194934289506560.000000 0.435246050 -0.110617280 3.332263470 0.013853879 -0.147677436 -0.001404274 0.988937557
1750194934511147520.000000 0.431752980 -0.108717687 3.353666306 0.013544692 -0.147111803 -0.005665066 0.989010930
1750194934734585600.000000 0.426953256 -0.110302478 3.372582912 0.011651105 -0.146581680 -0.005655803 0.989113808
1750194934954280192.000000 0.422138244 -0.110131688 3.394001245 0.010285666 -0.146758124 -0.003754308 0.989111841
1750194935170132992.000000 0.419066668 -0.110281073 3.415153265 0.008819628 -0.147138536 -0.000315653 0.989076555
1750194935391650560.000000 0.416386992 -0.112533890 3.434211254 0.009881498 -0.151677653 0.000017148 0.988380611
1750194935611280896.000000 0.411717236 -0.116551243 3.453202248 0.012191601 -0.160558760 -0.003359118 0.986945271
1750194935829117696.000000 0.406663358 -0.121210054 3.470005274 0.014349289 -0.171390876 -0.006788978 0.985075235
1750194936051229952.000000 0.400876820 -0.124048829 3.488989830 0.015775135 -0.180745780 -0.007633641 0.983373761
1750194936276136192.000000 0.396700978 -0.127282664 3.505362511 0.017032189 -0.182042599 -0.005433319 0.983128130
1750194936513530112.000000 0.391217887 -0.126903772 3.524396658 0.018628394 -0.181498751 -0.004422020 0.983204782
1750194936739104512.000000 0.385791600 -0.128175199 3.542695999 0.019784829 -0.180488601 -0.005315717 0.983363748
1750194936961759744.000000 0.381303191 -0.129623935 3.561356783 0.021057203 -0.180321485 -0.006103880 0.983363390
1750194937173166336.000000 0.375494301 -0.129744455 3.579667091 0.022524206 -0.179016098 -0.008240720 0.983553767
1750194937387699712.000000 0.370844483 -0.128345206 3.600764275 0.023764616 -0.178121403 -0.010301374 0.983667612
1750194937600414720.000000 0.366870403 -0.126802236 3.620666504 0.025108159 -0.177894652 -0.010781574 0.983670115
1750194937815903232.000000 0.363838255 -0.130654797 3.641228437 0.027731556 -0.176412135 -0.007380250 0.983897984
1750194938029089280.000000 0.363737464 -0.139741719 3.662163734 0.031409107 -0.171831116 -0.002722501 0.984621823
1750194938240130304.000000 0.365748495 -0.143531576 3.685703278 0.035652559 -0.166738912 -0.002993305 0.985351741
1750194938452063232.000000 0.366403311 -0.146831498 3.707323313 0.039525714 -0.162263170 -0.004011224 0.985947430
1750194938666864384.000000 0.366805345 -0.147631600 3.728535175 0.042960599 -0.157394052 -0.007850825 0.986569762
1750194938890795008.000000 0.365774333 -0.149903238 3.749500751 0.043636214 -0.154350579 -0.006548563 0.987030387
1750194939111706112.000000 0.363514781 -0.151862413 3.768989563 0.043280210 -0.153049275 -0.005283815 0.987256229
1750194939333402880.000000 0.361292422 -0.152676076 3.790570974 0.041493393 -0.151624709 -0.004270933 0.987557650
1750194939547107328.000000 0.359077603 -0.153179899 3.810109854 0.039329849 -0.150270790 -0.004292053 0.987852931
1750194939758234624.000000 0.357768655 -0.152436823 3.828789949 0.037844531 -0.149586290 -0.005989421 0.988005996
1750194939967862016.000000 0.353227824 -0.151856497 3.850140810 0.035522614 -0.148641720 -0.009259078 0.988209546
1750194940181774848.000000 0.347327113 -0.150524437 3.872433662 0.033418488 -0.147728831 -0.009166865 0.988420665
1750194940400478976.000000 0.344029248 -0.151445985 3.892851353 0.031043721 -0.148395240 -0.005409729 0.988425970
1750194940612814080.000000 0.341698110 -0.154649228 3.911564112 0.030009234 -0.148440272 -0.003894348 0.988458276
1750194940829652992.000000 0.340180993 -0.156740412 3.932853937 0.029243391 -0.149812356 -0.003029672 0.988277256
1750194941045964288.000000 0.338230789 -0.158208713 3.951605082 0.029567264 -0.151399121 -0.003110415 0.988025546
1750194941268851200.000000 0.334348977 -0.160346583 3.973332167 0.029487031 -0.152773112 -0.000276096 0.987821341
1750194941483859456.000000 0.331655592 -0.162279740 3.993627310 0.029808721 -0.153508022 0.000391782 0.987697661
1750194941695928576.000000 0.328821421 -0.164116085 4.012448311 0.030221095 -0.154046312 0.000922181 0.987600982
1750194941910885376.000000 0.326441407 -0.164545745 4.035284042 0.030349316 -0.153282419 0.000631770 0.987716079
1750194942123113472.000000 0.324889600 -0.164240181 4.055413723 0.030311288 -0.152313173 -0.001748675 0.987865865
1750194942338414080.000000 0.321220785 -0.163190544 4.077635765 0.029129125 -0.149721995 -0.003219145 0.988293767
1750194942554870272.000000 0.321523845 -0.163147584 4.096342564 0.027412090 -0.147385299 -0.004439930 0.988689303
1750194942771208704.000000 0.319152117 -0.159488007 4.118479252 0.025575286 -0.143894732 -0.008167315 0.989228785
1750194942996359936.000000 0.317165643 -0.158224791 4.139893532 0.022616901 -0.140755624 -0.007473935 0.989757836
1750194943215798528.000000 0.314320862 -0.159360871 4.161180973 0.020610439 -0.138664439 -0.012346515 0.990047991
1750194943438494208.000000 0.310785681 -0.158444643 4.182488918 0.020020306 -0.138207570 -0.015748788 0.990075707
1750194943662937856.000000 0.306835115 -0.160193607 4.202162266 0.019944366 -0.138288066 -0.018445035 0.990019381
1750194943884009216.000000 0.304199606 -0.161234587 4.221178055 0.020543000 -0.139688060 -0.019693991 0.989786565
1750194944104327168.000000 0.300213873 -0.162035182 4.240976810 0.021540694 -0.139652923 -0.021583201 0.989730954
1750194944325649408.000000 0.296378195 -0.163256183 4.260590553 0.022089755 -0.140069619 -0.019994259 0.989693284
1750194944546863616.000000 0.293489873 -0.164516449 4.280051231 0.021940019 -0.140405610 -0.017118923 0.989702880
1750194944770183424.000000 0.290208042 -0.164793462 4.301072598 0.022871299 -0.141243026 -0.017169200 0.989561796
1750194944998460928.000000 0.289005578 -0.167199716 4.320116043 0.022822263 -0.142636746 -0.014619249 0.989403963
1750194945222898176.000000 0.287243277 -0.167511150 4.339975834 0.022239679 -0.142298222 -0.014705805 0.989464700
1750194945441101568.000000 0.287060440 -0.169019610 4.360533714 0.021155896 -0.142020941 -0.014522369 0.989531040
1750194945661388800.000000 0.283820778 -0.170788750 4.381331921 0.019464128 -0.141088873 -0.012282879 0.989729404
1750194945878759168.000000 0.282232404 -0.170734838 4.402439117 0.017616183 -0.140447348 -0.010309507 0.989877760
1750194946100509184.000000 0.281532764 -0.172384441 4.423226357 0.016618697 -0.141253829 -0.009061769 0.989792466
1750194946321052672.000000 0.279571593 -0.174076661 4.443133831 0.016229337 -0.142396629 -0.007928213 0.989644885
1750194946541904640.000000 0.276590198 -0.175663859 4.463024139 0.016793208 -0.143894121 -0.007318939 0.989423513
1750194946759999744.000000 0.274679393 -0.175858319 4.482956886 0.018125437 -0.145663708 -0.007422902 0.989140272
1750194946986036736.000000 0.271442086 -0.177546650 4.502162457 0.019209219 -0.146031231 -0.006833149 0.989069939
1750194947210378752.000000 0.270193279 -0.177841738 4.523884296 0.020896422 -0.146964356 -0.005577487 0.988905311
1750194947429974016.000000 0.268467903 -0.179173470 4.544187069 0.022450790 -0.146222159 -0.006310521 0.988976896
1750194947652912896.000000 0.269024283 -0.178379595 4.567014217 0.023679260 -0.145255595 -0.008025081 0.989078224
1750194947871853824.000000 0.267962217 -0.178529680 4.587183475 0.023799136 -0.142288804 -0.011927422 0.989467204
1750194948087775232.000000 0.268267572 -0.176520795 4.609391689 0.022886215 -0.138444126 -0.014344037 0.990001917
1750194948307285504.000000 0.268757224 -0.176694900 4.632435322 0.021256672 -0.135662854 -0.014631388 0.990418971
1750194948523012352.000000 0.268986911 -0.175071821 4.655573368 0.019291617 -0.133631006 -0.012360156 0.990766287
1750194948742580992.000000 0.272040635 -0.175611734 4.678259373 0.016074231 -0.127630666 -0.012137312 0.991617262
1750194948963443712.000000 0.276207864 -0.174121276 4.702626228 0.013567028 -0.120350450 -0.010840618 0.992579579
1750194949187873792.000000 0.279284656 -0.173578396 4.726988792 0.011162299 -0.116910189 -0.013062055 0.992993832
1750194949416879360.000000 0.280244708 -0.172732934 4.750071049 0.008782763 -0.115696557 -0.014372584 0.993141770
1750194949643959552.000000 0.280090779 -0.171648443 4.773396969 0.006443379 -0.115620255 -0.013681292 0.993178368
1750194949873209088.000000 0.279312223 -0.170639053 4.795619488 0.003895360 -0.114567801 -0.013997961 0.993309200
1750194950098135296.000000 0.277800888 -0.169615284 4.818077087 0.002277242 -0.115027137 -0.013826258 0.993263543
1750194950321599744.000000 0.277609587 -0.169956401 4.839862347 0.000628661 -0.115787812 -0.013510273 0.993181884
1750194950544867328.000000 0.277447671 -0.169265017 4.861429691 -0.000121199 -0.117235266 -0.014746575 0.992994666
1750194950774382336.000000 0.276220262 -0.168842405 4.882384300 -0.000008748 -0.118524730 -0.014814789 0.992840588
1750194951002457088.000000 0.275178492 -0.170379400 4.903553963 0.001095647 -0.120013297 -0.014040611 0.992672384
1750194951226972672.000000 0.274544984 -0.172594741 4.923463345 0.002305631 -0.121404305 -0.011107094 0.992538333
1750194951450077952.000000 0.276377767 -0.173670903 4.945191860 0.003050430 -0.121700928 -0.007464658 0.992534101
1750194951673125632.000000 0.277973026 -0.175306290 4.966607094 0.003677248 -0.121026583 -0.005801139 0.992625535
1750194951901933312.000000 0.281433672 -0.177733287 4.989256382 0.004995700 -0.119490691 -0.006034500 0.992804408
1750194952129884928.000000 0.286152631 -0.180275738 5.011979580 0.005384163 -0.114645608 -0.007277238 0.993365228
1750194952354808320.000000 0.290146828 -0.178615004 5.035346508 0.005345728 -0.109855518 -0.008418705 0.993897557
1750194952581869824.000000 0.292092919 -0.177825868 5.059630394 0.004703640 -0.107176587 -0.008873770 0.994189322
1750194952827790848.000000 0.294479609 -0.179301053 5.082983494 0.004724269 -0.103091814 -0.010114297 0.994609177
1750194953051975168.000000 0.299825728 -0.183165252 5.107099056 0.005296635 -0.097410008 -0.009787973 0.995182157
1750194953275667712.000000 0.305995256 -0.186925590 5.130980492 0.006812424 -0.090300739 -0.008443072 0.995855451
1750194953500715520.000000 0.313067853 -0.189632773 5.154202461 0.008482455 -0.084848188 -0.006153183 0.996338785
1750194953724775936.000000 0.315322995 -0.193701610 5.177518368 0.011201639 -0.082933426 -0.001606407 0.996490836
1750194953952538112.000000 0.318639696 -0.192084789 5.200962543 0.015386542 -0.082759023 -0.006753152 0.996427953
1750194954181076224.000000 0.316902936 -0.194230199 5.217587471 0.020307653 -0.086052351 -0.005877560 0.996066272
1750194954403357696.000000 0.316842407 -0.199610159 5.241777897 0.026375737 -0.082641385 -0.006020942 0.996212065
1750194954620782848.000000 0.319656640 -0.202574685 5.271413326 0.033059809 -0.073627181 -0.013001441 0.996652901
1750194954841299712.000000 0.322599888 -0.203581095 5.293435574 0.035904687 -0.068246827 -0.016700128 0.996882319
1750194955057142272.000000 0.327112168 -0.203862265 5.315070629 0.036625031 -0.064939424 -0.015987990 0.997088730
1750194955273467136.000000 0.328700751 -0.201849878 5.339330196 0.036534730 -0.060348641 -0.015256548 0.997391880
1750194955489392384.000000 0.333748609 -0.203608096 5.361208916 0.036121815 -0.055034328 -0.017507246 0.997677267
1750194955705970688.000000 0.342227876 -0.207911044 5.383768559 0.036978543 -0.047103059 -0.014650824 0.998097837
1750194955926979840.000000 0.351156652 -0.211028159 5.404740334 0.038420673 -0.040893734 -0.012481526 0.998346567
1750194956142936832.000000 0.356818348 -0.215574622 5.423184872 0.040457923 -0.040104192 -0.013685022 0.998282313
1750194956358998272.000000 0.359499633 -0.217133030 5.443967819 0.042261828 -0.039964356 -0.015671050 0.998183966
1750194956583240960.000000 0.362374544 -0.218785316 5.463179588 0.043611716 -0.039594308 -0.013581545 0.998171270
1750194956806399488.000000 0.364083320 -0.222585976 5.483348846 0.043873031 -0.038984347 -0.011264429 0.998212695
1750194957023175680.000000 0.366642982 -0.225583166 5.502644539 0.043650012 -0.038577694 -0.011161777 0.998239398
1750194957238371072.000000 0.368584454 -0.227258220 5.522937775 0.043284081 -0.037939619 -0.009068362 0.998301029
1750194957453448448.000000 0.371163517 -0.229991391 5.543331623 0.042769294 -0.038140871 -0.007628313 0.998327553
1750194957671140352.000000 0.374949664 -0.230856284 5.564779282 0.042158175 -0.037685454 -0.007914743 0.998368621
1750194957889090816.000000 0.379351974 -0.236838639 5.584595680 0.040040579 -0.043721166 0.003657020 0.998234391
1750194958104994304.000000 0.385146290 -0.237277389 5.601950645 0.038220778 -0.048817299 0.003281905 0.998070836
1750194958316626688.000000 0.391877979 -0.234891057 5.618744850 0.037601925 -0.053968616 -0.006617478 0.997812510
1750194958536569600.000000 0.396264136 -0.234126851 5.632723331 0.039975926 -0.060623892 -0.014196799 0.997258782
1750194958768153088.000000 0.396928012 -0.237850681 5.651174545 0.042345881 -0.066175677 -0.017319262 0.996758580
1750194958993600512.000000 0.397400856 -0.239881709 5.668044090 0.045602996 -0.068887085 -0.018684531 0.996406496
1750194959219867136.000000 0.398240417 -0.242517680 5.684204578 0.048781436 -0.069444247 -0.022209106 0.996144891
1750194959446470144.000000 0.397972405 -0.245147422 5.703450680 0.051190391 -0.068026081 -0.023904154 0.996082664
1750194959670218496.000000 0.398591369 -0.245948210 5.722514629 0.053411320 -0.066063531 -0.027149325 0.996014953
1750194959892630528.000000 0.398431033 -0.247440755 5.742787361 0.054826457 -0.064414755 -0.028709011 0.996002376
1750194960115168512.000000 0.397706926 -0.250016481 5.763582230 0.054805093 -0.063097090 -0.030213982 0.996043384
1750194960330355968.000000 0.397429228 -0.250670075 5.783100605 0.054713216 -0.062197186 -0.031875830 0.996053219
1750194960540536320.000000 0.396165133 -0.250364155 5.803053379 0.053821832 -0.061693892 -0.033533640 0.996078670
1750194960757107712.000000 0.395579457 -0.247740418 5.825331688 0.052459434 -0.062820531 -0.033957824 0.996066511
1750194960977076480.000000 0.393688351 -0.249081969 5.845292568 0.048385900 -0.063962661 -0.029971695 0.996327937
1750194961187845888.000000 0.393899977 -0.249677271 5.866728783 0.043387149 -0.064484179 -0.026030399 0.996635258
1750194961402731264.000000 0.394731075 -0.250325441 5.887639999 0.039201651 -0.065948658 -0.026891686 0.996689975
1750194961621517568.000000 0.392845094 -0.248404011 5.910973549 0.035316933 -0.067468420 -0.029165760 0.996669531
1750194961845963264.000000 0.390581399 -0.248467430 5.932770252 0.032095149 -0.069528751 -0.029229671 0.996635020
1750194962066747904.000000 0.388919979 -0.248824120 5.954652786 0.029772703 -0.071419157 -0.027990106 0.996609032
1750194962287644928.000000 0.387608677 -0.249726757 5.975789070 0.028429769 -0.072861597 -0.027170725 0.996566534
1750194962515381248.000000 0.387242705 -0.251379251 5.997134686 0.028158868 -0.075329840 -0.026898516 0.996397972
1750194962746547200.000000 0.386790067 -0.252415746 6.017525196 0.029465573 -0.077291146 -0.026756680 0.996213853
1750194962978059264.000000 0.386912495 -0.254749119 6.038610935 0.031375684 -0.078003481 -0.028327556 0.996056497
1750194963210909440.000000 0.386293501 -0.256428003 6.057146549 0.033858642 -0.077375874 -0.031861752 0.995917380
1750194963445362432.000000 0.385204017 -0.257551789 6.074199677 0.036737654 -0.077497676 -0.037468616 0.995610654
1750194963678285568.000000 0.382529497 -0.259787440 6.094918251 0.039187893 -0.077619083 -0.036530372 0.995542645
1750194963910493184.000000 0.381838351 -0.263801396 6.113430977 0.041581463 -0.077641487 -0.035798039 0.995470405
1750194964143553792.000000 0.381111592 -0.267370284 6.131362438 0.044133246 -0.077555157 -0.039040484 0.995245397
1750194964371635712.000000 0.379718214 -0.271976620 6.149466515 0.046093859 -0.077735662 -0.041692350 0.995034814
1750194964599092992.000000 0.378552437 -0.273810893 6.169890404 0.048180036 -0.077442870 -0.043005839 0.994902909
1750194964825958656.000000 0.376597881 -0.275260538 6.188460350 0.049231671 -0.076678284 -0.043850362 0.994873762
1750194965044463104.000000 0.375109315 -0.275938511 6.208202839 0.049403261 -0.076565534 -0.045100044 0.994818151
1750194965263589120.000000 0.373080164 -0.276993901 6.228136539 0.048332915 -0.076506600 -0.045694377 0.994848132
1750194965483101440.000000 0.373108298 -0.276400864 6.249210358 0.045922846 -0.076470926 -0.046261013 0.994938791
1750194965699907072.000000 0.373060763 -0.275397271 6.270705700 0.042852145 -0.076574631 -0.045178182 0.995117605
1750194965918880000.000000 0.372461587 -0.273168564 6.292488098 0.039018475 -0.076892503 -0.046237599 0.995202065
1750194966136059392.000000 0.370635837 -0.270223916 6.316050053 0.034748878 -0.076370314 -0.045029797 0.995455921
1750194966357974528.000000 0.370149583 -0.270804018 6.340372086 0.031419747 -0.076600291 -0.042728711 0.995650351
1750194966580763904.000000 0.369639039 -0.271158159 6.361112118 0.028301064 -0.076712854 -0.039301839 0.995876312
1750194966807628288.000000 0.369171381 -0.271247238 6.384308338 0.027089601 -0.077827662 -0.035966471 0.995949566
1750194967039957504.000000 0.368183434 -0.272446543 6.405636311 0.027624972 -0.080393232 -0.035217695 0.995757759
1750194967268912640.000000 0.367302567 -0.275247812 6.427495480 0.028568072 -0.082475960 -0.034622971 0.995581686
1750194967497864960.000000 0.367867112 -0.277576983 6.448670387 0.029539086 -0.082930885 -0.032931179 0.995572925
1750194967736250624.000000 0.367627949 -0.281480938 6.467930317 0.029840324 -0.081202529 -0.035889331 0.995604217
1750194967979954432.000000 0.367630720 -0.283399850 6.486851692 0.030896058 -0.078904390 -0.038985573 0.995640337
1750194968219843072.000000 0.366494119 -0.286054224 6.505569935 0.032189902 -0.078501575 -0.039468247 0.995612144
1750194968468781312.000000 0.364150912 -0.287825942 6.524388313 0.033686444 -0.077430129 -0.042389080 0.995526493
1750194968710707712.000000 0.362982333 -0.288639545 6.544195652 0.035308339 -0.075060628 -0.049194533 0.995338738
1750194968948318976.000000 0.362664640 -0.291097224 6.562714577 0.036408912 -0.072227083 -0.052351210 0.995347679
1750194969181823488.000000 0.361063212 -0.294865727 6.580342293 0.037611969 -0.071452335 -0.051871795 0.995383978
1750194969415964928.000000 0.359360188 -0.297888130 6.599407673 0.039106425 -0.071425371 -0.050514888 0.995398104
1750194969647316992.000000 0.358696371 -0.300491333 6.618587017 0.040502399 -0.071466230 -0.047321450 0.995496273
1750194969875045376.000000 0.358193040 -0.302364707 6.639248848 0.042315565 -0.070506506 -0.046326458 0.995536089
1750194970101970432.000000 0.357824534 -0.306550354 6.659715652 0.044534046 -0.070054732 -0.047148615 0.995432615
1750194970336582656.000000 0.356231838 -0.308573395 6.678664684 0.046648785 -0.069745496 -0.048968688 0.995269597
1750194970566835200.000000 0.353554815 -0.312047213 6.696080685 0.048575256 -0.069778860 -0.050559070 0.995095551
1750194970795661312.000000 0.350447118 -0.315204531 6.714865685 0.049403682 -0.070468433 -0.049419165 0.995063484
1750194971017134080.000000 0.349839687 -0.316575259 6.735145569 0.049757574 -0.070960276 -0.046069004 0.995171607
1750194971237910272.000000 0.349135369 -0.317953706 6.755237103 0.049806431 -0.071089782 -0.042598434 0.995314538
1750194971455592448.000000 0.349390864 -0.318538964 6.775458336 0.049451068 -0.071387410 -0.040224370 0.995409667
1750194971677179648.000000 0.349179327 -0.318006456 6.795695305 0.048650172 -0.072367549 -0.039393723 0.995411634
1750194971899090176.000000 0.348167777 -0.319156349 6.816590309 0.047920693 -0.074466057 -0.034723241 0.995466113
1750194972118663424.000000 0.347153246 -0.321218163 6.835863113 0.047860410 -0.076155044 -0.030849049 0.995468855
1750194972343485952.000000 0.347598135 -0.328267068 6.856349468 0.047470242 -0.077125035 -0.024292016 0.995594442
1750194972561197568.000000 0.349660456 -0.331747442 6.878874302 0.047247894 -0.076051064 -0.018413216 0.995813668
1750194972779216896.000000 0.351283461 -0.331809133 6.900635242 0.047183424 -0.076621540 -0.011833908 0.995872915
1750194973003925504.000000 0.352434695 -0.334127903 6.921883583 0.047356728 -0.077521995 -0.011939450 0.995793760
1750194973235054336.000000 0.353485525 -0.336576313 6.940655708 0.046915203 -0.078133866 -0.013710068 0.995743990
1750194973466146560.000000 0.352071434 -0.337331951 6.960494995 0.047374971 -0.077413730 -0.016882272 0.995729804
1750194973694990848.000000 0.350775242 -0.341110975 6.978069305 0.047143009 -0.076974213 -0.019102301 0.995734751
1750194973925897728.000000 0.348512352 -0.344234824 6.994880199 0.046860307 -0.076676138 -0.021223204 0.995728135
1750194974158779392.000000 0.347436726 -0.344097704 7.015206337 0.047092188 -0.076242678 -0.022236450 0.995728374
1750194974390774784.000000 0.346321940 -0.345044494 7.035145760 0.046648178 -0.075203158 -0.025134752 0.995759368
1750194974622621696.000000 0.346091300 -0.347337365 7.054411888 0.046531245 -0.074799195 -0.026056938 0.995771587
1750194974856865536.000000 0.346273184 -0.349923968 7.074715614 0.045835510 -0.074355282 -0.025262835 0.995857537
1750194975083782400.000000 0.346504033 -0.351659775 7.094145775 0.044271167 -0.073272124 -0.025028767 0.996014535
1750194975304284672.000000 0.347100705 -0.352121741 7.114043236 0.043199688 -0.072734565 -0.022848865 0.996153295
1750194975521795584.000000 0.350216776 -0.362299204 7.132800579 0.044942748 -0.073795661 -0.013023999 0.996175110
1750194975737551104.000000 0.352237552 -0.371425360 7.151238918 0.048803985 -0.075715356 -0.006830778 0.995911002
1750194975949588736.000000 0.355031013 -0.379828691 7.170342922 0.053191837 -0.078843705 -0.001334338 0.995465994
1750194976163255808.000000 0.357230395 -0.387478888 7.185916424 0.057851914 -0.079701558 0.002799763 0.995134652
1750194976377993728.000000 0.358541995 -0.393050760 7.204540730 0.062149394 -0.079249501 0.003799752 0.994908333
1750194976594375168.000000 0.360072970 -0.397523046 7.224333763 0.066636667 -0.078817017 0.001682713 0.994658053
1750194976808906240.000000 0.357638627 -0.399975181 7.243637085 0.070597269 -0.077496745 -0.002245926 0.994487405
1750194977024311040.000000 0.355745435 -0.400810689 7.262327671 0.073560990 -0.076244973 -0.005643182 0.994355917
1750194977229964032.000000 0.352890283 -0.399438679 7.282789707 0.074787855 -0.075146355 -0.007998684 0.994331837
1750194977433340672.000000 0.350198090 -0.397810280 7.303462029 0.073811173 -0.074530475 -0.008440972 0.994447529
1750194977634866688.000000 0.350240290 -0.397989392 7.325039864 0.069936201 -0.075010404 -0.004164820 0.994718552
1750194977844561408.000000 0.351109833 -0.394699126 7.346531868 0.064576879 -0.074623726 -0.002391328 0.995115817
1750194978053422848.000000 0.353502423 -0.388269067 7.370455265 0.057709292 -0.072495274 -0.000643483 0.995697558
1750194978268248320.000000 0.355677605 -0.385321915 7.395584106 0.050910264 -0.070269994 -0.004128607 0.996219456
1750194978483999232.000000 0.356940478 -0.383845508 7.420121193 0.045831788 -0.070375428 -0.007553653 0.996438503
1750194978703222016.000000 0.356509507 -0.384370774 7.442172050 0.042162295 -0.072043754 -0.009193977 0.996467531
1750194978923396608.000000 0.355865002 -0.386000693 7.464458942 0.039065395 -0.073770568 -0.009208224 0.996467292
1750194979143459072.000000 0.354858369 -0.385570884 7.486656189 0.038001049 -0.074271917 -0.012419134 0.996436357
1750194979364225792.000000 0.354385316 -0.386584848 7.506249428 0.037801843 -0.074860953 -0.015681032 0.996353865
1750194979587660032.000000 0.353470951 -0.387487888 7.525337219 0.039051142 -0.076376058 -0.019023724 0.996132433
1750194979815396864.000000 0.353143513 -0.387777478 7.545787811 0.040618800 -0.076180287 -0.022009015 0.996023297
1750194980043646720.000000 0.353244454 -0.391545594 7.563920498 0.042219047 -0.076864921 -0.024154820 0.995854378
1750194980266693376.000000 0.349198312 -0.403263032 7.577410221 0.044087719 -0.082033195 -0.020142570 0.995450258
1750194980486125824.000000 0.348608911 -0.416347653 7.586828232 0.046339173 -0.091225185 -0.015367097 0.994632840
1750194980712244992.000000 0.347527057 -0.415663600 7.598993301 0.050557710 -0.101630688 -0.018586939 0.993362844
1750194980932662528.000000 0.342919886 -0.406823218 7.610425472 0.054633010 -0.115006097 -0.025130982 0.991542935
1750194981155826688.000000 0.333349675 -0.405976176 7.616151333 0.057526540 -0.129652470 -0.025947463 0.989549279
1750194981378731776.000000 0.323870182 -0.412308633 7.626206398 0.058019202 -0.140068486 -0.021072272 0.988215864
1750194981607548928.000000 0.317187190 -0.415883899 7.637724876 0.057326157 -0.149258912 -0.018132398 0.986968517
1750194981826429184.000000 0.310163915 -0.416186631 7.653853416 0.055710386 -0.156214595 -0.018036963 0.985985816
1750194982049618176.000000 0.305117011 -0.413406312 7.669558525 0.052877091 -0.159854010 -0.018477798 0.985550284
1750194982278061312.000000 0.301596403 -0.410388738 7.689810276 0.048700541 -0.161178604 -0.020156834 0.985516906
1750194982503548416.000000 0.297498256 -0.407911360 7.710077286 0.044420671 -0.160997793 -0.023889126 0.985665202
1750194982734202112.000000 0.293625474 -0.405991793 7.731199741 0.040476628 -0.161482528 -0.025183033 0.985723495
1750194982954415360.000000 0.289809287 -0.407832056 7.750367641 0.038127247 -0.163320810 -0.023626979 0.985552847
1750194983175302400.000000 0.288173199 -0.412133783 7.768961906 0.036708731 -0.162343726 -0.019608278 0.985856235
1750194983400202496.000000 0.290957540 -0.418921769 7.789711952 0.036740180 -0.158367261 -0.015199624 0.986579418
1750194983626354688.000000 0.297726154 -0.422939897 7.809438705 0.037834108 -0.152399793 -0.015117157 0.987478852
1750194983853221632.000000 0.305162817 -0.423974454 7.831232548 0.039600253 -0.144386590 -0.014452611 0.988623023
1750194984082496512.000000 0.314247608 -0.427836508 7.850913048 0.042454690 -0.135429442 -0.012169720 0.989802182
1750194984308444416.000000 0.326357126 -0.432086378 7.869709492 0.044996589 -0.123436406 -0.010682571 0.991274297
1750194984527500032.000000 0.338824987 -0.433982372 7.889869213 0.047217268 -0.108745642 -0.011255518 0.992883801
1750194984741520896.000000 0.352698803 -0.438051105 7.909026146 0.049707882 -0.092659555 -0.008370369 0.994421065
1750194984958405376.000000 0.369867235 -0.440363586 7.930630207 0.051690437 -0.076905370 -0.007180426 0.995671690
1750194985185715712.000000 0.381145537 -0.442759842 7.950202942 0.054179095 -0.064953052 -0.006786978 0.996393383
1750194985400289280.000000 0.389685035 -0.446059108 7.971508503 0.056663163 -0.056371596 -0.010740538 0.996742845
1750194985616990976.000000 0.397493392 -0.447280228 7.994097233 0.057581834 -0.047278479 -0.016938427 0.997076869
1750194985829661696.000000 0.405597240 -0.450501770 8.015571594 0.057067588 -0.039799925 -0.021736115 0.997339845
1750194986043735040.000000 0.416155010 -0.452081263 8.034143448 0.055096839 -0.025526484 -0.028878363 0.997736871
1750194986260156416.000000 0.430982232 -0.448956132 8.052815437 0.052258261 -0.011826934 -0.025679726 0.998233318
1750194986476927744.000000 0.443900943 -0.446955293 8.074614525 0.049029876 -0.004336304 -0.029938309 0.998339117
1750194986690788864.000000 0.456395626 -0.450404465 8.093188286 0.048419461 -0.004746723 -0.025053548 0.998501539
1750194986906366976.000000 0.461108774 -0.455008000 8.107320786 0.049087927 -0.006951809 -0.022996031 0.998505533
1750194987125385472.000000 0.460083872 -0.455377191 8.132761002 0.051631298 -0.007423509 -0.019412080 0.998449922
1750194987344147200.000000 0.462048292 -0.456106454 8.155770302 0.054717809 -0.008174226 -0.019630346 0.998275399
1750194987559756800.000000 0.466949493 -0.460123032 8.176864624 0.058110945 -0.006174610 -0.022606887 0.998035014
1750194987773601792.000000 0.477235675 -0.465228617 8.196218491 0.060807656 -0.000533844 -0.021760806 0.997912109
1750194987985687040.000000 0.490320295 -0.469901711 8.213075638 0.061819445 0.008380041 -0.022372443 0.997801483
1750194988193907712.000000 0.505918145 -0.470426470 8.236694336 0.062150635 0.021006826 -0.022429001 0.997593582
1750194988403042048.000000 0.524825573 -0.471637785 8.257316589 0.060528975 0.037221689 -0.022659011 0.997214794
1750194988618448896.000000 0.545051694 -0.471337199 8.275196075 0.057558253 0.051930990 -0.020993695 0.996769547
1750194988832884224.000000 0.562198281 -0.474143386 8.291882515 0.054044709 0.061907779 -0.022942094 0.996353567
1750194989048414720.000000 0.572960973 -0.474900663 8.311657906 0.051828854 0.066916227 -0.023105828 0.996143639
1750194989263972096.000000 0.581063390 -0.474773288 8.332626343 0.049516078 0.069041826 -0.023313284 0.996111453
1750194989483655680.000000 0.588034153 -0.475426525 8.353589058 0.046806373 0.070768021 -0.026875328 0.996031582
1750194989705924352.000000 0.596204698 -0.477763742 8.374473572 0.044697072 0.074497908 -0.028760726 0.995803773
1750194989928258816.000000 0.605712950 -0.484929889 8.392910004 0.044409446 0.080955513 -0.025067877 0.995412290
1750194990147411200.000000 0.618151426 -0.488749892 8.411423683 0.044434965 0.086965814 -0.022259070 0.994970918
1750194990371572992.000000 0.625502408 -0.491022885 8.431696892 0.045318101 0.089197807 -0.021397833 0.994752288
1750194990593999872.000000 0.630417645 -0.492895722 8.450840950 0.045931313 0.090833008 -0.025429960 0.994481266
1750194990816178432.000000 0.636142850 -0.494713068 8.470564842 0.047721732 0.094767436 -0.031130388 0.993867576
1750194991035350016.000000 0.647169769 -0.500232935 8.489754677 0.051076494 0.102571085 -0.029172329 0.992985070
1750194991252986880.000000 0.661490262 -0.506896973 8.508998871 0.053891089 0.114156082 -0.028974179 0.991576910
1750194991469123584.000000 0.679402232 -0.510644913 8.527319908 0.055164639 0.128772333 -0.030975388 0.989654005
1750194991683861248.000000 0.699166417 -0.511372149 8.548995972 0.055050518 0.145312428 -0.035060119 0.987230718
1750194991899131904.000000 0.716657817 -0.513143718 8.565922737 0.055028394 0.161831915 -0.036815703 0.984594822
1750194992110660096.000000 0.735699058 -0.514958620 8.587153435 0.054634608 0.177832544 -0.039705202 0.981740415
1750194992325704960.000000 0.751873314 -0.515144825 8.603958130 0.053787250 0.193810806 -0.043914579 0.978578508
1750194992540724224.000000 0.768489599 -0.519404233 8.622149467 0.054095201 0.209825799 -0.043041021 0.975291967
1750194992753555200.000000 0.783055604 -0.525562882 8.637291908 0.054756459 0.225401312 -0.041164871 0.971854687
1750194992968746752.000000 0.800844193 -0.526418686 8.662549019 0.056290872 0.236755118 -0.038347598 0.969178975
1750194993182421504.000000 0.812125325 -0.530682325 8.677416801 0.058122218 0.239908040 -0.038079917 0.968305707
1750194993397350912.000000 0.818993747 -0.535311997 8.693776131 0.060887553 0.239921004 -0.038551513 0.968113899
1750194993615426816.000000 0.830160797 -0.541198611 8.710527420 0.064921722 0.240404859 -0.036194999 0.967822611
1750194993827200512.000000 0.842534661 -0.550686479 8.728453636 0.069618836 0.243892163 -0.032414388 0.966757059
1750194994030667008.000000 0.858886957 -0.558032513 8.745375633 0.074190095 0.249763548 -0.031163443 0.964957476
1750194994236403968.000000 0.875550747 -0.560605288 8.762086868 0.078352153 0.254302740 -0.029103499 0.963506162
1750194994443259648.000000 0.887678146 -0.566114902 8.774862289 0.081317440 0.254172534 -0.025899563 0.963386238
1750194994645544192.000000 0.900390208 -0.568399072 8.789846420 0.081711508 0.255445898 -0.025437076 0.963028371
1750194994851180288.000000 0.917879939 -0.569930434 8.805372238 0.080412231 0.260859460 -0.025550213 0.961682618
1750194995049757696.000000 0.935097694 -0.572444916 8.820053101 0.077666424 0.271213740 -0.026490362 0.959014833
1750194995251391744.000000 0.963653624 -0.569135547 8.837805748 0.074559934 0.285180360 -0.027560487 0.955171943
1750194995455491584.000000 0.991418362 -0.566907287 8.854283333 0.068977430 0.302466452 -0.031557605 0.950137019
1750194995663279104.000000 1.018079400 -0.564889312 8.871541023 0.063310154 0.317062408 -0.033521686 0.945695281
1750194995871574784.000000 1.039975166 -0.565561414 8.886234283 0.060282577 0.325177163 -0.029615698 0.943264961
1750194996085732096.000000 1.061665177 -0.567481220 8.904800415 0.056599956 0.333018661 -0.031786900 0.940683126
1750194996295243520.000000 1.082774520 -0.572451890 8.921856880 0.054366007 0.343181849 -0.032553591 0.937129080
1750194996505616384.000000 1.103336811 -0.576629519 8.936964035 0.052970786 0.351562738 -0.030602576 0.934163451
1750194996710803968.000000 1.123140335 -0.580030978 8.952937126 0.051091932 0.355991364 -0.027515747 0.932685792
1750194996921940480.000000 1.139852524 -0.581925511 8.968224525 0.047906112 0.358725041 -0.026568322 0.931834519
1750194997126961408.000000 1.157063961 -0.583856583 8.982942581 0.044918496 0.359029979 -0.024871172 0.931912720
1750194997333394176.000000 1.173761010 -0.585303664 9.000242233 0.042787001 0.358891100 -0.023379080 0.932105124
1750194997538820864.000000 1.190869212 -0.587015986 9.016331673 0.041294560 0.357953399 -0.022453103 0.932555676
1750194997743829248.000000 1.205877781 -0.588952839 9.033271790 0.038667023 0.358224034 -0.025699643 0.932480574
1750194997946892800.000000 1.222450972 -0.590297461 9.049684525 0.035851203 0.359433293 -0.027745970 0.932069063
1750194998152606208.000000 1.241620302 -0.592877388 9.066030502 0.035405569 0.362598926 -0.026927711 0.930883169
1750194998361132288.000000 1.263734221 -0.598951221 9.082202911 0.037261248 0.368369281 -0.025210971 0.928590357
1750194998566752768.000000 1.286913395 -0.604874015 9.096659660 0.039819647 0.376832694 -0.023631265 0.925123274
1750194998772183808.000000 1.314157605 -0.606333017 9.111134529 0.041135348 0.386393279 -0.025065733 0.921075344
1750194998978006016.000000 1.338869810 -0.608838201 9.125787735 0.043425016 0.392533779 -0.023442280 0.918412745
1750194999182616832.000000 1.362290621 -0.611898065 9.138440132 0.045570280 0.395992756 -0.020179467 0.916900218
1750194999386651648.000000 1.383831620 -0.611562610 9.150918007 0.045095954 0.400155067 -0.019421062 0.915131211
1750194999586310656.000000 1.409685135 -0.612291098 9.162725449 0.043676902 0.404159606 -0.018023621 0.913467288
1750194999784644096.000000 1.435553432 -0.610813022 9.175096512 0.040118955 0.408959240 -0.018162094 0.911489427
1750194999990410240.000000 1.460261941 -0.607781291 9.188199043 0.036324337 0.415059626 -0.016241422 0.908923686
1750195000195332608.000000 1.486271381 -0.606461942 9.199995041 0.035149470 0.419598073 -0.007420301 0.906998873
1750195000405806336.000000 1.514573574 -0.606849492 9.210199356 0.032055505 0.423940778 -0.002169029 0.905119956
1750195000621076480.000000 1.539909601 -0.607311308 9.220157623 0.027328068 0.428165823 0.000468217 0.903286815
1750195000842934272.000000 1.565192342 -0.608873546 9.229888916 0.024018265 0.431785107 0.005734272 0.901638448
1750195001056091904.000000 1.590347648 -0.608758092 9.242237091 0.019833824 0.435117066 0.010184635 0.900097847
1750195001270186496.000000 1.616187453 -0.609766781 9.253637314 0.018354947 0.437199950 0.019574670 0.898963928
1750195001483462144.000000 1.641433239 -0.609788299 9.264033318 0.015765220 0.438560188 0.026409527 0.898175418
1750195001698651904.000000 1.665454626 -0.609998107 9.275662422 0.013045067 0.439649254 0.031207772 0.897532403
1750195001915511808.000000 1.690834880 -0.611274719 9.287895203 0.010552797 0.440243781 0.035592671 0.897110522
1750195002128190464.000000 1.713506460 -0.612835944 9.298925400 0.008091517 0.441499054 0.037876111 0.896425426
1750195002347986688.000000 1.739539862 -0.613642037 9.310491562 0.004714264 0.444420964 0.036349200 0.895067930
1750195002562029568.000000 1.767420769 -0.616628528 9.323134422 0.004911975 0.446862906 0.040388998 0.893676758
1750195002780009984.000000 1.795236349 -0.620035589 9.335454941 0.008272243 0.448129803 0.046767801 0.892706037
1750195003000009728.000000 1.820371628 -0.625054836 9.346100807 0.011685707 0.449037135 0.049506873 0.892063975
1750195003218674944.000000 1.847287178 -0.627410054 9.357810974 0.013900821 0.449188918 0.046133097 0.892136693
1750195003434511104.000000 1.871616125 -0.630279779 9.370494843 0.017099075 0.448241681 0.040588196 0.892826736
1750195003650454528.000000 1.895447493 -0.631616652 9.382844925 0.019376433 0.446554661 0.031187013 0.894002736
1750195003865222656.000000 1.917900324 -0.634984136 9.397308350 0.025077889 0.443517417 0.025578229 0.895549655
1750195004070733824.000000 1.939793587 -0.638367534 9.411982536 0.031070041 0.440620542 0.019791253 0.896937311
1750195004276148480.000000 1.961670280 -0.643527567 9.426020622 0.038474809 0.437603056 0.014553684 0.898226857
1750195004475791360.000000 1.984220266 -0.645734906 9.437897682 0.043979026 0.436387628 0.008195997 0.898645937
1750195004674705408.000000 2.008384228 -0.648709059 9.451171875 0.049685117 0.436639071 0.002439193 0.898260415
1750195004872130560.000000 2.031512499 -0.655869484 9.460588455 0.057501517 0.437533647 0.001827928 0.897359788
1750195005068488192.000000 2.051519632 -0.663320780 9.467903137 0.064724803 0.438984782 0.001531858 0.896158874
1750195005261118720.000000 2.079856634 -0.665539503 9.478909492 0.068472892 0.442155451 -0.001992792 0.894318819
1750195005455396352.000000 2.106748581 -0.669285893 9.487172127 0.072314635 0.444912910 -0.000361196 0.892649472
1750195005651951360.000000 2.132560730 -0.671863914 9.497234344 0.073458821 0.447975963 0.002041619 0.891020358
1750195005846205184.000000 2.159447670 -0.672745764 9.504098892 0.070627898 0.452357352 0.002402016 0.889032483
1750195006045152000.000000 2.186947107 -0.670334220 9.513156891 0.066663451 0.458125621 0.005694806 0.886365891
1750195006243721728.000000 2.214544058 -0.668104291 9.522324562 0.061532021 0.463540465 0.008960849 0.883891284
1750195006440991744.000000 2.240803957 -0.668562293 9.535833359 0.056743063 0.466574520 0.011547594 0.882584333
1750195006638954240.000000 2.263008595 -0.670002222 9.548080444 0.051885512 0.467357248 0.009642638 0.882492006
1750195006835774720.000000 2.283509970 -0.673289657 9.560529709 0.049738429 0.464988649 0.008151171 0.883880794
1750195007032283392.000000 2.305158377 -0.678999305 9.575942039 0.050691478 0.459225088 0.008007901 0.886836290
1750195007230153472.000000 2.329325438 -0.680128396 9.593299866 0.051197536 0.453387052 0.003571563 0.889834940
1750195007421751552.000000 2.349334478 -0.685231686 9.607547760 0.051715508 0.447699219 -0.006012525 0.892667234
1750195007621273344.000000 2.373197317 -0.691842079 9.624233246 0.056391053 0.443046451 -0.011765765 0.894646049
1750195007814359296.000000 2.397544384 -0.694945574 9.638669014 0.061985753 0.441558540 -0.017451746 0.894918561
1750195008013015552.000000 2.417667150 -0.702302814 9.648099899 0.069600932 0.440670311 -0.018845905 0.894768298
1750195008205856000.000000 2.442800045 -0.707395732 9.661704063 0.077611461 0.439604074 -0.016475754 0.894680560
1750195008397755904.000000 2.464081049 -0.713425756 9.671323776 0.083088785 0.438215971 -0.013211763 0.894923806
1750195008590976512.000000 2.483789444 -0.717960715 9.679510117 0.085316889 0.439496279 -0.012213001 0.894100070
1750195008780693504.000000 2.498147011 -0.721681952 9.684031487 0.085432135 0.441978902 -0.008914263 0.892903447
1750195008972224256.000000 2.521796227 -0.720238686 9.693034172 0.082900599 0.445312113 -0.006312507 0.891507030
1750195009166348544.000000 2.546789646 -0.715920627 9.704303741 0.077129193 0.449502289 -0.004974926 0.889929235
1750195009362062080.000000 2.570553780 -0.713035703 9.715909004 0.071019553 0.452282608 -0.000590170 0.889042377
1750195009553722880.000000 2.591726780 -0.709687769 9.726444244 0.063067451 0.453826636 0.001914974 0.888853312
1750195009746209280.000000 2.614508390 -0.704828978 9.740785599 0.052794345 0.455089092 0.001585697 0.888878047
1750195009945762048.000000 2.638337135 -0.699823081 9.756592751 0.043583993 0.455801100 0.002562078 0.889010251
1750195010141457152.000000 2.661856890 -0.699726999 9.773571968 0.035626292 0.455067694 0.004208238 0.889733911
1750195010340851456.000000 2.686502934 -0.700764179 9.790823936 0.028240332 0.453991354 0.003332604 0.890552223
1750195010539961088.000000 2.708853960 -0.701335967 9.805454254 0.023583934 0.451609820 0.003229863 0.891897917
1750195010742960640.000000 2.730903149 -0.702123642 9.820837975 0.021899497 0.448947370 0.005807808 0.893270969
1750195010947238144.000000 2.752601624 -0.706447899 9.834369659 0.021487571 0.446163476 0.007314798 0.894663632
1750195011153234944.000000 2.776408195 -0.707945764 9.848180771 0.022250272 0.444188088 0.011641193 0.895581543
1750195011354738176.000000 2.798578739 -0.710070252 9.861496925 0.022293197 0.443228602 0.014123689 0.896020114
1750195011555270912.000000 2.821718931 -0.710647941 9.873896599 0.023328805 0.441761136 0.017933423 0.896650016
1750195011757032192.000000 2.844911575 -0.710335493 9.888044357 0.021955768 0.442028344 0.020194924 0.896504879
1750195011962633728.000000 2.869561672 -0.708530605 9.901718140 0.020462669 0.442505032 0.021134097 0.896283388
1750195012164355072.000000 2.892652988 -0.708567441 9.915180206 0.019081734 0.443713158 0.024162507 0.895639837
1750195012366124544.000000 2.917570829 -0.708311558 9.929702759 0.018159848 0.444029689 0.025076469 0.895476997
1750195012566984704.000000 2.942423344 -0.708667994 9.944522858 0.018058129 0.442867190 0.023286669 0.896102905
1750195012770350080.000000 2.966424465 -0.712355018 9.960009575 0.019174203 0.440752119 0.019271366 0.897217095
1750195012974700800.000000 2.987521172 -0.715796471 9.973922729 0.020735279 0.438657016 0.013791816 0.898309469
1750195013176863488.000000 3.011323452 -0.719710112 9.988662720 0.024204675 0.437799662 0.011920092 0.898667634
1750195013383132672.000000 3.033830404 -0.721659422 10.001664162 0.026633969 0.438831538 0.010678199 0.898111105
1750195013586270464.000000 3.056295395 -0.722478688 10.014487267 0.028260328 0.441434801 0.010568157 0.896785915
1750195013786592000.000000 3.082286835 -0.722807884 10.027649879 0.026215978 0.445313603 0.007843299 0.894956529
1750195013993478400.000000 3.107244015 -0.720151842 10.041391373 0.023988260 0.449189782 0.008941936 0.893069506
1750195014193464064.000000 3.130802870 -0.717425942 10.053739548 0.019627698 0.452020019 0.011223217 0.891721189
1750195014394919424.000000 3.156784534 -0.714330196 10.067274094 0.016120413 0.454041839 0.018045146 0.890651762
1750195014595782656.000000 3.182949543 -0.711098969 10.081653595 0.012096065 0.454938859 0.025164913 0.890084922
1750195014798595072.000000 3.209612370 -0.708326578 10.097263336 0.009274228 0.455342680 0.032658443 0.889668763
1750195015004609792.000000 3.237950325 -0.706495464 10.113708496 0.006570603 0.455073714 0.037148513 0.889654279
1750195015210740480.000000 3.265473604 -0.706695020 10.130237579 0.004974742 0.453114092 0.039631747 0.890557349
1750195015423894272.000000 3.294528723 -0.707300067 10.147035599 0.004113649 0.450328797 0.040801365 0.891920567
1750195015630855680.000000 3.324487448 -0.707094252 10.166170120 0.004492060 0.446554035 0.042358018 0.893742204
1750195015837992448.000000 3.353453159 -0.705971003 10.182723045 0.007048260 0.442526549 0.046402074 0.895526409
1750195016046662656.000000 3.384464264 -0.704813480 10.198793411 0.005730885 0.442144573 0.045980226 0.895746171
1750195016247256064.000000 3.415661097 -0.703018188 10.212286949 0.001994129 0.445608854 0.044765014 0.894105673
1750195016454211328.000000 3.450136423 -0.694750369 10.227746964 -0.002394641 0.450691134 0.043786153 0.891602218
1750195016665490432.000000 3.485641956 -0.685604692 10.242953300 -0.007836291 0.456305206 0.043428779 0.888728380
1750195016876527360.000000 3.519357681 -0.685989618 10.255456924 -0.008147516 0.460483730 0.053451300 0.886019945
1750195017091479808.000000 3.555462837 -0.686467886 10.268512726 -0.007909482 0.464605033 0.063456297 0.883206129
1750195017329809152.000000 3.589813232 -0.684659779 10.279471397 -0.010630626 0.468806297 0.066931993 0.880697310
1750195017543749632.000000 3.627457857 -0.680590928 10.291923523 -0.016240684 0.472233683 0.061911762 0.879146576
1750195017755295744.000000 3.666301250 -0.674820364 10.306425095 -0.020283185 0.473661602 0.055815522 0.878702402
1750195017971620864.000000 3.703363180 -0.672772467 10.322232246 -0.019986887 0.473742485 0.054117244 0.878771842
1750195018186857216.000000 3.742038250 -0.670208097 10.338722229 -0.015525802 0.473580062 0.057628743 0.878726304
1750195018403735808.000000 3.781867027 -0.667061210 10.353690147 -0.010237353 0.474013716 0.062863648 0.878210902
1750195018619304192.000000 3.823240519 -0.664936662 10.368453979 -0.009095969 0.475498945 0.059804458 0.877633989
1750195018835495680.000000 3.865868330 -0.658551276 10.382061005 -0.010237917 0.477074265 0.051637694 0.877284944
1750195019057659904.000000 3.906700134 -0.654202342 10.398241043 -0.006153637 0.477973223 0.053206082 0.876739979
1750195019278684928.000000 3.950096130 -0.656754971 10.412799835 -0.001027477 0.478498042 0.056100223 0.876294076
1750195019496007680.000000 3.991801739 -0.656644225 10.425203323 -0.000626984 0.479966044 0.050376486 0.875839233
1750195019714538240.000000 4.035370350 -0.651703238 10.439063072 -0.002212481 0.481190085 0.040027224 0.875699162
1750195019931620864.000000 4.074621677 -0.653933108 10.453676224 -0.000102237 0.480687290 0.035578053 0.876170099
1750195020144925440.000000 4.112980843 -0.656921864 10.469169617 0.003624775 0.478944868 0.034157570 0.877172709
1750195020359736064.000000 4.151954651 -0.655373335 10.485502243 0.006377924 0.477532864 0.031802054 0.878015041
1750195020575990784.000000 4.189302921 -0.651183248 10.500516891 0.008765801 0.476771355 0.029941635 0.878473520
1750195020789305600.000000 4.225395203 -0.655220509 10.516484261 0.012188665 0.476738364 0.033602666 0.878318191
1750195020999378944.000000 4.261850834 -0.659398258 10.530160904 0.014704091 0.477402717 0.035969146 0.877825022
1750195021210001664.000000 4.298317909 -0.658227682 10.542886734 0.014475330 0.478667587 0.033155512 0.877250612
1750195021420992512.000000 4.337358952 -0.650593877 10.557355881 0.013723671 0.480224460 0.029357791 0.876546860
1750195021637616128.000000 4.375986576 -0.650380969 10.571865082 0.016220696 0.480189145 0.034064628 0.876353204
1750195021850588928.000000 4.409322739 -0.654028535 10.583765030 0.015329120 0.481047422 0.035031434 0.875860333
1750195022061580544.000000 4.447312355 -0.651433945 10.596311569 0.011870632 0.483086914 0.033431988 0.874853373
1750195022276564224.000000 4.484076500 -0.643417478 10.607850075 0.006401054 0.487490952 0.031753175 0.872527003
1750195022492697600.000000 4.520479679 -0.639554977 10.620742798 0.003731359 0.492503017 0.038161341 0.869465768
1750195022709384448.000000 4.556411743 -0.637034655 10.631841660 0.000185206 0.498446077 0.044476584 0.865779102
1750195022934332928.000000 4.593503952 -0.631954491 10.645191193 -0.003897910 0.504363477 0.050259110 0.862018764
1750195023145684480.000000 4.628495216 -0.629800797 10.655576706 -0.009178465 0.510400116 0.052264296 0.858298361
1750195023360902912.000000 4.661762714 -0.629646480 10.666824341 -0.012991128 0.514829040 0.053471208 0.855525136
1750195023576418560.000000 4.697360039 -0.627373159 10.680228233 -0.016047489 0.518093348 0.051242720 0.853636980
1750195023791694592.000000 4.732189178 -0.626898527 10.694620132 -0.019295624 0.520248175 0.045896154 0.852562726
1750195024008740608.000000 4.766552448 -0.625616431 10.708638191 -0.018382329 0.521336734 0.043615025 0.852037489
1750195024223421440.000000 4.799612045 -0.623487353 10.722562790 -0.015151625 0.521861553 0.041728344 0.851874292
1750195024448139008.000000 4.834857941 -0.621745348 10.736870766 -0.005917257 0.521120727 0.046783444 0.852179348
1750195024672585216.000000 4.873048782 -0.622673750 10.751983643 -0.000950902 0.520065308 0.046451330 0.852861941
1750195024891461120.000000 4.910817623 -0.623977363 10.766582489 0.000310339 0.518878281 0.043170698 0.853757322
1750195025107387392.000000 4.949491978 -0.621834636 10.781559944 0.002321261 0.516376853 0.042509567 0.855302632
1750195025324199168.000000 4.985008717 -0.618942261 10.796746254 0.007677909 0.512759447 0.048778210 0.857111216
1750195025543909632.000000 5.020490646 -0.618089616 10.809658051 0.007857032 0.511807442 0.049513165 0.857636213
1750195025759702016.000000 5.060495377 -0.615661502 10.820148468 0.003446844 0.514046788 0.045978736 0.856522083
1750195025980696576.000000 5.099978447 -0.607666254 10.831060410 -0.000919477 0.518070936 0.043517105 0.854229450
1750195026209082880.000000 5.138604164 -0.602872849 10.840372086 -0.004474462 0.523705602 0.045394737 0.850677252
1750195026431320576.000000 5.176656723 -0.601223588 10.848644257 -0.005164771 0.529201984 0.054054312 0.846756637
1750195026649745920.000000 5.213651657 -0.599562824 10.856469154 -0.005694160 0.534054995 0.063464105 0.843045235
1750195026869412608.000000 5.248714447 -0.596269071 10.861733437 -0.007172790 0.538423061 0.072074465 0.839556158
1750195027094514944.000000 5.287449837 -0.591040790 10.868568420 -0.007766254 0.542646050 0.081487559 0.835963368
1750195027314582528.000000 5.325562000 -0.588954389 10.875202179 -0.009262844 0.545470893 0.086451568 0.833607733
1750195027538092800.000000 5.364078999 -0.588750541 10.884874344 -0.007894059 0.545437455 0.090810530 0.833180130
1750195027764041728.000000 5.404932499 -0.584180772 10.896226883 -0.006944854 0.543437600 0.091899224 0.834375143
1750195027995243520.000000 5.442681789 -0.582834721 10.907052040 -0.007137612 0.539092779 0.086637601 0.837748170
1750195028218885632.000000 5.479486942 -0.588283658 10.917615891 -0.002634534 0.531528115 0.084403582 0.842820823
1750195028451908608.000000 5.513308525 -0.593467176 10.925273895 -0.000915818 0.524813116 0.075271711 0.847882390
1750195028673429504.000000 5.551210403 -0.591030419 10.931470871 0.001039919 0.518368959 0.063712329 0.852779746
1750195028895814144.000000 5.584818840 -0.589147151 10.940113068 0.011099050 0.508625805 0.063064560 0.858603179
1750195029121725440.000000 5.618046284 -0.592999876 10.946086884 0.020999769 0.499411404 0.056537546 0.864263117
1750195029338289664.000000 5.652106762 -0.598734975 10.950237274 0.030681256 0.489860415 0.044975929 0.870099247
1750195029554506496.000000 5.683751106 -0.600844800 10.957686424 0.044277124 0.477797419 0.037444975 0.876554132
1750195029769265920.000000 5.714060783 -0.607119679 10.964250565 0.063276447 0.465515941 0.040572055 0.881841779
1750195029984952832.000000 5.742898464 -0.619898379 10.968093872 0.077228263 0.457808107 0.039367031 0.884815156
1750195030195593728.000000 5.772313118 -0.631012142 10.971223831 0.087608762 0.453720123 0.037312910 0.886042058
1750195030402383616.000000 5.805027485 -0.636295676 10.974313736 0.095272839 0.453033507 0.035023861 0.885695875
1750195030608688896.000000 5.842077255 -0.635802686 10.978820801 0.098861918 0.457003742 0.030481361 0.883427858
1750195030812259584.000000 5.879166603 -0.635323107 10.982362747 0.099442378 0.466475040 0.028394952 0.878468037
1750195031018875392.000000 5.916789055 -0.635426521 10.985005379 0.098297209 0.478705466 0.030797824 0.871911824
1750195031216683776.000000 5.953884125 -0.631747007 10.988084793 0.095223904 0.491884977 0.033368103 0.864793718
1750195031421201664.000000 5.989482880 -0.630112886 10.990052223 0.088459924 0.504596353 0.034276266 0.858127356
1750195031629704704.000000 6.027424335 -0.622236907 10.994825363 0.079225987 0.517519951 0.032576729 0.851372540
1750195031845638400.000000 6.061089516 -0.619320393 11.001117706 0.072956100 0.526767254 0.036323830 0.846093535
1750195032057579776.000000 6.092542171 -0.621388257 11.010742188 0.068358041 0.531816185 0.039270326 0.843182445
1750195032271267328.000000 6.123846054 -0.623063803 11.021591187 0.062131643 0.535459995 0.035017557 0.841543913
1750195032483541760.000000 6.156216621 -0.622955978 11.033313751 0.055801522 0.539507926 0.027418843 0.839681864
1750195032698341120.000000 6.189107418 -0.623643458 11.045488358 0.052457627 0.544450641 0.022739543 0.836842120
1750195032912618496.000000 6.221598625 -0.627207398 11.056570053 0.053156964 0.550801575 0.022052443 0.832649767
1750195033120356864.000000 6.253254414 -0.630615413 11.065534592 0.055361662 0.558532476 0.022549799 0.827325821
1750195033334423040.000000 6.284900188 -0.634586871 11.072643280 0.058270697 0.568469942 0.021978721 0.820343494
1750195033548295424.000000 6.313945293 -0.641628325 11.078656197 0.062502854 0.579003394 0.021808460 0.812633336
1750195033760908800.000000 6.344599724 -0.646266341 11.081329346 0.064835064 0.589974642 0.019083057 0.804588199
1750195033972007168.000000 6.374641895 -0.650102198 11.083377838 0.066999219 0.601141393 0.018346207 0.796117783
1750195034181541376.000000 6.404861450 -0.653848350 11.082217216 0.067733340 0.612599671 0.018939333 0.787257969
1750195034387911936.000000 6.436975479 -0.655396402 11.078771591 0.068190366 0.624165118 0.022146419 0.777995944
1750195034597385472.000000 6.469742775 -0.654405355 11.074209213 0.065913513 0.636164784 0.023820873 0.768363416
1750195034811507968.000000 6.502787113 -0.650760412 11.066604614 0.059529666 0.649094045 0.022463223 0.758042574
1750195035022721280.000000 6.539535522 -0.649594545 11.063173294 0.057933923 0.661589324 0.025203772 0.747200191
1750195035235060736.000000 6.572037697 -0.652119398 11.059847832 0.058455624 0.673843324 0.027720414 0.736036599
1750195035444934912.000000 6.602855682 -0.654784560 11.056631088 0.058740936 0.686352670 0.027128832 0.724384964
1750195035654216960.000000 6.635212898 -0.655229151 11.053214073 0.059552185 0.699183166 0.025077017 0.712016642
1750195035862576640.000000 6.665383339 -0.660198033 11.048501968 0.064015560 0.710678697 0.025706813 0.700126469
1750195036065534208.000000 6.694245815 -0.662490726 11.042280197 0.065336697 0.721389830 0.023973387 0.689023376
1750195036271223040.000000 6.717980385 -0.664562941 11.034468651 0.066095024 0.730530381 0.022768220 0.679292679
1750195036476175360.000000 6.754881859 -0.667835474 11.023593903 0.066928394 0.739187658 0.023969533 0.669737041
1750195036680070912.000000 6.784161568 -0.667058825 11.013648033 0.064577311 0.748318136 0.023977023 0.659753680
1750195036884345600.000000 6.813324451 -0.664092124 11.003494263 0.061880719 0.757912874 0.024461076 0.648953497
1750195037086958080.000000 6.841977596 -0.663102984 10.990038872 0.059580691 0.767277360 0.026854949 0.637976944
1750195037291925248.000000 6.874558449 -0.663251996 10.975492477 0.060363375 0.775759220 0.031630013 0.627338529
1750195037493448960.000000 6.904977798 -0.663560271 10.961742401 0.059760410 0.784086764 0.034978952 0.616776466
1750195037697419520.000000 6.935664177 -0.661437631 10.950191498 0.058268480 0.792818606 0.036110997 0.605590224
1750195037904590592.000000 6.966829300 -0.663037062 10.935977936 0.059050020 0.801314890 0.038222179 0.594093084
1750195038110436096.000000 6.993418694 -0.664973378 10.920169830 0.061101835 0.809640825 0.041780185 0.582239509
1750195038312938240.000000 7.021496773 -0.663286090 10.903786659 0.060789008 0.818521380 0.044183396 0.569539666
1750195038518746880.000000 7.056139946 -0.655223727 10.883255005 0.056819625 0.828027308 0.044886269 0.555992365
1750195038724709120.000000 7.077566147 -0.654474974 10.867572784 0.055559512 0.837200046 0.047964193 0.541948974
1750195038931163904.000000 7.102261543 -0.649438918 10.853875160 0.052156698 0.846623302 0.047800887 0.527469277
1750195039141190912.000000 7.133279800 -0.640944839 10.842317581 0.046804845 0.855898321 0.044192564 0.513122320
1750195039351334656.000000 7.162360191 -0.645615041 10.822236061 0.045662060 0.864392698 0.043773111 0.498822808
1750195039560666624.000000 7.190121651 -0.646977961 10.805994034 0.046887036 0.872382402 0.043072049 0.484660178
1750195039766906624.000000 7.215859413 -0.648279667 10.788803101 0.048534751 0.879754782 0.042334020 0.471045494
1750195039976163584.000000 7.238878250 -0.649650276 10.770553589 0.049359929 0.886061370 0.042101052 0.459005952
1750195040191462400.000000 7.260946274 -0.651791871 10.752905846 0.050641958 0.891669750 0.042702314 0.447813600
1750195040395126784.000000 7.281192780 -0.652867854 10.732383728 0.051612150 0.896882892 0.043850519 0.437051922
1750195040595926784.000000 7.303204536 -0.650043309 10.711204529 0.047350477 0.902832866 0.042451162 0.425263226
1750195040797495808.000000 7.322995186 -0.649551630 10.691250801 0.046066336 0.908753097 0.042937104 0.412555724
1750195041003123968.000000 7.341019630 -0.649950981 10.670827866 0.045461122 0.914975822 0.044313718 0.398483366
1750195041202744576.000000 7.362718582 -0.644222796 10.642136574 0.041483518 0.921143532 0.043933161 0.384504557
1750195041405497856.000000 7.382348061 -0.642877221 10.627257347 0.036206644 0.927665949 0.043976873 0.369040757
1750195041608076288.000000 7.399395943 -0.636324286 10.603406906 0.029960595 0.933581829 0.043529574 0.354446679
1750195041810371072.000000 7.422042847 -0.635205626 10.574159622 0.027542476 0.939185560 0.044997752 0.339333415
1750195042016610048.000000 7.442654610 -0.628757954 10.551958084 0.025570001 0.945280612 0.044768058 0.322159201
1750195042221523968.000000 7.461495399 -0.626525760 10.528452873 0.026386010 0.951096833 0.046058286 0.304298103
1750195042424421120.000000 7.479542732 -0.625774503 10.504163742 0.026497690 0.956379116 0.047284786 0.287055910
1750195042629545728.000000 7.496785164 -0.622931242 10.480688095 0.023498142 0.961208522 0.047730427 0.270643353
1750195042837497344.000000 7.514183044 -0.617873073 10.457728386 0.019209327 0.965735495 0.047970604 0.254332215
1750195043053444608.000000 7.528529167 -0.616114616 10.432605743 0.017103512 0.969839990 0.049237177 0.238104090
1750195043259813120.000000 7.544509888 -0.612359166 10.409173965 0.015835935 0.974007070 0.050594989 0.220226616
1750195043465948928.000000 7.557739258 -0.606282651 10.380901337 0.012235455 0.977783382 0.051287714 0.202878088
1750195043676546560.000000 7.571969032 -0.604491353 10.358785629 0.012761580 0.981224358 0.053494010 0.184863105
1750195043888495872.000000 7.584836006 -0.597749054 10.328602791 0.013359313 0.983843565 0.055122629 0.169808626
1750195044099680768.000000 7.595632553 -0.597935855 10.304862976 0.015114723 0.985943854 0.059460890 0.155404866
1750195044315504128.000000 7.606184006 -0.591203392 10.282581329 0.013101639 0.987821341 0.062366631 0.141943291
1750195044527188736.000000 7.617891312 -0.589758039 10.255197525 0.010275847 0.989513159 0.066554338 0.127784103
1750195044747607808.000000 7.626832008 -0.584338725 10.228513718 0.011370809 0.990908086 0.069876820 0.114407398
1750195044962421760.000000 7.641148567 -0.589219570 10.205616951 0.013185066 0.992134631 0.073396116 0.100539155
1750195045181839616.000000 7.653262138 -0.580621362 10.172584534 0.011678555 0.993710220 0.072561927 0.084488921
1750195045399450880.000000 7.658779144 -0.579591632 10.145925522 0.012783450 0.995399714 0.070854150 0.063211381
1750195045619857664.000000 7.663591385 -0.578794360 10.119191170 0.012801229 0.996711373 0.068038613 0.042111676
1750195045835804928.000000 7.667390823 -0.577517986 10.093989372 0.013155905 0.997661591 0.063784659 0.020734018
1750195046054342144.000000 7.672267437 -0.577148139 10.068571091 -0.015965248 -0.998094201 -0.059595931 0.001190535
1750195046270927616.000000 7.675155163 -0.574822128 10.045803070 -0.011397989 -0.998113275 -0.056575302 0.020957906
1750195046488104960.000000 7.675711155 -0.571788132 10.022507668 -0.005321127 -0.997786880 -0.054571506 0.037616331
1750195046706048768.000000 7.678240299 -0.572266698 9.998257637 -0.004959544 -0.997145116 -0.054941766 0.051560033
1750195046923396608.000000 7.684894085 -0.569042444 9.976854324 -0.003271671 -0.996632993 -0.054491248 0.061177567
1750195047142857728.000000 7.691842556 -0.565136015 9.954285622 -0.000605137 -0.996292114 -0.055142570 0.066037744
1750195047362187776.000000 7.698488235 -0.559266567 9.930200577 -0.002414047 -0.996304929 -0.056235794 0.064871825
1750195047582758656.000000 7.705512047 -0.554778874 9.907691956 -0.006641651 -0.996329308 -0.058219582 0.062405419
1750195047810685440.000000 7.707413197 -0.557227910 9.888230324 -0.015397266 -0.996354401 -0.058778670 0.059882928
1750195048036464384.000000 7.707612514 -0.554048777 9.871101379 -0.016491737 -0.996527314 -0.057427768 0.057995826
1750195048258857728.000000 7.704999447 -0.556916118 9.855005264 -0.021775739 -0.996547401 -0.055930618 0.057366218
1750195048471141376.000000 7.705409050 -0.553708076 9.832968712 -0.026968803 -0.996537924 -0.050590161 0.060212705
1750195048693182464.000000 7.700621605 -0.557653189 9.816092491 -0.028867176 -0.996644914 -0.046333425 0.060983114
1750195048915498496.000000 7.696039200 -0.556119025 9.796897888 -0.026337408 -0.996745288 -0.042016320 0.063560672
1750195049138365440.000000 7.694052219 -0.556441784 9.783881187 -0.023709118 -0.996615767 -0.039355423 0.068162650
1750195049355616512.000000 7.694695473 -0.552789211 9.764606476 -0.018288270 -0.996497154 -0.038036544 0.072195753
1750195049573907456.000000 7.688028336 -0.552369118 9.746415138 -0.012594065 -0.996436179 -0.040312599 0.073015705
1750195049791964672.000000 7.691612720 -0.547026634 9.725690842 -0.007427456 -0.996233523 -0.043304715 0.074755907
1750195050010977024.000000 7.685248375 -0.539295256 9.709352493 -0.002647208 -0.996331096 -0.047802042 0.070939533
1750195050227830784.000000 7.698379993 -0.529024780 9.684241295 -0.003411628 -0.996058226 -0.053020209 0.071029916
1750195050446649088.000000 7.709021091 -0.523848116 9.666505814 -0.007009569 -0.995710790 -0.059398085 0.070588268
1750195050671851776.000000 7.711457253 -0.517624915 9.639983177 -0.010441459 -0.995326102 -0.065082677 0.070578054
1750195050898978048.000000 7.710786819 -0.511773229 9.616992950 -0.011956818 -0.994888067 -0.068667412 0.073072389
1750195051127265024.000000 7.714457035 -0.508561611 9.599982262 -0.006769172 -0.994424999 -0.071179278 0.077503182
1750195051358624768.000000 7.709981441 -0.506265640 9.577690125 -0.009171120 -0.994480193 -0.070071682 0.077556409
1750195051583324416.000000 7.713024139 -0.509791017 9.559983253 -0.010797530 -0.994519651 -0.067987785 0.078688174
1750195051806819584.000000 7.708312988 -0.509877920 9.536425591 -0.016619172 -0.994819283 -0.063074395 0.077974945
1750195052039773184.000000 7.714128971 -0.508775771 9.516027451 -0.013343508 -0.994882166 -0.058079924 0.081598066
1750195052273739776.000000 7.719604969 -0.510594845 9.496342659 -0.009375393 -0.994984269 -0.053064827 0.084277086
1750195052506763520.000000 7.722121239 -0.515806079 9.480180740 -0.008758147 -0.995234728 -0.047944747 0.084453881
1750195052734235392.000000 7.726141453 -0.521409810 9.465670586 -0.013329794 -0.995784819 -0.042338677 0.080264330
1750195052965026816.000000 7.734320641 -0.524703383 9.454551697 -0.014775692 -0.996689737 -0.038394969 0.070122816
1750195053185553664.000000 7.741250992 -0.533062458 9.442788124 -0.022205882 -0.997252285 -0.035129823 0.061324868
1750195053396041216.000000 7.749146938 -0.536117196 9.425364494 -0.034385607 -0.997541547 -0.032268874 0.051838890
1750195053613860864.000000 7.756762505 -0.539616942 9.409310341 -0.040141668 -0.997849882 -0.031509731 0.041128274
1750195053830780672.000000 7.765586853 -0.538708866 9.393980980 -0.041391984 -0.998075843 -0.032865830 0.032422800
1750195054052969472.000000 7.777351856 -0.529131770 9.375788689 -0.037053369 -0.998390377 -0.035483178 0.024182295
1750195054264919296.000000 7.789237976 -0.517323732 9.358622551 -0.025388930 -0.998753607 -0.038727984 0.018623857
1750195054483856384.000000 7.795346737 -0.512128830 9.336110115 -0.017931774 -0.998737454 -0.040601831 0.023527509
1750195054705124608.000000 7.798494339 -0.512128592 9.312129021 -0.017016510 -0.998493075 -0.039845187 0.033682358
1750195054921692672.000000 7.804001808 -0.506979585 9.287850380 -0.014186980 -0.998210728 -0.038477961 0.043514937
1750195055145250048.000000 7.808722496 -0.508178055 9.266511917 -0.013130408 -0.997640073 -0.036563911 0.056613155
1750195055360104192.000000 7.807801247 -0.507172167 9.245183945 -0.009406452 -0.996810973 -0.032484058 0.072279371
1750195055575258112.000000 7.809822083 -0.510589421 9.223789215 -0.004110426 -0.995510101 -0.027470056 0.090489104
1750195055789141248.000000 7.810865402 -0.508979201 9.201885223 0.000365013 -0.993851185 -0.020887466 0.108736478
1750195056008557056.000000 7.809195042 -0.512385011 9.186718941 0.007571287 -0.992362440 -0.015960364 0.122085452
1750195056227793152.000000 7.811719894 -0.516874850 9.170538902 0.013986784 -0.991544247 -0.010672172 0.128571123
1750195056445722112.000000 7.813396454 -0.521611035 9.154826164 0.015515534 -0.991178989 -0.005856222 0.131489009
1750195056665406464.000000 7.818060875 -0.524966061 9.138321877 0.014321191 -0.990998924 -0.000622655 0.133100763
1750195056892310784.000000 7.821943760 -0.528795242 9.126423836 0.012498579 -0.991095245 0.003390247 0.132523626
1750195057108772608.000000 7.824543953 -0.531030416 9.111760139 0.006304679 -0.991394758 0.007663129 0.130529925
1750195057328000000.000000 7.828324318 -0.531024516 9.098110199 0.000815085 -0.991638124 0.012565959 0.128434286
1750195057539154432.000000 7.827502251 -0.535679698 9.083517075 -0.004633960 -0.991677940 0.014193431 0.127874583
1750195057751639296.000000 7.827644825 -0.536852837 9.071266174 -0.008229124 -0.991645753 0.014817279 0.127872676
1750195057963869184.000000 7.831947327 -0.535083830 9.052212715 -0.009385177 -0.991348803 0.012393849 0.130330071
1750195058174082560.000000 7.831430435 -0.530691862 9.033390045 -0.012830777 -0.990886629 0.009777452 0.133729473
1750195058386751488.000000 7.830146790 -0.525598705 9.015997887 -0.013209694 -0.990085185 0.005321292 0.139744788
1750195058603331840.000000 7.821968079 -0.522634804 9.002259254 -0.013909661 -0.988803923 0.000769767 0.148569107
1750195058821317120.000000 7.814719200 -0.521039963 8.985657692 -0.014516205 -0.986523390 -0.001700683 0.162966520
1750195059029105408.000000 7.807410717 -0.521561623 8.970320702 -0.016040714 -0.983562171 -0.002315882 0.179841310
1750195059248066816.000000 7.798672676 -0.521063447 8.953851700 -0.014851868 -0.980510414 -0.001606694 0.195898756
1750195059474766592.000000 7.795660019 -0.518809438 8.936384201 -0.008774687 -0.978475511 -0.000127485 0.206176624
1750195059704336640.000000 7.790419579 -0.518921375 8.922043800 -0.005284762 -0.977420747 0.000979589 0.211233929
1750195059926168576.000000 7.788626671 -0.520123839 8.911022186 -0.004931652 -0.976756454 0.002242224 0.214283913
1750195060145935872.000000 7.784944534 -0.521041453 8.893844604 -0.005436234 -0.976549685 0.002952568 0.215203494
1750195060375551488.000000 7.784449577 -0.521097302 8.877031326 -0.009341318 -0.976665139 0.002611527 0.214549109
1750195060608816896.000000 7.782422543 -0.520510793 8.864409447 -0.012227696 -0.977250278 0.000623408 0.211735889
1750195060846324992.000000 7.784239769 -0.516804814 8.846686363 -0.012946174 -0.977794826 -0.002755263 0.209146291
1750195061080329216.000000 7.784076691 -0.513100326 8.830161095 -0.007319272 -0.978416622 -0.007257480 0.206385076
1750195061299296768.000000 7.783996582 -0.514965415 8.816281319 0.003685116 -0.978957593 -0.010394572 0.203765780
1750195061517051904.000000 7.784918308 -0.515943170 8.798209190 0.010786125 -0.978963375 -0.011663453 0.203416586
1750195061730830592.000000 7.785840988 -0.516856909 8.776838303 0.012512613 -0.979321599 -0.011699185 0.201583356
1750195061939143168.000000 7.786655903 -0.516218066 8.757396698 0.009972171 -0.980339229 -0.010369044 0.196794719
1750195062157020160.000000 7.788678646 -0.517531991 8.740191460 0.005147870 -0.981363773 -0.009565261 0.191851959
1750195062369863680.000000 7.787689209 -0.517180324 8.719372749 -0.004680918 -0.982400954 -0.007684013 0.186567605
1750195062582981632.000000 7.784646988 -0.517489672 8.707383156 -0.015348646 -0.983329177 -0.006544929 0.181067094
1750195062801161472.000000 7.786841393 -0.515896797 8.688219070 -0.020761091 -0.984060705 -0.008185876 0.176427200
1750195063021401856.000000 7.787520885 -0.511976659 8.669502258 -0.022699784 -0.984988689 -0.011849780 0.170708895
1750195063241834240.000000 7.789230347 -0.504477739 8.651465416 -0.022932716 -0.985709548 -0.017229235 0.165993974
1750195063462329600.000000 7.791068077 -0.498587281 8.639592171 -0.020300472 -0.986336172 -0.024209702 0.161687523
1750195063689201664.000000 7.796598434 -0.489612341 8.617920876 -0.015123222 -0.987251699 -0.032653224 0.155045450
1750195063905949440.000000 7.807728767 -0.486700684 8.604597092 -0.008544674 -0.988422513 -0.043429542 0.145127133
1750195064126740224.000000 7.818570137 -0.479574859 8.583457947 -0.003305324 -0.989698112 -0.052284494 0.133241162
1750195064357655808.000000 7.827546120 -0.473842442 8.564283371 -0.000432424 -0.990301967 -0.057030469 0.126686037
1750195064583381760.000000 7.830316067 -0.474630296 8.548766136 0.000345252 -0.990260065 -0.060498465 0.125398621
1750195064806144768.000000 7.831213951 -0.473899901 8.529007912 -0.001407557 -0.989877045 -0.062567271 0.127384573
1750195065027358976.000000 7.827776909 -0.464278638 8.507111549 -0.004939501 -0.989794374 -0.060953151 0.128714338
1750195065259531264.000000 7.824566841 -0.462224841 8.484564781 -0.008948130 -0.989491284 -0.060296558 0.131115645
1750195065495903488.000000 7.826143265 -0.461442590 8.468221664 -0.007890058 -0.989427090 -0.058020476 0.132686093
1750195065732983552.000000 7.820484161 -0.464076221 8.452867508 -0.007063520 -0.989591539 -0.055752061 0.132477775
1750195065964726528.000000 7.820319176 -0.461274743 8.429043770 -0.008250392 -0.989670634 -0.051195886 0.133652642
1750195066203515136.000000 7.820801735 -0.463915229 8.411691666 -0.011454371 -0.989674807 -0.047341678 0.134801283
1750195066436634112.000000 7.815305233 -0.466187179 8.394659042 -0.011704101 -0.989875793 -0.043553568 0.134581223
1750195066673769216.000000 7.816377640 -0.467190653 8.376076698 -0.010845244 -0.989821851 -0.039979856 0.136149794
1750195066910985472.000000 7.812935829 -0.467930198 8.360834122 -0.009806489 -0.989840925 -0.036506478 0.137062475
1750195067146960640.000000 7.811051369 -0.470199138 8.343768120 -0.006791744 -0.989703357 -0.034021813 0.138865814
1750195067379443456.000000 7.810662270 -0.472035021 8.326377869 -0.004851973 -0.989499271 -0.032147668 0.140833914
1750195067614679552.000000 7.807847500 -0.472266495 8.309763908 -0.002551456 -0.989362478 -0.029421216 0.142442778
1750195067846586880.000000 7.806114197 -0.474792480 8.294009209 -0.003713687 -0.989046097 -0.026470600 0.145167097
1750195068075696128.000000 7.803176403 -0.476655602 8.278602600 -0.004065431 -0.988794327 -0.023481017 0.147370160
1750195068305288448.000000 7.800892830 -0.476710677 8.259501457 -0.002884085 -0.988547146 -0.019519174 0.149617255
1750195068532518144.000000 7.797009945 -0.480336100 8.245749474 -0.001140481 -0.988411725 -0.016257336 0.150919855
1750195068760842496.000000 7.794102192 -0.483387083 8.230349541 -0.001075175 -0.988228321 -0.011819755 0.152525291
1750195068982203136.000000 7.791983604 -0.486108392 8.215023994 -0.001669571 -0.988038480 -0.006212301 0.154073626
1750195069205460736.000000 7.792655945 -0.489373773 8.200612068 -0.000525818 -0.987713814 0.000687943 0.156271085
1750195069430108928.000000 7.791628838 -0.495286226 8.187184334 -0.001332979 -0.987562358 0.008052036 0.157015860
1750195069647461888.000000 7.794010162 -0.500164628 8.174180984 0.001029898 -0.987528086 0.015744820 0.156650707
1750195069862170880.000000 7.793005943 -0.501596689 8.157831192 0.001993828 -0.987521172 0.023837056 0.155658945
1750195070076403456.000000 7.796417236 -0.507581294 8.144109726 0.005031318 -0.987428188 0.029349186 0.155238330
1750195070286168064.000000 7.796316624 -0.505181730 8.132443428 0.006900529 -0.987560987 0.036477659 0.152791306
1750195070491539968.000000 7.794735909 -0.514387310 8.114785194 0.009099963 -0.987927258 0.038088355 0.149887428
1750195070701778176.000000 7.796722889 -0.516601920 8.098907471 0.008340850 -0.988373220 0.041193034 0.146123067
1750195070905967872.000000 7.799767494 -0.518403828 8.082196236 0.006331346 -0.989021957 0.042693503 0.141325131
1750195071106546944.000000 7.804019928 -0.521431506 8.066751480 0.001268777 -0.990002930 0.042260140 0.134561002
1750195071304991232.000000 7.808155537 -0.519542038 8.049629211 -0.003238847 -0.991205633 0.041120674 0.125738233
1750195071506785536.000000 7.816505432 -0.516709089 8.033308029 -0.005226889 -0.992793143 0.037787847 0.113607273
1750195071699017728.000000 7.829125881 -0.513140917 8.016469955 -0.003966664 -0.994632006 0.032064445 0.098302692
1750195071897383424.000000 7.842613697 -0.508760452 7.999614716 -0.001594041 -0.996404707 0.024557851 0.081067987
1750195072111542272.000000 7.855757713 -0.501713574 7.983812332 0.001626928 -0.997725427 0.016594013 0.065314159
1750195072327463936.000000 7.867289066 -0.496365994 7.962483406 0.003954030 -0.998186231 0.011146656 0.059029404
1750195072542690560.000000 7.867882252 -0.496425390 7.940790176 0.003901797 -0.998177886 0.008034877 0.059675362
1750195072756430848.000000 7.869503021 -0.495002031 7.920673370 0.008123367 -0.997901559 0.006608830 0.063898131
1750195072973348608.000000 7.871411800 -0.497753531 7.901547432 0.009265601 -0.997502327 0.007765662 0.069591686
1750195073194928384.000000 7.873993874 -0.496180981 7.883697510 0.010367871 -0.996954620 0.011918548 0.076367795
1750195073414990080.000000 7.874262333 -0.500302911 7.868023872 0.014145871 -0.996348202 0.017318798 0.082403190
1750195073627654912.000000 7.875438213 -0.504478335 7.854106903 0.012534266 -0.995760679 0.023843044 0.087948866
1750195073844107008.000000 7.874633312 -0.510627389 7.839934349 0.003998024 -0.995201588 0.029280901 0.093276776
1750195074070548736.000000 7.876814365 -0.516269088 7.828544617 0.000029080 -0.994660914 0.032772932 0.097855650
1750195074285529856.000000 7.875081062 -0.519395351 7.813195229 0.001301800 -0.994467735 0.035923097 0.098700806
1750195074491840256.000000 7.870591164 -0.523126423 7.800487518 0.003454457 -0.994445622 0.038143769 0.098035924
1750195074696801024.000000 7.872303009 -0.525301874 7.783097267 0.003198872 -0.994289398 0.040439278 0.098706909
1750195074901728512.000000 7.875060081 -0.524596572 7.766829491 0.005267466 -0.994284928 0.041706920 0.098134398
1750195075107482368.000000 7.881400108 -0.525718391 7.748942375 0.008052566 -0.994448304 0.041115738 0.096525878
1750195075313728512.000000 7.885647774 -0.523898542 7.732886314 0.004672918 -0.994827986 0.040371519 0.093089491
1750195075519357696.000000 7.891356945 -0.522861838 7.715606689 0.005799550 -0.995312095 0.037151445 0.089106336
1750195075727063040.000000 7.899202347 -0.519069314 7.697996140 0.005639610 -0.995868266 0.033516053 0.084210247
1750195075937898240.000000 7.905991077 -0.518112183 7.680935860 0.001694783 -0.996459484 0.028568810 0.079054102
1750195076150902784.000000 7.914761543 -0.515825987 7.662840843 -0.003822664 -0.996947646 0.022833129 0.074561909
1750195076364360192.000000 7.920968056 -0.511018991 7.644880295 -0.002723250 -0.997317612 0.017064132 0.071126133
1750195076582063104.000000 7.926082611 -0.508864164 7.624552727 -0.003031980 -0.997430146 0.011508957 0.070650250
1750195076807794432.000000 7.927941322 -0.504728794 7.606465340 -0.005030814 -0.997228026 0.007674583 0.073838480
1750195077027216384.000000 7.927970409 -0.502373934 7.586649895 0.000504237 -0.996916950 0.004635852 0.078325629
1750195077248113152.000000 7.929235458 -0.502842247 7.568412781 0.003477678 -0.996407330 0.003180355 0.084559180
1750195077473446400.000000 7.930568695 -0.501413524 7.547808647 0.008236233 -0.995730042 0.003133466 0.091891244
1750195077695405056.000000 7.930794716 -0.502324104 7.529890060 0.015619603 -0.994980752 0.003924107 0.098761804
1750195077916018944.000000 7.930130482 -0.504296839 7.513656616 0.018388843 -0.994062901 0.005997146 0.107074186
1750195078133843456.000000 7.929718971 -0.506040514 7.499314308 0.022809414 -0.992906272 0.008893464 0.116352335
1750195078350923776.000000 7.931415558 -0.507573783 7.484883308 0.029443122 -0.991806030 0.012026425 0.123730838
1750195078565447936.000000 7.934380531 -0.510835886 7.471684456 0.032771040 -0.990949392 0.015715843 0.129222125
1750195078781032448.000000 7.940344810 -0.515765667 7.457912445 0.030394075 -0.990753055 0.019025147 0.130853787
1750195078993148160.000000 7.947514057 -0.520131230 7.444609642 0.024119714 -0.990922451 0.021449216 0.130502939
1750195079215960832.000000 7.953823090 -0.520365536 7.434398651 0.021893358 -0.991527200 0.022812543 0.125992551
1750195079437833472.000000 7.964747429 -0.518594384 7.420698166 0.020117888 -0.992219031 0.022037892 0.120876513
1750195079653741824.000000 7.974372864 -0.519006193 7.409683228 0.018353937 -0.993107080 0.019489462 0.114112392
1750195079864465664.000000 7.981804371 -0.516448796 7.392758369 0.017979112 -0.993928909 0.016472965 0.107288256
1750195080074743808.000000 7.989640713 -0.514732957 7.374313354 0.015649285 -0.994543493 0.012949018 0.102326602
1750195080287795968.000000 7.994521141 -0.513498068 7.359371185 0.012861536 -0.994950533 0.009467219 0.099088266
1750195080505974528.000000 7.996529579 -0.513363898 7.346648216 0.011077176 -0.995143771 0.006066939 0.097618863
1750195080724083200.000000 7.999321938 -0.513283432 7.327173233 0.011337470 -0.994994819 0.003218103 0.099229485
1750195080940159232.000000 8.001986504 -0.508489311 7.307298660 0.009515258 -0.995015860 0.002308980 0.099235229
1750195081158492928.000000 8.005537033 -0.504276812 7.287797928 0.005810272 -0.995182335 0.001011669 0.097864024
1750195081380496128.000000 8.009176254 -0.505485713 7.269824982 0.000786696 -0.995361090 -0.000112829 0.096206211
1750195081603104000.000000 8.011466980 -0.504964113 7.246754646 -0.003779689 -0.995719850 -0.001243056 0.092337020
1750195081845997056.000000 8.013784409 -0.506668329 7.236338615 -0.006268940 -0.995850861 -0.001453007 0.090772696
1750195082068270848.000000 8.013063431 -0.508467197 7.215113640 -0.008446425 -0.995945871 -0.001395346 0.089546159
1750195082316058368.000000 8.016452789 -0.508577585 7.196028709 -0.009907314 -0.995973051 -0.000799838 0.089101091
1750195082534927616.000000 8.015956879 -0.508855700 7.180542946 -0.010595970 -0.996019244 -0.000735121 0.088504307
1750195082751481856.000000 8.016483307 -0.516637862 7.171603203 -0.007776913 -0.995997548 -0.000496261 0.089040115
1750195082967052800.000000 8.017906189 -0.518855393 7.154171944 -0.008060792 -0.995982230 0.001261499 0.089179121
1750195083183127552.000000 8.019978523 -0.520587742 7.137366295 -0.009728017 -0.995985568 0.002802407 0.088940196
1750195083397241344.000000 8.020028114 -0.519303799 7.120324135 -0.011373757 -0.996027827 0.004778106 0.088184178
1750195083612089088.000000 8.020769119 -0.518686652 7.102873802 -0.010243979 -0.996031165 0.006001702 0.088210069
1750195083826371072.000000 8.020801544 -0.515310407 7.085116386 -0.007580518 -0.996076465 0.008207751 0.087789267
1750195084044630016.000000 8.021780014 -0.514394045 7.066537857 -0.008840635 -0.996044040 0.010648332 0.087776966
1750195084261378560.000000 8.024406433 -0.516411304 7.048185349 -0.014823658 -0.995966792 0.012263080 0.087635800
1750195084476492288.000000 8.026727676 -0.519381225 7.033050537 -0.012049343 -0.996055305 0.012987212 0.086948238
1750195084690717440.000000 8.027726173 -0.522271335 7.014344215 -0.011929614 -0.996067047 0.014306080 0.086622842
1750195084901514496.000000 8.028284073 -0.525797486 6.999997139 -0.013486091 -0.996099353 0.014598368 0.085971929
1750195085112263680.000000 8.030099869 -0.524430096 6.980820656 -0.015046037 -0.996116996 0.014792290 0.085474007
1750195085323063296.000000 8.030225754 -0.522350490 6.961745262 -0.014062146 -0.996172905 0.013787295 0.085157618
1750195085539460096.000000 8.032622337 -0.519902647 6.942077637 -0.011171064 -0.996263802 0.012340811 0.084742852
1750195085755600128.000000 8.037580490 -0.519802094 6.922566414 -0.010434845 -0.996263325 0.009335613 0.085225917
1750195085968950016.000000 8.039691925 -0.517195165 6.905051231 -0.008507410 -0.996420085 0.004973058 0.083963789
1750195086196555776.000000 8.042922974 -0.511708379 6.888587952 -0.005896274 -0.996579468 -0.000185590 0.082429864
1750195086419666944.000000 8.047758102 -0.506834269 6.866159439 -0.004101672 -0.996633291 -0.005066903 0.081729263
1750195086647429120.000000 8.050409317 -0.503318012 6.844202042 -0.001552114 -0.996533275 -0.009636986 0.082620919
1750195086867012352.000000 8.051051140 -0.501084387 6.827748299 -0.002186029 -0.996288955 -0.011788723 0.085232861
1750195087087364352.000000 8.051233292 -0.497851521 6.806649208 -0.002904499 -0.995817184 -0.011916301 0.090541430
1750195087318259968.000000 8.052190781 -0.496988714 6.783277512 0.002633327 -0.995473444 -0.012259578 0.094209298
1750195087545651200.000000 8.053340912 -0.496375799 6.763045311 0.006039064 -0.995141566 -0.010982099 0.097653970
1750195087771016960.000000 8.054135323 -0.495510936 6.744668007 0.006554418 -0.994855881 -0.009598599 0.100631677
1750195087995016192.000000 8.055187225 -0.497720838 6.728379250 0.004053063 -0.994847894 -0.007750135 0.101000927
1750195088219328512.000000 8.061088562 -0.496483475 6.707739830 0.005306132 -0.994729757 -0.005781251 0.102230720
1750195088447202560.000000 8.060659409 -0.498009771 6.694443703 0.006078728 -0.994795859 -0.004335025 0.101614684
1750195088666739712.000000 8.061851501 -0.503022671 6.680190086 0.005704119 -0.994802237 -0.003575786 0.101603612
1750195088895187456.000000 8.065831184 -0.503409147 6.662676811 0.008412072 -0.995114505 -0.002843461 0.098327525
1750195089135101184.000000 8.066305161 -0.502377033 6.657266617 0.011500502 -0.995917261 -0.003918195 0.089449510
1750195089357593088.000000 8.074920654 -0.503509998 6.643509865 0.010381025 -0.996465325 -0.004830818 0.083220668
1750195089579871744.000000 8.083244324 -0.505399704 6.629479408 0.005926303 -0.997006476 -0.005879315 0.076866992
1750195089801142016.000000 8.093608856 -0.502247572 6.614416122 0.002214104 -0.997518659 -0.006398157 0.070076525
1750195090022753536.000000 8.101322174 -0.503314853 6.599427223 0.001647033 -0.997982681 -0.008738311 0.062861770
1750195090244690176.000000 8.108795166 -0.502761483 6.583967209 -0.001454041 -0.998339772 -0.011196273 0.056483358
1750195090468728832.000000 8.115139961 -0.497979999 6.563986778 -0.005601504 -0.998569608 -0.012074541 0.051785335
1750195090691210752.000000 8.117374420 -0.496732116 6.547562599 -0.008883109 -0.998681068 -0.013816471 0.048646528
1750195090917376768.000000 8.121318817 -0.497188359 6.527795792 -0.007243337 -0.998740375 -0.014927914 0.047354307
1750195091135980032.000000 8.125527382 -0.499694586 6.508753777 -0.009544005 -0.998703599 -0.013589605 0.048118580
1750195091363188480.000000 8.124691010 -0.501941741 6.494780064 -0.012252279 -0.998709023 -0.011200107 0.048008937
1750195091595909888.000000 8.123443604 -0.504016817 6.478946209 -0.016122388 -0.998622477 -0.007219806 0.049408477
1750195091819711488.000000 8.124267578 -0.506977558 6.463156700 -0.018169118 -0.998489797 -0.001557300 0.051823575
1750195092036639232.000000 8.122052193 -0.511429787 6.450332642 -0.016030975 -0.998466551 0.005576476 0.052692518
1750195092265399296.000000 8.123908997 -0.519223869 6.433651924 -0.012799701 -0.998416603 0.011685605 0.053515788
1750195092486529280.000000 8.123897552 -0.522875249 6.420380592 -0.010311702 -0.998401165 0.019690748 0.051972106
1750195092704306944.000000 8.130267143 -0.522977054 6.401353359 -0.011324936 -0.998231232 0.028406456 0.050983418
1750195092920197120.000000 8.134951591 -0.525531173 6.391340256 -0.011528693 -0.998156607 0.035659481 0.047739599
1750195093133821696.000000 8.138717651 -0.530330539 6.374721050 -0.010787994 -0.998091996 0.041065775 0.044827979
1750195093336174336.000000 8.141958237 -0.534594655 6.354623795 -0.015275763 -0.997996271 0.045781579 0.040917117
1750195093535955712.000000 8.151639938 -0.538093686 6.342847347 -0.017189233 -0.997942507 0.049085040 0.037496977
1750195093734543360.000000 8.158554077 -0.537733197 6.326699734 -0.015589113 -0.998049259 0.051011648 0.032442056
1750195093935609344.000000 8.166240692 -0.539334893 6.310958385 -0.016513739 -0.998152375 0.051002607 0.028598862
1750195094136466688.000000 8.174476624 -0.538022637 6.293283939 -0.014321718 -0.998378456 0.049227763 0.024740197
1750195094333290496.000000 8.183483124 -0.535583854 6.275697231 -0.011196339 -0.998663843 0.045840494 0.021070214
1750195094534863104.000000 8.192548752 -0.529922664 6.257320881 -0.010974119 -0.998945236 0.041446984 0.016437763
1750195094740547328.000000 8.203939438 -0.523502052 6.240169525 -0.008813870 -0.999287426 0.034688309 0.011985745
1750195094947344896.000000 8.214117050 -0.519199610 6.220454693 -0.007421468 -0.999576032 0.027330553 0.006773593
1750195095157801984.000000 8.221729279 -0.513172030 6.200961590 -0.006568510 -0.999757171 0.020684073 0.003822083
1750195095364156672.000000 8.226836205 -0.510017991 6.178694248 -0.014187435 -0.999807715 0.013516416 0.000743552
1750195095576545536.000000 8.230587959 -0.506272674 6.156329155 -0.020472916 -0.999758422 0.007717679 0.002119513
1750195095787491072.000000 8.234527588 -0.504751563 6.133290291 -0.017084675 -0.999798477 0.003132165 0.010072886
1750195095997599232.000000 8.234140396 -0.505434334 6.112750053 -0.015283507 -0.999697804 -0.001202407 0.019216727
1750195096208361216.000000 8.234762192 -0.504588902 6.089950562 -0.014492075 -0.999303401 -0.002896266 0.034268342
1750195096416196608.000000 8.232634544 -0.502904594 6.071582317 -0.012989785 -0.998596013 -0.004568173 0.051152214
1750195096626838016.000000 8.228462219 -0.502950966 6.055055618 -0.012133579 -0.997551858 -0.005569967 0.068644114
1750195096835169024.000000 8.220697403 -0.507363737 6.041127205 -0.017838113 -0.996176362 -0.006101355 0.085307635
1750195097042698240.000000 8.218451500 -0.509686947 6.023952484 -0.026391108 -0.994167984 -0.006436124 0.104365513
1750195097258969344.000000 8.215059280 -0.506775260 6.007484436 -0.026229132 -0.992411792 -0.006691915 0.119942598
1750195097488452864.000000 8.209231377 -0.510418475 5.998298645 -0.019936303 -0.991577864 -0.009615629 0.127606839
1750195097720964864.000000 8.209182739 -0.508868217 5.980175972 -0.016570667 -0.990897775 -0.010786522 0.133157134
1750195097954562816.000000 8.208877563 -0.506373584 5.971418381 -0.015274176 -0.991488874 -0.011377781 0.128790930
1750195098187499008.000000 8.217324257 -0.504466414 5.962398529 -0.016250145 -0.992280245 -0.012143533 0.122345462
1750195098415667712.000000 8.219724655 -0.504984856 5.943660736 -0.016359067 -0.992743671 -0.012982588 0.118422881
1750195098638038016.000000 8.222036362 -0.506785035 5.929328918 -0.019379050 -0.992844164 -0.013341323 0.117076777
1750195098859613184.000000 8.225074768 -0.506382883 5.908706665 -0.019832902 -0.992855549 -0.013199862 0.116920389
1750195099080725760.000000 8.224340439 -0.507656038 5.896693230 -0.021105530 -0.992842793 -0.012746205 0.116856545
1750195099303519488.000000 8.223699570 -0.508803606 5.876976013 -0.019692848 -0.992413342 -0.013807994 0.120570779
1750195099528236544.000000 8.220041275 -0.508789003 5.863927841 -0.022601245 -0.991351664 -0.012569684 0.128659070
1750195099756224000.000000 8.215587616 -0.508985460 5.853061676 -0.023692949 -0.990033448 -0.012659756 0.138246685
1750195099985346560.000000 8.213572502 -0.505876362 5.831767082 -0.019702017 -0.989237487 -0.012258396 0.144467324
1750195100207549440.000000 8.209766388 -0.509000540 5.814961433 -0.017705090 -0.988948405 -0.011746012 0.146730259
1750195100429611520.000000 8.205034256 -0.508782148 5.801466942 -0.015616390 -0.988938928 -0.010005560 0.147159293
1750195100653313536.000000 8.201463699 -0.506602407 5.783344269 -0.013986055 -0.989051998 -0.008615215 0.146650359
1750195100874560000.000000 8.202154160 -0.510252357 5.763410568 -0.013785186 -0.988867044 -0.008281253 0.147930413
1750195101097418240.000000 8.198378563 -0.510022998 5.746716499 -0.014777840 -0.988870144 -0.006535298 0.147901192
1750195101317238528.000000 8.195252419 -0.509255767 5.728032112 -0.014525346 -0.988843024 -0.005897998 0.148134694
1750195101538579456.000000 8.191082001 -0.506959438 5.709677696 -0.011889664 -0.988854289 -0.005800202 0.148298040
1750195101760404736.000000 8.188238144 -0.503171563 5.690913200 -0.008193810 -0.988681257 -0.005885839 0.149691775
1750195101985701376.000000 8.182654381 -0.505222499 5.673003197 -0.013862708 -0.987864792 -0.005305645 0.154605553
1750195102213932800.000000 8.177034378 -0.507346034 5.656119347 -0.014629021 -0.986895859 -0.006638481 0.160557002
1750195102435982080.000000 8.174313545 -0.505283773 5.636376381 -0.011241291 -0.986255050 -0.006075750 0.164735392
1750195102657400320.000000 8.170985222 -0.505178571 5.619197845 -0.005967667 -0.986056507 -0.006385825 0.166181192
1750195102882491392.000000 8.168033600 -0.505629063 5.600132942 -0.000295028 -0.985943794 -0.006858136 0.166936725
1750195103108178176.000000 8.164696693 -0.504747510 5.584034920 0.003209259 -0.985950172 -0.005637942 0.166913942
1750195103334595328.000000 8.163825989 -0.504638076 5.564476013 0.003483580 -0.985949874 -0.004418380 0.166946679
1750195103561952256.000000 8.162471771 -0.504572630 5.547925949 0.004018436 -0.986002445 -0.003125364 0.166653171
1750195103785687552.000000 8.159676552 -0.505774558 5.533919334 0.003656299 -0.986102164 -0.001002666 0.166097075
1750195104008825344.000000 8.159275055 -0.504863918 5.515355110 0.006145191 -0.986015618 0.000992290 0.166536793
1750195104230976768.000000 8.158646584 -0.506082833 5.499731064 0.005586921 -0.986534655 0.001906208 0.163445666
1750195104454885888.000000 8.158414841 -0.507660449 5.484143257 0.003791192 -0.987185001 0.001565912 0.159527346
1750195104674462720.000000 8.157818794 -0.510578036 5.470555305 -0.000359430 -0.987842619 0.001782432 0.155447096
1750195104895417344.000000 8.158398628 -0.510071158 5.454642296 -0.002492408 -0.988315105 0.001659063 0.152395651
1750195105112428800.000000 8.158898354 -0.512317717 5.438207626 -0.006077486 -0.988763154 -0.000114026 0.149367318
1750195105326729472.000000 8.160579681 -0.510448754 5.419428825 -0.007652461 -0.988914192 -0.001041252 0.148287147
1750195105543407616.000000 8.158257484 -0.507206559 5.402664185 -0.008964518 -0.988586605 -0.001931689 0.150374517
1750195105764395776.000000 8.155700684 -0.502845705 5.387222290 -0.002975055 -0.987846732 -0.004305590 0.155343294
1750195105984347392.000000 8.153584480 -0.500237942 5.368848801 0.000800125 -0.987556398 -0.005552175 0.157165587
1750195106204633856.000000 8.153053284 -0.498248249 5.350181580 0.003748916 -0.987417698 -0.006534188 0.157954514
1750195106429488384.000000 8.152072906 -0.496533602 5.330801010 0.006195731 -0.987435818 -0.008217299 0.157685533
1750195106653739264.000000 8.151242256 -0.493610471 5.311137199 0.008436278 -0.987399459 -0.008995385 0.157766476
1750195106878031872.000000 8.148337364 -0.492556095 5.292254448 0.006192802 -0.986796558 -0.008225525 0.161637396
1750195107104003584.000000 8.141817093 -0.494760007 5.276088715 -0.000333216 -0.985917449 -0.008028735 0.167040050
1750195107324099584.000000 8.138855934 -0.491868436 5.257283211 0.001403490 -0.984871328 -0.010218283 0.172980189
1750195107546139648.000000 8.134929657 -0.487762511 5.240291595 0.003735355 -0.984538257 -0.012928146 0.174652159
1750195107770794496.000000 8.131921768 -0.483181119 5.221403122 0.003718396 -0.984328747 -0.015110031 0.175655589
1750195107999690496.000000 8.128614426 -0.481301785 5.202588081 0.002725262 -0.984109640 -0.017201934 0.176705733
1750195108226012672.000000 8.124803543 -0.481457293 5.183689117 0.002596791 -0.983684838 -0.018761367 0.178900540
1750195108454543872.000000 8.120938301 -0.480820477 5.166222572 0.002990481 -0.983194053 -0.017752543 0.181674004
1750195108679144448.000000 8.115703583 -0.482135534 5.150900841 0.003313692 -0.982518435 -0.015473182 0.185491949
1750195108906575104.000000 8.110273361 -0.483066559 5.135559082 0.000591101 -0.981421590 -0.011433594 0.191521779
1750195109130006784.000000 8.104163170 -0.485548139 5.119259834 0.000548867 -0.979515731 -0.007648072 0.201221749
1750195109364495360.000000 8.097244263 -0.487414092 5.106215477 0.003486769 -0.977671385 -0.004838175 0.210055068
1750195109585585664.000000 8.091847420 -0.489533067 5.090452194 0.010601015 -0.976506174 -0.003608911 0.215198353
1750195109802770688.000000 8.091077805 -0.493899167 5.077625275 0.017587330 -0.975753784 -0.004191294 0.218123198
1750195110033660160.000000 8.092105865 -0.496962905 5.062267303 0.022020498 -0.975023985 -0.005633871 0.220933378
1750195110261246208.000000 8.094863892 -0.497783840 5.047569275 0.022696508 -0.975020111 -0.007692221 0.220820144
1750195110483152128.000000 8.099155426 -0.493834049 5.032655716 0.020712163 -0.975561619 -0.009968971 0.218520269
1750195110702984192.000000 8.095939636 -0.490851223 5.017466545 0.021596828 -0.974000752 -0.013630465 0.225100741
1750195110928259840.000000 8.079588890 -0.487021685 5.007087708 0.020571020 -0.971663654 -0.017082673 0.234850705
1750195111153525504.000000 8.067770004 -0.481814742 4.992502213 0.016664606 -0.970146298 -0.021001978 0.241034076
1750195111367971328.000000 8.055145264 -0.476570249 4.976351738 0.014239477 -0.969120026 -0.024378126 0.244968221
1750195111581724416.000000 8.032059669 -0.475678384 4.959598541 0.012488060 -0.966911435 -0.024756437 0.253601015
1750195111794050048.000000 8.013541222 -0.475779980 4.941181183 0.011577124 -0.965045929 -0.023977090 0.260724753
1750195112007424768.000000 8.000091553 -0.476554632 4.922097206 0.009872791 -0.964367032 -0.022437299 0.263429821
1750195112230513920.000000 7.992624283 -0.478367448 4.905950546 0.008635398 -0.964407027 -0.021100398 0.263437629
1750195112450028800.000000 7.987619400 -0.478275955 4.890588760 0.009460249 -0.965751827 -0.021151016 0.258430988
1750195112669037312.000000 7.989612103 -0.478747904 4.873163223 0.011729368 -0.968191862 -0.021169350 0.249035880
1750195112884503040.000000 7.997402191 -0.477457404 4.856593132 0.011651306 -0.971263051 -0.021291574 0.236768022
1750195113098332416.000000 8.006753922 -0.475513875 4.840406418 0.008342650 -0.975101531 -0.021571260 0.220549598
1750195113312707328.000000 8.015330315 -0.471769691 4.825900078 0.003750972 -0.979064763 -0.020812221 0.202447817
1750195113542511616.000000 8.021428108 -0.471504301 4.808535576 0.000230101 -0.981622100 -0.021687645 0.189598843
1750195113770067200.000000 8.023077011 -0.472688854 4.791352272 -0.004236077 -0.982641816 -0.019303109 0.184457645
1750195113997182208.000000 8.019737244 -0.477673769 4.778466225 -0.009344634 -0.982940793 -0.016613547 0.182932287
1750195114233151488.000000 8.015026093 -0.478814900 4.762781143 -0.010805240 -0.982250392 -0.012758130 0.186827987
1750195114459537920.000000 8.008528709 -0.479530454 4.750164986 -0.009445828 -0.981598675 -0.007905942 0.190557823
1750195114684708352.000000 8.004095078 -0.481729835 4.734116554 -0.005878533 -0.981186390 -0.002738657 0.192953855
1750195114908870144.000000 7.999751091 -0.486544937 4.719193459 -0.001224518 -0.981021345 0.000287714 0.193895862
1750195115130323200.000000 7.996243954 -0.486251563 4.705281258 0.001797069 -0.980829477 0.004574439 0.194806263
1750195115347718656.000000 7.995567322 -0.492047131 4.687896729 0.004232881 -0.980743706 0.005464985 0.195176944
1750195115567568896.000000 7.993323326 -0.496948540 4.674867630 0.004222699 -0.981102347 0.007198232 0.193309605
1750195115789145088.000000 7.995093346 -0.500964582 4.660227776 -0.005362340 -0.982041657 0.009686426 0.188339025
1750195116013278976.000000 7.998892307 -0.505067647 4.647269249 -0.012767162 -0.983241260 0.009195883 0.181629092
1750195116233555712.000000 8.004256248 -0.498198986 4.634989738 -0.011036533 -0.984946549 0.007330816 0.172351062
1750195116450230784.000000 8.005914688 -0.501921535 4.617024422 -0.020005666 -0.985768139 0.004126723 0.166865259
1750195116674457600.000000 8.007165909 -0.497735858 4.602369308 -0.025399603 -0.986808240 0.000712317 0.159887046
1750195116902758656.000000 8.010098457 -0.492915690 4.584936142 -0.029282231 -0.987733424 -0.004205943 0.153322145
1750195117135478784.000000 8.012075424 -0.487088710 4.567823410 -0.027117455 -0.988554716 -0.010267689 0.148049816
1750195117356998912.000000 8.008542061 -0.486788332 4.547882080 -0.030328492 -0.988386273 -0.013294165 0.148310602
1750195117583490304.000000 8.006478310 -0.485855609 4.528806686 -0.032060344 -0.988466620 -0.016800119 0.147049680
1750195117813975040.000000 8.004570007 -0.483037710 4.507976532 -0.030386588 -0.988448083 -0.019022495 0.147259071
1750195118043311872.000000 7.999938011 -0.481587589 4.488903046 -0.029242592 -0.988279641 -0.019293210 0.148580015
1750195118276640768.000000 7.995585918 -0.479363263 4.471082687 -0.027813248 -0.988021135 -0.017705830 0.150755897
1750195118500429568.000000 7.993343830 -0.477291882 4.453187943 -0.024082961 -0.988050759 -0.015158670 0.151479140
1750195118727662848.000000 7.991933823 -0.478419065 4.433961868 -0.021876507 -0.987706423 -0.011301982 0.154368699
1750195118949435392.000000 7.989087105 -0.488527775 4.417893410 -0.026505843 -0.986705780 -0.004211877 0.160285890
1750195119170669056.000000 7.986952782 -0.497579396 4.403842926 -0.026974631 -0.985665202 0.002729205 0.166520461
1750195119395667200.000000 7.986413479 -0.500320792 4.389790535 -0.022083037 -0.984671056 0.008047665 0.172831088
1750195119615379968.000000 7.958806515 -0.510251284 4.405333519 -0.026128590 -0.986975610 0.012598686 0.158233270
1750195119824658944.000000 7.952300072 -0.507179976 4.419645309 -0.020630777 -0.989724159 0.016460888 0.140532777
1750195120026701056.000000 7.965231895 -0.503169537 4.420193672 -0.004206805 -0.992289186 0.016262393 0.122800894
1750195120237733120.000000 7.984847546 -0.507602274 4.421820641 -0.007175851 -0.994612992 0.017368913 0.101940766
1750195120444017152.000000 8.006965637 -0.504892886 4.420359135 -0.004353809 -0.996502578 0.018199738 0.081440248
1750195120657880576.000000 8.028617859 -0.501722157 4.419147968 -0.003329953 -0.997661054 0.017771486 0.065920778
1750195120883491840.000000 8.042177200 -0.505814731 4.415804863 -0.010766104 -0.998109818 0.018898277 0.057479631
1750195121116587264.000000 8.050617218 -0.503280103 4.411065102 -0.008929873 -0.998584867 0.018801903 0.048939131
1750195121368804864.000000 8.055492401 -0.504620373 4.409213066 -0.011296311 -0.998551071 0.020559896 0.048429798
1750195121634058240.000000 8.061040878 -0.506216466 4.399426937 -0.011845549 -0.998169005 0.022764267 0.054773852
1750195121864712192.000000 8.057906151 -0.509665251 4.387416840 -0.012572810 -0.997605264 0.024521733 0.063438341
1750195122070756864.000000 8.056914330 -0.522256851 4.382087231 -0.030318176 -0.996969819 0.025438819 0.066969320
1750195122314771968.000000 8.061841965 -0.524769187 4.380772114 -0.036818329 -0.996765316 0.025481967 0.066738814
1750195122536363776.000000 8.072036743 -0.517845869 4.376302242 -0.026597824 -0.997332871 0.023727376 0.063693196
1750195122748730368.000000 8.086127281 -0.515704989 4.374085903 -0.021681493 -0.997980356 0.019148547 0.056556348
1750195122956438784.000000 8.106797218 -0.517980397 4.375307083 -0.030112695 -0.998449862 0.015672732 0.044107538
1750195123164797440.000000 8.128842354 -0.507863402 4.381647587 -0.024219833 -0.999247909 0.011760604 0.027906187
1750195123389634304.000000 8.148767471 -0.504328728 4.383342743 -0.019382419 -0.999644637 0.007070742 0.016880199
1750195123624079104.000000 8.158754349 -0.507482469 4.378530979 -0.025123155 -0.999428391 0.009483282 0.020538440
1750195123862972672.000000 8.167057037 -0.505365729 4.372924328 -0.022722712 -0.999377370 0.011213083 0.024551144
1750195124090750976.000000 8.170777321 -0.508811951 4.363960266 -0.024648769 -0.998975217 0.015609565 0.034601584
1750195124301771008.000000 8.169457436 -0.514321566 4.351753235 -0.024331911 -0.998235464 0.022025082 0.049486376
1750195124510339072.000000 8.168449402 -0.519508898 4.336493015 -0.023312978 -0.997007132 0.030543942 0.067085139
1750195124718284032.000000 8.162334442 -0.527097166 4.324477196 -0.020170264 -0.995576620 0.037887119 0.083576560
1750195124921698560.000000 8.159900665 -0.531059861 4.312016487 -0.016201466 -0.993478894 0.047780234 0.102246523
1750195125122770432.000000 8.155830383 -0.538296700 4.301297188 -0.012322798 -0.991235077 0.057730753 0.118187726
1750195125323764480.000000 8.149518967 -0.551247120 4.294295311 -0.020090664 -0.988875329 0.067168392 0.131188840
1750195125523114752.000000 8.145038605 -0.562642753 4.286994934 -0.026737755 -0.986570239 0.074464679 0.142896086
1750195125732947456.000000 8.138694763 -0.568173766 4.284773827 -0.026475593 -0.984831512 0.079842120 0.151760370
1750195125945083648.000000 8.131984711 -0.571743011 4.278949738 -0.024565762 -0.983317316 0.083329372 0.159812227
1750195126153575424.000000 8.123388290 -0.576522470 4.270160675 -0.023019036 -0.981554151 0.086541593 0.168914557
1750195126359835904.000000 8.111664772 -0.578430414 4.261439323 -0.021192547 -0.979720771 0.089362852 0.178079933
1750195126566118400.000000 8.099564552 -0.579602122 4.252233505 -0.017447514 -0.978139043 0.090107888 0.186601803
1750195126771276032.000000 8.090050697 -0.578845739 4.240176201 -0.015253243 -0.976800621 0.090202451 0.193627030
1750195126976368384.000000 8.082784653 -0.577325344 4.226840019 -0.015336116 -0.976175308 0.089812174 0.196927443
1750195127180731904.000000 8.076139450 -0.575940132 4.212875366 -0.015254185 -0.976314962 0.087523773 0.197271600
1750195127384566784.000000 8.072103500 -0.572780013 4.197650909 -0.019363701 -0.976638198 0.086046554 0.195956647
1750195127590850816.000000 8.069291115 -0.572749794 4.184010506 -0.023110494 -0.977496684 0.081672594 0.193121269
1750195127799937536.000000 8.064607620 -0.569921315 4.170572281 -0.030871952 -0.977939665 0.076969296 0.191720411
1750195128012149248.000000 8.062162399 -0.564779401 4.161332130 -0.031420171 -0.978185236 0.068303183 0.193651959
1750195128220331776.000000 8.052013397 -0.555149674 4.147452354 -0.033028908 -0.977701366 0.058928471 0.198838323
1750195128423210752.000000 8.040846825 -0.549270511 4.136720657 -0.038493432 -0.976015091 0.050237104 0.208300546
1750195128619421440.000000 8.026432037 -0.545451343 4.123645782 -0.045715697 -0.973365009 0.042875178 0.220527798
1750195128820202752.000000 8.008904457 -0.543418109 4.113074303 -0.053543985 -0.970065475 0.037305146 0.233911157
1750195129022241280.000000 7.991170883 -0.538040638 4.101726532 -0.058333844 -0.966471672 0.032526169 0.247935206
1750195129228638976.000000 7.982714653 -0.542048335 4.096920967 -0.058141675 -0.963158786 0.029402627 0.260921985
1750195129435327232.000000 7.974785328 -0.543856859 4.094361305 -0.061315794 -0.959063590 0.027910190 0.275060892
1750195129645560064.000000 7.966128826 -0.543863058 4.090753555 -0.062865034 -0.955386996 0.027800566 0.287247181
1750195129864989952.000000 7.958530903 -0.541837752 4.084115982 -0.064018793 -0.952113152 0.029482100 0.297511280
1750195130088061184.000000 7.951579094 -0.543885469 4.075254440 -0.058921866 -0.950821519 0.031201916 0.302478403
1750195130310083072.000000 7.944089890 -0.545890749 4.064431190 -0.052734584 -0.950244367 0.033790354 0.305144280
1750195130521847040.000000 7.937180042 -0.550257564 4.052639961 -0.046887323 -0.950157166 0.038370349 0.305827916
1750195130729224192.000000 7.930398941 -0.552087069 4.037792206 -0.039257225 -0.950366914 0.044149850 0.305471003
1750195130931823360.000000 7.924972057 -0.553120017 4.020226479 -0.031482778 -0.950093448 0.050543159 0.306229830
1750195131139994112.000000 7.919383526 -0.560594380 4.012889862 -0.033565592 -0.950635433 0.057781726 0.303029686
1750195131351290112.000000 7.913352489 -0.567232668 4.002034187 -0.037456285 -0.951669455 0.063769400 0.298087031
1750195131559331840.000000 7.914638996 -0.571804821 3.994224548 -0.041746397 -0.953141093 0.068729818 0.291642666
1750195131767460608.000000 7.912035942 -0.576274037 3.986401558 -0.044873249 -0.955303669 0.071717523 0.283263028
1750195131970420224.000000 7.912076950 -0.578750074 3.974836349 -0.042353012 -0.958023429 0.071137287 0.274475574
1750195132178162944.000000 7.912820816 -0.574392378 3.966699600 -0.037507161 -0.960685074 0.070008785 0.266038001
1750195132401438976.000000 7.911516190 -0.578228295 3.958163261 -0.042769354 -0.961646795 0.068476602 0.262139797
1750195132630047232.000000 7.911590099 -0.571758807 3.952106476 -0.041626606 -0.962242126 0.064553812 0.261132300
1750195132865698304.000000 7.908147335 -0.565982223 3.942889214 -0.040405836 -0.962490439 0.058738209 0.261781365
1750195133085598720.000000 7.898827553 -0.563944340 3.933967590 -0.047241997 -0.961235344 0.054267306 0.266176522
1750195133288055552.000000 7.886518955 -0.559138238 3.926047325 -0.054558109 -0.959188521 0.048463978 0.273188859
1750195133500081920.000000 7.875112057 -0.549850762 3.918845177 -0.055780534 -0.957527101 0.040010683 0.280053020
1750195133702232064.000000 7.857878685 -0.545060217 3.911051750 -0.064827859 -0.954216719 0.034698498 0.289937645
1750195133903294208.000000 7.839463234 -0.539855540 3.900951385 -0.073622316 -0.949886918 0.029529339 0.302361816
1750195134111980544.000000 7.819650650 -0.535073221 3.896914482 -0.078831024 -0.945839226 0.023678029 0.314027578
1750195134324197376.000000 7.797905922 -0.526650667 3.889732361 -0.083322115 -0.941210508 0.020017983 0.326771319
1750195134538072320.000000 7.777653694 -0.522009015 3.887003899 -0.086959645 -0.936582029 0.015682854 0.339125782
1750195134754596096.000000 7.758579254 -0.516643882 3.879572868 -0.091090776 -0.931418419 0.012824346 0.352133155
1750195134975428608.000000 7.739411354 -0.511858344 3.875671387 -0.092841379 -0.927856028 0.009262708 0.361078858
1750195135195161856.000000 7.722554684 -0.509134769 3.868155479 -0.089595921 -0.926565349 0.006037048 0.365257233
1750195135415687168.000000 7.711989403 -0.510320306 3.857719421 -0.090452716 -0.925314069 0.005500652 0.368214518
1750195135633864192.000000 7.698593140 -0.508562386 3.845658302 -0.090183124 -0.924544811 0.006549038 0.370190531
1750195135855082752.000000 7.691814899 -0.508276999 3.834735870 -0.088882253 -0.924369514 0.007878686 0.370916337
1750195136077810176.000000 7.682285309 -0.506241262 3.818628311 -0.085265011 -0.924483716 0.010023658 0.371428728
1750195136302585856.000000 7.670833588 -0.507221043 3.807050705 -0.084352396 -0.924628317 0.013881877 0.371152997
1750195136524063488.000000 7.659711838 -0.508720815 3.797248840 -0.083209820 -0.924891949 0.017248368 0.370612353
1750195136760264448.000000 7.651385307 -0.511543155 3.789232254 -0.083785251 -0.925283670 0.020009248 0.369364172
1750195136987876352.000000 7.640981674 -0.514539778 3.780510902 -0.084714495 -0.926090896 0.021103291 0.367061108
1750195137235547648.000000 7.633061409 -0.514134645 3.774975777 -0.088572174 -0.925711870 0.021777920 0.367067277
1750195137484821760.000000 7.624085426 -0.511106849 3.771348953 -0.091183238 -0.924457729 0.019136487 0.369726151
1750195137737084160.000000 7.614154339 -0.505936980 3.769478798 -0.092599988 -0.922402084 0.015248738 0.374656081
1750195137962006016.000000 7.601864338 -0.505029321 3.769760132 -0.093686469 -0.918422878 0.010022023 0.384215921
1750195138183092736.000000 7.588353157 -0.499143183 3.770843506 -0.095899053 -0.913452327 0.005763387 0.395442933
1750195138409398784.000000 7.573345184 -0.495676041 3.769933701 -0.097537078 -0.907897353 0.003709838 0.407670587
1750195138632521728.000000 7.558608055 -0.496879935 3.775568962 -0.099681064 -0.902710557 0.002125604 0.418536484
1750195138856105984.000000 7.538597584 -0.489602208 3.772644997 -0.097370781 -0.897204995 0.000580579 0.430745691
1750195139081619200.000000 7.518752098 -0.487504363 3.773243904 -0.097600847 -0.891422689 -0.000285045 0.442537844
1750195139302544896.000000 7.500053406 -0.484132707 3.773281097 -0.098522089 -0.884800673 -0.000341193 0.455435127
1750195139524930816.000000 7.482929230 -0.484737128 3.774402618 -0.098845020 -0.877747595 -0.001515308 0.468813986
1750195139758833920.000000 7.465488911 -0.483028412 3.774440765 -0.095104121 -0.873997808 -0.003370246 0.476520479
1750195139977345536.000000 7.446852684 -0.483672321 3.771635056 -0.087042183 -0.872013986 -0.008306756 0.481608063
1750195140196174080.000000 7.430082321 -0.482720196 3.765477180 -0.078978851 -0.869946837 -0.013711884 0.486586988
1750195140418379008.000000 7.413276672 -0.481226325 3.756996155 -0.074274592 -0.868590295 -0.017817913 0.489608675
1750195140638470400.000000 7.398784637 -0.477988243 3.747499466 -0.073025003 -0.866846144 -0.019802865 0.492801249
1750195140860513024.000000 7.382878304 -0.472228616 3.741167068 -0.076852322 -0.865500152 -0.019180709 0.494606107
1750195141074021632.000000 7.364560127 -0.468748510 3.728999138 -0.078055412 -0.866123557 -0.019720482 0.493303657
1750195141295980288.000000 7.346666813 -0.468559593 3.725399971 -0.084232748 -0.862896919 -0.017958503 0.497987121
1750195141506215936.000000 7.329454899 -0.470315456 3.729271889 -0.097611181 -0.855417967 -0.012672712 0.508499384
1750195141723124992.000000 7.309903145 -0.467483342 3.734397888 -0.104348421 -0.848774195 -0.010328982 0.518253982
1750195141951269120.000000 7.292648315 -0.463180274 3.743088722 -0.104974888 -0.843021393 -0.011980832 0.527400851
1750195142183725056.000000 7.276106834 -0.458310723 3.748238564 -0.106154196 -0.837139249 -0.011090461 0.536475718
1750195142415461120.000000 7.260457993 -0.456079066 3.749231339 -0.106483996 -0.833871782 -0.008726506 0.541519105
1750195142647199488.000000 7.242238998 -0.451829493 3.743399620 -0.105754800 -0.834786355 -0.003381692 0.540311337
1750195142868384512.000000 7.226871014 -0.449276328 3.736542702 -0.102379203 -0.836595118 0.003002383 0.538161874
1750195143099110912.000000 7.210394382 -0.448216796 3.731028557 -0.096756034 -0.837429523 0.007128761 0.537865520
1750195143329811712.000000 7.194705963 -0.450817943 3.727898598 -0.091932066 -0.836915255 0.009175406 0.539478660
1750195143556992000.000000 7.179636002 -0.449067593 3.723512650 -0.088021778 -0.835514069 0.011313004 0.542255044
1750195143784237568.000000 7.163265228 -0.449957669 3.720518112 -0.087753624 -0.834106922 0.012902526 0.544425011
1750195144011282176.000000 7.145038605 -0.448591650 3.717080116 -0.086905256 -0.832938671 0.013249744 0.546338022
1750195144241728000.000000 7.129903316 -0.443608701 3.715593338 -0.085118599 -0.831963956 0.012912837 0.548109591
1750195144467275520.000000 7.111422539 -0.442131728 3.712587357 -0.083985023 -0.830822945 0.012615202 0.550018787
1750195144699987712.000000 7.091536522 -0.441839099 3.717543602 -0.085628793 -0.828942895 0.012599331 0.552596390
1750195144938034944.000000 7.078164101 -0.439223021 3.716365337 -0.085348412 -0.825734377 0.012214845 0.557430923
1750195145169738752.000000 7.063685417 -0.438189983 3.714653969 -0.080171511 -0.824629188 0.009281702 0.559886754
1750195145400215296.000000 7.047750473 -0.437503666 3.712825775 -0.076781482 -0.823837698 0.008101701 0.561542869
1750195145630444288.000000 7.032529831 -0.436924160 3.711055279 -0.073617384 -0.823406816 0.007502723 0.562605977
1750195145855801856.000000 7.016767979 -0.435331643 3.707545280 -0.071446255 -0.822752357 0.007532731 0.563841581
1750195146084975104.000000 7.000233650 -0.433521569 3.704338074 -0.069436908 -0.822254598 0.007064876 0.564823925
1750195146316326912.000000 6.982868671 -0.430802643 3.701001644 -0.069225237 -0.821273625 0.005634123 0.566291332
1750195146551512576.000000 6.966472626 -0.426649272 3.699100018 -0.070359603 -0.820314765 0.004640196 0.567548931
1750195146783319296.000000 6.950022697 -0.425545394 3.697979927 -0.074415103 -0.819238424 0.003605383 0.568592787
1750195147012335616.000000 6.933427334 -0.422285914 3.697741508 -0.076817423 -0.819052994 0.002645956 0.568545818
1750195147246132480.000000 6.917061329 -0.418695211 3.696553230 -0.079268374 -0.819584608 0.001901174 0.567445219
1750195147488281088.000000 6.900643349 -0.417006850 3.693786621 -0.077742860 -0.820778489 0.000941880 0.565931022
1750195147724689664.000000 6.885590076 -0.415521085 3.692113876 -0.076408602 -0.821960211 -0.000098152 0.564396322
1750195147961863680.000000 6.868868828 -0.414044559 3.691191196 -0.074519001 -0.823067248 -0.000265072 0.563033998
1750195148200259072.000000 6.857277870 -0.415445834 3.689507484 -0.073497720 -0.824119806 0.000242473 0.561626732
1750195148483156992.000000 6.846180916 -0.419212013 3.685691357 -0.068278290 -0.826226413 -0.000162555 0.559185088
1750195148736552960.000000 6.841383457 -0.423244596 3.680331230 -0.060115121 -0.828124762 -0.000587995 0.557310820
1750195148961088768.000000 6.835333824 -0.428837508 3.673080444 -0.049777314 -0.832451522 0.000013093 0.551857650
1750195149184242176.000000 6.829910755 -0.436930954 3.664310932 -0.045261376 -0.837045908 0.006151480 0.545222580
1750195149398713088.000000 6.824583054 -0.442458838 3.659847736 -0.052133836 -0.839861691 0.018414460 0.539977252
1750195149614455808.000000 6.812871933 -0.442204088 3.654329777 -0.063092910 -0.841640711 0.032595363 0.535348356
1750195149845977088.000000 6.799357891 -0.442216575 3.649038315 -0.063963637 -0.843217790 0.037588626 0.532428026
1750195150064883968.000000 6.783554077 -0.443618417 3.644515038 -0.065211684 -0.842995942 0.039750375 0.532470942
1750195150282571776.000000 6.767957687 -0.439294994 3.639070034 -0.065683879 -0.842355371 0.040811673 0.533345520
1750195150498185984.000000 6.750239849 -0.434911430 3.633815289 -0.065391324 -0.841624856 0.039509263 0.534631371
1750195150715517952.000000 6.732928276 -0.428897440 3.628061295 -0.064086705 -0.839918494 0.035405252 0.537751138
1750195150936682496.000000 6.714746475 -0.421449780 3.623394489 -0.060422767 -0.838256657 0.028077140 0.541189909
1750195151169834496.000000 6.698376179 -0.415175229 3.613193989 -0.060209524 -0.839839935 0.021812607 0.539043546
1750195151392280064.000000 6.685624123 -0.416294575 3.602023125 -0.053631831 -0.841350377 0.012457697 0.537678361
1750195151619874816.000000 6.677230358 -0.421187937 3.595852375 -0.049016193 -0.841846526 0.005171419 0.537461817
1750195151862813952.000000 6.668691158 -0.418400466 3.590954781 -0.057185136 -0.841035247 0.004780008 0.537928164
1750195152085494528.000000 6.662384510 -0.420656800 3.587193966 -0.044662740 -0.842301250 -0.003208823 0.537143946
1750195152330726912.000000 6.655450821 -0.423271090 3.584852695 -0.038586941 -0.842256606 -0.005909730 0.537661672
1750195152563223808.000000 6.649054527 -0.420901388 3.585125446 -0.046419092 -0.839477301 -0.001399249 0.541406691
1750195152777619968.000000 6.637762547 -0.422733963 3.584078789 -0.046630677 -0.840061307 0.002668035 0.540477157
1750195153003344896.000000 6.624231815 -0.427244812 3.583053589 -0.043596085 -0.839453697 0.008063568 0.541619599
1750195153223604480.000000 6.610321522 -0.430568427 3.580483913 -0.041936830 -0.839641869 0.016341232 0.541272402
1750195153432859648.000000 6.598785877 -0.434675783 3.577005386 -0.043705754 -0.840097487 0.028703021 0.539909482
1750195153633458688.000000 6.583584785 -0.437817633 3.574201584 -0.045705099 -0.841652155 0.042409647 0.536408544
1750195153841328640.000000 6.567691803 -0.441043675 3.570916653 -0.045625180 -0.842853665 0.053668652 0.533512652
1750195154047639808.000000 6.552537918 -0.444055080 3.569307804 -0.039379414 -0.842986524 0.057759967 0.533373058
1750195154254431232.000000 6.536928177 -0.447298706 3.567527771 -0.036127530 -0.841783464 0.061456066 0.535087585
1750195154456068352.000000 6.522145748 -0.450006783 3.565357208 -0.034680389 -0.839960039 0.064535074 0.537679911
1750195154663087616.000000 6.508281708 -0.455681324 3.563865185 -0.028510040 -0.834817469 0.060611960 0.546436787
1750195154868340992.000000 6.498286247 -0.455641210 3.567473888 -0.026603330 -0.829306602 0.058599886 0.555075586
1750195155066830336.000000 6.487388134 -0.451819718 3.570913315 -0.029089438 -0.822483659 0.058064945 0.565069079
1750195155270795008.000000 6.476697445 -0.448790669 3.577538967 -0.034552343 -0.815538466 0.057509322 0.574800789
1750195155470475776.000000 6.462347507 -0.444923878 3.584785461 -0.034071159 -0.809553385 0.051459309 0.583793223
1750195155672111104.000000 6.451887131 -0.436583042 3.591137409 -0.039975632 -0.802109838 0.049138926 0.593807399
1750195155871377152.000000 6.441380978 -0.427789569 3.599453449 -0.044711106 -0.794768333 0.043853719 0.603672981
1750195156070587136.000000 6.430863380 -0.424687177 3.600287914 -0.040592931 -0.791118085 0.031034986 0.609525502
1750195156267383552.000000 6.421649933 -0.418909431 3.593651295 -0.031142170 -0.787598848 0.013376676 0.615255535
1750195156476293632.000000 6.414150715 -0.407838792 3.589337349 -0.034099780 -0.782540619 0.003483734 0.621655345
1750195156685766144.000000 6.406198502 -0.390624762 3.588381290 -0.046958875 -0.776566029 0.001390900 0.628282011
1750195156907515648.000000 6.394135475 -0.383090258 3.592389107 -0.056637883 -0.770213842 -0.001749847 0.635263622
1750195157140804096.000000 6.379483223 -0.385216653 3.598032951 -0.051746491 -0.766195953 -0.010635057 0.640431941
1750195157379662336.000000 6.368202686 -0.388483703 3.601434231 -0.046905462 -0.762833238 -0.018125780 0.644636929
1750195157626825216.000000 6.356239796 -0.386393845 3.603488445 -0.043016881 -0.760800838 -0.022648415 0.647162080
1750195157868649472.000000 6.345242500 -0.383743703 3.606051445 -0.043499105 -0.758322895 -0.020622546 0.650099218
1750195158110090496.000000 6.332094193 -0.387091726 3.607610703 -0.042046286 -0.755218446 -0.016052371 0.653926313
1750195158344751360.000000 6.319421768 -0.390129209 3.606563568 -0.036038015 -0.750953496 -0.014334342 0.659215212
1750195158581779200.000000 6.309360981 -0.394095927 3.605025053 -0.031620514 -0.748614550 -0.010371856 0.662169874
1750195158799288832.000000 6.296810150 -0.396446019 3.606483936 -0.024893329 -0.741358042 -0.008923849 0.670588613
1750195159020630016.000000 6.287757874 -0.395275563 3.610489845 -0.022588115 -0.733166397 -0.006268264 0.679645240
1750195159254131200.000000 6.283870697 -0.393517017 3.613225937 -0.025274483 -0.728395462 -0.000776102 0.684690237
1750195159487731200.000000 6.279137611 -0.394986391 3.613187551 -0.021626046 -0.726158082 -0.001933953 0.687184930
1750195159715626240.000000 6.272484303 -0.397706300 3.608480453 -0.013311667 -0.726381302 -0.007810499 0.687118649
1750195159970627840.000000 6.270747185 -0.396437585 3.604803085 -0.015130392 -0.726092577 -0.005356018 0.687409699
1750195160227305472.000000 6.266973019 -0.393824935 3.604456902 -0.020082692 -0.725749969 -0.000771435 0.687664986
1750195160461416448.000000 6.258649826 -0.395350575 3.598994493 -0.012604243 -0.728771031 -0.005919959 0.684615970
1750195160684130304.000000 6.252140045 -0.401023686 3.588281393 -0.004298334 -0.732234120 -0.013210929 0.680911422
1750195160927335424.000000 6.245444298 -0.400016367 3.579763412 -0.006539572 -0.733445466 -0.009667139 0.679648221
1750195161140878336.000000 6.240074158 -0.397652149 3.577661991 -0.018804671 -0.732267320 0.004504973 0.680742800
1750195161356416768.000000 6.233133316 -0.399853736 3.582572460 -0.032046475 -0.730102599 0.022053253 0.682229340
1750195161583608576.000000 6.221023083 -0.404240519 3.589951277 -0.034571525 -0.731049716 0.032999873 0.680648327
1750195161800420608.000000 6.210495472 -0.411880553 3.596252203 -0.032067847 -0.730903268 0.037707388 0.680683732
1750195162020414720.000000 6.198551178 -0.417365849 3.605779886 -0.028466862 -0.728356361 0.040554825 0.683404744
1750195162242579712.000000 6.184043884 -0.419409513 3.611531258 -0.025964847 -0.723453820 0.044568483 0.688443244
1750195162450271744.000000 6.169069290 -0.420955777 3.614386082 -0.020604737 -0.719828725 0.046200562 0.692306101
1750195162658565632.000000 6.155256748 -0.423448831 3.613294840 -0.015036237 -0.720071793 0.045922335 0.692215085
1750195162868249088.000000 6.140450478 -0.423820496 3.607474327 -0.010491827 -0.722227335 0.044942826 0.690114319
1750195163075558144.000000 6.124855995 -0.424733758 3.600466728 -0.005347588 -0.725516081 0.042068996 0.686897457
1750195163273012992.000000 6.107835293 -0.423865288 3.591104031 -0.006516687 -0.730973601 0.045048077 0.680886090
1750195163471235072.000000 6.091980934 -0.423968226 3.580667734 -0.004299834 -0.741006613 0.043472670 0.670075357
1750195163668604928.000000 6.075369835 -0.421051562 3.566348791 -0.007757856 -0.752639532 0.044172980 0.656903684
1750195163875553280.000000 6.061163902 -0.415621132 3.554513454 -0.010717277 -0.761875868 0.042035393 0.646268904
1750195164092557056.000000 6.046307564 -0.412122130 3.548775673 -0.011735498 -0.766670823 0.039011013 0.640746772
1750195164311603968.000000 6.032038212 -0.413864404 3.546829224 -0.012638522 -0.769253433 0.038085815 0.637682557
1750195164530175488.000000 6.015806675 -0.415113091 3.543168068 -0.011339164 -0.771491766 0.037203345 0.635049462
1750195164754733824.000000 6.002066612 -0.416068435 3.542179108 -0.010678621 -0.774078190 0.039293222 0.631779253
1750195164989217024.000000 5.989137650 -0.416936368 3.540403843 -0.008895048 -0.776566982 0.042291798 0.628550828
1750195165217191424.000000 5.979891777 -0.420421511 3.539295673 -0.002618438 -0.778620005 0.042200636 0.626069665
1750195165448286464.000000 5.970161438 -0.421483189 3.536665440 0.004168278 -0.781327009 0.040673491 0.622781217
1750195165702836480.000000 5.965650558 -0.421849519 3.532830238 0.004679409 -0.783555388 0.042037930 0.619880557
1750195165959374080.000000 5.959630966 -0.425352365 3.530648708 0.005898126 -0.786019087 0.042236149 0.616729617
1750195166215751424.000000 5.956008911 -0.430131018 3.528079510 0.005263613 -0.787889242 0.044252314 0.614202440
1750195166475548416.000000 5.950661659 -0.431675404 3.527317047 0.002596448 -0.789278269 0.048048701 0.612147450
1750195166726487040.000000 5.942243576 -0.429713339 3.528249741 0.005554916 -0.791229129 0.048397560 0.609576404
1750195166980407552.000000 5.938583374 -0.434359342 3.528542519 0.008620705 -0.792780936 0.048681539 0.607498348
1750195167208341504.000000 5.932708740 -0.438733459 3.525987148 0.015641544 -0.795344710 0.046376664 0.604178250
1750195167443410944.000000 5.929234028 -0.441574991 3.521054268 0.019514006 -0.798626482 0.046116449 0.599740207
1750195167681198080.000000 5.926368713 -0.441045195 3.520480633 0.017382154 -0.800770938 0.050265223 0.596604824
1750195167900132096.000000 5.922091484 -0.445186347 3.514847279 0.021882849 -0.804299295 0.048518963 0.591835916
1750195168133195776.000000 5.919062614 -0.445656210 3.513575554 0.020888001 -0.806975067 0.050658479 0.588038087
1750195168375022080.000000 5.912557602 -0.445999801 3.509984970 0.020825544 -0.809817791 0.052144416 0.583988488
1750195168587809280.000000 5.906689167 -0.447159946 3.504524231 0.024307290 -0.813883960 0.051252663 0.578251958
1750195168825923584.000000 5.902305126 -0.448012292 3.503081799 0.023229634 -0.817493737 0.053379260 0.572987735
1750195169065347072.000000 5.896168709 -0.452673018 3.498696327 0.022830058 -0.821121216 0.055431355 0.567596912
1750195169300301312.000000 5.894280434 -0.453043282 3.496535301 0.023919772 -0.825124025 0.056532647 0.561606884
1750195169517232640.000000 5.888452530 -0.453232348 3.488007545 0.028300136 -0.828474045 0.053760163 0.556722343
1750195169754363136.000000 5.880770206 -0.455197275 3.483804226 0.026070625 -0.830542743 0.055365108 0.553582788
1750195169985786624.000000 5.873906612 -0.458002925 3.480184555 0.021873310 -0.831958175 0.057131737 0.551455498
1750195170211476224.000000 5.866976738 -0.458603859 3.478024483 0.018871173 -0.833647966 0.056908097 0.549032390
1750195170425918208.000000 5.861080170 -0.452375233 3.473280907 0.023541668 -0.836400032 0.051079635 0.545226395
1750195170642305536.000000 5.853255272 -0.452234864 3.469774246 0.019075660 -0.837279081 0.051899076 0.543972790
1750195170854523904.000000 5.839109421 -0.453239799 3.463316441 0.014105313 -0.837841034 0.053300466 0.543122828
1750195171061078272.000000 5.829591274 -0.451746702 3.460575581 0.009631346 -0.838680625 0.055586390 0.541693926
1750195171270462976.000000 5.816265583 -0.448907912 3.453810692 0.006661997 -0.839837253 0.057496961 0.539743662
1750195171478187520.000000 5.805754662 -0.448071599 3.451228142 0.007328795 -0.840934336 0.058367066 0.537930369
1750195171684333568.000000 5.795068741 -0.454594612 3.444739342 0.013090124 -0.841477275 0.055444390 0.537280619
1750195171893821952.000000 5.786304951 -0.457134962 3.441159248 0.017222123 -0.841478229 0.055620085 0.537144482
1750195172101023488.000000 5.774780273 -0.461494565 3.433991909 0.021855570 -0.841304421 0.054335091 0.537379742
1750195172309907456.000000 5.766530514 -0.462286353 3.430090904 0.026798092 -0.841021121 0.054264110 0.537606597
1750195172535863040.000000 5.760076523 -0.463295460 3.423877716 0.028117562 -0.840693176 0.056255925 0.537847281
1750195172756144128.000000 5.749741554 -0.465729058 3.418538570 0.027743293 -0.841498494 0.057531644 0.536470652
1750195172959983872.000000 5.741543293 -0.467644632 3.413334370 0.025973534 -0.843209684 0.058928657 0.533713758
1750195173163314432.000000 5.734155178 -0.467818201 3.408507347 0.024779782 -0.845601141 0.059356745 0.529926002
1750195173369541120.000000 5.724683285 -0.466775179 3.400033951 0.023869546 -0.848128915 0.058657832 0.525991380
1750195173575050240.000000 5.714685440 -0.463322222 3.390463829 0.023617037 -0.851038814 0.056899529 0.521476388
1750195173784596736.000000 5.703848362 -0.461011350 3.382516861 0.019156795 -0.852906883 0.056984141 0.518590152
1750195173992796416.000000 5.692129612 -0.460706234 3.377903938 0.012452712 -0.852826416 0.057679765 0.518849850
1750195174213039360.000000 5.678719521 -0.457045972 3.375531197 0.008259838 -0.850759685 0.056213640 0.522474825
1750195174427306752.000000 5.665856361 -0.453896880 3.377145290 0.004480354 -0.846906662 0.055518363 0.528816402
1750195174642761728.000000 5.652907372 -0.454180777 3.380566120 0.000927592 -0.842223167 0.053842571 0.536433041
1750195174855313408.000000 5.639151096 -0.451569259 3.382998466 -0.001061232 -0.837617218 0.051757503 0.543799162
1750195175069345024.000000 5.626204967 -0.452354610 3.386242390 -0.005842505 -0.832969069 0.052560098 0.550786674
1750195175305462784.000000 5.615531445 -0.452492952 3.389661312 -0.005987833 -0.829331160 0.052056137 0.556295037
1750195175547896320.000000 5.604437351 -0.453209460 3.390046597 -0.002401502 -0.826552749 0.049929276 0.560635328
1750195175789186304.000000 5.596468925 -0.455043018 3.393008232 0.001086512 -0.823910892 0.048802424 0.564613283
1750195176029340160.000000 5.585793018 -0.456885397 3.391861916 0.002207005 -0.821043611 0.049085829 0.568747044
1750195176268540160.000000 5.576946259 -0.458305955 3.391601562 0.004196310 -0.819414794 0.049076695 0.571080863
1750195176507244288.000000 5.568173409 -0.459109426 3.389115810 0.004639953 -0.818911552 0.050041474 0.571715176
1750195176734035968.000000 5.558627605 -0.461016178 3.388099194 0.001108207 -0.819965124 0.052603744 0.569990277
1750195176945522432.000000 5.549071789 -0.462858260 3.385071754 -0.003221220 -0.822701335 0.054641645 0.565832496
1750195177175268864.000000 5.541581154 -0.460411131 3.378878117 -0.005119192 -0.825892508 0.053708658 0.561240494
1750195177386497280.000000 5.535746574 -0.456987858 3.371918678 -0.004935849 -0.829889596 0.049694233 0.555688322
1750195177600680960.000000 5.529765606 -0.453392386 3.365897179 -0.010261692 -0.832830667 0.048449092 0.551308036
1750195177840784384.000000 5.518825531 -0.451516092 3.363189697 -0.015609728 -0.834876180 0.045771267 0.548309386
1750195178082841600.000000 5.510187149 -0.447418809 3.357335091 -0.019282062 -0.835322022 0.042184163 0.547800958
1750195178325424896.000000 5.501703262 -0.446698785 3.356737614 -0.020094128 -0.834764719 0.038498167 0.548891664
1750195178566221568.000000 5.493111610 -0.444423854 3.355866909 -0.020736240 -0.831572592 0.039041676 0.553654134
1750195178781540352.000000 5.482396126 -0.445550591 3.359459400 -0.020600162 -0.826819658 0.038999073 0.560735166
1750195179001303808.000000 5.472695827 -0.449093312 3.362623215 -0.018635247 -0.821911752 0.036797062 0.568119526
1750195179215764736.000000 5.459179401 -0.449903816 3.366692066 -0.016945932 -0.817519486 0.035643097 0.574547052
1750195179434086144.000000 5.454613686 -0.451023489 3.370984077 -0.020020766 -0.813378394 0.035800654 0.580287099
1750195179650648320.000000 5.444468498 -0.446139753 3.374843121 -0.024970874 -0.809799254 0.037487011 0.584975541
1750195179889907456.000000 5.435060024 -0.446055800 3.376803875 -0.025960516 -0.808028340 0.036118455 0.587462187
1750195180129871616.000000 5.428989410 -0.443494618 3.375656128 -0.025484551 -0.807231963 0.033686250 0.588720977
1750195180372856064.000000 5.419988632 -0.443013072 3.370703220 -0.022396991 -0.807655036 0.029405838 0.588495672
1750195180595234048.000000 5.408998489 -0.442766428 3.366427422 -0.021043561 -0.807911873 0.027086072 0.588304341
1750195180813231616.000000 5.399855614 -0.442366391 3.364748001 -0.021943321 -0.808518291 0.026665043 0.587457001
1750195181029547776.000000 5.381652355 -0.439003944 3.358540058 -0.023490416 -0.809138298 0.027142448 0.586520791
1750195181237732096.000000 5.368302345 -0.439404845 3.354427814 -0.025258670 -0.810382664 0.027861252 0.584692895
1750195181456217856.000000 5.354496479 -0.438190490 3.349839211 -0.028366590 -0.811504185 0.029298026 0.582921803
1750195181675790336.000000 5.339804649 -0.439963371 3.345001698 -0.031530846 -0.813167930 0.029887142 0.580405593
1750195181893075968.000000 5.325958729 -0.437189996 3.345735073 -0.032987423 -0.814582169 0.029540328 0.578355610
1750195182109438720.000000 5.317641258 -0.439653635 3.343946457 -0.031858377 -0.815564990 0.025645100 0.577218533
1750195182328474880.000000 5.305747986 -0.436175674 3.342023373 -0.031867534 -0.815224051 0.023055566 0.577808619
1750195182545738496.000000 5.293521881 -0.433651209 3.341973305 -0.029625885 -0.814578652 0.018459620 0.579001844
1750195182775021824.000000 5.277617455 -0.432506263 3.341152191 -0.030075714 -0.813109398 0.014844227 0.581143975
1750195183001573120.000000 5.262462616 -0.428869784 3.339294434 -0.029978881 -0.811776638 0.010993605 0.583094537
1750195183217890816.000000 5.243268013 -0.424887061 3.337366581 -0.031028265 -0.811039925 0.009197029 0.584095001
1750195183427333376.000000 5.237036228 -0.423364341 3.333656788 -0.032214582 -0.810224533 0.008882571 0.585166335
1750195183638828544.000000 5.225272655 -0.428551078 3.329729080 -0.032177784 -0.810290754 0.007655856 0.585093975
1750195183861059328.000000 5.207138062 -0.425787508 3.329427242 -0.032074101 -0.811057210 0.009132998 0.584015489
1750195184084398080.000000 5.191398621 -0.427433252 3.326433659 -0.031254340 -0.811785340 0.010249857 0.583028972
1750195184306499584.000000 5.182984352 -0.429599166 3.321658611 -0.030242447 -0.812641919 0.011479225 0.581865013
1750195184528355584.000000 5.161520004 -0.429554641 3.318087101 -0.030286763 -0.813852370 0.013345852 0.580128431
1750195184749660416.000000 5.150180340 -0.427466601 3.316626072 -0.028625384 -0.815320611 0.012885935 0.578158081
1750195184969938432.000000 5.138879776 -0.431090355 3.319288731 -0.028291194 -0.817050695 0.011903103 0.575748384
1750195185191462144.000000 5.130848408 -0.433872938 3.313794613 -0.027834209 -0.818282187 0.009119545 0.574070096
1750195185408798720.000000 5.122409344 -0.431211829 3.315251827 -0.029707870 -0.819307983 0.008269619 0.572523892
1750195185632422144.000000 5.116301060 -0.424058050 3.308735847 -0.029057471 -0.819924176 0.004431379 0.571717143
1750195185857705472.000000 5.105050087 -0.421639442 3.307032585 -0.030458957 -0.820802629 0.000801111 0.570398748
1750195186077742848.000000 5.082031250 -0.418781340 3.298652172 -0.031447146 -0.821582317 -0.002889153 0.569214582
1750195186292205056.000000 5.066687584 -0.415853173 3.292431831 -0.031718906 -0.822398245 -0.004157518 0.568011999
1750195186507838976.000000 5.051501274 -0.414584279 3.287432194 -0.030633546 -0.823663592 -0.005217114 0.566226721
1750195186725948672.000000 5.036238670 -0.415001363 3.282951832 -0.031375203 -0.824277639 -0.003434351 0.565305471
1750195186944413696.000000 5.021569252 -0.416742980 3.278299332 -0.031999525 -0.824499965 -0.000881262 0.564955831
1750195187171161600.000000 5.007289410 -0.419020265 3.275965691 -0.033121519 -0.824716389 0.002645409 0.564569712
1750195187399765760.000000 4.995094299 -0.421005458 3.274974823 -0.030343510 -0.824931264 0.004357390 0.564401150
1750195187625739520.000000 4.982169151 -0.423989743 3.273073673 -0.028738806 -0.824856102 0.006666867 0.564572573
1750195187851347200.000000 4.970762253 -0.427174747 3.268881798 -0.025777491 -0.824801624 0.007773415 0.564780772
1750195188076075520.000000 4.957730770 -0.427707046 3.266948700 -0.023343842 -0.824723601 0.009013565 0.564982116
1750195188297509376.000000 4.945219517 -0.429733992 3.263114452 -0.021464888 -0.824159563 0.009255722 0.565875173
1750195188516176640.000000 4.934816837 -0.428896546 3.260994434 -0.020874310 -0.823408842 0.009571431 0.566983879
1750195188738643968.000000 4.921110153 -0.427537858 3.258171558 -0.022009993 -0.822438538 0.009907160 0.568341732
1750195188958243328.000000 4.906286240 -0.425785154 3.254014015 -0.020228343 -0.822042584 0.007829926 0.569012821
1750195189176594944.000000 4.893796921 -0.425299048 3.249129295 -0.020428978 -0.821566939 0.006964712 0.569703460
1750195189382493440.000000 4.877468109 -0.423926473 3.242997646 -0.017832935 -0.821511686 0.005366731 0.569887578
1750195189593004544.000000 4.863731384 -0.422248244 3.237816334 -0.018147144 -0.821179569 0.007045222 0.570337772
1750195189801173504.000000 4.849529743 -0.424386024 3.232078075 -0.018966412 -0.820938647 0.009127033 0.570628405
1750195190017521408.000000 4.834991455 -0.424949467 3.229089260 -0.019587347 -0.820601881 0.011381063 0.571051180
1750195190235238656.000000 4.824603081 -0.429181397 3.228564262 -0.019405216 -0.820379496 0.013465999 0.571331441
1750195190450514432.000000 4.812159538 -0.432249635 3.227455616 -0.018183200 -0.820185542 0.015587234 0.571596146
1750195190664080128.000000 4.798134804 -0.434668601 3.228056908 -0.016726514 -0.819791317 0.017318957 0.572155952
1750195190872057344.000000 4.785319805 -0.434668422 3.227567196 -0.017133228 -0.818690658 0.020210763 0.573623359
1750195191084235520.000000 4.774215221 -0.435345501 3.224587440 -0.015696403 -0.817032099 0.020396631 0.576017499
1750195191292324608.000000 4.760988235 -0.434895396 3.223920822 -0.013082586 -0.815094531 0.018970044 0.578869581
1750195191501437952.000000 4.744010925 -0.433399200 3.222044468 -0.008923774 -0.812435627 0.016687185 0.582743704
1750195191706661376.000000 4.729800701 -0.433849245 3.221671104 -0.005180010 -0.809455395 0.014177789 0.586987436
1750195191906931200.000000 4.712178230 -0.429032505 3.219035864 -0.001470699 -0.807338178 0.011566808 0.589973927
1750195192103629824.000000 4.698552608 -0.423136741 3.215931416 0.004456479 -0.806333303 0.007154747 0.591401339
1750195192302663424.000000 4.687902927 -0.425858855 3.210282326 0.005438574 -0.805694342 0.005109413 0.592284620
1750195192500865536.000000 4.669070721 -0.425590783 3.206708670 0.002894714 -0.805607975 0.005870167 0.592412889
1750195192701180672.000000 4.649157524 -0.422344208 3.207394600 -0.001092001 -0.806439519 0.008406771 0.591255963
1750195192912363008.000000 4.637804985 -0.422158718 3.200940609 -0.002995840 -0.807824552 0.008734762 0.589350820
1750195193127919616.000000 4.626443863 -0.425197691 3.199973106 -0.008770604 -0.810328126 0.011498221 0.585797966
1750195193339789312.000000 4.612730026 -0.423835248 3.193789005 -0.009636794 -0.813248694 0.010651724 0.581739068
1750195193554166016.000000 4.603941917 -0.423325717 3.194172859 -0.012779255 -0.816608369 0.011213589 0.576941729
1750195193768102144.000000 4.587648869 -0.423718423 3.190678596 -0.013955344 -0.818800986 0.009489384 0.573829412
1750195193980029440.000000 4.576481819 -0.420074910 3.185342789 -0.015456621 -0.819981575 0.008556080 0.572117329
1750195194194833408.000000 4.559121132 -0.416713119 3.180048466 -0.012101322 -0.821465135 0.003935261 0.570116758
1750195194411008256.000000 4.547401905 -0.411999017 3.176185608 -0.011922452 -0.822835863 0.002443864 0.568148911
1750195194615229952.000000 4.537178040 -0.414441735 3.170171261 -0.011956139 -0.823798299 0.001326769 0.566755474
1750195194832298752.000000 4.517219543 -0.411655754 3.165166855 -0.013953567 -0.824250102 0.002616674 0.566048026
1750195195052489728.000000 4.504964828 -0.412132889 3.162855148 -0.014527798 -0.824429095 0.002987265 0.565770984
1750195195269392384.000000 4.485693455 -0.409985095 3.158665657 -0.014933839 -0.824293256 0.002606425 0.565960109
1750195195486551040.000000 4.473309517 -0.408830702 3.156046867 -0.013701707 -0.824012578 0.000282854 0.566405833
1750195195704053248.000000 4.464459419 -0.407860130 3.157955647 -0.012964042 -0.823235452 -0.002769909 0.567545414
1750195195918979328.000000 4.458481789 -0.406734705 3.153693199 -0.012535847 -0.821715832 -0.006930498 0.569717467
1750195196134496512.000000 4.449286461 -0.405420721 3.152339935 -0.013692862 -0.820243657 -0.010171332 0.571759999
1750195196350612992.000000 4.438076973 -0.405068278 3.152240753 -0.016724892 -0.819038689 -0.012562357 0.573356926
1750195196558464000.000000 4.412451744 -0.399523228 3.149348974 -0.019807409 -0.818125486 -0.013606387 0.574537456
1750195196764463872.000000 4.401775360 -0.394945085 3.142966747 -0.019269420 -0.817381382 -0.016869225 0.575527489
1750195196971162368.000000 4.385832787 -0.396953017 3.142044783 -0.019087965 -0.817072749 -0.019907949 0.575874627
1750195197182513664.000000 4.367692947 -0.390528649 3.134294987 -0.018756123 -0.816014647 -0.021886880 0.577312112
1750195197393377792.000000 4.351228714 -0.388851702 3.131012201 -0.017867925 -0.814889073 -0.024011221 0.578843713
1750195197603656960.000000 4.323460579 -0.385533929 3.127852440 -0.015476150 -0.813930809 -0.027686333 0.580095470
1750195197813692672.000000 4.306389332 -0.387020618 3.115010738 -0.014909638 -0.812802911 -0.030656392 0.581540585
1750195198025474304.000000 4.296776772 -0.380572200 3.112939835 -0.015536727 -0.812881470 -0.031655215 0.581360757
1750195198236311552.000000 4.273041248 -0.380295634 3.101370335 -0.016920667 -0.812545776 -0.034490738 0.581629992
1750195198447490560.000000 4.255816460 -0.378543675 3.096067905 -0.019169865 -0.812304318 -0.037004534 0.581743062
1750195198664449280.000000 4.238176346 -0.376028061 3.091254950 -0.020189900 -0.811862290 -0.040227715 0.582111478
1750195198878201344.000000 4.220579147 -0.371948063 3.085529804 -0.023781929 -0.811394751 -0.042349223 0.582477152
1750195199091300864.000000 4.202363968 -0.368127823 3.080044508 -0.026864219 -0.810864270 -0.044973224 0.582884967
1750195199309375232.000000 4.183923721 -0.361930043 3.074345350 -0.028580112 -0.810837626 -0.048396271 0.582566202
1750195199531020544.000000 4.164695740 -0.356666237 3.069303989 -0.032048658 -0.810396731 -0.050348945 0.582833707
1750195199749332480.000000 4.144993782 -0.354879647 3.065165281 -0.036198400 -0.809383333 -0.051382333 0.583907723
1750195199962068480.000000 4.125672340 -0.350607395 3.062097549 -0.039688911 -0.808508396 -0.050877195 0.584936380
1750195200177100800.000000 4.105746269 -0.346815675 3.058197975 -0.041496441 -0.808038175 -0.049906846 0.585544050
1750195200401302272.000000 4.085526466 -0.343635678 3.054160833 -0.043701023 -0.807622254 -0.048906062 0.586041629
1750195200624012544.000000 4.066490173 -0.341699183 3.048807144 -0.045283761 -0.806664228 -0.049150895 0.587219238
1750195200842705664.000000 4.046525002 -0.337506741 3.045247793 -0.047916476 -0.805651844 -0.047728777 0.588516116
1750195201059047168.000000 4.027470589 -0.338530928 3.043114424 -0.051053453 -0.804939866 -0.046738815 0.589305460
1750195201274013952.000000 4.005156517 -0.334038615 3.039395571 -0.052517779 -0.802498579 -0.046302311 0.592531979
1750195201489639936.000000 3.982212305 -0.332141638 3.040432930 -0.054425698 -0.797885954 -0.046233140 0.598563671
1750195201706856704.000000 3.958738565 -0.328921258 3.044027090 -0.055666450 -0.792088866 -0.046746597 0.606062114
1750195201933798912.000000 3.936479568 -0.321435928 3.049823523 -0.054502178 -0.784814715 -0.048387464 0.615429997
1750195202163881984.000000 3.913004160 -0.317933440 3.055458307 -0.053480368 -0.777014554 -0.050134759 0.625199914
1750195202397212672.000000 3.893275261 -0.313928902 3.059015512 -0.052310724 -0.770830452 -0.051752340 0.632776260
1750195202632582400.000000 3.870125532 -0.308607399 3.060486317 -0.052527182 -0.767841578 -0.051739182 0.636382997
1750195202870904064.000000 3.851461649 -0.307060331 3.061238050 -0.052930292 -0.767701209 -0.050535768 0.636615634
1750195203102007296.000000 3.836148262 -0.306684315 3.057524443 -0.050262265 -0.768548489 -0.050823662 0.635786116
1750195203324779776.000000 3.811893463 -0.306126237 3.055049896 -0.050168328 -0.770763755 -0.047819827 0.633340120
1750195203552822528.000000 3.791103363 -0.302216351 3.051722527 -0.048869044 -0.771930456 -0.045215856 0.632211030
1750195203783262208.000000 3.775820971 -0.303110659 3.048687935 -0.042529427 -0.772784114 -0.046091314 0.631562829
1750195204015923968.000000 3.760138512 -0.306352973 3.047319889 -0.038104914 -0.773290813 -0.043944452 0.631378055
1750195204248339712.000000 3.743045807 -0.304839760 3.037279367 -0.032512050 -0.772778273 -0.043678533 0.632336080
1750195204474891008.000000 3.728257418 -0.301397234 3.033291101 -0.028336428 -0.773087561 -0.042730030 0.632223785
1750195204698335744.000000 3.705861807 -0.303264022 3.030332565 -0.028313400 -0.773173273 -0.040944684 0.632238150
1750195204923199744.000000 3.687659502 -0.302214324 3.028719425 -0.029406382 -0.771893144 -0.039299488 0.633854806
1750195205146920960.000000 3.675220013 -0.305209786 3.029604435 -0.033895150 -0.767993927 -0.037527092 0.638457716
1750195205369476352.000000 3.654340982 -0.297901064 3.037401199 -0.036083329 -0.762539446 -0.038431138 0.644790471
1750195205591110144.000000 3.635038853 -0.294613004 3.043432236 -0.037614778 -0.754076898 -0.042025417 0.654360116
1750195205818285312.000000 3.617522001 -0.289295256 3.055710077 -0.040142428 -0.745045900 -0.043674394 0.664370239
1750195206041437184.000000 3.602080822 -0.288889110 3.067841053 -0.043688737 -0.736108959 -0.044283785 0.673998415
1750195206263494400.000000 3.585892916 -0.285625994 3.076727867 -0.050149877 -0.730963409 -0.040417347 0.679370344
1750195206486442496.000000 3.565589666 -0.286571354 3.080031395 -0.051896919 -0.730917394 -0.039328329 0.679352462
1750195206707879680.000000 3.546509266 -0.282696366 3.077272415 -0.050243225 -0.732045829 -0.041283812 0.678144693
1750195206930183680.000000 3.525235653 -0.275878012 3.076298714 -0.047534209 -0.733438611 -0.044438787 0.676633954
1750195207155406592.000000 3.512596607 -0.274683207 3.075115681 -0.046176579 -0.734966159 -0.044123322 0.675089359
1750195207379820544.000000 3.499084234 -0.273949951 3.072749138 -0.044857007 -0.736333966 -0.040236969 0.673929632
1750195207607162624.000000 3.480084181 -0.274877369 3.072614431 -0.041955017 -0.737548351 -0.036714930 0.672989130
1750195207826434048.000000 3.456775427 -0.275680780 3.069812775 -0.040729269 -0.737424791 -0.030519933 0.673509002
1750195208050594304.000000 3.444669724 -0.280300200 3.072891951 -0.038551472 -0.736516297 -0.025255222 0.674848020
1750195208265856256.000000 3.428417206 -0.277686924 3.074981451 -0.032452326 -0.733836591 -0.022821037 0.678166628
1750195208494267904.000000 3.410132170 -0.275214434 3.082685471 -0.025176590 -0.729161799 -0.023562497 0.683472157
1750195208716124672.000000 3.399189472 -0.278481960 3.090968132 -0.019961499 -0.722494364 -0.022912504 0.690708697
1750195208928115968.000000 3.382523537 -0.279663622 3.102258444 -0.017194116 -0.714345515 -0.020937871 0.699268579
1750195209145210368.000000 3.374757528 -0.282762378 3.115230083 -0.015946286 -0.704828620 -0.020216072 0.708910167
1750195209354438656.000000 3.358734608 -0.280187756 3.130290031 -0.014288049 -0.694431424 -0.020798257 0.719116390
1750195209556878592.000000 3.344883442 -0.280644089 3.147003889 -0.014136391 -0.680574477 -0.022000784 0.732212126
1750195209759714816.000000 3.335511684 -0.280277222 3.166331291 -0.016191548 -0.665894449 -0.021507034 0.745560110
1750195209968992256.000000 3.321695328 -0.277898878 3.185341120 -0.015432877 -0.655684888 -0.023868896 0.754499555
1750195210176113408.000000 3.303477764 -0.280425936 3.195825338 -0.010982167 -0.650712729 -0.030797591 0.758619666
1750195210385760256.000000 3.281168222 -0.279569447 3.197225094 -0.004885771 -0.647656679 -0.038721498 0.760932148
1750195210587683840.000000 3.263169527 -0.280558050 3.195946932 -0.001510891 -0.647082686 -0.045212731 0.761076570
1750195210795820288.000000 3.242623329 -0.280243903 3.196433544 -0.002250818 -0.645708680 -0.047461525 0.762104154
1750195211001914880.000000 3.221967936 -0.277481079 3.203057766 -0.005538648 -0.645774484 -0.046379913 0.762098134
1750195211205410816.000000 3.199932575 -0.272309572 3.209298611 -0.008362593 -0.646947682 -0.046842806 0.761048377
1750195211411726336.000000 3.178981781 -0.265530586 3.213603973 -0.013354962 -0.646922529 -0.046295904 0.761031926
1750195211619852800.000000 3.158298969 -0.257603496 3.221062422 -0.025021194 -0.648134053 -0.041131981 0.760002911
1750195211830584064.000000 3.140059948 -0.249484807 3.228215218 -0.040833529 -0.649265230 -0.032304049 0.758777857
1750195212052069376.000000 3.123446703 -0.246581540 3.239697456 -0.044880833 -0.648969591 -0.030940186 0.758858919
1750195212273182976.000000 3.107769728 -0.249627545 3.252976418 -0.045571588 -0.648348153 -0.030857943 0.759352148
1750195212492904960.000000 3.095343590 -0.249047577 3.260559559 -0.041311957 -0.647110283 -0.032725379 0.760572612
1750195212715040256.000000 3.083816767 -0.251687437 3.266382456 -0.038259458 -0.646887779 -0.032124918 0.760947049
1750195212934153728.000000 3.066577196 -0.253708363 3.273600578 -0.035822578 -0.648844838 -0.025688581 0.759642899
1750195213154598144.000000 3.052814960 -0.255461425 3.276776314 -0.032692160 -0.648998618 -0.017959345 0.759874701
1750195213372050432.000000 3.038920879 -0.259585619 3.282318592 -0.028094662 -0.649387836 -0.011875462 0.759845495
1750195213584859648.000000 3.023958921 -0.262021244 3.289329529 -0.022258705 -0.649553835 -0.008085545 0.759946704
1750195213797810688.000000 3.008026838 -0.263131142 3.297169685 -0.019363856 -0.648438156 -0.002770626 0.761015952
1750195214010341120.000000 2.994171143 -0.269490093 3.303476810 -0.016571986 -0.646176100 -0.001225318 0.763007462
1750195214222280192.000000 2.980432749 -0.270057142 3.307355642 -0.011458036 -0.642842293 -0.001696143 0.765910983
1750195214479424768.000000 2.964655876 -0.273526669 3.315247536 -0.009512969 -0.638235450 -0.001953376 0.769779980
1750195214685130752.000000 2.949776649 -0.273198128 3.329188824 -0.007474634 -0.634109914 -0.003733765 0.773197830
1750195214894375168.000000 2.936331511 -0.266975582 3.333948612 -0.005630741 -0.628504872 -0.004918210 0.777769744
1750195215098430208.000000 2.916753531 -0.267620981 3.345860958 -0.006099945 -0.625736415 -0.006874211 0.779980481
1750195215302266368.000000 2.904781818 -0.264191598 3.348582983 -0.006945591 -0.624883473 -0.006565565 0.780659556
1750195215511772672.000000 2.884858847 -0.260710984 3.354259014 -0.007043617 -0.624279439 -0.008935713 0.781118214
1750195215725564416.000000 2.863574982 -0.255221009 3.361498833 -0.007277589 -0.623171210 -0.012721195 0.781948090
1750195215936360960.000000 2.849520206 -0.253559411 3.366532803 -0.008586150 -0.621895730 -0.016339058 0.782882571
1750195216151886080.000000 2.828558445 -0.250066519 3.371736288 -0.010476924 -0.620719790 -0.018940987 0.783733606
1750195216368223488.000000 2.811524391 -0.244240507 3.378890514 -0.011171700 -0.619871378 -0.022737604 0.784294426
1750195216587640064.000000 2.793191671 -0.241574705 3.384040594 -0.011048201 -0.618453503 -0.026034323 0.785312235
1750195216808676352.000000 2.780429840 -0.242643610 3.389890194 -0.011967460 -0.617269397 -0.026441084 0.786216378
1750195217028881408.000000 2.754949331 -0.236875981 3.400827408 -0.010765340 -0.616508067 -0.027819101 0.786783338
1750195217247793408.000000 2.741101980 -0.237901971 3.404554844 -0.008627918 -0.614814639 -0.030293860 0.788042426
1750195217466683392.000000 2.725626469 -0.236001074 3.406628132 -0.005496932 -0.614461124 -0.030227436 0.788348675
1750195217683276544.000000 2.707179070 -0.236662731 3.407640696 -0.003693482 -0.614335597 -0.028617166 0.788517177
1750195217895318784.000000 2.685057163 -0.241936207 3.424710274 -0.005966478 -0.616025627 -0.025804479 0.787280738
1750195218111146496.000000 2.677108288 -0.239634514 3.423542500 -0.005640671 -0.616201580 -0.025421390 0.787157953
1750195218324262656.000000 2.666085482 -0.243781656 3.424861431 -0.006524007 -0.616415918 -0.026440252 0.786949694
1750195218552383488.000000 2.651301146 -0.241588831 3.429812431 -0.007687918 -0.615971565 -0.029088585 0.787193656
1750195218784126208.000000 2.632078409 -0.240755022 3.445022106 -0.013526729 -0.616696119 -0.029821962 0.786520004
1750195219014491648.000000 2.615175247 -0.234792799 3.451775789 -0.017067578 -0.615822673 -0.032796372 0.787016928
1750195219252577536.000000 2.607395649 -0.228124246 3.455213547 -0.022067370 -0.614345789 -0.035106424 0.787946522
1750195219480462336.000000 2.596279383 -0.222149387 3.463108540 -0.025167195 -0.613799632 -0.038957272 0.788098395
1750195219704980992.000000 2.577684879 -0.216151237 3.470439434 -0.024918647 -0.614975929 -0.042436499 0.787008822
1750195219929128960.000000 2.557644129 -0.214983851 3.474975586 -0.025044717 -0.616612136 -0.042765740 0.785705626
1750195220153488384.000000 2.541505814 -0.214985877 3.479745865 -0.023979152 -0.618511975 -0.042595915 0.784253538
1750195220378722048.000000 2.523903131 -0.216148198 3.488360167 -0.021380464 -0.619345486 -0.041541163 0.783727288
1750195220603087360.000000 2.505344391 -0.217359677 3.489919186 -0.018095292 -0.619673967 -0.039944191 0.783633351
1750195220826168320.000000 2.489116192 -0.219000563 3.494038582 -0.015349501 -0.620015085 -0.038247392 0.783506811
1750195221046513152.000000 2.473156214 -0.219212174 3.498965979 -0.012683083 -0.620042801 -0.038257163 0.783532083
1750195221265590016.000000 2.455768347 -0.219097033 3.504043818 -0.010428369 -0.620026827 -0.039105810 0.783536136
1750195221487569920.000000 2.439194918 -0.217075452 3.508864880 -0.009978397 -0.620266676 -0.038595889 0.783377349
1750195221707911424.000000 2.422006369 -0.215086833 3.515005112 -0.011654781 -0.620712817 -0.037183218 0.783069193
1750195221931200768.000000 2.402334690 -0.212411597 3.521449327 -0.012628308 -0.621104777 -0.037064735 0.782748759
1750195222157539072.000000 2.385067940 -0.211817354 3.528773785 -0.013747877 -0.621614933 -0.037514921 0.782303333
1750195222379660544.000000 2.370043039 -0.211414754 3.533415318 -0.014612007 -0.621371269 -0.037278842 0.782492578
1750195222600191488.000000 2.351954460 -0.208412051 3.540465832 -0.015410121 -0.621247470 -0.037051443 0.782586336
1750195222823060992.000000 2.338199377 -0.204261258 3.547611475 -0.013062189 -0.621832311 -0.040623173 0.781987071
1750195223043782912.000000 2.319682360 -0.205456093 3.552888870 -0.013393094 -0.622546732 -0.041135136 0.781386018
1750195223264526080.000000 2.303662539 -0.204643518 3.557283878 -0.013889165 -0.623615324 -0.039910533 0.780588329
1750195223483750656.000000 2.284166098 -0.201623976 3.563053131 -0.014574387 -0.623959541 -0.037489194 0.780420721
1750195223705261824.000000 2.265673399 -0.197780102 3.567243099 -0.012834365 -0.623662114 -0.038831994 0.780623496
1750195223928781824.000000 2.248172760 -0.199043557 3.575045586 -0.013484718 -0.623935878 -0.039924778 0.780338585
1750195224147777280.000000 2.230375290 -0.199562162 3.581650019 -0.014565307 -0.624722064 -0.039215930 0.779725909
1750195224359043840.000000 2.209541798 -0.196326956 3.586717367 -0.015299013 -0.625290632 -0.038895167 0.779271960
1750195224576701440.000000 2.189714193 -0.191133782 3.592559338 -0.015743256 -0.625046551 -0.040622048 0.779370844
1750195224802189824.000000 2.171060801 -0.187835097 3.598645210 -0.018422596 -0.624047101 -0.041571226 0.780062556
1750195225028072192.000000 2.153007507 -0.185033903 3.604413033 -0.021744261 -0.623268843 -0.041788660 0.780587554
1750195225255548928.000000 2.134296656 -0.182582632 3.612538338 -0.024361636 -0.623391628 -0.042791344 0.780357778
1750195225482556672.000000 2.121389389 -0.178888768 3.620434999 -0.024965579 -0.623901188 -0.043681413 0.779882073
1750195225706229504.000000 2.104271173 -0.178142130 3.623654366 -0.027741786 -0.623044133 -0.041135859 0.780611515
1750195225930693120.000000 2.087918758 -0.181371987 3.635231972 -0.029015236 -0.623709202 -0.041083977 0.780036628
1750195226155118336.000000 2.069770813 -0.179871321 3.638057709 -0.027578032 -0.623094440 -0.041347615 0.780565977
1750195226375395072.000000 2.056217432 -0.175989822 3.644632339 -0.023646388 -0.622695684 -0.042646192 0.780943155
1750195226597087488.000000 2.040217161 -0.177528515 3.650220633 -0.021182207 -0.621682942 -0.044028897 0.781743646
1750195226820967680.000000 2.017979622 -0.174912915 3.657114267 -0.016608402 -0.621238708 -0.047142480 0.782025754
1750195227042477824.000000 2.000267744 -0.177483588 3.660444260 -0.012566800 -0.621285856 -0.047678899 0.782031178
1750195227262412544.000000 1.981232882 -0.181853622 3.664772034 -0.009118470 -0.621647000 -0.047547493 0.781799972
1750195227484806144.000000 1.971307755 -0.184438884 3.667407036 -0.004959423 -0.621784270 -0.047545984 0.781728268
1750195227704101120.000000 1.950353622 -0.180912882 3.672044754 -0.001257227 -0.622360528 -0.046575937 0.781342804
1750195227926319872.000000 1.934859753 -0.181378707 3.677534103 0.001169739 -0.622819126 -0.045363888 0.781048775
1750195228142040576.000000 1.916617155 -0.182164595 3.680403233 0.004182145 -0.622793853 -0.044291005 0.781120121
1750195228358746624.000000 1.905564547 -0.182828039 3.685645103 0.006893506 -0.623266637 -0.043864854 0.780747831
1750195228575084544.000000 1.889129400 -0.184246212 3.692565918 0.007448766 -0.623766482 -0.042525396 0.780417502
1750195228790394112.000000 1.869655848 -0.182377487 3.695981026 0.008436920 -0.624059200 -0.039794564 0.780317485
1750195229007590144.000000 1.852340221 -0.182043523 3.702143669 0.008902752 -0.624418557 -0.036553416 0.780183434
1750195229223399936.000000 1.836102009 -0.183024347 3.708025455 0.011187579 -0.624630511 -0.035980355 0.780010939
1750195229439454208.000000 1.819477320 -0.182501897 3.714941263 0.011112734 -0.624859273 -0.034586176 0.779891789
1750195229654249472.000000 1.802950144 -0.181297928 3.721909523 0.009890940 -0.625045896 -0.032238152 0.779859245
1750195229871162112.000000 1.784580946 -0.181060508 3.728593349 0.009489281 -0.625218689 -0.030538956 0.779794157
1750195230086917888.000000 1.767649651 -0.181037620 3.735082150 0.007203735 -0.625554621 -0.027831905 0.779650629
1750195230303488512.000000 1.749588490 -0.178024784 3.741308689 0.005865079 -0.625901639 -0.027141595 0.779407501
1750195230522085888.000000 1.729313374 -0.173146099 3.749084473 0.002504205 -0.626522243 -0.025624203 0.778978229
1750195230742972672.000000 1.708806038 -0.170853287 3.756412029 -0.003750608 -0.627693713 -0.020817315 0.778173029
1750195230960226560.000000 1.695388079 -0.169276416 3.762535810 -0.009347714 -0.628594279 -0.018749481 0.777451277
1750195231183482624.000000 1.678452015 -0.165943161 3.770434856 -0.013896833 -0.629825890 -0.019238535 0.776373804
1750195231406739712.000000 1.659025908 -0.162131578 3.778854847 -0.020920243 -0.630556941 -0.015312733 0.775709867
1750195231632976640.000000 1.642795324 -0.161435694 3.786926985 -0.023488626 -0.630731761 -0.015360263 0.775493264
1750195231862704128.000000 1.625162125 -0.160270169 3.793030024 -0.021812180 -0.631581426 -0.017478172 0.774805605
1750195232084120320.000000 1.610391378 -0.163365349 3.799035072 -0.021493834 -0.633532941 -0.015522263 0.773261368
1750195232304727808.000000 1.594327450 -0.164416075 3.803452730 -0.020516301 -0.635304451 -0.013070920 0.771878600
1750195232526557696.000000 1.580272913 -0.163412929 3.809795618 -0.015451195 -0.636033058 -0.013208791 0.771394134
1750195232743825920.000000 1.566376448 -0.165567040 3.817525625 -0.011849867 -0.636257350 -0.012423974 0.771285832
1750195232962251520.000000 1.552648783 -0.166763440 3.820989132 -0.010728783 -0.635818422 -0.009407680 0.771706820
1750195233181266176.000000 1.537936211 -0.166906655 3.827435017 -0.010376211 -0.634697914 -0.006412527 0.772664130
1750195233404065792.000000 1.521735907 -0.167321622 3.835833549 -0.008488646 -0.634086967 -0.006599206 0.773187041
1750195233626522368.000000 1.504834175 -0.168049484 3.843691111 -0.007575799 -0.633173704 -0.005386536 0.773953915
1750195233843680768.000000 1.490571260 -0.164653927 3.851450443 -0.007448074 -0.632147789 -0.003014924 0.774806261
1750195234061133568.000000 1.479581833 -0.163922921 3.858311653 -0.006535065 -0.631381929 -0.003532438 0.775436461
1750195234277851904.000000 1.466490746 -0.166351840 3.863173962 -0.007902527 -0.631439984 -0.000660568 0.775384247
1750195234498366208.000000 1.451281309 -0.165079504 3.869710445 -0.009526302 -0.632342398 0.002824391 0.774625301
1750195234714493184.000000 1.436494350 -0.165450186 3.877937317 -0.009877722 -0.633705199 0.003177585 0.773505092
1750195234931563776.000000 1.423483849 -0.169484735 3.886911392 -0.010901728 -0.635871768 0.003881046 0.771708012
1750195235151826688.000000 1.410191774 -0.167644337 3.893831730 -0.012192452 -0.637988329 0.005477603 0.769930065
1750195235372570880.000000 1.393455744 -0.167376459 3.902301788 -0.010805881 -0.640140951 0.006095530 0.768157363
1750195235600751360.000000 1.381455421 -0.168341592 3.909002304 -0.011285886 -0.642363369 0.006164948 0.766292453
1750195235819919104.000000 1.366147280 -0.168970764 3.916318655 -0.012241170 -0.643994987 0.008101882 0.764888942
1750195236046450176.000000 1.354548216 -0.168714538 3.920861721 -0.009630815 -0.644932926 0.006741995 0.764148772
1750195236268533504.000000 1.341799021 -0.170623228 3.926556587 -0.009887611 -0.645966470 0.007439568 0.763265610
1750195236487136512.000000 1.325098276 -0.169165388 3.935393095 -0.008060243 -0.646290183 0.006134751 0.763024509
1750195236705240576.000000 1.310398817 -0.167096287 3.940189838 -0.006910512 -0.645721018 0.005995923 0.763518631
1750195236917777920.000000 1.296068668 -0.167084098 3.945697784 -0.005729388 -0.644907117 0.005358132 0.764220715
1750195237134557952.000000 1.281219006 -0.166409492 3.951744080 -0.004632862 -0.643227696 0.004051223 0.765650272
1750195237352379392.000000 1.267378330 -0.169280350 3.955926895 -0.003811924 -0.641938925 0.004396638 0.766733706
1750195237569509888.000000 1.253822565 -0.172373861 3.959661722 -0.003482383 -0.641775906 0.006337026 0.766858220
1750195237793262336.000000 1.240539312 -0.173578858 3.965070963 -0.004519837 -0.641628861 0.009193668 0.766946912
1750195238016935168.000000 1.227807045 -0.176033303 3.971002579 -0.004297037 -0.641188920 0.010784487 0.767295301
1750195238241110528.000000 1.215329170 -0.176348537 3.977298975 -0.004423113 -0.640127540 0.011684714 0.768167078
1750195238461510912.000000 1.201076984 -0.176124915 3.983829260 -0.003173525 -0.639746010 0.010587584 0.768506944
1750195238670899200.000000 1.185347080 -0.175639346 3.990410805 -0.001405396 -0.638873816 0.008825894 0.769259691
1750195238882095872.000000 1.170592070 -0.172848657 3.996860027 0.000571117 -0.637487888 0.006912412 0.770429075
1750195239092663040.000000 1.156058550 -0.172675401 3.999853611 0.004283380 -0.637101352 0.002928858 0.770762622
1750195239309548032.000000 1.137263060 -0.169172451 4.003325462 0.006226802 -0.637023449 0.001299316 0.770818174
1750195239520898560.000000 1.120561123 -0.166717827 4.008896351 0.005591262 -0.637065887 0.002569556 0.770784855
1750195239736441344.000000 1.103519201 -0.165839031 4.014100075 0.006434706 -0.637650669 0.003007494 0.770292938
1750195239946669312.000000 1.086884499 -0.169523850 4.020380974 0.003081241 -0.638208032 0.007779328 0.769818485
1750195240159589376.000000 1.070091009 -0.169954702 4.025756836 0.001430818 -0.638585150 0.011036176 0.769470692
1750195240367119360.000000 1.060248613 -0.174340427 4.030775070 0.000313360 -0.638607740 0.011572530 0.769445360
1750195240586890752.000000 1.051496744 -0.176364243 4.035036087 -0.000551621 -0.638060808 0.012260751 0.769888163
1750195240807769856.000000 1.038778543 -0.176595584 4.042061329 -0.001509371 -0.637615323 0.011893244 0.770261705
1750195241029234944.000000 1.018930912 -0.174704567 4.053763866 -0.003461098 -0.637271941 0.012354232 0.770532191
1750195241248563200.000000 1.005146980 -0.173808426 4.060416698 -0.002911945 -0.635816216 0.009408565 0.771777689
1750195241472513792.000000 0.998175383 -0.173513100 4.060395241 -0.001870127 -0.634270430 0.006387227 0.773082674
1750195241686618880.000000 0.982063532 -0.176835895 4.066781521 -0.000413600 -0.634259820 0.004013170 0.773109496
1750195241887617536.000000 0.971300364 -0.181989193 4.067100525 0.008491871 -0.637406051 -0.001462279 0.770479977
1750195242083639808.000000 0.959267616 -0.185702145 4.068710804 0.015476194 -0.641149998 -0.001789509 0.767257452
1750195242280569856.000000 0.948617935 -0.184989601 4.068301201 0.014616950 -0.642313540 0.007211713 0.766268671
1750195242477738752.000000 0.936946630 -0.184812546 4.077659130 0.007962929 -0.637555003 0.020792807 0.770083070
1750195242695876864.000000 0.929973841 -0.191678718 4.088061333 0.003815048 -0.632181823 0.027098874 0.774336696
1750195242928159488.000000 0.925399542 -0.191624373 4.096279621 0.005043607 -0.629006982 0.026721150 0.776923895
1750195243151949568.000000 0.921679497 -0.188089922 4.102067947 0.008737194 -0.624920845 0.022428570 0.780317068
1750195243379686656.000000 0.911055565 -0.187543258 4.111448288 0.008331157 -0.618368149 0.023039250 0.785506666
1750195243588201984.000000 0.901497126 -0.186051369 4.124368191 0.008546270 -0.609666169 0.021355452 0.792324483
1750195243793389824.000000 0.892481089 -0.183070213 4.137197971 0.010722896 -0.599104583 0.015855791 0.800441980
1750195243989915648.000000 0.881695747 -0.181137562 4.153667927 0.011348090 -0.586817682 0.012485941 0.809543312
1750195244187405056.000000 0.870575905 -0.180869892 4.171790600 0.010370612 -0.573475361 0.010500405 0.819089890
1750195244391251712.000000 0.856845140 -0.178397283 4.190672398 0.008883583 -0.560061097 0.008782335 0.828357160
1750195244599946752.000000 0.850653172 -0.178703934 4.207822323 0.007878161 -0.546968520 0.005728066 0.837096572
1750195244822656256.000000 0.840245962 -0.178540811 4.227526665 0.006779800 -0.535264671 0.005176628 0.844641387
1750195245052985856.000000 0.828003883 -0.177811682 4.243018150 0.006479889 -0.526726305 0.005026689 0.849995434
1750195245287597312.000000 0.814975500 -0.177668676 4.255325317 0.009918801 -0.521417260 0.000988190 0.853243649
1750195245529265408.000000 0.804782629 -0.177731633 4.265726566 0.014746763 -0.517864466 -0.003331011 0.855329156
1750195245763436032.000000 0.793391466 -0.179501876 4.275654793 0.016863164 -0.515579939 -0.004718835 0.856662512
1750195245988439808.000000 0.782871008 -0.181321859 4.285181999 0.015785877 -0.513762712 -0.003300942 0.857780755
1750195246221385216.000000 0.773541451 -0.181609228 4.299154282 0.012734754 -0.508465946 -0.000659808 0.860987723
1750195246450749952.000000 0.768966436 -0.181554511 4.315061092 0.009216324 -0.500188470 0.001510907 0.865866244
1750195246671675648.000000 0.764068246 -0.177922219 4.333503246 0.008273503 -0.490106970 -0.000685096 0.871622801
1750195246894935552.000000 0.758472681 -0.178195357 4.353036880 0.005870572 -0.479973018 -0.000770380 0.877263308
1750195247117376000.000000 0.753580451 -0.176372692 4.370221138 0.006042204 -0.469139159 -0.002831747 0.883099079
1750195247342198784.000000 0.747408390 -0.176331937 4.389489651 0.006341968 -0.457811087 -0.002476347 0.889023423
1750195247562960896.000000 0.742554903 -0.179829270 4.408089161 0.005294554 -0.447132021 -0.000342439 0.894452333
1750195247786483712.000000 0.741799951 -0.181923419 4.426902771 0.005213876 -0.437598139 0.001789980 0.899153769
1750195248029742080.000000 0.736179233 -0.184335038 4.443145752 0.006838107 -0.430894107 0.004144719 0.902367175
1750195248261268992.000000 0.728706241 -0.186862469 4.457858086 0.010651357 -0.427670062 0.003761708 0.903864384
1750195248487808256.000000 0.721006870 -0.188438982 4.470921993 0.014373649 -0.425719678 0.004524220 0.904729664
1750195248718350080.000000 0.710609555 -0.189465791 4.483882427 0.017747778 -0.424885571 0.006012057 0.905053198
1750195248945111040.000000 0.699868679 -0.190408289 4.499046326 0.019420987 -0.423179537 0.008003160 0.905802310
1750195249173395712.000000 0.693624258 -0.191732168 4.515758514 0.019537164 -0.417405784 0.008935086 0.908466280
1750195249395402752.000000 0.687982917 -0.190149665 4.532981396 0.020457407 -0.407714397 0.008239405 0.912843168
1750195249617572608.000000 0.687150002 -0.192393094 4.552816391 0.016996788 -0.395191640 0.011261883 0.918372393
1750195249843264768.000000 0.686366081 -0.191303223 4.579069138 0.013812293 -0.383245766 0.011946563 0.923465908
1750195250062939136.000000 0.686161160 -0.186834395 4.602101326 0.012205416 -0.369582027 0.009990590 0.929064214
1750195250290563584.000000 0.680032492 -0.182281107 4.623825073 0.011496051 -0.360563636 0.006030295 0.932644308
1750195250520045824.000000 0.668432236 -0.179843858 4.642146111 0.011503566 -0.358280241 0.004026385 0.933534563
1750195250753212416.000000 0.659707308 -0.179038569 4.657278538 0.011914684 -0.360718638 0.004487712 0.932587802
1750195250982204160.000000 0.649830937 -0.180074513 4.671818733 0.012164274 -0.362261742 0.004996813 0.931983709
1750195251213271808.000000 0.644581795 -0.181090608 4.689249992 0.012732049 -0.361222178 0.004923902 0.932379901
1750195251439661312.000000 0.633802772 -0.182367563 4.706371307 0.014101073 -0.356318355 0.002525230 0.934254885
1750195251670992896.000000 0.625561535 -0.181465030 4.723639488 0.016332779 -0.356271833 0.003129275 0.934234381
1750195251903657728.000000 0.619857430 -0.184457004 4.738113880 0.017528631 -0.352763981 0.002362247 0.935545206
1750195252131129344.000000 0.616846144 -0.190605640 4.756148815 0.017175963 -0.345418215 0.005192916 0.938277304
1750195252355709952.000000 0.617780209 -0.191254213 4.775487423 0.018931530 -0.336881280 0.003779100 0.941349268
1750195252579960064.000000 0.618600786 -0.192069039 4.794456959 0.019843610 -0.326363593 0.000987315 0.945035517
1750195252808585984.000000 0.619426012 -0.194854662 4.811691284 0.019586226 -0.316008568 0.002864922 0.948549807
1750195253049575424.000000 0.621483624 -0.195328593 4.829057693 0.020048983 -0.306863666 0.003158320 0.951537073
1750195253288570368.000000 0.620592833 -0.196346536 4.844758511 0.019782405 -0.299044371 0.006156868 0.954014301
1750195253523488512.000000 0.615565181 -0.202153519 4.857038975 0.019386740 -0.297814101 0.009248784 0.954382181
1750195253746821888.000000 0.610637605 -0.204175338 4.869766235 0.021836314 -0.300103873 0.008869336 0.953615308
1750195253966384384.000000 0.602734447 -0.208047867 4.884122372 0.022860898 -0.302227437 0.009511750 0.952914238
1750195254189279744.000000 0.597504973 -0.208303511 4.898401260 0.024861269 -0.300320536 0.008903228 0.953472733
1750195254415997184.000000 0.597748458 -0.214050189 4.913358212 0.025015293 -0.293748349 0.008048601 0.955521524
1750195254638288640.000000 0.596996725 -0.212618172 4.935010910 0.026926402 -0.286158532 0.001748960 0.957802296
1750195254859906304.000000 0.595815659 -0.212277740 4.954225540 0.028427944 -0.276778936 0.000275644 0.960512996
1750195255083955712.000000 0.598714471 -0.212082520 4.974106789 0.030333545 -0.265058815 -0.003455680 0.963748872
1750195255300478720.000000 0.600940466 -0.210880384 4.999460697 0.030826610 -0.250468493 -0.006403102 0.967612743
1750195255522604032.000000 0.603654385 -0.212161317 5.021816254 0.029944694 -0.236604109 -0.003690949 0.971137643
1750195255750694912.000000 0.602403462 -0.212335899 5.045846939 0.028964661 -0.226685777 -0.005355721 0.973522425
1750195255976008704.000000 0.599714160 -0.212897822 5.065615654 0.029377036 -0.223095089 -0.006610642 0.974331498
1750195256204237312.000000 0.595968127 -0.213043362 5.085495472 0.029592616 -0.222204909 -0.008254955 0.974515855
1750195256429128960.000000 0.593156159 -0.211376935 5.104335785 0.028381048 -0.221714497 -0.004332751 0.974688888
1750195256646211328.000000 0.588426352 -0.210764557 5.126809597 0.026427450 -0.221058592 -0.005045274 0.974889338
1750195256866241024.000000 0.587427974 -0.210986868 5.145965099 0.025638543 -0.219661698 -0.007555268 0.975209892
1750195257082934528.000000 0.586033344 -0.208389670 5.167756557 0.026501572 -0.216413453 -0.016576488 0.975801289
1750195257302533376.000000 0.587063551 -0.206956998 5.191580296 0.026534664 -0.210894749 -0.018956531 0.976964712
1750195257528666624.000000 0.586725950 -0.209537640 5.213409424 0.025254071 -0.206447259 -0.019216120 0.977943003
1750195257757836544.000000 0.584450185 -0.211146742 5.234421253 0.025211489 -0.205929071 -0.016583279 0.978101552
1750195257987658496.000000 0.577586710 -0.210944921 5.252423286 0.026826713 -0.205308482 -0.017704142 0.978169382
1750195258215808256.000000 0.571785569 -0.212633580 5.269135952 0.028405469 -0.205508456 -0.019435052 0.978049994
1750195258446647040.000000 0.567007244 -0.214714557 5.286497593 0.030792983 -0.205131903 -0.023239784 0.977973759
1750195258675310848.000000 0.562711656 -0.215990290 5.304987907 0.032787468 -0.204559714 -0.026743716 0.977939248
1750195258904781568.000000 0.558739007 -0.217768803 5.322582245 0.033781357 -0.203587294 -0.028139770 0.978069186
1750195259132427776.000000 0.554461241 -0.219624534 5.340878487 0.034525011 -0.202500299 -0.028616538 0.978254974
1750195259360403968.000000 0.549012840 -0.220922470 5.357675552 0.035512783 -0.201901644 -0.032278355 0.978229403
1750195259590076416.000000 0.543211222 -0.221235856 5.375037670 0.035626635 -0.202308819 -0.033019170 0.978116453
1750195259817416448.000000 0.537343502 -0.222279429 5.392895222 0.034933887 -0.203094020 -0.032594062 0.977992892
1750195260045987584.000000 0.532101274 -0.224623010 5.411078453 0.033985879 -0.204323590 -0.032879885 0.977760613
1750195260271974656.000000 0.526354969 -0.226548806 5.429928780 0.032916300 -0.204869255 -0.034610957 0.977623224
1750195260496832256.000000 0.520168841 -0.225494981 5.449128151 0.032327604 -0.205816641 -0.036170285 0.977387488
1750195260719163904.000000 0.512796283 -0.224539608 5.468525410 0.031062800 -0.207100749 -0.035775650 0.977171719
1750195260942517248.000000 0.504778504 -0.224141955 5.487469673 0.030365599 -0.208232686 -0.035254095 0.976971984
1750195261164666880.000000 0.500166178 -0.225755811 5.504697800 0.030741550 -0.210421741 -0.032250304 0.976594925
1750195261389028352.000000 0.493304342 -0.228005454 5.523431778 0.031508800 -0.211715370 -0.031427044 0.976317644
1750195261619436032.000000 0.484931290 -0.227672279 5.542729378 0.033018671 -0.212223455 -0.029800782 0.976208508
1750195261859526144.000000 0.478521228 -0.228716612 5.560692310 0.034914106 -0.213331521 -0.030827902 0.975869000
1750195262097406464.000000 0.473233581 -0.231392607 5.578648090 0.036061641 -0.214495361 -0.029677287 0.975607812
1750195262326610944.000000 0.468229055 -0.231790692 5.596466541 0.037375547 -0.214339420 -0.028651897 0.975623310
1750195262555983616.000000 0.465182334 -0.233259276 5.612913132 0.040633053 -0.214735597 -0.030666998 0.975344658
1750195262787442944.000000 0.457404971 -0.234216899 5.630199909 0.045570612 -0.214363620 -0.035752945 0.975035012
1750195263023414272.000000 0.451342702 -0.236824289 5.647416115 0.050153371 -0.215245575 -0.039456427 0.974472821
1750195263254548992.000000 0.443289191 -0.239315018 5.664660454 0.054047525 -0.214077175 -0.041911762 0.974419475
1750195263488095232.000000 0.438978225 -0.241572678 5.682863712 0.057648364 -0.212329552 -0.042744987 0.974559307
1750195263720316672.000000 0.436148018 -0.246380210 5.695736408 0.059253208 -0.210511491 -0.042579584 0.974864602
1750195263966185472.000000 0.431374639 -0.249173135 5.713407993 0.059636541 -0.208674669 -0.041604582 0.975278199
1750195264194532096.000000 0.428649455 -0.251174659 5.729669571 0.060069319 -0.205917656 -0.044429261 0.975712895
1750195264421957376.000000 0.426622897 -0.252511501 5.747663498 0.058948908 -0.202586278 -0.048247777 0.976297140
1750195264649136896.000000 0.424932748 -0.253069818 5.766363144 0.056511495 -0.197544605 -0.053267188 0.977212965
1750195264876606976.000000 0.423923016 -0.252351135 5.785729885 0.052402452 -0.192285433 -0.056466971 0.978310704
1750195265104016640.000000 0.421605170 -0.249346823 5.806477547 0.046669520 -0.187258914 -0.062987298 0.979177594
1750195265335956992.000000 0.422334105 -0.244359732 5.828551769 0.039132707 -0.180441350 -0.061461672 0.980883300
1750195265560299520.000000 0.426918805 -0.242621824 5.850917339 0.029871523 -0.169477224 -0.053877223 0.983606815
1750195265788573696.000000 0.434939593 -0.240629181 5.876305580 0.020983113 -0.155577481 -0.049057964 0.986381650
1750195266016562944.000000 0.442350477 -0.241123170 5.904127121 0.015535294 -0.141971543 -0.048501682 0.988559723
1750195266237297920.000000 0.447930098 -0.246874511 5.925741196 0.013328711 -0.131722257 -0.047954392 0.990036368
1750195266455805952.000000 0.451608717 -0.250603169 5.950817108 0.014181809 -0.121881224 -0.048891030 0.991238415
1750195266682584576.000000 0.453157246 -0.251802206 5.972390652 0.017106360 -0.116602249 -0.048207127 0.991860628
1750195266919107840.000000 0.450027347 -0.254925847 5.986499310 0.022590358 -0.117076017 -0.047635037 0.991722643
1750195267161226752.000000 0.444116950 -0.255982071 6.005294323 0.030227404 -0.117853150 -0.048214093 0.991399169
1750195267392011520.000000 0.441369951 -0.259800762 6.021124363 0.036521114 -0.118729323 -0.043210838 0.991313517
1750195267620422400.000000 0.439800501 -0.265574634 6.036888599 0.041409276 -0.119330034 -0.038716283 0.991234899
1750195267847101952.000000 0.438798428 -0.270482600 6.054006100 0.046150096 -0.119172648 -0.034293443 0.991207361
1750195268076122112.000000 0.440966696 -0.277285695 6.071060658 0.049400203 -0.115725175 -0.032501519 0.991519511
1750195268300226304.000000 0.444818258 -0.282883406 6.092820168 0.050835412 -0.107268356 -0.030418878 0.992463589
1750195268524674560.000000 0.453476012 -0.286304981 6.116232872 0.051927157 -0.095484875 -0.031870876 0.993564546
1750195268753365760.000000 0.463917375 -0.288114756 6.137847900 0.051716968 -0.084477283 -0.033078939 0.994532406
1750195268976150272.000000 0.466455400 -0.288474709 6.155466557 0.053171381 -0.078937910 -0.036921073 0.994775593
1750195269191952128.000000 0.466163754 -0.289461374 6.175819397 0.053664692 -0.076557614 -0.040100705 0.994812071
1750195269407204352.000000 0.463703752 -0.287417948 6.196942806 0.054233752 -0.074996665 -0.043208942 0.994769990
1750195269620113408.000000 0.462303907 -0.283631772 6.218843937 0.053907242 -0.073360331 -0.048316203 0.994674742
1750195269835068416.000000 0.461601228 -0.285652250 6.238604546 0.051458001 -0.072608329 -0.048587885 0.994846404
1750195270050387456.000000 0.461005539 -0.286472797 6.260128021 0.050346121 -0.072317421 -0.049184848 0.994895160
1750195270264238336.000000 0.458760500 -0.288153708 6.281138897 0.050067864 -0.072521895 -0.050364614 0.994835317
1750195270476420096.000000 0.455836892 -0.290580094 6.301177979 0.050193153 -0.074072719 -0.051304962 0.994666696
1750195270691767296.000000 0.453848898 -0.292010814 6.322206974 0.050069809 -0.074638009 -0.049402662 0.994726956
1750195270902670592.000000 0.453780055 -0.292261779 6.342000008 0.049795166 -0.074636489 -0.046472009 0.994882047
1750195271115142400.000000 0.454747945 -0.293729454 6.363791466 0.048682161 -0.075448550 -0.044263043 0.994976640
1750195271329635840.000000 0.456049889 -0.292942375 6.384196281 0.045819536 -0.074489579 -0.045729730 0.995118439
1750195271551149056.000000 0.457374781 -0.289091140 6.406802177 0.040991586 -0.071658991 -0.049158100 0.995373428
1750195271783510272.000000 0.460546672 -0.281306744 6.427022934 0.030809918 -0.067285478 -0.051676039 0.995918155
1750195272032782336.000000 0.463436842 -0.277649879 6.444378376 0.020579301 -0.065244712 -0.056130119 0.996076882
1750195272284714496.000000 0.464221805 -0.278515041 6.458593369 0.012381645 -0.066373713 -0.055601764 0.996167541
1750195272538100480.000000 0.465981901 -0.279920518 6.471142769 0.006287723 -0.069367632 -0.054286525 0.996093154
1750195272791454976.000000 0.469140142 -0.280258060 6.481876373 0.002131294 -0.075014651 -0.053787012 0.995728552
1750195273047598848.000000 0.470755875 -0.280808568 6.487826824 -0.000449202 -0.082875982 -0.051991705 0.995202661
1750195273299553280.000000 0.472463101 -0.280604839 6.491895199 -0.000985570 -0.091792703 -0.051011596 0.994470239
1750195273551139072.000000 0.473259270 -0.280526787 6.493514061 0.000983427 -0.101951525 -0.051494244 0.993455291
