0.000000000 0.000000 0.000000 0.000000 -0.000000 -0.000000 -0.000000 1.000000
0.333883762 0.000059 -0.000372 -0.000532 -0.000057 -0.000043 -0.000124 1.000000
0.667515039 0.000111 -0.000057 0.000161 0.000003 -0.000022 -0.000010 1.000000
0.997522593 0.000120 -0.000069 -0.000265 0.000051 0.000012 -0.000012 1.000000
1.327901363 0.000328 0.000002 -0.000148 0.000120 -0.000048 0.000000 1.000000
1.669534206 0.000270 -0.000182 -0.000243 0.000065 -0.000167 -0.000062 1.000000
2.000145435 0.000138 -0.000598 -0.000599 0.000008 -0.000144 -0.000190 1.000000
2.330112457 0.000350 -0.000368 -0.000241 0.000100 -0.000158 0.000019 1.000000
2.660075426 0.000423 -0.000220 -0.000265 0.000108 -0.000179 -0.000322 1.000000
2.988804102 0.000631 -0.000248 -0.000253 0.000160 -0.000281 -0.000225 1.000000
3.314853668 0.000488 -0.000654 -0.000677 0.000061 -0.000318 -0.000467 1.000000
3.640760660 0.000703 -0.000278 0.000164 0.000156 -0.000348 -0.000402 1.000000
3.965834141 0.000868 -0.000390 -0.000317 0.000170 -0.000367 -0.000416 1.000000
4.292034388 0.001037 -0.000161 0.000198 0.000280 -0.000406 -0.000280 1.000000
4.615017653 0.001191 0.000017 0.000437 0.000568 -0.000400 -0.000406 1.000000
4.907459259 0.000384 -0.001240 0.002879 0.002642 0.000398 -0.001527 0.999995
5.142745256 0.001205 -0.003027 0.012478 0.007526 0.000871 -0.005669 0.999955
5.355163574 -0.000775 -0.004238 0.026640 0.013560 0.001220 -0.013551 0.999816
5.565529585 -0.000544 -0.002737 0.046370 0.019068 0.001794 -0.022843 0.999556
5.777590036 -0.003109 -0.005564 0.063746 0.025410 0.002043 -0.025172 0.999358
5.987870932 -0.001817 -0.009197 0.080375 0.031267 0.002336 -0.026649 0.999153
6.196733236 0.000091 -0.014670 0.096675 0.034892 0.003029 -0.027211 0.999016
6.404160023 0.004703 -0.019907 0.113107 0.037115 0.003441 -0.025662 0.998976
6.607845306 0.009780 -0.021679 0.133097 0.038377 0.004404 -0.022883 0.998992
6.812177896 0.013790 -0.021990 0.152018 0.038569 0.005665 -0.022632 0.998984
7.015261173 0.019568 -0.023168 0.171558 0.037063 0.006752 -0.019259 0.999105
7.209632874 0.026263 -0.022320 0.191453 0.034783 0.007844 -0.012747 0.999283
7.405771255 0.032135 -0.019229 0.214144 0.031450 0.009192 -0.006809 0.999440
7.604768753 0.040339 -0.019579 0.235325 0.026592 0.009808 -0.002843 0.999594
7.809654713 0.047659 -0.016561 0.257862 0.020799 0.011312 -0.000448 0.999720
8.015279293 0.056887 -0.011330 0.285069 0.014307 0.013171 0.002531 0.999808
8.225250244 0.065367 -0.009655 0.308498 0.007358 0.015004 0.008373 0.999825
8.436122179 0.073944 -0.007877 0.333931 0.002470 0.016271 0.014548 0.999759
8.646028280 0.083610 -0.005807 0.359568 -0.001490 0.016600 0.017542 0.999707
8.858513355 0.092249 -0.004055 0.382678 -0.004627 0.015846 0.018434 0.999694
9.069670439 0.101512 -0.002865 0.408230 -0.006954 0.015072 0.020570 0.999651
9.282037258 0.110685 0.000765 0.431766 -0.009544 0.015333 0.017329 0.999687
9.494911671 0.120648 0.004032 0.455519 -0.011728 0.016653 0.018022 0.999630
9.709484339 0.126577 0.005548 0.476770 -0.013096 0.017746 0.019252 0.999571
9.927012682 0.133483 0.005365 0.499497 -0.013372 0.016613 0.018471 0.999602
10.143284559 0.138694 0.004084 0.522765 -0.013141 0.012120 0.016311 0.999707
10.359082937 0.143683 0.002098 0.544878 -0.012024 0.003345 0.013169 0.999835
10.574917316 0.147239 0.002180 0.566041 -0.011539 -0.004065 0.012483 0.999847
10.791204214 0.153849 0.003348 0.586863 -0.010448 -0.008491 0.012384 0.999833
11.009338856 0.159446 0.004502 0.605760 -0.008976 -0.010560 0.009205 0.999862
11.226628304 0.164541 0.001909 0.627154 -0.007861 -0.012123 0.009091 0.999854
11.443197012 0.168213 0.000707 0.647503 -0.006003 -0.012311 0.009202 0.999864
11.656818867 0.171325 -0.001908 0.666817 -0.004272 -0.012488 0.010336 0.999860
11.871901512 0.173191 -0.002266 0.686680 -0.002915 -0.011383 0.010765 0.999873
12.090993881 0.176150 -0.001070 0.706446 -0.000954 -0.011508 0.010407 0.999879
12.307598352 0.179572 -0.002518 0.726729 0.001128 -0.012880 0.010133 0.999865
12.523889780 0.184292 -0.004113 0.748080 0.002544 -0.013109 0.010487 0.999856
12.744116783 0.188999 -0.006036 0.764760 0.003102 -0.012503 0.011342 0.999853
12.960124969 0.192139 -0.004855 0.785779 0.003507 -0.011897 0.012798 0.999841
13.172935963 0.194870 -0.004500 0.808681 0.003574 -0.011328 0.014894 0.999819
13.387683392 0.199087 -0.004363 0.828886 0.003707 -0.011778 0.017420 0.999772
13.607521772 0.203499 -0.002818 0.850231 0.003431 -0.011777 0.017181 0.999777
13.825234175 0.208072 -0.002734 0.871631 0.002767 -0.011382 0.017577 0.999777
14.037844419 0.212180 -0.002841 0.894092 0.002412 -0.011141 0.018791 0.999758
14.256744385 0.215237 -0.003604 0.915752 0.002126 -0.011305 0.021302 0.999707
14.469313860 0.219825 -0.005197 0.934630 0.001208 -0.010969 0.025795 0.999606
14.687117100 0.225015 -0.005532 0.955564 0.000580 -0.009812 0.025373 0.999630
14.899391174 0.229837 -0.005992 0.975721 0.001194 -0.010327 0.022290 0.999698
15.114329815 0.234060 -0.007157 0.997233 0.002340 -0.011217 0.022353 0.999684
15.327188492 0.235741 -0.008261 1.016585 0.004031 -0.011916 0.021625 0.999687
15.542181492 0.237511 -0.009175 1.037238 0.005961 -0.012845 0.020729 0.999685
15.757996082 0.239246 -0.010702 1.056334 0.008326 -0.013270 0.017464 0.999725
15.967649221 0.242631 -0.011755 1.075628 0.009539 -0.012322 0.016924 0.999735
16.172952890 0.247053 -0.012824 1.095611 0.010253 -0.010329 0.016038 0.999766
16.379948616 0.252331 -0.010679 1.116042 0.009753 -0.007522 0.013136 0.999838
16.587913275 0.257934 -0.005897 1.138990 0.008178 -0.004086 0.005214 0.999945
16.798983335 0.264738 -0.004076 1.159720 0.005311 -0.001012 0.003942 0.999978
17.009907961 0.267779 -0.000775 1.184399 0.001906 0.000137 0.002517 0.999995
17.219967842 0.271563 0.004062 1.207581 -0.001546 0.000763 0.004137 0.999990
17.429437399 0.275395 0.007777 1.231872 -0.005479 -0.002379 0.002493 0.999979
17.642877817 0.275181 0.009861 1.256810 -0.008907 -0.011536 -0.002902 0.999890
17.854632139 0.274912 0.015329 1.282874 -0.012666 -0.024876 -0.004211 0.999601
18.074627161 0.275529 0.022680 1.307641 -0.016729 -0.037075 -0.007859 0.999142
18.294352770 0.276773 0.028284 1.331950 -0.019733 -0.045633 -0.011451 0.998698
18.517907143 0.278302 0.031089 1.356769 -0.021647 -0.051549 -0.014754 0.998327
18.743446827 0.278606 0.032725 1.379514 -0.021781 -0.057240 -0.015972 0.997995
18.967053175 0.279177 0.031923 1.400490 -0.021040 -0.063226 -0.016896 0.997634
19.186562777 0.281082 0.032451 1.419775 -0.018855 -0.067042 -0.019943 0.997373
19.416236639 0.282774 0.032375 1.439540 -0.016759 -0.069008 -0.021218 0.997250
19.641462564 0.283651 0.029166 1.460123 -0.013970 -0.070522 -0.020885 0.997194
19.863236189 0.285896 0.023880 1.479414 -0.010285 -0.069299 -0.019382 0.997355
20.076943874 0.291794 0.018572 1.498063 -0.006130 -0.066720 -0.022344 0.997503
20.294941664 0.295491 0.014095 1.516589 -0.002173 -0.063868 -0.025695 0.997625
20.513674736 0.295416 0.012821 1.534993 0.001395 -0.062138 -0.026893 0.997704
20.733369112 0.291816 0.013511 1.555680 0.004141 -0.061195 -0.030349 0.997656
20.943684816 0.288481 0.014556 1.573956 0.006292 -0.061147 -0.032960 0.997565
21.155172586 0.286509 0.015660 1.592751 0.007475 -0.061472 -0.032693 0.997545
21.364770174 0.285680 0.014789 1.612912 0.007327 -0.061493 -0.031459 0.997585
21.573568106 0.286612 0.015875 1.633761 0.005928 -0.061425 -0.026790 0.997735
21.788109303 0.288158 0.019510 1.655649 0.002918 -0.060727 -0.023730 0.997868
21.997258663 0.290871 0.025457 1.680274 -0.001387 -0.059429 -0.021390 0.998002
22.212358713 0.293828 0.031487 1.707693 -0.006809 -0.057214 -0.016315 0.998205
22.432082176 0.297359 0.032407 1.731925 -0.010850 -0.053588 -0.017063 0.998358
22.650911570 0.301555 0.033187 1.755725 -0.013465 -0.052200 -0.018482 0.998375
22.870336771 0.302893 0.033056 1.776505 -0.014019 -0.053482 -0.020155 0.998267
23.090627432 0.305093 0.033618 1.800401 -0.012287 -0.054361 -0.024105 0.998155
23.308274269 0.308812 0.029281 1.820900 -0.009039 -0.054439 -0.023991 0.998188
23.528742075 0.310258 0.026496 1.839747 -0.004722 -0.055442 -0.024321 0.998155
23.749125481 0.311546 0.025484 1.860142 -0.000426 -0.055489 -0.021207 0.998234
23.975998878 0.316906 0.020799 1.878992 0.002732 -0.052916 -0.018924 0.998416
24.195906639 0.323448 0.017981 1.899276 0.004341 -0.048161 -0.015910 0.998703
24.420111418 0.332461 0.017620 1.919935 0.004308 -0.040231 -0.013768 0.999086
24.641060114 0.345671 0.018479 1.941733 0.002755 -0.030038 -0.012358 0.999469
24.863974571 0.359143 0.019228 1.963640 0.000296 -0.020112 -0.008179 0.999764
25.076755047 0.369003 0.020087 1.985458 -0.002610 -0.014894 -0.004408 0.999876
25.296902895 0.378677 0.023306 2.008771 -0.004962 -0.009705 -0.004998 0.999928
25.514919996 0.389991 0.023487 2.032468 -0.007172 -0.002086 -0.005271 0.999958
25.731760263 0.404146 0.023306 2.058595 -0.008358 0.006735 -0.001473 0.999941
25.950730324 0.417415 0.024568 2.081295 -0.008844 0.015230 0.000678 0.999845
26.171377897 0.429253 0.025667 2.105086 -0.007590 0.018332 0.000389 0.999803
26.389328241 0.436035 0.025170 2.126963 -0.005886 0.017099 0.000924 0.999836
26.604565859 0.442736 0.021912 2.145360 -0.004701 0.013487 0.000893 0.999898
26.819682121 0.449577 0.020966 2.162504 -0.002997 0.007282 -0.000025 0.999969
27.049448729 0.456039 0.020542 2.177057 -0.001865 0.000757 -0.001477 0.999997
27.275596380 0.462855 0.019336 2.186125 -0.001111 -0.004225 -0.003805 0.999983
27.513484716 0.470733 0.018960 2.193873 -0.001158 -0.007016 -0.005327 0.999961
27.782056808 0.476501 0.017963 2.198233 -0.001001 -0.008524 -0.005035 0.999951
28.066699982 0.480271 0.017276 2.200415 -0.000103 -0.011206 -0.005705 0.999921
28.417765379 0.481989 0.016673 2.199982 0.000742 -0.012070 -0.005168 0.999914
28.767854214 0.482582 0.016935 2.200096 0.000861 -0.012280 -0.005302 0.999910
29.118534565 0.481928 0.016420 2.199636 0.000657 -0.011931 -0.005709 0.999912
29.464827061 0.482276 0.017011 2.200032 0.001031 -0.011790 -0.005175 0.999917
29.814631701 0.482538 0.016779 2.199443 0.001055 -0.011959 -0.005225 0.999914
30.163436413 0.483307 0.017216 2.200177 0.001206 -0.012156 -0.004590 0.999915
30.513191223 0.483582 0.016910 2.200017 0.001051 -0.012328 -0.004573 0.999913
30.860417604 0.482061 0.017164 2.200249 0.001208 -0.011841 -0.005434 0.999914
31.171509027 0.481488 0.017139 2.200478 0.001308 -0.015437 -0.004784 0.999869
31.408614874 0.479147 0.016007 2.198482 0.000915 -0.024383 -0.002585 0.999699
31.627167463 0.475851 0.013943 2.193880 -0.000024 -0.039247 -0.002023 0.999228
31.840227127 0.472423 0.013407 2.187263 -0.001180 -0.055547 -0.002245 0.998453
32.051242828 0.470531 0.013843 2.178995 -0.002136 -0.073959 -0.002324 0.997256
32.274011374 0.469708 0.013434 2.172945 -0.003179 -0.087670 -0.002438 0.996142
32.541865826 0.471207 0.014382 2.170868 -0.003337 -0.092701 -0.000303 0.995688
32.879935741 0.471431 0.013932 2.170264 -0.003486 -0.093186 -0.000191 0.995643
33.215543985 0.471591 0.014267 2.170303 -0.003298 -0.093163 -0.000020 0.995645
33.543990612 0.471228 0.014111 2.170192 -0.003179 -0.093032 -0.000653 0.995658
33.851930857 0.470226 0.013090 2.173349 -0.000488 -0.092964 -0.001930 0.995668
34.094601154 0.467135 0.009902 2.181442 0.004440 -0.093271 -0.004086 0.995623
34.317004919 0.464083 0.006352 2.195211 0.010145 -0.095021 -0.005721 0.995407
34.529281139 0.460490 0.002911 2.210180 0.014848 -0.095522 -0.007543 0.995288
34.741062403 0.458306 0.002473 2.229746 0.017565 -0.094706 -0.009913 0.995301
34.952883005 0.458432 0.004380 2.248668 0.018485 -0.092345 -0.013668 0.995462
35.165020704 0.458124 0.004103 2.269462 0.019095 -0.090706 -0.012526 0.995616
35.371466160 0.457679 0.003718 2.288832 0.019239 -0.090085 -0.009356 0.995704
35.576486111 0.457836 0.005635 2.309732 0.019249 -0.089261 -0.005571 0.995807
35.785390615 0.459933 0.005890 2.332022 0.018517 -0.088688 -0.006023 0.995869
35.995187283 0.460793 0.005901 2.352588 0.017652 -0.087519 -0.006605 0.995984
36.206242800 0.461912 0.005766 2.373905 0.016320 -0.086965 -0.004122 0.996069
36.417478561 0.460263 0.007216 2.396926 0.016313 -0.086825 -0.006257 0.996070
36.627810478 0.460356 0.006669 2.416431 0.016006 -0.087870 -0.008778 0.995965
36.844081879 0.460784 0.006413 2.439001 0.015894 -0.086416 -0.010712 0.996075
37.058149815 0.462510 0.005769 2.459361 0.015864 -0.084158 -0.011768 0.996257
37.274006128 0.462208 0.005236 2.481748 0.016688 -0.084076 -0.010839 0.996261
37.488537550 0.460238 0.004683 2.500714 0.017704 -0.083105 -0.010368 0.996330
37.709931374 0.460129 0.002606 2.520709 0.018192 -0.082703 -0.008843 0.996369
37.934515953 0.461414 0.000563 2.542488 0.018427 -0.080206 -0.008091 0.996575
38.153723955 0.467043 -0.006234 2.562526 0.017513 -0.073628 -0.003887 0.997124
38.373531342 0.475759 -0.007516 2.584039 0.016780 -0.064410 -0.003087 0.997778
38.588887215 0.486256 -0.008993 2.604219 0.016184 -0.053040 -0.003243 0.998456
38.808656454 0.495603 -0.008830 2.622059 0.017275 -0.044536 -0.006779 0.998835
39.026570559 0.503710 -0.012270 2.641344 0.019633 -0.043813 -0.005677 0.998831
39.243557930 0.501660 -0.014181 2.657839 0.023107 -0.045585 -0.006145 0.998674
39.457811594 0.500561 -0.013575 2.677993 0.026518 -0.047502 -0.004453 0.998509
39.675948858 0.502025 -0.016920 2.697166 0.028954 -0.048680 -0.000045 0.998395
39.891647816 0.505401 -0.020824 2.714904 0.030198 -0.045871 0.001660 0.998489
40.105357647 0.512691 -0.025785 2.731057 0.030444 -0.037874 0.004737 0.998807
40.319074154 0.524526 -0.028924 2.750360 0.029756 -0.026131 0.004905 0.999204
40.531844854 0.538673 -0.028700 2.770115 0.029424 -0.011539 0.002170 0.999498
40.736864805 0.555109 -0.027373 2.789658 0.028017 0.004148 0.001565 0.999598
40.941426516 0.568076 -0.025393 2.811800 0.026481 0.017260 -0.000920 0.999500
41.148764849 0.579076 -0.021065 2.834882 0.024684 0.025985 -0.004767 0.999346
41.363378525 0.586963 -0.018062 2.858333 0.021929 0.031892 -0.008324 0.999216
41.575109482 0.593556 -0.016590 2.881485 0.018814 0.033997 -0.009106 0.999203
41.784076452 0.599653 -0.013527 2.903648 0.014480 0.036614 -0.010143 0.999173
42.001132488 0.607432 -0.009882 2.927603 0.009482 0.039759 -0.011469 0.999098
42.216070652 0.615176 -0.007611 2.950152 0.005607 0.042523 -0.015361 0.998962
42.435378313 0.627218 -0.009915 2.972830 0.003877 0.046978 -0.014714 0.998780
42.649055958 0.640574 -0.013605 2.996945 0.003864 0.054559 -0.013370 0.998414
42.867577791 0.653806 -0.014358 3.018438 0.004591 0.060815 -0.017869 0.997979
43.084219694 0.665523 -0.014194 3.040509 0.006561 0.063597 -0.017844 0.997795
43.304136276 0.675513 -0.015822 3.061403 0.007257 0.068345 -0.017398 0.997484
43.519979954 0.684719 -0.016879 3.082421 0.008498 0.070541 -0.014871 0.997362
43.736873865 0.692106 -0.018866 3.102093 0.009404 0.071838 -0.014502 0.997267
43.949305773 0.700714 -0.021778 3.121680 0.009714 0.072645 -0.011692 0.997242
44.166232347 0.711493 -0.021412 3.142000 0.009207 0.074237 -0.011405 0.997133
44.382753611 0.720767 -0.020668 3.162506 0.007658 0.076269 -0.014511 0.996952
44.598249912 0.729871 -0.020896 3.183481 0.006085 0.078465 -0.012620 0.996818
44.818364382 0.738904 -0.016319 3.206788 0.003795 0.080980 -0.011104 0.996647
45.035327911 0.747975 -0.015644 3.227766 0.000793 0.083223 -0.011214 0.996468
45.250561714 0.757654 -0.013315 3.250110 -0.001293 0.085578 -0.009319 0.996287
45.469118595 0.765620 -0.012243 3.271819 -0.002444 0.086196 -0.010345 0.996221
45.688254595 0.775140 -0.013512 3.292788 -0.003166 0.085917 -0.012537 0.996218
45.905380487 0.784436 -0.011979 3.314456 -0.002977 0.085623 -0.015109 0.996209
46.121705294 0.790790 -0.013300 3.335148 -0.001457 0.082596 -0.013523 0.996490
46.341042519 0.797740 -0.014709 3.354918 0.001221 0.078788 -0.014867 0.996780
46.559409857 0.803633 -0.016818 3.374159 0.004248 0.074281 -0.014302 0.997126
46.777481318 0.811461 -0.018973 3.392931 0.006745 0.070842 -0.013466 0.997374
46.993588686 0.818619 -0.020743 3.413070 0.009032 0.069927 -0.011678 0.997443
47.206779718 0.827390 -0.021977 3.433094 0.010942 0.070011 -0.008978 0.997446
47.420876265 0.836809 -0.023429 3.450257 0.010678 0.071935 -0.006949 0.997328
47.634662390 0.848048 -0.020961 3.470806 0.008808 0.075207 -0.007329 0.997102
47.855642319 0.859809 -0.018437 3.491468 0.006484 0.077536 -0.004963 0.996956
48.072461605 0.869806 -0.016538 3.513295 0.003858 0.079119 -0.002435 0.996855
48.289585590 0.879553 -0.015906 3.535172 0.001675 0.078240 -0.001913 0.996931
48.506201982 0.889850 -0.013842 3.557258 -0.000193 0.076441 -0.004084 0.997066
48.726006269 0.895966 -0.014009 3.580358 -0.001511 0.072351 -0.005488 0.997363
48.945597172 0.901380 -0.016055 3.603575 -0.001468 0.063416 -0.006208 0.997967
49.161119699 0.905559 -0.017856 3.626139 -0.000532 0.050451 -0.009008 0.998686
49.378360271 0.909037 -0.017794 3.648099 0.000652 0.034404 -0.008953 0.999368
49.597764969 0.911699 -0.019114 3.667043 0.001995 0.020370 -0.005780 0.999774
49.815423250 0.917927 -0.023521 3.687114 0.003448 0.010778 -0.005066 0.999923
50.032415152 0.923025 -0.028275 3.705987 0.005390 0.002813 -0.007175 0.999956
50.243829012 0.928575 -0.031440 3.725286 0.008856 -0.004942 -0.007608 0.999920
50.458017826 0.929704 -0.033162 3.743271 0.012752 -0.014404 -0.006209 0.999796
50.671865463 0.931601 -0.035471 3.760400 0.014972 -0.022794 -0.002976 0.999624
50.883483171 0.933515 -0.037895 3.777844 0.017149 -0.029416 -0.005493 0.999405
51.094820976 0.935813 -0.039535 3.797692 0.017967 -0.038524 -0.007683 0.999067
51.307684660 0.937822 -0.037805 3.817611 0.017619 -0.046653 -0.007004 0.998731
51.519635916 0.940886 -0.034291 3.838907 0.017433 -0.050504 -0.006121 0.998553
51.728060961 0.943980 -0.032975 3.858855 0.015765 -0.051524 -0.005930 0.998530
51.942788363 0.946029 -0.032226 3.878839 0.014383 -0.055058 -0.008394 0.998344
52.155623913 0.946686 -0.030614 3.899052 0.013354 -0.060462 -0.013169 0.997994
52.373842239 0.945653 -0.030183 3.918382 0.013082 -0.064089 -0.014848 0.997748
52.598361731 0.943996 -0.031337 3.936863 0.013586 -0.069373 -0.019463 0.997308
52.820354939 0.942207 -0.032837 3.952914 0.014093 -0.077653 -0.026297 0.996534
53.049517155 0.938915 -0.032323 3.969441 0.014946 -0.083529 -0.029724 0.995950
53.273916483 0.935502 -0.033482 3.988018 0.015659 -0.086537 -0.028353 0.995722
53.496129036 0.933891 -0.034219 4.007331 0.016161 -0.087276 -0.026077 0.995712
53.719492435 0.934240 -0.033497 4.025558 0.016954 -0.087930 -0.027961 0.995590
53.939064503 0.934338 -0.035380 4.044455 0.015366 -0.086954 -0.027364 0.995718
54.164067268 0.935557 -0.035401 4.065183 0.013441 -0.086105 -0.025902 0.995859
54.380726576 0.935752 -0.033117 4.085922 0.011297 -0.083975 -0.025871 0.996068
54.597184181 0.935910 -0.029708 4.108423 0.009497 -0.083325 -0.029004 0.996055
54.816730738 0.933838 -0.028132 4.130060 0.007771 -0.084211 -0.030447 0.995952
55.034514427 0.930899 -0.026015 4.151162 0.007950 -0.085311 -0.030773 0.995847
55.254334211 0.927683 -0.026714 4.171107 0.008752 -0.087865 -0.033162 0.995542
55.471358061 0.925649 -0.027506 4.191698 0.010747 -0.090236 -0.033606 0.995295
55.700865030 0.924669 -0.029163 4.210229 0.013649 -0.092333 -0.032230 0.995113
55.927012205 0.923527 -0.032074 4.228604 0.017376 -0.094426 -0.032630 0.994845
56.151669741 0.920949 -0.035917 4.245967 0.022555 -0.095376 -0.033146 0.994634
56.380099297 0.921184 -0.040458 4.262277 0.027145 -0.095866 -0.032969 0.994478
56.604095459 0.920144 -0.043661 4.281352 0.032077 -0.095142 -0.034023 0.994365
56.822105169 0.921139 -0.046999 4.297922 0.035610 -0.094150 -0.034914 0.994308
57.039353371 0.922304 -0.049169 4.317188 0.037151 -0.092140 -0.036568 0.994381
57.261811256 0.922773 -0.049169 4.337389 0.038225 -0.089750 -0.035769 0.994588
57.487025499 0.923726 -0.050600 4.355026 0.037472 -0.087755 -0.035663 0.994798
57.706819534 0.925653 -0.051581 4.375713 0.035940 -0.085690 -0.034570 0.995073
57.930294275 0.928095 -0.052479 4.394832 0.034578 -0.082829 -0.037383 0.995262
58.147611618 0.930095 -0.050563 4.414328 0.031873 -0.078646 -0.042737 0.995476
58.371037006 0.931150 -0.046764 4.437757 0.028476 -0.075088 -0.047098 0.995657
58.589276552 0.930943 -0.045041 4.458422 0.024687 -0.073174 -0.050041 0.995757
58.811424494 0.929330 -0.042846 4.481164 0.021267 -0.071510 -0.047975 0.996059
59.029078007 0.928020 -0.043795 4.502189 0.018239 -0.071485 -0.045900 0.996218
59.246499777 0.927988 -0.043049 4.525253 0.015319 -0.071863 -0.042713 0.996382
59.464783430 0.927933 -0.041205 4.547153 0.013177 -0.072373 -0.041587 0.996423
59.693189859 0.929068 -0.040654 4.568796 0.010731 -0.073198 -0.036915 0.996576
59.916288853 0.928766 -0.041563 4.589452 0.008151 -0.073367 -0.033850 0.996697
60.137660742 0.929358 -0.042239 4.610854 0.006878 -0.074869 -0.031899 0.996659
60.359331131 0.930037 -0.042455 4.631963 0.006288 -0.076761 -0.030510 0.996563
60.585309744 0.929235 -0.042792 4.652852 0.007109 -0.078314 -0.030003 0.996452
60.820507050 0.928858 -0.045673 4.670285 0.008305 -0.079121 -0.029908 0.996382
61.053941965 0.928800 -0.047971 4.687983 0.010071 -0.079372 -0.030457 0.996329
61.286079407 0.928451 -0.050473 4.708773 0.012327 -0.079481 -0.031635 0.996258
61.514658213 0.926572 -0.053105 4.724538 0.015226 -0.078462 -0.034414 0.996207
61.743865013 0.925195 -0.057360 4.742720 0.017646 -0.076780 -0.034234 0.996304
61.972260714 0.924172 -0.059944 4.760003 0.020099 -0.074419 -0.035907 0.996378
62.199416637 0.925663 -0.062575 4.777939 0.021555 -0.072636 -0.040871 0.996288
62.429001570 0.926067 -0.063158 4.796838 0.022719 -0.070261 -0.043727 0.996311
62.655792952 0.925712 -0.060997 4.818748 0.023377 -0.068584 -0.045563 0.996330
62.878380299 0.926457 -0.059849 4.838148 0.022657 -0.067120 -0.046797 0.996389
63.105866909 0.926314 -0.058577 4.858712 0.021493 -0.065902 -0.048084 0.996435
63.322863340 0.927035 -0.058901 4.879459 0.019727 -0.065312 -0.047704 0.996529
63.541599512 0.927532 -0.058758 4.900341 0.017650 -0.064893 -0.047409 0.996609
63.757673025 0.926589 -0.056751 4.922680 0.015303 -0.064523 -0.047694 0.996658
63.976526260 0.925147 -0.055733 4.941618 0.013370 -0.063960 -0.045898 0.996807
64.195463896 0.926503 -0.057017 4.963430 0.011483 -0.065076 -0.043106 0.996883
64.409218311 0.928238 -0.058401 4.984690 0.009962 -0.065405 -0.038979 0.997047
64.629216671 0.929424 -0.058936 5.004606 0.009104 -0.065295 -0.036619 0.997152
64.850117207 0.930175 -0.058573 5.025936 0.009063 -0.068897 -0.035459 0.996952
65.063263416 0.930104 -0.061263 5.045882 0.008712 -0.075611 -0.035161 0.996479
65.281894922 0.929373 -0.062381 5.066252 0.008882 -0.083207 -0.033846 0.995918
65.499454021 0.927451 -0.062874 5.084733 0.009233 -0.091890 -0.032520 0.995195
65.721073866 0.928099 -0.063765 5.104021 0.008500 -0.097972 -0.032541 0.994621
65.945639133 0.928433 -0.064731 5.121398 0.007724 -0.098420 -0.034943 0.994501
66.176720858 0.928128 -0.065313 5.139844 0.007486 -0.096011 -0.038574 0.994604
66.402837276 0.927330 -0.065745 5.159493 0.007028 -0.093757 -0.042227 0.994674
66.634936810 0.924939 -0.065580 5.177953 0.007651 -0.093016 -0.043182 0.994698
66.866434097 0.922523 -0.066861 5.197098 0.007978 -0.091943 -0.046159 0.994662
67.100312948 0.920470 -0.066974 5.215499 0.008904 -0.090293 -0.049873 0.994626
67.326228380 0.917953 -0.067717 5.234114 0.009788 -0.089346 -0.052892 0.994547
67.554668903 0.915058 -0.072781 5.252061 0.011239 -0.090121 -0.052994 0.994456
67.775146723 0.912675 -0.078934 5.269230 0.013250 -0.094105 -0.052201 0.994104
67.994358301 0.910819 -0.082674 5.286018 0.014524 -0.099945 -0.047631 0.993746
68.211653709 0.908073 -0.082375 5.304830 0.016566 -0.109848 -0.046228 0.992735
68.429352045 0.902956 -0.083273 5.321127 0.017894 -0.122541 -0.045685 0.991250
68.645055771 0.898132 -0.083083 5.336343 0.019634 -0.137949 -0.044955 0.989224
68.862581968 0.892209 -0.081544 5.351188 0.021298 -0.154616 -0.043631 0.986781
69.079949379 0.888533 -0.080866 5.366942 0.023138 -0.169235 -0.041988 0.984409
69.301911116 0.884771 -0.080979 5.381890 0.026032 -0.182859 -0.039278 0.982009
69.520518780 0.878503 -0.082238 5.395288 0.030542 -0.200206 -0.039665 0.978474
69.732809544 0.871511 -0.084425 5.406212 0.035847 -0.219262 -0.037900 0.974270
69.946073532 0.863813 -0.088781 5.417556 0.040237 -0.236560 -0.039014 0.969999
70.155648232 0.853860 -0.091804 5.427970 0.044679 -0.251005 -0.046170 0.965851
70.366575241 0.842239 -0.095045 5.435492 0.046200 -0.263662 -0.050282 0.962195
70.589486122 0.831483 -0.092950 5.442738 0.045316 -0.273537 -0.049607 0.959512
70.805075645 0.820892 -0.092505 5.453998 0.042387 -0.280155 -0.045354 0.957945
71.020281553 0.811584 -0.091579 5.467593 0.039082 -0.284820 -0.042197 0.956854
71.233703613 0.802889 -0.088111 5.481190 0.035700 -0.285858 -0.041731 0.956697
71.449867249 0.795999 -0.084578 5.499040 0.031138 -0.284615 -0.041812 0.957224
71.672709703 0.789962 -0.080690 5.517439 0.025454 -0.281262 -0.040070 0.958456
71.898518085 0.784850 -0.076877 5.537184 0.023468 -0.279578 -0.043051 0.958870
72.127945662 0.778504 -0.075664 5.555914 0.021586 -0.278525 -0.049451 0.958912
72.356593370 0.770878 -0.075763 5.573589 0.019264 -0.277930 -0.049284 0.959143
72.582849026 0.762630 -0.077256 5.589642 0.017849 -0.278965 -0.049237 0.958872
72.811755180 0.755911 -0.078005 5.606692 0.018554 -0.280310 -0.046422 0.958607
73.039575338 0.749824 -0.080498 5.623323 0.020203 -0.280960 -0.045048 0.958449
73.264521837 0.744129 -0.083228 5.638679 0.022913 -0.281483 -0.043706 0.958296
73.492115259 0.739211 -0.086810 5.653775 0.024412 -0.281254 -0.041471 0.958426
73.720294714 0.733521 -0.090301 5.667934 0.028078 -0.282129 -0.043609 0.957973
73.939174652 0.726382 -0.096208 5.679129 0.034674 -0.286438 -0.048587 0.956237
74.152146816 0.717468 -0.102100 5.691257 0.041343 -0.291536 -0.050067 0.954354
74.365675211 0.710085 -0.109498 5.699219 0.047991 -0.297281 -0.047804 0.952384
74.567847729 0.702474 -0.116539 5.711035 0.053679 -0.303275 -0.041216 0.950497
74.772613049 0.696628 -0.124762 5.722202 0.059403 -0.309368 -0.033951 0.948478
74.978531122 0.692948 -0.132582 5.733809 0.063431 -0.311864 -0.026566 0.947635
75.185369253 0.694334 -0.136272 5.745639 0.067074 -0.310486 -0.022908 0.947932
75.394630909 0.696219 -0.139784 5.761944 0.067146 -0.306546 -0.017961 0.949315
75.591651917 0.696415 -0.140055 5.778116 0.068030 -0.303259 -0.015804 0.950345
75.790910482 0.695680 -0.139550 5.796083 0.068429 -0.299909 -0.017367 0.951352
75.991054535 0.694500 -0.139006 5.814964 0.067141 -0.296316 -0.020567 0.952505
76.190658569 0.693847 -0.136782 5.834012 0.062920 -0.292082 -0.019215 0.954128
76.388556004 0.690344 -0.130499 5.856341 0.057991 -0.288504 -0.018007 0.955551
76.582660675 0.686199 -0.123223 5.879790 0.051475 -0.284663 -0.018415 0.957068
76.782376051 0.682472 -0.115461 5.903881 0.043711 -0.280205 -0.020880 0.958717
76.991382360 0.676619 -0.112724 5.926217 0.035650 -0.279499 -0.019636 0.959283
77.195621490 0.670618 -0.112284 5.945504 0.030755 -0.281069 -0.017933 0.959027
77.401633263 0.667073 -0.117543 5.965117 0.027987 -0.279507 -0.009274 0.959691
77.605070829 0.667276 -0.125187 5.985253 0.027609 -0.276857 0.000252 0.960514
77.811264038 0.669908 -0.129281 6.002689 0.030182 -0.273328 0.003334 0.961442
78.011347294 0.672166 -0.129136 6.018954 0.035020 -0.271101 -0.002901 0.961909
78.216983080 0.675205 -0.131041 6.033836 0.039866 -0.266504 -0.005769 0.962992
78.421683788 0.679073 -0.134780 6.052431 0.044455 -0.255889 -0.005623 0.965667
78.615643263 0.686020 -0.135523 6.068571 0.048923 -0.243238 -0.010768 0.968672
78.819444656 0.688759 -0.137498 6.084464 0.054249 -0.232116 -0.014460 0.971067
79.026217461 0.690761 -0.140487 6.097466 0.059578 -0.219867 -0.018177 0.973539
79.231092930 0.696533 -0.147750 6.113837 0.063795 -0.207292 -0.017162 0.976046
79.433436394 0.706040 -0.154081 6.131259 0.067118 -0.194476 -0.013019 0.978522
79.636311054 0.714330 -0.159422 6.147691 0.069666 -0.181156 -0.013950 0.980885
79.835353374 0.723675 -0.163897 6.165543 0.071811 -0.168349 -0.020128 0.982902
80.034852982 0.732256 -0.164785 6.184781 0.072578 -0.154984 -0.026498 0.984891
80.240771294 0.739382 -0.162947 6.204255 0.070559 -0.142484 -0.023424 0.987001
80.442657709 0.747744 -0.161942 6.223454 0.067518 -0.133055 -0.022337 0.988554
80.645800352 0.752428 -0.160985 6.246448 0.063330 -0.125846 -0.025316 0.989703
80.850041866 0.756653 -0.157552 6.269166 0.057350 -0.119373 -0.024875 0.990880
81.060523272 0.765877 -0.153690 6.289996 0.049239 -0.109145 -0.021571 0.992571
81.263791084 0.777391 -0.151075 6.313267 0.040028 -0.096578 -0.014987 0.994407
81.470567703 0.792973 -0.148954 6.337727 0.030599 -0.083008 -0.005651 0.996063
81.675976276 0.809624 -0.148325 6.362380 0.022226 -0.068837 0.003987 0.997372
81.887101173 0.822859 -0.148984 6.386019 0.017385 -0.058476 0.005400 0.998123
82.098152637 0.831195 -0.148670 6.407258 0.015210 -0.053434 0.005240 0.998442
82.313779831 0.838229 -0.148553 6.427661 0.015552 -0.057595 0.003184 0.998214
82.538106680 0.839164 -0.147955 6.445456 0.017637 -0.062797 -0.001758 0.997869
82.759419203 0.837765 -0.152482 6.457598 0.021787 -0.067773 -0.002897 0.997459
82.979740143 0.837565 -0.158929 6.471369 0.025816 -0.070957 -0.002114 0.997143
83.208333254 0.839605 -0.165823 6.484454 0.031235 -0.068726 0.000334 0.997146
83.431554317 0.845786 -0.171893 6.497659 0.036594 -0.063232 0.000488 0.997328
83.652333498 0.856025 -0.175899 6.510017 0.041344 -0.055298 -0.003888 0.997606
83.861902237 0.865468 -0.181095 6.519182 0.046808 -0.043471 -0.006183 0.997938
84.068596125 0.877773 -0.185553 6.530359 0.051761 -0.030218 -0.007750 0.998172
84.278975725 0.890542 -0.188530 6.546459 0.055858 -0.017764 -0.009934 0.998231
84.484977007 0.900845 -0.193629 6.561240 0.058648 -0.008295 -0.014831 0.998134
84.690711975 0.911241 -0.196758 6.577358 0.059748 0.000624 -0.018442 0.998043
84.898903608 0.923971 -0.198006 6.595126 0.059604 0.012405 -0.019081 0.997963
85.107827187 0.937730 -0.199440 6.612324 0.057886 0.024011 -0.018829 0.997857
85.318472147 0.950076 -0.198451 6.633778 0.056274 0.031211 -0.015432 0.997808
85.522405148 0.960000 -0.197644 6.653219 0.053723 0.035111 -0.011689 0.997870
85.722913265 0.970172 -0.193959 6.674530 0.050492 0.038089 -0.004692 0.997987
85.930293560 0.984026 -0.192881 6.695892 0.046127 0.045071 -0.001148 0.997918
86.154577494 1.000870 -0.191931 6.717411 0.041801 0.056251 0.002789 0.997537
86.363777399 1.021355 -0.189582 6.739419 0.037277 0.069816 0.005148 0.996850
86.574255228 1.038937 -0.191033 6.759892 0.033792 0.079855 0.010061 0.996183
86.783099890 1.052890 -0.190421 6.782876 0.032349 0.082972 0.008372 0.995992
86.999344110 1.061767 -0.191684 6.803600 0.032297 0.081218 0.008764 0.996134
87.213500977 1.067183 -0.192747 6.823046 0.033630 0.078489 0.008985 0.996307
87.429709911 1.071900 -0.192745 6.842906 0.036484 0.074955 0.008147 0.996486
87.646771193 1.079698 -0.195147 6.864244 0.040578 0.074333 0.004957 0.996395
87.857190371 1.090306 -0.200701 6.882879 0.044068 0.077717 0.004814 0.995989
88.067191362 1.105425 -0.203521 6.900603 0.046146 0.081632 0.007546 0.995565
88.275912523 1.115846 -0.207141 6.918173 0.047521 0.083829 0.012664 0.995266
88.482704163 1.123969 -0.210858 6.936042 0.048046 0.083352 0.014493 0.995256
88.688791990 1.129704 -0.210072 6.956178 0.048796 0.083647 0.016065 0.995170
88.895943880 1.134194 -0.209232 6.974898 0.048687 0.083296 0.016664 0.995195
89.112376690 1.141338 -0.208160 6.993477 0.046820 0.084399 0.008788 0.995293
89.331342936 1.149678 -0.210338 7.013922 0.043588 0.086804 0.006398 0.995251
89.544564247 1.157712 -0.211741 7.034792 0.039484 0.089570 0.008221 0.995164
89.753949165 1.166670 -0.208856 7.055526 0.034434 0.091741 0.009405 0.995143
89.968993902 1.174681 -0.204124 7.077488 0.028456 0.093966 0.005743 0.995152
90.182164669 1.182331 -0.201088 7.099961 0.021555 0.094312 0.001438 0.995308
90.397930861 1.187410 -0.196900 7.122152 0.014738 0.093426 -0.001234 0.995516
90.619371653 1.192102 -0.192814 7.145774 0.008337 0.093432 -0.001272 0.995590
90.839182377 1.198047 -0.193222 7.167828 0.003822 0.092445 -0.007478 0.995682
91.059639454 1.203266 -0.193389 7.189040 0.001590 0.088706 -0.014037 0.995958
91.284020662 1.209664 -0.193609 7.209104 0.001112 0.084590 -0.015030 0.996302
91.505147219 1.216656 -0.201025 7.228484 0.003646 0.083182 -0.019368 0.996340
91.720422506 1.228265 -0.208078 7.249434 0.008376 0.083643 -0.018199 0.996294
91.933100224 1.242605 -0.211673 7.268289 0.013814 0.086679 -0.012677 0.996060
92.146678686 1.260079 -0.214913 7.289035 0.020153 0.092409 -0.009488 0.995472
92.360701084 1.278119 -0.219864 7.306468 0.026735 0.100707 -0.006828 0.994533
92.576946020 1.299450 -0.223014 7.323972 0.031544 0.111638 -0.011914 0.993177
92.783641577 1.323553 -0.228173 7.340405 0.034612 0.128923 -0.011095 0.990988
92.992506027 1.351039 -0.228972 7.357539 0.035300 0.146850 -0.010282 0.988475
93.208696604 1.377829 -0.226086 7.376069 0.034485 0.163977 -0.017307 0.985709
93.420466661 1.403990 -0.229870 7.391308 0.034753 0.182509 -0.014832 0.982478
93.638881922 1.429570 -0.232254 7.406309 0.034601 0.199413 -0.013602 0.979210
93.855908632 1.451960 -0.232980 7.425007 0.035078 0.210840 -0.014021 0.976790
94.073714733 1.466648 -0.234470 7.441927 0.035971 0.217721 -0.016714 0.975205
94.293332577 1.479765 -0.236549 7.460331 0.037541 0.221535 -0.018169 0.974260
94.512864590 1.494868 -0.239039 7.477247 0.038850 0.226272 -0.022306 0.973033
94.733660221 1.513199 -0.242635 7.494269 0.040326 0.235625 -0.024084 0.970708
94.947416782 1.534900 -0.245152 7.510024 0.041366 0.247894 -0.026810 0.967532
95.164234161 1.557148 -0.250053 7.523221 0.042318 0.263889 -0.028309 0.963208
95.379854918 1.584180 -0.252362 7.533228 0.042632 0.282234 -0.028993 0.957959
95.597413063 1.609798 -0.252919 7.542103 0.043199 0.301354 -0.027176 0.952145
95.816906452 1.637197 -0.255917 7.552435 0.043971 0.318865 -0.025748 0.946430
96.035396099 1.664006 -0.257698 7.564537 0.045222 0.330573 -0.024080 0.942389
96.252044201 1.677258 -0.262736 7.573152 0.045697 0.334296 -0.026307 0.940992
96.468569517 1.690107 -0.266459 7.589063 0.046607 0.335790 -0.025756 0.940431
96.686030865 1.704557 -0.269388 7.604079 0.048905 0.335712 -0.024522 0.940375
96.899066687 1.720685 -0.273153 7.618962 0.052268 0.335477 -0.023709 0.940298
97.111047029 1.754996 -0.276994 7.638798 0.055497 0.336769 -0.025912 0.939593
97.320755720 1.774357 -0.283509 7.650712 0.057940 0.342833 -0.030005 0.937128
97.527217865 1.802182 -0.288043 7.664963 0.060719 0.352518 -0.031664 0.933296
97.730046272 1.824961 -0.290637 7.674270 0.061008 0.367830 -0.036926 0.927155
97.936640263 1.857123 -0.290324 7.682341 0.059825 0.386533 -0.042036 0.919373
98.140525579 1.888132 -0.288244 7.683416 0.056718 0.408102 -0.045780 0.910022
98.348486423 1.922499 -0.283921 7.684675 0.052594 0.430460 -0.046626 0.899869
98.553464413 1.955159 -0.282368 7.686612 0.049382 0.451511 -0.042805 0.889869
98.761642694 1.984641 -0.286065 7.681538 0.049330 0.464891 -0.030913 0.883452
98.968439817 2.009886 -0.289274 7.678691 0.047829 0.472194 -0.022725 0.879902
99.173996210 2.037606 -0.291275 7.687038 0.045504 0.474315 -0.019667 0.878958
99.383996964 2.061138 -0.292622 7.697247 0.043035 0.473805 -0.019892 0.879353
99.588117123 2.082208 -0.294486 7.708881 0.043758 0.472363 -0.016309 0.880166
99.790986776 2.103849 -0.297501 7.718622 0.040820 0.470891 -0.019935 0.881021
99.997936249 2.133518 -0.300674 7.733330 0.039265 0.470977 -0.022402 0.880987
100.201640368 2.155713 -0.303940 7.737596 0.038925 0.473222 -0.023802 0.879761
100.406954050 2.183923 -0.301979 7.744953 0.036835 0.476116 -0.029451 0.878117
100.610700846 2.212259 -0.305709 7.751202 0.041885 0.480298 -0.024343 0.875767
100.816780329 2.239129 -0.310926 7.756641 0.046545 0.483950 -0.019054 0.873649
101.025087833 2.265417 -0.313381 7.764947 0.047900 0.486129 -0.018889 0.872369
101.227964401 2.288001 -0.317238 7.771115 0.049940 0.487427 -0.014891 0.871607
101.434102058 2.312099 -0.318691 7.777306 0.049069 0.489348 -0.015074 0.870577
101.639857531 2.335833 -0.319921 7.786665 0.046738 0.492217 -0.015693 0.869075
101.845024824 2.356891 -0.320525 7.795377 0.045387 0.494475 -0.013342 0.867903
102.052073479 2.380630 -0.318826 7.805122 0.041661 0.497017 -0.012918 0.866644
102.259251118 2.402384 -0.321138 7.816551 0.040217 0.498854 -0.008912 0.865707
102.467688799 2.425045 -0.323916 7.825279 0.038842 0.500846 -0.004610 0.864652
102.677043915 2.446527 -0.326841 7.831924 0.038571 0.502136 0.001527 0.863927
102.884495020 2.470729 -0.326971 7.839455 0.037129 0.503756 0.005932 0.863027
103.092739820 2.495441 -0.325693 7.847960 0.035257 0.505483 0.009992 0.862058
103.299925804 2.521861 -0.327373 7.857442 0.034418 0.506431 0.016216 0.861440
103.510524035 2.545277 -0.327750 7.866071 0.031847 0.506923 0.020089 0.861169
103.722961426 2.572222 -0.326669 7.875686 0.030985 0.506123 0.026086 0.861510
103.933505058 2.598595 -0.328766 7.886812 0.027912 0.505050 0.029021 0.862150
104.151878119 2.623147 -0.330245 7.894869 0.023921 0.505183 0.030667 0.862135
104.368611336 2.652687 -0.330642 7.904173 0.021441 0.507974 0.033468 0.860455
104.584878206 2.679260 -0.333874 7.913136 0.020600 0.510558 0.038312 0.858742
104.804512024 2.706995 -0.337742 7.922352 0.022373 0.511836 0.044692 0.857628
105.020367622 2.731945 -0.341009 7.931636 0.023315 0.511467 0.047391 0.857679
105.237355947 2.756304 -0.344599 7.939982 0.025874 0.509261 0.047971 0.858885
105.452582121 2.778985 -0.347964 7.948215 0.028573 0.507345 0.047828 0.859940
105.668802500 2.805806 -0.349665 7.958026 0.031327 0.504722 0.044586 0.861561
105.882254839 2.826814 -0.354950 7.965152 0.035549 0.500148 0.038984 0.864331
106.093085766 2.850622 -0.358164 7.976103 0.042267 0.493771 0.034326 0.867886
106.299710989 2.871579 -0.360672 7.985789 0.048337 0.487650 0.028156 0.871245
106.504093170 2.892196 -0.365487 7.994721 0.055874 0.483816 0.025863 0.873002
106.706388712 2.917070 -0.367169 8.005761 0.061463 0.481649 0.021970 0.873930
106.909926653 2.938145 -0.370525 8.014939 0.064147 0.483236 0.016969 0.872972
107.110058546 2.959876 -0.374990 8.022340 0.067035 0.486917 0.015934 0.870726
107.308189392 2.985497 -0.378717 8.029366 0.069691 0.490914 0.017822 0.868234
107.506367445 3.009614 -0.380059 8.035731 0.071061 0.495727 0.018705 0.865364
107.707638025 3.033598 -0.382360 8.042066 0.071788 0.500944 0.020193 0.862261
107.907460690 3.060742 -0.384090 8.049554 0.070864 0.506410 0.021858 0.859098
108.109023809 3.085604 -0.384128 8.054421 0.068744 0.511680 0.023007 0.856113
108.311211109 3.111581 -0.383866 8.062928 0.065756 0.515861 0.021994 0.853862
108.512622118 3.136463 -0.386136 8.071759 0.064911 0.518078 0.022986 0.852557
108.716692924 3.159657 -0.389713 8.081354 0.064051 0.519535 0.022780 0.851741
108.917174101 3.184332 -0.391980 8.089848 0.062470 0.520585 0.020425 0.851276
109.119477272 3.207955 -0.393635 8.098661 0.063586 0.520459 0.020512 0.851269
109.320310354 3.227628 -0.396987 8.106207 0.064880 0.519729 0.020489 0.851618
109.518752575 3.250684 -0.399189 8.115431 0.066154 0.518874 0.019821 0.852057
109.715306997 3.269391 -0.400372 8.123811 0.066384 0.518691 0.017702 0.852197
109.919706583 3.289779 -0.399619 8.132673 0.064941 0.518188 0.011630 0.852718
110.115572453 3.308084 -0.404472 8.141638 0.065738 0.517173 0.008676 0.853309
110.310850859 3.328441 -0.408471 8.150103 0.068369 0.516080 0.009153 0.853759
110.507104874 3.347186 -0.411763 8.158192 0.071645 0.515617 0.011900 0.853736
110.703988314 3.367734 -0.415036 8.162607 0.072948 0.515604 0.012415 0.853626
110.904534578 3.390093 -0.418903 8.169347 0.073291 0.515894 0.010258 0.853450
111.101694822 3.412133 -0.422643 8.176828 0.074143 0.515664 0.008015 0.853540
111.298122406 3.432532 -0.426616 8.183365 0.074821 0.515351 0.004109 0.853697
111.490901232 3.452961 -0.431858 8.190224 0.075694 0.514912 -0.000708 0.853895
111.681102514 3.469486 -0.436231 8.198085 0.079705 0.514195 0.000059 0.853962
111.875543118 3.487441 -0.440823 8.203761 0.082922 0.513128 -0.000367 0.854297
112.066286564 3.512288 -0.442244 8.213392 0.083651 0.513096 -0.003758 0.854237
112.254063845 3.530722 -0.445464 8.220425 0.083780 0.514008 -0.006255 0.853662
112.444788456 3.548222 -0.448046 8.226345 0.084198 0.513302 -0.005832 0.854048
112.635646820 3.572981 -0.449242 8.238495 0.083654 0.509007 -0.005034 0.856673
112.825550079 3.595110 -0.446631 8.247739 0.081738 0.505685 -0.004013 0.858828
113.015638828 3.617545 -0.448058 8.255663 0.078552 0.506001 -0.000662 0.858948
113.201056719 3.641840 -0.445945 8.265188 0.072608 0.507429 0.000301 0.858629
113.390953064 3.669921 -0.438643 8.275854 0.064097 0.509497 -0.001096 0.858081
113.581678152 3.694169 -0.433646 8.287155 0.055436 0.510198 -0.000823 0.858268
113.775563717 3.719396 -0.429056 8.300516 0.046118 0.509512 -0.001553 0.859225
113.968522310 3.743830 -0.423893 8.312891 0.037661 0.508314 0.000834 0.860347
114.167716980 3.770991 -0.420430 8.327608 0.031161 0.504776 0.006579 0.862663
114.372304440 3.799361 -0.419922 8.343856 0.023782 0.497838 0.008871 0.866899
114.572757244 3.825575 -0.421211 8.358915 0.018632 0.488686 0.013007 0.872164
114.775526047 3.852818 -0.418778 8.373995 0.010785 0.480502 0.012358 0.876840
114.981075048 3.879719 -0.417761 8.388317 0.004303 0.472463 0.009429 0.881290
115.182597637 3.905339 -0.418859 8.399103 -0.001692 0.465494 0.005059 0.885035
115.382743120 3.934389 -0.417797 8.413607 -0.004093 0.457742 0.004291 0.889066
115.590663910 3.961217 -0.418108 8.428885 -0.004504 0.450242 0.003271 0.892889
115.796054602 3.991419 -0.418186 8.441738 -0.004014 0.444811 -0.000373 0.895616
116.007216215 4.022091 -0.419187 8.457242 -0.000580 0.440373 -0.001681 0.897813
116.212984562 4.049584 -0.423402 8.468972 0.005597 0.435898 -0.001401 0.899978
116.418581486 4.078346 -0.427327 8.480915 0.011268 0.431880 -0.005311 0.901845
116.627259731 4.110409 -0.430379 8.494532 0.016064 0.428529 -0.010956 0.903319
116.834008932 4.136601 -0.435128 8.505953 0.021012 0.427500 -0.009205 0.903724
117.034788847 4.165208 -0.437249 8.517239 0.024412 0.428759 -0.004327 0.903078
117.230937481 4.193413 -0.438031 8.525770 0.023072 0.432527 -0.002294 0.901323
117.432428598 4.226345 -0.433828 8.534922 0.017897 0.439367 -0.004861 0.898116
117.637870312 4.260469 -0.429162 8.542102 0.010898 0.450171 -0.006022 0.892855
117.843039036 4.292108 -0.425544 8.550049 0.006386 0.460268 0.000365 0.887757
118.050630569 4.321075 -0.426910 8.561603 0.001330 0.465464 0.003932 0.885057
118.257804871 4.352031 -0.421968 8.576194 -0.003614 0.467919 0.005333 0.883748
118.467362881 4.378763 -0.420617 8.590652 -0.006513 0.467659 0.006260 0.883863
118.677298307 4.404492 -0.421629 8.606848 -0.008180 0.465054 0.004941 0.885231
118.890863895 4.429665 -0.423813 8.623648 -0.005759 0.459921 0.005747 0.887923
119.096589565 4.455794 -0.424891 8.641197 -0.000749 0.453669 0.008512 0.891129
119.304884672 4.483034 -0.423997 8.655292 0.002549 0.446943 0.006077 0.894538
119.513213396 4.510206 -0.425492 8.670290 0.003324 0.443156 0.001812 0.896437
119.723093033 4.540080 -0.428159 8.683337 0.003748 0.441380 -0.000707 0.897312
119.931257248 4.570387 -0.429637 8.694722 0.004000 0.442778 -0.000893 0.896622
120.136471510 4.601388 -0.429562 8.706710 0.006311 0.444631 0.004979 0.895678
120.340797663 4.632090 -0.431251 8.714982 0.008096 0.449707 0.011717 0.893063
120.544999838 4.661541 -0.431663 8.722355 0.008323 0.456638 0.018079 0.889430
120.752530336 4.690791 -0.432092 8.729438 0.007899 0.461820 0.025181 0.886581
120.959172726 4.717775 -0.432686 8.735133 0.008169 0.466378 0.034638 0.883869
121.162456036 4.745175 -0.431389 8.742240 0.007286 0.471292 0.043899 0.880854
121.366737843 4.775850 -0.425272 8.747569 0.002833 0.476749 0.048214 0.877712
121.576244354 4.808819 -0.421171 8.753607 -0.001885 0.485488 0.053113 0.872627
121.784974575 4.840215 -0.423490 8.759275 -0.002895 0.492394 0.064632 0.867965
121.996957064 4.872694 -0.423287 8.763208 -0.004267 0.498114 0.075436 0.863813
122.209836960 4.910824 -0.420283 8.767773 -0.004293 0.502177 0.086600 0.860407
122.426023960 4.949156 -0.416598 8.774683 -0.007934 0.505192 0.089738 0.858292
122.643100023 4.983471 -0.412560 8.780914 -0.011762 0.506278 0.088511 0.857736
122.857279062 5.021182 -0.408094 8.790647 -0.013265 0.503475 0.087032 0.859513
123.073274851 5.060329 -0.405826 8.802660 -0.013217 0.498555 0.083271 0.862748
123.286387682 5.097546 -0.404288 8.813463 -0.012490 0.491981 0.076457 0.867152
123.500167847 5.131786 -0.402420 8.824762 -0.010740 0.483958 0.068212 0.872363
123.710457087 5.170803 -0.392534 8.837807 -0.007151 0.475135 0.060531 0.877799
123.923795938 5.207224 -0.391625 8.848324 0.003795 0.465682 0.059879 0.882916
124.136669397 5.249259 -0.395987 8.859631 0.010340 0.461112 0.049431 0.885904
124.345653534 5.290054 -0.401398 8.866568 0.020673 0.459925 0.050209 0.886296
124.551305532 5.330398 -0.406502 8.871887 0.029479 0.463187 0.057189 0.883922
124.753390789 5.379755 -0.404602 8.883525 0.029515 0.472236 0.054867 0.879268
124.955366611 5.428725 -0.396657 8.886071 0.023595 0.484291 0.046713 0.873340
125.161308289 5.480829 -0.385216 8.886430 0.018027 0.497846 0.044886 0.865915
125.375213623 5.526690 -0.380406 8.885657 0.013801 0.510372 0.052123 0.858262
125.590279818 5.575124 -0.374997 8.889915 0.006731 0.519257 0.050780 0.853081
125.806813002 5.618620 -0.369019 8.898606 -0.004109 0.525334 0.039444 0.849971
126.023821592 5.663717 -0.365373 8.908718 -0.010450 0.529062 0.032539 0.847895
126.241489649 5.703949 -0.367121 8.920433 -0.008399 0.531138 0.037334 0.846421
126.460728407 5.747971 -0.365123 8.932863 -0.002703 0.533308 0.045155 0.844711
126.680181503 5.792120 -0.361312 8.942383 -0.004788 0.536835 0.037951 0.842820
126.900640965 5.835127 -0.358549 8.953140 -0.005181 0.538750 0.030142 0.841911
127.116613388 5.878015 -0.362083 8.963804 0.003228 0.538107 0.037005 0.842058
127.337294579 5.919253 -0.362235 8.972596 0.010509 0.537341 0.042982 0.842203
127.559546947 5.962449 -0.362055 8.979172 0.010512 0.538127 0.037506 0.841963
127.774800062 6.003572 -0.361249 8.984846 0.009570 0.539590 0.033246 0.841217
127.990606308 6.047921 -0.356792 8.990985 0.008417 0.542258 0.032803 0.839530
128.208707094 6.091172 -0.350119 8.994410 0.003523 0.548124 0.031115 0.835810
128.435276270 6.134745 -0.344492 8.996352 -0.002478 0.555156 0.033068 0.831085
128.658167124 6.175035 -0.344894 8.999948 -0.002144 0.559697 0.042506 0.827604
128.883882761 6.212210 -0.347660 9.004973 -0.001008 0.563255 0.050469 0.824740
129.099819183 6.250593 -0.348586 9.007969 -0.001889 0.565467 0.051232 0.823176
129.318650246 6.289808 -0.347600 9.012800 -0.003480 0.565752 0.048066 0.823166
129.534448624 6.330110 -0.345101 9.020519 -0.002637 0.563395 0.045495 0.824930
129.756322622 6.370758 -0.340388 9.029278 0.004250 0.558081 0.048530 0.828355
129.974983931 6.408846 -0.340975 9.037415 0.012878 0.551382 0.050919 0.832598
130.195560694 6.445534 -0.346467 9.043072 0.015262 0.546298 0.041417 0.836427
130.411880732 6.482828 -0.349461 9.049274 0.019591 0.539427 0.034007 0.841117
130.631939411 6.516346 -0.350529 9.055960 0.025400 0.532947 0.028886 0.845274
130.848232508 6.549916 -0.356263 9.061516 0.030799 0.528908 0.027251 0.847682
131.063428402 6.584196 -0.362533 9.065897 0.033566 0.529301 0.026534 0.847354
131.274466276 6.621205 -0.363190 9.069143 0.034211 0.532145 0.025721 0.845571
131.485809088 6.659576 -0.356299 9.071966 0.030924 0.537702 0.021955 0.842281
131.699469566 6.697639 -0.352923 9.075030 0.030190 0.544524 0.026143 0.837794
131.916464567 6.735184 -0.350857 9.075950 0.030125 0.551115 0.034419 0.833175
132.134400845 6.774391 -0.348257 9.078213 0.028227 0.557845 0.041414 0.828431
132.355498552 6.812585 -0.346598 9.080538 0.024714 0.562869 0.043667 0.825022
132.576315880 6.849279 -0.344094 9.085018 0.021829 0.566074 0.043889 0.822896
132.794009686 6.885210 -0.343154 9.091129 0.020158 0.566742 0.041426 0.822606
133.027498245 6.923092 -0.342106 9.100065 0.021067 0.565608 0.038679 0.823498
133.249053478 6.957942 -0.342828 9.107463 0.023381 0.563048 0.036564 0.825284
133.468058348 6.993482 -0.344803 9.117086 0.028589 0.559138 0.038362 0.827693
133.689497948 7.026824 -0.346189 9.125042 0.032226 0.555128 0.039463 0.830203
133.907735586 7.059559 -0.346544 9.133057 0.034875 0.551489 0.040560 0.832465
134.122724771 7.092768 -0.342660 9.139494 0.034870 0.548578 0.039540 0.834436
134.345099449 7.126749 -0.341737 9.145116 0.032075 0.548729 0.036205 0.834600
134.562622786 7.157951 -0.345388 9.156393 0.032022 0.547337 0.037797 0.835445
134.779391050 7.180361 -0.345130 9.166729 0.029931 0.548593 0.039059 0.834640
135.001764059 7.200084 -0.343650 9.177807 0.026931 0.550964 0.038731 0.833195
135.232625723 7.217812 -0.342527 9.187615 0.024279 0.555174 0.037786 0.830521
135.453434944 7.236363 -0.341745 9.197241 0.021696 0.556979 0.036262 0.829451
135.673178673 7.255527 -0.342747 9.206621 0.021661 0.558028 0.036598 0.828732
135.892576456 7.274894 -0.346146 9.213188 0.023005 0.561005 0.034141 0.826788
136.110202789 7.299632 -0.350177 9.218587 0.026113 0.566293 0.030857 0.823212
136.331063271 7.324298 -0.355117 9.223598 0.030899 0.573420 0.026731 0.818242
136.552191257 7.343655 -0.359319 9.226569 0.036697 0.586817 0.025161 0.808496
136.772719622 7.366274 -0.360705 9.228665 0.039293 0.596790 0.020894 0.801162
136.990174294 7.387944 -0.362705 9.232080 0.040846 0.600732 0.017232 0.798220
137.209615946 7.409910 -0.363629 9.235103 0.042138 0.603330 0.016814 0.796200
137.422391653 7.434312 -0.363451 9.238956 0.042000 0.605652 0.016748 0.794444
137.636715889 7.461324 -0.362082 9.243423 0.041665 0.607539 0.016630 0.793022
137.846973419 7.484474 -0.364362 9.247755 0.041134 0.607969 0.014316 0.792765
138.060005665 7.509196 -0.368871 9.254531 0.042660 0.607029 0.011557 0.793450
138.270802498 7.536342 -0.373216 9.260153 0.045128 0.606576 0.006515 0.793717
138.478279591 7.563308 -0.378172 9.264993 0.049659 0.608398 0.001147 0.792076
138.690985680 7.589280 -0.384762 9.267616 0.058836 0.611407 0.001584 0.789124
138.899896145 7.614466 -0.392838 9.267715 0.066512 0.618708 0.002621 0.782796
139.109125614 7.620825 -0.401478 9.275418 0.066057 0.634034 -0.001646 0.770477
139.311874866 7.618911 -0.410062 9.271204 0.059907 0.649034 -0.009594 0.758337
139.512000322 7.644700 -0.409294 9.265038 0.058016 0.661613 -0.009932 0.747531
139.714708328 7.668947 -0.406208 9.257160 0.056335 0.673739 -0.007655 0.736779
139.920279980 7.693073 -0.405492 9.245888 0.058837 0.691510 0.000827 0.719966
140.126937389 7.719704 -0.407151 9.237410 0.063923 0.704783 0.008333 0.706488
140.332017660 7.743136 -0.413138 9.232746 0.068240 0.712568 0.009565 0.698211
140.535844326 7.769122 -0.416425 9.231385 0.071665 0.717725 0.006524 0.692599
140.736671209 7.795321 -0.417836 9.230942 0.074098 0.721210 0.001272 0.688741
140.937787294 7.818294 -0.422070 9.228962 0.075094 0.723607 -0.004667 0.686100
141.136828423 7.838700 -0.427393 9.226549 0.077045 0.724829 -0.007725 0.684563
141.335982084 7.860051 -0.431762 9.222565 0.076775 0.728664 -0.010181 0.680479
141.532501459 7.884264 -0.432977 9.215263 0.075604 0.735250 -0.010298 0.673488
141.725119114 7.911032 -0.432525 9.203876 0.074288 0.744361 -0.007752 0.663587
141.917950153 7.934857 -0.432634 9.191905 0.073571 0.754893 -0.003895 0.651697
142.114871502 7.961404 -0.432819 9.176362 0.068485 0.767140 -0.002017 0.637810
142.311563253 7.994580 -0.426133 9.158955 0.064064 0.780066 0.001464 0.622407
142.516031742 8.022652 -0.423098 9.141482 0.066163 0.790214 0.010321 0.609162
142.719575167 8.046830 -0.426276 9.128780 0.064783 0.796559 0.014659 0.600901
142.919955730 8.075546 -0.429375 9.117426 0.064451 0.801035 0.017096 0.594892
143.122472286 8.104374 -0.432868 9.105532 0.064560 0.805572 0.017433 0.588712
143.325445890 8.127232 -0.433804 9.094719 0.061854 0.811881 0.015667 0.580326
143.526068449 8.153227 -0.435938 9.080364 0.058659 0.818717 0.013786 0.571026
143.724110365 8.183960 -0.438315 9.063501 0.056878 0.826114 0.012592 0.560484
143.924300909 8.212740 -0.439345 9.046914 0.056333 0.833015 0.012599 0.550231
144.127119303 8.232095 -0.442771 9.030094 0.058387 0.838947 0.015245 0.540858
144.326859713 8.260570 -0.443071 9.009718 0.057638 0.845097 0.016889 0.531229
144.526878834 8.285266 -0.441355 8.989222 0.057286 0.851228 0.019485 0.521296
144.726497650 8.313824 -0.438094 8.965573 0.056807 0.857456 0.021124 0.510975
144.927191734 8.336459 -0.439150 8.941751 0.055882 0.863344 0.022006 0.501030
145.125520468 8.365666 -0.436301 8.919910 0.052179 0.869190 0.020225 0.491301
145.326075315 8.392021 -0.433944 8.897379 0.049954 0.874669 0.019194 0.481758
145.527442455 8.418937 -0.433917 8.876017 0.050820 0.879792 0.020066 0.472209
145.725510120 8.445356 -0.430805 8.851789 0.050003 0.885327 0.020106 0.461835
145.926209927 8.473327 -0.429522 8.828087 0.054960 0.889534 0.024531 0.452887
146.130401134 8.492756 -0.430922 8.808921 0.057156 0.892416 0.028790 0.446652
146.330880165 8.519402 -0.429484 8.785584 0.054252 0.895100 0.030839 0.441477
146.533002853 8.545383 -0.426873 8.765740 0.046426 0.898399 0.030020 0.435686
146.732613564 8.571211 -0.427354 8.744229 0.041466 0.902464 0.029483 0.427749
146.939053774 8.595836 -0.431862 8.721469 0.040963 0.907197 0.029917 0.417638
147.145454407 8.615419 -0.430454 8.701525 0.041703 0.912346 0.029238 0.406241
147.349183798 8.635306 -0.433495 8.680152 0.043881 0.918380 0.028232 0.392245
147.555082321 8.656707 -0.436116 8.654550 0.048305 0.925166 0.026480 0.375544
147.755831003 8.668365 -0.439888 8.634287 0.051305 0.932735 0.023662 0.356108
147.957097769 8.682065 -0.443628 8.612764 0.058253 0.939882 0.020274 0.335884
148.158889055 8.695984 -0.446153 8.589080 0.056944 0.946575 0.013990 0.317107
148.354447603 8.707311 -0.453426 8.574043 0.054135 0.952200 0.007429 0.300550
148.551176071 8.720097 -0.456384 8.547492 0.053289 0.956389 0.000568 0.287193
148.764812469 8.733189 -0.459232 8.530028 0.048937 0.959537 -0.007671 0.277192
148.956403971 8.750221 -0.458290 8.514642 0.049855 0.961720 -0.015654 0.269004
149.146048307 8.761522 -0.463347 8.497714 0.051451 0.961645 -0.019672 0.268708
149.332717896 8.777855 -0.468280 8.484094 0.050086 0.960857 -0.021620 0.271622
149.519224405 8.793883 -0.465876 8.465939 0.052097 0.959420 -0.021211 0.276313
149.709961891 8.810539 -0.464508 8.453159 0.054908 0.957883 -0.017764 0.281299
149.892797232 8.827223 -0.461082 8.439541 0.054131 0.956347 -0.013224 0.286873
150.081153870 8.845959 -0.457741 8.420876 0.053534 0.955116 -0.005753 0.291297
150.269119978 8.862652 -0.454956 8.403052 0.056288 0.954203 0.006150 0.293752
150.458559036 8.877913 -0.450152 8.384932 0.056887 0.953933 0.019918 0.293903
150.655141830 8.897013 -0.430831 8.367173 0.051203 0.954734 0.032345 0.291232
150.857305527 8.912188 -0.422760 8.342012 0.051748 0.955945 0.048649 0.284824
151.059461832 8.926230 -0.420021 8.318158 0.046242 0.957786 0.061354 0.277024
151.265819550 8.949005 -0.412595 8.291237 0.040285 0.959429 0.070167 0.270091
151.477194548 8.967967 -0.403076 8.259026 0.029116 0.961025 0.075627 0.264317
151.691348076 8.988581 -0.403392 8.237335 0.020426 0.962727 0.079568 0.257699
151.909051418 9.009439 -0.401156 8.209942 0.024630 0.963901 0.085326 0.251013
152.123809338 9.033585 -0.397265 8.177813 0.022979 0.965968 0.087056 0.242485
152.339037180 9.054925 -0.395730 8.152828 0.023532 0.968146 0.088789 0.232930
152.556093216 9.074992 -0.394661 8.124578 0.022981 0.970661 0.087382 0.222831
152.768260717 9.092999 -0.395784 8.096143 0.024983 0.973371 0.084514 0.211616
152.983735085 9.109603 -0.395920 8.066677 0.027493 0.976441 0.080294 0.198392
153.200104952 9.122642 -0.393706 8.036559 0.031483 0.979828 0.074652 0.182685
153.411791801 9.134983 -0.393432 8.006061 0.037794 0.983284 0.066956 0.165047
153.623134136 9.145101 -0.391613 7.975719 0.037016 0.987041 0.055484 0.145952
153.840335369 9.155204 -0.394539 7.951377 0.035475 0.990378 0.043769 0.126400
154.046188831 9.165076 -0.396348 7.921393 0.032260 0.993045 0.032404 0.108498
154.251998663 9.175502 -0.401341 7.897587 0.022734 0.995134 0.023457 0.092959
154.453387976 9.187153 -0.406157 7.872108 0.022090 0.996326 0.017892 0.080783
154.654572964 9.199423 -0.411093 7.847988 0.028511 0.996665 0.016123 0.074747
154.855843782 9.214389 -0.410606 7.825962 0.033585 0.996457 0.015385 0.075559
155.055756092 9.228376 -0.402761 7.806310 0.035190 0.995855 0.015898 0.082352
155.253092289 9.238918 -0.403161 7.787896 0.039525 0.994900 0.020948 0.090400
155.454364061 9.250811 -0.397390 7.763861 0.045070 0.994005 0.027356 0.095786
155.656216860 9.264684 -0.390858 7.737015 0.051493 0.993217 0.036933 0.097490
155.855207443 9.281845 -0.382560 7.717435 0.049671 0.993105 0.048637 0.094392
156.066005230 9.281673 -0.367443 7.692894 0.038218 0.993204 0.061144 0.091363
156.275779009 9.294724 -0.358819 7.660724 0.032583 0.993696 0.071069 0.080351
156.484642267 9.301554 -0.356001 7.625031 0.030446 0.994349 0.079000 0.064042
156.697822571 9.308465 -0.350087 7.593336 0.025876 0.995232 0.083984 0.042320
156.915447474 9.309542 -0.347877 7.561852 0.024587 0.995627 0.088019 0.019346
157.133416891 9.314359 -0.347216 7.529578 -0.027622 -0.995677 -0.088483 0.005984
157.348249674 9.318283 -0.347726 7.499049 -0.029879 -0.995303 -0.086330 0.032033
157.563082695 9.323999 -0.346675 7.470112 -0.027318 -0.994523 -0.081999 0.058763
157.779314756 9.327289 -0.341871 7.441342 -0.023659 -0.993280 -0.074885 0.085009
157.997622490 9.328979 -0.341060 7.413511 -0.014065 -0.991434 -0.065897 0.111886
158.214914322 9.336404 -0.341357 7.387162 -0.003484 -0.988728 -0.055935 0.138837
158.429833412 9.339520 -0.342841 7.359178 0.002751 -0.987039 -0.047952 0.153124
158.637593508 9.349352 -0.354018 7.342825 0.004921 -0.986227 -0.043143 0.159595
158.845691919 9.357430 -0.357875 7.322406 0.007521 -0.986207 -0.039872 0.160469
159.051364422 9.372063 -0.356100 7.299878 0.008233 -0.986681 -0.037572 0.158055
159.257107735 9.383557 -0.351128 7.276039 0.004801 -0.987831 -0.036435 0.151125
159.460620403 9.393794 -0.346314 7.252954 -0.001864 -0.989288 -0.037395 0.141094
159.668839455 9.398976 -0.337771 7.226446 -0.002891 -0.990774 -0.040811 0.129199
159.879228830 9.403397 -0.327583 7.202876 -0.005115 -0.992087 -0.045484 0.116915
160.096469164 9.413328 -0.325630 7.177273 -0.008975 -0.992496 -0.052353 0.110137
160.318219423 9.416283 -0.320852 7.151269 -0.012202 -0.992404 -0.057172 0.108242
160.531389475 9.421600 -0.314492 7.115248 -0.009825 -0.991351 -0.059221 0.116705
160.746431589 9.419109 -0.309059 7.085131 -0.008941 -0.989547 -0.057999 0.131730
160.962320805 9.415379 -0.309247 7.053433 -0.004270 -0.986804 -0.057493 0.151311
161.177270651 9.408844 -0.301988 7.023184 0.002594 -0.983635 -0.055069 0.171529
161.391498566 9.410092 -0.299320 6.993096 0.013170 -0.979642 -0.052010 0.193453
161.608111382 9.402452 -0.305465 6.972667 0.012341 -0.976084 -0.048332 0.211593
161.827880144 9.400314 -0.306506 6.949811 0.013517 -0.972801 -0.042974 0.227221
162.041917562 9.401905 -0.309199 6.927272 0.019327 -0.970418 -0.039375 0.237413
162.254864931 9.405340 -0.309402 6.905824 0.024517 -0.968700 -0.035630 0.244436
162.465682268 9.409628 -0.310796 6.884916 0.026138 -0.967800 -0.032015 0.248306
162.678854704 9.413966 -0.311396 6.864225 0.025522 -0.967852 -0.028599 0.248583
162.886560678 9.417904 -0.314147 6.845590 0.019707 -0.968679 -0.024954 0.246272
163.099668980 9.421958 -0.313783 6.825059 0.011359 -0.969741 -0.021313 0.242939
163.310212135 9.427816 -0.311514 6.803638 0.007239 -0.970394 -0.021513 0.240460
163.519691229 9.431067 -0.309018 6.785159 0.004474 -0.970601 -0.023602 0.239493
163.728023052 9.432149 -0.304650 6.763638 -0.000104 -0.970245 -0.026531 0.240667
163.943953276 9.430766 -0.300027 6.743338 0.000524 -0.969751 -0.029997 0.242247
164.162115335 9.425368 -0.295199 6.722924 0.000020 -0.968832 -0.031263 0.245739
164.383410692 9.421419 -0.294888 6.703756 0.001049 -0.967787 -0.032667 0.249640
164.603040218 9.414721 -0.294737 6.688317 0.001916 -0.967165 -0.032371 0.252071
164.823798180 9.409216 -0.294253 6.668492 0.004038 -0.966497 -0.030863 0.254785
165.039586067 9.404780 -0.294392 6.647285 0.005711 -0.965503 -0.027745 0.258845
165.256295204 9.401677 -0.299258 6.634219 0.005733 -0.964206 -0.023206 0.264074
165.468284607 9.397908 -0.302178 6.616327 0.009602 -0.962525 -0.019091 0.270350
165.681968927 9.396756 -0.305077 6.599591 0.016870 -0.960180 -0.015729 0.278429
165.894780397 9.395449 -0.306920 6.584046 0.024363 -0.957057 -0.011101 0.288662
166.099935293 9.391140 -0.309584 6.568894 0.034320 -0.953207 -0.006677 0.300289
166.300367832 9.386368 -0.313925 6.546997 0.042594 -0.949316 -0.001095 0.311423
166.498702049 9.387372 -0.323428 6.530130 0.040954 -0.946656 0.004369 0.319602
166.695358276 9.390535 -0.326819 6.517922 0.031520 -0.945979 0.011968 0.322471
166.895381927 9.396078 -0.330192 6.502858 0.029146 -0.947373 0.014055 0.318493
167.096332312 9.400328 -0.331616 6.489360 0.022820 -0.950237 0.015985 0.310279
167.297025442 9.408083 -0.322773 6.463648 0.020974 -0.952511 0.016262 0.303346
167.492737532 9.411453 -0.316287 6.445460 0.015205 -0.955436 0.015832 0.294380
167.695874214 9.413225 -0.313405 6.422763 0.012255 -0.958367 0.011546 0.285044
167.891622305 9.415441 -0.307870 6.397284 0.008008 -0.960895 0.007428 0.276697
168.091064453 9.415674 -0.302686 6.369860 0.005680 -0.962993 -0.000202 0.269465
168.294462681 9.412637 -0.287011 6.355612 0.005436 -0.965411 -0.007078 0.260579
168.503915310 9.409908 -0.278456 6.331306 0.011948 -0.966097 -0.018325 0.257252
168.719379425 9.408442 -0.273257 6.288692 0.013303 -0.965321 -0.026768 0.259349
168.930846214 9.404057 -0.272641 6.266495 0.016082 -0.964377 -0.031944 0.262105
169.147423267 9.399344 -0.271950 6.245407 0.022621 -0.962743 -0.035661 0.267100
169.367167234 9.394808 -0.270743 6.225637 0.027752 -0.960643 -0.036216 0.274012
169.587677240 9.391623 -0.271059 6.207598 0.031267 -0.958525 -0.034390 0.281193
169.810028553 9.388684 -0.271764 6.190288 0.036610 -0.956155 -0.030957 0.288908
170.033087969 9.387730 -0.274136 6.171547 0.040724 -0.953299 -0.026304 0.298111
170.257761955 9.385527 -0.276655 6.157589 0.041314 -0.950824 -0.018941 0.306379
170.482432365 9.385486 -0.278453 6.143247 0.043057 -0.948259 -0.011874 0.314342
170.705864906 9.382976 -0.281984 6.129260 0.048025 -0.946767 -0.005966 0.318260
170.928061485 9.381296 -0.288413 6.115808 0.054963 -0.946064 -0.002619 0.319272
171.142465830 9.378150 -0.291626 6.099828 0.060824 -0.945724 0.001079 0.319226
171.352850914 9.377472 -0.293429 6.085696 0.065732 -0.946351 0.003955 0.316360
171.567255497 9.378150 -0.294540 6.066861 0.067842 -0.947561 0.006741 0.312218
171.774721146 9.379257 -0.298683 6.050508 0.063246 -0.950227 0.009145 0.304934
171.982963800 9.381722 -0.301578 6.032696 0.057269 -0.953298 0.010112 0.296380
172.191523552 9.385283 -0.300349 6.018558 0.051271 -0.956988 0.010443 0.285370
172.403191090 9.393648 -0.295377 5.994589 0.050382 -0.960155 0.006595 0.274811
172.618763447 9.397250 -0.287590 5.972876 0.046712 -0.963686 0.003204 0.262903
172.826119900 9.398471 -0.282830 5.951594 0.043391 -0.965975 -0.000278 0.254971
173.034249544 9.394762 -0.281855 5.931422 0.041739 -0.966385 -0.001977 0.253679
173.255171776 9.386420 -0.280446 5.911530 0.041478 -0.965807 -0.001815 0.255917
173.479007006 9.381000 -0.281235 5.892781 0.040979 -0.965032 0.000153 0.258909
173.700351000 9.374064 -0.281918 5.875739 0.040503 -0.964363 0.003405 0.261443
173.922551155 9.370113 -0.283385 5.859694 0.042712 -0.963439 0.007496 0.264396
174.143598080 9.366116 -0.286373 5.844043 0.044003 -0.962924 0.012505 0.265865
174.363043785 9.363832 -0.289200 5.826738 0.043298 -0.963044 0.017118 0.265289
174.578099012 9.363465 -0.291985 5.811419 0.042100 -0.963568 0.021737 0.263234
174.788857460 9.363294 -0.295661 5.793711 0.041361 -0.964398 0.024365 0.260063
174.998736620 9.363861 -0.299160 5.782717 0.038876 -0.965813 0.026179 0.254967
175.207517147 9.366261 -0.298871 5.764650 0.037772 -0.967280 0.025943 0.249540
175.413194418 9.370937 -0.297809 5.749856 0.033686 -0.968874 0.024218 0.244055
175.617823839 9.375229 -0.294962 5.730363 0.035934 -0.970474 0.019711 0.237698
175.831058025 9.377550 -0.291815 5.713347 0.036602 -0.972094 0.015459 0.231205
176.045533895 9.380805 -0.289342 5.694335 0.038024 -0.972892 0.011193 0.227836
176.266911507 9.378243 -0.290186 5.675065 0.038061 -0.973272 0.008080 0.226336
176.479993820 9.377315 -0.288780 5.657881 0.038866 -0.972407 0.006884 0.229929
176.696485996 9.373911 -0.290035 5.639401 0.043174 -0.970549 0.005000 0.236949
176.914193153 9.368114 -0.290610 5.620560 0.044867 -0.968828 0.005646 0.243572
177.127080917 9.365584 -0.291751 5.605353 0.043981 -0.967757 0.007317 0.247907
177.338078737 9.363890 -0.293547 5.588686 0.042766 -0.966865 0.009185 0.251513
177.554847479 9.363334 -0.294397 5.574083 0.040044 -0.966533 0.011450 0.253140
177.769198418 9.364487 -0.294976 5.557384 0.038392 -0.966815 0.012491 0.252269
177.983982801 9.365238 -0.295277 5.540957 0.034267 -0.967492 0.013596 0.250200
178.199342966 9.367117 -0.295143 5.525808 0.029684 -0.967879 0.015131 0.249198
178.413587809 9.367420 -0.293971 5.507980 0.029646 -0.968477 0.015644 0.246839
178.627384186 9.368452 -0.295628 5.487596 0.028699 -0.968756 0.016014 0.245831
178.846086502 9.367270 -0.296569 5.470618 0.027146 -0.969075 0.017984 0.244607
179.064306974 9.366898 -0.295238 5.453995 0.027180 -0.969154 0.020488 0.244094
179.276472330 9.365326 -0.295731 5.434887 0.029182 -0.969048 0.022841 0.244074
179.489392996 9.365970 -0.299817 5.420410 0.028628 -0.969151 0.025277 0.243490
179.703505754 9.368176 -0.301930 5.397805 0.025546 -0.969584 0.028651 0.241732
179.918241262 9.368845 -0.302780 5.381532 0.023579 -0.970557 0.031500 0.237636
180.129841089 9.369982 -0.302607 5.364120 0.020007 -0.971837 0.033935 0.232338
180.340981483 9.378592 -0.305436 5.351272 0.015956 -0.973225 0.034189 0.226736
180.550557375 9.379335 -0.306399 5.341190 0.015236 -0.975816 0.032027 0.215697
180.760028362 9.383619 -0.299448 5.310417 0.011937 -0.977575 0.030485 0.208029
180.971753120 9.386205 -0.298211 5.292425 0.007024 -0.979017 0.028770 0.201617
181.189818621 9.385689 -0.298292 5.273275 0.005177 -0.979787 0.027084 0.198136
181.406751394 9.384113 -0.298453 5.256829 0.002742 -0.980143 0.026854 0.196446
181.622102499 9.380958 -0.300372 5.239361 0.001222 -0.979943 0.027487 0.197370
181.838751316 9.377243 -0.303776 5.222975 0.002782 -0.979330 0.028316 0.200257
182.049959660 9.373491 -0.304184 5.205976 0.004839 -0.978750 0.030832 0.202669
182.264411688 9.370394 -0.306563 5.188498 0.006312 -0.978577 0.033899 0.202975
182.478862047 9.369142 -0.307407 5.171336 0.008062 -0.978584 0.038083 0.202132
182.687452316 9.369783 -0.312837 5.158101 0.009005 -0.978710 0.041133 0.200884
182.894862652 9.366772 -0.315275 5.139086 0.008611 -0.979154 0.044407 0.198018
183.100130558 9.368910 -0.314280 5.121351 0.007924 -0.979600 0.048127 0.194946
183.306391001 9.370373 -0.316757 5.102786 0.003744 -0.980523 0.049662 0.189983
183.507967472 9.373363 -0.316995 5.082361 -0.001415 -0.981511 0.049967 0.184761
183.711150169 9.375210 -0.316424 5.064452 0.000025 -0.982607 0.047500 0.179520
183.915172100 9.377598 -0.315365 5.046583 0.001157 -0.983570 0.043346 0.175240
184.120515108 9.381426 -0.311048 5.025856 0.002992 -0.984514 0.037535 0.171214
184.330508471 9.385345 -0.304826 5.005855 0.006379 -0.985490 0.030369 0.166874
184.541710377 9.390507 -0.300661 4.984291 0.008921 -0.986254 0.022360 0.163471
184.746433496 9.394257 -0.297684 4.965508 -0.000134 -0.986403 0.017746 0.163383
184.953290701 9.396366 -0.294749 4.942155 -0.004321 -0.985524 0.012544 0.169015
185.163035631 9.394159 -0.293292 4.921866 -0.002680 -0.983418 0.008839 0.181116
185.374240160 9.390189 -0.290989 4.901547 0.003591 -0.980291 0.006262 0.197425
185.587101698 9.384962 -0.293414 4.882540 0.005675 -0.976417 0.006236 0.215730
185.792069197 9.381651 -0.297447 4.863099 0.003900 -0.971422 0.009186 0.237149
185.998620987 9.376839 -0.299703 4.847948 0.003293 -0.966099 0.013696 0.257787
186.207892418 9.371125 -0.303399 4.835344 0.009555 -0.960921 0.015891 0.276202
186.417594671 9.368055 -0.308156 4.821181 0.020334 -0.955902 0.018881 0.292373
186.625313044 9.370762 -0.314136 4.812994 0.028008 -0.951235 0.023505 0.306292
186.839828253 9.373238 -0.317813 4.803886 0.030583 -0.947606 0.028944 0.316653
187.060585499 9.377346 -0.322270 4.794341 0.032637 -0.945333 0.033171 0.322771
187.280043602 9.382744 -0.325468 4.781521 0.033170 -0.943916 0.036426 0.326490
187.496108294 9.388846 -0.328155 4.770347 0.036144 -0.943767 0.037472 0.326488
187.713821411 9.393580 -0.328982 4.753866 0.040067 -0.943896 0.037622 0.325637
187.926457167 9.395929 -0.329270 4.740071 0.042168 -0.944504 0.036922 0.323684
188.127086163 9.396201 -0.329086 4.723915 0.044572 -0.945362 0.035014 0.321058
188.337230682 9.395544 -0.324638 4.705597 0.043548 -0.945548 0.033702 0.320792
188.548660994 9.393484 -0.319424 4.688018 0.045859 -0.945898 0.029085 0.319888
188.761795998 9.391285 -0.317688 4.673451 0.044912 -0.946901 0.024609 0.317421
188.976452351 9.388908 -0.316725 4.654449 0.042219 -0.947757 0.020302 0.315534
189.189541817 9.387986 -0.316133 4.639377 0.040147 -0.948604 0.015840 0.313509
189.405788183 9.382495 -0.314740 4.621513 0.038345 -0.948499 0.013027 0.314180
189.618395329 9.378369 -0.314454 4.608180 0.037369 -0.947835 0.010338 0.316393
189.839513302 9.372575 -0.310577 4.594432 0.036053 -0.947104 0.009602 0.318750
190.063693285 9.368268 -0.308925 4.578666 0.036995 -0.945670 0.009334 0.322881
190.286510706 9.362762 -0.310579 4.562592 0.039260 -0.944258 0.009848 0.326708
190.512846947 9.358091 -0.314454 4.548302 0.040383 -0.942881 0.012475 0.330436
190.733899593 9.356380 -0.318003 4.532696 0.044092 -0.941793 0.014857 0.332958
190.959778070 9.352472 -0.323224 4.519048 0.044652 -0.941255 0.018356 0.334229
191.185126781 9.347877 -0.323926 4.500218 0.046196 -0.941108 0.023180 0.334132
191.410534620 9.349033 -0.328032 4.487937 0.046917 -0.941585 0.027767 0.332334
191.627785683 9.344555 -0.333098 4.476302 0.045721 -0.943076 0.032765 0.327786
191.841577768 9.348200 -0.338452 4.466032 0.042347 -0.944601 0.037256 0.323340
192.054656029 9.346031 -0.340816 4.448359 0.037359 -0.947141 0.041105 0.315972
192.261394501 9.349722 -0.340204 4.433179 0.033416 -0.950493 0.043423 0.305876
192.464687824 9.353515 -0.338713 4.413795 0.028433 -0.953992 0.044091 0.295206
192.668600798 9.358624 -0.335145 4.394788 0.023786 -0.957486 0.042916 0.284276
192.879559755 9.359597 -0.330620 4.376166 0.019636 -0.960541 0.041095 0.274384
193.097827673 9.362541 -0.329744 4.359476 0.021225 -0.962626 0.035645 0.267637
193.311362028 9.361851 -0.328290 4.340775 0.022919 -0.963987 0.030096 0.263246
193.527549744 9.365025 -0.326650 4.321358 0.021307 -0.963619 0.026601 0.265096
193.750048876 9.361120 -0.326384 4.306325 0.018191 -0.961529 0.025487 0.272912
193.963329077 9.357533 -0.328710 4.292063 0.016753 -0.957482 0.024445 0.286968
194.171645164 9.345145 -0.328274 4.277878 0.018206 -0.952478 0.023949 0.303119
194.381911278 9.332460 -0.325128 4.263125 0.020717 -0.946767 0.023653 0.320380
194.592215538 9.324401 -0.326933 4.251273 0.024159 -0.942199 0.020793 0.333533
194.817024469 9.316479 -0.328184 4.240682 0.027510 -0.939082 0.016931 0.342172
195.051347494 9.310026 -0.328211 4.228808 0.025998 -0.936306 0.014038 0.349939
195.281645060 9.303431 -0.323803 4.219993 0.019802 -0.934277 0.013198 0.355753
195.513388395 9.299048 -0.324030 4.205644 0.022842 -0.932255 0.009481 0.360957
195.745779753 9.295235 -0.324179 4.194570 0.025177 -0.930719 0.007368 0.364794
195.975151300 9.286716 -0.322639 4.180955 0.026864 -0.929233 0.007049 0.368450
196.197078705 9.280833 -0.324374 4.169741 0.025709 -0.927497 0.009072 0.372836
196.430070877 9.274014 -0.325532 4.155469 0.025666 -0.926284 0.011206 0.375783
196.657606125 9.267216 -0.326699 4.143183 0.025161 -0.925737 0.014160 0.377063
196.892707586 9.263849 -0.328501 4.132506 0.022272 -0.925949 0.016407 0.376634
197.124904871 9.260751 -0.334025 4.120536 0.020664 -0.926816 0.015699 0.374619
197.356542826 9.257107 -0.334387 4.105165 0.018575 -0.927601 0.015208 0.372801
197.587445498 9.251369 -0.332336 4.091540 0.017200 -0.929272 0.013167 0.368761
197.820191622 9.248590 -0.327712 4.078835 0.016373 -0.930395 0.010750 0.366036
198.046251774 9.240988 -0.327232 4.061275 0.013971 -0.930805 0.008141 0.365159
198.275532722 9.232538 -0.324555 4.049562 0.012454 -0.930663 0.007758 0.365584
198.498775721 9.224266 -0.324900 4.034389 0.011143 -0.929924 0.008170 0.367492
198.722843647 9.215400 -0.324629 4.024044 0.010730 -0.929144 0.010529 0.369412
198.956438780 9.207048 -0.330194 4.012335 0.010480 -0.928065 0.013319 0.372032
199.196278334 9.196697 -0.334357 3.999611 0.009290 -0.926986 0.017623 0.374566
199.435694218 9.196698 -0.339971 3.995746 0.009547 -0.926344 0.021581 0.375939
199.672876835 9.188134 -0.341612 3.985134 0.009976 -0.926435 0.025954 0.375426
199.903773785 9.187296 -0.349566 3.979506 0.011092 -0.926524 0.027351 0.375075
200.129740477 9.189104 -0.350328 3.967137 0.013322 -0.926067 0.028923 0.376014
200.356760740 9.189215 -0.351101 3.956180 0.014882 -0.926182 0.030018 0.375586
200.584950686 9.181878 -0.353485 3.947692 0.015005 -0.927254 0.031187 0.372831
200.811645985 9.168982 -0.352259 3.933075 0.014697 -0.927781 0.032733 0.371396
201.035134315 9.161182 -0.354454 3.921227 0.014905 -0.927195 0.033998 0.372734
201.257735968 9.153566 -0.355697 3.910551 0.017466 -0.926491 0.034908 0.374288
201.479320526 9.143730 -0.356565 3.897886 0.020339 -0.925889 0.036291 0.375499
201.694938421 9.136833 -0.358032 3.886315 0.021785 -0.924957 0.038181 0.377522
201.923431158 9.128158 -0.357773 3.874063 0.022758 -0.924208 0.040757 0.379027
202.144826889 9.121604 -0.362205 3.863551 0.021042 -0.923794 0.043208 0.379862
202.365347624 9.116426 -0.366242 3.853474 0.020612 -0.923886 0.044784 0.379479
202.585654974 9.112600 -0.369585 3.843294 0.022274 -0.924534 0.044129 0.377879
202.805426121 9.110141 -0.368267 3.828417 0.021423 -0.925034 0.044708 0.376636
203.025969028 9.109711 -0.370094 3.818406 0.019906 -0.925985 0.042950 0.374580
203.248089314 9.106187 -0.368502 3.805116 0.016353 -0.927151 0.042379 0.371924
203.468432188 9.102736 -0.367031 3.789899 0.013044 -0.927764 0.042048 0.370563
203.693131447 9.094506 -0.365871 3.775647 0.010149 -0.928157 0.041703 0.369707
203.907890081 9.088657 -0.366042 3.763492 0.009473 -0.928114 0.040510 0.369965
204.118998528 9.080628 -0.364754 3.749800 0.009070 -0.927344 0.040533 0.371897
204.331905842 9.068424 -0.364399 3.737845 0.007219 -0.926350 0.041898 0.374256
204.542724371 9.060774 -0.365247 3.725151 0.008377 -0.925375 0.041950 0.376632
204.760722637 9.051163 -0.368143 3.710255 0.003201 -0.925297 0.044502 0.376610
204.986385107 9.048402 -0.368903 3.697349 -0.002809 -0.925762 0.047178 0.375143
205.211624384 9.043425 -0.372355 3.687929 -0.006386 -0.927404 0.047623 0.370964
205.427937746 9.042825 -0.377403 3.675428 -0.005540 -0.929828 0.044040 0.365309
205.652464628 9.041452 -0.370484 3.663353 -0.002360 -0.932206 0.040873 0.359606
205.874648571 9.036745 -0.370106 3.644134 -0.005177 -0.933382 0.039889 0.356622
206.099361658 9.032756 -0.375339 3.632660 -0.009937 -0.933712 0.039575 0.355693
206.325239658 9.024582 -0.375268 3.621819 -0.016177 -0.933779 0.040983 0.355127
206.546163797 9.017385 -0.373936 3.610766 -0.018186 -0.934188 0.041836 0.353853
206.759990215 9.007990 -0.374839 3.596704 -0.018585 -0.934451 0.041825 0.353139
206.981335878 8.999434 -0.375313 3.591171 -0.021330 -0.933915 0.043752 0.354166
207.206418037 8.985300 -0.377475 3.579575 -0.025839 -0.931610 0.045045 0.359731
207.435796022 8.979422 -0.377676 3.574182 -0.030436 -0.929442 0.045507 0.364885
207.665506363 8.969015 -0.376785 3.565482 -0.030819 -0.928052 0.044462 0.368501
207.889133930 8.960672 -0.377599 3.554974 -0.029396 -0.926759 0.041262 0.372225
208.120700836 8.951345 -0.375973 3.545058 -0.028698 -0.925772 0.037608 0.375111
208.351516485 8.943488 -0.374014 3.534364 -0.027504 -0.924688 0.033728 0.378230
208.582967758 8.934785 -0.372633 3.522608 -0.029788 -0.923720 0.031623 0.380597
208.811087132 8.926945 -0.374044 3.513247 -0.033234 -0.922395 0.030982 0.383566
209.042402267 8.917932 -0.374793 3.503440 -0.033704 -0.921158 0.031134 0.386476
209.277116060 8.907105 -0.375142 3.493526 -0.033436 -0.919869 0.032910 0.389411
209.506348372 8.898069 -0.378219 3.483728 -0.030681 -0.918760 0.035632 0.392007
209.735163212 8.892157 -0.382270 3.473547 -0.026773 -0.917365 0.038563 0.395268
209.962035418 8.885422 -0.385947 3.464774 -0.023793 -0.916048 0.042937 0.398054
210.189980745 8.876416 -0.390936 3.455210 -0.020426 -0.915207 0.046307 0.399794
210.410071373 8.868402 -0.393467 3.447776 -0.021209 -0.914014 0.051182 0.401883
210.626203775 8.860620 -0.395125 3.439321 -0.019440 -0.913487 0.053639 0.402848
210.841441154 8.854214 -0.399653 3.428812 -0.019472 -0.912733 0.054001 0.404503
211.048184633 8.846807 -0.400492 3.418706 -0.019261 -0.912690 0.053211 0.404715
211.256864309 8.840109 -0.402290 3.410557 -0.018636 -0.913172 0.050869 0.403958
211.465763807 8.833603 -0.400216 3.399520 -0.019434 -0.913941 0.047876 0.402544
211.672369003 8.826112 -0.396993 3.383621 -0.019893 -0.914734 0.043141 0.401254
211.891876221 8.820566 -0.392849 3.372380 -0.019315 -0.916149 0.036649 0.398691
212.101721764 8.813290 -0.384343 3.358243 -0.021640 -0.917165 0.031922 0.396638
212.315871954 8.802042 -0.380439 3.343383 -0.021853 -0.918057 0.026807 0.394938
212.529901505 8.794456 -0.381790 3.334906 -0.022221 -0.918361 0.022619 0.394472
212.744434595 8.779978 -0.380163 3.313213 -0.024922 -0.917891 0.021374 0.395473
212.957691669 8.771500 -0.382134 3.304810 -0.025849 -0.918117 0.019976 0.394960
213.201358557 8.760308 -0.381351 3.285563 -0.027826 -0.917880 0.020549 0.395347
213.415154219 8.753431 -0.384644 3.276673 -0.027471 -0.918302 0.020275 0.394406
213.636810780 8.744076 -0.385251 3.268085 -0.027740 -0.918979 0.021249 0.392755
213.861499071 8.737141 -0.387101 3.251328 -0.027813 -0.919452 0.022602 0.391565
214.083931208 8.729052 -0.385636 3.238053 -0.029417 -0.920134 0.025700 0.389651
214.306425810 8.722591 -0.385776 3.232653 -0.031945 -0.920767 0.029121 0.387710
214.524557829 8.721266 -0.389967 3.225172 -0.032644 -0.920900 0.030227 0.387251
214.741765499 8.715296 -0.388933 3.220661 -0.033542 -0.921702 0.031152 0.385188
214.963824987 8.703732 -0.389322 3.202888 -0.030622 -0.922148 0.028987 0.384533
215.186785221 8.697741 -0.387869 3.192850 -0.026000 -0.922924 0.025683 0.383243
215.409869432 8.692169 -0.389692 3.180975 -0.027430 -0.923208 0.024015 0.382568
215.631094456 8.686467 -0.390171 3.170393 -0.029346 -0.923445 0.022594 0.381940
215.853734732 8.680279 -0.390506 3.158405 -0.030241 -0.923738 0.020971 0.381253
216.074826002 8.672974 -0.388928 3.147930 -0.030689 -0.924103 0.019805 0.380393
216.305236101 8.666299 -0.387705 3.135580 -0.028857 -0.924357 0.017362 0.380040
216.527598143 8.659396 -0.386973 3.123763 -0.028867 -0.924264 0.015557 0.380344
216.748650074 8.651101 -0.386000 3.111347 -0.029608 -0.924105 0.013377 0.380756
216.974426270 8.641815 -0.382984 3.100530 -0.028805 -0.923441 0.010177 0.382522
217.201216698 8.633031 -0.381673 3.092424 -0.029517 -0.920760 0.006095 0.388964
217.429303408 8.623237 -0.376948 3.082884 -0.030134 -0.917248 0.002857 0.397164
217.650356531 8.612072 -0.375817 3.075744 -0.031708 -0.913114 -0.000805 0.406468
217.874294281 8.599749 -0.372772 3.067243 -0.030170 -0.909362 -0.005947 0.414868
218.105662584 8.587753 -0.367606 3.058434 -0.030130 -0.905434 -0.009017 0.423321
218.328087568 8.576797 -0.365270 3.049019 -0.028228 -0.900911 -0.013714 0.432868
218.563894510 8.566534 -0.364352 3.040545 -0.026529 -0.897137 -0.016711 0.440637
218.795374155 8.555290 -0.366286 3.033207 -0.022652 -0.894614 -0.018698 0.445873
219.017673016 8.546024 -0.365736 3.022351 -0.020615 -0.891953 -0.016868 0.451342
219.251723766 8.536621 -0.367150 3.014591 -0.021336 -0.889335 -0.013293 0.456565
219.475157022 8.523932 -0.370073 3.007378 -0.021638 -0.884992 -0.009293 0.465011
219.701967478 8.511574 -0.369831 3.001261 -0.019771 -0.880661 -0.005292 0.473305
219.928776264 8.504312 -0.374454 2.998076 -0.015956 -0.878555 -0.002655 0.477366
220.154896736 8.489474 -0.374040 2.987226 -0.014837 -0.875368 0.001239 0.483228
220.378538847 8.474825 -0.373146 2.983014 -0.017449 -0.871046 0.004691 0.490870
220.601589203 8.462056 -0.369881 2.982306 -0.015870 -0.868415 0.005175 0.495556
220.813923120 8.448929 -0.372715 2.978033 -0.014284 -0.866588 0.005216 0.498793
221.025876045 8.428911 -0.369974 2.964093 -0.012684 -0.864844 0.004815 0.501857
221.241723299 8.418661 -0.370264 2.955776 -0.010674 -0.863898 0.002692 0.503547
221.456258774 8.405214 -0.370077 2.953581 -0.009638 -0.864542 0.001166 0.502466
221.675445795 8.391310 -0.370076 2.938662 -0.009201 -0.864491 0.001326 0.502563
221.895221710 8.379255 -0.369391 2.931726 -0.009772 -0.865301 0.003324 0.501146
222.107666969 8.375680 -0.380137 2.932711 0.001233 -0.866049 0.000859 0.499957
222.323406458 8.364349 -0.385303 2.918127 0.006399 -0.864626 0.003170 0.502365
222.541678190 8.355131 -0.389974 2.911191 0.006046 -0.861390 0.009314 0.507823
222.743251324 8.346505 -0.396756 2.908400 0.003669 -0.856446 0.016274 0.515966
222.943235397 8.335954 -0.402483 2.905816 0.000909 -0.850024 0.024132 0.526191
223.141453743 8.323349 -0.407581 2.905184 0.002444 -0.842966 0.029162 0.537170
223.333713531 8.308889 -0.409106 2.906157 0.004100 -0.834886 0.032699 0.549435
223.518584251 8.291750 -0.410254 2.912822 0.010643 -0.826212 0.031094 0.562400
223.707943201 8.277050 -0.407137 2.920935 0.017867 -0.817658 0.027793 0.574755
223.904602289 8.264812 -0.406997 2.925258 0.018745 -0.809221 0.026772 0.586594
224.106827259 8.252918 -0.410093 2.926600 0.015484 -0.802258 0.025758 0.596220
224.307549715 8.236894 -0.406672 2.929202 0.009891 -0.796965 0.026381 0.603367
224.509400368 8.225857 -0.399128 2.920000 0.008353 -0.792858 0.024622 0.608852
224.736792564 8.213985 -0.405300 2.923437 0.004277 -0.791624 0.022316 0.610586
224.965806723 8.205653 -0.401411 2.929161 -0.001310 -0.790846 0.021239 0.611646
225.198166847 8.199291 -0.389548 2.922727 -0.003661 -0.789294 0.018943 0.613712
225.413141251 8.183825 -0.393762 2.921324 -0.006258 -0.789080 0.012405 0.614133
225.620854139 8.167990 -0.385500 2.919694 -0.005991 -0.792987 0.008144 0.609154
225.827116013 8.152079 -0.381638 2.910295 -0.009354 -0.795585 0.006370 0.605737
226.041889906 8.136644 -0.380078 2.902894 -0.014001 -0.791933 0.005971 0.610418
226.254465818 8.125678 -0.383180 2.915172 -0.019071 -0.786716 0.006323 0.616988
226.476569891 8.111568 -0.379626 2.915168 -0.017692 -0.782969 0.004274 0.621794
226.692344666 8.095976 -0.379327 2.910052 -0.014397 -0.783515 0.004790 0.621188
226.905497551 8.077868 -0.380758 2.903443 -0.012184 -0.784418 0.006765 0.620076
227.113325119 8.062026 -0.380869 2.898141 -0.011780 -0.785610 0.008793 0.618547
227.326207161 8.046352 -0.380077 2.892835 -0.010485 -0.786285 0.009679 0.617699
227.531981230 8.031856 -0.380431 2.889919 -0.010346 -0.786793 0.010887 0.617034
227.745601654 8.017625 -0.380934 2.884651 -0.008157 -0.787673 0.009992 0.615958
227.968497276 8.005469 -0.381510 2.878785 -0.006624 -0.788566 0.009079 0.614847
228.199618101 7.995033 -0.383513 2.873993 -0.006265 -0.789918 0.008331 0.613124
228.421430111 7.983681 -0.383653 2.869976 -0.008350 -0.791181 0.009161 0.611456
228.640674829 7.973233 -0.387418 2.863698 -0.010453 -0.792193 0.009112 0.610114
228.865841150 7.963293 -0.385537 2.858633 -0.011822 -0.793345 0.009621 0.608582
229.110235929 7.954522 -0.385778 2.852602 -0.011119 -0.794307 0.006522 0.607380
229.341716766 7.944587 -0.383949 2.849689 -0.011701 -0.795296 0.005366 0.606085
229.564250469 7.934948 -0.382521 2.846533 -0.012383 -0.795248 0.005793 0.606130
229.784769773 7.924468 -0.386071 2.845089 -0.014665 -0.793668 0.008356 0.608117
230.016281605 7.914207 -0.387301 2.843998 -0.016579 -0.790003 0.012120 0.612760
230.259195328 7.907607 -0.386339 2.845231 -0.013082 -0.787128 0.012177 0.616530
230.488833904 7.898987 -0.391483 2.847874 -0.013913 -0.783280 0.016574 0.621293
230.711407185 7.887266 -0.392433 2.849616 -0.012409 -0.780293 0.021340 0.624927
230.932327986 7.877870 -0.395021 2.849549 -0.007873 -0.777363 0.023624 0.628559
231.151928186 7.869487 -0.399588 2.853335 -0.004257 -0.774599 0.025826 0.631911
231.369048834 7.858030 -0.399927 2.853495 -0.000034 -0.771697 0.027623 0.635390
231.583822966 7.848315 -0.406667 2.854424 0.004444 -0.768986 0.025817 0.638729
231.787650108 7.839901 -0.408724 2.855494 0.010411 -0.764331 0.021990 0.644365
231.992192268 7.831323 -0.407883 2.857668 0.007865 -0.758846 0.024324 0.650769
232.187790394 7.821259 -0.408507 2.859176 0.009986 -0.752163 0.020454 0.658583
232.378904343 7.813716 -0.407658 2.867036 0.005850 -0.743458 0.020682 0.668437
232.566386938 7.807801 -0.399415 2.873369 0.001257 -0.733279 0.020223 0.679626
232.761542082 7.802050 -0.396000 2.884407 0.000881 -0.721774 0.014314 0.691981
232.958070040 7.796441 -0.391062 2.894883 -0.007457 -0.709968 0.017924 0.703966
233.172622919 7.788761 -0.392403 2.903528 -0.006653 -0.702367 0.016100 0.711602
233.408816576 7.773782 -0.396996 2.907685 -0.005210 -0.697999 0.016332 0.715894
233.629240990 7.770281 -0.396124 2.910437 -0.003306 -0.696102 0.019864 0.717661
233.835443735 7.752856 -0.401775 2.909110 0.007224 -0.694266 0.013556 0.719555
234.053818226 7.742095 -0.399208 2.914945 0.011732 -0.691451 0.014051 0.722192
234.277310371 7.733729 -0.405661 2.922420 0.011846 -0.687016 0.013863 0.726414
234.480975151 7.725641 -0.400812 2.920078 0.012886 -0.680716 0.012562 0.732326
234.675675392 7.715976 -0.408560 2.928321 0.017620 -0.673228 0.004061 0.739214
234.874198914 7.713429 -0.398432 2.928601 0.015629 -0.663667 0.004637 0.747850
235.067085981 7.705331 -0.383435 2.942827 0.013995 -0.652991 0.004187 0.757225
235.259491205 7.704606 -0.396308 2.952947 0.007158 -0.637076 0.003605 0.770759
235.461566210 7.701785 -0.377593 2.966306 -0.000780 -0.619980 0.011015 0.784540
235.660348654 7.697920 -0.383097 2.976705 0.002886 -0.603912 0.002808 0.797041
235.862743855 7.694812 -0.381866 2.992713 0.000648 -0.589047 0.006432 0.808073
236.073218107 7.688351 -0.384358 2.999421 0.001011 -0.576231 0.009827 0.817227
236.288638830 7.682762 -0.386932 3.009962 0.005176 -0.567932 0.010061 0.822998
236.503981352 7.678764 -0.390529 3.019224 0.004842 -0.561274 0.015220 0.827476
236.738050938 7.674696 -0.392961 3.028095 0.005185 -0.558071 0.016472 0.829614
236.983890295 7.670420 -0.388922 3.038048 0.002408 -0.555439 0.013917 0.831437
237.233210802 7.668230 -0.384212 3.040370 -0.000815 -0.554502 0.010377 0.832118
237.549551487 7.668664 -0.383615 3.038710 -0.001730 -0.555205 0.008216 0.831671
237.865743637 7.668637 -0.383739 3.038943 -0.001693 -0.555336 0.008425 0.831582
238.185009003 7.670246 -0.384376 3.039379 -0.000925 -0.555490 0.010407 0.831458
238.502327204 7.671314 -0.384657 3.039843 0.000133 -0.555222 0.011298 0.831625
238.825297832 7.674009 -0.386471 3.039035 0.000400 -0.555154 0.011381 0.831670
239.152614832 7.674633 -0.386449 3.038117 0.000890 -0.555039 0.011620 0.831743
239.478053331 7.673272 -0.387732 3.038336 0.002060 -0.555117 0.012565 0.831675
239.752108335 7.669930 -0.390769 3.039637 0.004834 -0.555590 0.013699 0.831329
239.996802092 7.667656 -0.396524 3.038796 0.007760 -0.556618 0.012771 0.830634
240.256114483 7.663861 -0.397417 3.042562 0.011006 -0.557253 0.011090 0.830196
240.466449022 7.662770 -0.401103 3.045085 0.015120 -0.555161 0.004210 0.831595
240.680211306 7.664238 -0.398138 3.049003 0.010840 -0.551547 0.008534 0.834029
240.887097597 7.667632 -0.391115 3.055964 0.003941 -0.548265 0.014818 0.836164
241.084666729 7.670596 -0.392516 3.066241 0.008766 -0.543974 -0.001008 0.839056
241.293155670 7.676875 -0.390960 3.070735 0.002819 -0.538338 0.000548 0.842724
241.490299463 7.684041 -0.381904 3.079647 -0.009752 -0.531585 0.013701 0.846838
241.708688259 7.684841 -0.382410 3.085703 -0.007849 -0.532155 0.008955 0.846563
241.920037985 7.680717 -0.383469 3.092116 -0.003980 -0.539092 0.006126 0.842215
242.139950275 7.679968 -0.380022 3.093833 -0.009994 -0.543337 0.012881 0.839357
242.387838602 7.681940 -0.381413 3.095098 -0.011881 -0.547054 0.013461 0.836905
242.692262411 7.684596 -0.382937 3.093894 -0.011551 -0.548607 0.014136 0.835881
243.012000561 7.685290 -0.383086 3.093444 -0.010388 -0.548693 0.014575 0.835833
243.326469421 7.686036 -0.383570 3.091965 -0.008310 -0.548434 0.014416 0.836029
243.589681864 7.686633 -0.385199 3.092939 -0.003935 -0.548542 0.014773 0.835983
243.818191290 7.680909 -0.390147 3.093635 0.003472 -0.548562 0.015214 0.835964
244.069486618 7.678086 -0.396545 3.091773 0.006601 -0.549618 0.017252 0.835212
244.293771029 7.675416 -0.399102 3.092709 0.011097 -0.552166 0.012256 0.833570
244.515201569 7.673705 -0.397071 3.089262 0.011957 -0.555761 0.008180 0.831216
244.722343922 7.677697 -0.391989 3.080149 0.007316 -0.561559 0.006321 0.827380
244.927323818 7.688124 -0.385308 3.071753 -0.002998 -0.566174 0.010620 0.824212
245.140840530 7.698742 -0.383570 3.069803 -0.008385 -0.569642 0.009409 0.821796
245.356889963 7.713510 -0.382199 3.069158 -0.015172 -0.571570 0.013821 0.820296
245.574065447 7.727153 -0.383857 3.066292 -0.014002 -0.575678 0.012480 0.817462
245.785037994 7.741675 -0.382609 3.065377 -0.014515 -0.581492 0.015776 0.813269
245.994827747 7.756474 -0.382463 3.059636 -0.009961 -0.588277 0.011310 0.808519
246.212046623 7.768296 -0.383526 3.053503 -0.008512 -0.595989 0.011603 0.802863
246.423005819 7.778212 -0.382512 3.050138 -0.006226 -0.604937 0.012173 0.796156
246.628020048 7.790717 -0.386570 3.041578 -0.003685 -0.614674 0.011977 0.788682
246.829405785 7.805092 -0.391473 3.032324 -0.005643 -0.625205 0.015528 0.780286
247.023556232 7.813099 -0.391653 3.021817 -0.006898 -0.636407 0.016986 0.771136
247.219545603 7.823335 -0.389725 3.012718 -0.007708 -0.649462 0.016258 0.760181
247.418685436 7.831772 -0.386912 2.996719 -0.007096 -0.662952 0.013724 0.748502
247.617195368 7.838452 -0.386411 2.985224 -0.005776 -0.675457 0.012229 0.737275
247.816740990 7.847416 -0.389253 2.975664 -0.004359 -0.687720 0.011895 0.725866
248.010002375 7.854856 -0.389239 2.965358 -0.002815 -0.699371 0.013049 0.714634
248.207118034 7.864047 -0.390299 2.958246 -0.001864 -0.712553 0.014246 0.701471
248.401553869 7.874575 -0.391417 2.941425 -0.003638 -0.725517 0.015830 0.688013
248.596559286 7.889109 -0.391644 2.928307 -0.006637 -0.739362 0.017041 0.673060
248.790184259 7.902951 -0.389388 2.914237 -0.009160 -0.752169 0.017709 0.658668
248.983155251 7.915865 -0.389201 2.899207 -0.010316 -0.764935 0.015518 0.643838
249.176054478 7.928408 -0.386878 2.886422 -0.010288 -0.777422 0.011954 0.628782
249.371849537 7.942438 -0.386157 2.870628 -0.010029 -0.788888 0.008144 0.614401
249.568061352 7.959294 -0.382789 2.855187 -0.011315 -0.800338 0.006034 0.599412
249.761358976 7.977899 -0.377751 2.841459 -0.010923 -0.811962 0.002894 0.583601
249.957668304 7.998443 -0.375843 2.831946 -0.007902 -0.822449 -0.000574 0.568783
250.157939196 8.018780 -0.377805 2.822042 -0.005851 -0.831107 -0.001889 0.556078
250.364208698 8.035734 -0.377588 2.814208 -0.008028 -0.838192 0.002185 0.545312
250.571260452 8.051348 -0.379066 2.809500 -0.003732 -0.844673 0.006038 0.535236
250.770560265 8.066148 -0.381520 2.805101 0.000581 -0.852150 0.008957 0.523221
250.968330145 8.083185 -0.382872 2.798015 0.003906 -0.859709 0.011931 0.510631
251.158276320 8.100326 -0.390675 2.788533 0.002920 -0.869581 0.015126 0.493550
251.345689774 8.121805 -0.390364 2.772638 0.000433 -0.880272 0.019027 0.474088
251.529922485 8.146141 -0.389962 2.757460 -0.000838 -0.892708 0.019869 0.450197
251.719350338 8.171031 -0.389672 2.740106 -0.006123 -0.906287 0.021387 0.422078
251.909809351 8.195481 -0.389713 2.721237 -0.007189 -0.918679 0.019191 0.394473
252.102334023 8.221846 -0.388080 2.703538 -0.007135 -0.929427 0.015996 0.368590
252.297553778 8.246748 -0.386699 2.698784 -0.008286 -0.938943 0.014104 0.343683
252.494823456 8.267447 -0.381255 2.684626 -0.006532 -0.946464 0.010741 0.322565
252.694486856 8.288537 -0.378296 2.675636 -0.004098 -0.952671 0.006380 0.303908
252.894157410 8.309586 -0.376650 2.668976 -0.002575 -0.957674 0.003030 0.287827
253.097552299 8.329185 -0.376536 2.664248 0.000962 -0.962085 -0.000192 0.272746
253.302317858 8.349189 -0.376660 2.661686 0.005731 -0.966158 -0.001320 0.257883
253.513652325 8.367129 -0.379164 2.657774 0.005588 -0.969372 0.000100 0.245535
253.736709595 8.381170 -0.378787 2.655202 0.001928 -0.971861 0.001973 0.235541
253.966287374 8.396646 -0.382661 2.654630 -0.000701 -0.973462 0.007208 0.228735
254.187999964 8.405094 -0.389925 2.645376 -0.003330 -0.974614 0.014359 0.223406
254.397551537 8.414014 -0.394412 2.638925 -0.010219 -0.975188 0.023328 0.219908
254.616575241 8.421139 -0.398250 2.631855 -0.005810 -0.975893 0.028689 0.216277
254.830402374 8.426214 -0.405030 2.619580 -0.004141 -0.976062 0.032499 0.215010
255.042335749 8.429817 -0.409394 2.607618 -0.006529 -0.976209 0.036785 0.213589
255.249738693 8.433811 -0.411528 2.595870 -0.003494 -0.976643 0.037582 0.211529
255.452118635 8.439490 -0.410107 2.582634 -0.008561 -0.976850 0.039112 0.210144
255.658222675 8.444712 -0.405542 2.565855 -0.003595 -0.977388 0.036888 0.208179
255.861325741 8.447394 -0.401954 2.549273 -0.001083 -0.977567 0.033139 0.207999
256.069040775 8.449563 -0.398895 2.532521 -0.001595 -0.977350 0.027549 0.209821
256.276600122 8.451637 -0.392750 2.516710 -0.003414 -0.976780 0.020908 0.213193
256.484459877 8.452000 -0.382953 2.501022 -0.003347 -0.975979 0.012140 0.217500
256.698553801 8.448884 -0.378123 2.483317 -0.002676 -0.974373 0.002243 0.224912
256.915827990 8.442722 -0.373771 2.465579 0.000448 -0.971780 -0.006452 0.235799
257.122703314 8.434687 -0.373938 2.447125 -0.001015 -0.967253 -0.010600 0.253590
257.332680702 8.424220 -0.372417 2.431971 -0.001223 -0.961062 -0.009890 0.276152
257.540619850 8.411638 -0.372644 2.414531 0.000183 -0.953321 -0.007935 0.301855
257.752212048 8.399899 -0.369352 2.397139 0.004782 -0.945423 -0.003939 0.325786
257.964742899 8.392024 -0.369267 2.382611 0.012551 -0.938771 0.000939 0.344312
258.177904129 8.388171 -0.374226 2.369973 0.020787 -0.933771 0.002927 0.357255
258.393496275 8.386343 -0.378551 2.355658 0.025185 -0.930028 0.005265 0.366588
258.614861250 8.383378 -0.380881 2.346228 0.023154 -0.927274 0.010167 0.373529
258.836218119 8.381576 -0.384534 2.336681 0.020227 -0.925485 0.013329 0.378008
259.069211245 8.380757 -0.386630 2.330502 0.024057 -0.925865 0.013115 0.376860
259.289152861 8.372686 -0.388993 2.316609 0.027317 -0.922261 0.013040 0.385382
259.489961386 8.361117 -0.396083 2.311988 0.015874 -0.918532 0.019073 0.394568
259.691780329 8.347302 -0.404206 2.309440 0.006490 -0.914451 0.023065 0.403987
259.899675608 8.336945 -0.407577 2.307609 0.000178 -0.912191 0.024004 0.409062
260.126059532 8.329408 -0.407475 2.302505 -0.004616 -0.911871 0.023311 0.409788
260.347790003 8.323435 -0.406375 2.297589 -0.009232 -0.912390 0.021553 0.408650
260.557117462 8.320125 -0.403098 2.287397 -0.012401 -0.914006 0.016662 0.405169
260.762187481 8.320797 -0.394874 2.279329 -0.012879 -0.917609 0.010710 0.397130
260.975905180 8.320716 -0.387972 2.267701 -0.012819 -0.920436 0.002534 0.390675
261.194509029 8.312628 -0.383518 2.259745 -0.018369 -0.920337 -0.002415 0.390687
261.422893524 8.305955 -0.377263 2.250740 -0.022879 -0.920113 -0.007061 0.390919
261.635268688 8.299830 -0.378695 2.241000 -0.014318 -0.921735 -0.013507 0.387320
261.848469496 8.296629 -0.377261 2.227723 -0.006702 -0.924709 -0.016637 0.380252
262.088095665 8.296420 -0.376162 2.221064 -0.009955 -0.927026 -0.014722 0.374577
262.313037157 8.296162 -0.377307 2.207896 -0.009841 -0.929755 -0.013578 0.367797
262.528797150 8.291254 -0.379366 2.194688 -0.009044 -0.930704 -0.011299 0.365486
262.755400896 8.286595 -0.379568 2.181006 -0.009060 -0.932788 -0.008398 0.360213
262.974529028 8.289363 -0.379965 2.166984 -0.007541 -0.936692 -0.006406 0.350013
263.189222097 8.295499 -0.378799 2.156337 -0.008480 -0.941233 -0.002314 0.337643
263.407201290 8.301956 -0.379145 2.141470 -0.007490 -0.945699 -0.000959 0.324957
263.621981859 8.308322 -0.381382 2.124940 -0.001014 -0.949291 -0.002700 0.314386
263.840787172 8.313782 -0.378969 2.109618 0.003133 -0.952716 -0.002720 0.303835
264.075932026 8.317686 -0.379278 2.094954 0.003109 -0.955603 -0.002678 0.294628
264.300681591 8.312223 -0.379387 2.079509 0.006019 -0.956094 -0.000978 0.292998
264.524422884 8.303383 -0.379555 2.064150 0.008248 -0.955599 0.002091 0.294547
264.745033026 8.296069 -0.381543 2.049385 0.007346 -0.955544 0.005889 0.294698
264.970607042 8.292153 -0.382198 2.034927 0.004803 -0.956390 0.009614 0.291896
265.200681686 8.291599 -0.383541 2.021872 0.006356 -0.958125 0.011236 0.286061
265.435132504 8.290026 -0.389088 2.015614 0.014317 -0.959648 0.009493 0.280679
265.726695776 8.288157 -0.390165 2.011436 0.016031 -0.959813 0.010093 0.280001
265.986413956 8.284266 -0.389603 2.009788 0.011053 -0.959414 0.011633 0.281545
266.269910336 8.282353 -0.390636 2.005851 0.012719 -0.960068 0.010668 0.279273
266.548800230 8.278647 -0.390082 2.000340 0.012761 -0.960205 0.010210 0.278818
266.793185949 8.274118 -0.387767 1.998971 0.006335 -0.959620 0.010752 0.281024
267.048522949 8.271131 -0.388119 1.993046 0.007572 -0.960793 0.009309 0.277007
267.299336433 8.267920 -0.389446 1.984803 0.011377 -0.962044 0.007053 0.272566
267.556325674 8.263556 -0.388475 1.982670 0.007820 -0.962265 0.006867 0.271915
267.825991869 8.259235 -0.386202 1.976871 0.004999 -0.962827 0.007227 0.269978
268.090982437 8.255846 -0.388275 1.971506 0.006429 -0.964525 0.005313 0.263862
268.356662512 8.251778 -0.387068 1.966197 0.003295 -0.965234 0.005193 0.261315
268.626788378 8.247499 -0.385157 1.960372 0.001729 -0.966392 0.005752 0.257004
268.891037703 8.244633 -0.386859 1.954407 0.002090 -0.967873 0.004820 0.251386
269.154044390 8.241440 -0.387996 1.949463 0.001264 -0.969252 0.005455 0.246007
269.421216011 8.238890 -0.388137 1.942522 0.000524 -0.970631 0.006938 0.240473
269.690689564 8.235569 -0.388230 1.937465 -0.000552 -0.971840 0.008581 0.235485
269.957122564 8.233564 -0.388623 1.932393 -0.001504 -0.973135 0.009564 0.230031
270.229133368 8.231577 -0.389141 1.925533 -0.002838 -0.974270 0.010312 0.225131
270.503996849 8.229325 -0.389791 1.919969 -0.004364 -0.975595 0.011349 0.219242
270.767922640 8.227060 -0.391605 1.912789 -0.003408 -0.976761 0.011285 0.214005
271.030360937 8.226225 -0.392896 1.907053 -0.001237 -0.977479 0.010882 0.210749
271.321328402 8.221685 -0.391015 1.902550 -0.004661 -0.977280 0.012098 0.211556
271.586963654 8.219801 -0.392103 1.896847 -0.003894 -0.977704 0.011620 0.209630
271.863938332 8.217817 -0.392843 1.891735 -0.003998 -0.977902 0.011198 0.208726
272.131457090 8.213615 -0.392417 1.887514 -0.005988 -0.977985 0.011903 0.208250
272.396153450 8.211548 -0.394091 1.880673 -0.004828 -0.978407 0.011551 0.206309
272.658215284 8.210360 -0.393841 1.874144 -0.004652 -0.978939 0.011991 0.203746
272.923861265 8.209670 -0.395588 1.867791 -0.003506 -0.979307 0.011867 0.202000
273.178483248 8.207280 -0.396226 1.862939 -0.005433 -0.979896 0.012596 0.199036
273.433011532 8.204332 -0.396947 1.860667 -0.009101 -0.980061 0.011133 0.198174
273.688305855 8.200152 -0.394816 1.854034 -0.011831 -0.980292 0.008874 0.197001
273.946207285 8.196033 -0.394300 1.849872 -0.015164 -0.980613 0.006464 0.195262
274.207571983 8.194427 -0.392960 1.841649 -0.018655 -0.981093 0.005545 0.192557
274.460738420 8.193796 -0.393517 1.832608 -0.018335 -0.982195 0.003919 0.186927
274.717483997 8.191015 -0.392057 1.824138 -0.021170 -0.982848 0.003182 0.183170
274.977124929 8.189135 -0.392197 1.817345 -0.023064 -0.983733 0.001665 0.178140
275.219684601 8.189224 -0.391966 1.807679 -0.023635 -0.985109 0.001151 0.170295
275.455956697 8.189606 -0.392093 1.797536 -0.025705 -0.986212 0.001292 0.163474
275.702892542 8.189266 -0.392661 1.783778 -0.028309 -0.987642 0.001485 0.154143
275.938303471 8.187495 -0.393505 1.773168 -0.028908 -0.988827 0.001441 0.146234
276.171588421 8.190481 -0.393275 1.761098 -0.032108 -0.990061 0.002723 0.136897
276.398214817 8.196562 -0.394582 1.747652 -0.034057 -0.991739 0.003702 0.123610
276.618007898 8.205097 -0.395480 1.731797 -0.030212 -0.993493 0.005173 0.109687
276.846160889 8.215040 -0.398237 1.715906 -0.027981 -0.994859 0.005354 0.097177
277.069948196 8.224538 -0.400086 1.701685 -0.026878 -0.996167 0.005180 0.083082
277.289989948 8.235710 -0.399248 1.684595 -0.024699 -0.997386 0.005815 0.067663
277.506363869 8.250256 -0.401336 1.667223 -0.021770 -0.998318 0.005446 0.053460
277.734206200 8.260606 -0.400430 1.652046 -0.016221 -0.999048 0.007550 0.039779
277.957683325 8.268671 -0.402476 1.640198 -0.008977 -0.999532 0.009506 0.027643
278.184846401 8.276838 -0.403844 1.630445 -0.005397 -0.999765 0.013102 0.016425
278.420225620 8.284390 -0.404224 1.620176 -0.006979 -0.999795 0.017973 0.006128
278.652741194 8.292482 -0.407947 1.609284 0.003135 0.999707 -0.023248 0.006040
278.869646072 8.302094 -0.415216 1.603690 -0.009261 0.999367 -0.030236 0.016306
279.093026400 8.313868 -0.420266 1.598545 -0.010919 0.998829 -0.037947 0.027943
279.312612295 8.322051 -0.430239 1.594526 -0.014929 0.998147 -0.046385 0.036444
279.530574083 8.335730 -0.434143 1.590589 -0.011845 0.997289 -0.054669 0.047801
279.734631300 8.348108 -0.440907 1.586192 -0.006433 0.996215 -0.060161 0.062412
279.938022614 8.363667 -0.445637 1.578884 -0.001061 0.994566 -0.065123 0.081214
280.142077923 8.380025 -0.453078 1.577900 0.002705 0.991578 -0.071442 0.107987
280.339973688 8.401690 -0.457057 1.573913 0.010630 0.987481 -0.075283 0.138204
280.581376791 8.437317 -0.458951 1.565202 0.014188 0.982725 -0.077381 0.167517
280.784111738 8.465932 -0.458717 1.561111 0.022648 0.976744 -0.077226 0.198733
280.980616093 8.500986 -0.457839 1.557264 0.021804 0.970125 -0.075563 0.229505
281.179425240 8.535020 -0.457031 1.556073 0.018520 0.962907 -0.072387 0.259281
281.381192446 8.569348 -0.454460 1.559157 0.014773 0.955285 -0.067802 0.287429
281.586678743 8.602538 -0.451944 1.559741 0.006223 0.947919 -0.063785 0.311997
281.799202919 8.632385 -0.452966 1.561349 -0.005102 0.941343 -0.061258 0.331804
282.011398315 8.659685 -0.451036 1.568503 -0.017139 0.933478 -0.058833 0.353360
282.220406532 8.684709 -0.450581 1.575601 -0.026522 0.926447 -0.057285 0.371094
282.444140196 8.706883 -0.449940 1.581936 -0.033588 0.919668 -0.056699 0.387128
282.656750917 8.727422 -0.449756 1.589160 -0.036951 0.913403 -0.055454 0.401565
282.877350569 8.748966 -0.447334 1.592028 -0.036321 0.908483 -0.055382 0.412642
283.101770163 8.766884 -0.448190 1.594521 -0.035549 0.903350 -0.057152 0.423591
283.326571703 8.784785 -0.450679 1.597701 -0.033739 0.897407 -0.058985 0.435939
283.540295839 8.800337 -0.453518 1.602322 -0.031024 0.890995 -0.061571 0.448747
283.757122755 8.816504 -0.453765 1.607293 -0.028828 0.884421 -0.062298 0.461613
283.988915443 8.830430 -0.452166 1.609794 -0.027190 0.880509 -0.063529 0.468965
284.225053549 8.843603 -0.454865 1.605783 -0.025438 0.880024 -0.066014 0.469631
284.458681107 8.854746 -0.458007 1.599914 -0.023721 0.880656 -0.067659 0.468300
284.691366196 8.865168 -0.459561 1.594292 -0.023597 0.882146 -0.070527 0.465068
284.929274559 8.875031 -0.461219 1.589471 -0.023051 0.884742 -0.073643 0.459648
285.162311077 8.883783 -0.465312 1.586435 -0.020206 0.888487 -0.075482 0.452200
285.399505377 8.891890 -0.468162 1.582055 -0.015905 0.892718 -0.076570 0.443778
285.624726534 8.899179 -0.469485 1.577141 -0.013408 0.897356 -0.077858 0.434178
285.847456455 8.904111 -0.470874 1.571850 -0.012539 0.902418 -0.080253 0.423136
286.058573484 8.907593 -0.473575 1.566918 -0.010071 0.908238 -0.081091 0.410398
286.272876740 8.910295 -0.474816 1.560436 -0.006964 0.914148 -0.080666 0.397212
286.480070114 8.910385 -0.475331 1.555468 -0.005842 0.921193 -0.081174 0.380499
286.685942888 8.909204 -0.476897 1.552307 -0.003998 0.929790 -0.080599 0.359137
286.892868042 8.907331 -0.477498 1.549312 -0.002931 0.937903 -0.079609 0.337626
287.106875658 8.906185 -0.475295 1.546965 -0.002442 0.945645 -0.080546 0.315057
287.321177959 8.905906 -0.476182 1.544298 -0.000548 0.953532 -0.081145 0.290159
287.532304287 8.903825 -0.477970 1.543633 0.002533 0.960932 -0.082075 0.264325
287.746315241 8.901619 -0.476198 1.542467 0.005451 0.966839 -0.084965 0.240779
287.960466146 8.899910 -0.474138 1.530431 0.000547 0.969480 -0.088570 0.228611
288.233297110 8.895104 -0.474990 1.528033 -0.003152 0.969295 -0.090439 0.228646
288.551902056 8.893782 -0.474173 1.527395 -0.000553 0.969236 -0.089865 0.229140
288.837300777 8.892132 -0.471753 1.527746 0.003400 0.969147 -0.088186 0.230142
289.110254049 8.893127 -0.469652 1.530746 0.002808 0.968147 -0.086524 0.234942
289.341984987 8.899428 -0.471291 1.541791 0.002140 0.966154 -0.083299 0.244139
289.564306736 8.907507 -0.469759 1.550267 0.002094 0.962766 -0.081631 0.257707
289.777437210 8.913734 -0.469178 1.561077 0.003772 0.958730 -0.080577 0.272634
289.994431973 8.920111 -0.468867 1.570381 0.002839 0.955064 -0.081606 0.284930
290.235904694 8.925336 -0.468375 1.577632 0.001694 0.952615 -0.082991 0.292633
290.488474607 8.933386 -0.470431 1.579673 0.000146 0.950604 -0.086157 0.298209
290.719865084 8.947147 -0.477216 1.579670 -0.000765 0.947696 -0.091333 0.305828
290.931039810 8.962820 -0.482241 1.576373 -0.001400 0.944142 -0.096661 0.315041
291.145308018 8.979761 -0.485940 1.569840 -0.000429 0.941477 -0.100351 0.321792
291.346526146 8.996651 -0.488801 1.560544 0.002987 0.939148 -0.102117 0.327970
291.552023172 9.012753 -0.490603 1.546240 0.008407 0.937024 -0.102942 0.333645
291.749506474 9.027534 -0.491898 1.531434 0.012067 0.935378 -0.101937 0.338423
291.954063654 9.044493 -0.492072 1.518229 0.011498 0.934919 -0.100947 0.340005
292.163034201 9.061000 -0.491327 1.502789 0.009675 0.934481 -0.099879 0.341580
292.365544558 9.079384 -0.494736 1.490432 0.008602 0.934298 -0.097804 0.342706
292.572848558 9.096176 -0.497507 1.477983 0.007850 0.934263 -0.096498 0.343190
292.780227184 9.115896 -0.501378 1.465444 0.008003 0.935325 -0.094690 0.340789
292.984533787 9.133039 -0.507819 1.452375 0.010711 0.937105 -0.090634 0.336906
293.184969425 9.149744 -0.512114 1.440320 0.010280 0.940035 -0.087880 0.329402
293.394121170 9.168366 -0.511614 1.426834 0.001291 0.942905 -0.087736 0.321296
293.608727932 9.184408 -0.512968 1.413169 -0.002284 0.945182 -0.086490 0.314874
293.815503836 9.199808 -0.517827 1.400118 0.001137 0.948899 -0.084627 0.304020
294.019614697 9.213568 -0.523467 1.383997 0.005041 0.953944 -0.084059 0.287924
294.224747896 9.224310 -0.527810 1.368482 0.008068 0.959303 -0.084855 0.269207
294.429065228 9.232896 -0.533362 1.353248 0.014086 0.964003 -0.086671 0.250974
294.628554106 9.241454 -0.540543 1.339239 0.021033 0.968911 -0.087711 0.230383
294.830661297 9.247171 -0.545423 1.323787 0.026313 0.973450 -0.091250 0.208268
295.030842543 9.251916 -0.551045 1.307827 0.030734 0.977277 -0.095729 0.186605
295.229836702 9.257599 -0.556304 1.295259 0.033932 0.980344 -0.100419 0.166406
295.424975872 9.260947 -0.559291 1.280596 0.034507 0.982635 -0.105136 0.148945
295.631377220 9.267136 -0.566381 1.267582 0.036930 0.984565 -0.108044 0.132647
295.845229149 9.272180 -0.569011 1.255581 0.038074 0.985492 -0.111770 0.121918
296.068527937 9.278129 -0.574333 1.244880 0.038069 0.986070 -0.113565 0.115408
296.291608572 9.283175 -0.574923 1.231785 0.038993 0.985918 -0.116560 0.113395
296.509925604 9.293305 -0.582847 1.222347 0.041841 0.986158 -0.115158 0.111718
296.722368479 9.302734 -0.584394 1.212282 0.047661 0.985904 -0.113959 0.112848
296.934684277 9.313126 -0.586447 1.201319 0.051863 0.985712 -0.110732 0.115846
297.140998840 9.324128 -0.585236 1.189016 0.055506 0.985462 -0.107766 0.119039
297.347106695 9.334778 -0.587229 1.175011 0.050100 0.985816 -0.104999 0.120967
297.559978247 9.344102 -0.588781 1.159452 0.047112 0.986063 -0.102204 0.122531
297.769644260 9.355671 -0.589399 1.144923 0.042094 0.986513 -0.100872 0.121841
297.980499029 9.365860 -0.591417 1.128422 0.042244 0.986664 -0.100038 0.121251
298.191780090 9.374674 -0.594532 1.112628 0.039861 0.986973 -0.101246 0.118514
298.405069113 9.383142 -0.599328 1.098300 0.044780 0.987251 -0.101355 0.114269
298.617322683 9.389611 -0.606635 1.085595 0.050235 0.987752 -0.100945 0.107853
298.833091259 9.393864 -0.611151 1.073408 0.051032 0.988316 -0.101614 0.101496
299.056502819 9.401179 -0.614148 1.060929 0.046906 0.988733 -0.103974 0.096935
299.277025461 9.407767 -0.617086 1.049685 0.045370 0.988973 -0.105646 0.093340
299.493531704 9.414826 -0.619140 1.038523 0.046139 0.989009 -0.106628 0.091447
299.713627577 9.422935 -0.620124 1.028002 0.046481 0.988680 -0.106749 0.094631
299.933618546 9.434537 -0.622390 1.022628 0.041884 0.988122 -0.107091 0.101941
300.153960705 9.447409 -0.625059 1.018859 0.036796 0.987423 -0.107989 0.109456
300.384722710 9.459513 -0.627953 1.011523 0.036717 0.986761 -0.108663 0.114660
300.599303722 9.469263 -0.631576 1.002776 0.038573 0.986214 -0.109802 0.117632
300.814721584 9.477405 -0.636931 0.994015 0.043197 0.985982 -0.110046 0.117741
301.029757738 9.482715 -0.639388 0.982718 0.047998 0.986367 -0.110057 0.112531
301.243257761 9.485947 -0.644599 0.972091 0.048522 0.987172 -0.108648 0.106459
301.457890034 9.487537 -0.644551 0.960116 0.049926 0.987710 -0.108775 0.100517
301.677249193 9.492085 -0.645496 0.945015 0.046003 0.988418 -0.108696 0.095387
301.879804134 9.496283 -0.651213 0.933028 0.044627 0.988959 -0.106981 0.092320
302.081700563 9.501397 -0.652736 0.913958 0.043985 0.989177 -0.106156 0.091244
302.281676769 9.507641 -0.653768 0.899999 0.043977 0.989368 -0.104458 0.091138
302.492625952 9.515374 -0.655413 0.886201 0.044939 0.989573 -0.101816 0.091433
302.701978445 9.522384 -0.656008 0.873489 0.043591 0.989752 -0.099110 0.093105
302.911682844 9.530722 -0.657870 0.860975 0.042172 0.989998 -0.095607 0.094785
303.116907835 9.540225 -0.659687 0.847675 0.040751 0.990297 -0.091422 0.096398
303.319188356 9.550073 -0.659513 0.833153 0.038686 0.990488 -0.087452 0.098937
303.519028425 9.560582 -0.660768 0.818290 0.037066 0.990766 -0.083013 0.100585
303.722867250 9.568835 -0.659913 0.801281 0.034489 0.990802 -0.079987 0.103560
303.925089598 9.581757 -0.662505 0.786337 0.033567 0.991144 -0.076839 0.102972
304.130294561 9.589648 -0.664106 0.766856 0.037539 0.991114 -0.075010 0.103233
304.337956667 9.596011 -0.664776 0.748538 0.039029 0.991158 -0.074721 0.102464
304.540745735 9.602859 -0.667237 0.731231 0.039168 0.991205 -0.075397 0.101458
304.747341156 9.607224 -0.670523 0.713211 0.040216 0.991228 -0.076049 0.100334
304.955052376 9.611428 -0.674999 0.696920 0.038944 0.991376 -0.077431 0.098291
305.156747103 9.617422 -0.678549 0.681095 0.038706 0.991429 -0.078819 0.096735
305.360289574 9.623642 -0.683008 0.667710 0.035351 0.991640 -0.079691 0.095133
305.562581539 9.629803 -0.687139 0.652597 0.029621 0.991962 -0.081134 0.092474
305.763618946 9.637165 -0.690224 0.638594 0.024134 0.992244 -0.082182 0.090087
305.963715553 9.644380 -0.694815 0.626229 0.023280 0.992535 -0.081215 0.087957
306.169552326 9.653298 -0.696201 0.609242 0.029893 0.992907 -0.079361 0.083333
306.373541117 9.660098 -0.695886 0.595723 0.030523 0.993627 -0.076001 0.077440
306.588714600 9.665714 -0.694423 0.583065 0.026529 0.994612 -0.072318 0.069385
306.793596745 9.669576 -0.697011 0.568494 0.030135 0.995441 -0.069690 0.057724
306.999328136 9.671699 -0.700073 0.554448 0.032679 0.996217 -0.067671 0.043639
307.194363832 9.669168 -0.702396 0.537322 0.033096 0.996780 -0.066819 0.029493
307.390048265 9.669978 -0.704093 0.519869 0.030990 0.997148 -0.067699 0.012334
307.586294174 9.668804 -0.705872 0.505879 -0.028052 -0.997168 0.069634 0.004479
307.782874584 9.668420 -0.714145 0.492399 -0.028034 -0.996806 0.071559 0.021724
307.976590157 9.665755 -0.718911 0.478381 -0.025992 -0.996065 0.075216 0.039017
308.168665886 9.662832 -0.722088 0.464722 -0.019916 -0.995151 0.078700 0.055535
308.360762835 9.662897 -0.726027 0.452619 -0.017722 -0.993823 0.081992 0.072656
308.553808928 9.663013 -0.730027 0.440117 -0.015464 -0.992467 0.083630 0.088181
308.753518581 9.657992 -0.731789 0.429755 -0.017041 -0.991089 0.085444 0.100758
308.948222399 9.655394 -0.736594 0.417665 -0.021497 -0.989825 0.084471 0.112468
309.153779268 9.655354 -0.735722 0.408262 -0.020633 -0.988784 0.082551 0.122743
309.364827156 9.652101 -0.736684 0.398029 -0.022872 -0.987957 0.078383 0.131429
309.575796127 9.648728 -0.732542 0.387699 -0.024096 -0.987070 0.074645 0.139790
309.786406517 9.643576 -0.728105 0.375622 -0.025235 -0.986292 0.068540 0.147964
309.996279001 9.638704 -0.720860 0.362376 -0.027270 -0.985441 0.061864 0.155997
310.198438644 9.629536 -0.716533 0.348477 -0.033929 -0.984267 0.054124 0.164738
310.396987438 9.619194 -0.710244 0.333823 -0.041513 -0.982606 0.045598 0.175166
310.607086658 9.608002 -0.705665 0.318798 -0.045235 -0.980622 0.036879 0.187016
310.814703226 9.595943 -0.704655 0.305820 -0.050294 -0.977702 0.032517 0.201275
311.017901659 9.583393 -0.705973 0.291993 -0.053955 -0.973965 0.029966 0.218134
311.222679377 9.575476 -0.706870 0.279249 -0.053434 -0.969638 0.030724 0.236650
311.429841757 9.568924 -0.708605 0.267628 -0.052423 -0.964587 0.035222 0.256092
311.637489796 9.566315 -0.712367 0.256961 -0.044646 -0.960549 0.039755 0.271609
311.845469236 9.560998 -0.720233 0.248708 -0.038466 -0.958534 0.046890 0.278449
312.047191381 9.556439 -0.732430 0.234249 -0.034840 -0.957377 0.054320 0.281540
312.247900486 9.548220 -0.740970 0.222372 -0.036602 -0.956026 0.062894 0.284110
312.442495823 9.534525 -0.754517 0.225816 -0.047570 -0.952021 0.070030 0.294090
312.636939526 9.523394 -0.761057 0.225156 -0.052152 -0.947974 0.075458 0.304848
312.839066982 9.514863 -0.759749 0.223857 -0.045423 -0.945705 0.076822 0.312534
313.047342777 9.502224 -0.765455 0.217598 -0.041043 -0.943196 0.080665 0.319671
313.252264261 9.490779 -0.768767 0.211432 -0.037497 -0.940707 0.084672 0.326335
313.444315672 9.478082 -0.772535 0.200259 -0.033932 -0.938931 0.087314 0.331111
313.633315086 9.469181 -0.773249 0.190138 -0.031254 -0.937447 0.090530 0.334696
313.822264671 9.455286 -0.773638 0.176380 -0.032342 -0.936986 0.092602 0.335314
314.013524294 9.445959 -0.772662 0.161100 -0.034223 -0.937208 0.094425 0.333995
314.208786488 9.435410 -0.772024 0.147099 -0.037452 -0.938045 0.094083 0.331388
314.397051334 9.423639 -0.769778 0.134894 -0.041479 -0.939001 0.093555 0.328335
314.588072777 9.408812 -0.767678 0.122371 -0.048588 -0.939116 0.092126 0.327435
314.778402090 9.392347 -0.764560 0.110031 -0.058050 -0.937154 0.089391 0.332239
314.971742392 9.372159 -0.759029 0.102521 -0.063395 -0.934013 0.083258 0.341570
315.156511545 9.352108 -0.747302 0.095225 -0.066527 -0.929253 0.075108 0.355559
315.346091986 9.328705 -0.732075 0.087944 -0.064422 -0.923551 0.062710 0.372789
315.542352915 9.302835 -0.723608 0.083891 -0.069141 -0.916293 0.052471 0.390990
315.744544506 9.280945 -0.717854 0.078193 -0.070334 -0.910944 0.042807 0.404230
315.954264641 9.263590 -0.713860 0.064730 -0.068742 -0.907757 0.035934 0.412263
316.168191910 9.247891 -0.717791 0.056569 -0.070704 -0.906009 0.031667 0.416109
316.380103588 9.234417 -0.715591 0.044072 -0.070996 -0.904002 0.029347 0.420570
316.590955496 9.221141 -0.717200 0.036281 -0.071653 -0.902741 0.027413 0.423288
316.807027817 9.203434 -0.719112 0.030643 -0.076379 -0.899720 0.029379 0.428728
317.026345730 9.185782 -0.719270 0.028932 -0.079024 -0.894886 0.030922 0.438154
317.240205765 9.170183 -0.718192 0.027760 -0.079932 -0.891500 0.033144 0.444680
317.447272539 9.155405 -0.717808 0.020881 -0.077250 -0.890415 0.034827 0.447193
317.656612158 9.140623 -0.715909 0.009672 -0.073490 -0.889896 0.036176 0.448750
317.865275860 9.127294 -0.712802 -0.001756 -0.068356 -0.889851 0.036809 0.449597
318.083349705 9.115095 -0.712580 -0.010299 -0.069228 -0.888765 0.037874 0.451519
318.298379898 9.102592 -0.715593 -0.017445 -0.079044 -0.886182 0.039943 0.454794
318.524295330 9.091176 -0.712583 -0.019765 -0.084368 -0.885045 0.038645 0.456162
318.747318029 9.079421 -0.708569 -0.023244 -0.080792 -0.885726 0.031012 0.456071
318.976722002 9.066195 -0.701813 -0.030023 -0.080128 -0.885028 0.023530 0.457987
319.210650921 9.054393 -0.697829 -0.035810 -0.085405 -0.883321 0.018115 0.460567
319.438414097 9.040428 -0.694815 -0.042227 -0.090930 -0.882200 0.013075 0.461828
319.671709299 9.027872 -0.691726 -0.047507 -0.095606 -0.879833 0.009630 0.465467
319.918643713 9.017310 -0.688839 -0.051546 -0.095659 -0.877829 0.005837 0.469289
320.154802561 9.007096 -0.688129 -0.057178 -0.098045 -0.874304 0.004941 0.475348
320.388595104 8.996463 -0.686812 -0.060710 -0.098020 -0.870620 0.004898 0.482066
320.628541231 8.984999 -0.684935 -0.064961 -0.096542 -0.865888 0.005651 0.490801
320.871578693 8.971690 -0.684718 -0.067891 -0.092845 -0.861851 0.006857 0.498543
321.113207102 8.957614 -0.686323 -0.070148 -0.088930 -0.858664 0.008334 0.504697
321.349165916 8.941827 -0.687322 -0.072634 -0.090907 -0.854161 0.013345 0.511828
321.585625648 8.929366 -0.687513 -0.072003 -0.092006 -0.849228 0.017372 0.519658
321.822690010 8.916599 -0.689540 -0.070493 -0.092732 -0.844289 0.019430 0.527447
322.058135986 8.903542 -0.689717 -0.069617 -0.090482 -0.841076 0.020249 0.532910
322.283689260 8.888957 -0.691653 -0.071768 -0.088938 -0.841182 0.023723 0.532861
322.504147530 8.877374 -0.693571 -0.076512 -0.086603 -0.842314 0.026789 0.531310
322.724170923 8.865010 -0.694923 -0.080377 -0.085640 -0.842923 0.030179 0.530316
322.951354980 8.850758 -0.695144 -0.087235 -0.082455 -0.844637 0.031838 0.527992
323.173831463 8.841401 -0.692290 -0.092985 -0.084661 -0.845671 0.035089 0.525778
323.404272079 8.828581 -0.693191 -0.097749 -0.085144 -0.846666 0.035463 0.524070
323.630367041 8.814969 -0.695189 -0.101645 -0.084833 -0.848139 0.034849 0.521774
323.858975410 8.802775 -0.694956 -0.106800 -0.085130 -0.850128 0.034321 0.518515
324.086418629 8.790991 -0.694228 -0.112624 -0.084137 -0.852087 0.034179 0.515462
324.305960417 8.780236 -0.688921 -0.120728 -0.076219 -0.856166 0.031775 0.510061
324.523947716 8.770092 -0.686484 -0.129852 -0.072198 -0.859004 0.031300 0.505886
324.742349386 8.756953 -0.686897 -0.138954 -0.072905 -0.859995 0.033905 0.503928
324.957885265 8.744043 -0.686608 -0.146807 -0.073167 -0.860781 0.036147 0.502391
325.175398588 8.730453 -0.687472 -0.154196 -0.073956 -0.861035 0.038518 0.501663
325.389541388 8.715107 -0.688437 -0.160612 -0.075899 -0.861101 0.040820 0.501078
325.603594303 8.701575 -0.689199 -0.168777 -0.074231 -0.861116 0.041105 0.501279
325.816905975 8.689338 -0.690267 -0.173825 -0.071048 -0.862191 0.040037 0.499977
326.029932976 8.676008 -0.688632 -0.183796 -0.067286 -0.863109 0.039351 0.498965
326.241790533 8.663359 -0.689757 -0.193293 -0.064962 -0.863802 0.038734 0.498123
326.455156803 8.651460 -0.691338 -0.201186 -0.063096 -0.864466 0.038700 0.497211
326.669001579 8.639351 -0.690800 -0.210895 -0.060473 -0.865113 0.039046 0.496385
326.882218838 8.626638 -0.691740 -0.219859 -0.057850 -0.866100 0.039249 0.494958
327.107172966 8.614541 -0.692369 -0.229848 -0.055913 -0.866895 0.039374 0.493779
327.332956791 8.604752 -0.694331 -0.236837 -0.053601 -0.867944 0.039583 0.492172
327.557562351 8.593462 -0.695385 -0.244946 -0.053317 -0.868014 0.041879 0.491890
327.775667429 8.580170 -0.695709 -0.251976 -0.053273 -0.867568 0.044186 0.492479
327.996045113 8.568907 -0.698049 -0.256871 -0.052298 -0.866915 0.046101 0.493557
328.216564178 8.556410 -0.697893 -0.262038 -0.045650 -0.866068 0.045643 0.495740
328.432622671 8.544765 -0.697968 -0.267348 -0.042802 -0.863900 0.045870 0.499740
328.654196262 8.533683 -0.697915 -0.270049 -0.038576 -0.861807 0.045641 0.503704
328.873331547 8.521552 -0.700152 -0.270384 -0.033599 -0.858853 0.043466 0.509267
329.092187166 8.508276 -0.700147 -0.272923 -0.030410 -0.855210 0.042363 0.515651
329.313494444 8.495497 -0.701757 -0.274371 -0.028279 -0.851774 0.041863 0.521469
329.529757977 8.481862 -0.699451 -0.277375 -0.029475 -0.847878 0.043923 0.527546
329.750606298 8.468702 -0.699448 -0.278824 -0.024002 -0.844919 0.042042 0.532700
329.967689514 8.454130 -0.699050 -0.283219 -0.019581 -0.842048 0.040378 0.537532
330.184224844 8.436407 -0.697033 -0.289000 -0.019269 -0.839260 0.041750 0.541782
330.404082298 8.421749 -0.697169 -0.292941 -0.018053 -0.836994 0.043456 0.545184
330.622273207 8.407217 -0.702041 -0.294098 -0.017557 -0.835314 0.044371 0.547698
330.840656519 8.392515 -0.700981 -0.298030 -0.017715 -0.834229 0.046470 0.549170
331.056161880 8.380190 -0.704656 -0.300428 -0.018310 -0.832751 0.048487 0.551216
331.267236710 8.366735 -0.706064 -0.302015 -0.020446 -0.831071 0.051022 0.553443
331.481070042 8.353059 -0.707013 -0.303285 -0.025052 -0.828120 0.054438 0.557339
331.695827723 8.341942 -0.708344 -0.299617 -0.027671 -0.823940 0.055505 0.563273
331.901474476 8.332416 -0.704574 -0.298032 -0.022978 -0.819660 0.052223 0.570001
332.104511023 8.321182 -0.701845 -0.296432 -0.018413 -0.814310 0.049094 0.578056
332.319832563 8.309402 -0.704134 -0.294215 -0.015467 -0.809396 0.047195 0.585160
332.534838200 8.295439 -0.703435 -0.295217 -0.010270 -0.804303 0.045657 0.592373
332.746935129 8.284804 -0.703208 -0.293320 -0.008419 -0.799195 0.046514 0.599211
332.955899954 8.271504 -0.703877 -0.288611 -0.012355 -0.794191 0.051755 0.605334
333.171222210 8.258893 -0.706119 -0.282641 -0.012311 -0.791988 0.055577 0.607877
333.385506392 8.247261 -0.712328 -0.284488 -0.013542 -0.789912 0.060417 0.610086
333.595858335 8.237764 -0.718234 -0.284487 -0.012987 -0.789086 0.064020 0.610799
333.806887627 8.224313 -0.719855 -0.283504 -0.012551 -0.788549 0.067435 0.611134
334.017713070 8.213161 -0.724667 -0.284499 -0.012971 -0.786622 0.069388 0.613387
334.229231119 8.199710 -0.721566 -0.281219 -0.012365 -0.784981 0.069547 0.615480
334.460670710 8.188363 -0.717148 -0.278408 -0.013042 -0.782185 0.068702 0.619109
334.693821669 8.179245 -0.716661 -0.278614 -0.012985 -0.779039 0.065217 0.623439
334.920381308 8.164794 -0.712617 -0.280370 -0.014034 -0.775828 0.061275 0.627805
335.123800278 8.154108 -0.712127 -0.277706 -0.022192 -0.771478 0.061391 0.632898
335.326747656 8.143277 -0.708210 -0.273238 -0.027809 -0.766553 0.057906 0.638960
335.529978991 8.134384 -0.698856 -0.269112 -0.027966 -0.762206 0.049963 0.644798
335.742372274 8.121509 -0.693904 -0.265865 -0.033192 -0.756356 0.046664 0.651649
335.954761505 8.105608 -0.693994 -0.260521 -0.033447 -0.751905 0.042104 0.657075
336.154014587 8.087601 -0.691174 -0.254423 -0.033231 -0.747185 0.038788 0.662651
336.352710962 8.068536 -0.686483 -0.252380 -0.033285 -0.742851 0.036713 0.667620
336.557126760 8.049812 -0.681943 -0.247535 -0.035009 -0.737135 0.036485 0.673852
336.765923023 8.034024 -0.680652 -0.239690 -0.037360 -0.729377 0.035247 0.682181
336.981882334 8.018906 -0.678641 -0.229947 -0.039236 -0.722406 0.033051 0.689564
337.196123600 8.002107 -0.672442 -0.224157 -0.039532 -0.717175 0.031919 0.695039
337.401806593 7.983750 -0.672157 -0.218373 -0.040290 -0.713402 0.029583 0.698970
337.607726097 7.963139 -0.666103 -0.212079 -0.042477 -0.710526 0.029450 0.701770
337.819173336 7.951227 -0.664902 -0.211785 -0.044530 -0.708430 0.028276 0.703807
338.034383535 7.936649 -0.667536 -0.205675 -0.048119 -0.707355 0.026843 0.704707
338.256287575 7.920727 -0.664569 -0.200524 -0.051108 -0.706055 0.025216 0.705860
338.477622271 7.910835 -0.662157 -0.199035 -0.051472 -0.704965 0.020663 0.707070
338.699590206 7.893698 -0.657368 -0.195216 -0.051811 -0.704555 0.017246 0.707546
338.922199726 7.878021 -0.653840 -0.191180 -0.052131 -0.704690 0.014915 0.707441
339.142735481 7.861624 -0.653573 -0.189733 -0.053748 -0.704731 0.014643 0.707284
339.357244968 7.843152 -0.651998 -0.186315 -0.054012 -0.705538 0.014719 0.706458
339.581589222 7.829853 -0.652324 -0.181547 -0.055540 -0.706128 0.016683 0.705705
339.806771278 7.820212 -0.651602 -0.181741 -0.055228 -0.707022 0.017778 0.704808
340.028783560 7.810504 -0.655074 -0.178092 -0.057371 -0.707738 0.020111 0.703854
340.259791374 7.806156 -0.656542 -0.174342 -0.061087 -0.706345 0.022960 0.704854
340.509430885 7.794557 -0.654019 -0.164280 -0.062484 -0.704059 0.023115 0.707009
340.761812687 7.787241 -0.655132 -0.160110 -0.062685 -0.701316 0.021157 0.709773
340.988398314 7.774935 -0.653594 -0.158179 -0.061798 -0.697942 0.019973 0.713203
341.210901737 7.767714 -0.652488 -0.150931 -0.061745 -0.693747 0.019246 0.717309
341.428654909 7.746697 -0.648021 -0.138127 -0.062249 -0.689165 0.018103 0.721699
341.646330357 7.744507 -0.647142 -0.127922 -0.061770 -0.684933 0.014663 0.725835
341.861099005 7.729282 -0.643483 -0.114773 -0.067331 -0.678278 0.016352 0.731532
342.082503796 7.715045 -0.639985 -0.102519 -0.070850 -0.670941 0.015718 0.737950
342.300512552 7.703659 -0.635618 -0.092586 -0.071997 -0.664185 0.012940 0.743981
342.519957304 7.690849 -0.630851 -0.084888 -0.069927 -0.659371 0.007586 0.748520
342.732941628 7.675177 -0.627261 -0.076007 -0.068547 -0.653822 0.003042 0.753531
342.942733765 7.658130 -0.623028 -0.065542 -0.068560 -0.648886 -0.000435 0.757790
343.157001495 7.640146 -0.618493 -0.058585 -0.068528 -0.645203 -0.002933 0.760926
343.371166229 7.623361 -0.615191 -0.052362 -0.069661 -0.644575 -0.001899 0.761358
343.580922604 7.605206 -0.614997 -0.047626 -0.071340 -0.644723 0.001886 0.761078
343.787427187 7.587509 -0.614089 -0.042253 -0.072268 -0.644889 0.003992 0.760841
343.994283438 7.572445 -0.610921 -0.035260 -0.072906 -0.644431 0.005180 0.761162
344.204803705 7.555687 -0.607302 -0.027497 -0.074163 -0.643944 0.007137 0.761436
344.417826414 7.536592 -0.605464 -0.018562 -0.077497 -0.643750 0.012966 0.761192
344.623395920 7.519319 -0.606053 -0.009590 -0.077256 -0.643774 0.013917 0.761179
344.885326385 7.502015 -0.603637 -0.000269 -0.077338 -0.641530 0.013356 0.763073
345.092910051 7.478969 -0.600967 0.005374 -0.077826 -0.638426 0.012346 0.765639
345.294893742 7.459186 -0.597528 0.011096 -0.079299 -0.635919 0.012101 0.767575
345.501513243 7.441886 -0.593107 0.018983 -0.079261 -0.634426 0.007672 0.768871
345.715709448 7.419020 -0.585572 0.023482 -0.078183 -0.632610 0.001188 0.770513
345.928559303 7.403224 -0.580419 0.031563 -0.080343 -0.631419 -0.001383 0.771267
346.138046026 7.384872 -0.574880 0.037632 -0.084147 -0.630178 -0.001588 0.771876
346.347377777 7.368839 -0.567265 0.049071 -0.086008 -0.631047 -0.002779 0.770957
346.559258699 7.349756 -0.563178 0.054612 -0.087717 -0.632842 -0.003697 0.769287
346.777966499 7.329075 -0.559590 0.063016 -0.091799 -0.633578 -0.001544 0.768212
346.999113560 7.309199 -0.557625 0.070054 -0.093306 -0.633244 -0.003674 0.768299
347.218739748 7.289693 -0.551575 0.076883 -0.091990 -0.633133 -0.008028 0.768516
347.441699266 7.273430 -0.550791 0.082586 -0.091076 -0.635265 -0.010869 0.766828
347.666700840 7.258637 -0.551111 0.088983 -0.088693 -0.641013 -0.013752 0.762264
347.891220331 7.241072 -0.547919 0.088445 -0.089490 -0.646851 -0.012237 0.757249
348.113380194 7.225868 -0.547056 0.092496 -0.090225 -0.651074 -0.009079 0.753578
348.330163002 7.212993 -0.548706 0.100906 -0.091657 -0.652033 -0.004892 0.752614
348.547450781 7.196238 -0.547977 0.105997 -0.091377 -0.651004 -0.002840 0.753549
348.759193182 7.174707 -0.543709 0.113953 -0.089287 -0.649579 -0.001847 0.755031
348.972895622 7.159410 -0.541947 0.124408 -0.089846 -0.647333 0.001186 0.756893
349.188012362 7.135376 -0.538182 0.131825 -0.089738 -0.644194 0.004196 0.759568
349.398418665 7.120974 -0.537510 0.142426 -0.087249 -0.642565 0.005950 0.761224
349.608879805 7.109078 -0.539176 0.150345 -0.082722 -0.640954 0.004757 0.763094
349.820748091 7.101024 -0.541041 0.159953 -0.082170 -0.639886 0.008941 0.764012
350.034284115 7.081061 -0.539402 0.165372 -0.080844 -0.640437 0.014624 0.763604
350.235965490 7.061622 -0.542345 0.179352 -0.078416 -0.643155 0.017856 0.761501
350.440045357 7.046234 -0.542804 0.183036 -0.079744 -0.645712 0.023503 0.759041
350.647836924 7.034059 -0.542374 0.188065 -0.078842 -0.649174 0.024246 0.756155
350.861835003 7.021396 -0.535313 0.195652 -0.079943 -0.648835 0.026614 0.756250
351.061121702 6.999749 -0.529409 0.205251 -0.080557 -0.646933 0.025634 0.757846
351.259700298 6.981270 -0.521989 0.215718 -0.080536 -0.643417 0.021510 0.760964
351.457988739 6.962253 -0.511697 0.224841 -0.082276 -0.638931 0.016587 0.764672
351.671057463 6.942982 -0.500619 0.237163 -0.085179 -0.634255 0.009493 0.768358
351.879213095 6.925082 -0.487661 0.248425 -0.087107 -0.629430 -0.001304 0.772159
352.095225334 6.905773 -0.475193 0.260681 -0.091660 -0.624343 -0.011315 0.775672
352.314716101 6.887473 -0.465206 0.271664 -0.095796 -0.620359 -0.021121 0.778159
352.528785944 6.867051 -0.456757 0.276807 -0.097780 -0.621095 -0.027510 0.777125
352.749248266 6.848204 -0.451298 0.277831 -0.099217 -0.624645 -0.033268 0.773866
352.968063354 6.827340 -0.447206 0.283729 -0.103458 -0.625660 -0.032390 0.772526
353.187263489 6.807778 -0.445055 0.290756 -0.103444 -0.626857 -0.031857 0.771579
353.409468412 6.789295 -0.443244 0.297696 -0.102339 -0.629166 -0.028326 0.769984
353.633755684 6.771509 -0.440966 0.306335 -0.100339 -0.631089 -0.024173 0.768814
353.862988472 6.753796 -0.440383 0.312184 -0.096736 -0.631767 -0.020591 0.768823
354.088297606 6.737989 -0.440777 0.317538 -0.093820 -0.631794 -0.016240 0.769266
354.325939894 6.721358 -0.441525 0.325146 -0.093019 -0.630848 -0.010888 0.770233
354.550235987 6.705980 -0.442326 0.336319 -0.090848 -0.629373 -0.010251 0.771707
354.772687674 6.691481 -0.440309 0.346148 -0.088040 -0.627238 -0.012612 0.773733
354.997800350 6.675133 -0.435426 0.357975 -0.086329 -0.625213 -0.013908 0.775540
355.214677334 6.653052 -0.426937 0.365454 -0.083782 -0.624525 -0.015152 0.776350
355.433408976 6.634984 -0.418455 0.370463 -0.082554 -0.624664 -0.016374 0.776345
355.655981302 6.616807 -0.415732 0.377016 -0.085214 -0.624434 -0.014900 0.776272
355.878774405 6.595452 -0.413138 0.383947 -0.088376 -0.623928 -0.014440 0.776335
356.097048044 6.583130 -0.409357 0.391957 -0.090391 -0.624419 -0.013594 0.775723
356.319211006 6.566419 -0.408471 0.398612 -0.091144 -0.626422 -0.012407 0.774038
356.548156738 6.545684 -0.406303 0.406847 -0.092160 -0.628847 -0.007279 0.772013
356.777650595 6.528642 -0.407503 0.417383 -0.094919 -0.629927 -0.000477 0.770832
357.008781433 6.515281 -0.408001 0.427304 -0.096179 -0.629861 0.004617 0.770716
357.235553980 6.497559 -0.405243 0.437256 -0.091878 -0.630153 0.002487 0.771012
357.463528156 6.482613 -0.406018 0.445408 -0.089036 -0.630960 0.002825 0.770685
357.688218832 6.467093 -0.406421 0.452505 -0.084538 -0.631654 0.000856 0.770627
357.908413410 6.451210 -0.404345 0.457964 -0.079639 -0.632005 -0.003105 0.770855
358.140508652 6.436424 -0.402374 0.460318 -0.075842 -0.632315 -0.005878 0.770968
358.359821081 6.415820 -0.400736 0.464311 -0.074947 -0.632960 -0.003616 0.770540
358.583080292 6.399624 -0.400172 0.470024 -0.075155 -0.632891 0.000811 0.770584
358.805459023 6.382891 -0.400177 0.476904 -0.075405 -0.633215 0.005894 0.770271
359.025367737 6.367850 -0.400574 0.483176 -0.074068 -0.633987 0.008366 0.769743
359.242760897 6.352798 -0.398858 0.490785 -0.071984 -0.635786 0.011108 0.768422
359.460043430 6.336105 -0.401016 0.495520 -0.071657 -0.637060 0.015022 0.767330
359.677552462 6.321106 -0.397772 0.505024 -0.070996 -0.638583 0.019438 0.766025
359.895656586 6.305552 -0.395607 0.512080 -0.068378 -0.640310 0.021044 0.764778
360.112864494 6.289964 -0.395695 0.518585 -0.065137 -0.642583 0.022587 0.763108
360.326172590 6.277174 -0.397373 0.524842 -0.062454 -0.644797 0.025103 0.761385
360.540438175 6.261099 -0.396865 0.527252 -0.057744 -0.646148 0.024733 0.760623
360.754186153 6.247599 -0.395401 0.531866 -0.053444 -0.647231 0.024776 0.760014
360.966491222 6.231467 -0.392328 0.534684 -0.049915 -0.648178 0.026115 0.759403
361.177294016 6.213706 -0.393773 0.538884 -0.048804 -0.649087 0.028554 0.758610
361.388140917 6.196164 -0.393883 0.542448 -0.049729 -0.650175 0.031147 0.757515
361.600894690 6.181158 -0.392814 0.547737 -0.051623 -0.651201 0.033095 0.756424
361.813790560 6.166044 -0.392353 0.554213 -0.056049 -0.652108 0.035862 0.755200
362.032262564 6.151170 -0.390788 0.561719 -0.058587 -0.653144 0.034398 0.754180
362.250329733 6.136332 -0.386955 0.569160 -0.060677 -0.654234 0.032030 0.753173
362.466095686 6.121082 -0.382198 0.576930 -0.064926 -0.654622 0.032312 0.752470
362.685249805 6.108408 -0.379106 0.584379 -0.066392 -0.655343 0.030278 0.751798
362.909285069 6.095109 -0.378442 0.590242 -0.066380 -0.656719 0.028331 0.750674
363.131027460 6.081187 -0.376037 0.595849 -0.062238 -0.658317 0.024256 0.749771
363.359935284 6.068582 -0.378928 0.600373 -0.059172 -0.660321 0.023428 0.748282
363.593192101 6.058110 -0.380860 0.602955 -0.056066 -0.662823 0.025180 0.746250
363.826964855 6.044867 -0.382125 0.608528 -0.054766 -0.664600 0.030800 0.744552
364.053190470 6.037929 -0.389170 0.612508 -0.054846 -0.664136 0.038683 0.744593
364.279034376 6.023549 -0.396004 0.622240 -0.054033 -0.663241 0.046630 0.744995
364.509831429 6.016580 -0.402249 0.628366 -0.051931 -0.661792 0.054704 0.745884
364.730373144 6.007100 -0.406545 0.637630 -0.049470 -0.660020 0.062786 0.746984
364.949235201 5.999680 -0.408828 0.647112 -0.044878 -0.658438 0.067176 0.748287
365.165382862 5.991533 -0.409920 0.655715 -0.038635 -0.655360 0.068044 0.751252
365.380922318 5.981652 -0.412290 0.667033 -0.035822 -0.650630 0.070939 0.755225
365.587882042 5.970250 -0.412651 0.678478 -0.032220 -0.646825 0.072116 0.758538
365.790125847 5.958622 -0.411454 0.691772 -0.027487 -0.643049 0.070197 0.762105
365.992011070 5.947751 -0.410292 0.704403 -0.024989 -0.638944 0.069272 0.765720
366.189527273 5.936555 -0.408517 0.715875 -0.021728 -0.635323 0.066456 0.769075
366.390052557 5.923993 -0.406030 0.727512 -0.020814 -0.631592 0.065158 0.772278
366.591045618 5.909984 -0.405789 0.739103 -0.021022 -0.628886 0.065105 0.774482
366.792554140 5.894895 -0.405185 0.752526 -0.022852 -0.626765 0.067934 0.775905
366.989799261 5.885610 -0.405788 0.762017 -0.019788 -0.625767 0.065849 0.776974
367.197898865 5.873023 -0.405242 0.770721 -0.019335 -0.624275 0.067420 0.778050
367.397241354 5.860801 -0.406762 0.783705 -0.019288 -0.623066 0.071160 0.778687
367.595584869 5.853010 -0.408003 0.789778 -0.017744 -0.620485 0.073225 0.780590
367.796432734 5.843257 -0.409739 0.803643 -0.015778 -0.618971 0.075912 0.781578
367.991419554 5.832006 -0.410381 0.815894 -0.013835 -0.615560 0.077761 0.784122
368.191937447 5.819395 -0.409053 0.829991 -0.009606 -0.611394 0.076443 0.787567
368.391759634 5.815061 -0.409565 0.843140 -0.003336 -0.605740 0.069928 0.792577
368.594064951 5.804082 -0.408733 0.851337 -0.001859 -0.597566 0.068125 0.798918
368.789430618 5.791880 -0.401455 0.870168 0.000159 -0.590228 0.064177 0.804681
368.990059614 5.782877 -0.394588 0.887403 -0.000237 -0.582868 0.060841 0.810286
369.191682577 5.764164 -0.393079 0.906482 -0.004786 -0.576902 0.060717 0.814540
369.389123440 5.750906 -0.390437 0.920549 -0.008197 -0.574168 0.059691 0.816517
369.592808485 5.737494 -0.386371 0.930949 -0.011084 -0.576534 0.060157 0.814780
369.794953585 5.725297 -0.385959 0.937665 -0.011521 -0.583858 0.059385 0.809599
369.995598793 5.715603 -0.384656 0.943427 -0.012314 -0.592911 0.061277 0.802839
370.193548203 5.706108 -0.385178 0.947643 -0.010211 -0.603895 0.061651 0.794611
370.386660099 5.698202 -0.387625 0.950886 -0.008154 -0.614973 0.065124 0.785812
370.588325024 5.689573 -0.391408 0.957283 -0.008426 -0.623981 0.072894 0.777987
370.803846836 5.682852 -0.392787 0.962896 -0.004799 -0.629839 0.074106 0.773167
371.014694452 5.674026 -0.393725 0.971710 -0.001393 -0.632286 0.074348 0.771158
371.226695299 5.667160 -0.393204 0.978951 0.001708 -0.631827 0.072698 0.771691
371.440466642 5.657535 -0.390886 0.991548 0.004195 -0.630549 0.070480 0.772932
371.648752928 5.647920 -0.393344 1.001981 0.003821 -0.627716 0.070129 0.775268
371.859067440 5.638206 -0.391980 1.010905 0.004335 -0.626006 0.069379 0.776714
372.064626694 5.629611 -0.389009 1.018838 0.003068 -0.624799 0.069988 0.777636
372.269580364 5.619565 -0.387273 1.023506 0.002066 -0.626378 0.068105 0.776536
372.478959084 5.610144 -0.386527 1.025481 0.002289 -0.631537 0.062312 0.772834
372.699102879 5.600307 -0.384546 1.032233 -0.002345 -0.635774 0.062131 0.769367
372.916908503 5.593160 -0.382236 1.036004 -0.007887 -0.638753 0.063131 0.766777
373.129013777 5.587710 -0.383953 1.038596 -0.011063 -0.641785 0.061741 0.764315
373.345217228 5.576647 -0.383625 1.048974 -0.013257 -0.644766 0.061822 0.761760
373.563785553 5.564571 -0.381957 1.051543 -0.012301 -0.647458 0.060524 0.759594
373.775127411 5.558156 -0.384279 1.056165 -0.012363 -0.649826 0.062473 0.757410
373.990007162 5.546806 -0.385987 1.061303 -0.009834 -0.652027 0.062589 0.755544
374.202719450 5.532163 -0.385525 1.065881 -0.010006 -0.652840 0.066201 0.754531
374.409867525 5.521502 -0.387693 1.072664 -0.009437 -0.653238 0.067060 0.754118
374.617947102 5.509838 -0.387519 1.080349 -0.011865 -0.652890 0.069311 0.754182
374.824135780 5.501973 -0.387598 1.085132 -0.012521 -0.652196 0.068349 0.754859
375.029627562 5.491307 -0.386583 1.090656 -0.013533 -0.651576 0.066245 0.755565
375.257739544 5.484840 -0.387399 1.099597 -0.016837 -0.651011 0.064711 0.756117
375.478477001 5.483073 -0.388339 1.102572 -0.022182 -0.650791 0.065868 0.756069
375.686815023 5.474149 -0.384892 1.106602 -0.021458 -0.655145 0.063616 0.752514
375.897027016 5.460449 -0.385812 1.106398 -0.022608 -0.661751 0.062952 0.746734
376.105422020 5.457123 -0.384536 1.104757 -0.024220 -0.668589 0.064584 0.740426
376.312365532 5.438736 -0.388698 1.105621 -0.026404 -0.673826 0.067230 0.735351
376.518263817 5.428452 -0.388518 1.104108 -0.027172 -0.678767 0.069176 0.730583
376.723590374 5.414702 -0.386126 1.106924 -0.028457 -0.682420 0.072014 0.726848
376.931923151 5.409005 -0.389351 1.107779 -0.028519 -0.683590 0.070932 0.725851
377.139648676 5.399142 -0.387611 1.112268 -0.029226 -0.682961 0.069894 0.726515
377.346457720 5.384081 -0.388959 1.125849 -0.030196 -0.680778 0.067241 0.728772
377.558101177 5.370529 -0.384911 1.130935 -0.031265 -0.676377 0.064127 0.733093
377.763761282 5.359570 -0.379962 1.138319 -0.028835 -0.671737 0.056646 0.738058
377.970554590 5.347256 -0.376057 1.145428 -0.028078 -0.666506 0.050558 0.743254
378.180558681 5.333592 -0.372962 1.151595 -0.028656 -0.662045 0.046053 0.747499
378.392517090 5.319212 -0.370899 1.157111 -0.030076 -0.659916 0.042850 0.749514
378.590528011 5.303781 -0.371775 1.161114 -0.033257 -0.660225 0.043143 0.749090
378.792740345 5.287463 -0.371369 1.163613 -0.035472 -0.662645 0.043736 0.746814
378.991401672 5.271639 -0.370027 1.166609 -0.039007 -0.665201 0.045518 0.744254
379.194635630 5.255434 -0.367022 1.169164 -0.042019 -0.667059 0.045680 0.742415
379.397033691 5.240238 -0.362743 1.172465 -0.043165 -0.669070 0.044116 0.740632
379.597348928 5.225121 -0.358966 1.176374 -0.045417 -0.670352 0.042799 0.739414
379.810671568 5.211884 -0.356431 1.179694 -0.044704 -0.671649 0.037810 0.738552
380.028119564 5.197022 -0.355543 1.182673 -0.044817 -0.673460 0.033748 0.737092
380.243676186 5.183702 -0.353821 1.185483 -0.042999 -0.676019 0.028686 0.735069
380.459975481 5.173165 -0.351202 1.184442 -0.039023 -0.680189 0.022836 0.731641
380.679984093 5.162597 -0.348452 1.182269 -0.035881 -0.685110 0.018863 0.727311
380.899469852 5.146759 -0.351930 1.180199 -0.038982 -0.687582 0.020961 0.724757
381.116369247 5.136437 -0.352063 1.182278 -0.041008 -0.690326 0.023562 0.721951
381.329756260 5.124846 -0.353738 1.184467 -0.040191 -0.693669 0.023086 0.718801
381.548730850 5.112910 -0.351034 1.189015 -0.036313 -0.697211 0.020743 0.715645
381.770968437 5.098670 -0.351532 1.188729 -0.036083 -0.698774 0.021391 0.714111
381.988257647 5.084959 -0.352457 1.187678 -0.036790 -0.699300 0.022435 0.713528
382.204204798 5.071438 -0.352097 1.191792 -0.036686 -0.699370 0.023321 0.713436
382.419250011 5.058927 -0.351149 1.197207 -0.035164 -0.698856 0.021699 0.714068
382.631821632 5.044969 -0.350031 1.198436 -0.034177 -0.697847 0.020392 0.715140
382.836497784 5.027426 -0.347997 1.200644 -0.031908 -0.697765 0.019073 0.715362
383.040924072 5.010795 -0.347335 1.202199 -0.029486 -0.698358 0.017236 0.714934
383.245051146 4.995388 -0.346636 1.202118 -0.028272 -0.699561 0.016117 0.713832
383.446059227 4.983789 -0.349688 1.200699 -0.028975 -0.701031 0.016199 0.712358
383.644003630 4.966334 -0.345756 1.199634 -0.030980 -0.702377 0.017837 0.710907
383.848728180 4.952737 -0.346756 1.200954 -0.033606 -0.704343 0.018192 0.708831
384.062719584 4.936320 -0.347025 1.202932 -0.036571 -0.706507 0.019022 0.706505
384.274610281 4.922091 -0.346023 1.202369 -0.037845 -0.709217 0.018483 0.703731
384.490275383 4.906229 -0.344851 1.200993 -0.037373 -0.711808 0.016794 0.701178
384.704786777 4.889697 -0.340246 1.199791 -0.036891 -0.713624 0.015712 0.699381
384.906907320 4.876114 -0.337931 1.199242 -0.037239 -0.714648 0.014865 0.698334
385.120646238 4.864226 -0.338021 1.200076 -0.039559 -0.712015 0.015998 0.700867
385.343866587 4.847551 -0.336388 1.206330 -0.040750 -0.706882 0.016662 0.705960
385.559666157 4.840827 -0.339164 1.205326 -0.036130 -0.703378 0.013377 0.709771
385.773906946 4.828304 -0.342391 1.208174 -0.029963 -0.700639 0.011194 0.712798
385.991469383 4.810472 -0.343105 1.210162 -0.024169 -0.697878 0.010979 0.715725
386.208579063 4.805167 -0.346524 1.213552 -0.019797 -0.695663 0.012691 0.717983
386.418643236 4.790872 -0.347966 1.213496 -0.017376 -0.694202 0.016879 0.719372
386.622653484 4.774288 -0.353844 1.216968 -0.014922 -0.694070 0.021451 0.719433
386.831425667 4.758134 -0.355844 1.221627 -0.011330 -0.693400 0.024999 0.720030
387.035879612 4.744009 -0.359598 1.222555 -0.006442 -0.691824 0.025176 0.721598
387.229811430 4.736082 -0.362332 1.223645 -0.002930 -0.688862 0.025660 0.724432
387.418403387 4.727652 -0.362099 1.231172 0.000562 -0.686795 0.023706 0.726464
387.607631445 4.706594 -0.359061 1.233684 0.001740 -0.683499 0.021819 0.729623
387.799891233 4.689876 -0.351328 1.238785 0.001867 -0.680035 0.020298 0.732896
387.988773584 4.666308 -0.345026 1.250338 0.003466 -0.676926 0.013787 0.735914
388.186165571 4.655025 -0.342900 1.251464 0.006572 -0.673114 0.003174 0.739503
388.397089481 4.640007 -0.342654 1.257767 0.004296 -0.670216 -0.000159 0.742154
388.606862068 4.628144 -0.340084 1.256963 0.001288 -0.668216 -0.000893 0.743966
388.812820673 4.605234 -0.341646 1.267699 -0.001615 -0.668142 0.002429 0.744028
389.017679691 4.594558 -0.341820 1.269099 -0.001329 -0.668767 0.005238 0.743453
389.220089912 4.576395 -0.340644 1.273829 -0.000575 -0.669561 0.006155 0.742732
389.430264950 4.566769 -0.339162 1.279235 0.000842 -0.669555 0.005989 0.742738
389.640033245 4.555395 -0.341697 1.283469 -0.002225 -0.668811 0.009579 0.743367
389.846102953 4.542890 -0.343333 1.286283 -0.004215 -0.668296 0.009847 0.743818
390.054292679 4.533298 -0.341050 1.293031 -0.003293 -0.668936 0.006506 0.743284
390.263294935 4.521493 -0.335990 1.288294 -0.004172 -0.671214 0.003154 0.741245
390.472690344 4.500262 -0.330844 1.293941 -0.006181 -0.676376 0.001154 0.736530
390.679510355 4.496958 -0.329118 1.285220 -0.003922 -0.683583 -0.004491 0.729848
390.887688160 4.481984 -0.328723 1.284458 -0.004401 -0.691226 -0.004472 0.722611
391.091399908 4.469593 -0.326695 1.278570 -0.004366 -0.700590 -0.003950 0.713540
391.301636696 4.458522 -0.324939 1.275506 -0.006255 -0.706993 -0.000816 0.707192
391.512746811 4.444345 -0.324277 1.271807 -0.006971 -0.710566 0.000432 0.703596
391.728328466 4.430839 -0.324233 1.270989 -0.009258 -0.712580 0.002460 0.701526
391.945430517 4.417302 -0.323863 1.271326 -0.011939 -0.713066 0.004481 0.700981
392.157764435 4.401135 -0.324319 1.272982 -0.013206 -0.712901 0.004032 0.701129
392.369051933 4.389983 -0.325168 1.271977 -0.009019 -0.714165 -0.003101 0.699913
392.570272684 4.379694 -0.326442 1.266588 -0.004677 -0.718178 -0.012028 0.695740
392.787115097 4.369648 -0.323469 1.262469 -0.009361 -0.719613 -0.010896 0.694227
393.000729322 4.357780 -0.321409 1.259949 -0.015638 -0.721005 -0.007956 0.692707
393.214927673 4.345476 -0.320516 1.256684 -0.014908 -0.725333 -0.012564 0.688122
393.429461718 4.333509 -0.319576 1.251631 -0.013466 -0.731116 -0.018151 0.681879
393.648722649 4.322604 -0.318168 1.248873 -0.017726 -0.734275 -0.017077 0.678406
393.866093397 4.309270 -0.315567 1.246004 -0.023773 -0.736541 -0.013919 0.675832
394.085404634 4.295693 -0.313529 1.244769 -0.028449 -0.738974 -0.012543 0.673016
394.293703556 4.280090 -0.310694 1.244760 -0.032626 -0.739970 -0.011625 0.671748
394.501446009 4.262430 -0.308856 1.243629 -0.032131 -0.740733 -0.015455 0.670853
394.713474751 4.245085 -0.304992 1.240332 -0.029494 -0.740760 -0.021775 0.670769
394.928279400 4.226504 -0.299669 1.237030 -0.028722 -0.741220 -0.027412 0.670087
395.136767626 4.211580 -0.298510 1.233902 -0.034064 -0.740749 -0.027702 0.670345
395.350589514 4.194778 -0.297488 1.235850 -0.043826 -0.737330 -0.024371 0.673669
395.566890478 4.180457 -0.293692 1.244244 -0.051345 -0.731868 -0.024066 0.679083
395.789667606 4.161474 -0.287699 1.251419 -0.054403 -0.724001 -0.027593 0.687097
396.004835129 4.147805 -0.282683 1.260845 -0.057083 -0.714241 -0.030441 0.696904
396.221661568 4.129236 -0.278445 1.269840 -0.058466 -0.707828 -0.033126 0.703181
396.443035126 4.112888 -0.274107 1.272898 -0.057269 -0.706244 -0.036260 0.704717
396.660283566 4.090812 -0.266526 1.270407 -0.054853 -0.705904 -0.041093 0.704983
396.881415129 4.069998 -0.261715 1.270159 -0.056371 -0.705346 -0.042213 0.705356
397.098237038 4.050891 -0.257546 1.269905 -0.058878 -0.704231 -0.041777 0.706291
397.320431709 4.028992 -0.254544 1.272377 -0.063256 -0.701936 -0.039371 0.708332
397.543033123 4.011082 -0.252364 1.279150 -0.067385 -0.697185 -0.036951 0.712760
397.762085438 3.989363 -0.248461 1.285507 -0.070481 -0.690395 -0.035236 0.719128
397.985969782 3.973759 -0.243469 1.299436 -0.070808 -0.682525 -0.036899 0.726487
398.205155849 3.954427 -0.240167 1.307690 -0.069637 -0.675455 -0.040573 0.732983
398.430418491 3.935997 -0.235024 1.314254 -0.069082 -0.672116 -0.043254 0.735947
398.656753063 3.914077 -0.232009 1.318506 -0.070792 -0.670816 -0.044268 0.736909
398.882288456 3.895480 -0.224823 1.322900 -0.071560 -0.670147 -0.045342 0.737378
399.112901449 3.871088 -0.220808 1.326759 -0.074115 -0.666065 -0.043960 0.740900
399.348072052 3.852812 -0.222014 1.337144 -0.075105 -0.659377 -0.044524 0.746725
399.575742006 3.834354 -0.218922 1.347471 -0.073785 -0.650439 -0.046059 0.754561
399.798368692 3.812369 -0.215131 1.361799 -0.072246 -0.642396 -0.047418 0.761485
400.025458813 3.798330 -0.216982 1.364785 -0.068769 -0.640067 -0.048229 0.763714
400.249038696 3.770052 -0.213202 1.366895 -0.064941 -0.640336 -0.047848 0.763848
400.477385759 3.749658 -0.210024 1.373080 -0.063595 -0.640067 -0.044898 0.764365
400.709442854 3.732169 -0.207426 1.378988 -0.059763 -0.638733 -0.046028 0.765722
400.933238029 3.714787 -0.209498 1.383018 -0.057361 -0.637811 -0.044315 0.766774
401.157613277 3.699497 -0.210511 1.387856 -0.058629 -0.635340 -0.038936 0.769018
401.385026217 3.683352 -0.211480 1.395455 -0.058910 -0.632717 -0.036790 0.771262
401.609970808 3.665291 -0.209921 1.403694 -0.058537 -0.631799 -0.035796 0.772089
401.828602314 3.648233 -0.206390 1.410041 -0.058832 -0.631798 -0.033579 0.772168
402.047077894 3.629368 -0.203475 1.412651 -0.058045 -0.631779 -0.031458 0.772332
402.269996166 3.610138 -0.204215 1.421275 -0.058479 -0.629234 -0.028623 0.774484
402.492420673 3.592681 -0.201538 1.430665 -0.058100 -0.624467 -0.027120 0.778415
402.716993809 3.576729 -0.200730 1.437277 -0.056679 -0.622793 -0.024857 0.779935
402.943148851 3.557741 -0.197565 1.444834 -0.054256 -0.621806 -0.023528 0.780936
403.164049864 3.541187 -0.192853 1.449594 -0.049212 -0.622214 -0.025755 0.780874
403.391084909 3.525485 -0.191094 1.453594 -0.044591 -0.625138 -0.026125 0.778801
403.610426426 3.507257 -0.193189 1.452855 -0.039888 -0.630228 -0.027849 0.774885
403.826807737 3.494296 -0.192798 1.453843 -0.035549 -0.638162 -0.029732 0.768506
404.041020870 3.480692 -0.194964 1.455020 -0.036153 -0.643835 -0.024115 0.763929
404.260908842 3.469734 -0.197996 1.461591 -0.038800 -0.647236 -0.014705 0.761159
404.477466345 3.454167 -0.203143 1.464900 -0.040845 -0.647691 -0.004524 0.760794
404.692178726 3.436936 -0.204410 1.473812 -0.035354 -0.647970 -0.002377 0.760841
404.908976078 3.428827 -0.209315 1.478067 -0.027900 -0.647823 -0.004162 0.761269
405.123435974 3.412374 -0.209805 1.484171 -0.021717 -0.647087 -0.004590 0.762093
405.335995674 3.398318 -0.212642 1.487982 -0.017094 -0.645318 -0.004809 0.763708
405.542407990 3.383429 -0.212139 1.490869 -0.011709 -0.643683 -0.005639 0.765182
405.750605583 3.368132 -0.212455 1.493631 -0.006278 -0.642542 -0.006342 0.766198
405.955668449 3.349362 -0.210907 1.498834 -0.001169 -0.641470 -0.008146 0.767104
406.155893087 3.334166 -0.210772 1.499071 0.003069 -0.640762 -0.011631 0.767645
406.357603312 3.317701 -0.208863 1.501138 0.006588 -0.640061 -0.015520 0.768139
406.557427645 3.298522 -0.205109 1.503119 0.008113 -0.639603 -0.016580 0.768483
406.759279490 3.280181 -0.206145 1.506917 0.003857 -0.640121 -0.013081 0.768153
406.959264517 3.262634 -0.203225 1.513734 -0.005416 -0.642095 -0.005526 0.766586
407.162241697 3.246086 -0.198953 1.517530 -0.014600 -0.644014 -0.001048 0.764873
407.369115353 3.230540 -0.196931 1.525897 -0.023583 -0.647060 0.000793 0.762074
407.579922915 3.214578 -0.191026 1.531752 -0.030269 -0.649327 -0.001249 0.759906
407.790300131 3.194171 -0.184900 1.533512 -0.029903 -0.652675 -0.010162 0.756979
408.003880024 3.181016 -0.176892 1.536963 -0.028048 -0.657494 -0.018521 0.752709
408.218918085 3.158584 -0.174204 1.535868 -0.028175 -0.659791 -0.022497 0.750584
408.436543941 3.136190 -0.173322 1.536549 -0.027450 -0.661479 -0.023952 0.749079
408.649656534 3.117567 -0.172995 1.538308 -0.025143 -0.663830 -0.024162 0.747070
408.916979790 3.109347 -0.173908 1.539861 -0.024040 -0.666395 -0.020580 0.744927
409.128661156 3.095937 -0.173965 1.542210 -0.023937 -0.668793 -0.014402 0.742923
409.352324009 3.086463 -0.174211 1.548514 -0.025047 -0.669512 -0.006550 0.742350
409.570962667 3.070885 -0.179409 1.556223 -0.029549 -0.667386 0.002826 0.744120
409.781374931 3.058693 -0.182197 1.562055 -0.028355 -0.663126 0.002897 0.747965
409.997686863 3.052522 -0.178196 1.572205 -0.025134 -0.656458 0.000106 0.753944
410.200594664 3.052882 -0.181074 1.582986 -0.027122 -0.648267 0.001822 0.760928
410.412981510 3.038097 -0.180579 1.593785 -0.026616 -0.641180 -0.000395 0.766929
410.624973297 3.019412 -0.179733 1.599275 -0.022255 -0.634318 -0.006029 0.772728
410.841669321 3.002999 -0.171254 1.614108 -0.020640 -0.628552 -0.007082 0.777462
411.056371450 2.989340 -0.172330 1.624865 -0.022394 -0.621602 -0.005283 0.782995
411.260588408 2.977482 -0.174566 1.638861 -0.026872 -0.612040 -0.002041 0.790368
411.467898607 2.964949 -0.172793 1.653338 -0.025842 -0.605424 -0.006138 0.795460
411.672200680 2.949685 -0.169174 1.663905 -0.025057 -0.602228 -0.008984 0.797880
411.878649712 2.933583 -0.163939 1.673157 -0.027705 -0.597629 -0.008851 0.801245
412.089169979 2.915785 -0.160412 1.683199 -0.026317 -0.594476 -0.015225 0.803538
412.298864126 2.895792 -0.153450 1.692040 -0.025240 -0.592046 -0.021028 0.805234
412.515061378 2.879267 -0.150350 1.698499 -0.026962 -0.590262 -0.022798 0.806439
412.729567528 2.859190 -0.147007 1.706577 -0.026382 -0.589405 -0.024984 0.807020
412.941420555 2.841278 -0.143929 1.712485 -0.025990 -0.588747 -0.025303 0.807503
413.154724360 2.824159 -0.142519 1.718486 -0.026964 -0.588045 -0.022498 0.808066
413.366263151 2.808068 -0.139780 1.728363 -0.026490 -0.587171 -0.021199 0.808751
413.579129219 2.792499 -0.142611 1.734002 -0.022062 -0.585397 -0.025176 0.810055
413.790921450 2.781501 -0.142995 1.742216 -0.019463 -0.584016 -0.026468 0.811077
414.006571054 2.767316 -0.145728 1.744971 -0.018792 -0.581957 -0.025444 0.812605
414.216143131 2.751181 -0.147041 1.757115 -0.015327 -0.581609 -0.027513 0.812859
414.422545433 2.737966 -0.146410 1.762454 -0.012963 -0.580525 -0.029052 0.813621
414.633667707 2.723197 -0.149546 1.771342 -0.014762 -0.580167 -0.028405 0.813868
414.841684103 2.706925 -0.148230 1.778966 -0.015864 -0.580507 -0.029303 0.813573
415.048577547 2.691472 -0.144784 1.786322 -0.017852 -0.581258 -0.029592 0.812985
415.255780935 2.675702 -0.140370 1.791409 -0.022614 -0.581182 -0.028659 0.812954
415.464636087 2.659477 -0.135453 1.801503 -0.027504 -0.580913 -0.029746 0.812957
415.675962687 2.647302 -0.128682 1.809279 -0.034444 -0.580674 -0.029247 0.812881
415.890264034 2.631081 -0.125588 1.816802 -0.040172 -0.580523 -0.032114 0.812618
416.107834339 2.612499 -0.120199 1.830628 -0.041120 -0.583463 -0.036874 0.810259
416.327580690 2.596841 -0.118419 1.835182 -0.044287 -0.585498 -0.035476 0.808686
416.547493219 2.580992 -0.120143 1.843341 -0.042529 -0.587100 -0.035171 0.807631
416.767245770 2.570916 -0.119375 1.846896 -0.036939 -0.590060 -0.035731 0.805722
416.988186359 2.555389 -0.119502 1.851740 -0.034012 -0.593127 -0.032234 0.803744
417.206223011 2.539920 -0.119696 1.856841 -0.032929 -0.593481 -0.026116 0.803750
417.424725056 2.524857 -0.120023 1.865181 -0.030656 -0.593164 -0.023697 0.804149
417.645303488 2.509277 -0.119202 1.868936 -0.028080 -0.591910 -0.021649 0.805224
417.860505581 2.492821 -0.118720 1.874502 -0.025139 -0.592110 -0.019215 0.805235
418.074554920 2.472608 -0.119919 1.883583 -0.023408 -0.592342 -0.017564 0.805155
418.290189266 2.458441 -0.118606 1.891177 -0.022908 -0.591700 -0.016639 0.805661
418.503674030 2.445340 -0.115985 1.896525 -0.022699 -0.590556 -0.018075 0.806475
418.714523315 2.424257 -0.113556 1.905858 -0.023003 -0.589901 -0.018802 0.806929
418.921073914 2.406818 -0.116529 1.917924 -0.024846 -0.589740 -0.018644 0.806996
419.134357929 2.391386 -0.113302 1.921823 -0.024974 -0.588012 -0.019997 0.808219
419.351795912 2.378300 -0.108309 1.930522 -0.022082 -0.587039 -0.024685 0.808881
419.566656828 2.354928 -0.104011 1.935648 -0.022467 -0.586350 -0.025604 0.809341
419.781206846 2.338803 -0.101459 1.941294 -0.026229 -0.586222 -0.023299 0.809390
420.004740000 2.312576 -0.099992 1.951723 -0.030603 -0.586129 -0.022304 0.809332
420.224353075 2.296075 -0.096815 1.959672 -0.030861 -0.587336 -0.025976 0.808338
420.443322182 2.277792 -0.096761 1.968683 -0.035837 -0.587781 -0.023189 0.807893
420.652271271 2.259402 -0.093479 1.978523 -0.039008 -0.586786 -0.022072 0.808500
420.870926142 2.241212 -0.089232 1.988824 -0.040761 -0.584482 -0.024636 0.810008
421.104606152 2.223233 -0.082677 1.997761 -0.039392 -0.581551 -0.031498 0.811945
421.328328371 2.205589 -0.076415 2.005281 -0.039711 -0.580224 -0.035655 0.812707
421.552187443 2.186356 -0.073763 2.012523 -0.041999 -0.579012 -0.035017 0.813484
421.774097919 2.171586 -0.076788 2.021758 -0.043376 -0.577911 -0.035375 0.814178
422.001731634 2.156468 -0.077531 2.029805 -0.044486 -0.577046 -0.035145 0.814741
422.219551802 2.142649 -0.076836 2.039231 -0.044948 -0.576848 -0.034505 0.814884
422.443645477 2.129456 -0.080998 2.047822 -0.045326 -0.576718 -0.032604 0.815033
422.660720348 2.115047 -0.081739 2.052422 -0.044438 -0.576227 -0.031071 0.815489
422.879902840 2.103084 -0.080443 2.061232 -0.042725 -0.576287 -0.032215 0.815494
423.099300623 2.085816 -0.076237 2.068336 -0.038480 -0.576283 -0.034497 0.815615
423.316368103 2.067432 -0.076394 2.072391 -0.034982 -0.575883 -0.035190 0.816025
423.533010960 2.051423 -0.076617 2.079752 -0.031438 -0.576391 -0.036059 0.815773
423.747499228 2.036813 -0.075170 2.082996 -0.027264 -0.576463 -0.037167 0.815823
423.963140726 2.021583 -0.071829 2.089056 -0.022955 -0.577240 -0.038261 0.815355
424.179462671 2.001598 -0.073258 2.095226 -0.019516 -0.578093 -0.038195 0.814843
424.392784595 1.985961 -0.075176 2.100098 -0.016374 -0.579441 -0.035081 0.814094
424.602616310 1.969717 -0.082092 2.107714 -0.014469 -0.580879 -0.032908 0.813196
424.814337969 1.953125 -0.078569 2.111288 -0.010209 -0.581803 -0.029508 0.812730
425.026070356 1.939497 -0.081804 2.120870 -0.007880 -0.583202 -0.024544 0.811918
425.235203028 1.932679 -0.083492 2.123806 -0.002586 -0.584702 -0.024490 0.810874
425.445498705 1.913141 -0.086913 2.130165 0.001899 -0.586751 -0.024006 0.809409
425.651250601 1.907375 -0.086392 2.129022 0.004015 -0.588263 -0.017444 0.808472
425.856334686 1.887384 -0.089453 2.138093 0.003475 -0.589713 -0.010457 0.807538
426.061451197 1.872627 -0.088986 2.142886 0.005415 -0.589865 -0.007134 0.807452
426.266346931 1.854717 -0.084919 2.154095 0.007873 -0.590630 -0.006221 0.806880
426.467210054 1.833540 -0.081411 2.165772 0.008775 -0.592151 -0.006155 0.805755
426.666096210 1.819846 -0.081567 2.172165 0.003602 -0.593871 -0.001550 0.804551
426.867177963 1.806700 -0.075407 2.177609 -0.001943 -0.595758 0.002375 0.803158
427.074128151 1.792622 -0.073849 2.182433 -0.007682 -0.597711 0.001813 0.801673
427.280822754 1.780246 -0.068798 2.191712 -0.014068 -0.599082 0.001215 0.800563
427.490947962 1.761888 -0.064708 2.200972 -0.023173 -0.599128 0.000926 0.800317
427.710735798 1.752471 -0.061143 2.213168 -0.027879 -0.599568 -0.006600 0.799811
427.932057858 1.738660 -0.059113 2.221938 -0.033150 -0.600005 -0.011442 0.799228
428.147215605 1.723320 -0.057004 2.229205 -0.035932 -0.602902 -0.014404 0.796876
428.361490965 1.707531 -0.055335 2.234611 -0.037071 -0.605348 -0.016614 0.794923
428.575479031 1.692754 -0.055305 2.239734 -0.036202 -0.609083 -0.015769 0.792123
428.795552731 1.677432 -0.054011 2.244767 -0.035282 -0.611560 -0.011093 0.790333
429.011138916 1.662338 -0.054040 2.250726 -0.035479 -0.611975 -0.003421 0.790074
429.227707624 1.647276 -0.052076 2.258655 -0.035027 -0.612308 0.003582 0.789835
429.437646389 1.634226 -0.051640 2.266407 -0.027454 -0.612586 0.003225 0.789921
429.649379253 1.619496 -0.055461 2.276307 -0.021285 -0.609909 0.005749 0.792165
429.857437372 1.606283 -0.064467 2.288407 -0.019082 -0.604932 0.013481 0.795935
430.061788082 1.599146 -0.072661 2.302550 -0.015944 -0.597995 0.019118 0.801113
430.261483192 1.590789 -0.074107 2.320601 -0.010489 -0.589418 0.019065 0.807535
430.456052542 1.585309 -0.076430 2.337693 -0.009356 -0.577602 0.020847 0.815998
430.652745724 1.575315 -0.076689 2.361402 -0.007782 -0.564942 0.019368 0.824867
430.847443819 1.572772 -0.074582 2.380852 -0.006078 -0.552031 0.016883 0.833631
431.048078775 1.564934 -0.071121 2.399865 -0.004180 -0.541988 0.010241 0.840314
431.252285957 1.552450 -0.065558 2.417689 -0.005236 -0.533791 0.006150 0.845578
431.463732004 1.534686 -0.063470 2.436055 -0.010726 -0.529517 0.007571 0.848198
431.669446468 1.522472 -0.058986 2.448705 -0.017739 -0.527206 0.011207 0.849478
431.882114887 1.505006 -0.055296 2.463130 -0.023155 -0.526751 0.012448 0.849613
432.098770142 1.490732 -0.051494 2.473026 -0.027390 -0.526976 0.013492 0.849331
432.315941095 1.472535 -0.047055 2.486507 -0.028283 -0.528618 0.013617 0.848279
432.531128645 1.463928 -0.052631 2.497879 -0.031101 -0.531196 0.015759 0.846531
432.745905876 1.447083 -0.051978 2.507571 -0.026025 -0.536369 0.012287 0.843493
432.959899426 1.435435 -0.056679 2.510143 -0.018772 -0.545388 0.007724 0.837938
433.181688309 1.424300 -0.059945 2.512414 -0.015428 -0.552047 0.009965 0.833611
433.405895233 1.413511 -0.062892 2.517186 -0.012415 -0.555654 0.014182 0.831200
433.626418591 1.402081 -0.064983 2.524145 -0.009717 -0.558277 0.019335 0.829372
433.843855143 1.393559 -0.067994 2.529661 -0.006091 -0.559846 0.021245 0.828302
434.058550835 1.382581 -0.069432 2.538057 -0.004028 -0.559688 0.023654 0.828356
434.274148941 1.374671 -0.070719 2.548431 -0.003558 -0.554901 0.025355 0.831522
434.487489462 1.366700 -0.071869 2.561079 -0.003006 -0.548329 0.024199 0.835907
434.703361750 1.356453 -0.071430 2.575374 -0.002482 -0.542647 0.022152 0.839665
434.917300701 1.347664 -0.069464 2.588304 -0.002044 -0.536247 0.019754 0.843828
435.131174326 1.336921 -0.065200 2.604107 -0.003712 -0.531199 0.019129 0.847023
435.336774588 1.324724 -0.062722 2.616807 -0.006199 -0.528705 0.019687 0.848554
435.541455269 1.312422 -0.061160 2.626726 -0.006497 -0.528464 0.017776 0.848745
435.749066830 1.296831 -0.061579 2.635104 -0.007152 -0.529588 0.017121 0.848052
435.959253788 1.283428 -0.059873 2.641579 -0.007230 -0.532603 0.017027 0.846163
436.167855024 1.268091 -0.058580 2.648327 -0.008812 -0.533978 0.017994 0.845261
436.378305197 1.250434 -0.056093 2.658722 -0.008172 -0.534769 0.015478 0.844817
436.593540192 1.240362 -0.055653 2.667356 -0.008342 -0.535357 0.013822 0.844472
436.803717613 1.227231 -0.053743 2.675327 -0.007636 -0.536167 0.011316 0.844001
437.019066334 1.212972 -0.053513 2.684218 -0.009545 -0.535533 0.013058 0.844359
437.236816406 1.204740 -0.058322 2.696016 -0.016099 -0.530964 0.020323 0.846998
437.457395077 1.197410 -0.056509 2.707967 -0.017188 -0.525261 0.020959 0.850510
437.690597057 1.194625 -0.053196 2.714350 -0.014696 -0.521022 0.016548 0.853256
437.918435097 1.190164 -0.054237 2.723439 -0.015873 -0.515469 0.019789 0.856533
438.140289307 1.188485 -0.056084 2.732946 -0.015831 -0.507837 0.018598 0.861107
438.364162922 1.179894 -0.050107 2.748121 -0.012334 -0.500008 0.015063 0.865802
438.579329491 1.174748 -0.053845 2.761497 -0.014546 -0.490125 0.019337 0.871316
438.791071177 1.168640 -0.058567 2.778661 -0.016618 -0.479843 0.023144 0.876892
439.015635729 1.164876 -0.056168 2.793222 -0.015395 -0.471110 0.021091 0.881688
439.241877079 1.160222 -0.054696 2.806930 -0.013909 -0.460745 0.019067 0.887219
439.457456827 1.155689 -0.054802 2.823194 -0.013154 -0.451051 0.018259 0.892215
439.674422503 1.150531 -0.054205 2.841058 -0.011658 -0.440420 0.017243 0.897550
439.888446808 1.148081 -0.052326 2.857454 -0.008572 -0.428957 0.015202 0.903156
440.099604130 1.144853 -0.052825 2.876033 -0.006440 -0.415678 0.016086 0.909347
440.305415630 1.145165 -0.058189 2.897790 -0.006693 -0.402287 0.020168 0.915267
440.508845091 1.145475 -0.058518 2.918228 -0.003725 -0.387906 0.019449 0.921486
440.725878000 1.145181 -0.059543 2.937305 0.000303 -0.376331 0.017352 0.926323
440.944553852 1.143660 -0.062906 2.954283 0.006481 -0.368289 0.012451 0.929606
441.158007860 1.142779 -0.065869 2.970951 0.011485 -0.357493 0.006170 0.933825
441.363871336 1.143008 -0.065836 2.990954 0.013627 -0.347158 0.003226 0.937702
441.573729277 1.146065 -0.064407 3.008004 0.012958 -0.335565 0.004797 0.941916
441.786103725 1.146148 -0.062481 3.028640 0.012096 -0.325098 0.000086 0.945603
442.003117323 1.147450 -0.059787 3.049164 0.007977 -0.313752 0.001183 0.949471
442.220613241 1.149756 -0.059845 3.070394 0.001485 -0.301897 0.004898 0.953327
442.440977573 1.152018 -0.059473 3.091367 -0.004830 -0.294032 0.005678 0.955766
442.665271997 1.151434 -0.055870 3.111680 -0.008450 -0.289197 0.004564 0.957222
442.889639616 1.146283 -0.054731 3.129841 -0.012083 -0.285967 0.001305 0.958162
443.116783619 1.139390 -0.051481 3.147478 -0.014305 -0.286382 0.000255 0.958009
443.341882467 1.132825 -0.050019 3.164324 -0.016481 -0.289151 0.004100 0.957133
443.566323519 1.125965 -0.048621 3.180114 -0.014825 -0.294627 0.004146 0.955488
443.784090042 1.117582 -0.053135 3.192702 -0.008307 -0.304477 -0.001933 0.952481
443.998620749 1.110672 -0.058251 3.205292 -0.002505 -0.318144 -0.004477 0.948029
444.221672535 1.102958 -0.059972 3.215591 0.000694 -0.327237 -0.000394 0.944942
444.442583084 1.098606 -0.063283 3.228699 0.003691 -0.332204 0.003786 0.943193
444.659861326 1.091812 -0.065685 3.243600 0.006744 -0.333440 0.004832 0.942735
444.878083944 1.086842 -0.064761 3.256789 0.011227 -0.332397 0.002378 0.943070
445.091444492 1.081750 -0.063080 3.273077 0.014395 -0.329009 -0.003780 0.944210
445.310375690 1.078955 -0.061487 3.292484 0.014649 -0.321178 -0.005318 0.946891
445.530312777 1.077155 -0.063942 3.311627 0.010433 -0.310974 -0.000045 0.950361
445.748436451 1.072138 -0.065040 3.325500 0.006242 -0.301162 0.000488 0.953552
445.967467546 1.070126 -0.060127 3.339494 0.002333 -0.293288 -0.007583 0.955991
446.197782516 1.065482 -0.054015 3.355334 0.000060 -0.287416 -0.010078 0.957753
446.422736168 1.056510 -0.052569 3.373657 0.000407 -0.284083 -0.012000 0.958724
446.649068356 1.046819 -0.052507 3.390529 0.002966 -0.281333 -0.012774 0.959521
446.866621971 1.040047 -0.055309 3.410619 0.006851 -0.271260 -0.010501 0.962424
447.080729246 1.042203 -0.058626 3.426460 0.011096 -0.255837 -0.015129 0.966538
447.294837952 1.040990 -0.060150 3.452163 0.015382 -0.236598 -0.013504 0.971392
447.514914274 1.044474 -0.067346 3.478831 0.015592 -0.219567 -0.008684 0.975434
447.724390268 1.050514 -0.072650 3.503123 0.015636 -0.203432 -0.004838 0.978952
447.943146467 1.057667 -0.072784 3.526616 0.015714 -0.190362 -0.004255 0.981579
448.168776989 1.059221 -0.072894 3.548975 0.017602 -0.181914 -0.007933 0.983125
448.392452478 1.064427 -0.077114 3.566154 0.017878 -0.179510 -0.006858 0.983570
448.615599155 1.065072 -0.079182 3.583048 0.019186 -0.178439 -0.009261 0.983720
448.837100506 1.062812 -0.080869 3.600483 0.020625 -0.178496 -0.006155 0.983705
449.058160305 1.061039 -0.081337 3.618438 0.021049 -0.179986 -0.004242 0.983435
449.278514624 1.057341 -0.079843 3.637813 0.021993 -0.180030 -0.003848 0.983408
449.499538422 1.053442 -0.079135 3.656178 0.022599 -0.179361 -0.003584 0.983517
449.717009068 1.049172 -0.077731 3.675742 0.024095 -0.178441 -0.005443 0.983641
449.934859514 1.045900 -0.078815 3.695143 0.023804 -0.177868 -0.006671 0.983744
450.160417557 1.043641 -0.081350 3.713843 0.021891 -0.174992 -0.004220 0.984317
450.379723549 1.045711 -0.081258 3.733225 0.019999 -0.169546 -0.004605 0.985309
450.600640774 1.053103 -0.079251 3.755093 0.017244 -0.162217 -0.006081 0.986586
450.825020552 1.057945 -0.077155 3.774913 0.013926 -0.154704 -0.009185 0.987820
451.054462433 1.059297 -0.073979 3.796445 0.010863 -0.148852 -0.011451 0.988734
451.279499769 1.059263 -0.070884 3.820374 0.009061 -0.146991 -0.012906 0.989012
451.508734465 1.057289 -0.067719 3.840416 0.007375 -0.147272 -0.016822 0.988926
451.736653328 1.053630 -0.062203 3.859637 0.007200 -0.149450 -0.023486 0.988464
451.972902775 1.047781 -0.060255 3.877627 0.006284 -0.151548 -0.027624 0.988044
452.216233730 1.045836 -0.062456 3.896399 0.004935 -0.150686 -0.025034 0.988252
452.447432280 1.046184 -0.065860 3.915282 0.004093 -0.145392 -0.023272 0.989092
452.671528578 1.050892 -0.068594 3.937436 0.003775 -0.137028 -0.022987 0.990293
452.899462461 1.056507 -0.066150 3.959268 0.005914 -0.125615 -0.029159 0.991633
453.129754066 1.065557 -0.065471 3.983423 0.007805 -0.113635 -0.032193 0.992970
453.360768080 1.069992 -0.065732 4.001343 0.011278 -0.105973 -0.036985 0.993617
453.596143007 1.067912 -0.067256 4.019871 0.015293 -0.103518 -0.040426 0.993688
453.834597826 1.065133 -0.069406 4.036506 0.020677 -0.104288 -0.042501 0.993423
454.067156792 1.062360 -0.073857 4.052145 0.025323 -0.105037 -0.043401 0.993198
454.292845011 1.059787 -0.079915 4.066445 0.027983 -0.108027 -0.045396 0.992717
454.517775297 1.056480 -0.081122 4.080757 0.030502 -0.112129 -0.047904 0.992069
454.747066021 1.053185 -0.083338 4.094817 0.031830 -0.114141 -0.046193 0.991880
454.973075151 1.052157 -0.084234 4.113311 0.031874 -0.116359 -0.040028 0.991888
455.201226711 1.051866 -0.086170 4.133443 0.031327 -0.116552 -0.036239 0.992029
455.429015398 1.054629 -0.086439 4.154765 0.029320 -0.113547 -0.034979 0.992484
455.653782129 1.061372 -0.085724 4.176114 0.025590 -0.106596 -0.033999 0.993391
455.882645369 1.068215 -0.080320 4.197398 0.021264 -0.098889 -0.038189 0.994138
456.113867283 1.072869 -0.077106 4.218607 0.017741 -0.090706 -0.041270 0.994864
456.347980261 1.076820 -0.078630 4.240381 0.015430 -0.080051 -0.040412 0.995852
456.574748278 1.083722 -0.083748 4.262300 0.014567 -0.069554 -0.037985 0.996748
456.797485590 1.088934 -0.084073 4.283450 0.014863 -0.061138 -0.036036 0.997368
457.014267206 1.089926 -0.083437 4.303769 0.016279 -0.058466 -0.036312 0.997496
457.246140480 1.088419 -0.082122 4.323632 0.019097 -0.062987 -0.038734 0.997080
457.463395596 1.082721 -0.083548 4.342847 0.023715 -0.072138 -0.042684 0.996199
457.687875271 1.077414 -0.086026 4.360759 0.027627 -0.080449 -0.044894 0.995364
457.919991255 1.075622 -0.088815 4.379208 0.031329 -0.081010 -0.047551 0.995085
458.144555330 1.074832 -0.089065 4.396493 0.034183 -0.078847 -0.053916 0.994841
458.370709896 1.073211 -0.091551 4.414851 0.034562 -0.076328 -0.056499 0.994881
458.591806412 1.071777 -0.092039 4.433288 0.033677 -0.073976 -0.058082 0.994997
458.815164804 1.074044 -0.092631 4.451801 0.030917 -0.070008 -0.057311 0.995419
459.038177729 1.079653 -0.092003 4.470728 0.026804 -0.063951 -0.053337 0.996166
459.260395050 1.083809 -0.090651 4.491170 0.022472 -0.058805 -0.052872 0.996615
459.489361525 1.087807 -0.087569 4.511076 0.017054 -0.054077 -0.053432 0.996960
459.721255779 1.092833 -0.085850 4.531854 0.011184 -0.050475 -0.052723 0.997270
459.947920084 1.094847 -0.084698 4.553410 0.006622 -0.049715 -0.050187 0.997480
460.176588774 1.095958 -0.084822 4.575632 0.003977 -0.050626 -0.050807 0.997417
460.410611629 1.095090 -0.084148 4.594780 -0.000238 -0.051941 -0.054143 0.997181
460.650813103 1.098181 -0.085851 4.610409 -0.004212 -0.055433 -0.053568 0.997016
460.895643473 1.099552 -0.086641 4.623445 -0.005922 -0.058529 -0.053906 0.996812
461.152745962 1.102661 -0.087865 4.631666 -0.005872 -0.063103 -0.052454 0.996610
461.419795513 1.104672 -0.089610 4.632640 -0.004104 -0.069542 -0.053047 0.996159
461.667988300 1.105968 -0.088152 4.636357 0.000100 -0.077193 -0.052653 0.995625
461.920302868 1.106227 -0.088448 4.635014 0.005838 -0.083947 -0.053213 0.995031
462.190296412 1.107183 -0.090039 4.631096 0.012264 -0.087124 -0.053783 0.994669
462.473877192 1.107527 -0.091252 4.628315 0.016916 -0.087482 -0.052925 0.994615
