0.000000000 0.000000 0.000000 0.000000 -0.000000 -0.000000 -0.000000 1.000000
0.349745512 0.000158 0.000056 0.000124 0.000009 0.000005 -0.000067 1.000000
0.698821545 0.000094 0.000021 0.000242 -0.000004 0.000118 -0.000088 1.000000
1.047917128 0.000523 0.000133 0.000182 0.000022 0.000004 -0.000013 1.000000
1.397016764 0.000463 0.000196 0.000548 -0.000024 0.000101 -0.000061 1.000000
1.748010874 0.000441 0.000164 0.000458 -0.000029 0.000174 -0.000065 1.000000
2.105348349 0.000680 0.000212 0.000517 -0.000033 0.000127 -0.000183 1.000000
2.452178955 0.000592 0.000110 0.000535 -0.000064 0.000213 -0.000256 1.000000
2.798313856 0.000986 -0.000029 0.000009 -0.000053 0.000159 -0.000038 1.000000
3.147389889 0.000644 -0.000182 -0.000438 0.000009 0.000192 -0.000019 1.000000
3.505854368 0.000662 -0.000155 -0.000194 -0.000080 0.000237 -0.000162 1.000000
3.865051746 0.001079 0.000016 0.000282 -0.000073 0.000256 -0.000143 1.000000
4.222121000 0.001068 -0.000055 -0.000166 -0.000044 0.000207 -0.000065 1.000000
4.579226732 0.001122 0.000047 0.000049 -0.000061 0.000301 -0.000212 1.000000
4.938203573 0.001454 -0.000039 0.000202 -0.000072 0.000298 -0.000138 1.000000
5.297356367 0.001429 0.000046 0.000465 -0.000065 0.000278 -0.000022 1.000000
5.652585745 0.001740 0.000246 0.000486 -0.000078 0.000302 -0.000163 1.000000
6.007328510 0.001675 0.000259 0.000444 -0.000019 0.000311 -0.000052 1.000000
6.360306978 0.001764 -0.000010 0.000050 -0.000123 0.000343 -0.000145 1.000000
6.712845564 0.001851 0.000143 0.000372 -0.000142 0.000341 -0.000173 1.000000
7.064461470 0.002099 0.000178 0.000352 -0.000108 0.000338 -0.000245 1.000000
7.420084476 0.001954 0.000121 0.000379 -0.000147 0.000442 -0.000206 1.000000
7.770247936 0.002196 0.000238 0.000698 -0.000107 0.000419 -0.000187 1.000000
8.121931791 0.002290 0.000306 0.000562 -0.000045 0.000385 -0.000184 1.000000
8.477322578 0.002420 0.000206 0.000662 -0.000119 0.000378 -0.000332 1.000000
8.832512379 0.002497 0.000121 0.000774 -0.000129 0.000401 -0.000333 1.000000
9.183404207 0.002526 -0.000002 0.000330 -0.000091 0.000399 -0.000208 1.000000
9.534312487 0.002532 -0.000122 -0.000124 -0.000097 0.000393 -0.000209 1.000000
9.886700869 0.002669 0.000409 0.000741 -0.000056 0.000398 -0.000223 1.000000
10.236561298 0.003186 0.000168 0.000952 -0.000097 0.000317 -0.000174 1.000000
10.588283062 0.003045 0.000119 0.000345 -0.000029 0.000314 -0.000319 1.000000
10.938086987 0.003054 0.000276 0.000675 -0.000035 0.000377 -0.000358 1.000000
11.287297010 0.003429 0.000616 0.001491 -0.000052 0.000418 -0.000354 1.000000
11.638742685 0.003158 0.000124 0.000475 -0.000140 0.000439 -0.000440 1.000000
11.992002726 0.003345 0.000237 0.000227 -0.000084 0.000462 -0.000454 1.000000
12.342259407 0.003474 0.000080 0.000327 -0.000135 0.000388 -0.000385 1.000000
12.695950508 0.003638 0.000217 0.000248 -0.000101 0.000360 -0.000447 1.000000
13.047078609 0.003506 0.000226 0.000664 -0.000137 0.000503 -0.000477 1.000000
13.398429394 0.003615 0.000196 0.000361 -0.000083 0.000510 -0.000458 1.000000
13.750690460 0.003761 0.000316 0.000944 -0.000054 0.000516 -0.000464 1.000000
14.101397276 0.003917 0.000483 0.001044 -0.000107 0.000582 -0.000386 1.000000
14.451072216 0.004285 0.000511 0.000867 -0.000111 0.000443 -0.000464 1.000000
14.804690361 0.004224 0.000614 0.001496 -0.000121 0.000536 -0.000473 1.000000
15.156216860 0.004331 0.000697 0.001139 -0.000061 0.000426 -0.000407 1.000000
15.507417440 0.004691 0.000545 0.000947 -0.000114 0.000400 -0.000460 1.000000
15.860636234 0.004243 0.000270 0.000565 -0.000246 0.000527 -0.000625 1.000000
16.208939075 0.005081 0.000624 0.000682 -0.000109 0.000402 -0.000427 1.000000
16.561137438 0.004767 0.000357 0.000806 -0.000127 0.000487 -0.000443 1.000000
16.912770510 0.004858 0.000657 0.001289 -0.000155 0.000482 -0.000487 1.000000
17.265010595 0.005167 0.000744 0.000841 -0.000100 0.000509 -0.000553 1.000000
17.622919321 0.004763 0.000423 0.000699 -0.000236 0.000599 -0.000679 1.000000
17.979490757 0.004538 0.000450 -0.000133 -0.000196 0.000585 -0.000714 1.000000
18.336465597 0.004884 0.000240 0.000746 -0.000340 0.000649 -0.000629 1.000000
18.689190626 0.005250 0.000586 0.000733 -0.000210 0.000551 -0.000543 1.000000
19.039698362 0.005131 0.000638 0.000544 -0.000208 0.000593 -0.000677 1.000000
19.392509460 0.005167 0.000575 0.000645 -0.000237 0.000630 -0.000731 1.000000
19.749219179 0.005573 0.000675 0.000676 -0.000225 0.000590 -0.000720 1.000000
20.102838993 0.005583 0.000399 0.000060 -0.000241 0.000594 -0.000682 1.000000
20.466886282 0.005326 0.000557 0.000454 -0.000249 0.000731 -0.000665 1.000000
20.830054522 0.005776 0.000792 0.000000 -0.000225 0.000591 -0.000723 1.000000
21.179946899 0.006091 0.000655 0.000341 -0.000208 0.000619 -0.000651 1.000000
21.530029058 0.006160 0.001104 0.001026 -0.000189 0.000654 -0.000881 0.999999
21.874140739 0.006095 0.001001 0.001343 -0.000230 0.000733 -0.000716 0.999999
22.219185114 0.006390 0.000856 0.001020 -0.000282 0.000673 -0.000698 1.000000
22.565051079 0.006165 0.000909 0.000711 -0.000215 0.000711 -0.000742 0.999999
22.911193132 0.006469 0.000973 0.001046 -0.000274 0.000644 -0.000680 1.000000
23.254202366 0.006421 0.000330 -0.000234 -0.000334 0.000679 -0.000749 0.999999
23.604112864 0.006544 0.000813 0.000684 -0.000312 0.000750 -0.000880 0.999999
23.951018572 0.006721 0.000441 0.000087 -0.000372 0.000811 -0.000745 0.999999
24.300550938 0.006791 0.000796 0.001057 -0.000332 0.000802 -0.000903 0.999999
24.649335384 0.006942 0.000858 0.001350 -0.000294 0.000811 -0.000860 0.999999
24.996750116 0.007084 0.001080 0.001621 -0.000375 0.000842 -0.000878 0.999999
25.348642588 0.007608 0.001414 0.001757 -0.000275 0.000749 -0.000843 0.999999
25.694396973 0.007806 0.001250 0.001672 -0.000310 0.000760 -0.000828 0.999999
26.038719177 0.007565 0.001082 0.001321 -0.000378 0.000905 -0.000926 0.999999
26.386191130 0.007831 0.001161 0.001271 -0.000376 0.000746 -0.000879 0.999999
26.732031584 0.007754 0.000994 0.001232 -0.000434 0.000892 -0.000871 0.999999
27.080050468 0.007862 0.001221 0.002028 -0.000430 0.000971 -0.000861 0.999999
27.430171490 0.007942 0.001484 0.001597 -0.000297 0.001006 -0.000914 0.999999
27.772474766 0.008098 0.001256 0.001312 -0.000338 0.001004 -0.000863 0.999999
28.125652552 0.008259 0.001573 0.001919 -0.000347 0.001006 -0.000907 0.999999
28.478820324 0.008376 0.001249 0.001284 -0.000366 0.000955 -0.000879 0.999999
28.847046375 0.008200 0.001207 0.001416 -0.000381 0.001015 -0.000842 0.999999
29.204705238 0.008632 0.001485 0.001862 -0.000401 0.000997 -0.000948 0.999999
29.559331179 0.008750 0.001305 0.001581 -0.000387 0.001034 -0.000938 0.999999
29.901371479 0.008977 0.001260 0.001613 -0.000424 0.001078 -0.000964 0.999999
30.247720480 0.009706 0.001923 0.002258 -0.000209 0.000964 -0.000878 0.999999
30.592593908 0.009624 0.001484 0.002021 -0.000303 0.001014 -0.000767 0.999999
30.938836336 0.009434 0.001443 0.001619 -0.000421 0.001081 -0.001035 0.999999
31.307134628 0.009452 0.001293 0.001201 -0.000402 0.001132 -0.001033 0.999999
31.660224199 0.009425 0.001593 0.001919 -0.000367 0.001161 -0.000970 0.999999
32.007753372 0.009746 0.001440 0.001337 -0.000394 0.001063 -0.000914 0.999999
32.360677242 0.009913 0.002002 0.002434 -0.000292 0.001127 -0.000921 0.999999
32.709263802 0.009869 0.001891 0.001887 -0.000240 0.001170 -0.000809 0.999999
33.066735744 0.010020 0.001527 0.001582 -0.000373 0.001182 -0.000910 0.999999
33.433461666 0.009779 0.001397 0.001216 -0.000340 0.001257 -0.000862 0.999999
33.796006441 0.010024 0.001740 0.001787 -0.000312 0.001275 -0.000781 0.999999
34.152119398 0.010546 0.001770 0.001668 -0.000300 0.001157 -0.000849 0.999999
34.499495268 0.010572 0.001179 0.001326 -0.000450 0.001144 -0.000817 0.999999
34.849448681 0.010493 0.001489 0.001625 -0.000433 0.001235 -0.000888 0.999999
35.205433846 0.010854 0.001434 0.001039 -0.000384 0.001203 -0.000684 0.999999
35.563537121 0.010695 0.001543 0.001505 -0.000439 0.001275 -0.000893 0.999999
35.913086414 0.010734 0.001302 0.001582 -0.000508 0.001315 -0.000911 0.999999
36.267670393 0.011222 0.001574 0.001650 -0.000465 0.001283 -0.000857 0.999999
36.623184204 0.011127 0.001329 0.001359 -0.000491 0.001269 -0.000852 0.999999
36.980618000 0.011096 0.001213 0.001038 -0.000483 0.001248 -0.000876 0.999999
37.340335369 0.011520 0.001694 0.002103 -0.000494 0.001266 -0.000918 0.999999
37.701690912 0.011093 0.001669 0.001829 -0.000444 0.001363 -0.001052 0.999998
38.056920290 0.011297 0.001727 0.001565 -0.000498 0.001354 -0.001005 0.999998
38.413333178 0.011156 0.001237 0.000921 -0.000684 0.001458 -0.001168 0.999998
38.766641617 0.011030 0.001217 0.000989 -0.000630 0.001457 -0.001073 0.999998
39.120727539 0.011329 0.001599 0.001523 -0.000529 0.001488 -0.001063 0.999998
39.480407953 0.011495 0.001443 0.001397 -0.000612 0.001504 -0.001100 0.999998
39.832405329 0.011584 0.001550 0.001770 -0.000654 0.001483 -0.000983 0.999998
40.188085079 0.012025 0.001770 0.001882 -0.000634 0.001415 -0.001016 0.999998
40.541448832 0.012141 0.001900 0.002658 -0.000609 0.001390 -0.000978 0.999998
40.894073009 0.012018 0.001563 0.001737 -0.000661 0.001414 -0.000941 0.999998
41.249692917 0.012370 0.001934 0.001596 -0.000552 0.001504 -0.000976 0.999998
41.607337952 0.012263 0.001674 0.001347 -0.000631 0.001491 -0.001003 0.999998
41.961400986 0.012571 0.001618 0.001453 -0.000511 0.001436 -0.000806 0.999999
42.318211317 0.012663 0.001481 0.001245 -0.000571 0.001434 -0.000926 0.999998
42.675402164 0.012726 0.001815 0.001847 -0.000466 0.001520 -0.000918 0.999998
43.025298357 0.012919 0.001544 0.001697 -0.000531 0.001481 -0.000971 0.999998
43.374679327 0.012933 0.001506 0.001581 -0.000573 0.001493 -0.000972 0.999998
43.724030018 0.012685 0.001595 0.001108 -0.000501 0.001631 -0.000949 0.999998
44.076778173 0.012779 0.001884 0.002219 -0.000503 0.001658 -0.001040 0.999998
44.432398081 0.012812 0.001673 0.001377 -0.000447 0.001567 -0.000861 0.999998
44.785435677 0.013329 0.001670 0.001738 -0.000415 0.001604 -0.000638 0.999998
45.139892101 0.013461 0.001862 0.002019 -0.000446 0.001629 -0.000841 0.999998
45.497974396 0.013783 0.001769 0.002036 -0.000497 0.001584 -0.000857 0.999998
45.855840921 0.013805 0.001802 0.002285 -0.000410 0.001578 -0.000709 0.999998
46.212757349 0.013655 0.001756 0.001683 -0.000440 0.001597 -0.000844 0.999998
46.570490360 0.013578 0.001661 0.001503 -0.000468 0.001651 -0.000787 0.999998
46.934054613 0.013737 0.001528 0.001494 -0.000515 0.001778 -0.000783 0.999998
47.294947147 0.013945 0.001377 0.001858 -0.000468 0.001754 -0.000727 0.999998
47.652722359 0.014224 0.001774 0.002020 -0.000332 0.001748 -0.000650 0.999998
48.012037754 0.014641 0.001632 0.001727 -0.000368 0.001648 -0.000678 0.999998
48.374100447 0.014633 0.002150 0.002668 -0.000278 0.001771 -0.000648 0.999998
48.729982138 0.014955 0.001767 0.002220 -0.000369 0.001729 -0.000686 0.999998
49.079070807 0.014272 0.001614 0.002048 -0.000392 0.001862 -0.000768 0.999998
49.434993505 0.014500 0.001597 0.001895 -0.000322 0.001947 -0.000833 0.999998
49.793773651 0.014621 0.001779 0.002048 -0.000321 0.001898 -0.000890 0.999998
50.148035765 0.014675 0.001784 0.002141 -0.000335 0.001999 -0.000773 0.999998
50.497561455 0.015008 0.001913 0.002581 -0.000293 0.001898 -0.000800 0.999998
50.850043774 0.015070 0.002043 0.002245 -0.000268 0.002001 -0.000708 0.999998
51.209830284 0.014901 0.001753 0.001769 -0.000303 0.002058 -0.000818 0.999997
51.564814329 0.015516 0.001558 0.001955 -0.000340 0.002002 -0.000622 0.999998
51.918293476 0.015587 0.001824 0.002207 -0.000361 0.002016 -0.000662 0.999998
52.276658535 0.015400 0.001412 0.001650 -0.000405 0.002061 -0.000762 0.999998
52.637639284 0.015350 0.002114 0.002941 -0.000301 0.002167 -0.000915 0.999997
52.995736361 0.015472 0.001679 0.001657 -0.000254 0.002140 -0.000746 0.999997
53.349889040 0.015693 0.002022 0.002457 -0.000244 0.002264 -0.000836 0.999997
53.704647779 0.015808 0.001645 0.001583 -0.000282 0.002256 -0.000752 0.999997
54.057745218 0.015912 0.001868 0.001630 -0.000230 0.002263 -0.000709 0.999997
54.413751841 0.016249 0.001766 0.001891 -0.000176 0.002244 -0.000628 0.999997
54.767636061 0.015848 0.001751 0.001832 -0.000248 0.002313 -0.000719 0.999997
55.123229980 0.016500 0.001760 0.002049 -0.000168 0.002269 -0.000701 0.999997
55.478809118 0.016159 0.001833 0.001556 -0.000236 0.002412 -0.000756 0.999997
55.832338333 0.016433 0.001991 0.002172 -0.000160 0.002386 -0.000702 0.999997
56.187175274 0.016380 0.001666 0.002346 -0.000266 0.002453 -0.000773 0.999997
56.534372091 0.016754 0.001881 0.002129 -0.000215 0.002359 -0.000713 0.999997
56.883138180 0.016421 0.001839 0.002064 -0.000231 0.002444 -0.000799 0.999997
57.235704899 0.017028 0.001700 0.001626 -0.000216 0.002374 -0.000748 0.999997
57.584765434 0.016822 0.001485 0.001565 -0.000243 0.002490 -0.000767 0.999997
57.938527822 0.017005 0.001415 0.001507 -0.000282 0.002509 -0.000795 0.999996
58.290898561 0.016938 0.001591 0.001368 -0.000224 0.002512 -0.000890 0.999996
58.641094208 0.017240 0.001440 0.001617 -0.000273 0.002486 -0.000856 0.999996
58.993776083 0.017357 0.001448 0.001666 -0.000339 0.002588 -0.000822 0.999996
59.348283529 0.017371 0.001605 0.001970 -0.000290 0.002560 -0.000849 0.999996
59.701892853 0.017267 0.001906 0.002236 -0.000183 0.002632 -0.000722 0.999996
60.053286552 0.017628 0.001736 0.002145 -0.000212 0.002626 -0.000797 0.999996
60.405287504 0.017805 0.001729 0.002220 -0.000285 0.002610 -0.000782 0.999996
60.758653641 0.017853 0.001737 0.001885 -0.000239 0.002685 -0.000856 0.999996
61.107973576 0.017960 0.001400 0.001961 -0.000293 0.002727 -0.000646 0.999996
61.453933001 0.017813 0.001405 0.001429 -0.000355 0.002708 -0.000812 0.999996
61.802342892 0.018237 0.001692 0.001812 -0.000277 0.002659 -0.000681 0.999996
62.154389381 0.018166 0.001600 0.001807 -0.000296 0.002750 -0.000713 0.999996
62.504677534 0.018345 0.001631 0.002406 -0.000337 0.002740 -0.000677 0.999996
62.861068726 0.018245 0.001557 0.002155 -0.000331 0.002873 -0.000624 0.999996
63.213767052 0.018558 0.001415 0.001743 -0.000327 0.002815 -0.000745 0.999996
63.567425251 0.018894 0.001875 0.002864 -0.000283 0.002791 -0.000732 0.999996
63.918012619 0.018939 0.001552 0.002286 -0.000275 0.002853 -0.000685 0.999996
64.268562078 0.019083 0.002028 0.003223 -0.000198 0.002957 -0.000732 0.999995
64.620749474 0.019011 0.001589 0.001850 -0.000275 0.002994 -0.000777 0.999995
64.973943710 0.019127 0.001460 0.001921 -0.000357 0.002934 -0.000712 0.999995
65.324687243 0.019138 0.001746 0.002563 -0.000307 0.003059 -0.000718 0.999995
65.677720308 0.019552 0.002065 0.003298 -0.000207 0.002957 -0.000659 0.999995
66.033357859 0.019685 0.001941 0.003069 -0.000288 0.002955 -0.000666 0.999995
66.382590294 0.019388 0.001504 0.001900 -0.000312 0.003129 -0.000655 0.999995
66.737254143 0.019804 0.002278 0.003230 -0.000173 0.003066 -0.000728 0.999995
67.087461710 0.019845 0.001784 0.003230 -0.000341 0.003074 -0.000699 0.999995
67.440452576 0.019941 0.001637 0.002553 -0.000386 0.003057 -0.000661 0.999995
67.793908358 0.020524 0.002205 0.003814 -0.000256 0.003028 -0.000694 0.999995
68.148528576 0.020301 0.002056 0.003099 -0.000199 0.003115 -0.000692 0.999995
68.504610062 0.019971 0.001526 0.002578 -0.000308 0.003252 -0.000824 0.999994
68.856855154 0.020207 0.001252 0.002422 -0.000480 0.003293 -0.000747 0.999994
69.210478783 0.020425 0.001598 0.002004 -0.000304 0.003254 -0.000657 0.999994
69.567445993 0.020417 0.001682 0.002297 -0.000385 0.003362 -0.000781 0.999994
69.920360804 0.020529 0.001648 0.002608 -0.000297 0.003245 -0.000602 0.999995
70.271512032 0.020723 0.002258 0.003644 -0.000193 0.003388 -0.000564 0.999994
70.632663488 0.020816 0.002080 0.003260 -0.000231 0.003400 -0.000670 0.999994
70.987514734 0.021074 0.002015 0.002600 -0.000262 0.003327 -0.000627 0.999994
71.342243910 0.021311 0.001934 0.002873 -0.000198 0.003402 -0.000576 0.999994
71.698386669 0.021136 0.002049 0.003154 -0.000226 0.003404 -0.000636 0.999994
72.051841021 0.021384 0.002059 0.003659 -0.000231 0.003559 -0.000566 0.999994
72.407988310 0.021268 0.002125 0.003362 -0.000197 0.003550 -0.000800 0.999993
72.766021967 0.021813 0.002252 0.003954 -0.000247 0.003529 -0.000505 0.999994
73.120403528 0.021674 0.001901 0.003300 -0.000234 0.003594 -0.000650 0.999993
73.475035906 0.021958 0.001893 0.003462 -0.000303 0.003576 -0.000660 0.999993
73.830479145 0.021793 0.001735 0.002900 -0.000321 0.003638 -0.000750 0.999993
74.183718920 0.022017 0.001831 0.003436 -0.000358 0.003648 -0.000594 0.999993
74.543666124 0.022298 0.001924 0.003681 -0.000318 0.003549 -0.000575 0.999994
74.903044939 0.022109 0.001750 0.003501 -0.000323 0.003748 -0.000541 0.999993
75.261004686 0.022344 0.001678 0.003381 -0.000371 0.003672 -0.000658 0.999993
75.612485886 0.022361 0.001783 0.003098 -0.000290 0.003726 -0.000662 0.999993
75.965749741 0.022700 0.001787 0.003273 -0.000298 0.003722 -0.000722 0.999993
76.321078539 0.022613 0.001624 0.002828 -0.000290 0.003719 -0.000577 0.999993
76.674993515 0.022636 0.001510 0.002375 -0.000383 0.003839 -0.000570 0.999992
77.027812958 0.023275 0.001793 0.003050 -0.000284 0.003709 -0.000524 0.999993
77.380484104 0.022920 0.001546 0.002936 -0.000373 0.003813 -0.000618 0.999992
77.737084627 0.023252 0.002246 0.004440 -0.000241 0.003793 -0.000447 0.999993
78.088584423 0.023370 0.002133 0.004086 -0.000275 0.003894 -0.000519 0.999992
78.444583893 0.023613 0.002065 0.003725 -0.000201 0.003835 -0.000278 0.999993
78.797477961 0.023516 0.001860 0.003242 -0.000289 0.004000 -0.000552 0.999992
79.151243448 0.023356 0.002184 0.003553 -0.000252 0.003964 -0.000692 0.999992
79.505904675 0.023482 0.002330 0.004058 -0.000190 0.004058 -0.000537 0.999992
79.862645388 0.023196 0.002281 0.003396 -0.000168 0.004127 -0.000534 0.999991
80.229734421 0.023633 0.001746 0.002577 -0.000269 0.004081 -0.000464 0.999992
80.585945368 0.023576 0.001844 0.002841 -0.000310 0.004160 -0.000385 0.999991
80.941846132 0.023995 0.001872 0.002751 -0.000257 0.004116 -0.000378 0.999991
81.298561811 0.024141 0.001975 0.003388 -0.000322 0.004127 -0.000393 0.999991
81.654882431 0.024569 0.001999 0.003581 -0.000260 0.004075 -0.000553 0.999992
82.004716635 0.024393 0.002025 0.003417 -0.000289 0.004224 -0.000518 0.999991
82.357529163 0.024452 0.001912 0.003468 -0.000294 0.004315 -0.000457 0.999991
82.705985546 0.024447 0.002170 0.003662 -0.000279 0.004376 -0.000437 0.999990
83.059616089 0.024653 0.001794 0.003671 -0.000410 0.004340 -0.000518 0.999990
83.415961027 0.024736 0.001997 0.003927 -0.000397 0.004370 -0.000482 0.999990
83.774376392 0.025097 0.002291 0.003690 -0.000311 0.004250 -0.000424 0.999991
84.132676125 0.025289 0.002212 0.004652 -0.000332 0.004312 -0.000345 0.999991
84.484862566 0.025377 0.001905 0.004580 -0.000406 0.004390 -0.000337 0.999990
84.836999655 0.025695 0.002194 0.004671 -0.000384 0.004400 -0.000316 0.999990
85.185878515 0.025768 0.002184 0.004248 -0.000395 0.004439 -0.000319 0.999990
85.533509493 0.025883 0.001928 0.004108 -0.000399 0.004477 -0.000329 0.999990
85.881369591 0.025970 0.002258 0.004793 -0.000366 0.004490 -0.000127 0.999990
86.230354309 0.025685 0.002035 0.003891 -0.000457 0.004553 -0.000354 0.999989
86.577099562 0.026735 0.002401 0.004102 -0.000350 0.004565 -0.000110 0.999990
86.923662186 0.026077 0.002132 0.004844 -0.000427 0.004707 -0.000460 0.999989
87.266520500 0.026135 0.002049 0.004401 -0.000430 0.004789 -0.000369 0.999988
87.611230373 0.026347 0.002234 0.004441 -0.000391 0.004795 -0.000274 0.999988
87.956238747 0.026702 0.002602 0.004693 -0.000365 0.004756 -0.000381 0.999989
88.297052145 0.026509 0.002198 0.003989 -0.000397 0.004767 -0.000310 0.999989
88.641620874 0.026912 0.002342 0.004441 -0.000438 0.004714 -0.000220 0.999989
88.987766743 0.026998 0.002319 0.004322 -0.000486 0.004813 -0.000324 0.999988
89.341530800 0.026790 0.002177 0.003530 -0.000455 0.004851 -0.000307 0.999988
89.694362640 0.026985 0.001960 0.003813 -0.000521 0.004878 -0.000335 0.999988
90.047953129 0.027274 0.002430 0.004660 -0.000478 0.004922 -0.000261 0.999988
90.394653320 0.027324 0.002519 0.004277 -0.000492 0.005011 -0.000453 0.999987
90.741602421 0.027505 0.002742 0.005192 -0.000462 0.004929 -0.000312 0.999988
91.092645407 0.028100 0.002974 0.005528 -0.000474 0.004958 -0.000168 0.999988
91.442137957 0.028277 0.002703 0.004994 -0.000554 0.004933 -0.000259 0.999988
91.791279793 0.027830 0.002515 0.004769 -0.000584 0.005083 -0.000413 0.999987
92.138061285 0.027972 0.002671 0.005009 -0.000656 0.005131 -0.000347 0.999987
92.488245726 0.028095 0.002576 0.005254 -0.000614 0.005284 -0.000357 0.999986
92.836024046 0.028007 0.002515 0.004748 -0.000638 0.005265 -0.000476 0.999986
93.182067871 0.027962 0.002219 0.004414 -0.000692 0.005345 -0.000413 0.999985
93.532125711 0.028464 0.003039 0.005737 -0.000561 0.005381 -0.000334 0.999985
93.882079363 0.028527 0.003014 0.005675 -0.000586 0.005410 -0.000341 0.999985
94.229411602 0.028945 0.003076 0.005426 -0.000607 0.005445 -0.000199 0.999985
94.573083878 0.028718 0.002651 0.005098 -0.000716 0.005509 -0.000372 0.999985
94.925625086 0.028654 0.002562 0.004791 -0.000689 0.005596 -0.000370 0.999984
95.273248672 0.028455 0.002272 0.004746 -0.000719 0.005675 -0.000441 0.999984
95.621696234 0.028741 0.002914 0.005654 -0.000718 0.005687 -0.000470 0.999983
95.968490124 0.028775 0.002609 0.005119 -0.000730 0.005704 -0.000428 0.999983
96.315367937 0.029010 0.002529 0.004680 -0.000728 0.005756 -0.000352 0.999983
96.663674831 0.029467 0.002730 0.005402 -0.000692 0.005726 -0.000280 0.999983
97.010876179 0.029620 0.002779 0.004998 -0.000757 0.005682 -0.000322 0.999984
97.359068632 0.030098 0.002891 0.005200 -0.000713 0.005722 -0.000272 0.999983
97.715984821 0.030223 0.002786 0.004964 -0.000733 0.005776 -0.000248 0.999983
98.070677996 0.030628 0.002692 0.004984 -0.000751 0.005708 -0.000031 0.999983
98.425201416 0.030301 0.002662 0.004663 -0.000759 0.005756 -0.000235 0.999983
98.781169415 0.030668 0.002915 0.005462 -0.000732 0.005873 -0.000240 0.999982
99.127419472 0.030780 0.002846 0.005573 -0.000841 0.005985 -0.000374 0.999982
99.476787806 0.030881 0.002784 0.005727 -0.000830 0.006097 -0.000454 0.999981
99.829006672 0.031081 0.002345 0.004965 -0.000969 0.006023 -0.000456 0.999981
100.173823118 0.031584 0.002778 0.005522 -0.000873 0.006080 -0.000408 0.999981
100.521243811 0.031304 0.002839 0.005873 -0.000849 0.006235 -0.000412 0.999980
100.872104406 0.031533 0.002581 0.005043 -0.000891 0.006192 -0.000390 0.999980
101.221509695 0.031888 0.002786 0.006162 -0.000921 0.006314 -0.000466 0.999980
101.568918705 0.031767 0.003072 0.006153 -0.000879 0.006361 -0.000407 0.999979
101.921093464 0.032101 0.002508 0.005279 -0.000907 0.006349 -0.000315 0.999979
102.271106005 0.032704 0.001784 0.007022 -0.000294 0.006253 0.000211 0.999980
102.528860807 0.034240 -0.001332 0.015809 0.002950 0.006360 0.002408 0.999973
102.757096529 0.037828 -0.009007 0.031035 0.007656 0.008191 0.003793 0.999930
102.975889683 0.043291 -0.013064 0.048965 0.011566 0.011444 0.003095 0.999863
103.192428827 0.049839 -0.015074 0.068731 0.014255 0.014578 0.002385 0.999789
103.417212009 0.048490 -0.014967 0.089819 0.014941 0.014713 0.002995 0.999776
103.639036894 0.047035 -0.012979 0.109807 0.014543 0.013064 -0.000216 0.999809
103.855050325 0.047193 -0.009490 0.133764 0.013485 0.011200 -0.004169 0.999838
104.066902399 0.048720 -0.005819 0.155414 0.011161 0.011387 -0.008832 0.999834
104.280092001 0.053545 -0.004445 0.178434 0.008361 0.012499 -0.013967 0.999789
104.491994143 0.055733 -0.002330 0.203363 0.005600 0.013950 -0.018743 0.999711
104.706712484 0.058641 0.000602 0.227449 0.002591 0.015076 -0.022342 0.999633
104.927559853 0.061595 0.004367 0.252168 0.000343 0.015454 -0.025967 0.999543
105.145057678 0.064827 0.003423 0.276222 -0.000214 0.014453 -0.027635 0.999514
105.364683390 0.068214 0.000556 0.297520 0.000743 0.012444 -0.026261 0.999577
105.577716112 0.068144 -0.006119 0.313595 -0.001643 0.014063 -0.030901 0.999422
105.791851521 0.068105 -0.009006 0.333672 -0.003087 0.015371 -0.031767 0.999372
106.016234636 0.053821 -0.016988 0.331229 -0.003935 0.026710 -0.029927 0.999187
106.247542381 0.059868 -0.016044 0.351129 0.000958 0.036545 -0.026386 0.998983
106.463320494 0.066150 -0.024987 0.363948 0.003806 0.049191 -0.039589 0.997997
106.688514233 0.070874 -0.028786 0.378906 0.007980 0.061719 -0.041024 0.997218
106.913387775 0.078578 -0.025890 0.398461 0.012048 0.071067 -0.030915 0.996920
107.140482664 0.086112 -0.025632 0.419013 0.013964 0.073926 -0.028054 0.996771
107.358986139 0.095295 -0.026378 0.436846 0.015744 0.072535 -0.022401 0.996990
107.578354836 0.093559 -0.035334 0.454913 0.015266 0.068381 -0.019867 0.997345
107.798971891 0.085513 -0.035968 0.491764 0.013870 0.063127 -0.025594 0.997581
108.021675348 0.084503 -0.029335 0.520875 0.012894 0.060625 -0.023183 0.997808
108.244929314 0.087303 -0.026561 0.542895 0.010929 0.063456 -0.022262 0.997676
108.470903635 0.095931 -0.029247 0.566671 0.009684 0.065321 -0.018547 0.997645
108.693261147 0.107408 -0.030690 0.590990 0.008446 0.067927 -0.017361 0.997504
108.918021202 0.120241 -0.029251 0.626225 0.008835 0.072341 -0.011902 0.997270
109.140024900 0.127587 -0.035445 0.655953 0.007834 0.078296 -0.013472 0.996808
109.362737179 0.139197 -0.038225 0.680621 0.006700 0.080623 -0.015231 0.996606
109.584290028 0.148600 -0.036768 0.718779 0.006276 0.079124 -0.015994 0.996717
109.803518057 0.159053 -0.039501 0.733573 0.005222 0.073117 -0.014342 0.997207
110.022188187 0.162649 -0.037428 0.765476 0.005224 0.065264 -0.010705 0.997797
110.243116140 0.164099 -0.046464 0.784602 0.003372 0.054692 -0.012633 0.998418
110.468302965 0.172511 -0.047683 0.816969 0.003544 0.045720 -0.011746 0.998879
110.690008402 0.179041 -0.047554 0.841172 0.005750 0.038089 -0.013207 0.999171
110.909646511 0.184294 -0.049075 0.865043 0.009718 0.029718 -0.017009 0.999366
111.123786211 0.188193 -0.049187 0.884227 0.016161 0.019903 -0.019012 0.999491
111.336053133 0.191744 -0.054745 0.891410 0.025079 0.009260 -0.019284 0.999457
111.544100523 0.205489 -0.060585 0.939799 0.032054 0.005994 -0.014847 0.999358
111.749928236 0.206659 -0.071131 0.943461 0.036782 0.007589 -0.010030 0.999244
111.952521324 0.207924 -0.072662 0.969191 0.040464 0.011815 -0.012440 0.999034
112.159280300 0.223567 -0.073766 0.993976 0.043032 0.017851 -0.017717 0.998757
112.363036156 0.234647 -0.084302 1.024733 0.044223 0.026906 -0.017203 0.998511
112.566839695 0.243488 -0.071808 1.054035 0.048295 0.030353 -0.013958 0.998274
112.776973963 0.253436 -0.072667 1.078934 0.048868 0.032260 -0.011618 0.998217
112.978456736 0.255623 -0.075878 1.079089 0.048765 0.032848 -0.008266 0.998236
113.181257725 0.266369 -0.079302 1.104035 0.048449 0.031353 -0.009639 0.998287
113.380694628 0.261966 -0.075682 1.114474 0.047299 0.030444 -0.011683 0.998348
113.582696199 0.278847 -0.081638 1.139304 0.044667 0.030745 -0.012955 0.998445
113.786813974 0.270820 -0.079240 1.174676 0.041609 0.035532 -0.014368 0.998399
113.987051487 0.281003 -0.080177 1.191414 0.037843 0.036889 -0.012184 0.998528
114.188751698 0.284216 -0.077830 1.207476 0.034092 0.037354 -0.006417 0.998700
114.393039227 0.294413 -0.076715 1.230720 0.030073 0.037782 -0.004320 0.998824
114.601422548 0.295979 -0.072627 1.270375 0.026983 0.039580 -0.005532 0.998837
114.808221817 0.311721 -0.080443 1.277914 0.024487 0.037241 -0.001123 0.999006
115.018868923 0.316002 -0.088513 1.291982 0.022261 0.036345 0.003758 0.999084
115.225744963 0.318349 -0.089160 1.306770 0.020244 0.035767 0.005283 0.999141
115.434152603 0.323207 -0.093302 1.319258 0.019973 0.032420 0.007824 0.999244
115.641159296 0.332690 -0.086505 1.341193 0.020855 0.026511 0.007961 0.999399
115.846658945 0.332446 -0.088199 1.368153 0.020883 0.018092 0.007227 0.999592
116.049014568 0.341656 -0.087930 1.385754 0.020787 0.006544 0.011021 0.999702
116.259818792 0.347906 -0.092810 1.401564 0.021512 -0.006138 0.017986 0.999588
116.467521906 0.360612 -0.097158 1.440903 0.023681 -0.022525 0.015283 0.999349
116.677543163 0.366161 -0.095906 1.461690 0.024809 -0.036418 0.008592 0.998992
116.894001484 0.372649 -0.096506 1.480339 0.025646 -0.046350 0.006700 0.998574
117.106132746 0.378934 -0.097192 1.504388 0.025174 -0.050430 0.009256 0.998367
117.319360256 0.385779 -0.094606 1.529716 0.023696 -0.049378 0.009881 0.998450
117.532646656 0.393562 -0.092214 1.553466 0.021607 -0.045791 0.012310 0.998642
117.747428179 0.398684 -0.089781 1.581026 0.018890 -0.041929 0.012870 0.998859
117.961140633 0.401826 -0.090042 1.600946 0.015498 -0.040597 0.010838 0.998997
118.177966356 0.407135 -0.087443 1.626750 0.012075 -0.042152 0.014407 0.998934
118.392860651 0.412710 -0.086576 1.653030 0.007990 -0.044618 0.016069 0.998843
118.606740236 0.417096 -0.086634 1.677377 0.004162 -0.046237 0.018188 0.998756
118.828456640 0.420446 -0.087691 1.701546 0.000548 -0.048223 0.022595 0.998581
119.047524214 0.422357 -0.088294 1.723956 -0.002768 -0.049189 0.026321 0.998439
119.267577410 0.426096 -0.087958 1.746505 -0.005252 -0.052233 0.026579 0.998267
119.492231369 0.427624 -0.088031 1.770241 -0.006767 -0.055828 0.024707 0.998112
119.717733383 0.429314 -0.087550 1.791918 -0.006874 -0.060680 0.024277 0.997838
119.943701982 0.430647 -0.087641 1.813022 -0.005870 -0.066002 0.021368 0.997573
120.168891668 0.431798 -0.088417 1.834574 -0.003792 -0.071149 0.019182 0.997274
120.391261816 0.433380 -0.090805 1.855419 -0.000975 -0.074970 0.018823 0.997008
120.609998703 0.436096 -0.091324 1.875133 0.001161 -0.075822 0.016598 0.996983
120.829937696 0.438866 -0.090758 1.895418 0.004045 -0.076124 0.013241 0.997002
121.053325176 0.440524 -0.090770 1.915340 0.008369 -0.077736 0.008399 0.996904
121.274314642 0.442697 -0.095119 1.936212 0.012500 -0.079687 0.008611 0.996704
121.491895437 0.445051 -0.099459 1.955205 0.015360 -0.079163 0.010406 0.996689
121.704775095 0.447188 -0.101849 1.978086 0.016914 -0.077542 0.012429 0.996768
121.919551373 0.449910 -0.105517 1.998187 0.016919 -0.076092 0.014777 0.996848
122.135607004 0.452061 -0.105781 2.020753 0.016754 -0.075153 0.016591 0.996893
122.350982189 0.454379 -0.104351 2.041732 0.016366 -0.074932 0.015420 0.996935
122.565013647 0.455107 -0.103867 2.063931 0.014801 -0.074367 0.016724 0.996981
122.778573036 0.454516 -0.102027 2.087043 0.013204 -0.074473 0.017844 0.996976
122.998679638 0.455827 -0.100714 2.108558 0.011441 -0.074866 0.018563 0.996955
123.213838339 0.456752 -0.099897 2.130692 0.009553 -0.075555 0.019832 0.996899
123.431902647 0.457943 -0.099555 2.149947 0.007237 -0.075661 0.020535 0.996896
123.648435116 0.460525 -0.099629 2.172408 0.006740 -0.076023 0.016602 0.996945
123.865200281 0.461535 -0.099268 2.194458 0.006429 -0.076524 0.013430 0.996957
124.083520412 0.461639 -0.098961 2.216954 0.006932 -0.078585 0.008879 0.996844
124.298192978 0.461851 -0.100784 2.235288 0.007803 -0.080662 0.008601 0.996674
124.514969349 0.461592 -0.101970 2.256038 0.009245 -0.081535 0.008144 0.996594
124.731133699 0.461469 -0.103629 2.276526 0.011524 -0.082308 0.008375 0.996505
124.953867912 0.462822 -0.106717 2.295982 0.014124 -0.083706 0.008617 0.996353
125.162991285 0.463808 -0.109529 2.315325 0.017469 -0.084751 0.008047 0.996217
125.373486519 0.465589 -0.112595 2.334095 0.020246 -0.084890 0.008532 0.996148
125.583389759 0.466594 -0.114199 2.354435 0.023080 -0.083803 0.004777 0.996204
125.792046785 0.469522 -0.116540 2.375717 0.024776 -0.082469 0.002917 0.996281
125.998481750 0.470536 -0.116189 2.395597 0.025717 -0.080350 0.002005 0.996433
126.206372023 0.470794 -0.114545 2.415718 0.025295 -0.078212 0.002158 0.996614
126.414046288 0.472992 -0.112876 2.440225 0.024162 -0.078518 0.001113 0.996619
126.623014688 0.473986 -0.109575 2.463246 0.022783 -0.077945 -0.003337 0.996692
126.835547686 0.475696 -0.107822 2.487659 0.019729 -0.076757 -0.001800 0.996853
127.051893711 0.479082 -0.105446 2.512601 0.015373 -0.075347 -0.001758 0.997037
127.274439335 0.480035 -0.102612 2.536080 0.011459 -0.074395 -0.004827 0.997151
127.490439415 0.481150 -0.099321 2.562790 0.007784 -0.074132 -0.007150 0.997192
127.706940174 0.481960 -0.094101 2.588182 0.004760 -0.074044 -0.011401 0.997178
127.928737640 0.482146 -0.089140 2.614337 0.002644 -0.074087 -0.018333 0.997080
128.148923874 0.481380 -0.087324 2.639406 0.001150 -0.074940 -0.019290 0.997001
128.372220755 0.479363 -0.088470 2.661067 0.000999 -0.077104 -0.019426 0.996833
128.596405506 0.478532 -0.089938 2.680810 0.001129 -0.078777 -0.019536 0.996700
128.817405939 0.477304 -0.090355 2.699530 0.002120 -0.079747 -0.020806 0.996596
129.039661407 0.477097 -0.092543 2.719625 0.004269 -0.081372 -0.022241 0.996427
129.264756441 0.476393 -0.096433 2.737503 0.006685 -0.081619 -0.023308 0.996369
129.486011982 0.476571 -0.098503 2.755583 0.009078 -0.081558 -0.024535 0.996325
129.711189032 0.474748 -0.100710 2.775336 0.011139 -0.081464 -0.023045 0.996348
129.929291725 0.473056 -0.103241 2.794366 0.013016 -0.081174 -0.024982 0.996302
130.140039206 0.472161 -0.104484 2.814065 0.014693 -0.082020 -0.027620 0.996140
130.350861549 0.468964 -0.106024 2.835178 0.016275 -0.081936 -0.029743 0.996061
130.563890696 0.469017 -0.107688 2.853945 0.016641 -0.081182 -0.027992 0.996167
130.778351307 0.469288 -0.109069 2.874555 0.016340 -0.081002 -0.024412 0.996281
130.990867138 0.468110 -0.108645 2.897464 0.015612 -0.082690 -0.022595 0.996197
131.203392506 0.466526 -0.108771 2.921149 0.013832 -0.088515 -0.020721 0.995763
131.417133093 0.463843 -0.107027 2.946553 0.011170 -0.096170 -0.013211 0.995215
131.630331278 0.461206 -0.105837 2.971268 0.007813 -0.105618 -0.007814 0.994345
131.846992254 0.459677 -0.103995 2.995763 0.003741 -0.112964 -0.007770 0.993562
132.064699888 0.459130 -0.099639 3.021374 -0.000706 -0.115873 -0.008226 0.993230
132.293702841 0.457994 -0.094764 3.045978 -0.004436 -0.117661 -0.012788 0.992962
132.522753239 0.456663 -0.094951 3.066757 -0.005600 -0.121685 -0.012682 0.992472
132.746575832 0.454903 -0.096277 3.090236 -0.003782 -0.126227 -0.012061 0.991921
132.971255541 0.453557 -0.098214 3.109375 -0.000570 -0.131574 -0.013047 0.991220
133.192557096 0.451660 -0.099663 3.129466 0.004545 -0.136679 -0.014276 0.990502
133.413721800 0.452272 -0.103746 3.147437 0.008319 -0.139758 -0.010300 0.990097
133.639488459 0.452300 -0.107215 3.166621 0.010667 -0.139930 -0.006389 0.990083
133.861031532 0.450833 -0.109923 3.186065 0.012826 -0.142774 -0.002692 0.989669
134.076249838 0.449394 -0.112549 3.206303 0.013779 -0.147834 -0.000789 0.988916
134.295786142 0.448788 -0.115054 3.225241 0.014186 -0.149811 0.003561 0.988607
134.511190176 0.446603 -0.115679 3.245798 0.014200 -0.149628 0.006264 0.988621
134.725022078 0.444461 -0.114734 3.267314 0.014207 -0.148684 0.004258 0.988774
134.941153526 0.441631 -0.114036 3.288787 0.013855 -0.148590 0.004063 0.988794
135.155954838 0.437986 -0.113040 3.311182 0.013858 -0.148316 0.002503 0.988840
135.372082472 0.435246 -0.110617 3.332263 0.013854 -0.147677 -0.001404 0.988938
135.593723297 0.431753 -0.108718 3.353666 0.013545 -0.147112 -0.005665 0.989011
135.817161322 0.426953 -0.110302 3.372583 0.011651 -0.146582 -0.005656 0.989114
136.036855936 0.422138 -0.110132 3.394001 0.010286 -0.146758 -0.003754 0.989112
136.252708673 0.419067 -0.110281 3.415153 0.008820 -0.147139 -0.000316 0.989077
136.474226475 0.416387 -0.112534 3.434211 0.009881 -0.151678 0.000017 0.988381
136.693856716 0.411717 -0.116551 3.453202 0.012192 -0.160559 -0.003359 0.986945
136.911693573 0.406663 -0.121210 3.470005 0.014349 -0.171391 -0.006789 0.985075
137.133805752 0.400877 -0.124049 3.488990 0.015775 -0.180746 -0.007634 0.983374
137.358711958 0.396701 -0.127283 3.505363 0.017032 -0.182043 -0.005433 0.983128
137.596105814 0.391218 -0.126904 3.524397 0.018628 -0.181499 -0.004422 0.983205
137.821680307 0.385792 -0.128175 3.542696 0.019785 -0.180489 -0.005316 0.983364
138.044335604 0.381303 -0.129624 3.561357 0.021057 -0.180321 -0.006104 0.983363
138.255742073 0.375494 -0.129744 3.579667 0.022524 -0.179016 -0.008241 0.983554
138.470275402 0.370844 -0.128345 3.600764 0.023765 -0.178121 -0.010301 0.983668
138.682990551 0.366870 -0.126802 3.620667 0.025108 -0.177895 -0.010782 0.983670
138.898478985 0.363838 -0.130655 3.641228 0.027732 -0.176412 -0.007380 0.983898
139.111665010 0.363737 -0.139742 3.662164 0.031409 -0.171831 -0.002723 0.984622
139.322705984 0.365748 -0.143532 3.685703 0.035653 -0.166739 -0.002993 0.985352
139.534639120 0.366403 -0.146831 3.707323 0.039526 -0.162263 -0.004011 0.985947
139.749440193 0.366805 -0.147632 3.728535 0.042961 -0.157394 -0.007851 0.986570
139.973370790 0.365774 -0.149903 3.749501 0.043636 -0.154351 -0.006549 0.987030
140.194281816 0.363515 -0.151862 3.768990 0.043280 -0.153049 -0.005284 0.987256
140.415978670 0.361292 -0.152676 3.790571 0.041493 -0.151625 -0.004271 0.987558
140.629683018 0.359078 -0.153180 3.810110 0.039330 -0.150271 -0.004292 0.987853
140.840810537 0.357769 -0.152437 3.828790 0.037845 -0.149586 -0.005989 0.988006
141.050437927 0.353228 -0.151856 3.850141 0.035523 -0.148642 -0.009259 0.988210
141.264350653 0.347327 -0.150524 3.872434 0.033418 -0.147729 -0.009167 0.988421
141.483054876 0.344029 -0.151446 3.892851 0.031044 -0.148395 -0.005410 0.988426
141.695389986 0.341698 -0.154649 3.911564 0.030009 -0.148440 -0.003894 0.988458
141.912228823 0.340181 -0.156740 3.932854 0.029243 -0.149812 -0.003030 0.988277
142.128540039 0.338231 -0.158209 3.951605 0.029567 -0.151399 -0.003110 0.988026
142.351427078 0.334349 -0.160347 3.973332 0.029487 -0.152773 -0.000276 0.987821
142.566435337 0.331656 -0.162280 3.993627 0.029809 -0.153508 0.000392 0.987698
142.778504372 0.328821 -0.164116 4.012448 0.030221 -0.154046 0.000922 0.987601
142.993461132 0.326441 -0.164546 4.035284 0.030349 -0.153282 0.000632 0.987716
143.205689192 0.324890 -0.164240 4.055414 0.030311 -0.152313 -0.001749 0.987866
143.420989990 0.321221 -0.163191 4.077636 0.029129 -0.149722 -0.003219 0.988294
143.637446165 0.321524 -0.163148 4.096343 0.027412 -0.147385 -0.004440 0.988689
143.853784561 0.319152 -0.159488 4.118479 0.025575 -0.143895 -0.008167 0.989229
144.078935623 0.317166 -0.158225 4.139894 0.022617 -0.140756 -0.007474 0.989758
144.298374414 0.314321 -0.159361 4.161181 0.020610 -0.138664 -0.012347 0.990048
144.521070004 0.310786 -0.158445 4.182489 0.020020 -0.138208 -0.015749 0.990076
144.745513678 0.306835 -0.160194 4.202162 0.019944 -0.138288 -0.018445 0.990019
144.966584921 0.304200 -0.161235 4.221178 0.020543 -0.139688 -0.019694 0.989787
145.186903000 0.300214 -0.162035 4.240977 0.021541 -0.139653 -0.021583 0.989731
145.408225298 0.296378 -0.163256 4.260591 0.022090 -0.140070 -0.019994 0.989693
145.629439354 0.293490 -0.164516 4.280051 0.021940 -0.140406 -0.017119 0.989703
145.852759123 0.290208 -0.164793 4.301073 0.022871 -0.141243 -0.017169 0.989562
146.081036806 0.289006 -0.167200 4.320116 0.022822 -0.142637 -0.014619 0.989404
146.305474043 0.287243 -0.167511 4.339976 0.022240 -0.142298 -0.014706 0.989465
146.523677349 0.287060 -0.169020 4.360534 0.021156 -0.142021 -0.014522 0.989531
146.743964672 0.283821 -0.170789 4.381332 0.019464 -0.141089 -0.012283 0.989729
146.961334944 0.282232 -0.170735 4.402439 0.017616 -0.140447 -0.010310 0.989878
147.183084965 0.281533 -0.172384 4.423226 0.016619 -0.141254 -0.009062 0.989792
147.403628588 0.279572 -0.174077 4.443134 0.016229 -0.142397 -0.007928 0.989645
147.624480486 0.276590 -0.175664 4.463024 0.016793 -0.143894 -0.007319 0.989424
147.842575550 0.274679 -0.175858 4.482957 0.018125 -0.145664 -0.007423 0.989140
148.068612576 0.271442 -0.177547 4.502162 0.019209 -0.146031 -0.006833 0.989070
148.292954445 0.270193 -0.177842 4.523884 0.020896 -0.146964 -0.005577 0.988905
148.512549877 0.268468 -0.179173 4.544187 0.022451 -0.146222 -0.006311 0.988977
148.735488653 0.269024 -0.178380 4.567014 0.023679 -0.145256 -0.008025 0.989078
148.954429626 0.267962 -0.178530 4.587183 0.023799 -0.142289 -0.011927 0.989467
149.170351028 0.268268 -0.176521 4.609392 0.022886 -0.138444 -0.014344 0.990002
149.389861345 0.268757 -0.176695 4.632435 0.021257 -0.135663 -0.014631 0.990419
149.605588198 0.268987 -0.175072 4.655573 0.019292 -0.133631 -0.012360 0.990766
149.825156689 0.272041 -0.175612 4.678259 0.016074 -0.127631 -0.012137 0.991617
150.046019554 0.276208 -0.174121 4.702626 0.013567 -0.120350 -0.010841 0.992580
150.270449638 0.279285 -0.173578 4.726989 0.011162 -0.116910 -0.013062 0.992994
150.499455214 0.280245 -0.172733 4.750071 0.008783 -0.115697 -0.014373 0.993142
150.726535320 0.280091 -0.171648 4.773397 0.006443 -0.115620 -0.013681 0.993178
150.955784798 0.279312 -0.170639 4.795619 0.003895 -0.114568 -0.013998 0.993309
151.180711031 0.277801 -0.169615 4.818077 0.002277 -0.115027 -0.013826 0.993264
151.404175520 0.277610 -0.169956 4.839862 0.000629 -0.115788 -0.013510 0.993182
151.627443075 0.277448 -0.169265 4.861430 -0.000121 -0.117235 -0.014747 0.992995
151.856958151 0.276220 -0.168842 4.882384 -0.000009 -0.118525 -0.014815 0.992841
152.085032940 0.275178 -0.170379 4.903554 0.001096 -0.120013 -0.014041 0.992672
152.309548378 0.274545 -0.172595 4.923463 0.002306 -0.121404 -0.011107 0.992538
152.532653809 0.276378 -0.173671 4.945192 0.003050 -0.121701 -0.007465 0.992534
152.755701542 0.277973 -0.175306 4.966607 0.003677 -0.121027 -0.005801 0.992626
152.984508991 0.281434 -0.177733 4.989256 0.004996 -0.119491 -0.006034 0.992804
153.212460756 0.286153 -0.180276 5.011980 0.005384 -0.114646 -0.007277 0.993365
153.437384129 0.290147 -0.178615 5.035347 0.005346 -0.109856 -0.008419 0.993898
153.664445639 0.292093 -0.177826 5.059630 0.004704 -0.107177 -0.008874 0.994189
153.910366535 0.294480 -0.179301 5.082983 0.004724 -0.103092 -0.010114 0.994609
154.134551048 0.299826 -0.183165 5.107099 0.005297 -0.097410 -0.009788 0.995182
154.358243465 0.305995 -0.186926 5.130980 0.006812 -0.090301 -0.008443 0.995855
154.583291292 0.313068 -0.189633 5.154202 0.008482 -0.084848 -0.006153 0.996339
154.807351828 0.315323 -0.193702 5.177518 0.011202 -0.082933 -0.001606 0.996491
155.035113811 0.318640 -0.192085 5.200963 0.015387 -0.082759 -0.006753 0.996428
155.263652086 0.316903 -0.194230 5.217587 0.020308 -0.086052 -0.005878 0.996066
155.485933542 0.316842 -0.199610 5.241778 0.026376 -0.082641 -0.006021 0.996212
155.703358650 0.319657 -0.202575 5.271413 0.033060 -0.073627 -0.013001 0.996653
155.923875570 0.322600 -0.203581 5.293436 0.035905 -0.068247 -0.016700 0.996882
156.139718056 0.327112 -0.203862 5.315071 0.036625 -0.064939 -0.015988 0.997089
156.356042862 0.328701 -0.201850 5.339330 0.036535 -0.060349 -0.015257 0.997392
156.571968079 0.333749 -0.203608 5.361209 0.036122 -0.055034 -0.017507 0.997677
156.788546562 0.342228 -0.207911 5.383769 0.036979 -0.047103 -0.014651 0.998098
157.009555578 0.351157 -0.211028 5.404740 0.038421 -0.040894 -0.012482 0.998347
157.225512743 0.356818 -0.215575 5.423185 0.040458 -0.040104 -0.013685 0.998282
157.441574097 0.359500 -0.217133 5.443968 0.042262 -0.039964 -0.015671 0.998184
157.665816784 0.362375 -0.218785 5.463180 0.043612 -0.039594 -0.013582 0.998171
157.888975382 0.364083 -0.222586 5.483349 0.043873 -0.038984 -0.011264 0.998213
158.105751514 0.366643 -0.225583 5.502645 0.043650 -0.038578 -0.011162 0.998239
158.320946932 0.368584 -0.227258 5.522938 0.043284 -0.037940 -0.009068 0.998301
158.536024332 0.371164 -0.229991 5.543332 0.042769 -0.038141 -0.007628 0.998328
158.753716230 0.374950 -0.230856 5.564779 0.042158 -0.037685 -0.007915 0.998369
158.971666574 0.379352 -0.236839 5.584596 0.040041 -0.043721 0.003657 0.998234
159.187570095 0.385146 -0.237277 5.601951 0.038221 -0.048817 0.003282 0.998071
159.399202585 0.391878 -0.234891 5.618745 0.037602 -0.053969 -0.006617 0.997813
159.619145393 0.396264 -0.234127 5.632723 0.039976 -0.060624 -0.014197 0.997259
159.850728989 0.396928 -0.237851 5.651175 0.042346 -0.066176 -0.017319 0.996759
160.076176405 0.397401 -0.239882 5.668044 0.045603 -0.068887 -0.018685 0.996406
160.302443027 0.398240 -0.242518 5.684205 0.048781 -0.069444 -0.022209 0.996145
160.529046059 0.397972 -0.245147 5.703451 0.051190 -0.068026 -0.023904 0.996083
160.752794266 0.398591 -0.245948 5.722515 0.053411 -0.066064 -0.027149 0.996015
160.975206375 0.398431 -0.247441 5.742787 0.054826 -0.064415 -0.028709 0.996002
161.197744370 0.397707 -0.250016 5.763582 0.054805 -0.063097 -0.030214 0.996043
161.412931681 0.397429 -0.250670 5.783101 0.054713 -0.062197 -0.031876 0.996053
161.623112202 0.396165 -0.250364 5.803053 0.053822 -0.061694 -0.033534 0.996079
161.839683533 0.395579 -0.247740 5.825332 0.052459 -0.062821 -0.033958 0.996067
162.059652328 0.393688 -0.249082 5.845293 0.048386 -0.063963 -0.029972 0.996328
162.270421743 0.393900 -0.249677 5.866729 0.043387 -0.064484 -0.026030 0.996635
162.485306978 0.394731 -0.250325 5.887640 0.039202 -0.065949 -0.026892 0.996690
162.704093456 0.392845 -0.248404 5.910974 0.035317 -0.067468 -0.029166 0.996670
162.928539038 0.390581 -0.248467 5.932770 0.032095 -0.069529 -0.029230 0.996635
163.149323702 0.388920 -0.248824 5.954653 0.029773 -0.071419 -0.027990 0.996609
163.370220661 0.387609 -0.249727 5.975789 0.028430 -0.072862 -0.027171 0.996567
163.597957134 0.387243 -0.251379 5.997135 0.028159 -0.075330 -0.026899 0.996398
163.829123020 0.386790 -0.252416 6.017525 0.029466 -0.077291 -0.026757 0.996214
164.060635090 0.386912 -0.254749 6.038611 0.031376 -0.078003 -0.028328 0.996056
164.293485165 0.386294 -0.256428 6.057147 0.033859 -0.077376 -0.031862 0.995917
164.527938128 0.385204 -0.257552 6.074200 0.036738 -0.077498 -0.037469 0.995611
164.760861397 0.382529 -0.259787 6.094918 0.039188 -0.077619 -0.036530 0.995543
164.993068933 0.381838 -0.263801 6.113431 0.041581 -0.077641 -0.035798 0.995470
165.226129532 0.381112 -0.267370 6.131362 0.044133 -0.077555 -0.039040 0.995245
165.454211473 0.379718 -0.271977 6.149467 0.046094 -0.077736 -0.041692 0.995035
165.681668758 0.378552 -0.273811 6.169890 0.048180 -0.077443 -0.043006 0.994903
165.908534527 0.376598 -0.275261 6.188460 0.049232 -0.076678 -0.043850 0.994874
166.127038956 0.375109 -0.275939 6.208203 0.049403 -0.076566 -0.045100 0.994818
166.346164942 0.373080 -0.276994 6.228137 0.048333 -0.076507 -0.045694 0.994848
166.565677166 0.373108 -0.276401 6.249210 0.045923 -0.076471 -0.046261 0.994939
166.782482862 0.373061 -0.275397 6.270706 0.042852 -0.076575 -0.045178 0.995118
167.001455784 0.372462 -0.273169 6.292488 0.039018 -0.076893 -0.046238 0.995202
167.218635082 0.370636 -0.270224 6.316050 0.034749 -0.076370 -0.045030 0.995456
167.440550327 0.370150 -0.270804 6.340372 0.031420 -0.076600 -0.042729 0.995650
167.663339615 0.369639 -0.271158 6.361112 0.028301 -0.076713 -0.039302 0.995876
167.890204191 0.369171 -0.271247 6.384308 0.027090 -0.077828 -0.035966 0.995950
168.122533321 0.368183 -0.272447 6.405636 0.027625 -0.080393 -0.035218 0.995758
168.351488352 0.367303 -0.275248 6.427495 0.028568 -0.082476 -0.034623 0.995582
168.580440760 0.367867 -0.277577 6.448670 0.029539 -0.082931 -0.032931 0.995573
168.818826437 0.367628 -0.281481 6.467930 0.029840 -0.081203 -0.035889 0.995604
169.062530279 0.367631 -0.283400 6.486852 0.030896 -0.078904 -0.038986 0.995640
169.302418947 0.366494 -0.286054 6.505570 0.032190 -0.078502 -0.039468 0.995612
169.551357031 0.364151 -0.287826 6.524388 0.033686 -0.077430 -0.042389 0.995526
169.793283463 0.362982 -0.288640 6.544196 0.035308 -0.075061 -0.049195 0.995339
170.030894756 0.362665 -0.291097 6.562715 0.036409 -0.072227 -0.052351 0.995348
170.264399290 0.361063 -0.294866 6.580342 0.037612 -0.071452 -0.051872 0.995384
170.498540640 0.359360 -0.297888 6.599408 0.039106 -0.071425 -0.050515 0.995398
170.729892731 0.358696 -0.300491 6.618587 0.040502 -0.071466 -0.047321 0.995496
170.957621098 0.358193 -0.302365 6.639249 0.042316 -0.070507 -0.046326 0.995536
171.184546232 0.357825 -0.306550 6.659716 0.044534 -0.070055 -0.047149 0.995433
171.419158459 0.356232 -0.308573 6.678665 0.046649 -0.069745 -0.048969 0.995270
171.649410963 0.353555 -0.312047 6.696081 0.048575 -0.069779 -0.050559 0.995096
171.878237009 0.350447 -0.315205 6.714866 0.049404 -0.070468 -0.049419 0.995063
172.099709988 0.349840 -0.316575 6.735146 0.049758 -0.070960 -0.046069 0.995172
172.320486069 0.349135 -0.317954 6.755237 0.049806 -0.071090 -0.042598 0.995315
172.538168192 0.349391 -0.318539 6.775458 0.049451 -0.071387 -0.040224 0.995410
172.759755373 0.349179 -0.318006 6.795695 0.048650 -0.072368 -0.039394 0.995412
172.981666088 0.348168 -0.319156 6.816590 0.047921 -0.074466 -0.034723 0.995466
173.201239109 0.347153 -0.321218 6.835863 0.047860 -0.076155 -0.030849 0.995469
173.426061869 0.347598 -0.328267 6.856349 0.047470 -0.077125 -0.024292 0.995594
173.643773317 0.349660 -0.331747 6.878874 0.047248 -0.076051 -0.018413 0.995814
173.861792803 0.351283 -0.331809 6.900635 0.047183 -0.076622 -0.011834 0.995873
174.086501360 0.352435 -0.334128 6.921884 0.047357 -0.077522 -0.011939 0.995794
174.317630053 0.353486 -0.336576 6.940656 0.046915 -0.078134 -0.013710 0.995744
174.548722267 0.352071 -0.337332 6.960495 0.047375 -0.077414 -0.016882 0.995730
174.777566671 0.350775 -0.341111 6.978069 0.047143 -0.076974 -0.019102 0.995735
175.008473635 0.348512 -0.344235 6.994880 0.046860 -0.076676 -0.021223 0.995728
175.241355181 0.347437 -0.344098 7.015206 0.047092 -0.076243 -0.022236 0.995728
175.473350525 0.346322 -0.345044 7.035146 0.046648 -0.075203 -0.025135 0.995759
175.705197573 0.346091 -0.347337 7.054412 0.046531 -0.074799 -0.026057 0.995772
175.939441442 0.346273 -0.349924 7.074716 0.045836 -0.074355 -0.025263 0.995858
176.166358232 0.346504 -0.351660 7.094146 0.044271 -0.073272 -0.025029 0.996015
176.386860371 0.347101 -0.352122 7.114043 0.043200 -0.072735 -0.022849 0.996153
176.604371309 0.350217 -0.362299 7.132801 0.044943 -0.073796 -0.013024 0.996175
176.820127010 0.352238 -0.371425 7.151239 0.048804 -0.075715 -0.006831 0.995911
177.032164574 0.355031 -0.379829 7.170343 0.053192 -0.078844 -0.001334 0.995466
177.245831490 0.357230 -0.387479 7.185916 0.057852 -0.079702 0.002800 0.995135
177.460569620 0.358542 -0.393051 7.204541 0.062149 -0.079250 0.003800 0.994908
177.676950932 0.360073 -0.397523 7.224334 0.066637 -0.078817 0.001683 0.994658
177.891482115 0.357639 -0.399975 7.243637 0.070597 -0.077497 -0.002246 0.994487
178.106886864 0.355745 -0.400811 7.262328 0.073561 -0.076245 -0.005643 0.994356
178.312539816 0.352890 -0.399439 7.282790 0.074788 -0.075146 -0.007999 0.994332
178.515916586 0.350198 -0.397810 7.303462 0.073811 -0.074530 -0.008441 0.994448
178.717442513 0.350240 -0.397989 7.325040 0.069936 -0.075010 -0.004165 0.994719
178.927137136 0.351110 -0.394699 7.346532 0.064577 -0.074624 -0.002391 0.995116
179.135998726 0.353502 -0.388269 7.370455 0.057709 -0.072495 -0.000643 0.995698
179.350824118 0.355678 -0.385322 7.395584 0.050910 -0.070270 -0.004129 0.996219
179.566575050 0.356940 -0.383846 7.420121 0.045832 -0.070375 -0.007554 0.996439
179.785797834 0.356510 -0.384371 7.442172 0.042162 -0.072044 -0.009194 0.996468
180.005972385 0.355865 -0.386001 7.464459 0.039065 -0.073771 -0.009208 0.996467
180.226034880 0.354858 -0.385571 7.486656 0.038001 -0.074272 -0.012419 0.996436
180.446801662 0.354385 -0.386585 7.506249 0.037802 -0.074861 -0.015681 0.996354
180.670235872 0.353471 -0.387488 7.525337 0.039051 -0.076376 -0.019024 0.996132
180.897972584 0.353144 -0.387777 7.545788 0.040619 -0.076180 -0.022009 0.996023
181.126222610 0.353244 -0.391546 7.563920 0.042219 -0.076865 -0.024155 0.995854
181.349269152 0.349198 -0.403263 7.577410 0.044088 -0.082033 -0.020143 0.995450
181.568701506 0.348609 -0.416348 7.586828 0.046339 -0.091225 -0.015367 0.994633
181.794820786 0.347527 -0.415664 7.598993 0.050558 -0.101631 -0.018587 0.993363
182.015238285 0.342920 -0.406823 7.610425 0.054633 -0.115006 -0.025131 0.991543
182.238402605 0.333350 -0.405976 7.616151 0.057527 -0.129652 -0.025947 0.989549
182.461307526 0.323870 -0.412309 7.626206 0.058019 -0.140068 -0.021072 0.988216
182.690124750 0.317187 -0.415884 7.637725 0.057326 -0.149259 -0.018132 0.986969
182.909004927 0.310164 -0.416187 7.653853 0.055710 -0.156215 -0.018037 0.985986
183.132194042 0.305117 -0.413406 7.669559 0.052877 -0.159854 -0.018478 0.985550
183.360637188 0.301596 -0.410389 7.689810 0.048701 -0.161179 -0.020157 0.985517
183.586124182 0.297498 -0.407911 7.710077 0.044421 -0.160998 -0.023889 0.985665
183.816777945 0.293625 -0.405992 7.731200 0.040477 -0.161483 -0.025183 0.985723
184.036991119 0.289809 -0.407832 7.750368 0.038127 -0.163321 -0.023627 0.985553
184.257878304 0.288173 -0.412134 7.768962 0.036709 -0.162344 -0.019608 0.985856
184.482778311 0.290958 -0.418922 7.789712 0.036740 -0.158367 -0.015200 0.986579
184.708930492 0.297726 -0.422940 7.809439 0.037834 -0.152400 -0.015117 0.987479
184.935797453 0.305163 -0.423974 7.831233 0.039600 -0.144387 -0.014453 0.988623
185.165072203 0.314248 -0.427837 7.850913 0.042455 -0.135429 -0.012170 0.989802
185.391020298 0.326357 -0.432086 7.869709 0.044997 -0.123436 -0.010683 0.991274
185.610075712 0.338825 -0.433982 7.889869 0.047217 -0.108746 -0.011256 0.992884
185.824096680 0.352699 -0.438051 7.909026 0.049708 -0.092660 -0.008370 0.994421
186.040981293 0.369867 -0.440364 7.930630 0.051690 -0.076905 -0.007180 0.995672
186.268291473 0.381146 -0.442760 7.950203 0.054179 -0.064953 -0.006787 0.996393
186.482865095 0.389685 -0.446059 7.971509 0.056663 -0.056372 -0.010741 0.996743
186.699566841 0.397493 -0.447280 7.994097 0.057582 -0.047278 -0.016938 0.997077
186.912237406 0.405597 -0.450502 8.015572 0.057068 -0.039800 -0.021736 0.997340
187.126310825 0.416155 -0.452081 8.034143 0.055097 -0.025526 -0.028878 0.997737
187.342732191 0.430982 -0.448956 8.052815 0.052258 -0.011827 -0.025680 0.998233
187.559503555 0.443901 -0.446955 8.074615 0.049030 -0.004336 -0.029938 0.998339
187.773364544 0.456396 -0.450404 8.093188 0.048419 -0.004747 -0.025054 0.998502
187.988942862 0.461109 -0.455008 8.107321 0.049088 -0.006952 -0.022996 0.998506
188.207961321 0.460084 -0.455377 8.132761 0.051631 -0.007424 -0.019412 0.998450
188.426723003 0.462048 -0.456106 8.155770 0.054718 -0.008174 -0.019630 0.998275
188.642332554 0.466949 -0.460123 8.176865 0.058111 -0.006175 -0.022607 0.998035
188.856177568 0.477236 -0.465229 8.196218 0.060808 -0.000534 -0.021761 0.997912
189.068262815 0.490320 -0.469902 8.213076 0.061819 0.008380 -0.022372 0.997801
189.276483536 0.505918 -0.470426 8.236694 0.062151 0.021007 -0.022429 0.997594
189.485617876 0.524826 -0.471638 8.257317 0.060529 0.037222 -0.022659 0.997215
189.701024771 0.545052 -0.471337 8.275196 0.057558 0.051931 -0.020994 0.996770
189.915460110 0.562198 -0.474143 8.291883 0.054045 0.061908 -0.022942 0.996354
190.130990505 0.572961 -0.474901 8.311658 0.051829 0.066916 -0.023106 0.996144
190.346547842 0.581063 -0.474773 8.332626 0.049516 0.069042 -0.023313 0.996111
190.566231489 0.588034 -0.475427 8.353589 0.046806 0.070768 -0.026875 0.996032
190.788500071 0.596205 -0.477764 8.374474 0.044697 0.074498 -0.028761 0.995804
191.010834694 0.605713 -0.484930 8.392910 0.044409 0.080956 -0.025068 0.995412
191.229986906 0.618151 -0.488750 8.411424 0.044435 0.086966 -0.022259 0.994971
191.454148769 0.625502 -0.491023 8.431697 0.045318 0.089198 -0.021398 0.994752
191.676575661 0.630418 -0.492896 8.450841 0.045931 0.090833 -0.025430 0.994481
191.898754120 0.636143 -0.494713 8.470565 0.047722 0.094767 -0.031130 0.993868
192.117925882 0.647170 -0.500233 8.489755 0.051076 0.102571 -0.029172 0.992985
192.335562706 0.661490 -0.506897 8.508999 0.053891 0.114156 -0.028974 0.991577
192.551699400 0.679402 -0.510645 8.527320 0.055165 0.128772 -0.030975 0.989654
192.766437054 0.699166 -0.511372 8.548996 0.055051 0.145312 -0.035060 0.987231
192.981707811 0.716658 -0.513144 8.565923 0.055028 0.161832 -0.036816 0.984595
193.193235874 0.735699 -0.514959 8.587153 0.054635 0.177833 -0.039705 0.981740
193.408280849 0.751873 -0.515145 8.603958 0.053787 0.193811 -0.043915 0.978579
193.623300076 0.768490 -0.519404 8.622149 0.054095 0.209826 -0.043041 0.975292
193.836131096 0.783056 -0.525563 8.637292 0.054756 0.225401 -0.041165 0.971855
194.051322460 0.800844 -0.526419 8.662549 0.056291 0.236755 -0.038348 0.969179
194.264997244 0.812125 -0.530682 8.677417 0.058122 0.239908 -0.038080 0.968306
194.479926825 0.818994 -0.535312 8.693776 0.060888 0.239921 -0.038552 0.968114
194.698002577 0.830161 -0.541199 8.710527 0.064922 0.240405 -0.036195 0.967823
194.909776211 0.842535 -0.550686 8.728454 0.069619 0.243892 -0.032414 0.966757
195.113242865 0.858887 -0.558033 8.745376 0.074190 0.249764 -0.031163 0.964957
195.318979740 0.875551 -0.560605 8.762087 0.078352 0.254303 -0.029103 0.963506
195.525835514 0.887678 -0.566115 8.774862 0.081317 0.254173 -0.025900 0.963386
195.728120089 0.900390 -0.568399 8.789846 0.081712 0.255446 -0.025437 0.963028
195.933756113 0.917880 -0.569930 8.805372 0.080412 0.260859 -0.025550 0.961683
196.132333517 0.935098 -0.572445 8.820053 0.077666 0.271214 -0.026490 0.959015
196.333967447 0.963654 -0.569136 8.837806 0.074560 0.285180 -0.027560 0.955172
196.538067341 0.991418 -0.566907 8.854283 0.068977 0.302466 -0.031558 0.950137
196.745854855 1.018079 -0.564889 8.871541 0.063310 0.317062 -0.033522 0.945695
196.954150677 1.039975 -0.565561 8.886234 0.060283 0.325177 -0.029616 0.943265
197.168307781 1.061665 -0.567481 8.904800 0.056600 0.333019 -0.031787 0.940683
197.377819300 1.082775 -0.572452 8.921857 0.054366 0.343182 -0.032554 0.937129
197.588192225 1.103337 -0.576630 8.936964 0.052971 0.351563 -0.030603 0.934163
197.793379784 1.123140 -0.580031 8.952937 0.051092 0.355991 -0.027516 0.932686
198.004516363 1.139853 -0.581926 8.968225 0.047906 0.358725 -0.026568 0.931835
198.209537268 1.157064 -0.583857 8.982943 0.044918 0.359030 -0.024871 0.931913
198.415970087 1.173761 -0.585304 9.000242 0.042787 0.358891 -0.023379 0.932105
198.621396780 1.190869 -0.587016 9.016332 0.041295 0.357953 -0.022453 0.932556
198.826405048 1.205878 -0.588953 9.033272 0.038667 0.358224 -0.025700 0.932481
199.029468536 1.222451 -0.590297 9.049685 0.035851 0.359433 -0.027746 0.932069
199.235182047 1.241620 -0.592877 9.066031 0.035406 0.362599 -0.026928 0.930883
199.443708181 1.263734 -0.598951 9.082203 0.037261 0.368369 -0.025211 0.928590
199.649328470 1.286913 -0.604874 9.096660 0.039820 0.376833 -0.023631 0.925123
199.854759693 1.314158 -0.606333 9.111135 0.041135 0.386393 -0.025066 0.921075
200.060581923 1.338870 -0.608838 9.125788 0.043425 0.392534 -0.023442 0.918413
200.265192747 1.362291 -0.611898 9.138440 0.045570 0.395993 -0.020179 0.916900
200.469227552 1.383832 -0.611563 9.150918 0.045096 0.400155 -0.019421 0.915131
200.668886423 1.409685 -0.612291 9.162725 0.043677 0.404160 -0.018024 0.913467
200.867219925 1.435553 -0.610813 9.175097 0.040119 0.408959 -0.018162 0.911489
201.072986126 1.460262 -0.607781 9.188199 0.036324 0.415060 -0.016241 0.908924
201.277908325 1.486271 -0.606462 9.199995 0.035149 0.419598 -0.007420 0.906999
201.488382101 1.514574 -0.606849 9.210199 0.032056 0.423941 -0.002169 0.905120
201.703652382 1.539910 -0.607311 9.220158 0.027328 0.428166 0.000468 0.903287
201.925510168 1.565192 -0.608874 9.229889 0.024018 0.431785 0.005734 0.901638
202.138667583 1.590348 -0.608758 9.242237 0.019834 0.435117 0.010185 0.900098
202.352762222 1.616187 -0.609767 9.253637 0.018355 0.437200 0.019575 0.898964
202.566037893 1.641433 -0.609788 9.264033 0.015765 0.438560 0.026410 0.898175
202.781227589 1.665455 -0.609998 9.275662 0.013045 0.439649 0.031208 0.897532
202.998087645 1.690835 -0.611275 9.287895 0.010553 0.440244 0.035593 0.897111
203.210766315 1.713506 -0.612836 9.298925 0.008092 0.441499 0.037876 0.896425
203.430562496 1.739540 -0.613642 9.310492 0.004714 0.444421 0.036349 0.895068
203.644605398 1.767421 -0.616629 9.323134 0.004912 0.446863 0.040389 0.893677
203.862585783 1.795236 -0.620036 9.335455 0.008272 0.448130 0.046768 0.892706
204.082585573 1.820372 -0.625055 9.346101 0.011686 0.449037 0.049507 0.892064
204.301250696 1.847287 -0.627410 9.357811 0.013901 0.449189 0.046133 0.892137
204.517086983 1.871616 -0.630280 9.370495 0.017099 0.448242 0.040588 0.892827
204.733030319 1.895447 -0.631617 9.382845 0.019376 0.446555 0.031187 0.894003
204.947798491 1.917900 -0.634984 9.397308 0.025078 0.443517 0.025578 0.895550
205.153309584 1.939794 -0.638368 9.411983 0.031070 0.440621 0.019791 0.896937
205.358724356 1.961670 -0.643528 9.426021 0.038475 0.437603 0.014554 0.898227
205.558367252 1.984220 -0.645735 9.437898 0.043979 0.436388 0.008196 0.898646
205.757281303 2.008384 -0.648709 9.451172 0.049685 0.436639 0.002439 0.898260
205.954706430 2.031512 -0.655869 9.460588 0.057502 0.437534 0.001828 0.897360
206.151063919 2.051520 -0.663321 9.467903 0.064725 0.438985 0.001532 0.896159
206.343694448 2.079857 -0.665540 9.478909 0.068473 0.442155 -0.001993 0.894319
206.537972212 2.106749 -0.669286 9.487172 0.072315 0.444913 -0.000361 0.892649
206.734527111 2.132561 -0.671864 9.497234 0.073459 0.447976 0.002042 0.891020
206.928781033 2.159448 -0.672746 9.504099 0.070628 0.452357 0.002402 0.889032
207.127727747 2.186947 -0.670334 9.513157 0.066663 0.458126 0.005695 0.886366
207.326297522 2.214544 -0.668104 9.522325 0.061532 0.463540 0.008961 0.883891
207.523567438 2.240804 -0.668562 9.535833 0.056743 0.466575 0.011548 0.882584
207.721529961 2.263009 -0.670002 9.548080 0.051886 0.467357 0.009643 0.882492
207.918350458 2.283510 -0.673290 9.560530 0.049738 0.464989 0.008151 0.883881
208.114859104 2.305158 -0.678999 9.575942 0.050691 0.459225 0.008008 0.886836
208.312729359 2.329325 -0.680128 9.593300 0.051198 0.453387 0.003572 0.889835
208.504327297 2.349334 -0.685232 9.607548 0.051716 0.447699 -0.006013 0.892667
208.703849077 2.373197 -0.691842 9.624233 0.056391 0.443046 -0.011766 0.894646
208.896934986 2.397544 -0.694946 9.638669 0.061986 0.441559 -0.017452 0.894919
209.095591307 2.417667 -0.702303 9.648100 0.069601 0.440670 -0.018846 0.894768
209.288431883 2.442800 -0.707396 9.661704 0.077611 0.439604 -0.016476 0.894681
209.480331659 2.464081 -0.713426 9.671324 0.083089 0.438216 -0.013212 0.894924
209.673552275 2.483789 -0.717961 9.679510 0.085317 0.439496 -0.012213 0.894100
209.863269329 2.498147 -0.721682 9.684031 0.085432 0.441979 -0.008914 0.892903
210.054800034 2.521796 -0.720239 9.693034 0.082901 0.445312 -0.006313 0.891507
210.248924255 2.546790 -0.715921 9.704304 0.077129 0.449502 -0.004975 0.889929
210.444637775 2.570554 -0.713036 9.715909 0.071020 0.452283 -0.000590 0.889042
210.636298656 2.591727 -0.709688 9.726444 0.063067 0.453827 0.001915 0.888853
210.828785181 2.614508 -0.704829 9.740786 0.052794 0.455089 0.001586 0.888878
211.028337955 2.638337 -0.699823 9.756593 0.043584 0.455801 0.002562 0.889010
211.224032879 2.661857 -0.699727 9.773572 0.035626 0.455068 0.004208 0.889734
211.423427343 2.686503 -0.700764 9.790824 0.028240 0.453991 0.003333 0.890552
211.622536898 2.708854 -0.701336 9.805454 0.023584 0.451610 0.003230 0.891898
211.825536489 2.730903 -0.702124 9.820838 0.021899 0.448947 0.005808 0.893271
212.029814005 2.752602 -0.706448 9.834370 0.021488 0.446163 0.007315 0.894664
212.235810757 2.776408 -0.707946 9.848181 0.022250 0.444188 0.011641 0.895582
212.437314034 2.798579 -0.710070 9.861497 0.022293 0.443229 0.014124 0.896020
212.637846708 2.821719 -0.710648 9.873897 0.023329 0.441761 0.017933 0.896650
212.839607954 2.844912 -0.710335 9.888044 0.021956 0.442028 0.020195 0.896505
213.045209408 2.869562 -0.708531 9.901718 0.020463 0.442505 0.021134 0.896283
213.246930838 2.892653 -0.708567 9.915180 0.019082 0.443713 0.024163 0.895640
213.448700428 2.917571 -0.708312 9.929703 0.018160 0.444030 0.025076 0.895477
213.649560452 2.942423 -0.708668 9.944523 0.018058 0.442867 0.023287 0.896103
213.852925777 2.966424 -0.712355 9.960010 0.019174 0.440752 0.019271 0.897217
214.057276487 2.987521 -0.715796 9.973923 0.020735 0.438657 0.013792 0.898309
214.259439230 3.011323 -0.719710 9.988663 0.024205 0.437800 0.011920 0.898668
214.465708494 3.033830 -0.721659 10.001664 0.026634 0.438832 0.010678 0.898111
214.668846369 3.056295 -0.722479 10.014487 0.028260 0.441435 0.010568 0.896786
214.869167805 3.082287 -0.722808 10.027650 0.026216 0.445314 0.007843 0.894957
215.076054096 3.107244 -0.720152 10.041391 0.023988 0.449190 0.008942 0.893070
215.276039839 3.130803 -0.717426 10.053740 0.019628 0.452020 0.011223 0.891721
215.477495193 3.156785 -0.714330 10.067274 0.016120 0.454042 0.018045 0.890652
215.678358555 3.182950 -0.711099 10.081654 0.012096 0.454939 0.025165 0.890085
215.881170988 3.209612 -0.708327 10.097263 0.009274 0.455343 0.032658 0.889669
216.087185621 3.237950 -0.706495 10.113708 0.006571 0.455074 0.037149 0.889654
216.293316364 3.265474 -0.706695 10.130238 0.004975 0.453114 0.039632 0.890557
216.506469965 3.294529 -0.707300 10.147036 0.004114 0.450329 0.040801 0.891921
216.713431597 3.324487 -0.707094 10.166170 0.004492 0.446554 0.042358 0.893742
216.920568228 3.353453 -0.705971 10.182723 0.007048 0.442527 0.046402 0.895526
217.129238367 3.384464 -0.704813 10.198793 0.005731 0.442145 0.045980 0.895746
217.329831839 3.415661 -0.703018 10.212287 0.001994 0.445609 0.044765 0.894106
217.536787033 3.450136 -0.694750 10.227747 -0.002395 0.450691 0.043786 0.891602
217.748066187 3.485642 -0.685605 10.242953 -0.007836 0.456305 0.043429 0.888728
217.959103107 3.519358 -0.685990 10.255457 -0.008148 0.460484 0.053451 0.886020
218.174055576 3.555463 -0.686468 10.268513 -0.007909 0.464605 0.063456 0.883206
218.412384987 3.589813 -0.684660 10.279471 -0.010631 0.468806 0.066932 0.880697
218.626325369 3.627458 -0.680591 10.291924 -0.016241 0.472234 0.061912 0.879147
218.837871552 3.666301 -0.674820 10.306425 -0.020283 0.473662 0.055816 0.878702
219.054196596 3.703363 -0.672772 10.322232 -0.019987 0.473742 0.054117 0.878772
219.269433022 3.742038 -0.670208 10.338722 -0.015526 0.473580 0.057629 0.878726
219.486311674 3.781867 -0.667061 10.353690 -0.010237 0.474014 0.062864 0.878211
219.701879978 3.823241 -0.664937 10.368454 -0.009096 0.475499 0.059804 0.877634
219.918071508 3.865868 -0.658551 10.382061 -0.010238 0.477074 0.051638 0.877285
220.140235662 3.906700 -0.654202 10.398241 -0.006154 0.477973 0.053206 0.876740
220.361260653 3.950096 -0.656755 10.412800 -0.001027 0.478498 0.056100 0.876294
220.578583479 3.991802 -0.656644 10.425203 -0.000627 0.479966 0.050376 0.875839
220.797114134 4.035370 -0.651703 10.439063 -0.002212 0.481190 0.040027 0.875699
221.014196634 4.074622 -0.653933 10.453676 -0.000102 0.480687 0.035578 0.876170
221.227501154 4.112981 -0.656922 10.469170 0.003625 0.478945 0.034158 0.877173
221.442311764 4.151955 -0.655373 10.485502 0.006378 0.477533 0.031802 0.878015
221.658566475 4.189303 -0.651183 10.500517 0.008766 0.476771 0.029942 0.878474
221.871881485 4.225395 -0.655221 10.516484 0.012189 0.476738 0.033603 0.878318
222.081954718 4.261851 -0.659398 10.530161 0.014704 0.477403 0.035969 0.877825
222.292577505 4.298318 -0.658228 10.542887 0.014475 0.478668 0.033156 0.877251
222.503568411 4.337359 -0.650594 10.557356 0.013724 0.480224 0.029358 0.876547
222.720191956 4.375987 -0.650381 10.571865 0.016221 0.480189 0.034065 0.876353
222.933164835 4.409323 -0.654029 10.583765 0.015329 0.481047 0.035031 0.875860
223.144156456 4.447312 -0.651434 10.596312 0.011871 0.483087 0.033432 0.874853
223.359139919 4.484076 -0.643417 10.607850 0.006401 0.487491 0.031753 0.872527
223.575273514 4.520480 -0.639555 10.620743 0.003731 0.492503 0.038161 0.869466
223.791960239 4.556412 -0.637035 10.631842 0.000185 0.498446 0.044477 0.865779
224.016908646 4.593504 -0.631954 10.645191 -0.003898 0.504363 0.050259 0.862019
224.228260279 4.628495 -0.629801 10.655577 -0.009178 0.510400 0.052264 0.858298
224.443478823 4.661763 -0.629646 10.666824 -0.012991 0.514829 0.053471 0.855525
224.658994436 4.697360 -0.627373 10.680228 -0.016047 0.518093 0.051243 0.853637
224.874270439 4.732189 -0.626899 10.694620 -0.019296 0.520248 0.045896 0.852563
225.091316462 4.766552 -0.625616 10.708638 -0.018382 0.521337 0.043615 0.852037
225.305997133 4.799612 -0.623487 10.722563 -0.015152 0.521862 0.041728 0.851874
225.530714750 4.834858 -0.621745 10.736871 -0.005917 0.521121 0.046783 0.852179
225.755161047 4.873049 -0.622674 10.751984 -0.000951 0.520065 0.046451 0.852862
225.974036932 4.910818 -0.623977 10.766582 0.000310 0.518878 0.043171 0.853757
226.189963102 4.949492 -0.621835 10.781560 0.002321 0.516377 0.042510 0.855303
226.406774998 4.985009 -0.618942 10.796746 0.007678 0.512759 0.048778 0.857111
226.626485348 5.020491 -0.618090 10.809658 0.007857 0.511807 0.049513 0.857636
226.842277765 5.060495 -0.615662 10.820148 0.003447 0.514047 0.045979 0.856522
227.063272476 5.099978 -0.607666 10.831060 -0.000919 0.518071 0.043517 0.854229
227.291658640 5.138604 -0.602873 10.840372 -0.004474 0.523706 0.045395 0.850677
227.513896465 5.176657 -0.601224 10.848644 -0.005165 0.529202 0.054054 0.846757
227.732321739 5.213652 -0.599563 10.856469 -0.005694 0.534055 0.063464 0.843045
227.951988459 5.248714 -0.596269 10.861733 -0.007173 0.538423 0.072074 0.839556
228.177090645 5.287450 -0.591041 10.868568 -0.007766 0.542646 0.081488 0.835963
228.397158384 5.325562 -0.588954 10.875202 -0.009263 0.545471 0.086452 0.833608
228.620668650 5.364079 -0.588751 10.884874 -0.007894 0.545437 0.090811 0.833180
228.846617460 5.404932 -0.584181 10.896227 -0.006945 0.543438 0.091899 0.834375
229.077819347 5.442682 -0.582835 10.907052 -0.007138 0.539093 0.086638 0.837748
229.301461458 5.479487 -0.588284 10.917616 -0.002635 0.531528 0.084404 0.842821
229.534484386 5.513309 -0.593467 10.925274 -0.000916 0.524813 0.075272 0.847882
229.756005287 5.551210 -0.591030 10.931471 0.001040 0.518369 0.063712 0.852780
229.978389978 5.584819 -0.589147 10.940113 0.011099 0.508626 0.063065 0.858603
230.204301119 5.618046 -0.593000 10.946087 0.021000 0.499411 0.056538 0.864263
230.420865536 5.652107 -0.598735 10.950237 0.030681 0.489860 0.044976 0.870099
230.637082338 5.683751 -0.600845 10.957686 0.044277 0.477797 0.037445 0.876554
230.851841688 5.714061 -0.607120 10.964251 0.063276 0.465516 0.040572 0.881842
231.067528725 5.742898 -0.619898 10.968094 0.077228 0.457808 0.039367 0.884815
231.278169632 5.772313 -0.631012 10.971224 0.087609 0.453720 0.037313 0.886042
231.484959364 5.805027 -0.636296 10.974314 0.095273 0.453034 0.035024 0.885696
231.691264629 5.842077 -0.635803 10.978821 0.098862 0.457004 0.030481 0.883428
231.894835472 5.879167 -0.635323 10.982363 0.099442 0.466475 0.028395 0.878468
232.101451159 5.916789 -0.635427 10.985005 0.098297 0.478705 0.030798 0.871912
232.299259663 5.953884 -0.631747 10.988085 0.095224 0.491885 0.033368 0.864794
232.503777504 5.989483 -0.630113 10.990052 0.088460 0.504596 0.034276 0.858127
232.712280512 6.027424 -0.622237 10.994825 0.079226 0.517520 0.032577 0.851373
232.928214312 6.061090 -0.619320 11.001118 0.072956 0.526767 0.036324 0.846094
233.140155554 6.092542 -0.621388 11.010742 0.068358 0.531816 0.039270 0.843182
233.353843212 6.123846 -0.623064 11.021591 0.062132 0.535460 0.035018 0.841544
233.566117525 6.156217 -0.622956 11.033314 0.055802 0.539508 0.027419 0.839682
233.780916929 6.189107 -0.623643 11.045488 0.052458 0.544451 0.022740 0.836842
233.995194197 6.221599 -0.627207 11.056570 0.053157 0.550802 0.022052 0.832650
234.202932596 6.253254 -0.630615 11.065535 0.055362 0.558532 0.022550 0.827326
234.416998863 6.284900 -0.634587 11.072643 0.058271 0.568470 0.021979 0.820343
234.630871296 6.313945 -0.641628 11.078656 0.062503 0.579003 0.021808 0.812633
234.843484640 6.344600 -0.646266 11.081329 0.064835 0.589975 0.019083 0.804588
235.054583073 6.374642 -0.650102 11.083378 0.066999 0.601141 0.018346 0.796118
235.264117241 6.404861 -0.653848 11.082217 0.067733 0.612600 0.018939 0.787258
235.470487833 6.436975 -0.655396 11.078772 0.068190 0.624165 0.022146 0.777996
235.679961205 6.469743 -0.654405 11.074209 0.065914 0.636165 0.023821 0.768363
235.894083738 6.502787 -0.650760 11.066605 0.059530 0.649094 0.022463 0.758043
236.105297089 6.539536 -0.649595 11.063173 0.057934 0.661589 0.025204 0.747200
236.317636490 6.572038 -0.652119 11.059848 0.058456 0.673843 0.027720 0.736037
236.527510643 6.602856 -0.654785 11.056631 0.058741 0.686353 0.027129 0.724385
236.736792803 6.635213 -0.655229 11.053214 0.059552 0.699183 0.025077 0.712017
236.945152521 6.665383 -0.660198 11.048502 0.064016 0.710679 0.025707 0.700126
237.148109913 6.694246 -0.662491 11.042280 0.065337 0.721390 0.023973 0.689023
237.353798866 6.717980 -0.664563 11.034469 0.066095 0.730530 0.022768 0.679293
237.558751106 6.754882 -0.667835 11.023594 0.066928 0.739188 0.023970 0.669737
237.762646675 6.784162 -0.667059 11.013648 0.064577 0.748318 0.023977 0.659754
237.966921329 6.813324 -0.664092 11.003494 0.061881 0.757913 0.024461 0.648953
238.169533968 6.841978 -0.663103 10.990039 0.059581 0.767277 0.026855 0.637977
238.374500990 6.874558 -0.663252 10.975492 0.060363 0.775759 0.031630 0.627339
238.576024771 6.904978 -0.663560 10.961742 0.059760 0.784087 0.034979 0.616776
238.779995203 6.935664 -0.661438 10.950191 0.058268 0.792819 0.036111 0.605590
238.987166405 6.966829 -0.663037 10.935978 0.059050 0.801315 0.038222 0.594093
239.193011999 6.993419 -0.664973 10.920170 0.061102 0.809641 0.041780 0.582240
239.395514011 7.021497 -0.663286 10.903787 0.060789 0.818521 0.044183 0.569540
239.601322651 7.056140 -0.655224 10.883255 0.056820 0.828027 0.044886 0.555992
239.807284832 7.077566 -0.654475 10.867573 0.055560 0.837200 0.047964 0.541949
240.013739586 7.102262 -0.649439 10.853875 0.052157 0.846623 0.047801 0.527469
240.223766804 7.133280 -0.640945 10.842318 0.046805 0.855898 0.044193 0.513122
240.433910370 7.162360 -0.645615 10.822236 0.045662 0.864393 0.043773 0.498823
240.643242359 7.190122 -0.646978 10.805994 0.046887 0.872382 0.043072 0.484660
240.849482536 7.215859 -0.648280 10.788803 0.048535 0.879755 0.042334 0.471045
241.058739424 7.238878 -0.649650 10.770554 0.049360 0.886061 0.042101 0.459006
241.274038315 7.260946 -0.651792 10.752906 0.050642 0.891670 0.042702 0.447814
241.477702618 7.281193 -0.652868 10.732384 0.051612 0.896883 0.043851 0.437052
241.678502560 7.303205 -0.650043 10.711205 0.047350 0.902833 0.042451 0.425263
241.880071640 7.322995 -0.649552 10.691251 0.046066 0.908753 0.042937 0.412556
242.085699797 7.341020 -0.649951 10.670828 0.045461 0.914976 0.044314 0.398483
242.285320282 7.362719 -0.644223 10.642137 0.041484 0.921144 0.043933 0.384505
242.488073587 7.382348 -0.642877 10.627257 0.036207 0.927666 0.043977 0.369041
242.690652132 7.399396 -0.636324 10.603407 0.029961 0.933582 0.043530 0.354447
242.892946959 7.422043 -0.635206 10.574160 0.027542 0.939186 0.044998 0.339333
243.099185944 7.442655 -0.628758 10.551958 0.025570 0.945281 0.044768 0.322159
243.304099798 7.461495 -0.626526 10.528453 0.026386 0.951097 0.046058 0.304298
243.506996870 7.479543 -0.625775 10.504164 0.026498 0.956379 0.047285 0.287056
243.712121487 7.496785 -0.622931 10.480688 0.023498 0.961209 0.047730 0.270643
243.920073032 7.514183 -0.617873 10.457728 0.019209 0.965735 0.047971 0.254332
244.136020422 7.528529 -0.616115 10.432606 0.017104 0.969840 0.049237 0.238104
244.342388868 7.544510 -0.612359 10.409174 0.015836 0.974007 0.050595 0.220227
244.548524618 7.557739 -0.606283 10.380901 0.012235 0.977783 0.051288 0.202878
244.759122372 7.571969 -0.604491 10.358786 0.012762 0.981224 0.053494 0.184863
244.971071720 7.584836 -0.597749 10.328603 0.013359 0.983844 0.055123 0.169809
245.182256460 7.595633 -0.597936 10.304863 0.015115 0.985944 0.059461 0.155405
245.398079872 7.606184 -0.591203 10.282581 0.013102 0.987821 0.062367 0.141943
245.609764576 7.617891 -0.589758 10.255198 0.010276 0.989513 0.066554 0.127784
245.830183506 7.626832 -0.584339 10.228514 0.011371 0.990908 0.069877 0.114407
246.044997454 7.641149 -0.589220 10.205617 0.013185 0.992135 0.073396 0.100539
246.264415503 7.653262 -0.580621 10.172585 0.011679 0.993710 0.072562 0.084489
246.482026577 7.658779 -0.579592 10.145926 0.012783 0.995400 0.070854 0.063211
246.702433348 7.663591 -0.578794 10.119191 0.012801 0.996711 0.068039 0.042112
246.918380737 7.667391 -0.577518 10.093989 0.013156 0.997662 0.063785 0.020734
247.136917830 7.672267 -0.577148 10.068571 -0.015965 -0.998094 -0.059596 0.001191
247.353503466 7.675155 -0.574822 10.045803 -0.011398 -0.998113 -0.056575 0.020958
247.570680857 7.675711 -0.571788 10.022508 -0.005321 -0.997787 -0.054572 0.037616
247.788624525 7.678240 -0.572267 9.998258 -0.004960 -0.997145 -0.054942 0.051560
248.005972385 7.684894 -0.569042 9.976854 -0.003272 -0.996633 -0.054491 0.061178
248.225433588 7.691843 -0.565136 9.954286 -0.000605 -0.996292 -0.055143 0.066038
248.444763660 7.698488 -0.559267 9.930201 -0.002414 -0.996305 -0.056236 0.064872
248.665334463 7.705512 -0.554779 9.907692 -0.006642 -0.996329 -0.058220 0.062405
248.893261194 7.707413 -0.557228 9.888230 -0.015397 -0.996354 -0.058779 0.059883
249.119040251 7.707613 -0.554049 9.871101 -0.016492 -0.996527 -0.057428 0.057996
249.341433525 7.704999 -0.556916 9.855005 -0.021776 -0.996547 -0.055931 0.057366
249.553717136 7.705409 -0.553708 9.832969 -0.026969 -0.996538 -0.050590 0.060213
249.775758266 7.700622 -0.557653 9.816092 -0.028867 -0.996645 -0.046333 0.060983
249.998074293 7.696039 -0.556119 9.796898 -0.026337 -0.996745 -0.042016 0.063561
250.220941305 7.694052 -0.556442 9.783881 -0.023709 -0.996616 -0.039355 0.068163
250.438192368 7.694695 -0.552789 9.764606 -0.018288 -0.996497 -0.038037 0.072196
250.656483173 7.688028 -0.552369 9.746415 -0.012594 -0.996436 -0.040313 0.073016
250.874540567 7.691613 -0.547027 9.725691 -0.007427 -0.996234 -0.043305 0.074756
251.093552828 7.685248 -0.539295 9.709352 -0.002647 -0.996331 -0.047802 0.070940
251.310406685 7.698380 -0.529025 9.684241 -0.003412 -0.996058 -0.053020 0.071030
251.529224873 7.709021 -0.523848 9.666506 -0.007010 -0.995711 -0.059398 0.070588
251.754427671 7.711457 -0.517625 9.639983 -0.010441 -0.995326 -0.065083 0.070578
251.981553793 7.710787 -0.511773 9.616993 -0.011957 -0.994888 -0.068667 0.073072
252.209840775 7.714457 -0.508562 9.599982 -0.006769 -0.994425 -0.071179 0.077503
252.441200495 7.709981 -0.506266 9.577690 -0.009171 -0.994480 -0.070072 0.077556
252.665900230 7.713024 -0.509791 9.559983 -0.010798 -0.994520 -0.067988 0.078688
252.889395475 7.708313 -0.509878 9.536426 -0.016619 -0.994819 -0.063074 0.077975
253.122349024 7.714129 -0.508776 9.516027 -0.013344 -0.994882 -0.058080 0.081598
253.356315613 7.719605 -0.510595 9.496343 -0.009375 -0.994984 -0.053065 0.084277
253.589339256 7.722121 -0.515806 9.480181 -0.008758 -0.995235 -0.047945 0.084454
253.816811085 7.726141 -0.521410 9.465671 -0.013330 -0.995785 -0.042339 0.080264
254.047602654 7.734321 -0.524703 9.454552 -0.014776 -0.996690 -0.038395 0.070123
254.268129349 7.741251 -0.533062 9.442788 -0.022206 -0.997252 -0.035130 0.061325
254.478616953 7.749147 -0.536117 9.425364 -0.034386 -0.997542 -0.032269 0.051839
254.696436644 7.756763 -0.539617 9.409310 -0.040142 -0.997850 -0.031510 0.041128
254.913356543 7.765587 -0.538709 9.393981 -0.041392 -0.998076 -0.032866 0.032423
255.135545254 7.777352 -0.529132 9.375789 -0.037053 -0.998390 -0.035483 0.024182
255.347495079 7.789238 -0.517324 9.358623 -0.025389 -0.998754 -0.038728 0.018624
255.566432238 7.795347 -0.512129 9.336110 -0.017932 -0.998737 -0.040602 0.023528
255.787700415 7.798494 -0.512129 9.312129 -0.017017 -0.998493 -0.039845 0.033682
256.004268408 7.804002 -0.506980 9.287850 -0.014187 -0.998211 -0.038478 0.043515
256.227825880 7.808722 -0.508178 9.266512 -0.013130 -0.997640 -0.036564 0.056613
256.442679882 7.807801 -0.507172 9.245184 -0.009406 -0.996811 -0.032484 0.072279
256.657833815 7.809822 -0.510589 9.223789 -0.004110 -0.995510 -0.027470 0.090489
256.871716976 7.810865 -0.508979 9.201885 0.000365 -0.993851 -0.020887 0.108736
257.091132879 7.809195 -0.512385 9.186719 0.007571 -0.992362 -0.015960 0.122085
257.310369015 7.811720 -0.516875 9.170539 0.013987 -0.991544 -0.010672 0.128571
257.528297901 7.813396 -0.521611 9.154826 0.015516 -0.991179 -0.005856 0.131489
257.747982264 7.818061 -0.524966 9.138322 0.014321 -0.990999 -0.000623 0.133101
257.974886656 7.821944 -0.528795 9.126424 0.012499 -0.991095 0.003390 0.132524
258.191348314 7.824544 -0.531030 9.111760 0.006305 -0.991395 0.007663 0.130530
258.410575867 7.828324 -0.531025 9.098110 0.000815 -0.991638 0.012566 0.128434
258.621730328 7.827502 -0.535680 9.083517 -0.004634 -0.991678 0.014193 0.127875
258.834215164 7.827645 -0.536853 9.071266 -0.008229 -0.991646 0.014817 0.127873
259.046444893 7.831947 -0.535084 9.052213 -0.009385 -0.991349 0.012394 0.130330
259.256658316 7.831430 -0.530692 9.033390 -0.012831 -0.990887 0.009777 0.133729
259.469327211 7.830147 -0.525599 9.015998 -0.013210 -0.990085 0.005321 0.139745
259.685907602 7.821968 -0.522635 9.002259 -0.013910 -0.988804 0.000770 0.148569
259.903892994 7.814719 -0.521040 8.985658 -0.014516 -0.986523 -0.001701 0.162967
260.111681223 7.807411 -0.521562 8.970321 -0.016041 -0.983562 -0.002316 0.179841
260.330642700 7.798673 -0.521063 8.953852 -0.014852 -0.980510 -0.001607 0.195899
260.557342291 7.795660 -0.518809 8.936384 -0.008775 -0.978476 -0.000127 0.206177
260.786912441 7.790420 -0.518921 8.922044 -0.005285 -0.977421 0.000980 0.211234
261.008744478 7.788627 -0.520124 8.911022 -0.004932 -0.976756 0.002242 0.214284
261.228511572 7.784945 -0.521041 8.893845 -0.005436 -0.976550 0.002953 0.215203
261.458127260 7.784450 -0.521097 8.877031 -0.009341 -0.976665 0.002612 0.214549
261.691392660 7.782423 -0.520511 8.864409 -0.012228 -0.977250 0.000623 0.211736
261.928900719 7.784240 -0.516805 8.846686 -0.012946 -0.977795 -0.002755 0.209146
262.162904978 7.784077 -0.513100 8.830161 -0.007319 -0.978417 -0.007257 0.206385
262.381872654 7.783997 -0.514965 8.816281 0.003685 -0.978958 -0.010395 0.203766
262.599627733 7.784918 -0.515943 8.798209 0.010786 -0.978963 -0.011663 0.203417
262.813406467 7.785841 -0.516857 8.776838 0.012513 -0.979322 -0.011699 0.201583
263.021718979 7.786656 -0.516218 8.757397 0.009972 -0.980339 -0.010369 0.196795
263.239595890 7.788679 -0.517532 8.740191 0.005148 -0.981364 -0.009565 0.191852
263.452439547 7.787689 -0.517180 8.719373 -0.004681 -0.982401 -0.007684 0.186568
263.665557384 7.784647 -0.517490 8.707383 -0.015349 -0.983329 -0.006545 0.181067
263.883737326 7.786841 -0.515897 8.688219 -0.020761 -0.984061 -0.008186 0.176427
264.103977680 7.787521 -0.511977 8.669502 -0.022700 -0.984989 -0.011850 0.170709
264.324409962 7.789230 -0.504478 8.651465 -0.022933 -0.985710 -0.017229 0.165994
264.544905424 7.791068 -0.498587 8.639592 -0.020300 -0.986336 -0.024210 0.161688
264.771777391 7.796598 -0.489612 8.617921 -0.015123 -0.987252 -0.032653 0.155045
264.988525152 7.807729 -0.486701 8.604597 -0.008545 -0.988423 -0.043430 0.145127
265.209316015 7.818570 -0.479575 8.583458 -0.003305 -0.989698 -0.052284 0.133241
265.440231562 7.827546 -0.473842 8.564283 -0.000432 -0.990302 -0.057030 0.126686
265.665957451 7.830316 -0.474630 8.548766 0.000345 -0.990260 -0.060498 0.125399
265.888720512 7.831214 -0.473900 8.529008 -0.001408 -0.989877 -0.062567 0.127385
266.109934807 7.827777 -0.464279 8.507112 -0.004940 -0.989794 -0.060953 0.128714
266.342107058 7.824567 -0.462225 8.484565 -0.008948 -0.989491 -0.060297 0.131116
266.578479290 7.826143 -0.461443 8.468222 -0.007890 -0.989427 -0.058020 0.132686
266.815559387 7.820484 -0.464076 8.452868 -0.007064 -0.989592 -0.055752 0.132478
267.047302246 7.820319 -0.461275 8.429044 -0.008250 -0.989671 -0.051196 0.133653
267.286090851 7.820802 -0.463915 8.411692 -0.011454 -0.989675 -0.047342 0.134801
267.519209862 7.815305 -0.466187 8.394659 -0.011704 -0.989876 -0.043554 0.134581
267.756345034 7.816378 -0.467191 8.376077 -0.010845 -0.989822 -0.039980 0.136150
267.993561268 7.812936 -0.467930 8.360834 -0.009806 -0.989841 -0.036506 0.137062
268.229536533 7.811051 -0.470199 8.343768 -0.006792 -0.989703 -0.034022 0.138866
268.462019205 7.810662 -0.472035 8.326378 -0.004852 -0.989499 -0.032148 0.140834
268.697255373 7.807848 -0.472266 8.309764 -0.002551 -0.989362 -0.029421 0.142443
268.929162741 7.806114 -0.474792 8.294009 -0.003714 -0.989046 -0.026471 0.145167
269.158272028 7.803176 -0.476656 8.278603 -0.004065 -0.988794 -0.023481 0.147370
269.387864351 7.800893 -0.476711 8.259501 -0.002884 -0.988547 -0.019519 0.149617
269.615093946 7.797010 -0.480336 8.245749 -0.001140 -0.988412 -0.016257 0.150920
269.843418360 7.794102 -0.483387 8.230350 -0.001075 -0.988228 -0.011820 0.152525
270.064779043 7.791984 -0.486108 8.215024 -0.001670 -0.988038 -0.006212 0.154074
270.288036585 7.792656 -0.489374 8.200612 -0.000526 -0.987714 0.000688 0.156271
270.512684822 7.791629 -0.495286 8.187184 -0.001333 -0.987562 0.008052 0.157016
270.730037689 7.794010 -0.500165 8.174181 0.001030 -0.987528 0.015745 0.156651
270.944746733 7.793006 -0.501597 8.157831 0.001994 -0.987521 0.023837 0.155659
271.158979177 7.796417 -0.507581 8.144110 0.005031 -0.987428 0.029349 0.155238
271.368743896 7.796317 -0.505182 8.132443 0.006901 -0.987561 0.036478 0.152791
271.574115753 7.794736 -0.514387 8.114785 0.009100 -0.987927 0.038088 0.149887
271.784353971 7.796723 -0.516602 8.098907 0.008341 -0.988373 0.041193 0.146123
271.988543749 7.799767 -0.518404 8.082196 0.006331 -0.989022 0.042694 0.141325
272.189122677 7.804020 -0.521432 8.066751 0.001269 -0.990003 0.042260 0.134561
272.387567043 7.808156 -0.519542 8.049629 -0.003239 -0.991206 0.041121 0.125738
272.589361429 7.816505 -0.516709 8.033308 -0.005227 -0.992793 0.037788 0.113607
272.781593561 7.829126 -0.513141 8.016470 -0.003967 -0.994632 0.032064 0.098303
272.979959249 7.842614 -0.508760 7.999615 -0.001594 -0.996405 0.024558 0.081068
273.194118023 7.855758 -0.501714 7.983812 0.001627 -0.997725 0.016594 0.065314
273.410039663 7.867289 -0.496366 7.962483 0.003954 -0.998186 0.011147 0.059029
273.625266314 7.867882 -0.496425 7.940790 0.003902 -0.998178 0.008035 0.059675
273.839006662 7.869503 -0.495002 7.920673 0.008123 -0.997902 0.006609 0.063898
274.055924416 7.871412 -0.497754 7.901547 0.009266 -0.997502 0.007766 0.069592
274.277504206 7.873994 -0.496181 7.883698 0.010368 -0.996955 0.011919 0.076368
274.497565985 7.874262 -0.500303 7.868024 0.014146 -0.996348 0.017319 0.082403
274.710230827 7.875438 -0.504478 7.854107 0.012534 -0.995761 0.023843 0.087949
274.926682711 7.874633 -0.510627 7.839934 0.003998 -0.995202 0.029281 0.093277
275.153124571 7.876814 -0.516269 7.828545 0.000029 -0.994661 0.032773 0.097856
275.368105650 7.875081 -0.519395 7.813195 0.001302 -0.994468 0.035923 0.098701
275.574416161 7.870591 -0.523126 7.800488 0.003454 -0.994446 0.038144 0.098036
275.779376745 7.872303 -0.525302 7.783097 0.003199 -0.994289 0.040439 0.098707
275.984304428 7.875060 -0.524597 7.766829 0.005267 -0.994285 0.041707 0.098134
276.190058231 7.881400 -0.525718 7.748942 0.008053 -0.994448 0.041116 0.096526
276.396304369 7.885648 -0.523899 7.732886 0.004673 -0.994828 0.040372 0.093089
276.601933479 7.891357 -0.522862 7.715607 0.005800 -0.995312 0.037151 0.089106
276.809638739 7.899202 -0.519069 7.697996 0.005640 -0.995868 0.033516 0.084210
277.020473957 7.905991 -0.518112 7.680936 0.001695 -0.996459 0.028569 0.079054
277.233478546 7.914762 -0.515826 7.662841 -0.003823 -0.996948 0.022833 0.074562
277.446935892 7.920968 -0.511019 7.644880 -0.002723 -0.997318 0.017064 0.071126
277.664638996 7.926083 -0.508864 7.624553 -0.003032 -0.997430 0.011509 0.070650
277.890370131 7.927941 -0.504729 7.606465 -0.005031 -0.997228 0.007675 0.073838
278.109792233 7.927970 -0.502374 7.586650 0.000504 -0.996917 0.004636 0.078326
278.330688953 7.929235 -0.502842 7.568413 0.003478 -0.996407 0.003180 0.084559
278.556022167 7.930569 -0.501414 7.547809 0.008236 -0.995730 0.003133 0.091891
278.777980804 7.930795 -0.502324 7.529890 0.015620 -0.994981 0.003924 0.098762
278.998594761 7.930130 -0.504297 7.513657 0.018389 -0.994063 0.005997 0.107074
279.216419220 7.929719 -0.506041 7.499314 0.022809 -0.992906 0.008893 0.116352
279.433499575 7.931416 -0.507574 7.484883 0.029443 -0.991806 0.012026 0.123731
279.648023844 7.934381 -0.510836 7.471684 0.032771 -0.990949 0.015716 0.129222
279.863608360 7.940345 -0.515766 7.457912 0.030394 -0.990753 0.019025 0.130854
280.075723886 7.947514 -0.520131 7.444610 0.024120 -0.990922 0.021449 0.130503
280.298536539 7.953823 -0.520366 7.434399 0.021893 -0.991527 0.022813 0.125993
280.520409346 7.964747 -0.518594 7.420698 0.020118 -0.992219 0.022038 0.120877
280.736317635 7.974373 -0.519006 7.409683 0.018354 -0.993107 0.019489 0.114112
280.947041512 7.981804 -0.516449 7.392758 0.017979 -0.993929 0.016473 0.107288
281.157319546 7.989641 -0.514733 7.374313 0.015649 -0.994543 0.012949 0.102327
281.370371819 7.994521 -0.513498 7.359371 0.012862 -0.994951 0.009467 0.099088
281.588550329 7.996530 -0.513364 7.346648 0.011077 -0.995144 0.006067 0.097619
281.806658983 7.999322 -0.513283 7.327173 0.011337 -0.994995 0.003218 0.099229
282.022735119 8.001987 -0.508489 7.307299 0.009515 -0.995016 0.002309 0.099235
282.241068840 8.005537 -0.504277 7.287798 0.005810 -0.995182 0.001012 0.097864
282.463071823 8.009176 -0.505486 7.269825 0.000787 -0.995361 -0.000113 0.096206
282.685679913 8.011467 -0.504964 7.246755 -0.003780 -0.995720 -0.001243 0.092337
282.928572893 8.013784 -0.506668 7.236339 -0.006269 -0.995851 -0.001453 0.090773
283.150846720 8.013063 -0.508467 7.215114 -0.008446 -0.995946 -0.001395 0.089546
283.398634195 8.016453 -0.508578 7.196029 -0.009907 -0.995973 -0.000800 0.089101
283.617503405 8.015957 -0.508856 7.180543 -0.010596 -0.996019 -0.000735 0.088504
283.834057570 8.016483 -0.516638 7.171603 -0.007777 -0.995998 -0.000496 0.089040
284.049628496 8.017906 -0.518855 7.154172 -0.008061 -0.995982 0.001261 0.089179
284.265703440 8.019979 -0.520588 7.137366 -0.009728 -0.995986 0.002802 0.088940
284.479817152 8.020028 -0.519304 7.120324 -0.011374 -0.996028 0.004778 0.088184
284.694664955 8.020769 -0.518687 7.102874 -0.010244 -0.996031 0.006002 0.088210
284.908946753 8.020802 -0.515310 7.085116 -0.007581 -0.996076 0.008208 0.087789
285.127205849 8.021780 -0.514394 7.066538 -0.008841 -0.996044 0.010648 0.087777
285.343954325 8.024406 -0.516411 7.048185 -0.014824 -0.995967 0.012263 0.087636
285.559068203 8.026728 -0.519381 7.033051 -0.012049 -0.996055 0.012987 0.086948
285.773293257 8.027726 -0.522271 7.014344 -0.011930 -0.996067 0.014306 0.086623
285.984090328 8.028284 -0.525797 6.999997 -0.013486 -0.996099 0.014598 0.085972
286.194839478 8.030100 -0.524430 6.980821 -0.015046 -0.996117 0.014792 0.085474
286.405639172 8.030226 -0.522350 6.961745 -0.014062 -0.996173 0.013787 0.085158
286.622035980 8.032622 -0.519903 6.942078 -0.011171 -0.996264 0.012341 0.084743
286.838176012 8.037580 -0.519802 6.922566 -0.010435 -0.996263 0.009336 0.085226
287.051525831 8.039692 -0.517195 6.905051 -0.008507 -0.996420 0.004973 0.083964
287.279131651 8.042923 -0.511708 6.888588 -0.005896 -0.996579 -0.000186 0.082430
287.502242804 8.047758 -0.506834 6.866159 -0.004102 -0.996633 -0.005067 0.081729
287.730005026 8.050409 -0.503318 6.844202 -0.001552 -0.996533 -0.009637 0.082621
287.949588060 8.051051 -0.501084 6.827748 -0.002186 -0.996289 -0.011789 0.085233
288.169940233 8.051233 -0.497852 6.806649 -0.002904 -0.995817 -0.011916 0.090541
288.400835752 8.052191 -0.496989 6.783278 0.002633 -0.995473 -0.012260 0.094209
288.628226995 8.053341 -0.496376 6.763045 0.006039 -0.995142 -0.010982 0.097654
288.853592873 8.054135 -0.495511 6.744668 0.006554 -0.994856 -0.009599 0.100632
289.077591896 8.055187 -0.497721 6.728379 0.004053 -0.994848 -0.007750 0.101001
289.301904202 8.061089 -0.496483 6.707740 0.005306 -0.994730 -0.005781 0.102231
289.529778242 8.060659 -0.498010 6.694444 0.006079 -0.994796 -0.004335 0.101615
289.749315500 8.061852 -0.503023 6.680190 0.005704 -0.994802 -0.003576 0.101604
289.977763176 8.065831 -0.503409 6.662677 0.008412 -0.995115 -0.002843 0.098328
290.217676878 8.066305 -0.502377 6.657267 0.011501 -0.995917 -0.003918 0.089450
290.440168858 8.074921 -0.503510 6.643510 0.010381 -0.996465 -0.004831 0.083221
290.662447453 8.083244 -0.505400 6.629479 0.005926 -0.997006 -0.005879 0.076867
290.883717775 8.093609 -0.502248 6.614416 0.002214 -0.997519 -0.006398 0.070077
291.105329275 8.101322 -0.503315 6.599427 0.001647 -0.997983 -0.008738 0.062862
291.327265978 8.108795 -0.502761 6.583967 -0.001454 -0.998340 -0.011196 0.056483
291.551304579 8.115140 -0.497980 6.563987 -0.005602 -0.998570 -0.012075 0.051785
291.773786545 8.117374 -0.496732 6.547563 -0.008883 -0.998681 -0.013816 0.048647
291.999952555 8.121319 -0.497188 6.527796 -0.007243 -0.998740 -0.014928 0.047354
292.218555927 8.125527 -0.499695 6.508754 -0.009544 -0.998704 -0.013590 0.048119
292.445764303 8.124691 -0.501942 6.494780 -0.012252 -0.998709 -0.011200 0.048009
292.678485632 8.123444 -0.504017 6.478946 -0.016122 -0.998622 -0.007220 0.049408
292.902287245 8.124268 -0.506978 6.463157 -0.018169 -0.998490 -0.001557 0.051824
293.119215012 8.122052 -0.511430 6.450333 -0.016031 -0.998467 0.005576 0.052693
293.347975016 8.123909 -0.519224 6.433652 -0.012800 -0.998417 0.011686 0.053516
293.569105148 8.123898 -0.522875 6.420381 -0.010312 -0.998401 0.019691 0.051972
293.786882639 8.130267 -0.522977 6.401353 -0.011325 -0.998231 0.028406 0.050983
294.002772808 8.134952 -0.525531 6.391340 -0.011529 -0.998157 0.035659 0.047740
294.216397524 8.138718 -0.530331 6.374721 -0.010788 -0.998092 0.041066 0.044828
294.418750048 8.141958 -0.534595 6.354624 -0.015276 -0.997996 0.045782 0.040917
294.618531466 8.151640 -0.538094 6.342847 -0.017189 -0.997943 0.049085 0.037497
294.817119122 8.158554 -0.537733 6.326700 -0.015589 -0.998049 0.051012 0.032442
295.018185139 8.166241 -0.539335 6.310958 -0.016514 -0.998152 0.051003 0.028599
295.219042540 8.174477 -0.538023 6.293284 -0.014322 -0.998378 0.049228 0.024740
295.415866375 8.183483 -0.535584 6.275697 -0.011196 -0.998664 0.045840 0.021070
295.617438793 8.192549 -0.529923 6.257321 -0.010974 -0.998945 0.041447 0.016438
295.823123217 8.203939 -0.523502 6.240170 -0.008814 -0.999287 0.034688 0.011986
296.029920578 8.214117 -0.519200 6.220455 -0.007421 -0.999576 0.027331 0.006774
296.240377665 8.221729 -0.513172 6.200962 -0.006569 -0.999757 0.020684 0.003822
296.446732521 8.226836 -0.510018 6.178694 -0.014187 -0.999808 0.013516 0.000744
296.659121275 8.230588 -0.506273 6.156329 -0.020473 -0.999758 0.007718 0.002120
296.870066881 8.234528 -0.504752 6.133290 -0.017085 -0.999798 0.003132 0.010073
297.080174923 8.234140 -0.505434 6.112750 -0.015284 -0.999698 -0.001202 0.019217
297.290936947 8.234762 -0.504589 6.089951 -0.014492 -0.999303 -0.002896 0.034268
297.498772383 8.232635 -0.502905 6.071582 -0.012990 -0.998596 -0.004568 0.051152
297.709413767 8.228462 -0.502951 6.055056 -0.012134 -0.997552 -0.005570 0.068644
297.917744875 8.220697 -0.507364 6.041127 -0.017838 -0.996176 -0.006101 0.085308
298.125273943 8.218452 -0.509687 6.023952 -0.026391 -0.994168 -0.006436 0.104366
298.341545105 8.215059 -0.506775 6.007484 -0.026229 -0.992412 -0.006692 0.119943
298.571028709 8.209231 -0.510418 5.998299 -0.019936 -0.991578 -0.009616 0.127607
298.803540707 8.209183 -0.508868 5.980176 -0.016571 -0.990898 -0.010787 0.133157
299.037138700 8.208878 -0.506374 5.971418 -0.015274 -0.991489 -0.011378 0.128791
299.270074844 8.217324 -0.504466 5.962399 -0.016250 -0.992280 -0.012144 0.122345
299.498243570 8.219725 -0.504985 5.943661 -0.016359 -0.992744 -0.012983 0.118423
299.720613718 8.222036 -0.506785 5.929329 -0.019379 -0.992844 -0.013341 0.117077
299.942188978 8.225075 -0.506383 5.908707 -0.019833 -0.992856 -0.013200 0.116920
300.163301468 8.224340 -0.507656 5.896693 -0.021106 -0.992843 -0.012746 0.116857
300.386095285 8.223700 -0.508804 5.876976 -0.019693 -0.992413 -0.013808 0.120571
300.610812426 8.220041 -0.508789 5.863928 -0.022601 -0.991352 -0.012570 0.128659
300.838799715 8.215588 -0.508985 5.853062 -0.023693 -0.990033 -0.012660 0.138247
301.067922354 8.213573 -0.505876 5.831767 -0.019702 -0.989237 -0.012258 0.144467
301.290125132 8.209766 -0.509001 5.814961 -0.017705 -0.988948 -0.011746 0.146730
301.512187243 8.205034 -0.508782 5.801467 -0.015616 -0.988939 -0.010006 0.147159
301.735889435 8.201464 -0.506602 5.783344 -0.013986 -0.989052 -0.008615 0.146650
301.957135916 8.202154 -0.510252 5.763411 -0.013785 -0.988867 -0.008281 0.147930
302.179994106 8.198379 -0.510023 5.746716 -0.014778 -0.988870 -0.006535 0.147901
302.399814367 8.195252 -0.509256 5.728032 -0.014525 -0.988843 -0.005898 0.148135
302.621155262 8.191082 -0.506959 5.709678 -0.011890 -0.988854 -0.005800 0.148298
302.842980623 8.188238 -0.503172 5.690913 -0.008194 -0.988681 -0.005886 0.149692
303.068277121 8.182654 -0.505222 5.673003 -0.013863 -0.987865 -0.005306 0.154606
303.296508551 8.177034 -0.507346 5.656119 -0.014629 -0.986896 -0.006638 0.160557
303.518557787 8.174314 -0.505284 5.636376 -0.011241 -0.986255 -0.006076 0.164735
303.739976168 8.170985 -0.505179 5.619198 -0.005968 -0.986057 -0.006386 0.166181
303.965067148 8.168034 -0.505629 5.600133 -0.000295 -0.985944 -0.006858 0.166937
304.190753937 8.164697 -0.504748 5.584035 0.003209 -0.985950 -0.005638 0.166914
304.417171240 8.163826 -0.504638 5.564476 0.003484 -0.985950 -0.004418 0.166947
304.644528151 8.162472 -0.504573 5.547926 0.004018 -0.986002 -0.003125 0.166653
304.868263245 8.159677 -0.505775 5.533919 0.003656 -0.986102 -0.001003 0.166097
305.091401100 8.159275 -0.504864 5.515355 0.006145 -0.986016 0.000992 0.166537
305.313552618 8.158647 -0.506083 5.499731 0.005587 -0.986535 0.001906 0.163446
305.537461758 8.158415 -0.507660 5.484143 0.003791 -0.987185 0.001566 0.159527
305.757038593 8.157819 -0.510578 5.470555 -0.000359 -0.987843 0.001782 0.155447
305.977993250 8.158399 -0.510071 5.454642 -0.002492 -0.988315 0.001659 0.152396
306.195004702 8.158898 -0.512318 5.438208 -0.006077 -0.988763 -0.000114 0.149367
306.409305334 8.160580 -0.510449 5.419429 -0.007652 -0.988914 -0.001041 0.148287
306.625983477 8.158257 -0.507207 5.402664 -0.008965 -0.988587 -0.001932 0.150375
306.846971512 8.155701 -0.502846 5.387222 -0.002975 -0.987847 -0.004306 0.155343
307.066923141 8.153584 -0.500238 5.368849 0.000800 -0.987556 -0.005552 0.157166
307.287209749 8.153053 -0.498248 5.350182 0.003749 -0.987418 -0.006534 0.157955
307.512064219 8.152073 -0.496534 5.330801 0.006196 -0.987436 -0.008217 0.157686
307.736315012 8.151242 -0.493610 5.311137 0.008436 -0.987399 -0.008995 0.157766
307.960607767 8.148337 -0.492556 5.292254 0.006193 -0.986797 -0.008226 0.161637
308.186579466 8.141817 -0.494760 5.276089 -0.000333 -0.985917 -0.008029 0.167040
308.406675339 8.138856 -0.491868 5.257283 0.001403 -0.984871 -0.010218 0.172980
308.628715515 8.134930 -0.487763 5.240292 0.003735 -0.984538 -0.012928 0.174652
308.853370190 8.131922 -0.483181 5.221403 0.003718 -0.984329 -0.015110 0.175656
309.082266331 8.128614 -0.481302 5.202588 0.002725 -0.984110 -0.017202 0.176706
309.308588505 8.124804 -0.481457 5.183689 0.002597 -0.983685 -0.018761 0.178901
309.537119627 8.120938 -0.480820 5.166223 0.002990 -0.983194 -0.017753 0.181674
309.761720181 8.115704 -0.482136 5.150901 0.003314 -0.982518 -0.015473 0.185492
309.989151001 8.110273 -0.483067 5.135559 0.000591 -0.981422 -0.011434 0.191522
310.212582588 8.104163 -0.485548 5.119260 0.000549 -0.979516 -0.007648 0.201222
310.447071075 8.097244 -0.487414 5.106215 0.003487 -0.977671 -0.004838 0.210055
310.668161392 8.091847 -0.489533 5.090452 0.010601 -0.976506 -0.003609 0.215198
310.885346413 8.091078 -0.493899 5.077625 0.017587 -0.975754 -0.004191 0.218123
311.116235971 8.092106 -0.496963 5.062267 0.022020 -0.975024 -0.005634 0.220933
311.343822002 8.094864 -0.497784 5.047569 0.022697 -0.975020 -0.007692 0.220820
311.565727949 8.099155 -0.493834 5.032656 0.020712 -0.975562 -0.009969 0.218520
311.785559893 8.095940 -0.490851 5.017467 0.021597 -0.974001 -0.013630 0.225101
312.010835648 8.079589 -0.487022 5.007088 0.020571 -0.971664 -0.017083 0.234851
312.236101389 8.067770 -0.481815 4.992502 0.016665 -0.970146 -0.021002 0.241034
312.450547218 8.055145 -0.476570 4.976352 0.014239 -0.969120 -0.024378 0.244968
312.664300203 8.032060 -0.475678 4.959599 0.012488 -0.966911 -0.024756 0.253601
312.876625776 8.013541 -0.475780 4.941181 0.011577 -0.965046 -0.023977 0.260725
313.090000629 8.000092 -0.476555 4.922097 0.009873 -0.964367 -0.022437 0.263430
313.313089609 7.992624 -0.478367 4.905951 0.008635 -0.964407 -0.021100 0.263438
313.532604694 7.987619 -0.478276 4.890589 0.009460 -0.965752 -0.021151 0.258431
313.751613140 7.989612 -0.478748 4.873163 0.011729 -0.968192 -0.021169 0.249036
313.967078924 7.997402 -0.477457 4.856593 0.011651 -0.971263 -0.021292 0.236768
314.180908203 8.006754 -0.475514 4.840406 0.008343 -0.975102 -0.021571 0.220550
314.395283222 8.015330 -0.471770 4.825900 0.003751 -0.979065 -0.020812 0.202448
314.625087500 8.021428 -0.471504 4.808536 0.000230 -0.981622 -0.021688 0.189599
314.852643013 8.023077 -0.472689 4.791352 -0.004236 -0.982642 -0.019303 0.184458
315.079757929 8.019737 -0.477674 4.778466 -0.009345 -0.982941 -0.016614 0.182932
315.315727234 8.015026 -0.478815 4.762781 -0.010805 -0.982250 -0.012758 0.186828
315.542113781 8.008529 -0.479530 4.750165 -0.009446 -0.981599 -0.007906 0.190558
315.767284155 8.004095 -0.481730 4.734117 -0.005879 -0.981186 -0.002739 0.192954
315.991446018 7.999751 -0.486545 4.719193 -0.001225 -0.981021 0.000288 0.193896
316.212898970 7.996244 -0.486252 4.705281 0.001797 -0.980829 0.004574 0.194806
316.430294514 7.995567 -0.492047 4.687897 0.004233 -0.980744 0.005465 0.195177
316.650144577 7.993323 -0.496949 4.674868 0.004223 -0.981102 0.007198 0.193310
316.871720791 7.995093 -0.500965 4.660228 -0.005362 -0.982042 0.009686 0.188339
317.095854759 7.998892 -0.505068 4.647269 -0.012767 -0.983241 0.009196 0.181629
317.316131592 8.004256 -0.498199 4.634990 -0.011037 -0.984947 0.007331 0.172351
317.532806635 8.005915 -0.501922 4.617024 -0.020006 -0.985768 0.004127 0.166865
317.757033348 8.007166 -0.497736 4.602369 -0.025400 -0.986808 0.000712 0.159887
317.985334396 8.010098 -0.492916 4.584936 -0.029282 -0.987733 -0.004206 0.153322
318.218054533 8.012075 -0.487089 4.567823 -0.027117 -0.988555 -0.010268 0.148050
318.439574718 8.008542 -0.486788 4.547882 -0.030328 -0.988386 -0.013294 0.148311
318.666066170 8.006478 -0.485856 4.528807 -0.032060 -0.988467 -0.016800 0.147050
318.896550894 8.004570 -0.483038 4.507977 -0.030387 -0.988448 -0.019022 0.147259
319.125887632 7.999938 -0.481588 4.488903 -0.029243 -0.988280 -0.019293 0.148580
319.359216452 7.995586 -0.479363 4.471083 -0.027813 -0.988021 -0.017706 0.150756
319.583005428 7.993344 -0.477292 4.453188 -0.024083 -0.988051 -0.015159 0.151479
319.810238600 7.991934 -0.478419 4.433962 -0.021877 -0.987706 -0.011302 0.154369
320.032011271 7.989087 -0.488528 4.417893 -0.026506 -0.986706 -0.004212 0.160286
320.253244877 7.986953 -0.497579 4.403843 -0.026975 -0.985665 0.002729 0.166520
320.478243113 7.986413 -0.500321 4.389791 -0.022083 -0.984671 0.008048 0.172831
320.697955847 7.958807 -0.510251 4.405334 -0.026129 -0.986976 0.012599 0.158233
320.907234669 7.952300 -0.507180 4.419645 -0.020631 -0.989724 0.016461 0.140533
321.109276772 7.965232 -0.503170 4.420194 -0.004207 -0.992289 0.016262 0.122801
321.320308924 7.984848 -0.507602 4.421821 -0.007176 -0.994613 0.017369 0.101941
321.526592970 8.006966 -0.504893 4.420359 -0.004354 -0.996503 0.018200 0.081440
321.740456343 8.028618 -0.501722 4.419148 -0.003330 -0.997661 0.017771 0.065921
321.966067553 8.042177 -0.505815 4.415805 -0.010766 -0.998110 0.018898 0.057480
322.199162960 8.050617 -0.503280 4.411065 -0.008930 -0.998585 0.018802 0.048939
322.451380730 8.055492 -0.504620 4.409213 -0.011296 -0.998551 0.020560 0.048430
322.716634035 8.061041 -0.506216 4.399427 -0.011846 -0.998169 0.022764 0.054774
322.947288036 8.057906 -0.509665 4.387417 -0.012573 -0.997605 0.024522 0.063438
323.153332710 8.056914 -0.522257 4.382087 -0.030318 -0.996970 0.025439 0.066969
323.397347689 8.061842 -0.524769 4.380772 -0.036818 -0.996765 0.025482 0.066739
323.618939638 8.072037 -0.517846 4.376302 -0.026598 -0.997333 0.023727 0.063693
323.831306219 8.086127 -0.515705 4.374086 -0.021681 -0.997980 0.019149 0.056556
324.039014578 8.106797 -0.517980 4.375307 -0.030113 -0.998450 0.015673 0.044108
324.247373343 8.128842 -0.507863 4.381648 -0.024220 -0.999248 0.011761 0.027906
324.472210169 8.148767 -0.504329 4.383343 -0.019382 -0.999645 0.007071 0.016880
324.706654787 8.158754 -0.507482 4.378531 -0.025123 -0.999428 0.009483 0.020538
324.945548534 8.167057 -0.505366 4.372924 -0.022723 -0.999377 0.011213 0.024551
325.173326731 8.170777 -0.508812 4.363960 -0.024649 -0.998975 0.015610 0.034602
325.384346724 8.169457 -0.514322 4.351753 -0.024332 -0.998235 0.022025 0.049486
325.592914820 8.168449 -0.519509 4.336493 -0.023313 -0.997007 0.030544 0.067085
325.800859928 8.162334 -0.527097 4.324477 -0.020170 -0.995577 0.037887 0.083577
326.004274368 8.159901 -0.531060 4.312016 -0.016201 -0.993479 0.047780 0.102247
326.205346346 8.155830 -0.538297 4.301297 -0.012323 -0.991235 0.057731 0.118188
326.406340361 8.149519 -0.551247 4.294295 -0.020091 -0.988875 0.067168 0.131189
326.605690479 8.145039 -0.562643 4.286995 -0.026738 -0.986570 0.074465 0.142896
326.815523148 8.138695 -0.568174 4.284774 -0.026476 -0.984832 0.079842 0.151760
327.027659416 8.131985 -0.571743 4.278950 -0.024566 -0.983317 0.083329 0.159812
327.236151218 8.123388 -0.576522 4.270161 -0.023019 -0.981554 0.086542 0.168915
327.442411661 8.111665 -0.578430 4.261439 -0.021193 -0.979721 0.089363 0.178080
327.648694277 8.099565 -0.579602 4.252234 -0.017448 -0.978139 0.090108 0.186602
327.853851795 8.090051 -0.578846 4.240176 -0.015253 -0.976801 0.090202 0.193627
328.058944225 8.082785 -0.577325 4.226840 -0.015336 -0.976175 0.089812 0.196927
328.263307810 8.076139 -0.575940 4.212875 -0.015254 -0.976315 0.087524 0.197272
328.467142582 8.072104 -0.572780 4.197651 -0.019364 -0.976638 0.086047 0.195957
328.673426628 8.069291 -0.572750 4.184011 -0.023110 -0.977497 0.081673 0.193121
328.882513285 8.064608 -0.569921 4.170572 -0.030872 -0.977940 0.076969 0.191720
329.094725132 8.062162 -0.564779 4.161332 -0.031420 -0.978185 0.068303 0.193652
329.302907467 8.052013 -0.555150 4.147452 -0.033029 -0.977701 0.058928 0.198838
329.505786657 8.040847 -0.549271 4.136721 -0.038493 -0.976015 0.050237 0.208301
329.701997280 8.026432 -0.545451 4.123646 -0.045716 -0.973365 0.042875 0.220528
329.902778625 8.008904 -0.543418 4.113074 -0.053544 -0.970065 0.037305 0.233911
330.104817152 7.991171 -0.538041 4.101727 -0.058334 -0.966472 0.032526 0.247935
330.311214685 7.982715 -0.542048 4.096921 -0.058142 -0.963159 0.029403 0.260922
330.517903090 7.974785 -0.543857 4.094361 -0.061316 -0.959064 0.027910 0.275061
330.728135824 7.966129 -0.543863 4.090754 -0.062865 -0.955387 0.027801 0.287247
330.947565794 7.958531 -0.541838 4.084116 -0.064019 -0.952113 0.029482 0.297511
331.170636892 7.951579 -0.543885 4.075254 -0.058922 -0.950822 0.031202 0.302478
331.392658949 7.944090 -0.545891 4.064431 -0.052735 -0.950244 0.033790 0.305144
331.604422808 7.937180 -0.550258 4.052640 -0.046887 -0.950157 0.038370 0.305828
331.811800003 7.930399 -0.552087 4.037792 -0.039257 -0.950367 0.044150 0.305471
332.014399052 7.924972 -0.553120 4.020226 -0.031483 -0.950093 0.050543 0.306230
332.222569942 7.919384 -0.560594 4.012890 -0.033566 -0.950635 0.057782 0.303030
332.433866024 7.913352 -0.567233 4.002034 -0.037456 -0.951669 0.063769 0.298087
332.641907692 7.914639 -0.571805 3.994225 -0.041746 -0.953141 0.068730 0.291643
332.850036383 7.912036 -0.576274 3.986402 -0.044873 -0.955304 0.071718 0.283263
333.052995920 7.912077 -0.578750 3.974836 -0.042353 -0.958023 0.071137 0.274476
333.260738850 7.912821 -0.574392 3.966700 -0.037507 -0.960685 0.070009 0.266038
333.484014750 7.911516 -0.578228 3.958163 -0.042769 -0.961647 0.068477 0.262140
333.712623119 7.911590 -0.571759 3.952106 -0.041627 -0.962242 0.064554 0.261132
333.948274136 7.908147 -0.565982 3.942889 -0.040406 -0.962490 0.058738 0.261781
334.168174505 7.898828 -0.563944 3.933968 -0.047242 -0.961235 0.054267 0.266177
334.370631456 7.886519 -0.559138 3.926047 -0.054558 -0.959189 0.048464 0.273189
334.582657814 7.875112 -0.549851 3.918845 -0.055781 -0.957527 0.040011 0.280053
334.784807920 7.857879 -0.545060 3.911052 -0.064828 -0.954217 0.034698 0.289938
334.985870123 7.839463 -0.539856 3.900951 -0.073622 -0.949887 0.029529 0.302362
335.194556236 7.819651 -0.535073 3.896914 -0.078831 -0.945839 0.023678 0.314028
335.406773090 7.797906 -0.526651 3.889732 -0.083322 -0.941211 0.020018 0.326771
335.620648146 7.777654 -0.522009 3.887004 -0.086960 -0.936582 0.015683 0.339126
335.837171793 7.758579 -0.516644 3.879573 -0.091091 -0.931418 0.012824 0.352133
336.058004379 7.739411 -0.511858 3.875671 -0.092841 -0.927856 0.009263 0.361079
336.277737617 7.722555 -0.509135 3.868155 -0.089596 -0.926565 0.006037 0.365257
336.498262882 7.711989 -0.510320 3.857719 -0.090453 -0.925314 0.005501 0.368215
336.716439962 7.698593 -0.508562 3.845658 -0.090183 -0.924545 0.006549 0.370191
336.937658548 7.691815 -0.508277 3.834736 -0.088882 -0.924370 0.007879 0.370916
337.160386086 7.682285 -0.506241 3.818628 -0.085265 -0.924484 0.010024 0.371429
337.385161638 7.670834 -0.507221 3.807051 -0.084352 -0.924628 0.013882 0.371153
337.606639385 7.659712 -0.508721 3.797249 -0.083210 -0.924892 0.017248 0.370612
337.842840195 7.651385 -0.511543 3.789232 -0.083785 -0.925284 0.020009 0.369364
338.070452213 7.640982 -0.514540 3.780511 -0.084714 -0.926091 0.021103 0.367061
338.318123341 7.633061 -0.514135 3.774976 -0.088572 -0.925712 0.021778 0.367067
338.567397594 7.624085 -0.511107 3.771349 -0.091183 -0.924458 0.019136 0.369726
338.819659948 7.614154 -0.505937 3.769479 -0.092600 -0.922402 0.015249 0.374656
339.044581890 7.601864 -0.505029 3.769760 -0.093686 -0.918423 0.010022 0.384216
339.265668631 7.588353 -0.499143 3.770844 -0.095899 -0.913452 0.005763 0.395443
339.491974592 7.573345 -0.495676 3.769934 -0.097537 -0.907897 0.003710 0.407671
339.715097427 7.558608 -0.496880 3.775569 -0.099681 -0.902711 0.002126 0.418536
339.938681841 7.538598 -0.489602 3.772645 -0.097371 -0.897205 0.000581 0.430746
340.164195061 7.518752 -0.487504 3.773244 -0.097601 -0.891423 -0.000285 0.442538
340.385120630 7.500053 -0.484133 3.773281 -0.098522 -0.884801 -0.000341 0.455435
340.607506514 7.482929 -0.484737 3.774403 -0.098845 -0.877748 -0.001515 0.468814
340.841409683 7.465489 -0.483028 3.774441 -0.095104 -0.873998 -0.003370 0.476520
341.059921265 7.446853 -0.483672 3.771635 -0.087042 -0.872014 -0.008307 0.481608
341.278749943 7.430082 -0.482720 3.765477 -0.078979 -0.869947 -0.013712 0.486587
341.500954866 7.413277 -0.481226 3.756996 -0.074275 -0.868590 -0.017818 0.489609
341.721046209 7.398785 -0.477988 3.747499 -0.073025 -0.866846 -0.019803 0.492801
341.943088770 7.382878 -0.472229 3.741167 -0.076852 -0.865500 -0.019181 0.494606
342.156597376 7.364560 -0.468749 3.728999 -0.078055 -0.866124 -0.019720 0.493304
342.378556013 7.346667 -0.468560 3.725400 -0.084233 -0.862897 -0.017959 0.497987
342.588791847 7.329455 -0.470315 3.729272 -0.097611 -0.855418 -0.012673 0.508499
342.805700779 7.309903 -0.467483 3.734398 -0.104348 -0.848774 -0.010329 0.518254
343.033844948 7.292648 -0.463180 3.743089 -0.104975 -0.843021 -0.011981 0.527401
343.266300917 7.276107 -0.458311 3.748239 -0.106154 -0.837139 -0.011090 0.536476
343.498036861 7.260458 -0.456079 3.749231 -0.106484 -0.833872 -0.008727 0.541519
343.729775190 7.242239 -0.451829 3.743400 -0.105755 -0.834786 -0.003382 0.540311
343.950960398 7.226871 -0.449276 3.736543 -0.102379 -0.836595 0.003002 0.538162
344.181686640 7.210394 -0.448217 3.731029 -0.096756 -0.837430 0.007129 0.537866
344.412387609 7.194706 -0.450818 3.727899 -0.091932 -0.836915 0.009175 0.539479
344.639567852 7.179636 -0.449068 3.723513 -0.088022 -0.835514 0.011313 0.542255
344.866813421 7.163265 -0.449958 3.720518 -0.087754 -0.834107 0.012903 0.544425
345.093858004 7.145039 -0.448592 3.717080 -0.086905 -0.832939 0.013250 0.546338
345.324303865 7.129903 -0.443609 3.715593 -0.085119 -0.831964 0.012913 0.548110
345.549851418 7.111423 -0.442132 3.712587 -0.083985 -0.830823 0.012615 0.550019
345.782563448 7.091537 -0.441839 3.717544 -0.085629 -0.828943 0.012599 0.552596
346.020610809 7.078164 -0.439223 3.716365 -0.085348 -0.825734 0.012215 0.557431
346.252314568 7.063685 -0.438190 3.714654 -0.080172 -0.824629 0.009282 0.559887
346.482791185 7.047750 -0.437504 3.712826 -0.076781 -0.823838 0.008102 0.561543
346.713020086 7.032530 -0.436924 3.711055 -0.073617 -0.823407 0.007503 0.562606
346.938377619 7.016768 -0.435332 3.707545 -0.071446 -0.822752 0.007533 0.563842
347.167550802 7.000234 -0.433522 3.704338 -0.069437 -0.822255 0.007065 0.564824
347.398902655 6.982869 -0.430803 3.701002 -0.069225 -0.821274 0.005634 0.566291
347.634088278 6.966473 -0.426649 3.699100 -0.070360 -0.820315 0.004640 0.567549
347.865895033 6.950023 -0.425545 3.697980 -0.074415 -0.819238 0.003605 0.568593
348.094911337 6.933427 -0.422286 3.697742 -0.076817 -0.819053 0.002646 0.568546
348.328708172 6.917061 -0.418695 3.696553 -0.079268 -0.819585 0.001901 0.567445
348.570856810 6.900643 -0.417007 3.693787 -0.077743 -0.820778 0.000942 0.565931
348.807265520 6.885590 -0.415521 3.692114 -0.076409 -0.821960 -0.000098 0.564396
349.044439554 6.868869 -0.414045 3.691191 -0.074519 -0.823067 -0.000265 0.563034
349.282834768 6.857278 -0.415446 3.689507 -0.073498 -0.824120 0.000242 0.561627
349.565732718 6.846181 -0.419212 3.685691 -0.068278 -0.826226 -0.000163 0.559185
349.819128752 6.841383 -0.423245 3.680331 -0.060115 -0.828125 -0.000588 0.557311
350.043664455 6.835334 -0.428838 3.673080 -0.049777 -0.832452 0.000013 0.551858
350.266818047 6.829911 -0.436931 3.664311 -0.045261 -0.837046 0.006151 0.545223
350.481288910 6.824583 -0.442459 3.659848 -0.052134 -0.839862 0.018414 0.539977
350.697031498 6.812872 -0.442204 3.654330 -0.063093 -0.841641 0.032595 0.535348
350.928552866 6.799358 -0.442217 3.649038 -0.063964 -0.843218 0.037589 0.532428
351.147459745 6.783554 -0.443618 3.644515 -0.065212 -0.842996 0.039750 0.532471
351.365147591 6.767958 -0.439295 3.639070 -0.065684 -0.842355 0.040812 0.533346
351.580761671 6.750240 -0.434911 3.633815 -0.065391 -0.841625 0.039509 0.534631
351.798093796 6.732928 -0.428897 3.628061 -0.064087 -0.839918 0.035405 0.537751
352.019258261 6.714746 -0.421450 3.623394 -0.060423 -0.838257 0.028077 0.541190
352.252410412 6.698376 -0.415175 3.613194 -0.060210 -0.839840 0.021813 0.539044
352.474855900 6.685624 -0.416295 3.602023 -0.053632 -0.841350 0.012458 0.537678
352.702450514 6.677230 -0.421188 3.595852 -0.049016 -0.841847 0.005171 0.537462
352.945389748 6.668691 -0.418400 3.590955 -0.057185 -0.841035 0.004780 0.537928
353.168070316 6.662385 -0.420657 3.587194 -0.044663 -0.842301 -0.003209 0.537144
353.413302660 6.655451 -0.423271 3.584853 -0.038587 -0.842257 -0.005910 0.537662
353.645799637 6.649055 -0.420901 3.585125 -0.046419 -0.839477 -0.001399 0.541407
353.860195875 6.637763 -0.422734 3.584079 -0.046631 -0.840061 0.002668 0.540477
354.085920811 6.624232 -0.427245 3.583054 -0.043596 -0.839454 0.008064 0.541620
354.306180239 6.610322 -0.430568 3.580484 -0.041937 -0.839642 0.016341 0.541272
354.515435457 6.598786 -0.434676 3.577005 -0.043706 -0.840097 0.028703 0.539909
354.716034412 6.583585 -0.437818 3.574202 -0.045705 -0.841652 0.042410 0.536409
354.923904419 6.567692 -0.441044 3.570917 -0.045625 -0.842854 0.053669 0.533513
355.130215645 6.552538 -0.444055 3.569308 -0.039379 -0.842987 0.057760 0.533373
355.337007046 6.536928 -0.447299 3.567528 -0.036128 -0.841783 0.061456 0.535088
355.538644075 6.522146 -0.450007 3.565357 -0.034680 -0.839960 0.064535 0.537680
355.745663404 6.508282 -0.455681 3.563865 -0.028510 -0.834817 0.060612 0.546437
355.950916767 6.498286 -0.455641 3.567474 -0.026603 -0.829307 0.058600 0.555076
356.149406195 6.487388 -0.451820 3.570913 -0.029089 -0.822484 0.058065 0.565069
356.353370905 6.476697 -0.448791 3.577539 -0.034552 -0.815538 0.057509 0.574801
356.553051472 6.462348 -0.444924 3.584785 -0.034071 -0.809553 0.051459 0.583793
356.754686832 6.451887 -0.436583 3.591137 -0.039976 -0.802110 0.049139 0.593807
356.953953028 6.441381 -0.427790 3.599453 -0.044711 -0.794768 0.043854 0.603673
357.153162956 6.430863 -0.424687 3.600288 -0.040593 -0.791118 0.031035 0.609526
357.349959373 6.421650 -0.418909 3.593651 -0.031142 -0.787599 0.013377 0.615256
357.558869362 6.414151 -0.407839 3.589337 -0.034100 -0.782541 0.003484 0.621655
357.768342018 6.406199 -0.390625 3.588381 -0.046959 -0.776566 0.001391 0.628282
357.990091562 6.394135 -0.383090 3.592389 -0.056638 -0.770214 -0.001750 0.635264
358.223379850 6.379483 -0.385217 3.598033 -0.051746 -0.766196 -0.010635 0.640432
358.462238073 6.368203 -0.388484 3.601434 -0.046905 -0.762833 -0.018126 0.644637
358.709401131 6.356240 -0.386394 3.603488 -0.043017 -0.760801 -0.022648 0.647162
358.951225281 6.345243 -0.383744 3.606051 -0.043499 -0.758323 -0.020623 0.650099
359.192666292 6.332094 -0.387092 3.607611 -0.042046 -0.755218 -0.016052 0.653926
359.427327156 6.319422 -0.390129 3.606564 -0.036038 -0.750953 -0.014334 0.659215
359.664355040 6.309361 -0.394096 3.605025 -0.031621 -0.748615 -0.010372 0.662170
359.881864548 6.296810 -0.396446 3.606484 -0.024893 -0.741358 -0.008924 0.670589
360.103205919 6.287758 -0.395276 3.610490 -0.022588 -0.733166 -0.006268 0.679645
360.336707115 6.283871 -0.393517 3.613226 -0.025274 -0.728395 -0.000776 0.684690
360.570307016 6.279138 -0.394986 3.613188 -0.021626 -0.726158 -0.001934 0.687185
360.798202038 6.272484 -0.397706 3.608480 -0.013312 -0.726381 -0.007810 0.687119
361.053203583 6.270747 -0.396438 3.604803 -0.015130 -0.726093 -0.005356 0.687410
361.309881210 6.266973 -0.393825 3.604457 -0.020083 -0.725750 -0.000771 0.687665
361.543992281 6.258650 -0.395351 3.598994 -0.012604 -0.728771 -0.005920 0.684616
361.766705990 6.252140 -0.401024 3.588281 -0.004298 -0.732234 -0.013211 0.680911
362.009911299 6.245444 -0.400016 3.579763 -0.006540 -0.733445 -0.009667 0.679648
362.223454237 6.240074 -0.397652 3.577662 -0.018805 -0.732267 0.004505 0.680743
362.438992500 6.233133 -0.399854 3.582572 -0.032046 -0.730103 0.022053 0.682229
362.666184425 6.221023 -0.404241 3.589951 -0.034572 -0.731050 0.033000 0.680648
362.882996321 6.210495 -0.411881 3.596252 -0.032068 -0.730903 0.037707 0.680684
363.102990627 6.198551 -0.417366 3.605780 -0.028467 -0.728356 0.040555 0.683405
363.325155497 6.184044 -0.419410 3.611531 -0.025965 -0.723454 0.044568 0.688443
363.532847643 6.169069 -0.420956 3.614386 -0.020605 -0.719829 0.046201 0.692306
363.741141319 6.155257 -0.423449 3.613295 -0.015036 -0.720072 0.045922 0.692215
363.950824976 6.140450 -0.423820 3.607474 -0.010492 -0.722227 0.044943 0.690114
364.158133984 6.124856 -0.424734 3.600467 -0.005348 -0.725516 0.042069 0.686897
364.355588675 6.107835 -0.423865 3.591104 -0.006517 -0.730974 0.045048 0.680886
364.553810835 6.091981 -0.423968 3.580668 -0.004300 -0.741007 0.043473 0.670075
364.751180649 6.075370 -0.421052 3.566349 -0.007758 -0.752640 0.044173 0.656904
364.958129168 6.061164 -0.415621 3.554513 -0.010717 -0.761876 0.042035 0.646269
365.175132751 6.046308 -0.412122 3.548776 -0.011735 -0.766671 0.039011 0.640747
365.394179821 6.032038 -0.413864 3.546829 -0.012639 -0.769253 0.038086 0.637683
365.612751245 6.015807 -0.415113 3.543168 -0.011339 -0.771492 0.037203 0.635049
365.837309599 6.002067 -0.416068 3.542179 -0.010679 -0.774078 0.039293 0.631779
366.071792841 5.989138 -0.416936 3.540404 -0.008895 -0.776567 0.042292 0.628551
366.299767256 5.979892 -0.420422 3.539296 -0.002618 -0.778620 0.042201 0.626070
366.530862331 5.970161 -0.421483 3.536665 0.004168 -0.781327 0.040673 0.622781
366.785412312 5.965651 -0.421850 3.532830 0.004679 -0.783555 0.042038 0.619881
367.041949987 5.959631 -0.425352 3.530649 0.005898 -0.786019 0.042236 0.616730
367.298327208 5.956009 -0.430131 3.528080 0.005264 -0.787889 0.044252 0.614202
367.558124304 5.950662 -0.431675 3.527317 0.002596 -0.789278 0.048049 0.612147
367.809062719 5.942244 -0.429713 3.528250 0.005555 -0.791229 0.048398 0.609576
368.062983274 5.938583 -0.434359 3.528543 0.008621 -0.792781 0.048682 0.607498
368.290917397 5.932709 -0.438733 3.525987 0.015642 -0.795345 0.046377 0.604178
368.525986671 5.929234 -0.441575 3.521054 0.019514 -0.798626 0.046116 0.599740
368.763773918 5.926369 -0.441045 3.520481 0.017382 -0.800771 0.050265 0.596605
368.982707977 5.922091 -0.445186 3.514847 0.021883 -0.804299 0.048519 0.591836
369.215771675 5.919063 -0.445656 3.513576 0.020888 -0.806975 0.050658 0.588038
369.457597971 5.912558 -0.446000 3.509985 0.020826 -0.809818 0.052144 0.583988
369.670385122 5.906689 -0.447160 3.504524 0.024307 -0.813884 0.051253 0.578252
369.908499479 5.902305 -0.448012 3.503082 0.023230 -0.817494 0.053379 0.572988
370.147922754 5.896169 -0.452673 3.498696 0.022830 -0.821121 0.055431 0.567597
370.382877111 5.894280 -0.453043 3.496535 0.023920 -0.825124 0.056533 0.561607
370.599808455 5.888453 -0.453232 3.488008 0.028300 -0.828474 0.053760 0.556722
370.836938858 5.880770 -0.455197 3.483804 0.026071 -0.830543 0.055365 0.553583
371.068362474 5.873907 -0.458003 3.480185 0.021873 -0.831958 0.057132 0.551455
371.294052124 5.866977 -0.458604 3.478024 0.018871 -0.833648 0.056908 0.549032
371.508493900 5.861080 -0.452375 3.473281 0.023542 -0.836400 0.051080 0.545226
371.724881411 5.853255 -0.452235 3.469774 0.019076 -0.837279 0.051899 0.543973
371.937099695 5.839109 -0.453240 3.463316 0.014105 -0.837841 0.053300 0.543123
372.143654108 5.829591 -0.451747 3.460576 0.009631 -0.838681 0.055586 0.541694
372.353038788 5.816266 -0.448908 3.453811 0.006662 -0.839837 0.057497 0.539744
372.560763359 5.805755 -0.448072 3.451228 0.007329 -0.840934 0.058367 0.537930
372.766909361 5.795069 -0.454595 3.444739 0.013090 -0.841477 0.055444 0.537281
372.976397753 5.786305 -0.457135 3.441159 0.017222 -0.841478 0.055620 0.537144
373.183599234 5.774780 -0.461495 3.433992 0.021856 -0.841304 0.054335 0.537380
373.392483234 5.766531 -0.462286 3.430091 0.026798 -0.841021 0.054264 0.537607
373.618438721 5.760077 -0.463295 3.423878 0.028118 -0.840693 0.056256 0.537847
373.838719845 5.749742 -0.465729 3.418539 0.027743 -0.841498 0.057532 0.536471
374.042559624 5.741543 -0.467645 3.413334 0.025974 -0.843210 0.058929 0.533714
374.245890141 5.734155 -0.467818 3.408507 0.024780 -0.845601 0.059357 0.529926
374.452116966 5.724683 -0.466775 3.400034 0.023870 -0.848129 0.058658 0.525991
374.657626152 5.714685 -0.463322 3.390464 0.023617 -0.851039 0.056900 0.521476
374.867172480 5.703848 -0.461011 3.382517 0.019157 -0.852907 0.056984 0.518590
375.075372219 5.692130 -0.460706 3.377904 0.012453 -0.852826 0.057680 0.518850
375.295615196 5.678720 -0.457046 3.375531 0.008260 -0.850760 0.056214 0.522475
375.509882450 5.665856 -0.453897 3.377145 0.004480 -0.846907 0.055518 0.528816
375.725337505 5.652907 -0.454181 3.380566 0.000928 -0.842223 0.053843 0.536433
375.937889099 5.639151 -0.451569 3.382998 -0.001061 -0.837617 0.051758 0.543799
376.151920795 5.626205 -0.452355 3.386242 -0.005843 -0.832969 0.052560 0.550787
376.388038635 5.615531 -0.452493 3.389661 -0.005988 -0.829331 0.052056 0.556295
376.630472183 5.604437 -0.453209 3.390047 -0.002402 -0.826553 0.049929 0.560635
376.871762037 5.596469 -0.455043 3.393008 0.001087 -0.823911 0.048802 0.564613
377.111916065 5.585793 -0.456885 3.391862 0.002207 -0.821044 0.049086 0.568747
377.351115942 5.576946 -0.458306 3.391602 0.004196 -0.819415 0.049077 0.571081
377.589820147 5.568173 -0.459109 3.389116 0.004640 -0.818912 0.050041 0.571715
377.816611767 5.558628 -0.461016 3.388099 0.001108 -0.819965 0.052604 0.569990
378.028098345 5.549072 -0.462858 3.385072 -0.003221 -0.822701 0.054642 0.565832
378.257844687 5.541581 -0.460411 3.378878 -0.005119 -0.825893 0.053709 0.561240
378.469073057 5.535747 -0.456988 3.371919 -0.004936 -0.829890 0.049694 0.555688
378.683256865 5.529766 -0.453392 3.365897 -0.010262 -0.832831 0.048449 0.551308
378.923360109 5.518826 -0.451516 3.363190 -0.015610 -0.834876 0.045771 0.548309
379.165417433 5.510187 -0.447419 3.357335 -0.019282 -0.835322 0.042184 0.547801
379.408000708 5.501703 -0.446699 3.356738 -0.020094 -0.834765 0.038498 0.548892
379.648797274 5.493112 -0.444424 3.355867 -0.020736 -0.831573 0.039042 0.553654
379.864116192 5.482396 -0.445551 3.359459 -0.020600 -0.826820 0.038999 0.560735
380.083879709 5.472696 -0.449093 3.362623 -0.018635 -0.821912 0.036797 0.568120
380.298340559 5.459179 -0.449904 3.366692 -0.016946 -0.817519 0.035643 0.574547
380.516661882 5.454614 -0.451023 3.370984 -0.020021 -0.813378 0.035801 0.580287
380.733224154 5.444468 -0.446140 3.374843 -0.024971 -0.809799 0.037487 0.584976
380.972483158 5.435060 -0.446056 3.376804 -0.025961 -0.808028 0.036118 0.587462
381.212447405 5.428989 -0.443495 3.375656 -0.025485 -0.807232 0.033686 0.588721
381.455431938 5.419989 -0.443013 3.370703 -0.022397 -0.807655 0.029406 0.588496
381.677809954 5.408998 -0.442766 3.366427 -0.021044 -0.807912 0.027086 0.588304
381.895807505 5.399856 -0.442366 3.364748 -0.021943 -0.808518 0.026665 0.587457
382.112123489 5.381652 -0.439004 3.358540 -0.023490 -0.809138 0.027142 0.586521
382.320307970 5.368302 -0.439405 3.354428 -0.025259 -0.810383 0.027861 0.584693
382.538793564 5.354496 -0.438190 3.349839 -0.028367 -0.811504 0.029298 0.582922
382.758366108 5.339805 -0.439963 3.345002 -0.031531 -0.813168 0.029887 0.580406
382.975651741 5.325959 -0.437190 3.345735 -0.032987 -0.814582 0.029540 0.578356
383.192014456 5.317641 -0.439654 3.343946 -0.031858 -0.815565 0.025645 0.577219
383.411050797 5.305748 -0.436176 3.342023 -0.031868 -0.815224 0.023056 0.577809
383.628314257 5.293522 -0.433651 3.341973 -0.029626 -0.814579 0.018460 0.579002
383.857597589 5.277617 -0.432506 3.341152 -0.030076 -0.813109 0.014844 0.581144
384.084148884 5.262463 -0.428870 3.339294 -0.029979 -0.811777 0.010994 0.583095
384.300466537 5.243268 -0.424887 3.337367 -0.031028 -0.811040 0.009197 0.584095
384.509909153 5.237036 -0.423364 3.333657 -0.032215 -0.810225 0.008883 0.585166
384.721404314 5.225273 -0.428551 3.329729 -0.032178 -0.810291 0.007656 0.585094
384.943635225 5.207138 -0.425788 3.329427 -0.032074 -0.811057 0.009133 0.584015
385.166973829 5.191399 -0.427433 3.326434 -0.031254 -0.811785 0.010250 0.583029
385.389075279 5.182984 -0.429599 3.321659 -0.030242 -0.812642 0.011479 0.581865
385.610931396 5.161520 -0.429555 3.318087 -0.030287 -0.813852 0.013346 0.580128
385.832236290 5.150180 -0.427467 3.316626 -0.028625 -0.815321 0.012886 0.578158
386.052514315 5.138880 -0.431090 3.319289 -0.028291 -0.817051 0.011903 0.575748
386.274037838 5.130848 -0.433873 3.313795 -0.027834 -0.818282 0.009120 0.574070
386.491374493 5.122409 -0.431212 3.315252 -0.029708 -0.819308 0.008270 0.572524
386.714998007 5.116301 -0.424058 3.308736 -0.029057 -0.819924 0.004431 0.571717
386.940281153 5.105050 -0.421639 3.307033 -0.030459 -0.820803 0.000801 0.570399
387.160318613 5.082031 -0.418781 3.298652 -0.031447 -0.821582 -0.002889 0.569215
387.374780893 5.066688 -0.415853 3.292432 -0.031719 -0.822398 -0.004158 0.568012
387.590414762 5.051501 -0.414584 3.287432 -0.030634 -0.823664 -0.005217 0.566227
387.808524370 5.036239 -0.415001 3.282952 -0.031375 -0.824278 -0.003434 0.565305
388.026989460 5.021569 -0.416743 3.278299 -0.032000 -0.824500 -0.000881 0.564956
388.253737450 5.007289 -0.419020 3.275966 -0.033122 -0.824716 0.002645 0.564570
388.482341528 4.995094 -0.421005 3.274975 -0.030344 -0.824931 0.004357 0.564401
388.708315372 4.982169 -0.423990 3.273074 -0.028739 -0.824856 0.006667 0.564573
388.933923006 4.970762 -0.427175 3.268882 -0.025777 -0.824802 0.007773 0.564781
389.158651352 4.957731 -0.427707 3.266949 -0.023344 -0.824724 0.009014 0.564982
389.380085230 4.945220 -0.429734 3.263114 -0.021465 -0.824160 0.009256 0.565875
389.598752499 4.934817 -0.428897 3.260994 -0.020874 -0.823409 0.009571 0.566984
389.821219683 4.921110 -0.427538 3.258172 -0.022010 -0.822439 0.009907 0.568342
390.040819168 4.906286 -0.425785 3.254014 -0.020228 -0.822043 0.007830 0.569013
390.259170771 4.893797 -0.425299 3.249129 -0.020429 -0.821567 0.006965 0.569703
390.465069294 4.877468 -0.423926 3.242998 -0.017833 -0.821512 0.005367 0.569888
390.675580263 4.863731 -0.422248 3.237816 -0.018147 -0.821180 0.007045 0.570338
390.883749247 4.849530 -0.424386 3.232078 -0.018966 -0.820939 0.009127 0.570628
391.100097179 4.834991 -0.424949 3.229089 -0.019587 -0.820602 0.011381 0.571051
391.317814350 4.824603 -0.429181 3.228564 -0.019405 -0.820379 0.013466 0.571331
391.533090115 4.812160 -0.432250 3.227456 -0.018183 -0.820186 0.015587 0.571596
391.746655941 4.798135 -0.434669 3.228057 -0.016727 -0.819791 0.017319 0.572156
391.954633236 4.785320 -0.434668 3.227567 -0.017133 -0.818691 0.020211 0.573623
392.166811228 4.774215 -0.435346 3.224587 -0.015696 -0.817032 0.020397 0.576017
392.374900341 4.760988 -0.434895 3.223921 -0.013083 -0.815095 0.018970 0.578870
392.584013700 4.744011 -0.433399 3.222044 -0.008924 -0.812436 0.016687 0.582744
392.789237261 4.729801 -0.433849 3.221671 -0.005180 -0.809455 0.014178 0.586987
392.989506960 4.712178 -0.429033 3.219036 -0.001471 -0.807338 0.011567 0.589974
393.186205626 4.698553 -0.423137 3.215931 0.004456 -0.806333 0.007155 0.591401
393.385239124 4.687903 -0.425859 3.210282 0.005439 -0.805694 0.005109 0.592285
393.583441257 4.669071 -0.425591 3.206709 0.002895 -0.805608 0.005870 0.592413
393.783756495 4.649158 -0.422344 3.207395 -0.001092 -0.806440 0.008407 0.591256
393.994938850 4.637805 -0.422159 3.200941 -0.002996 -0.807825 0.008735 0.589351
394.210495472 4.626444 -0.425198 3.199973 -0.008771 -0.810328 0.011498 0.585798
394.422365189 4.612730 -0.423835 3.193789 -0.009637 -0.813249 0.010652 0.581739
394.636741877 4.603942 -0.423326 3.194173 -0.012779 -0.816608 0.011214 0.576942
394.850677967 4.587649 -0.423718 3.190679 -0.013955 -0.818801 0.009489 0.573829
395.062605143 4.576482 -0.420075 3.185343 -0.015457 -0.819982 0.008556 0.572117
395.277409315 4.559121 -0.416713 3.180048 -0.012101 -0.821465 0.003935 0.570117
395.493584156 4.547402 -0.411999 3.176186 -0.011922 -0.822836 0.002444 0.568149
395.697805643 4.537178 -0.414442 3.170171 -0.011956 -0.823798 0.001327 0.566755
395.914874554 4.517220 -0.411656 3.165167 -0.013954 -0.824250 0.002617 0.566048
396.135065556 4.504965 -0.412133 3.162855 -0.014528 -0.824429 0.002987 0.565771
396.351968288 4.485693 -0.409985 3.158666 -0.014934 -0.824293 0.002606 0.565960
396.569126844 4.473310 -0.408831 3.156047 -0.013702 -0.824013 0.000283 0.566406
396.786628962 4.464459 -0.407860 3.157956 -0.012964 -0.823235 -0.002770 0.567545
397.001555204 4.458482 -0.406735 3.153693 -0.012536 -0.821716 -0.006930 0.569717
397.217072248 4.449286 -0.405421 3.152340 -0.013693 -0.820244 -0.010171 0.571760
397.433188677 4.438077 -0.405068 3.152241 -0.016725 -0.819039 -0.012562 0.573357
397.641039848 4.412452 -0.399523 3.149349 -0.019807 -0.818125 -0.013606 0.574537
397.847039700 4.401775 -0.394945 3.142967 -0.019269 -0.817381 -0.016869 0.575527
398.053738117 4.385833 -0.396953 3.142045 -0.019088 -0.817073 -0.019908 0.575875
398.265089512 4.367693 -0.390529 3.134295 -0.018756 -0.816015 -0.021887 0.577312
398.475953579 4.351229 -0.388852 3.131012 -0.017868 -0.814889 -0.024011 0.578844
398.686232805 4.323461 -0.385534 3.127852 -0.015476 -0.813931 -0.027686 0.580095
398.896268368 4.306389 -0.387021 3.115011 -0.014910 -0.812803 -0.030656 0.581541
399.108050108 4.296777 -0.380572 3.112940 -0.015537 -0.812881 -0.031655 0.581361
399.318887234 4.273041 -0.380296 3.101370 -0.016921 -0.812546 -0.034491 0.581630
399.530066252 4.255816 -0.378544 3.096068 -0.019170 -0.812304 -0.037005 0.581743
399.747025013 4.238176 -0.376028 3.091255 -0.020190 -0.811862 -0.040228 0.582111
399.960777044 4.220579 -0.371948 3.085530 -0.023782 -0.811395 -0.042349 0.582477
400.173876762 4.202364 -0.368128 3.080045 -0.026864 -0.810864 -0.044973 0.582885
400.391951084 4.183924 -0.361930 3.074345 -0.028580 -0.810838 -0.048396 0.582566
400.613596439 4.164696 -0.356666 3.069304 -0.032049 -0.810397 -0.050349 0.582834
400.831908226 4.144994 -0.354880 3.065165 -0.036198 -0.809383 -0.051382 0.583908
401.044644356 4.125672 -0.350607 3.062098 -0.039689 -0.808508 -0.050877 0.584936
401.259676695 4.105746 -0.346816 3.058198 -0.041496 -0.808038 -0.049907 0.585544
401.483878136 4.085526 -0.343636 3.054161 -0.043701 -0.807622 -0.048906 0.586042
401.706588268 4.066490 -0.341699 3.048807 -0.045284 -0.806664 -0.049151 0.587219
401.925281525 4.046525 -0.337507 3.045248 -0.047916 -0.805652 -0.047729 0.588516
402.141623020 4.027471 -0.338531 3.043114 -0.051053 -0.804940 -0.046739 0.589305
402.356589794 4.005157 -0.334039 3.039396 -0.052518 -0.802499 -0.046302 0.592532
402.572215796 3.982212 -0.332142 3.040433 -0.054426 -0.797886 -0.046233 0.598564
402.789432526 3.958739 -0.328921 3.044027 -0.055666 -0.792089 -0.046747 0.606062
403.016374826 3.936480 -0.321436 3.049824 -0.054502 -0.784815 -0.048387 0.615430
403.246457815 3.913004 -0.317933 3.055458 -0.053480 -0.777015 -0.050135 0.625200
403.479788542 3.893275 -0.313929 3.059016 -0.052311 -0.770830 -0.051752 0.632776
403.715158224 3.870126 -0.308607 3.060486 -0.052527 -0.767842 -0.051739 0.636383
403.953479767 3.851462 -0.307060 3.061238 -0.052930 -0.767701 -0.050536 0.636616
404.184583187 3.836148 -0.306684 3.057524 -0.050262 -0.768548 -0.050824 0.635786
404.407355547 3.811893 -0.306126 3.055050 -0.050168 -0.770764 -0.047820 0.633340
404.635398388 3.791103 -0.302216 3.051723 -0.048869 -0.771930 -0.045216 0.632211
404.865838051 3.775821 -0.303111 3.048688 -0.042529 -0.772784 -0.046091 0.631563
405.098499775 3.760139 -0.306353 3.047320 -0.038105 -0.773291 -0.043944 0.631378
405.330915451 3.743046 -0.304840 3.037279 -0.032512 -0.772778 -0.043679 0.632336
405.557466745 3.728257 -0.301397 3.033291 -0.028336 -0.773088 -0.042730 0.632224
405.780911446 3.705862 -0.303264 3.030333 -0.028313 -0.773173 -0.040945 0.632238
406.005775452 3.687660 -0.302214 3.028719 -0.029406 -0.771893 -0.039299 0.633855
406.229496717 3.675220 -0.305210 3.029604 -0.033895 -0.767994 -0.037527 0.638458
406.452052116 3.654341 -0.297901 3.037401 -0.036083 -0.762539 -0.038431 0.644790
406.673686028 3.635039 -0.294613 3.043432 -0.037615 -0.754077 -0.042025 0.654360
406.900861025 3.617522 -0.289295 3.055710 -0.040142 -0.745046 -0.043674 0.664370
407.124012947 3.602081 -0.288889 3.067841 -0.043689 -0.736109 -0.044284 0.673998
407.346070290 3.585893 -0.285626 3.076728 -0.050150 -0.730963 -0.040417 0.679370
407.569018364 3.565590 -0.286571 3.080031 -0.051897 -0.730917 -0.039328 0.679352
407.790455580 3.546509 -0.282696 3.077272 -0.050243 -0.732046 -0.041284 0.678145
408.012759447 3.525236 -0.275878 3.076299 -0.047534 -0.733439 -0.044439 0.676634
408.237982273 3.512597 -0.274683 3.075116 -0.046177 -0.734966 -0.044123 0.675089
408.462396383 3.499084 -0.273950 3.072749 -0.044857 -0.736334 -0.040237 0.673930
408.689738512 3.480084 -0.274877 3.072614 -0.041955 -0.737548 -0.036715 0.672989
408.909009933 3.456775 -0.275681 3.069813 -0.040729 -0.737425 -0.030520 0.673509
409.133170128 3.444670 -0.280300 3.072892 -0.038551 -0.736516 -0.025255 0.674848
409.348432064 3.428417 -0.277687 3.074981 -0.032452 -0.733837 -0.022821 0.678167
409.576843739 3.410132 -0.275214 3.082685 -0.025177 -0.729162 -0.023562 0.683472
409.798700571 3.399189 -0.278482 3.090968 -0.019961 -0.722494 -0.022913 0.690709
410.010691881 3.382524 -0.279664 3.102258 -0.017194 -0.714346 -0.020938 0.699269
410.227786064 3.374758 -0.282762 3.115230 -0.015946 -0.704829 -0.020216 0.708910
410.437014341 3.358735 -0.280188 3.130290 -0.014288 -0.694431 -0.020798 0.719116
410.639454365 3.344883 -0.280644 3.147004 -0.014136 -0.680574 -0.022001 0.732212
410.842290640 3.335512 -0.280277 3.166331 -0.016192 -0.665894 -0.021507 0.745560
411.051568031 3.321695 -0.277899 3.185341 -0.015433 -0.655685 -0.023869 0.754500
411.258689165 3.303478 -0.280426 3.195825 -0.010982 -0.650713 -0.030798 0.758620
411.468336105 3.281168 -0.279569 3.197225 -0.004886 -0.647657 -0.038721 0.760932
411.670259714 3.263170 -0.280558 3.195947 -0.001511 -0.647083 -0.045213 0.761077
411.878396034 3.242623 -0.280244 3.196434 -0.002251 -0.645709 -0.047462 0.762104
412.084490776 3.221968 -0.277481 3.203058 -0.005539 -0.645774 -0.046380 0.762098
412.287986517 3.199933 -0.272310 3.209299 -0.008363 -0.646948 -0.046843 0.761048
412.494302034 3.178982 -0.265531 3.213604 -0.013355 -0.646923 -0.046296 0.761032
412.702428579 3.158299 -0.257603 3.221062 -0.025021 -0.648134 -0.041132 0.760003
412.913159847 3.140060 -0.249485 3.228215 -0.040834 -0.649265 -0.032304 0.758778
413.134645224 3.123447 -0.246582 3.239697 -0.044881 -0.648970 -0.030940 0.758859
413.355758667 3.107770 -0.249628 3.252976 -0.045572 -0.648348 -0.030858 0.759352
413.575480700 3.095344 -0.249048 3.260560 -0.041312 -0.647110 -0.032725 0.760573
413.797616005 3.083817 -0.251687 3.266382 -0.038259 -0.646888 -0.032125 0.760947
414.016729593 3.066577 -0.253708 3.273601 -0.035823 -0.648845 -0.025689 0.759643
414.237174034 3.052815 -0.255461 3.276776 -0.032692 -0.648999 -0.017959 0.759875
414.454626322 3.038921 -0.259586 3.282319 -0.028095 -0.649388 -0.011875 0.759845
414.667435408 3.023959 -0.262021 3.289330 -0.022259 -0.649554 -0.008086 0.759947
414.880386591 3.008027 -0.263131 3.297170 -0.019364 -0.648438 -0.002771 0.761016
415.092916965 2.994171 -0.269490 3.303477 -0.016572 -0.646176 -0.001225 0.763007
415.304856062 2.980433 -0.270057 3.307356 -0.011458 -0.642842 -0.001696 0.765911
415.562000513 2.964656 -0.273527 3.315248 -0.009513 -0.638235 -0.001953 0.769780
415.767706633 2.949777 -0.273198 3.329189 -0.007475 -0.634110 -0.003734 0.773198
415.976950884 2.936332 -0.266976 3.333949 -0.005631 -0.628505 -0.004918 0.777770
416.181005955 2.916754 -0.267621 3.345861 -0.006100 -0.625736 -0.006874 0.779980
416.384842157 2.904782 -0.264192 3.348583 -0.006946 -0.624883 -0.006566 0.780660
416.594348431 2.884859 -0.260711 3.354259 -0.007044 -0.624279 -0.008936 0.781118
416.808140278 2.863575 -0.255221 3.361499 -0.007278 -0.623171 -0.012721 0.781948
417.018936872 2.849520 -0.253559 3.366533 -0.008586 -0.621896 -0.016339 0.782883
417.234461784 2.828558 -0.250067 3.371736 -0.010477 -0.620720 -0.018941 0.783734
417.450799227 2.811524 -0.244241 3.378891 -0.011172 -0.619871 -0.022738 0.784294
417.670215845 2.793192 -0.241575 3.384041 -0.011048 -0.618454 -0.026034 0.785312
417.891252041 2.780430 -0.242644 3.389890 -0.011967 -0.617269 -0.026441 0.786216
418.111457109 2.754949 -0.236876 3.400827 -0.010765 -0.616508 -0.027819 0.786783
418.330369234 2.741102 -0.237902 3.404555 -0.008628 -0.614815 -0.030294 0.788042
418.549259186 2.725626 -0.236001 3.406628 -0.005497 -0.614461 -0.030227 0.788349
418.765852451 2.707179 -0.236663 3.407641 -0.003693 -0.614336 -0.028617 0.788517
418.977894545 2.685057 -0.241936 3.424710 -0.005966 -0.616026 -0.025804 0.787281
419.193722248 2.677108 -0.239635 3.423542 -0.005641 -0.616202 -0.025421 0.787158
419.406838417 2.666085 -0.243782 3.424861 -0.006524 -0.616416 -0.026440 0.786950
419.634959221 2.651301 -0.241589 3.429812 -0.007688 -0.615972 -0.029089 0.787194
419.866702080 2.632078 -0.240755 3.445022 -0.013527 -0.616696 -0.029822 0.786520
420.097067356 2.615175 -0.234793 3.451776 -0.017068 -0.615823 -0.032796 0.787017
420.335153341 2.607396 -0.228124 3.455214 -0.022067 -0.614346 -0.035106 0.787947
420.563038111 2.596279 -0.222149 3.463109 -0.025167 -0.613800 -0.038957 0.788098
420.787556887 2.577685 -0.216151 3.470439 -0.024919 -0.614976 -0.042436 0.787009
421.011704683 2.557644 -0.214984 3.474976 -0.025045 -0.616612 -0.042766 0.785706
421.236064196 2.541506 -0.214986 3.479746 -0.023979 -0.618512 -0.042596 0.784254
421.461297750 2.523903 -0.216148 3.488360 -0.021380 -0.619345 -0.041541 0.783727
421.685663223 2.505344 -0.217360 3.489919 -0.018095 -0.619674 -0.039944 0.783633
421.908744097 2.489116 -0.219001 3.494039 -0.015350 -0.620015 -0.038247 0.783507
422.129088879 2.473156 -0.219212 3.498966 -0.012683 -0.620043 -0.038257 0.783532
422.348165751 2.455768 -0.219097 3.504044 -0.010428 -0.620027 -0.039106 0.783536
422.570145607 2.439195 -0.217075 3.508865 -0.009978 -0.620267 -0.038596 0.783377
422.790487289 2.422006 -0.215087 3.515005 -0.011655 -0.620713 -0.037183 0.783069
423.013776541 2.402335 -0.212412 3.521449 -0.012628 -0.621105 -0.037065 0.782749
423.240114927 2.385068 -0.211817 3.528774 -0.013748 -0.621615 -0.037515 0.782303
423.462236404 2.370043 -0.211415 3.533415 -0.014612 -0.621371 -0.037279 0.782493
423.682767391 2.351954 -0.208412 3.540466 -0.015410 -0.621247 -0.037051 0.782586
423.905636787 2.338199 -0.204261 3.547611 -0.013062 -0.621832 -0.040623 0.781987
424.126358747 2.319682 -0.205456 3.552889 -0.013393 -0.622547 -0.041135 0.781386
424.347101927 2.303663 -0.204644 3.557284 -0.013889 -0.623615 -0.039911 0.780588
424.566326380 2.284166 -0.201624 3.563053 -0.014574 -0.623960 -0.037489 0.780421
424.787837505 2.265673 -0.197780 3.567243 -0.012834 -0.623662 -0.038832 0.780623
425.011357546 2.248173 -0.199044 3.575046 -0.013485 -0.623936 -0.039925 0.780339
425.230353117 2.230375 -0.199562 3.581650 -0.014565 -0.624722 -0.039216 0.779726
425.441619635 2.209542 -0.196327 3.586717 -0.015299 -0.625291 -0.038895 0.779272
425.659277201 2.189714 -0.191134 3.592559 -0.015743 -0.625047 -0.040622 0.779371
425.884765625 2.171061 -0.187835 3.598645 -0.018423 -0.624047 -0.041571 0.780063
426.110647917 2.153008 -0.185034 3.604413 -0.021744 -0.623269 -0.041789 0.780588
426.338124752 2.134297 -0.182583 3.612538 -0.024362 -0.623392 -0.042791 0.780358
426.565132380 2.121389 -0.178889 3.620435 -0.024966 -0.623901 -0.043681 0.779882
426.788805246 2.104271 -0.178142 3.623654 -0.027742 -0.623044 -0.041136 0.780612
427.013268948 2.087919 -0.181372 3.635232 -0.029015 -0.623709 -0.041084 0.780037
427.237694025 2.069771 -0.179871 3.638058 -0.027578 -0.623094 -0.041348 0.780566
427.457970858 2.056217 -0.175990 3.644632 -0.023646 -0.622696 -0.042646 0.780943
427.679663181 2.040217 -0.177529 3.650221 -0.021182 -0.621683 -0.044029 0.781744
427.903543472 2.017980 -0.174913 3.657114 -0.016608 -0.621239 -0.047142 0.782026
428.125053644 2.000268 -0.177484 3.660444 -0.012567 -0.621286 -0.047679 0.782031
428.344988346 1.981233 -0.181854 3.664772 -0.009118 -0.621647 -0.047547 0.781800
428.567381859 1.971308 -0.184439 3.667407 -0.004959 -0.621784 -0.047546 0.781728
428.786676884 1.950354 -0.180913 3.672045 -0.001257 -0.622361 -0.046576 0.781343
429.008895636 1.934860 -0.181379 3.677534 0.001170 -0.622819 -0.045364 0.781049
429.224616289 1.916617 -0.182165 3.680403 0.004182 -0.622794 -0.044291 0.781120
429.441322327 1.905565 -0.182828 3.685645 0.006894 -0.623267 -0.043865 0.780748
429.657660246 1.889129 -0.184246 3.692566 0.007449 -0.623766 -0.042525 0.780418
429.872969866 1.869656 -0.182377 3.695981 0.008437 -0.624059 -0.039795 0.780317
430.090165854 1.852340 -0.182044 3.702144 0.008903 -0.624419 -0.036553 0.780183
430.305975676 1.836102 -0.183024 3.708025 0.011188 -0.624631 -0.035980 0.780011
430.522030115 1.819477 -0.182502 3.714941 0.011113 -0.624859 -0.034586 0.779892
430.736825228 1.802950 -0.181298 3.721910 0.009891 -0.625046 -0.032238 0.779859
430.953737974 1.784581 -0.181061 3.728593 0.009489 -0.625219 -0.030539 0.779794
431.169493675 1.767650 -0.181038 3.735082 0.007204 -0.625555 -0.027832 0.779651
431.386064291 1.749588 -0.178025 3.741309 0.005865 -0.625902 -0.027142 0.779408
431.604661703 1.729313 -0.173146 3.749084 0.002504 -0.626522 -0.025624 0.778978
431.825548410 1.708806 -0.170853 3.756412 -0.003751 -0.627694 -0.020817 0.778173
432.042802334 1.695388 -0.169276 3.762536 -0.009348 -0.628594 -0.018749 0.777451
432.266058445 1.678452 -0.165943 3.770435 -0.013897 -0.629826 -0.019239 0.776374
432.489315510 1.659026 -0.162132 3.778855 -0.020920 -0.630557 -0.015313 0.775710
432.715552330 1.642795 -0.161436 3.786927 -0.023489 -0.630732 -0.015360 0.775493
432.945279837 1.625162 -0.160270 3.793030 -0.021812 -0.631581 -0.017478 0.774806
433.166696072 1.610391 -0.163365 3.799035 -0.021494 -0.633533 -0.015522 0.773261
433.387303591 1.594327 -0.164416 3.803453 -0.020516 -0.635304 -0.013071 0.771879
433.609133482 1.580273 -0.163413 3.809796 -0.015451 -0.636033 -0.013209 0.771394
433.826401711 1.566376 -0.165567 3.817526 -0.011850 -0.636257 -0.012424 0.771286
434.044827223 1.552649 -0.166763 3.820989 -0.010729 -0.635818 -0.009408 0.771707
434.263841867 1.537936 -0.166907 3.827435 -0.010376 -0.634698 -0.006413 0.772664
434.486641645 1.521736 -0.167322 3.835834 -0.008489 -0.634087 -0.006599 0.773187
434.709098101 1.504834 -0.168049 3.843691 -0.007576 -0.633174 -0.005387 0.773954
434.926256657 1.490571 -0.164654 3.851450 -0.007448 -0.632148 -0.003015 0.774806
435.143709421 1.479582 -0.163923 3.858312 -0.006535 -0.631382 -0.003532 0.775436
435.360427618 1.466491 -0.166352 3.863174 -0.007903 -0.631440 -0.000661 0.775384
435.580941916 1.451281 -0.165080 3.869710 -0.009526 -0.632342 0.002824 0.774625
435.797069073 1.436494 -0.165450 3.877937 -0.009878 -0.633705 0.003178 0.773505
436.014139652 1.423484 -0.169485 3.886911 -0.010902 -0.635872 0.003881 0.771708
436.234402418 1.410192 -0.167644 3.893832 -0.012192 -0.637988 0.005478 0.769930
436.455146790 1.393456 -0.167376 3.902302 -0.010806 -0.640141 0.006096 0.768157
436.683327198 1.381455 -0.168342 3.909002 -0.011286 -0.642363 0.006165 0.766292
436.902494907 1.366147 -0.168971 3.916319 -0.012241 -0.643995 0.008102 0.764889
437.129025936 1.354548 -0.168715 3.920862 -0.009631 -0.644933 0.006742 0.764149
437.351109266 1.341799 -0.170623 3.926557 -0.009888 -0.645966 0.007440 0.763266
437.569712400 1.325098 -0.169165 3.935393 -0.008060 -0.646290 0.006135 0.763025
437.787816286 1.310399 -0.167096 3.940190 -0.006911 -0.645721 0.005996 0.763519
438.000353813 1.296069 -0.167084 3.945698 -0.005729 -0.644907 0.005358 0.764221
438.217133760 1.281219 -0.166409 3.951744 -0.004633 -0.643228 0.004051 0.765650
438.434955120 1.267378 -0.169280 3.955927 -0.003812 -0.641939 0.004397 0.766734
438.652085781 1.253823 -0.172374 3.959662 -0.003482 -0.641776 0.006337 0.766858
438.875838041 1.240539 -0.173579 3.965071 -0.004520 -0.641629 0.009194 0.766947
439.099510908 1.227807 -0.176033 3.971003 -0.004297 -0.641189 0.010784 0.767295
439.323686361 1.215329 -0.176349 3.977299 -0.004423 -0.640128 0.011685 0.768167
439.544086695 1.201077 -0.176125 3.983829 -0.003174 -0.639746 0.010588 0.768507
439.753474951 1.185347 -0.175639 3.990411 -0.001405 -0.638874 0.008826 0.769260
439.964671612 1.170592 -0.172849 3.996860 0.000571 -0.637488 0.006912 0.770429
440.175238848 1.156059 -0.172675 3.999854 0.004283 -0.637101 0.002929 0.770763
440.392123938 1.137263 -0.169172 4.003325 0.006227 -0.637023 0.001299 0.770818
440.603474379 1.120561 -0.166718 4.008896 0.005591 -0.637066 0.002570 0.770785
440.819017172 1.103519 -0.165839 4.014100 0.006435 -0.637651 0.003007 0.770293
441.029245138 1.086884 -0.169524 4.020381 0.003081 -0.638208 0.007779 0.769818
441.242165089 1.070091 -0.169955 4.025757 0.001431 -0.638585 0.011036 0.769471
441.449695110 1.060249 -0.174340 4.030775 0.000313 -0.638608 0.011573 0.769445
441.669466496 1.051497 -0.176364 4.035036 -0.000552 -0.638061 0.012261 0.769888
441.890345573 1.038779 -0.176596 4.042061 -0.001509 -0.637615 0.011893 0.770262
442.111810684 1.018931 -0.174705 4.053764 -0.003461 -0.637272 0.012354 0.770532
442.331139088 1.005147 -0.173808 4.060417 -0.002912 -0.635816 0.009409 0.771778
442.555089474 0.998175 -0.173513 4.060395 -0.001870 -0.634270 0.006387 0.773083
442.769194603 0.982064 -0.176836 4.066782 -0.000414 -0.634260 0.004013 0.773109
442.970193386 0.971300 -0.181989 4.067101 0.008492 -0.637406 -0.001462 0.770480
443.166215658 0.959268 -0.185702 4.068711 0.015476 -0.641150 -0.001790 0.767257
443.363145590 0.948618 -0.184990 4.068301 0.014617 -0.642314 0.007212 0.766269
443.560314655 0.936947 -0.184813 4.077659 0.007963 -0.637555 0.020793 0.770083
443.778452635 0.929974 -0.191679 4.088061 0.003815 -0.632182 0.027099 0.774337
444.010735273 0.925400 -0.191624 4.096280 0.005044 -0.629007 0.026721 0.776924
444.234525442 0.921679 -0.188090 4.102068 0.008737 -0.624921 0.022429 0.780317
444.462262392 0.911056 -0.187543 4.111448 0.008331 -0.618368 0.023039 0.785507
444.670777798 0.901497 -0.186051 4.124368 0.008546 -0.609666 0.021355 0.792324
444.875965595 0.892481 -0.183070 4.137198 0.010723 -0.599105 0.015856 0.800442
445.072491407 0.881696 -0.181138 4.153668 0.011348 -0.586818 0.012486 0.809543
445.269980907 0.870576 -0.180870 4.171791 0.010371 -0.573475 0.010500 0.819090
445.473827600 0.856845 -0.178397 4.190672 0.008884 -0.560061 0.008782 0.828357
445.682522535 0.850653 -0.178704 4.207822 0.007878 -0.546969 0.005728 0.837097
445.905231953 0.840246 -0.178541 4.227527 0.006780 -0.535265 0.005177 0.844641
446.135561705 0.828004 -0.177812 4.243018 0.006480 -0.526726 0.005027 0.849995
446.370173216 0.814975 -0.177669 4.255325 0.009919 -0.521417 0.000988 0.853244
446.611841202 0.804783 -0.177732 4.265727 0.014747 -0.517864 -0.003331 0.855329
446.846011877 0.793391 -0.179502 4.275655 0.016863 -0.515580 -0.004719 0.856663
447.071015596 0.782871 -0.181322 4.285182 0.015786 -0.513763 -0.003301 0.857781
447.303961039 0.773541 -0.181609 4.299154 0.012735 -0.508466 -0.000660 0.860988
447.533325672 0.768966 -0.181555 4.315061 0.009216 -0.500188 0.001511 0.865866
447.754251480 0.764068 -0.177922 4.333503 0.008274 -0.490107 -0.000685 0.871623
447.977511406 0.758473 -0.178195 4.353037 0.005871 -0.479973 -0.000770 0.877263
448.199951887 0.753580 -0.176373 4.370221 0.006042 -0.469139 -0.002832 0.883099
448.424774647 0.747408 -0.176332 4.389490 0.006342 -0.457811 -0.002476 0.889023
448.645536661 0.742555 -0.179829 4.408089 0.005295 -0.447132 -0.000342 0.894452
448.869059563 0.741800 -0.181923 4.426903 0.005214 -0.437598 0.001790 0.899154
449.112317801 0.736179 -0.184335 4.443146 0.006838 -0.430894 0.004145 0.902367
449.343844891 0.728706 -0.186862 4.457858 0.010651 -0.427670 0.003762 0.903864
449.570384026 0.721007 -0.188439 4.470922 0.014374 -0.425720 0.004524 0.904730
449.800925970 0.710610 -0.189466 4.483882 0.017748 -0.424886 0.006012 0.905053
450.027686834 0.699869 -0.190408 4.499046 0.019421 -0.423180 0.008003 0.905802
450.255971432 0.693624 -0.191732 4.515759 0.019537 -0.417406 0.008935 0.908466
450.477978468 0.687983 -0.190150 4.532981 0.020457 -0.407714 0.008239 0.912843
450.700148344 0.687150 -0.192393 4.552816 0.016997 -0.395192 0.011262 0.918372
450.925840616 0.686366 -0.191303 4.579069 0.013812 -0.383246 0.011947 0.923466
451.145514965 0.686161 -0.186834 4.602101 0.012205 -0.369582 0.009991 0.929064
451.373139381 0.680032 -0.182281 4.623825 0.011496 -0.360564 0.006030 0.932644
451.602621555 0.668432 -0.179844 4.642146 0.011504 -0.358280 0.004026 0.933535
451.835788250 0.659707 -0.179039 4.657279 0.011915 -0.360719 0.004488 0.932588
452.064779997 0.649831 -0.180075 4.671819 0.012164 -0.362262 0.004997 0.931984
452.295847654 0.644582 -0.181091 4.689250 0.012732 -0.361222 0.004924 0.932380
452.522237062 0.633803 -0.182368 4.706371 0.014101 -0.356318 0.002525 0.934255
452.753568649 0.625562 -0.181465 4.723639 0.016333 -0.356272 0.003129 0.934234
452.986233473 0.619857 -0.184457 4.738114 0.017529 -0.352764 0.002362 0.935545
453.213705063 0.616846 -0.190606 4.756149 0.017176 -0.345418 0.005193 0.938277
453.438285828 0.617780 -0.191254 4.775487 0.018932 -0.336881 0.003779 0.941349
453.662535906 0.618601 -0.192069 4.794457 0.019844 -0.326364 0.000987 0.945036
453.891161680 0.619426 -0.194855 4.811691 0.019586 -0.316009 0.002865 0.948550
454.132151127 0.621484 -0.195329 4.829058 0.020049 -0.306864 0.003158 0.951537
454.371146202 0.620593 -0.196347 4.844759 0.019782 -0.299044 0.006157 0.954014
454.606064320 0.615565 -0.202154 4.857039 0.019387 -0.297814 0.009249 0.954382
454.829397678 0.610638 -0.204175 4.869766 0.021836 -0.300104 0.008869 0.953615
455.048960209 0.602734 -0.208048 4.884122 0.022861 -0.302227 0.009512 0.952914
455.271855593 0.597505 -0.208304 4.898401 0.024861 -0.300321 0.008903 0.953473
455.498573065 0.597748 -0.214050 4.913358 0.025015 -0.293748 0.008049 0.955522
455.720864534 0.596997 -0.212618 4.935011 0.026926 -0.286159 0.001749 0.957802
455.942481995 0.595816 -0.212278 4.954226 0.028428 -0.276779 0.000276 0.960513
456.166531563 0.598714 -0.212083 4.974107 0.030334 -0.265059 -0.003456 0.963749
456.383054495 0.600940 -0.210880 4.999461 0.030827 -0.250468 -0.006403 0.967613
456.605179787 0.603654 -0.212161 5.021816 0.029945 -0.236604 -0.003691 0.971138
456.833270788 0.602403 -0.212336 5.045847 0.028965 -0.226686 -0.005356 0.973522
457.058584452 0.599714 -0.212898 5.065616 0.029377 -0.223095 -0.006611 0.974331
457.286813021 0.595968 -0.213043 5.085495 0.029593 -0.222205 -0.008255 0.974516
457.511704683 0.593156 -0.211377 5.104336 0.028381 -0.221714 -0.004333 0.974689
457.728787184 0.588426 -0.210765 5.126810 0.026427 -0.221059 -0.005045 0.974889
457.948816776 0.587428 -0.210987 5.145965 0.025639 -0.219662 -0.007555 0.975210
458.165510416 0.586033 -0.208390 5.167757 0.026502 -0.216413 -0.016576 0.975801
458.385109186 0.587064 -0.206957 5.191580 0.026535 -0.210895 -0.018957 0.976965
458.611242533 0.586726 -0.209538 5.213409 0.025254 -0.206447 -0.019216 0.977943
458.840412378 0.584450 -0.211147 5.234421 0.025211 -0.205929 -0.016583 0.978102
459.070234299 0.577587 -0.210945 5.252423 0.026827 -0.205308 -0.017704 0.978169
459.298383951 0.571786 -0.212634 5.269136 0.028405 -0.205508 -0.019435 0.978050
459.529222727 0.567007 -0.214715 5.286498 0.030793 -0.205132 -0.023240 0.977974
459.757886648 0.562712 -0.215990 5.304988 0.032787 -0.204560 -0.026744 0.977939
459.987357378 0.558739 -0.217769 5.322582 0.033781 -0.203587 -0.028140 0.978069
460.215003490 0.554461 -0.219625 5.340878 0.034525 -0.202500 -0.028617 0.978255
460.442979813 0.549013 -0.220922 5.357676 0.035513 -0.201902 -0.032278 0.978229
460.672652245 0.543211 -0.221236 5.375038 0.035627 -0.202309 -0.033019 0.978116
460.899992228 0.537344 -0.222279 5.392895 0.034934 -0.203094 -0.032594 0.977993
461.128563404 0.532101 -0.224623 5.411078 0.033986 -0.204324 -0.032880 0.977761
461.354550362 0.526355 -0.226549 5.429929 0.032916 -0.204869 -0.034611 0.977623
461.579408169 0.520169 -0.225495 5.449128 0.032328 -0.205817 -0.036170 0.977387
461.801739693 0.512796 -0.224540 5.468525 0.031063 -0.207101 -0.035776 0.977172
462.025093079 0.504779 -0.224142 5.487470 0.030366 -0.208233 -0.035254 0.976972
462.247242689 0.500166 -0.225756 5.504698 0.030742 -0.210422 -0.032250 0.976595
462.471604109 0.493304 -0.228005 5.523432 0.031509 -0.211715 -0.031427 0.976318
462.702011824 0.484931 -0.227672 5.542729 0.033019 -0.212223 -0.029801 0.976209
462.942101955 0.478521 -0.228717 5.560692 0.034914 -0.213332 -0.030828 0.975869
463.179982185 0.473234 -0.231393 5.578648 0.036062 -0.214495 -0.029677 0.975608
463.409186840 0.468229 -0.231791 5.596467 0.037376 -0.214339 -0.028652 0.975623
463.638559341 0.465182 -0.233259 5.612913 0.040633 -0.214736 -0.030667 0.975345
463.870018721 0.457405 -0.234217 5.630200 0.045571 -0.214364 -0.035753 0.975035
464.105990171 0.451343 -0.236824 5.647416 0.050153 -0.215246 -0.039456 0.974473
464.337124825 0.443289 -0.239315 5.664660 0.054048 -0.214077 -0.041912 0.974419
464.570671082 0.438978 -0.241573 5.682864 0.057648 -0.212330 -0.042745 0.974559
464.802892447 0.436148 -0.246380 5.695736 0.059253 -0.210511 -0.042580 0.974865
465.048761368 0.431375 -0.249173 5.713408 0.059637 -0.208675 -0.041605 0.975278
465.277107954 0.428649 -0.251175 5.729670 0.060069 -0.205918 -0.044429 0.975713
465.504533291 0.426623 -0.252512 5.747663 0.058949 -0.202586 -0.048248 0.976297
465.731712580 0.424933 -0.253070 5.766363 0.056511 -0.197545 -0.053267 0.977213
465.959182739 0.423923 -0.252351 5.785730 0.052402 -0.192285 -0.056467 0.978311
466.186592340 0.421605 -0.249347 5.806478 0.046670 -0.187259 -0.062987 0.979178
466.418532848 0.422334 -0.244360 5.828552 0.039133 -0.180441 -0.061462 0.980883
466.642875433 0.426919 -0.242622 5.850917 0.029872 -0.169477 -0.053877 0.983607
466.871149540 0.434940 -0.240629 5.876306 0.020983 -0.155577 -0.049058 0.986382
467.099138737 0.442350 -0.241123 5.904127 0.015535 -0.141972 -0.048502 0.988560
467.319873810 0.447930 -0.246875 5.925741 0.013329 -0.131722 -0.047954 0.990036
467.538381815 0.451609 -0.250603 5.950817 0.014182 -0.121881 -0.048891 0.991238
467.765160322 0.453157 -0.251802 5.972391 0.017106 -0.116602 -0.048207 0.991861
468.001683712 0.450027 -0.254926 5.986499 0.022590 -0.117076 -0.047635 0.991723
468.243802547 0.444117 -0.255982 6.005294 0.030227 -0.117853 -0.048214 0.991399
468.474587202 0.441370 -0.259801 6.021124 0.036521 -0.118729 -0.043211 0.991314
468.702998161 0.439801 -0.265575 6.036889 0.041409 -0.119330 -0.038716 0.991235
468.929677725 0.438798 -0.270483 6.054006 0.046150 -0.119173 -0.034293 0.991207
469.158697844 0.440967 -0.277286 6.071061 0.049400 -0.115725 -0.032502 0.991520
469.382802010 0.444818 -0.282883 6.092820 0.050835 -0.107268 -0.030419 0.992464
469.607250452 0.453476 -0.286305 6.116233 0.051927 -0.095485 -0.031871 0.993565
469.835941553 0.463917 -0.288115 6.137848 0.051717 -0.084477 -0.033079 0.994532
470.058726072 0.466455 -0.288475 6.155467 0.053171 -0.078938 -0.036921 0.994776
470.274528027 0.466164 -0.289461 6.175819 0.053665 -0.076558 -0.040101 0.994812
470.489780188 0.463704 -0.287418 6.196943 0.054234 -0.074997 -0.043209 0.994770
470.702689171 0.462304 -0.283632 6.218844 0.053907 -0.073360 -0.048316 0.994675
470.917644262 0.461601 -0.285652 6.238605 0.051458 -0.072608 -0.048588 0.994846
471.132963181 0.461006 -0.286473 6.260128 0.050346 -0.072317 -0.049185 0.994895
471.346814156 0.458761 -0.288154 6.281139 0.050068 -0.072522 -0.050365 0.994835
471.558995962 0.455837 -0.290580 6.301178 0.050193 -0.074073 -0.051305 0.994667
471.774343014 0.453849 -0.292011 6.322207 0.050070 -0.074638 -0.049403 0.994727
471.985246420 0.453780 -0.292262 6.342000 0.049795 -0.074636 -0.046472 0.994882
472.197718143 0.454748 -0.293729 6.363791 0.048682 -0.075449 -0.044263 0.994977
472.412211657 0.456050 -0.292942 6.384196 0.045820 -0.074490 -0.045730 0.995118
472.633724928 0.457375 -0.289091 6.406802 0.040992 -0.071659 -0.049158 0.995373
472.866086006 0.460547 -0.281307 6.427023 0.030810 -0.067285 -0.051676 0.995918
473.115358114 0.463437 -0.277650 6.444378 0.020579 -0.065245 -0.056130 0.996077
473.367290258 0.464222 -0.278515 6.458593 0.012382 -0.066374 -0.055602 0.996168
473.620676279 0.465982 -0.279921 6.471143 0.006288 -0.069368 -0.054287 0.996093
473.874030828 0.469140 -0.280258 6.481876 0.002131 -0.075015 -0.053787 0.995729
474.130174637 0.470756 -0.280809 6.487827 -0.000449 -0.082876 -0.051992 0.995203
474.382129192 0.472463 -0.280605 6.491895 -0.000986 -0.091793 -0.051012 0.994470
474.633714914 0.473259 -0.280527 6.493514 0.000983 -0.101952 -0.051494 0.993455
