0.000000000 0.000000 0.000000 0.000000 -0.000000 -0.000000 -0.000000 1.000000
0.349745512 0.000158 0.000056 0.000124 0.000009 0.000005 -0.000067 1.000000
0.698821545 0.000094 0.000021 0.000242 -0.000004 0.000118 -0.000088 1.000000
1.047917128 0.000523 0.000133 0.000182 0.000022 0.000004 -0.000013 1.000000
1.397016764 0.000463 0.000196 0.000548 -0.000024 0.000101 -0.000061 1.000000
1.748010874 0.000441 0.000164 0.000458 -0.000029 0.000174 -0.000065 1.000000
2.105348349 0.000680 0.000212 0.000517 -0.000033 0.000127 -0.000183 1.000000
2.452178955 0.000592 0.000110 0.000535 -0.000064 0.000213 -0.000256 1.000000
2.798313856 0.000986 -0.000029 0.000009 -0.000053 0.000159 -0.000038 1.000000
3.147389889 0.000644 -0.000182 -0.000438 0.000009 0.000192 -0.000019 1.000000
3.505854368 0.000662 -0.000155 -0.000194 -0.000080 0.000237 -0.000162 1.000000
3.865051746 0.001079 0.000016 0.000282 -0.000073 0.000256 -0.000143 1.000000
4.222121000 0.001068 -0.000055 -0.000166 -0.000044 0.000207 -0.000065 1.000000
4.579226732 0.001122 0.000047 0.000049 -0.000061 0.000301 -0.000212 1.000000
4.938203573 0.001454 -0.000039 0.000202 -0.000072 0.000298 -0.000138 1.000000
5.297356367 0.001429 0.000046 0.000465 -0.000065 0.000278 -0.000022 1.000000
5.652585745 0.001740 0.000246 0.000486 -0.000078 0.000302 -0.000163 1.000000
6.007328510 0.001675 0.000259 0.000444 -0.000019 0.000311 -0.000052 1.000000
6.360306978 0.001764 -0.000010 0.000050 -0.000123 0.000343 -0.000145 1.000000
6.712845564 0.001851 0.000143 0.000372 -0.000142 0.000341 -0.000173 1.000000
7.064461470 0.002099 0.000178 0.000352 -0.000108 0.000338 -0.000245 1.000000
7.420084476 0.001954 0.000121 0.000379 -0.000147 0.000442 -0.000206 1.000000
7.770247936 0.002196 0.000238 0.000698 -0.000107 0.000419 -0.000187 1.000000
8.121931791 0.002290 0.000306 0.000562 -0.000045 0.000385 -0.000184 1.000000
8.477322578 0.002420 0.000206 0.000662 -0.000119 0.000378 -0.000332 1.000000
8.832512379 0.002497 0.000121 0.000774 -0.000129 0.000401 -0.000333 1.000000
9.183404207 0.002526 -0.000002 0.000330 -0.000091 0.000399 -0.000208 1.000000
9.534312487 0.002532 -0.000122 -0.000124 -0.000097 0.000393 -0.000209 1.000000
9.886700869 0.002669 0.000409 0.000741 -0.000056 0.000398 -0.000223 1.000000
10.236561298 0.003186 0.000168 0.000952 -0.000097 0.000317 -0.000174 1.000000
10.588283062 0.003045 0.000119 0.000345 -0.000029 0.000314 -0.000319 1.000000
10.938086987 0.003054 0.000276 0.000675 -0.000035 0.000377 -0.000358 1.000000
11.287297010 0.003429 0.000616 0.001491 -0.000052 0.000418 -0.000354 1.000000
11.638742685 0.003158 0.000124 0.000475 -0.000140 0.000439 -0.000440 1.000000
11.992002726 0.003345 0.000237 0.000227 -0.000084 0.000462 -0.000454 1.000000
12.342259407 0.003474 0.000080 0.000327 -0.000135 0.000388 -0.000385 1.000000
12.695950508 0.003638 0.000217 0.000248 -0.000101 0.000360 -0.000447 1.000000
13.047078609 0.003506 0.000226 0.000664 -0.000137 0.000503 -0.000477 1.000000
13.398429394 0.003615 0.000196 0.000361 -0.000083 0.000510 -0.000458 1.000000
13.750690460 0.003761 0.000316 0.000944 -0.000054 0.000516 -0.000464 1.000000
14.101397276 0.003917 0.000483 0.001044 -0.000107 0.000582 -0.000386 1.000000
14.451072216 0.004285 0.000511 0.000867 -0.000111 0.000443 -0.000464 1.000000
14.804690361 0.004224 0.000614 0.001496 -0.000121 0.000536 -0.000473 1.000000
15.156216860 0.004331 0.000697 0.001139 -0.000061 0.000426 -0.000407 1.000000
15.507417440 0.004691 0.000545 0.000947 -0.000114 0.000400 -0.000460 1.000000
15.860636234 0.004243 0.000270 0.000565 -0.000246 0.000527 -0.000625 1.000000
16.208939075 0.005081 0.000624 0.000682 -0.000109 0.000402 -0.000427 1.000000
16.561137438 0.004767 0.000357 0.000806 -0.000127 0.000487 -0.000443 1.000000
16.912770510 0.004858 0.000657 0.001289 -0.000155 0.000482 -0.000487 1.000000
17.265010595 0.005167 0.000744 0.000841 -0.000100 0.000509 -0.000553 1.000000
17.622919321 0.004763 0.000423 0.000699 -0.000236 0.000599 -0.000679 1.000000
17.979490757 0.004538 0.000450 -0.000133 -0.000196 0.000585 -0.000714 1.000000
18.336465597 0.004884 0.000240 0.000746 -0.000340 0.000649 -0.000629 1.000000
18.689190626 0.005250 0.000586 0.000733 -0.000210 0.000551 -0.000543 1.000000
19.039698362 0.005131 0.000638 0.000544 -0.000208 0.000593 -0.000677 1.000000
19.392509460 0.005167 0.000575 0.000645 -0.000237 0.000630 -0.000731 1.000000
19.749219179 0.005573 0.000675 0.000676 -0.000225 0.000590 -0.000720 1.000000
20.102838993 0.005583 0.000399 0.000060 -0.000241 0.000594 -0.000682 1.000000
20.466886282 0.005326 0.000557 0.000454 -0.000249 0.000731 -0.000665 1.000000
20.830054522 0.005776 0.000792 0.000000 -0.000225 0.000591 -0.000723 1.000000
21.179946899 0.006091 0.000655 0.000341 -0.000208 0.000619 -0.000651 1.000000
21.530029058 0.006160 0.001104 0.001026 -0.000189 0.000654 -0.000881 0.999999
21.874140739 0.006095 0.001001 0.001343 -0.000230 0.000733 -0.000716 0.999999
22.219185114 0.006390 0.000856 0.001020 -0.000282 0.000673 -0.000698 1.000000
22.565051079 0.006165 0.000909 0.000711 -0.000215 0.000711 -0.000742 0.999999
22.911193132 0.006469 0.000973 0.001046 -0.000274 0.000644 -0.000680 1.000000
23.254202366 0.006421 0.000330 -0.000234 -0.000334 0.000679 -0.000749 0.999999
23.604112864 0.006544 0.000813 0.000684 -0.000312 0.000750 -0.000880 0.999999
23.951018572 0.006721 0.000441 0.000087 -0.000372 0.000811 -0.000745 0.999999
24.300550938 0.006791 0.000796 0.001057 -0.000332 0.000802 -0.000903 0.999999
24.649335384 0.006942 0.000858 0.001350 -0.000294 0.000811 -0.000860 0.999999
24.996750116 0.007084 0.001080 0.001621 -0.000375 0.000842 -0.000878 0.999999
25.348642588 0.007608 0.001414 0.001757 -0.000275 0.000749 -0.000843 0.999999
25.694396973 0.007806 0.001250 0.001672 -0.000310 0.000760 -0.000828 0.999999
26.038719177 0.007565 0.001082 0.001321 -0.000378 0.000905 -0.000926 0.999999
26.386191130 0.007831 0.001161 0.001271 -0.000376 0.000746 -0.000879 0.999999
26.732031584 0.007754 0.000994 0.001232 -0.000434 0.000892 -0.000871 0.999999
27.080050468 0.007862 0.001221 0.002028 -0.000430 0.000971 -0.000861 0.999999
27.430171490 0.007942 0.001484 0.001597 -0.000297 0.001006 -0.000914 0.999999
27.772474766 0.008098 0.001256 0.001312 -0.000338 0.001004 -0.000863 0.999999
28.125652552 0.008259 0.001573 0.001919 -0.000347 0.001006 -0.000907 0.999999
28.478820324 0.008376 0.001249 0.001284 -0.000366 0.000955 -0.000879 0.999999
28.847046375 0.008200 0.001207 0.001416 -0.000381 0.001015 -0.000842 0.999999
29.204705238 0.008632 0.001485 0.001862 -0.000401 0.000997 -0.000948 0.999999
29.559331179 0.008750 0.001305 0.001581 -0.000387 0.001034 -0.000938 0.999999
29.901371479 0.008977 0.001260 0.001613 -0.000424 0.001078 -0.000964 0.999999
30.247720480 0.009706 0.001923 0.002258 -0.000209 0.000964 -0.000878 0.999999
30.592593908 0.009624 0.001484 0.002021 -0.000303 0.001014 -0.000767 0.999999
30.938836336 0.009434 0.001443 0.001619 -0.000421 0.001081 -0.001035 0.999999
31.307134628 0.009452 0.001293 0.001201 -0.000402 0.001132 -0.001033 0.999999
31.660224199 0.009425 0.001593 0.001919 -0.000367 0.001161 -0.000970 0.999999
32.007753372 0.009746 0.001440 0.001337 -0.000394 0.001063 -0.000914 0.999999
32.360677242 0.009913 0.002002 0.002434 -0.000292 0.001127 -0.000921 0.999999
32.709263802 0.009869 0.001891 0.001887 -0.000240 0.001170 -0.000809 0.999999
33.066735744 0.010020 0.001527 0.001582 -0.000373 0.001182 -0.000910 0.999999
33.433461666 0.009779 0.001397 0.001216 -0.000340 0.001257 -0.000862 0.999999
33.796006441 0.010024 0.001740 0.001787 -0.000312 0.001275 -0.000781 0.999999
34.152119398 0.010546 0.001770 0.001668 -0.000300 0.001157 -0.000849 0.999999
34.499495268 0.010572 0.001179 0.001326 -0.000450 0.001144 -0.000817 0.999999
34.849448681 0.010493 0.001489 0.001625 -0.000433 0.001235 -0.000888 0.999999
35.205433846 0.010854 0.001434 0.001039 -0.000384 0.001203 -0.000684 0.999999
35.563537121 0.010695 0.001543 0.001505 -0.000439 0.001275 -0.000893 0.999999
35.913086414 0.010734 0.001302 0.001582 -0.000508 0.001315 -0.000911 0.999999
36.267670393 0.011222 0.001574 0.001650 -0.000465 0.001283 -0.000857 0.999999
36.623184204 0.011127 0.001329 0.001359 -0.000491 0.001269 -0.000852 0.999999
36.980618000 0.011096 0.001213 0.001038 -0.000483 0.001248 -0.000876 0.999999
37.340335369 0.011520 0.001694 0.002103 -0.000494 0.001266 -0.000918 0.999999
37.701690912 0.011093 0.001669 0.001829 -0.000444 0.001363 -0.001052 0.999998
38.056920290 0.011297 0.001727 0.001565 -0.000498 0.001354 -0.001005 0.999998
38.413333178 0.011156 0.001237 0.000921 -0.000684 0.001458 -0.001168 0.999998
38.766641617 0.011030 0.001217 0.000989 -0.000630 0.001457 -0.001073 0.999998
39.120727539 0.011329 0.001599 0.001523 -0.000529 0.001488 -0.001063 0.999998
39.480407953 0.011495 0.001443 0.001397 -0.000612 0.001504 -0.001100 0.999998
39.832405329 0.011584 0.001550 0.001770 -0.000654 0.001483 -0.000983 0.999998
40.188085079 0.012025 0.001770 0.001882 -0.000634 0.001415 -0.001016 0.999998
40.541448832 0.012141 0.001900 0.002658 -0.000609 0.001390 -0.000978 0.999998
40.894073009 0.012018 0.001563 0.001737 -0.000661 0.001414 -0.000941 0.999998
41.249692917 0.012370 0.001934 0.001596 -0.000552 0.001504 -0.000976 0.999998
41.607337952 0.012263 0.001674 0.001347 -0.000631 0.001491 -0.001003 0.999998
41.961400986 0.012571 0.001618 0.001453 -0.000511 0.001436 -0.000806 0.999999
42.318211317 0.012663 0.001481 0.001245 -0.000571 0.001434 -0.000926 0.999998
42.675402164 0.012726 0.001815 0.001847 -0.000466 0.001520 -0.000918 0.999998
43.025298357 0.012919 0.001544 0.001697 -0.000531 0.001481 -0.000971 0.999998
43.374679327 0.012933 0.001506 0.001581 -0.000573 0.001493 -0.000972 0.999998
43.724030018 0.012685 0.001595 0.001108 -0.000501 0.001631 -0.000949 0.999998
44.076778173 0.012779 0.001884 0.002219 -0.000503 0.001658 -0.001040 0.999998
44.432398081 0.012812 0.001673 0.001377 -0.000447 0.001567 -0.000861 0.999998
44.785435677 0.013329 0.001670 0.001738 -0.000415 0.001604 -0.000638 0.999998
45.139892101 0.013461 0.001862 0.002019 -0.000446 0.001629 -0.000841 0.999998
45.497974396 0.013783 0.001769 0.002036 -0.000497 0.001584 -0.000857 0.999998
45.855840921 0.013805 0.001802 0.002285 -0.000410 0.001578 -0.000709 0.999998
46.212757349 0.013655 0.001756 0.001683 -0.000440 0.001597 -0.000844 0.999998
46.570490360 0.013578 0.001661 0.001503 -0.000468 0.001651 -0.000787 0.999998
46.934054613 0.013737 0.001528 0.001494 -0.000515 0.001778 -0.000783 0.999998
47.294947147 0.013945 0.001377 0.001858 -0.000468 0.001754 -0.000727 0.999998
47.652722359 0.014224 0.001774 0.002020 -0.000332 0.001748 -0.000650 0.999998
48.012037754 0.014641 0.001632 0.001727 -0.000368 0.001648 -0.000678 0.999998
48.374100447 0.014633 0.002150 0.002668 -0.000278 0.001771 -0.000648 0.999998
48.729982138 0.014955 0.001767 0.002220 -0.000369 0.001729 -0.000686 0.999998
49.079070807 0.014272 0.001614 0.002048 -0.000392 0.001862 -0.000768 0.999998
49.434993505 0.014500 0.001597 0.001895 -0.000322 0.001947 -0.000833 0.999998
49.793773651 0.014621 0.001779 0.002048 -0.000321 0.001898 -0.000890 0.999998
50.148035765 0.014675 0.001784 0.002141 -0.000335 0.001999 -0.000773 0.999998
50.497561455 0.015008 0.001913 0.002581 -0.000293 0.001898 -0.000800 0.999998
50.850043774 0.015070 0.002043 0.002245 -0.000268 0.002001 -0.000708 0.999998
51.209830284 0.014901 0.001753 0.001769 -0.000303 0.002058 -0.000818 0.999997
51.564814329 0.015516 0.001558 0.001955 -0.000340 0.002002 -0.000622 0.999998
51.918293476 0.015587 0.001824 0.002207 -0.000361 0.002016 -0.000662 0.999998
52.276658535 0.015400 0.001412 0.001650 -0.000405 0.002061 -0.000762 0.999998
52.637639284 0.015350 0.002114 0.002941 -0.000301 0.002167 -0.000915 0.999997
52.995736361 0.015472 0.001679 0.001657 -0.000254 0.002140 -0.000746 0.999997
53.349889040 0.015693 0.002022 0.002457 -0.000244 0.002264 -0.000836 0.999997
53.704647779 0.015808 0.001645 0.001583 -0.000282 0.002256 -0.000752 0.999997
54.057745218 0.015912 0.001868 0.001630 -0.000230 0.002263 -0.000709 0.999997
54.413751841 0.016249 0.001766 0.001891 -0.000176 0.002244 -0.000628 0.999997
54.767636061 0.015848 0.001751 0.001832 -0.000248 0.002313 -0.000719 0.999997
55.123229980 0.016500 0.001760 0.002049 -0.000168 0.002269 -0.000701 0.999997
55.478809118 0.016159 0.001833 0.001556 -0.000236 0.002412 -0.000756 0.999997
55.832338333 0.016433 0.001991 0.002172 -0.000160 0.002386 -0.000702 0.999997
56.187175274 0.016380 0.001666 0.002346 -0.000266 0.002453 -0.000773 0.999997
56.534372091 0.016754 0.001881 0.002129 -0.000215 0.002359 -0.000713 0.999997
56.883138180 0.016421 0.001839 0.002064 -0.000231 0.002444 -0.000799 0.999997
57.235704899 0.017028 0.001700 0.001626 -0.000216 0.002374 -0.000748 0.999997
57.584765434 0.016822 0.001485 0.001565 -0.000243 0.002490 -0.000767 0.999997
57.938527822 0.017005 0.001415 0.001507 -0.000282 0.002509 -0.000795 0.999996
58.290898561 0.016938 0.001591 0.001368 -0.000224 0.002512 -0.000890 0.999996
58.641094208 0.017240 0.001440 0.001617 -0.000273 0.002486 -0.000856 0.999996
58.993776083 0.017357 0.001448 0.001666 -0.000339 0.002588 -0.000822 0.999996
59.348283529 0.017371 0.001605 0.001970 -0.000290 0.002560 -0.000849 0.999996
59.701892853 0.017267 0.001906 0.002236 -0.000183 0.002632 -0.000722 0.999996
60.053286552 0.017628 0.001736 0.002145 -0.000212 0.002626 -0.000797 0.999996
60.405287504 0.017805 0.001729 0.002220 -0.000285 0.002610 -0.000782 0.999996
60.758653641 0.017853 0.001737 0.001885 -0.000239 0.002685 -0.000856 0.999996
61.107973576 0.017960 0.001400 0.001961 -0.000293 0.002727 -0.000646 0.999996
61.453933001 0.017813 0.001405 0.001429 -0.000355 0.002708 -0.000812 0.999996
61.802342892 0.018237 0.001692 0.001812 -0.000277 0.002659 -0.000681 0.999996
62.154389381 0.018166 0.001600 0.001807 -0.000296 0.002750 -0.000713 0.999996
62.504677534 0.018345 0.001631 0.002406 -0.000337 0.002740 -0.000677 0.999996
62.861068726 0.018245 0.001557 0.002155 -0.000331 0.002873 -0.000624 0.999996
63.213767052 0.018558 0.001415 0.001743 -0.000327 0.002815 -0.000745 0.999996
63.567425251 0.018894 0.001875 0.002864 -0.000283 0.002791 -0.000732 0.999996
63.918012619 0.018939 0.001552 0.002286 -0.000275 0.002853 -0.000685 0.999996
64.268562078 0.019083 0.002028 0.003223 -0.000198 0.002957 -0.000732 0.999995
64.620749474 0.019011 0.001589 0.001850 -0.000275 0.002994 -0.000777 0.999995
64.973943710 0.019127 0.001460 0.001921 -0.000357 0.002934 -0.000712 0.999995
65.324687243 0.019138 0.001746 0.002563 -0.000307 0.003059 -0.000718 0.999995
65.677720308 0.019552 0.002065 0.003298 -0.000207 0.002957 -0.000659 0.999995
66.033357859 0.019685 0.001941 0.003069 -0.000288 0.002955 -0.000666 0.999995
66.382590294 0.019388 0.001504 0.001900 -0.000312 0.003129 -0.000655 0.999995
66.737254143 0.019804 0.002278 0.003230 -0.000173 0.003066 -0.000728 0.999995
67.087461710 0.019845 0.001784 0.003230 -0.000341 0.003074 -0.000699 0.999995
67.440452576 0.019941 0.001637 0.002553 -0.000386 0.003057 -0.000661 0.999995
67.793908358 0.020524 0.002205 0.003814 -0.000256 0.003028 -0.000694 0.999995
68.148528576 0.020301 0.002056 0.003099 -0.000199 0.003115 -0.000692 0.999995
68.504610062 0.019971 0.001526 0.002578 -0.000308 0.003252 -0.000824 0.999994
68.856855154 0.020207 0.001252 0.002422 -0.000480 0.003293 -0.000747 0.999994
69.210478783 0.020425 0.001598 0.002004 -0.000304 0.003254 -0.000657 0.999994
69.567445993 0.020417 0.001682 0.002297 -0.000385 0.003362 -0.000781 0.999994
69.920360804 0.020529 0.001648 0.002608 -0.000297 0.003245 -0.000602 0.999995
70.271512032 0.020723 0.002258 0.003644 -0.000193 0.003388 -0.000564 0.999994
70.632663488 0.020816 0.002080 0.003260 -0.000231 0.003400 -0.000670 0.999994
70.987514734 0.021074 0.002015 0.002600 -0.000262 0.003327 -0.000627 0.999994
71.342243910 0.021311 0.001934 0.002873 -0.000198 0.003402 -0.000576 0.999994
71.698386669 0.021136 0.002049 0.003154 -0.000226 0.003404 -0.000636 0.999994
72.051841021 0.021384 0.002059 0.003659 -0.000231 0.003559 -0.000566 0.999994
72.407988310 0.021268 0.002125 0.003362 -0.000197 0.003550 -0.000800 0.999993
72.766021967 0.021813 0.002252 0.003954 -0.000247 0.003529 -0.000505 0.999994
73.120403528 0.021674 0.001901 0.003300 -0.000234 0.003594 -0.000650 0.999993
73.475035906 0.021958 0.001893 0.003462 -0.000303 0.003576 -0.000660 0.999993
73.830479145 0.021793 0.001735 0.002900 -0.000321 0.003638 -0.000750 0.999993
74.183718920 0.022017 0.001831 0.003436 -0.000358 0.003648 -0.000594 0.999993
74.543666124 0.022298 0.001924 0.003681 -0.000318 0.003549 -0.000575 0.999994
74.903044939 0.022109 0.001750 0.003501 -0.000323 0.003748 -0.000541 0.999993
75.261004686 0.022344 0.001678 0.003381 -0.000371 0.003672 -0.000658 0.999993
75.612485886 0.022361 0.001783 0.003098 -0.000290 0.003726 -0.000662 0.999993
75.965749741 0.022700 0.001787 0.003273 -0.000298 0.003722 -0.000722 0.999993
76.321078539 0.022613 0.001624 0.002828 -0.000290 0.003719 -0.000577 0.999993
76.674993515 0.022636 0.001510 0.002375 -0.000383 0.003839 -0.000570 0.999992
77.027812958 0.023275 0.001793 0.003050 -0.000284 0.003709 -0.000524 0.999993
77.380484104 0.022920 0.001546 0.002936 -0.000373 0.003813 -0.000618 0.999992
77.737084627 0.023252 0.002246 0.004440 -0.000241 0.003793 -0.000447 0.999993
78.088584423 0.023370 0.002133 0.004086 -0.000275 0.003894 -0.000519 0.999992
78.444583893 0.023613 0.002065 0.003725 -0.000201 0.003835 -0.000278 0.999993
78.797477961 0.023516 0.001860 0.003242 -0.000289 0.004000 -0.000552 0.999992
79.151243448 0.023356 0.002184 0.003553 -0.000252 0.003964 -0.000692 0.999992
79.505904675 0.023482 0.002330 0.004058 -0.000190 0.004058 -0.000537 0.999992
79.862645388 0.023196 0.002281 0.003396 -0.000168 0.004127 -0.000534 0.999991
80.229734421 0.023633 0.001746 0.002577 -0.000269 0.004081 -0.000464 0.999992
80.585945368 0.023576 0.001844 0.002841 -0.000310 0.004160 -0.000385 0.999991
80.941846132 0.023995 0.001872 0.002751 -0.000257 0.004116 -0.000378 0.999991
81.298561811 0.024141 0.001975 0.003388 -0.000322 0.004127 -0.000393 0.999991
81.654882431 0.024569 0.001999 0.003581 -0.000260 0.004075 -0.000553 0.999992
82.004716635 0.024393 0.002025 0.003417 -0.000289 0.004224 -0.000518 0.999991
82.357529163 0.024452 0.001912 0.003468 -0.000294 0.004315 -0.000457 0.999991
82.705985546 0.024447 0.002170 0.003662 -0.000279 0.004376 -0.000437 0.999990
83.059616089 0.024653 0.001794 0.003671 -0.000410 0.004340 -0.000518 0.999990
83.415961027 0.024736 0.001997 0.003927 -0.000397 0.004370 -0.000482 0.999990
83.774376392 0.025097 0.002291 0.003690 -0.000311 0.004250 -0.000424 0.999991
84.132676125 0.025289 0.002212 0.004652 -0.000332 0.004312 -0.000345 0.999991
84.484862566 0.025377 0.001905 0.004580 -0.000406 0.004390 -0.000337 0.999990
84.836999655 0.025695 0.002194 0.004671 -0.000384 0.004400 -0.000316 0.999990
85.185878515 0.025768 0.002184 0.004248 -0.000395 0.004439 -0.000319 0.999990
85.533509493 0.025883 0.001928 0.004108 -0.000399 0.004477 -0.000329 0.999990
85.881369591 0.025970 0.002258 0.004793 -0.000366 0.004490 -0.000127 0.999990
86.230354309 0.025685 0.002035 0.003891 -0.000457 0.004553 -0.000354 0.999989
86.577099562 0.026735 0.002401 0.004102 -0.000350 0.004565 -0.000110 0.999990
86.923662186 0.026077 0.002132 0.004844 -0.000427 0.004707 -0.000460 0.999989
87.266520500 0.026135 0.002049 0.004401 -0.000430 0.004789 -0.000369 0.999988
87.611230373 0.026347 0.002234 0.004441 -0.000391 0.004795 -0.000274 0.999988
87.956238747 0.026702 0.002602 0.004693 -0.000365 0.004756 -0.000381 0.999989
88.297052145 0.026509 0.002198 0.003989 -0.000397 0.004767 -0.000310 0.999989
88.641620874 0.026912 0.002342 0.004441 -0.000438 0.004714 -0.000220 0.999989
88.987766743 0.026998 0.002319 0.004322 -0.000486 0.004813 -0.000324 0.999988
89.341530800 0.026790 0.002177 0.003530 -0.000455 0.004851 -0.000307 0.999988
89.694362640 0.026985 0.001960 0.003813 -0.000521 0.004878 -0.000335 0.999988
90.047953129 0.027274 0.002430 0.004660 -0.000478 0.004922 -0.000261 0.999988
90.394653320 0.027324 0.002519 0.004277 -0.000492 0.005011 -0.000453 0.999987
90.741602421 0.027505 0.002742 0.005192 -0.000462 0.004929 -0.000312 0.999988
91.092645407 0.028100 0.002974 0.005528 -0.000474 0.004958 -0.000168 0.999988
91.442137957 0.028277 0.002703 0.004994 -0.000554 0.004933 -0.000259 0.999988
91.791279793 0.027830 0.002515 0.004769 -0.000584 0.005083 -0.000413 0.999987
92.138061285 0.027972 0.002671 0.005009 -0.000656 0.005131 -0.000347 0.999987
92.488245726 0.028095 0.002576 0.005254 -0.000614 0.005284 -0.000357 0.999986
92.836024046 0.028007 0.002515 0.004748 -0.000638 0.005265 -0.000476 0.999986
93.182067871 0.027962 0.002219 0.004414 -0.000692 0.005345 -0.000413 0.999985
93.532125711 0.028464 0.003039 0.005737 -0.000561 0.005381 -0.000334 0.999985
93.882079363 0.028527 0.003014 0.005675 -0.000586 0.005410 -0.000341 0.999985
94.229411602 0.028945 0.003076 0.005426 -0.000607 0.005445 -0.000199 0.999985
94.573083878 0.028718 0.002651 0.005098 -0.000716 0.005509 -0.000372 0.999985
94.925625086 0.028654 0.002562 0.004791 -0.000689 0.005596 -0.000370 0.999984
95.273248672 0.028455 0.002272 0.004746 -0.000719 0.005675 -0.000441 0.999984
95.621696234 0.028741 0.002914 0.005654 -0.000718 0.005687 -0.000470 0.999983
95.968490124 0.028775 0.002609 0.005119 -0.000730 0.005704 -0.000428 0.999983
96.315367937 0.029010 0.002529 0.004680 -0.000728 0.005756 -0.000352 0.999983
96.663674831 0.029467 0.002730 0.005402 -0.000692 0.005726 -0.000280 0.999983
97.010876179 0.029620 0.002779 0.004998 -0.000757 0.005682 -0.000322 0.999984
97.359068632 0.030098 0.002891 0.005200 -0.000713 0.005722 -0.000272 0.999983
97.715984821 0.030223 0.002786 0.004964 -0.000733 0.005776 -0.000248 0.999983
98.070677996 0.030628 0.002692 0.004984 -0.000751 0.005708 -0.000031 0.999983
98.425201416 0.030301 0.002662 0.004663 -0.000759 0.005756 -0.000235 0.999983
98.781169415 0.030668 0.002915 0.005462 -0.000732 0.005873 -0.000240 0.999982
99.127419472 0.030780 0.002846 0.005573 -0.000841 0.005985 -0.000374 0.999982
99.476787806 0.030881 0.002784 0.005727 -0.000830 0.006097 -0.000454 0.999981
99.829006672 0.031081 0.002345 0.004965 -0.000969 0.006023 -0.000456 0.999981
100.173823118 0.031584 0.002778 0.005522 -0.000873 0.006080 -0.000408 0.999981
100.521243811 0.031304 0.002839 0.005873 -0.000849 0.006235 -0.000412 0.999980
100.872104406 0.031533 0.002581 0.005043 -0.000891 0.006192 -0.000390 0.999980
101.221509695 0.031888 0.002786 0.006162 -0.000921 0.006314 -0.000466 0.999980
101.568918705 0.031767 0.003072 0.006153 -0.000879 0.006361 -0.000407 0.999979
101.921093464 0.032101 0.002508 0.005279 -0.000907 0.006349 -0.000315 0.999979
102.271106005 0.032704 0.001784 0.007022 -0.000294 0.006253 0.000211 0.999980
102.528860807 0.034240 -0.001332 0.015809 0.002950 0.006360 0.002408 0.999973
102.757096529 0.037828 -0.009007 0.031035 0.007656 0.008191 0.003793 0.999930
102.975889683 0.043291 -0.013064 0.048965 0.011566 0.011444 0.003095 0.999863
103.192428827 0.049839 -0.015074 0.068731 0.014255 0.014578 0.002385 0.999789
103.417212009 0.048490 -0.014967 0.089819 0.014941 0.014713 0.002995 0.999776
103.639036894 0.047035 -0.012979 0.109807 0.014543 0.013064 -0.000216 0.999809
103.855050325 0.047193 -0.009490 0.133764 0.013485 0.011200 -0.004169 0.999838
104.066902399 0.048720 -0.005819 0.155414 0.011161 0.011387 -0.008832 0.999834
104.280092001 0.053545 -0.004445 0.178434 0.008361 0.012499 -0.013967 0.999789
104.491994143 0.055642 -0.002374 0.203451 0.005580 0.013977 -0.018832 0.999709
104.706712484 0.058530 0.000621 0.227591 0.002586 0.015107 -0.022418 0.999631
104.927559853 0.061486 0.004386 0.252310 0.000338 0.015486 -0.026043 0.999541
105.145057678 0.064720 0.003442 0.276364 -0.000219 0.014485 -0.027711 0.999511
105.364683390 0.068107 0.000574 0.297662 0.000739 0.012476 -0.026337 0.999575
105.577716112 0.068924 -0.002619 0.313678 -0.001008 0.014193 -0.029853 0.999453
105.791851521 0.059937 -0.009753 0.336779 -0.004137 0.018056 -0.036596 0.999158
106.016234636 0.043475 -0.024923 0.336100 -0.006107 0.029803 -0.033520 0.998975
106.247542381 0.013523 -0.020730 0.332973 0.000585 0.048609 -0.026961 0.998454
106.463320494 0.023017 -0.023021 0.345264 0.004394 0.061202 -0.039659 0.997328
106.688514233 0.038487 -0.030356 0.342004 0.007370 0.072527 -0.042056 0.996452
106.913387775 0.051108 -0.032445 0.358955 0.010529 0.081859 -0.033692 0.996019
107.140482664 0.077484 -0.031262 0.393326 0.014009 0.083448 -0.028780 0.995998
107.358986139 0.099069 -0.023817 0.445412 0.016493 0.082760 -0.024333 0.996136
107.578354836 0.106470 -0.025383 0.484900 0.017205 0.078823 -0.021464 0.996509
107.798971891 0.103376 -0.027942 0.516077 0.016000 0.072740 -0.026166 0.996879
108.021675348 0.102452 -0.020187 0.547173 0.015586 0.070192 -0.023364 0.997138
108.244929314 0.111241 -0.012676 0.577342 0.014365 0.072845 -0.022527 0.996985
108.470903635 0.119987 -0.014667 0.603290 0.013409 0.074851 -0.018203 0.996938
108.693261147 0.130266 -0.017900 0.628042 0.011698 0.077693 -0.017578 0.996754
108.918021202 0.140382 -0.019025 0.655924 0.011632 0.082126 -0.011968 0.996482
109.140024900 0.149027 -0.024740 0.682634 0.010770 0.087610 -0.013671 0.996003
109.362737179 0.160853 -0.027544 0.717398 0.009721 0.090551 -0.015518 0.995723
109.584290028 0.175720 -0.032936 0.758488 0.008445 0.089019 -0.016788 0.995853
109.803518057 0.184272 -0.034575 0.788206 0.007846 0.083838 -0.015127 0.996334
110.022188187 0.192054 -0.029608 0.822705 0.007755 0.075728 -0.012277 0.997023
110.243116140 0.202638 -0.035564 0.848689 0.007594 0.064475 -0.012274 0.997815
110.468302965 0.210380 -0.031413 0.878592 0.008487 0.055104 -0.010894 0.998385
110.690008402 0.207085 -0.041621 0.884273 0.008858 0.047836 -0.013041 0.998731
110.909646511 0.211441 -0.041455 0.891448 0.012553 0.038911 -0.016547 0.999027
111.123786211 0.213623 -0.050919 0.900572 0.018118 0.029022 -0.018829 0.999237
111.336053133 0.217738 -0.059516 0.915645 0.025858 0.019168 -0.020730 0.999267
111.544100523 0.224709 -0.067143 0.927642 0.032291 0.014748 -0.016241 0.999238
111.749928236 0.223488 -0.063130 0.967906 0.039338 0.017799 -0.010739 0.999010
111.952521324 0.229179 -0.071250 0.972402 0.042208 0.020786 -0.012848 0.998810
112.159280300 0.244418 -0.066563 1.016347 0.045220 0.028067 -0.019232 0.998397
112.363036156 0.266353 -0.066626 1.022863 0.047972 0.034496 -0.016847 0.998111
112.566839695 0.263972 -0.069672 1.046277 0.050474 0.038677 -0.013490 0.997885
112.776973963 0.279043 -0.071922 1.079672 0.050837 0.040687 -0.011544 0.997811
112.978456736 0.283743 -0.065497 1.100227 0.052668 0.041590 -0.007518 0.997717
113.181257725 0.292271 -0.065286 1.136092 0.051901 0.041457 -0.010791 0.997733
113.380694628 0.293323 -0.080585 1.130409 0.047959 0.039437 -0.013597 0.997978
113.582696199 0.293470 -0.083221 1.136610 0.046022 0.039942 -0.013046 0.998056
113.786813974 0.300439 -0.071042 1.182350 0.043808 0.044402 -0.015451 0.997933
113.987051487 0.309443 -0.079477 1.191667 0.040221 0.045151 -0.011204 0.998107
114.188751698 0.320305 -0.068980 1.226284 0.037508 0.045943 -0.006248 0.998220
114.393039227 0.340686 -0.065112 1.277739 0.033538 0.047078 -0.005639 0.998312
114.601422548 0.355498 -0.066542 1.313457 0.030266 0.047965 -0.006813 0.998367
114.808221817 0.356926 -0.066993 1.341677 0.028655 0.047641 -0.002503 0.998450
115.018868923 0.370296 -0.072595 1.354374 0.027521 0.045692 0.003616 0.998570
115.225744963 0.364314 -0.072076 1.376766 0.025045 0.046520 0.003657 0.998597
115.434152603 0.362810 -0.084652 1.416460 0.023821 0.045385 0.005426 0.998671
115.641159296 0.388592 -0.096659 1.408640 0.021261 0.037863 0.002968 0.999052
115.846658945 0.390192 -0.091090 1.440961 0.023733 0.028391 0.005481 0.999300
116.049014568 0.387980 -0.079979 1.472099 0.025626 0.018089 0.010269 0.999455
116.259818792 0.403105 -0.088005 1.483533 0.025334 0.004836 0.016157 0.999537
116.467521906 0.396157 -0.098273 1.489759 0.026488 -0.012234 0.015260 0.999458
116.677543163 0.402950 -0.096483 1.510564 0.027746 -0.026354 0.008796 0.999229
116.894001484 0.409053 -0.098582 1.528708 0.028012 -0.036003 0.006382 0.998939
117.106132746 0.415936 -0.099433 1.552897 0.027575 -0.040198 0.009070 0.998770
117.319360256 0.423669 -0.096243 1.577526 0.026511 -0.039316 0.009735 0.998828
117.532646656 0.431218 -0.093695 1.601668 0.024409 -0.035416 0.012172 0.999000
117.747428179 0.438076 -0.091608 1.628795 0.021742 -0.031979 0.013020 0.999167
117.961140633 0.441806 -0.091514 1.648889 0.018432 -0.030546 0.011011 0.999303
118.177966356 0.447670 -0.089169 1.674594 0.015012 -0.032176 0.014572 0.999263
118.392860651 0.453353 -0.088216 1.701064 0.010983 -0.034520 0.016343 0.999210
118.606740236 0.458278 -0.088695 1.725048 0.007133 -0.036129 0.018551 0.999150
118.828456640 0.462038 -0.089875 1.749565 0.003491 -0.038180 0.022742 0.999006
119.047524214 0.465822 -0.090670 1.770241 0.000362 -0.039469 0.026625 0.998866
119.267577410 0.469160 -0.090755 1.793035 -0.002263 -0.042410 0.026913 0.998735
119.492231369 0.470925 -0.090870 1.815159 -0.003551 -0.045948 0.026045 0.998598
119.717733383 0.472312 -0.090788 1.837077 -0.003951 -0.050575 0.025096 0.998397
119.943701982 0.475041 -0.091403 1.856993 -0.002835 -0.056085 0.022729 0.998163
120.168891668 0.476277 -0.091380 1.879233 -0.000472 -0.061340 0.020427 0.997908
120.391261816 0.478762 -0.094401 1.900009 0.002069 -0.065528 0.019897 0.997650
120.609998703 0.481637 -0.094504 1.920109 0.004366 -0.066042 0.017688 0.997651
120.829937696 0.484971 -0.094277 1.941062 0.007093 -0.066467 0.013848 0.997667
121.053325176 0.485791 -0.094813 1.959294 0.011313 -0.067947 0.008363 0.997590
121.274314642 0.487761 -0.099460 1.979741 0.015195 -0.069813 0.008517 0.997408
121.491895437 0.491044 -0.103382 1.999313 0.018284 -0.069295 0.010945 0.997369
121.704775095 0.493521 -0.106557 2.020160 0.019936 -0.067809 0.012910 0.997416
121.919551373 0.497193 -0.109410 2.042058 0.020116 -0.066264 0.015347 0.997481
122.135607004 0.499087 -0.110117 2.064166 0.019881 -0.065383 0.016962 0.997518
122.350982189 0.502730 -0.108933 2.083648 0.019655 -0.065392 0.016405 0.997531
122.565013647 0.503014 -0.107517 2.107665 0.018202 -0.064725 0.018118 0.997573
122.778573036 0.502818 -0.106819 2.131919 0.016357 -0.064627 0.018765 0.997599
122.998679638 0.504457 -0.105632 2.154389 0.014600 -0.065130 0.019957 0.997570
123.213838339 0.505537 -0.105444 2.176737 0.012415 -0.065854 0.020257 0.997546
123.431902647 0.507395 -0.103656 2.198908 0.010682 -0.065951 0.021912 0.997525
123.648435116 0.510519 -0.104715 2.219614 0.009882 -0.066247 0.017936 0.997593
123.865200281 0.511648 -0.105161 2.240939 0.009245 -0.066764 0.014230 0.997624
124.083520412 0.512430 -0.105070 2.262115 0.009889 -0.068807 0.010047 0.997530
124.298192978 0.513479 -0.107413 2.281734 0.010496 -0.071141 0.009304 0.997368
124.514969349 0.512422 -0.108078 2.302809 0.012014 -0.071474 0.008106 0.997337
124.731133699 0.513472 -0.109855 2.323789 0.014248 -0.072513 0.008626 0.997228
124.953867912 0.515299 -0.113102 2.342979 0.016914 -0.074029 0.008824 0.997074
125.162991285 0.515698 -0.115690 2.362544 0.020240 -0.074455 0.008313 0.996984
125.373486519 0.517916 -0.118544 2.381733 0.023104 -0.074643 0.009080 0.996901
125.583389759 0.520250 -0.120848 2.401491 0.025791 -0.073821 0.004823 0.996926
125.792046785 0.523677 -0.122959 2.423242 0.027638 -0.072496 0.003068 0.996981
125.998481750 0.525150 -0.122816 2.442141 0.028503 -0.070373 0.002026 0.997111
126.206372023 0.525721 -0.120960 2.463378 0.028071 -0.068253 0.002089 0.997271
126.414046288 0.528060 -0.119439 2.486610 0.027105 -0.068116 0.001372 0.997308
126.623014688 0.530435 -0.115731 2.509377 0.025959 -0.067986 -0.002654 0.997345
126.835547686 0.532828 -0.115026 2.533664 0.022486 -0.066985 -0.001243 0.997500
127.051893711 0.536459 -0.112509 2.557781 0.018501 -0.065278 -0.000875 0.997695
127.274439335 0.537806 -0.109238 2.582094 0.014547 -0.064280 -0.003921 0.997818
127.490439415 0.539571 -0.106202 2.608956 0.010759 -0.064187 -0.005998 0.997862
127.706940174 0.540507 -0.101531 2.633857 0.007629 -0.063909 -0.010543 0.997871
127.928737640 0.540999 -0.097290 2.660152 0.005113 -0.063967 -0.018046 0.997776
128.148923874 0.540082 -0.095910 2.683387 0.003679 -0.064466 -0.019137 0.997730
128.372220755 0.537919 -0.096113 2.707454 0.003637 -0.066619 -0.019656 0.997578
128.596405506 0.537554 -0.097297 2.728392 0.003874 -0.068124 -0.019719 0.997474
128.817405939 0.538177 -0.098320 2.747151 0.004658 -0.069672 -0.020677 0.997345
129.039661407 0.537379 -0.099841 2.766961 0.007196 -0.070790 -0.021510 0.997233
129.264756441 0.538092 -0.104835 2.784511 0.009383 -0.071557 -0.022663 0.997135
129.486011982 0.538548 -0.107062 2.802877 0.011692 -0.071447 -0.024064 0.997086
129.711189032 0.536811 -0.110732 2.821168 0.013514 -0.071219 -0.022547 0.997114
129.929291725 0.535708 -0.111843 2.840491 0.015514 -0.071030 -0.024877 0.997043
130.140039206 0.535399 -0.112966 2.860115 0.017318 -0.071984 -0.027176 0.996885
130.350861549 0.532378 -0.114848 2.880913 0.018801 -0.071727 -0.029321 0.996816
130.563890696 0.532381 -0.116136 2.901475 0.019231 -0.070928 -0.027492 0.996917
130.778351307 0.531753 -0.117668 2.923213 0.018758 -0.070609 -0.024746 0.997021
130.990867138 0.531962 -0.118585 2.942155 0.017991 -0.072340 -0.022991 0.996953
131.203392506 0.531078 -0.118341 2.968313 0.016171 -0.078439 -0.021263 0.996561
131.417133093 0.528999 -0.116519 2.992459 0.013926 -0.085727 -0.013005 0.996136
131.630331278 0.526928 -0.116139 3.016871 0.010397 -0.095384 -0.008499 0.995350
131.846992254 0.526151 -0.113692 3.041440 0.006765 -0.102961 -0.007461 0.994634
132.064699888 0.526469 -0.110262 3.065766 0.002018 -0.105991 -0.008558 0.994328
132.293702841 0.526403 -0.105088 3.091276 -0.001769 -0.108017 -0.012417 0.994070
132.522753239 0.524474 -0.105002 3.112867 -0.002642 -0.111489 -0.012750 0.993680
132.746575832 0.525095 -0.108570 3.133318 -0.001412 -0.116615 -0.012642 0.993096
132.971255541 0.522044 -0.109227 3.154551 0.001968 -0.121426 -0.013477 0.992507
133.192557096 0.520757 -0.111257 3.174262 0.006768 -0.126660 -0.014760 0.991813
133.413721800 0.521650 -0.115216 3.192601 0.010827 -0.129606 -0.010987 0.991446
133.639488459 0.521863 -0.118907 3.212113 0.013170 -0.129719 -0.007464 0.991435
133.861031532 0.521239 -0.121413 3.231772 0.015497 -0.132777 -0.003478 0.991019
134.076249838 0.520203 -0.124600 3.251196 0.016279 -0.137888 -0.001739 0.990312
134.295786142 0.519621 -0.127169 3.270586 0.016733 -0.139751 0.002615 0.990042
134.511190176 0.517651 -0.127023 3.291992 0.016989 -0.139373 0.005221 0.990080
134.725022078 0.515574 -0.125700 3.313883 0.017195 -0.138204 0.003480 0.990248
134.941153526 0.513472 -0.125124 3.335860 0.016790 -0.138365 0.003091 0.990234
135.155954838 0.510647 -0.124500 3.356641 0.016836 -0.138018 0.001637 0.990285
135.372082472 0.508395 -0.122912 3.379601 0.016426 -0.137508 -0.002355 0.990362
135.593723297 0.505318 -0.121170 3.399116 0.016068 -0.136930 -0.006870 0.990427
135.817161322 0.500983 -0.122190 3.418981 0.014435 -0.136437 -0.006329 0.990523
136.036855936 0.497378 -0.122528 3.441250 0.012943 -0.136732 -0.004333 0.990514
136.252708673 0.494232 -0.122574 3.462109 0.011752 -0.137007 -0.000983 0.990500
136.474226475 0.491303 -0.124891 3.482281 0.012593 -0.141505 -0.000879 0.989857
136.693856716 0.487633 -0.129408 3.500403 0.014665 -0.150532 -0.004032 0.988488
136.911693573 0.482365 -0.133612 3.517269 0.017153 -0.161027 -0.007664 0.986771
137.133805752 0.477223 -0.136319 3.536039 0.018636 -0.170285 -0.008126 0.985185
137.358711958 0.473624 -0.140322 3.552889 0.019642 -0.171752 -0.005823 0.984927
137.596105814 0.468253 -0.140185 3.572054 0.021222 -0.171123 -0.004696 0.985010
137.821680307 0.463501 -0.141400 3.590915 0.022353 -0.170207 -0.005619 0.985139
138.044335604 0.460188 -0.142625 3.609916 0.023735 -0.170301 -0.005942 0.985088
138.255742073 0.455121 -0.142442 3.628941 0.025358 -0.169383 -0.008521 0.985187
138.470275402 0.450808 -0.141514 3.648563 0.026554 -0.168247 -0.010604 0.985330
138.682990551 0.446307 -0.139748 3.668961 0.028000 -0.167661 -0.011376 0.985381
138.898478985 0.444928 -0.144306 3.688752 0.030566 -0.166667 -0.007849 0.985508
139.111665010 0.444867 -0.153408 3.710366 0.034148 -0.162048 -0.003122 0.986187
139.322705984 0.447416 -0.157925 3.733080 0.038225 -0.156872 -0.003587 0.986873
139.534639120 0.448731 -0.161357 3.755008 0.042060 -0.152578 -0.004811 0.987384
139.749440193 0.449306 -0.162924 3.775353 0.045252 -0.147399 -0.008667 0.988003
139.973370790 0.448252 -0.164179 3.797376 0.046320 -0.144379 -0.007201 0.988412
140.194281816 0.446477 -0.166423 3.816898 0.045879 -0.143172 -0.006063 0.988615
140.415978670 0.445666 -0.167191 3.839383 0.044135 -0.142303 -0.005049 0.988826
140.629683018 0.443150 -0.168191 3.857194 0.042032 -0.140452 -0.005013 0.989182
140.840810537 0.441759 -0.167286 3.876706 0.040521 -0.139725 -0.006794 0.989338
141.050437927 0.438255 -0.167031 3.897459 0.038172 -0.138839 -0.009693 0.989532
141.264350653 0.433094 -0.165798 3.920084 0.036025 -0.138149 -0.009448 0.989711
141.483054876 0.429827 -0.166687 3.940799 0.033761 -0.138668 -0.005573 0.989748
141.695389986 0.428202 -0.169649 3.959939 0.032794 -0.139103 -0.003709 0.989728
141.912228823 0.426279 -0.171940 3.980858 0.031995 -0.139848 -0.003537 0.989650
142.128540039 0.424850 -0.173458 3.999213 0.032362 -0.141330 -0.003329 0.989428
142.351427078 0.421379 -0.177125 4.018505 0.032118 -0.142967 -0.001625 0.989205
142.566435337 0.419512 -0.178916 4.037457 0.032578 -0.143771 -0.000448 0.989075
142.778504372 0.416343 -0.180060 4.057815 0.033166 -0.144231 0.000414 0.988988
142.993461132 0.414524 -0.180886 4.079285 0.033280 -0.143470 -0.000023 0.989095
143.205689192 0.413253 -0.180291 4.098947 0.033319 -0.142501 -0.001996 0.989232
143.420989990 0.409721 -0.179742 4.122434 0.032059 -0.139779 -0.003273 0.989658
143.637446165 0.409611 -0.179568 4.142515 0.030345 -0.137440 -0.004672 0.990034
143.853784561 0.408691 -0.177151 4.164132 0.027857 -0.134047 -0.009103 0.990542
144.078935623 0.405941 -0.175888 4.186413 0.024841 -0.130523 -0.009107 0.991092
144.298374414 0.404963 -0.176610 4.207698 0.023195 -0.128746 -0.012625 0.991326
144.521070004 0.402349 -0.175588 4.229178 0.022638 -0.128523 -0.015719 0.991324
144.745513678 0.398943 -0.177105 4.249218 0.022671 -0.128553 -0.017694 0.991286
144.966584921 0.395258 -0.177824 4.269616 0.023386 -0.129301 -0.019848 0.991131
145.186903000 0.392313 -0.179237 4.288612 0.024216 -0.129585 -0.021653 0.991036
145.408225298 0.389040 -0.181014 4.307588 0.024735 -0.129816 -0.019959 0.991029
145.629439354 0.386084 -0.182063 4.328743 0.024495 -0.130381 -0.017499 0.991007
145.852759123 0.382272 -0.182415 4.349859 0.025394 -0.130948 -0.018035 0.990900
146.081036806 0.382259 -0.185290 4.367608 0.025362 -0.132371 -0.014981 0.990762
146.305474043 0.380521 -0.185053 4.389514 0.024952 -0.131976 -0.015526 0.990817
146.523677349 0.381234 -0.187244 4.406805 0.023853 -0.132045 -0.015115 0.990841
146.743964672 0.378137 -0.189051 4.427704 0.022218 -0.130915 -0.012763 0.991063
146.961334944 0.377804 -0.189402 4.448384 0.020322 -0.130609 -0.010511 0.991170
147.183084965 0.376698 -0.191272 4.469018 0.019260 -0.131057 -0.009885 0.991138
147.403628588 0.375609 -0.193100 4.488808 0.018852 -0.132320 -0.008203 0.990994
147.624480486 0.372709 -0.194874 4.509339 0.019319 -0.133722 -0.007741 0.990800
147.842575550 0.371486 -0.195386 4.529537 0.020587 -0.135666 -0.007890 0.990509
148.068612576 0.368594 -0.196851 4.547462 0.021879 -0.135777 -0.007313 0.990471
148.292954445 0.367480 -0.197479 4.568491 0.023471 -0.136775 -0.006398 0.990303
148.512549877 0.365647 -0.198217 4.589244 0.025205 -0.135873 -0.007204 0.990379
148.735488653 0.366683 -0.198708 4.611327 0.025986 -0.135030 -0.009478 0.990455
148.954429626 0.366251 -0.198225 4.632102 0.026374 -0.131912 -0.012702 0.990829
149.170351028 0.366689 -0.196802 4.653546 0.025332 -0.127900 -0.015522 0.991342
149.389861345 0.368313 -0.196586 4.677264 0.023903 -0.125404 -0.015530 0.991696
149.605588198 0.368570 -0.195054 4.700882 0.021918 -0.123345 -0.013471 0.992030
149.825156689 0.372130 -0.195495 4.723566 0.018809 -0.117302 -0.012959 0.992834
150.046019554 0.377700 -0.194483 4.748378 0.016032 -0.110368 -0.011069 0.993700
150.270449638 0.380784 -0.194433 4.771802 0.013646 -0.106787 -0.013186 0.994101
150.499455214 0.382156 -0.192954 4.795622 0.011466 -0.105436 -0.014848 0.994249
150.726535320 0.382203 -0.192103 4.818718 0.009128 -0.105101 -0.013680 0.994326
150.955784798 0.382489 -0.191059 4.841638 0.006408 -0.104620 -0.014664 0.994384
151.180711031 0.381800 -0.190926 4.863128 0.004713 -0.105084 -0.013649 0.994359
151.404175520 0.381644 -0.190864 4.885923 0.003263 -0.105577 -0.013191 0.994318
151.627443075 0.381839 -0.190122 4.906888 0.002751 -0.107001 -0.014540 0.994149
151.856958151 0.380550 -0.190296 4.927431 0.002574 -0.108134 -0.015079 0.994019
152.085032940 0.380433 -0.191936 4.948833 0.003653 -0.109936 -0.014153 0.993831
152.309548378 0.380572 -0.193986 4.969317 0.004903 -0.111578 -0.011049 0.993682
152.532653809 0.382336 -0.195247 4.991122 0.005743 -0.111558 -0.007343 0.993714
152.755701542 0.384358 -0.197089 5.012116 0.006370 -0.110959 -0.005797 0.993788
152.984508991 0.388135 -0.199297 5.035180 0.007808 -0.109206 -0.005961 0.993971
153.212460756 0.393126 -0.201908 5.057635 0.008182 -0.104319 -0.007400 0.994483
153.437384129 0.398150 -0.200664 5.081133 0.007963 -0.099764 -0.008260 0.994945
153.664445639 0.400981 -0.200091 5.104918 0.007330 -0.097304 -0.008688 0.995190
153.910366535 0.403709 -0.202076 5.127973 0.007143 -0.093102 -0.010092 0.995580
154.134551048 0.409604 -0.205389 5.152680 0.008039 -0.087448 -0.009438 0.996092
154.358243465 0.415802 -0.209330 5.176287 0.009590 -0.080116 -0.008163 0.996706
154.583291292 0.423495 -0.211757 5.199687 0.011545 -0.074724 -0.005921 0.997120
154.807351828 0.426483 -0.216631 5.223291 0.013795 -0.072901 -0.001577 0.997243
155.035113811 0.430321 -0.214846 5.246421 0.018143 -0.072624 -0.006774 0.997171
155.263652086 0.429649 -0.217256 5.262893 0.023041 -0.076313 -0.005554 0.996802
155.485933542 0.429933 -0.222700 5.287296 0.029067 -0.072903 -0.005601 0.996900
155.703358650 0.432477 -0.226021 5.313082 0.035825 -0.063609 -0.013144 0.997245
155.923875570 0.435360 -0.228033 5.335104 0.038170 -0.057839 -0.017619 0.997440
156.139718056 0.440484 -0.227815 5.359465 0.039132 -0.054597 -0.016367 0.997607
156.356042862 0.443444 -0.226822 5.381368 0.038713 -0.050364 -0.015738 0.997856
156.571968079 0.448903 -0.227612 5.404725 0.038654 -0.045096 -0.017583 0.998080
156.788546562 0.457562 -0.231875 5.426075 0.039774 -0.036881 -0.014804 0.998418
157.009555578 0.468256 -0.236225 5.446488 0.040805 -0.031152 -0.012529 0.998603
157.225512743 0.473841 -0.239792 5.466356 0.043044 -0.030171 -0.013504 0.998526
157.441574097 0.477561 -0.241537 5.486950 0.044966 -0.030252 -0.015452 0.998411
157.665816784 0.479994 -0.243414 5.506143 0.046237 -0.029642 -0.013730 0.998396
157.888975382 0.481718 -0.247384 5.526157 0.046577 -0.028892 -0.011777 0.998427
158.105751514 0.485073 -0.250627 5.545058 0.046232 -0.028590 -0.011433 0.998456
158.320946932 0.487659 -0.252205 5.564484 0.045999 -0.028113 -0.009435 0.998501
158.536024332 0.490712 -0.254913 5.585470 0.045532 -0.028201 -0.007331 0.998538
158.753716230 0.494681 -0.255771 5.606569 0.045024 -0.027735 -0.007858 0.998570
158.971666574 0.498969 -0.262024 5.626995 0.042773 -0.033499 0.003433 0.998517
159.187570095 0.505306 -0.262556 5.644814 0.040800 -0.038713 0.002913 0.998413
159.399202585 0.511601 -0.261189 5.658486 0.039980 -0.043912 -0.007649 0.998206
159.619145393 0.516822 -0.259606 5.675560 0.042381 -0.050662 -0.015411 0.997697
159.850728989 0.517121 -0.263380 5.691586 0.045163 -0.055935 -0.017991 0.997250
160.076176405 0.519024 -0.266638 5.706873 0.048153 -0.059082 -0.019416 0.996902
160.302443027 0.520694 -0.268990 5.723507 0.051383 -0.059811 -0.022288 0.996637
160.529046059 0.520536 -0.272006 5.742386 0.053783 -0.058107 -0.024167 0.996568
160.752794266 0.521330 -0.273218 5.761277 0.055770 -0.055820 -0.027251 0.996510
160.975206375 0.520757 -0.275476 5.781745 0.056764 -0.053840 -0.029324 0.996504
161.197744370 0.522048 -0.277330 5.801916 0.057255 -0.053101 -0.030318 0.996485
161.412931681 0.521891 -0.278412 5.821578 0.057063 -0.052063 -0.032246 0.996491
161.623112202 0.521101 -0.278715 5.841214 0.055904 -0.051912 -0.034724 0.996481
161.839683533 0.520998 -0.276065 5.865427 0.054470 -0.053016 -0.035007 0.996492
162.059652328 0.519224 -0.276709 5.885072 0.050603 -0.054100 -0.030379 0.996790
162.270421743 0.519623 -0.277213 5.905960 0.046020 -0.054340 -0.026037 0.997122
162.485306978 0.521042 -0.277429 5.928298 0.041772 -0.055900 -0.027128 0.997193
162.704093456 0.519572 -0.275504 5.950358 0.038058 -0.057421 -0.029374 0.997192
162.928539038 0.518165 -0.275478 5.973162 0.034694 -0.059521 -0.028946 0.997204
163.149323702 0.517187 -0.276314 5.994548 0.032276 -0.061654 -0.027847 0.997187
163.370220661 0.516514 -0.277371 6.016289 0.030963 -0.063263 -0.026681 0.997160
163.597957134 0.515162 -0.279198 6.038005 0.030570 -0.064976 -0.026986 0.997053
163.829123020 0.515468 -0.280253 6.058379 0.031980 -0.067181 -0.026918 0.996865
164.060635090 0.516306 -0.282744 6.079793 0.033842 -0.068035 -0.028190 0.996710
164.293485165 0.516187 -0.284478 6.097641 0.036370 -0.067258 -0.031876 0.996563
164.527938128 0.515228 -0.285557 6.114756 0.039243 -0.067060 -0.037503 0.996271
164.760861397 0.512510 -0.288336 6.135106 0.041579 -0.067149 -0.036672 0.996202
164.993068933 0.512579 -0.292274 6.153989 0.043829 -0.067354 -0.036140 0.996111
165.226129532 0.512215 -0.296233 6.172125 0.046185 -0.067324 -0.039490 0.995879
165.454211473 0.511415 -0.300393 6.190400 0.048506 -0.067605 -0.042009 0.995647
165.681668758 0.510287 -0.302719 6.210469 0.050348 -0.067158 -0.043439 0.995524
165.908534527 0.509059 -0.304284 6.228867 0.051461 -0.066550 -0.043946 0.995486
166.127038956 0.508048 -0.305125 6.249497 0.051452 -0.066450 -0.045376 0.995429
166.346164942 0.506610 -0.306347 6.269498 0.050491 -0.066390 -0.045812 0.995462
166.565677166 0.506593 -0.305357 6.291018 0.048308 -0.066129 -0.046288 0.995566
166.782482862 0.507499 -0.305167 6.311731 0.044879 -0.066465 -0.045075 0.995759
167.001455784 0.507297 -0.303100 6.333533 0.041001 -0.066804 -0.046323 0.995847
167.218635082 0.506133 -0.299958 6.357700 0.036924 -0.066453 -0.045153 0.996083
167.440550327 0.506142 -0.300589 6.382101 0.033707 -0.066586 -0.042364 0.996311
167.663339615 0.505801 -0.300874 6.403430 0.030612 -0.066437 -0.039204 0.996550
167.890204191 0.505736 -0.301225 6.426247 0.029462 -0.067438 -0.035659 0.996651
168.122533321 0.505237 -0.302254 6.448515 0.030005 -0.070124 -0.035009 0.996472
168.351488352 0.505700 -0.305104 6.470264 0.031012 -0.072701 -0.034085 0.996289
168.580440760 0.505965 -0.308027 6.491057 0.031731 -0.072818 -0.032744 0.996302
168.818826437 0.505862 -0.311600 6.510044 0.032309 -0.070987 -0.035663 0.996316
169.062530279 0.506212 -0.313856 6.529356 0.033185 -0.068574 -0.038929 0.996334
169.302418947 0.505274 -0.316008 6.548525 0.034825 -0.067759 -0.038912 0.996334
169.551357031 0.503658 -0.318221 6.568310 0.036061 -0.067190 -0.042245 0.996193
169.793283463 0.503321 -0.319297 6.587477 0.037522 -0.064811 -0.048661 0.996004
170.030894756 0.502728 -0.321612 6.606789 0.038654 -0.061868 -0.052472 0.995954
170.264399290 0.501443 -0.325276 6.624756 0.039824 -0.061042 -0.051621 0.996004
170.498540640 0.500381 -0.328322 6.644122 0.041449 -0.061125 -0.050302 0.996000
170.729892731 0.500053 -0.331517 6.662692 0.042722 -0.061192 -0.047321 0.996088
170.957621098 0.500177 -0.333275 6.683431 0.044653 -0.060382 -0.046059 0.996112
171.184546232 0.500159 -0.337779 6.702548 0.046850 -0.059741 -0.046648 0.996022
171.419158459 0.498531 -0.339727 6.722347 0.048935 -0.059192 -0.048967 0.995843
171.649410963 0.496755 -0.343095 6.740054 0.050971 -0.059583 -0.050041 0.995664
171.878237009 0.494145 -0.346508 6.759011 0.051841 -0.060124 -0.048884 0.995645
172.099709988 0.493956 -0.348234 6.778759 0.052241 -0.060820 -0.045560 0.995739
172.320486069 0.493475 -0.349448 6.799220 0.052277 -0.060954 -0.042535 0.995863
172.538168192 0.494021 -0.350417 6.819624 0.051840 -0.061093 -0.040234 0.995973
172.759755373 0.494247 -0.350015 6.839773 0.050979 -0.062254 -0.039069 0.995992
172.981666088 0.493774 -0.351252 6.859807 0.050476 -0.063982 -0.034702 0.996069
173.201239109 0.493023 -0.353533 6.879251 0.050331 -0.065900 -0.031097 0.996071
173.426061869 0.492856 -0.360128 6.900404 0.050300 -0.066315 -0.024442 0.996230
173.643773317 0.496705 -0.364199 6.922411 0.050169 -0.065873 -0.017520 0.996412
173.861792803 0.498285 -0.364170 6.943769 0.049943 -0.066414 -0.011532 0.996475
174.086501360 0.499121 -0.367057 6.963625 0.049843 -0.066961 -0.012557 0.996431
174.317630053 0.498781 -0.368236 6.983877 0.049676 -0.067262 -0.014338 0.996395
174.548722267 0.499932 -0.371319 7.001541 0.049478 -0.067281 -0.017250 0.996357
174.777566671 0.498686 -0.374045 7.021818 0.049505 -0.066753 -0.019503 0.996350
175.008473635 0.496807 -0.375951 7.039683 0.049661 -0.066226 -0.021553 0.996335
175.241355181 0.496991 -0.376920 7.059036 0.049425 -0.066021 -0.022723 0.996334
175.473350525 0.495918 -0.377721 7.078194 0.049065 -0.065059 -0.025814 0.996340
175.705197573 0.495793 -0.380204 7.096596 0.049101 -0.064436 -0.025870 0.996377
175.939441442 0.495989 -0.382547 7.117539 0.048623 -0.063610 -0.025052 0.996475
176.166358232 0.497064 -0.384018 7.136908 0.046961 -0.062754 -0.024956 0.996611
176.386860371 0.497886 -0.384342 7.157875 0.046105 -0.062086 -0.022738 0.996746
176.604371309 0.500694 -0.395217 7.176986 0.047735 -0.063323 -0.013285 0.996762
176.820127010 0.503609 -0.404424 7.195704 0.051544 -0.065604 -0.006546 0.996492
177.032164574 0.506184 -0.413246 7.213024 0.055948 -0.068411 -0.001336 0.996086
177.245831490 0.508286 -0.420504 7.230986 0.060711 -0.069065 0.002430 0.995760
177.460569620 0.510789 -0.426684 7.248938 0.064941 -0.068962 0.003225 0.995498
177.676950932 0.513301 -0.430582 7.268456 0.069769 -0.068521 0.002183 0.995205
177.891482115 0.510820 -0.433804 7.287869 0.073374 -0.067251 -0.002593 0.995031
178.106886864 0.508759 -0.434945 7.306099 0.076257 -0.065866 -0.006177 0.994891
178.312539816 0.506549 -0.433022 7.328246 0.077425 -0.064633 -0.008706 0.994863
178.515916586 0.506284 -0.432268 7.347298 0.076388 -0.064994 -0.008589 0.994921
178.717442513 0.505408 -0.431811 7.369583 0.072660 -0.064957 -0.004373 0.995230
178.927137136 0.505717 -0.429170 7.390662 0.067281 -0.063949 -0.002704 0.995679
179.135998726 0.508295 -0.422436 7.415996 0.060488 -0.061669 -0.000950 0.996262
179.350824118 0.511911 -0.419522 7.440626 0.053700 -0.059979 -0.004371 0.996745
179.566575050 0.513781 -0.418503 7.465079 0.048427 -0.060084 -0.007744 0.996988
179.785797834 0.513261 -0.419137 7.487789 0.044748 -0.061754 -0.009904 0.997039
180.005972385 0.512807 -0.420140 7.508899 0.041981 -0.063007 -0.009495 0.997084
180.226034880 0.513048 -0.421129 7.530149 0.040552 -0.063953 -0.012721 0.997047
180.446801662 0.512584 -0.421469 7.550264 0.040696 -0.064221 -0.015594 0.996984
180.670235872 0.512836 -0.422183 7.571180 0.041795 -0.066138 -0.018968 0.996754
180.897972584 0.513165 -0.423061 7.590652 0.043167 -0.066189 -0.021851 0.996633
181.126222610 0.512515 -0.427133 7.609137 0.044637 -0.066244 -0.024374 0.996507
181.349269152 0.508637 -0.438276 7.625631 0.046543 -0.071700 -0.020739 0.996124
181.568701506 0.508465 -0.451254 7.634357 0.048863 -0.081014 -0.015827 0.995389
181.794820786 0.508597 -0.450396 7.645923 0.053286 -0.091541 -0.018712 0.994199
182.015238285 0.505318 -0.442777 7.655574 0.057040 -0.105443 -0.025442 0.992462
182.238402605 0.493839 -0.441676 7.660992 0.059932 -0.119009 -0.026659 0.990724
182.461307526 0.484744 -0.447968 7.671982 0.060479 -0.129539 -0.021221 0.989501
182.690124750 0.478457 -0.451056 7.684079 0.060076 -0.138655 -0.018112 0.988351
182.909004927 0.472612 -0.452399 7.697871 0.058194 -0.145860 -0.017968 0.987429
183.132194042 0.467254 -0.449898 7.714403 0.055266 -0.149325 -0.018825 0.987063
183.360637188 0.464125 -0.446391 7.735401 0.051233 -0.150723 -0.020425 0.987036
183.586124182 0.460106 -0.444357 7.756710 0.046776 -0.150427 -0.024002 0.987222
183.816777945 0.456701 -0.441570 7.778525 0.043229 -0.150887 -0.025374 0.987279
184.036991119 0.453085 -0.443433 7.797360 0.040893 -0.152766 -0.024057 0.987123
184.257878304 0.452210 -0.447689 7.818202 0.039544 -0.152093 -0.020187 0.987368
184.482778311 0.454820 -0.454753 7.838462 0.039453 -0.147765 -0.015705 0.988110
184.708930492 0.462243 -0.459748 7.857661 0.040264 -0.142010 -0.014865 0.988934
184.935797453 0.471043 -0.460598 7.880141 0.042143 -0.134235 -0.014276 0.989950
185.165072203 0.479509 -0.464540 7.899843 0.045019 -0.125058 -0.012660 0.991047
185.391020298 0.491649 -0.468392 7.917695 0.047687 -0.112934 -0.011560 0.992390
185.610075712 0.505340 -0.470600 7.936749 0.049929 -0.098293 -0.011673 0.993836
185.824096680 0.520074 -0.475081 7.955420 0.052320 -0.082601 -0.008748 0.995170
186.040981293 0.536692 -0.477848 7.975654 0.054211 -0.066435 -0.007555 0.996288
186.268291473 0.549531 -0.480096 7.996069 0.056788 -0.054940 -0.006896 0.996850
186.482865095 0.558481 -0.483243 8.016386 0.059346 -0.046584 -0.010888 0.997091
186.699566841 0.566181 -0.484630 8.039007 0.060262 -0.037023 -0.016472 0.997360
186.912237406 0.573474 -0.487646 8.060007 0.059766 -0.028695 -0.021916 0.997559
187.126310825 0.585729 -0.489656 8.078077 0.057701 -0.015276 -0.028541 0.997809
187.342732191 0.600845 -0.486355 8.098302 0.054863 -0.001447 -0.025315 0.998172
187.559503555 0.613154 -0.484809 8.118636 0.051441 0.006439 -0.030269 0.998196
187.773364544 0.627540 -0.488607 8.135496 0.051064 0.005542 -0.024964 0.998368
187.988942862 0.631869 -0.492503 8.154131 0.051706 0.003728 -0.022523 0.998401
188.207961321 0.632225 -0.494944 8.173579 0.053938 0.003049 -0.020487 0.998329
188.426723003 0.635413 -0.495638 8.194985 0.057293 0.001944 -0.020109 0.998153
188.642332554 0.641695 -0.500000 8.214228 0.060730 0.003774 -0.022265 0.997899
188.856177568 0.651801 -0.505071 8.234615 0.063159 0.008862 -0.021632 0.997730
189.068262815 0.663586 -0.508802 8.252763 0.064413 0.018825 -0.022399 0.997494
189.276483536 0.679090 -0.510474 8.272471 0.064805 0.031535 -0.022216 0.997152
189.485617876 0.699583 -0.512001 8.291300 0.062930 0.046905 -0.022835 0.996654
189.701024771 0.719711 -0.512181 8.310943 0.059812 0.061977 -0.021290 0.996056
189.915460110 0.736872 -0.514095 8.329889 0.056512 0.072574 -0.022731 0.995501
190.130990505 0.749949 -0.515244 8.349873 0.054206 0.077090 -0.023011 0.995284
190.346547842 0.757444 -0.515591 8.369306 0.051638 0.079327 -0.023673 0.995229
190.566231489 0.764789 -0.515857 8.391674 0.048825 0.081248 -0.027175 0.995126
190.788500071 0.773603 -0.518691 8.410465 0.046981 0.084741 -0.028430 0.994889
191.010834694 0.784302 -0.526288 8.429081 0.046516 0.090739 -0.024899 0.994476
191.229986906 0.796167 -0.529631 8.446783 0.046701 0.097035 -0.022116 0.993939
191.454148769 0.803281 -0.532115 8.465353 0.047561 0.099285 -0.021412 0.993691
191.676575661 0.809409 -0.533597 8.484957 0.048367 0.100687 -0.025592 0.993412
191.898754120 0.815572 -0.535875 8.504186 0.050065 0.104532 -0.030957 0.992778
192.117925882 0.826436 -0.541846 8.524362 0.053233 0.112891 -0.029126 0.991753
192.335562706 0.841816 -0.548448 8.543805 0.056020 0.124265 -0.029010 0.990242
192.551699400 0.859631 -0.551671 8.563447 0.057501 0.138986 -0.030967 0.988138
192.766437054 0.878656 -0.552896 8.580572 0.057281 0.155663 -0.034922 0.985529
192.981707811 0.897454 -0.555038 8.597868 0.057292 0.172029 -0.035945 0.982767
193.193235874 0.915692 -0.557047 8.616618 0.056843 0.188097 -0.039159 0.979722
193.408280849 0.934289 -0.556984 8.633810 0.056106 0.203546 -0.043063 0.976508
193.623300076 0.950441 -0.561464 8.653044 0.056287 0.219552 -0.042140 0.973064
193.836131096 0.968540 -0.566459 8.672050 0.057247 0.235181 -0.039461 0.969462
194.051322460 0.984632 -0.567871 8.689007 0.058633 0.246681 -0.037179 0.966607
194.264997244 0.992813 -0.572376 8.700176 0.060421 0.249866 -0.036716 0.965696
194.479926825 1.001339 -0.577133 8.716256 0.063346 0.249747 -0.036360 0.965553
194.698002577 1.012573 -0.582825 8.735280 0.067297 0.250403 -0.034456 0.965185
194.909776211 1.026366 -0.591488 8.750945 0.072447 0.253883 -0.030521 0.964035
195.113242865 1.043608 -0.600114 8.765023 0.076828 0.259083 -0.029494 0.962343
195.318979740 1.060014 -0.603654 8.780882 0.080693 0.263828 -0.027886 0.960784
195.525835514 1.073586 -0.607649 8.796890 0.084000 0.263876 -0.024128 0.960589
195.728120089 1.087530 -0.609852 8.815504 0.084339 0.265365 -0.023863 0.960156
195.933756113 1.105186 -0.611300 8.832408 0.082845 0.270845 -0.024409 0.958741
196.132333517 1.125947 -0.613138 8.846869 0.080544 0.280779 -0.024415 0.956075
196.333967447 1.149817 -0.613274 8.859082 0.076824 0.294833 -0.025986 0.952101
196.538067341 1.178546 -0.610754 8.875249 0.071379 0.311992 -0.029768 0.946932
196.745854855 1.204270 -0.609023 8.890671 0.065665 0.326497 -0.031490 0.942389
196.954150677 1.226289 -0.609186 8.904330 0.062373 0.334639 -0.027937 0.939865
197.168307781 1.247826 -0.610999 8.922487 0.058639 0.342645 -0.030181 0.937147
197.377819300 1.269908 -0.615822 8.939142 0.056507 0.352620 -0.030781 0.933551
197.588192225 1.291076 -0.619889 8.954327 0.055146 0.361138 -0.028446 0.930446
197.793379784 1.311181 -0.623177 8.970475 0.053094 0.365712 -0.025870 0.928852
198.004516363 1.328205 -0.625162 8.984683 0.050029 0.368081 -0.024638 0.928120
198.209537268 1.345331 -0.626803 9.000657 0.047139 0.368618 -0.022812 0.928105
198.415970087 1.362737 -0.628369 9.017929 0.044865 0.368370 -0.021554 0.928346
198.621396780 1.379433 -0.630063 9.032825 0.043554 0.367469 -0.020448 0.928790
198.826405048 1.396284 -0.632221 9.050476 0.040852 0.367567 -0.023433 0.928804
199.029468536 1.413998 -0.633338 9.067068 0.038182 0.368718 -0.025376 0.928410
199.235182047 1.432519 -0.636048 9.081789 0.037653 0.371969 -0.024647 0.927154
199.443708181 1.454267 -0.642603 9.098039 0.039301 0.378017 -0.022976 0.924679
199.649328470 1.478786 -0.647690 9.112524 0.041993 0.386199 -0.021584 0.921206
199.854759693 1.504391 -0.649729 9.124698 0.043063 0.395700 -0.023058 0.917080
200.060581923 1.528216 -0.653272 9.138013 0.045285 0.401784 -0.021532 0.914361
200.265192747 1.552525 -0.655692 9.150610 0.047656 0.405443 -0.017914 0.912701
200.469227552 1.575726 -0.654564 9.162945 0.047014 0.409439 -0.017594 0.910956
200.668886423 1.600657 -0.655570 9.174063 0.045865 0.413415 -0.015808 0.909249
200.867219925 1.625652 -0.654427 9.185831 0.041959 0.418241 -0.016006 0.907225
201.072986126 1.652550 -0.651419 9.199032 0.038397 0.424266 -0.013802 0.904618
201.277908325 1.678767 -0.649519 9.210090 0.037570 0.428655 -0.004949 0.902673
201.488382101 1.707170 -0.650055 9.220057 0.034337 0.433103 0.000224 0.900690
201.703652382 1.733645 -0.650006 9.229721 0.029689 0.437184 0.002951 0.898877
201.925510168 1.757677 -0.652090 9.238504 0.026447 0.440841 0.008414 0.897156
202.138667583 1.783760 -0.651644 9.250050 0.022455 0.443940 0.013064 0.895680
202.352762222 1.808445 -0.653332 9.260021 0.020890 0.446074 0.022372 0.894473
202.566037893 1.834565 -0.652945 9.270325 0.018255 0.447601 0.029091 0.893574
202.781227589 1.859346 -0.652802 9.281672 0.015655 0.448524 0.034007 0.892987
202.998087645 1.883633 -0.654421 9.293270 0.013152 0.449071 0.038200 0.892582
203.210766315 1.908698 -0.655453 9.304003 0.010646 0.450228 0.040518 0.891931
203.430562496 1.934515 -0.656563 9.314583 0.007123 0.453174 0.038910 0.890544
203.644605398 1.962938 -0.659605 9.326903 0.007518 0.455547 0.043055 0.889138
203.862585783 1.991103 -0.663300 9.339521 0.011096 0.456924 0.049788 0.888042
204.082585573 2.016749 -0.668154 9.348979 0.014630 0.457720 0.052217 0.887441
204.301250696 2.044836 -0.669659 9.360682 0.016833 0.457903 0.049084 0.887487
204.517086983 2.070149 -0.672736 9.372841 0.019983 0.456984 0.043288 0.888196
204.733030319 2.093966 -0.673878 9.385911 0.022164 0.455338 0.033725 0.889404
204.947798491 2.116578 -0.677915 9.399236 0.027579 0.452340 0.028046 0.890978
205.153309584 2.137549 -0.681469 9.412492 0.033560 0.449500 0.022151 0.892375
205.358724356 2.159651 -0.686745 9.426090 0.040880 0.446456 0.017104 0.893708
205.558367252 2.181708 -0.688891 9.437933 0.046224 0.445446 0.010303 0.894055
205.757281303 2.205479 -0.692052 9.449886 0.052042 0.445514 0.004894 0.893748
205.954706430 2.229490 -0.698534 9.459760 0.059869 0.446577 0.004137 0.892730
206.151063919 2.251089 -0.706647 9.467581 0.066818 0.448108 0.003588 0.891472
206.343694448 2.275041 -0.709495 9.474191 0.070656 0.451125 0.000013 0.889659
206.537972212 2.303072 -0.712884 9.483326 0.074560 0.453914 0.001709 0.887919
206.734527111 2.328790 -0.715820 9.491723 0.075557 0.456885 0.004087 0.886302
206.928781033 2.356049 -0.716523 9.498829 0.072804 0.461348 0.004451 0.884216
207.127727747 2.385084 -0.713479 9.507444 0.068976 0.467011 0.007922 0.881522
207.326297522 2.411182 -0.711584 9.515813 0.063844 0.472404 0.011154 0.878996
207.523567438 2.438740 -0.712011 9.527586 0.059320 0.475313 0.014188 0.877700
207.721529961 2.460827 -0.713846 9.539539 0.054152 0.476091 0.012079 0.877644
207.918350458 2.482507 -0.717074 9.553159 0.051805 0.473902 0.010493 0.878990
208.114859104 2.503756 -0.721916 9.567160 0.053044 0.468074 0.010554 0.882033
208.312729359 2.527891 -0.723638 9.583639 0.053416 0.462304 0.005913 0.885091
208.504327297 2.547714 -0.728650 9.597387 0.053894 0.456668 -0.003794 0.887995
208.703849077 2.568853 -0.736399 9.611882 0.058291 0.452130 -0.009738 0.889992
208.896934986 2.592959 -0.740019 9.626198 0.063919 0.450576 -0.015425 0.890313
209.095591307 2.614307 -0.746055 9.637436 0.071454 0.449882 -0.017082 0.890061
209.288431883 2.635522 -0.753865 9.646083 0.079575 0.448553 -0.014544 0.890088
209.480331659 2.656731 -0.759806 9.655446 0.085208 0.447277 -0.011329 0.890255
209.673552275 2.675352 -0.764920 9.660250 0.087405 0.448364 -0.010248 0.889508
209.863269329 2.699134 -0.765007 9.672297 0.087831 0.450995 -0.007024 0.888167
210.054800034 2.720178 -0.764706 9.679096 0.084976 0.454381 -0.004319 0.886735
210.248924255 2.746216 -0.760007 9.689972 0.079433 0.458589 -0.002854 0.885086
210.444637775 2.770263 -0.757626 9.700365 0.073216 0.461188 0.001444 0.884276
210.636298656 2.793172 -0.753217 9.712426 0.065070 0.462790 0.003902 0.884068
210.828785181 2.816900 -0.748248 9.726529 0.055150 0.463980 0.003988 0.884118
211.028337955 2.839961 -0.743697 9.740525 0.045701 0.464595 0.004946 0.884329
211.224032879 2.864559 -0.744050 9.756613 0.037623 0.464032 0.006624 0.884995
211.423427343 2.886424 -0.745708 9.771478 0.030503 0.462776 0.005998 0.885930
211.622536898 2.908121 -0.746520 9.785917 0.025701 0.460461 0.005915 0.887288
211.825536489 2.931924 -0.746731 9.801723 0.024210 0.457780 0.008459 0.888695
212.029814005 2.953533 -0.751030 9.814073 0.023892 0.455011 0.010038 0.890108
212.235810757 2.977104 -0.753556 9.828243 0.024428 0.453258 0.014116 0.890933
212.437314034 3.000722 -0.754322 9.842119 0.024712 0.452167 0.016709 0.891434
212.637846708 3.023625 -0.755189 9.854335 0.025788 0.450792 0.020580 0.892019
212.839607954 3.050142 -0.754951 9.869040 0.024422 0.451000 0.022825 0.891898
213.045209408 3.074870 -0.753566 9.882353 0.022795 0.451352 0.023767 0.891738
213.246930838 3.098998 -0.752678 9.895326 0.021572 0.452431 0.026992 0.891130
213.448700428 3.123736 -0.753062 9.909176 0.020592 0.452826 0.027966 0.890922
213.649560452 3.147611 -0.753724 9.922956 0.020376 0.451633 0.026058 0.891591
213.852925777 3.173190 -0.756634 9.938842 0.021770 0.449777 0.022023 0.892604
214.057276487 3.194564 -0.760122 9.952145 0.023375 0.447728 0.016592 0.893710
214.259439230 3.217897 -0.763919 9.965561 0.026594 0.446735 0.014254 0.894157
214.465708494 3.240887 -0.765675 9.978502 0.028988 0.447649 0.012958 0.893646
214.668846369 3.264263 -0.767426 9.991093 0.030609 0.450252 0.013045 0.892281
214.869167805 3.290644 -0.767689 10.004255 0.028602 0.454194 0.010398 0.890383
215.076054096 3.315600 -0.765178 10.016486 0.026348 0.457854 0.011477 0.888563
215.276039839 3.339137 -0.762653 10.028059 0.021951 0.460727 0.013900 0.887161
215.477495193 3.365178 -0.759701 10.041616 0.018262 0.462869 0.020504 0.886001
215.678358555 3.391666 -0.756048 10.055353 0.014519 0.463644 0.027595 0.885473
215.881170988 3.417971 -0.753877 10.069881 0.011845 0.463936 0.035483 0.885078
216.087185621 3.448063 -0.750666 10.086221 0.009169 0.463705 0.039864 0.885045
216.293316364 3.476223 -0.750638 10.102301 0.007755 0.461767 0.042408 0.885953
216.506469965 3.505376 -0.751290 10.118479 0.006904 0.459019 0.043629 0.887328
216.713431597 3.533570 -0.752470 10.135953 0.007188 0.455314 0.045303 0.889149
216.920568228 3.562488 -0.751879 10.151630 0.009791 0.451374 0.049565 0.890904
217.129238367 3.592778 -0.750524 10.166922 0.008155 0.450983 0.048511 0.891176
217.329831839 3.623868 -0.748419 10.180025 0.004423 0.454512 0.047329 0.889472
217.536787033 3.658591 -0.740806 10.194244 -0.000034 0.459341 0.046485 0.887043
217.748066187 3.693635 -0.731298 10.208353 -0.005391 0.465042 0.046157 0.884068
217.959103107 3.727744 -0.731477 10.220461 -0.005540 0.469186 0.056167 0.881294
218.174055576 3.764166 -0.732014 10.233000 -0.005260 0.473364 0.066190 0.878361
218.412384987 3.801178 -0.728919 10.244600 -0.007787 0.477372 0.069700 0.875898
218.626325369 3.838662 -0.724999 10.256148 -0.013346 0.480747 0.064722 0.874366
218.837871552 3.876655 -0.718756 10.269505 -0.017842 0.482327 0.058314 0.873866
219.054196596 3.916045 -0.716273 10.284861 -0.017352 0.482266 0.056824 0.874008
219.269433022 3.952814 -0.715615 10.298374 -0.012889 0.482139 0.060584 0.873903
219.486311674 3.993082 -0.712373 10.312521 -0.007432 0.482535 0.065925 0.873361
219.701879978 4.033965 -0.710722 10.325369 -0.006273 0.483909 0.062909 0.872832
219.918071508 4.075601 -0.704816 10.338324 -0.007661 0.485519 0.054665 0.872482
220.140235662 4.118154 -0.699689 10.353152 -0.003040 0.486273 0.056654 0.871963
220.361260653 4.160145 -0.703050 10.365633 0.001710 0.486857 0.059211 0.871471
220.578583479 4.202680 -0.702245 10.377127 0.001961 0.488270 0.053373 0.871057
220.797114134 4.245261 -0.697768 10.389685 0.000159 0.489502 0.042974 0.870942
221.014196634 4.286420 -0.698820 10.403820 0.002622 0.488946 0.038745 0.871449
221.227501154 4.323767 -0.702465 10.418982 0.005964 0.487409 0.037067 0.872366
221.442311764 4.363017 -0.701131 10.434778 0.008958 0.486165 0.035177 0.873113
221.658566475 4.399845 -0.696783 10.447931 0.011157 0.485377 0.032904 0.873614
221.871881485 4.436873 -0.700697 10.463324 0.014732 0.485340 0.036678 0.873432
222.081954718 4.472781 -0.705611 10.475931 0.017240 0.485848 0.038852 0.873009
222.292577505 4.509417 -0.704502 10.486910 0.016959 0.487027 0.036118 0.872475
222.503568411 4.548225 -0.697306 10.501101 0.015973 0.488728 0.032166 0.871697
222.720191956 4.585783 -0.697566 10.512653 0.018720 0.488626 0.037131 0.871502
222.933164835 4.620266 -0.700677 10.524864 0.017976 0.489445 0.038411 0.871002
223.144156456 4.657002 -0.698472 10.536604 0.014086 0.491630 0.036326 0.869932
223.359139919 4.695219 -0.690588 10.548332 0.008520 0.495907 0.034642 0.867643
223.575273514 4.730280 -0.687037 10.559888 0.005601 0.501087 0.040729 0.864420
223.791960239 4.767337 -0.684804 10.569984 0.002269 0.506703 0.047200 0.860825
224.016908646 4.803357 -0.680316 10.580596 -0.001366 0.512541 0.053735 0.856978
224.228260279 4.839480 -0.677830 10.590435 -0.006725 0.518510 0.055730 0.853227
224.443478823 4.873600 -0.676406 10.601403 -0.010254 0.522761 0.056966 0.850512
224.658994436 4.909998 -0.674058 10.614147 -0.013305 0.525949 0.054738 0.848649
224.874270439 4.943528 -0.674579 10.627760 -0.016691 0.528094 0.049549 0.847575
225.091316462 4.978563 -0.673192 10.641980 -0.015932 0.529321 0.046993 0.846969
225.305997133 5.012003 -0.671351 10.655127 -0.013114 0.529913 0.045132 0.846749
225.530714750 5.052928 -0.667791 10.670433 -0.003269 0.529011 0.050146 0.847126
225.755161047 5.090872 -0.669216 10.683977 0.001463 0.528009 0.049715 0.847781
225.974036932 5.129391 -0.670087 10.697020 0.002886 0.526806 0.046723 0.848696
226.189963102 5.166944 -0.668630 10.710933 0.004792 0.524387 0.045894 0.850229
226.406774998 5.203365 -0.665327 10.725515 0.010479 0.520726 0.052207 0.852061
226.626485348 5.242790 -0.664299 10.738688 0.010563 0.519667 0.053018 0.852657
226.842277765 5.280919 -0.662301 10.748919 0.006105 0.522155 0.049429 0.851395
227.063272476 5.320874 -0.654558 10.759449 0.001517 0.526043 0.046814 0.849167
227.291658640 5.361068 -0.649289 10.769129 -0.001796 0.531625 0.048971 0.845561
227.513896465 5.398116 -0.647648 10.776133 -0.002841 0.537149 0.057233 0.841539
227.732321739 5.435464 -0.645836 10.783009 -0.003132 0.541829 0.066832 0.837821
227.951988459 5.471886 -0.642122 10.788038 -0.004444 0.546108 0.075572 0.834287
228.177090645 5.510098 -0.636650 10.794742 -0.004954 0.550243 0.084967 0.830656
228.397158384 5.547853 -0.635069 10.800108 -0.006233 0.553042 0.090136 0.828240
228.620668650 5.586478 -0.634902 10.809027 -0.004865 0.553010 0.094441 0.827791
228.846617460 5.626637 -0.630509 10.818844 -0.004008 0.550910 0.095521 0.829070
229.077819347 5.665422 -0.629468 10.829897 -0.004252 0.546719 0.090176 0.832435
229.301461458 5.700637 -0.634671 10.839073 0.000163 0.539203 0.087830 0.837583
229.534484386 5.735726 -0.639611 10.846638 0.002133 0.532606 0.079079 0.842659
229.756005287 5.772224 -0.637361 10.851585 0.003709 0.526297 0.067267 0.847628
229.978389978 5.804880 -0.635700 10.859755 0.013740 0.516676 0.066206 0.853507
230.204301119 5.837951 -0.639837 10.865026 0.023479 0.507612 0.059509 0.859207
230.420865536 5.872149 -0.644746 10.868567 0.033301 0.498128 0.047775 0.865146
230.637082338 5.903759 -0.647374 10.874991 0.046604 0.486275 0.040062 0.871642
230.851841688 5.934711 -0.652878 10.881320 0.065807 0.474016 0.042815 0.877009
231.067528725 5.966392 -0.665264 10.885381 0.079968 0.466218 0.041688 0.880062
231.278169632 5.995794 -0.675870 10.887740 0.090199 0.462097 0.039297 0.881355
231.484959364 6.029146 -0.681564 10.890692 0.097822 0.461600 0.037210 0.880893
231.691264629 6.067381 -0.680621 10.894917 0.101254 0.465617 0.032236 0.878584
231.894835472 6.104506 -0.680257 10.897463 0.102058 0.474987 0.030740 0.873514
232.101451159 6.139685 -0.680778 10.897707 0.100806 0.486989 0.033112 0.866939
232.299259663 6.177380 -0.677018 10.900394 0.097559 0.500095 0.035719 0.859716
232.503777504 6.214586 -0.674548 10.902618 0.091159 0.512784 0.036982 0.852863
232.712280512 6.250786 -0.666865 10.906319 0.081663 0.525667 0.035189 0.846030
232.928214312 6.285251 -0.663739 10.912132 0.075620 0.534740 0.039294 0.840708
233.140155554 6.316569 -0.665905 10.920944 0.070782 0.539797 0.042106 0.837757
233.353843212 6.348173 -0.667456 10.931639 0.064457 0.543534 0.037878 0.836051
233.566117525 6.381204 -0.666912 10.942726 0.058238 0.547488 0.030364 0.834232
233.780916929 6.413344 -0.668094 10.954002 0.054569 0.552416 0.025634 0.831386
233.995194197 6.446240 -0.671641 10.964348 0.055370 0.558715 0.025051 0.827130
234.202932596 6.477676 -0.674989 10.973030 0.057579 0.566416 0.025503 0.821710
234.416998863 6.510439 -0.678648 10.979403 0.060398 0.576331 0.024925 0.814600
234.630871296 6.539693 -0.685544 10.984640 0.064510 0.586704 0.024684 0.806850
234.843484640 6.569473 -0.690467 10.986699 0.066954 0.597676 0.022084 0.798632
235.054583073 6.601815 -0.693609 10.988275 0.069057 0.608712 0.021210 0.790095
235.264117241 6.632223 -0.697594 10.986184 0.069868 0.620144 0.022136 0.781057
235.470487833 6.663144 -0.699327 10.982141 0.070553 0.631566 0.025434 0.771686
235.679961205 6.695905 -0.698527 10.976601 0.068100 0.643497 0.027195 0.761928
235.894083738 6.731120 -0.693712 10.969322 0.061770 0.656419 0.025835 0.751419
236.105297089 6.761306 -0.693767 10.964468 0.059855 0.668641 0.028771 0.740614
236.317636490 6.797750 -0.696077 10.960588 0.060321 0.680794 0.031041 0.729327
236.527510643 6.828650 -0.698432 10.956442 0.060660 0.693134 0.030654 0.717597
236.736792803 6.861817 -0.698756 10.953377 0.061203 0.705927 0.028432 0.705062
236.945152521 6.889301 -0.704654 10.947067 0.065688 0.717216 0.029223 0.693132
237.148109913 6.917557 -0.707536 10.939291 0.066809 0.727804 0.027447 0.681971
237.353798866 6.948400 -0.707453 10.931438 0.067474 0.736983 0.026150 0.672026
237.558751106 6.979753 -0.710073 10.920061 0.068097 0.745488 0.027090 0.662478
237.762646675 7.011787 -0.708469 10.907650 0.065822 0.754422 0.027240 0.652513
237.966921329 7.041322 -0.705904 10.894342 0.063384 0.763837 0.028169 0.641672
238.169533968 7.070693 -0.702882 10.880491 0.060965 0.773216 0.030278 0.630479
238.374500990 7.106324 -0.701887 10.866310 0.061459 0.781600 0.034830 0.619767
238.576024771 7.140325 -0.701468 10.850470 0.060988 0.789791 0.038268 0.609136
238.779995203 7.164424 -0.700213 10.841180 0.059299 0.798379 0.039368 0.597933
238.987166405 7.192029 -0.706070 10.825931 0.060417 0.806793 0.042137 0.586225
239.193011999 7.220653 -0.703923 10.810476 0.062152 0.815109 0.045236 0.574185
239.395514011 7.249315 -0.701525 10.793301 0.061943 0.823757 0.047711 0.561526
239.601322651 7.276514 -0.696329 10.776192 0.057800 0.833234 0.048631 0.547737
239.807284832 7.305595 -0.691485 10.757650 0.056106 0.842345 0.051016 0.533577
240.013739586 7.332273 -0.690274 10.739781 0.052834 0.851442 0.051563 0.519227
240.223766804 7.364654 -0.687639 10.723796 0.048245 0.860396 0.049464 0.504920
240.433910370 7.390267 -0.686854 10.709684 0.046265 0.869021 0.047730 0.490290
240.643242359 7.411245 -0.691794 10.695729 0.047585 0.876885 0.047503 0.475975
240.849482536 7.442341 -0.688575 10.672704 0.049057 0.884010 0.046195 0.462587
241.058739424 7.463709 -0.689835 10.656431 0.049824 0.890281 0.045896 0.450346
241.274038315 7.486312 -0.695168 10.636072 0.051452 0.895727 0.047438 0.439061
241.477702618 7.507494 -0.690855 10.617455 0.051747 0.900988 0.047201 0.428152
241.678502560 7.531221 -0.690984 10.593613 0.047544 0.906722 0.046523 0.416449
241.880071640 7.550297 -0.687016 10.571334 0.046198 0.912512 0.046655 0.403746
242.085699797 7.571202 -0.685894 10.546930 0.045906 0.918517 0.048231 0.389735
242.285320282 7.590951 -0.682684 10.523031 0.041823 0.924669 0.048237 0.375382
242.488073587 7.611160 -0.677174 10.498822 0.036776 0.930785 0.048041 0.360526
242.690652132 7.630849 -0.670569 10.476122 0.030487 0.936664 0.047635 0.345632
242.892946959 7.650210 -0.666774 10.450919 0.027451 0.942262 0.048309 0.330236
243.099185944 7.666675 -0.664800 10.428947 0.025794 0.948040 0.049147 0.313271
243.304099798 7.685401 -0.662957 10.408173 0.026025 0.953840 0.050201 0.294945
243.506996870 7.703204 -0.661171 10.384183 0.026160 0.958941 0.051241 0.277708
243.712121487 7.719094 -0.659595 10.358989 0.023454 0.963520 0.052270 0.261432
243.920073032 7.738649 -0.654569 10.334851 0.019197 0.967958 0.052702 0.244767
244.136020422 7.752493 -0.652750 10.311707 0.016906 0.971944 0.053933 0.228323
244.342388868 7.766438 -0.647506 10.287019 0.015265 0.975924 0.054934 0.210526
244.548524618 7.780594 -0.642245 10.262351 0.011380 0.979643 0.055665 0.192542
244.759122372 7.793498 -0.638686 10.236313 0.012039 0.982787 0.057714 0.175080
244.971071720 7.805135 -0.634602 10.209745 0.013173 0.985263 0.060072 0.159609
245.182256460 7.816820 -0.631420 10.184479 0.013810 0.987263 0.063254 0.145328
245.398079872 7.826929 -0.626418 10.158295 0.012311 0.988917 0.066812 0.132018
245.609764576 7.837413 -0.622474 10.132574 0.010094 0.990443 0.070778 0.117943
245.830183506 7.847635 -0.619445 10.108521 0.009933 0.991764 0.074226 0.103906
246.044997454 7.854454 -0.618281 10.080997 0.012646 0.992735 0.076701 0.091837
246.264415503 7.862456 -0.612492 10.055197 0.010541 0.994172 0.076217 0.075513
246.482026577 7.862923 -0.613202 10.028434 0.012313 0.995581 0.075064 0.055074
246.702433348 7.877184 -0.611656 10.005099 0.011956 0.996855 0.071733 0.031490
246.918380737 7.881285 -0.612938 9.977970 0.011679 0.997543 0.068363 0.009909
247.136917830 7.884411 -0.613535 9.957322 -0.014655 -0.997761 -0.064092 0.012268
247.353503466 7.881783 -0.602972 9.928683 -0.010164 -0.997744 -0.059310 0.029777
247.570680857 7.886027 -0.606009 9.911601 -0.003626 -0.997126 -0.058667 0.047792
247.788624525 7.889556 -0.605992 9.890636 -0.003208 -0.996318 -0.058766 0.062345
248.005972385 7.893957 -0.601153 9.867633 -0.000482 -0.995767 -0.057879 0.071401
248.225433588 7.899108 -0.601106 9.848791 0.000930 -0.995356 -0.059546 0.075632
248.444763660 7.906491 -0.596607 9.825758 -0.000234 -0.995319 -0.061153 0.074834
248.665334463 7.912594 -0.592120 9.803749 -0.005239 -0.995390 -0.062938 0.072176
248.893261194 7.914995 -0.593655 9.787184 -0.014258 -0.995448 -0.063042 0.070048
249.119040251 7.915318 -0.592138 9.769915 -0.015111 -0.995612 -0.062235 0.068226
249.341433525 7.914544 -0.592247 9.749887 -0.020421 -0.995633 -0.060072 0.068484
249.553717136 7.911863 -0.592910 9.731822 -0.025959 -0.995604 -0.055703 0.070684
249.775758266 7.908943 -0.595180 9.713161 -0.027257 -0.995708 -0.051277 0.072059
249.998074293 7.904409 -0.593782 9.694542 -0.024726 -0.995804 -0.046733 0.074698
250.220941305 7.900939 -0.591871 9.676339 -0.021603 -0.995667 -0.043894 0.079077
250.438192368 7.898020 -0.589358 9.659906 -0.016788 -0.995549 -0.043047 0.082140
250.656483173 7.897884 -0.585942 9.640374 -0.010554 -0.995349 -0.044413 0.084826
250.874540567 7.899333 -0.579832 9.620768 -0.005255 -0.995141 -0.047424 0.086130
251.093552828 7.904145 -0.573441 9.601811 -0.000203 -0.994933 -0.052505 0.085746
251.310406685 7.908862 -0.565701 9.580422 -0.001060 -0.994792 -0.058220 0.083656
251.529224873 7.913789 -0.557995 9.559645 -0.005720 -0.994595 -0.064133 0.081462
251.754427671 7.916180 -0.553163 9.537308 -0.008461 -0.994179 -0.069996 0.081475
251.981553793 7.916120 -0.547757 9.514147 -0.010150 -0.993642 -0.073809 0.084404
252.209840775 7.915009 -0.541473 9.491489 -0.005668 -0.993257 -0.075806 0.087530
252.441200495 7.914830 -0.540357 9.471989 -0.007692 -0.993203 -0.074835 0.088820
252.665900230 7.918326 -0.542267 9.449627 -0.009803 -0.993179 -0.072607 0.090708
252.889395475 7.919495 -0.544499 9.429090 -0.014338 -0.993314 -0.068316 0.091953
253.122349024 7.920681 -0.545873 9.408973 -0.011757 -0.993449 -0.063970 0.093961
253.356315613 7.919785 -0.544711 9.390443 -0.007258 -0.993772 -0.058341 0.094659
253.589339256 7.918558 -0.546017 9.375205 -0.005479 -0.994158 -0.052147 0.094347
253.816811085 7.923875 -0.553083 9.360601 -0.010711 -0.994756 -0.046995 0.090209
254.047602654 7.930419 -0.553073 9.349534 -0.011838 -0.995865 -0.042122 0.079617
254.268129349 7.938049 -0.559835 9.335644 -0.019116 -0.996515 -0.038559 0.071454
254.478616953 7.946935 -0.564131 9.320415 -0.030727 -0.996961 -0.035703 0.062046
254.696436644 7.955872 -0.566074 9.301287 -0.037524 -0.997337 -0.034686 0.052039
254.913356543 7.961536 -0.563997 9.284590 -0.039197 -0.997664 -0.035895 0.042905
255.135545254 7.972919 -0.553977 9.267587 -0.034304 -0.998083 -0.038496 0.034220
255.347495079 7.985107 -0.545443 9.251055 -0.022481 -0.998383 -0.042682 0.030083
255.566432238 7.988096 -0.540778 9.230992 -0.015134 -0.998326 -0.044744 0.033373
255.787700415 7.989827 -0.538678 9.203628 -0.015089 -0.998009 -0.043559 0.043042
256.004268408 7.999611 -0.539252 9.185794 -0.011336 -0.997485 -0.043880 0.054490
256.227825880 8.000929 -0.533725 9.163729 -0.011319 -0.996902 -0.039581 0.067014
256.442679882 7.991754 -0.537559 9.142630 -0.007605 -0.996056 -0.037739 0.079938
256.657833815 7.998271 -0.537786 9.119467 -0.001574 -0.994565 -0.031050 0.099371
256.871716976 7.997802 -0.539749 9.099280 0.002706 -0.992736 -0.025577 0.117531
257.091132879 7.998106 -0.540378 9.080426 0.010692 -0.991074 -0.020039 0.131362
257.310369015 8.000127 -0.545456 9.064612 0.017150 -0.990214 -0.015129 0.137672
257.528297901 8.003190 -0.550735 9.049765 0.018635 -0.989823 -0.010374 0.140699
257.747982264 8.006437 -0.554195 9.033065 0.016781 -0.989727 -0.004992 0.141893
257.974886656 8.010100 -0.555649 9.017235 0.015227 -0.989823 -0.000506 0.141485
258.191348314 8.012476 -0.554701 9.002961 0.009471 -0.990161 0.004798 0.139527
258.410575867 8.013306 -0.559736 8.991952 0.003894 -0.990500 0.008287 0.137209
258.621730328 8.015785 -0.563368 8.977727 -0.002159 -0.990452 0.010314 0.137453
258.834215164 8.016728 -0.564367 8.962593 -0.004579 -0.990391 0.010253 0.137839
259.046444893 8.017371 -0.563524 8.947858 -0.006158 -0.990202 0.007884 0.139287
259.256658316 8.015238 -0.560506 8.932485 -0.010109 -0.989721 0.005285 0.142557
259.469327211 8.011710 -0.553443 8.912799 -0.010965 -0.988910 0.001191 0.148105
259.685907602 8.007141 -0.548958 8.896052 -0.011027 -0.987344 -0.002717 0.158184
259.903892994 7.999313 -0.548113 8.881861 -0.011799 -0.984924 -0.005573 0.172497
260.111681223 7.992033 -0.550312 8.864978 -0.012202 -0.981825 -0.006644 0.189277
260.330642700 7.984831 -0.548949 8.851707 -0.010769 -0.978617 -0.005543 0.205335
260.557342291 7.980163 -0.547925 8.838972 -0.005412 -0.976605 -0.004366 0.214928
260.786912441 7.974921 -0.549278 8.819493 -0.000290 -0.975381 -0.004260 0.220486
261.008744478 7.970702 -0.546933 8.805997 -0.001252 -0.974758 -0.001753 0.223254
261.228511572 7.968792 -0.548701 8.795546 -0.001445 -0.974615 -0.001156 0.223881
261.458127260 7.969177 -0.550816 8.780339 -0.006184 -0.974687 -0.001680 0.223480
261.691392660 7.968453 -0.548297 8.766024 -0.008011 -0.975243 -0.003423 0.220966
261.928900719 7.965578 -0.545577 8.748789 -0.009922 -0.975999 -0.006618 0.217446
262.162904978 7.964936 -0.539622 8.741106 -0.006045 -0.976805 -0.010206 0.213803
262.381872654 7.967453 -0.542480 8.715386 0.007352 -0.976915 -0.014823 0.212985
262.599627733 7.968612 -0.543188 8.696374 0.014340 -0.976881 -0.016142 0.212691
262.813406467 7.969178 -0.544185 8.677478 0.015767 -0.977291 -0.016134 0.210698
263.021718979 7.968695 -0.543721 8.658604 0.013545 -0.978412 -0.014989 0.205673
263.239595890 7.969481 -0.544815 8.639154 0.008427 -0.979509 -0.014066 0.200731
263.452439547 7.969215 -0.543969 8.619754 -0.001399 -0.980604 -0.011924 0.195630
263.665557384 7.967689 -0.543401 8.603684 -0.011318 -0.981470 -0.010886 0.190973
263.883737326 7.967081 -0.540140 8.584010 -0.017056 -0.982388 -0.011933 0.185690
264.103977680 7.966157 -0.536983 8.570896 -0.019357 -0.983453 -0.015745 0.179437
264.324409962 7.968553 -0.531856 8.554576 -0.019371 -0.984217 -0.021797 0.174545
264.544905424 7.969696 -0.523412 8.532942 -0.017045 -0.984644 -0.028708 0.171354
264.771777391 7.975936 -0.515490 8.517245 -0.011348 -0.985656 -0.037293 0.164205
264.988525152 7.986958 -0.510245 8.501471 -0.005500 -0.986859 -0.047385 0.154384
265.209316015 7.996889 -0.502629 8.484061 -0.001020 -0.988323 -0.055979 0.141712
265.440231562 8.003706 -0.498109 8.459350 0.002140 -0.988908 -0.061757 0.135064
265.665957451 8.007341 -0.497355 8.442571 0.003576 -0.988797 -0.065021 0.134316
265.888720512 8.007100 -0.492226 8.421352 0.001250 -0.988540 -0.065652 0.135931
266.109934807 8.005694 -0.490764 8.402763 -0.001789 -0.988130 -0.066484 0.138477
266.342107058 8.000653 -0.486487 8.385380 -0.005800 -0.988047 -0.064776 0.139765
266.578479290 7.998101 -0.484173 8.361892 -0.005140 -0.988028 -0.062411 0.140990
266.815559387 7.995987 -0.487689 8.349165 -0.004596 -0.988158 -0.060218 0.141054
267.047302246 7.990333 -0.487891 8.328500 -0.005385 -0.988404 -0.056601 0.140798
267.286090851 7.994367 -0.486784 8.306723 -0.008770 -0.988270 -0.051742 0.143417
267.519209862 7.993554 -0.487760 8.290272 -0.008049 -0.988315 -0.047780 0.144519
267.756345034 7.986658 -0.488920 8.281203 -0.008406 -0.988635 -0.043558 0.143640
267.993561268 7.983974 -0.489669 8.262283 -0.005996 -0.988572 -0.040819 0.144995
268.229536533 7.986051 -0.495081 8.244319 -0.003766 -0.988144 -0.039274 0.148372
268.462019205 7.984789 -0.496074 8.228654 -0.002290 -0.987973 -0.036834 0.150158
268.697255373 7.981574 -0.496003 8.211745 0.000118 -0.987844 -0.034247 0.151632
268.929162741 7.979369 -0.498506 8.195996 -0.000864 -0.987548 -0.031366 0.154159
269.158272028 7.976811 -0.500583 8.179869 -0.000808 -0.987230 -0.028544 0.156718
269.387864351 7.974814 -0.500870 8.160946 0.000252 -0.986943 -0.024783 0.159150
269.615093946 7.971946 -0.503059 8.143955 0.002734 -0.986753 -0.021189 0.160820
269.843418360 7.968830 -0.506163 8.129672 0.002841 -0.986606 -0.016719 0.162238
270.064779043 7.967353 -0.508479 8.113904 0.002002 -0.986366 -0.011161 0.164177
270.288036585 7.964826 -0.512749 8.100692 0.003036 -0.986216 -0.004322 0.165381
270.512684822 7.966017 -0.517673 8.087768 0.003060 -0.986004 0.003039 0.166667
270.730037689 7.965077 -0.521550 8.074835 0.004842 -0.986131 0.011310 0.165512
270.944746733 7.963698 -0.523423 8.059787 0.006469 -0.986196 0.019124 0.164350
271.158979177 7.966067 -0.527702 8.042466 0.008425 -0.986010 0.024808 0.164613
271.368743896 7.965003 -0.528209 8.027138 0.010635 -0.986215 0.030448 0.162296
271.574115753 7.962843 -0.532662 8.016902 0.012073 -0.986691 0.034284 0.158491
271.784353971 7.966935 -0.535083 7.995860 0.012740 -0.987085 0.036816 0.155389
271.988543749 7.968850 -0.537452 7.980003 0.010739 -0.987847 0.038079 0.150308
272.189122677 7.973581 -0.537775 7.962443 0.005882 -0.988817 0.038402 0.143986
272.387567043 7.977867 -0.537186 7.946606 0.001175 -0.990123 0.036807 0.135279
272.589361429 7.985181 -0.534393 7.929967 -0.000917 -0.991860 0.033378 0.122880
272.781593561 7.996730 -0.530526 7.914870 0.000031 -0.993815 0.027643 0.107555
272.979959249 8.010611 -0.525289 7.896710 0.002655 -0.995690 0.020162 0.090490
273.194118023 8.025257 -0.516866 7.880331 0.005657 -0.997056 0.012691 0.075406
273.410039663 8.035734 -0.514112 7.859694 0.008329 -0.997567 0.006223 0.068930
273.625266314 8.036583 -0.515306 7.839130 0.008284 -0.997545 0.002667 0.069490
273.839006662 8.036901 -0.512604 7.817982 0.012304 -0.997210 0.001532 0.073614
274.055924416 8.039560 -0.513978 7.797271 0.014628 -0.996733 0.002953 0.079373
274.277504206 8.042522 -0.513165 7.781772 0.014501 -0.996120 0.007118 0.086513
274.497565985 8.037553 -0.516808 7.766771 0.017176 -0.995602 0.012656 0.091224
274.710230827 8.040318 -0.520809 7.753533 0.016815 -0.994974 0.019102 0.096845
274.926682711 8.038349 -0.527839 7.739089 0.007638 -0.994436 0.024412 0.102193
275.153124571 8.037376 -0.532038 7.726000 0.002687 -0.993981 0.028301 0.105797
275.368105650 8.038652 -0.535011 7.709146 0.005351 -0.993671 0.031189 0.107781
275.574416161 8.040662 -0.538931 7.693023 0.007732 -0.993404 0.033403 0.109419
275.779376745 8.037388 -0.540631 7.676790 0.006822 -0.993441 0.035528 0.108474
275.984304428 8.038036 -0.541188 7.659979 0.009942 -0.993526 0.036723 0.107046
276.190058231 8.044296 -0.539660 7.647365 0.010988 -0.993631 0.037160 0.105813
276.396304369 8.046646 -0.542112 7.633267 0.008090 -0.994133 0.035022 0.102021
276.601933479 8.053467 -0.534975 7.607965 0.008735 -0.994607 0.033000 0.097938
276.809638739 8.065712 -0.529534 7.590580 0.007585 -0.994977 0.030052 0.095184
277.020473957 8.068533 -0.529555 7.580277 0.003683 -0.995713 0.024963 0.088987
277.233478546 8.070772 -0.528042 7.562178 -0.003185 -0.996438 0.018879 0.082125
277.446935892 8.080769 -0.524968 7.541019 -0.000325 -0.996706 0.012389 0.080146
277.664638996 8.085262 -0.522494 7.522176 -0.000791 -0.996806 0.006996 0.079553
277.890370131 8.087025 -0.518649 7.502797 -0.002724 -0.996547 0.002931 0.082937
278.109792233 8.087732 -0.515487 7.482900 0.002760 -0.996135 0.000120 0.087795
278.330688953 8.088171 -0.515780 7.463845 0.005745 -0.995576 -0.001369 0.093771
278.556022167 8.090124 -0.514139 7.443669 0.010852 -0.994775 -0.001490 0.101505
278.777980804 8.088596 -0.514848 7.427269 0.018057 -0.994006 -0.000551 0.107822
278.998594761 8.089273 -0.517579 7.410529 0.021225 -0.992970 0.001012 0.116445
279.216419220 8.090105 -0.518775 7.393992 0.025679 -0.991633 0.003958 0.126444
279.433499575 8.090425 -0.520465 7.379501 0.032623 -0.990517 0.006955 0.133282
279.648023844 8.090141 -0.523291 7.366641 0.035431 -0.989821 0.010733 0.137421
279.863608360 8.094513 -0.527051 7.354314 0.033192 -0.989600 0.014558 0.139204
280.075723886 8.103002 -0.532373 7.342471 0.026820 -0.989753 0.016639 0.139259
280.298536539 8.112213 -0.531052 7.325545 0.025265 -0.990240 0.017829 0.135900
280.520409346 8.120260 -0.531165 7.314981 0.023440 -0.991132 0.016742 0.129719
280.736317635 8.129515 -0.530920 7.303754 0.020957 -0.992035 0.014438 0.123367
280.947041512 8.137608 -0.528001 7.285210 0.020674 -0.992926 0.011420 0.116359
281.157319546 8.144973 -0.526609 7.268875 0.017962 -0.993538 0.007805 0.111799
281.370371819 8.148763 -0.525020 7.254982 0.015037 -0.993984 0.004512 0.108392
281.588550329 8.149581 -0.524384 7.240117 0.013532 -0.994208 0.001226 0.106614
281.806658983 8.153248 -0.522736 7.217398 0.013640 -0.994033 -0.001222 0.108221
282.022735119 8.154570 -0.520148 7.198772 0.011342 -0.994055 -0.003132 0.108243
282.241068840 8.157212 -0.517589 7.180755 0.007497 -0.994252 -0.004748 0.106697
282.463071823 8.160672 -0.515695 7.160522 0.002103 -0.994507 -0.005111 0.104526
282.685679913 8.163382 -0.515204 7.141739 -0.002051 -0.994807 -0.006032 0.101579
282.928572893 8.162970 -0.515257 7.128832 -0.004312 -0.995075 -0.005701 0.098865
283.150846720 8.162615 -0.519545 7.117115 -0.005992 -0.995156 -0.006035 0.097939
283.398634195 8.165823 -0.520674 7.096913 -0.007284 -0.995183 -0.006372 0.097560
283.617503405 8.167345 -0.522400 7.082227 -0.008265 -0.995144 -0.006482 0.097869
283.834057570 8.168385 -0.520143 7.064499 -0.005003 -0.995155 -0.003347 0.098137
284.049628496 8.169428 -0.522579 7.047164 -0.005295 -0.995146 -0.001731 0.098254
284.265703440 8.171125 -0.524050 7.030265 -0.006828 -0.995167 -0.000099 0.097958
284.479817152 8.170752 -0.522438 7.013119 -0.008460 -0.995234 0.001958 0.097126
284.694664955 8.171205 -0.521966 6.996013 -0.007353 -0.995234 0.003082 0.097194
284.908946753 8.170977 -0.518761 6.978598 -0.004610 -0.995280 0.005223 0.096800
285.127205849 8.171822 -0.517559 6.959827 -0.005816 -0.995260 0.007703 0.096770
285.343954325 8.173877 -0.519392 6.941528 -0.011983 -0.995202 0.009427 0.096642
285.559068203 8.176079 -0.521799 6.925574 -0.009112 -0.995290 0.010258 0.095967
285.773293257 8.176966 -0.524847 6.906898 -0.008920 -0.995299 0.011473 0.095751
285.984090328 8.177324 -0.527690 6.891942 -0.010907 -0.995325 0.011914 0.095219
286.194839478 8.178100 -0.526935 6.873786 -0.012227 -0.995373 0.012004 0.094547
286.405639172 8.178582 -0.524620 6.854071 -0.011092 -0.995408 0.010944 0.094442
286.622035980 8.180013 -0.522741 6.835249 -0.008062 -0.995522 0.009275 0.093731
286.838176012 8.185161 -0.522476 6.816270 -0.007577 -0.995491 0.006293 0.094343
287.051525831 8.186368 -0.519512 6.798153 -0.005814 -0.995653 0.001978 0.092941
287.279131651 8.189572 -0.513539 6.781513 -0.003354 -0.995800 -0.003084 0.091441
287.502242804 8.193815 -0.508880 6.758914 -0.001586 -0.995835 -0.008153 0.090789
287.730005026 8.196426 -0.504495 6.736486 0.001143 -0.995700 -0.012616 0.091769
287.949588060 8.196274 -0.502791 6.721697 0.000416 -0.995446 -0.014818 0.094172
288.169940233 8.196661 -0.498978 6.698624 -0.000067 -0.994901 -0.014898 0.099755
288.400835752 8.197590 -0.497507 6.674913 0.005495 -0.994494 -0.015130 0.103553
288.628226995 8.197872 -0.497316 6.655302 0.008612 -0.994147 -0.014032 0.106778
288.853592873 8.199162 -0.495083 6.636962 0.009153 -0.993834 -0.012194 0.109827
289.077591896 8.197985 -0.498832 6.623364 0.006255 -0.993861 -0.010697 0.109942
289.301904202 8.204432 -0.497249 6.602461 0.007570 -0.993730 -0.008719 0.111205
289.529778242 8.203514 -0.498408 6.587664 0.008956 -0.993795 -0.007226 0.110626
289.749315500 8.201636 -0.500276 6.566431 0.008216 -0.993897 -0.006029 0.109843
289.977763176 8.206077 -0.501173 6.551940 0.011411 -0.994261 -0.005792 0.106214
290.217676878 8.214890 -0.502152 6.538486 0.014068 -0.994933 -0.007444 0.099272
290.440168858 8.224127 -0.502973 6.524997 0.013313 -0.995507 -0.008213 0.093385
290.662447453 8.232380 -0.504008 6.510434 0.008099 -0.996110 -0.008927 0.087294
290.883717775 8.241959 -0.502676 6.495511 0.005084 -0.996713 -0.010201 0.080210
291.105329275 8.249477 -0.503033 6.480071 0.004405 -0.997239 -0.012363 0.073089
291.327265978 8.256729 -0.501494 6.466169 0.001917 -0.997691 -0.014329 0.066357
291.551304579 8.262405 -0.497351 6.446864 -0.003040 -0.997943 -0.015484 0.062136
291.773786545 8.266114 -0.494798 6.424918 -0.006340 -0.998056 -0.017145 0.059576
291.999952555 8.266517 -0.495750 6.409351 -0.005055 -0.998179 -0.018278 0.057264
292.218555927 8.269207 -0.496756 6.389604 -0.007534 -0.998177 -0.016519 0.057551
292.445764303 8.268867 -0.498373 6.376410 -0.010765 -0.998180 -0.013727 0.057730
292.678485632 8.267614 -0.501701 6.360868 -0.014278 -0.998097 -0.010228 0.059108
292.902287245 8.266916 -0.505531 6.347347 -0.016155 -0.997992 -0.004832 0.061056
293.119215012 8.265102 -0.512453 6.334600 -0.012335 -0.998015 0.001347 0.061747
293.347975016 8.262671 -0.518052 6.318384 -0.010760 -0.998002 0.008300 0.061702
293.569105148 8.267794 -0.521860 6.302563 -0.006708 -0.997941 0.016046 0.061734
293.786882639 8.272425 -0.524594 6.286732 -0.007155 -0.997883 0.024196 0.059942
294.002772808 8.275108 -0.526360 6.276500 -0.009825 -0.997839 0.031133 0.057021
294.216397524 8.276323 -0.528834 6.258080 -0.009476 -0.997852 0.037222 0.053073
294.418750048 8.287724 -0.538382 6.236838 -0.013074 -0.997747 0.040533 0.051836
294.618531466 8.293863 -0.539612 6.221431 -0.012796 -0.997844 0.044042 0.046945
294.817119122 8.300066 -0.540592 6.205631 -0.011298 -0.998034 0.045393 0.041703
295.018185139 8.306920 -0.540419 6.189224 -0.012418 -0.998155 0.045924 0.037737
295.219042540 8.314174 -0.540312 6.171479 -0.010208 -0.998433 0.043575 0.033599
295.415866375 8.323320 -0.537079 6.152862 -0.006929 -0.998714 0.040262 0.030021
295.617438793 8.332238 -0.532152 6.135529 -0.007102 -0.999017 0.035532 0.025537
295.823123217 8.341471 -0.523934 6.118722 -0.005283 -0.999340 0.029359 0.020729
296.029920578 8.353140 -0.519462 6.096270 -0.003755 -0.999630 0.021749 0.015872
296.240377665 8.359907 -0.514684 6.076683 -0.002991 -0.999806 0.014587 0.012896
296.446732521 8.367204 -0.508911 6.052741 -0.010408 -0.999857 0.008165 0.010534
296.659121275 8.371927 -0.505562 6.030416 -0.016265 -0.999789 0.002086 0.012333
296.870066881 8.371546 -0.504669 6.008652 -0.013423 -0.999723 -0.002740 0.019137
297.080174923 8.371951 -0.502547 5.986872 -0.011286 -0.999507 -0.006192 0.028625
297.290936947 8.370058 -0.503739 5.967646 -0.011656 -0.998958 -0.008491 0.043296
297.498772383 8.369447 -0.502122 5.946430 -0.008932 -0.998079 -0.010209 0.060449
297.709413767 8.366325 -0.501570 5.929495 -0.008108 -0.996849 -0.010997 0.078134
297.917744875 8.359225 -0.506344 5.917445 -0.013321 -0.995273 -0.011594 0.095503
298.125273943 8.353933 -0.507619 5.900083 -0.022095 -0.993182 -0.011564 0.113877
298.341545105 8.348384 -0.507667 5.887506 -0.021424 -0.991366 -0.012679 0.128737
298.571028709 8.346199 -0.508471 5.874985 -0.015041 -0.990257 -0.014890 0.137635
298.803540707 8.345919 -0.505527 5.857399 -0.012180 -0.989464 -0.015746 0.143408
299.037138700 8.347553 -0.504703 5.845857 -0.010677 -0.989999 -0.016694 0.139678
299.270074844 8.354228 -0.497575 5.834270 -0.011865 -0.990934 -0.016073 0.132858
299.498243570 8.356148 -0.502317 5.820066 -0.011671 -0.991497 -0.018310 0.128309
299.720613718 8.357731 -0.503734 5.808321 -0.015003 -0.991675 -0.018204 0.126587
299.942188978 8.360895 -0.501631 5.786231 -0.015426 -0.991658 -0.017955 0.126702
300.163301468 8.361107 -0.502939 5.771392 -0.016532 -0.991599 -0.017438 0.127099
300.386095285 8.357815 -0.504123 5.754898 -0.015576 -0.991202 -0.018262 0.130161
300.610812426 8.354294 -0.506995 5.741601 -0.018997 -0.990014 -0.018040 0.138516
300.838799715 8.347447 -0.506387 5.730733 -0.019688 -0.988660 -0.017750 0.147812
301.067922354 8.348722 -0.506854 5.711719 -0.016125 -0.987745 -0.018090 0.154185
301.290125132 8.342510 -0.505271 5.693955 -0.013593 -0.987506 -0.016644 0.156107
301.512187243 8.340055 -0.506540 5.676635 -0.009784 -0.987385 -0.015730 0.157252
301.735889435 8.335866 -0.503646 5.658584 -0.010497 -0.987455 -0.013321 0.156990
301.957135916 8.333147 -0.507374 5.643792 -0.009130 -0.987498 -0.013745 0.156764
302.179994106 8.328853 -0.506939 5.627533 -0.010161 -0.987533 -0.011926 0.156628
302.399814367 8.325613 -0.506132 5.608596 -0.009822 -0.987489 -0.011403 0.156971
302.621155262 8.321144 -0.503878 5.590592 -0.007105 -0.987490 -0.011401 0.157111
302.842980623 8.317725 -0.499466 5.572036 -0.003546 -0.987305 -0.011280 0.158398
303.068277121 8.311954 -0.501426 5.554202 -0.009067 -0.986467 -0.010741 0.163358
303.296508551 8.306105 -0.503417 5.537081 -0.010002 -0.985435 -0.012085 0.169326
303.518557787 8.302763 -0.501624 5.517409 -0.006456 -0.984760 -0.011754 0.173404
303.739976168 8.299341 -0.501303 5.500238 -0.001105 -0.984519 -0.012054 0.174860
303.965067148 8.296000 -0.500930 5.481320 0.004345 -0.984384 -0.012201 0.175556
304.190753937 8.292269 -0.500479 5.465388 0.008128 -0.984388 -0.011401 0.175453
304.417171240 8.291088 -0.499652 5.446002 0.008233 -0.984389 -0.009915 0.175534
304.644528151 8.288252 -0.499547 5.428812 0.008887 -0.984459 -0.008741 0.175172
304.868263245 8.286406 -0.500017 5.415281 0.008385 -0.984564 -0.006476 0.174704
305.091401100 8.285680 -0.500177 5.397250 0.011060 -0.984490 -0.004932 0.175026
305.313552618 8.284050 -0.499644 5.380215 0.010203 -0.985040 -0.003580 0.171987
305.537461758 8.284544 -0.502032 5.365059 0.008463 -0.985689 -0.004264 0.168309
305.757038593 8.283754 -0.503609 5.350782 0.004400 -0.986361 -0.003653 0.164495
305.977993250 8.284334 -0.504515 5.335424 0.002561 -0.986921 -0.004173 0.161128
306.195004702 8.285519 -0.504367 5.317916 -0.000526 -0.987380 -0.005402 0.158273
306.409305334 8.285633 -0.503896 5.300809 -0.003230 -0.987528 -0.006276 0.157288
306.625983477 8.282924 -0.501033 5.284124 -0.004332 -0.987209 -0.007443 0.159198
306.846971512 8.280010 -0.495164 5.268797 0.001309 -0.986393 -0.009191 0.164145
307.066923141 8.277580 -0.492252 5.251142 0.004907 -0.986071 -0.010272 0.165933
307.287209749 8.275942 -0.491494 5.233236 0.008274 -0.985972 -0.012001 0.166270
307.512064219 8.274660 -0.489142 5.213099 0.010662 -0.985956 -0.013594 0.166111
307.736315012 8.273424 -0.487243 5.193606 0.013144 -0.985912 -0.014830 0.166087
307.960607767 8.270571 -0.484784 5.174693 0.010668 -0.985266 -0.013508 0.170159
308.186579466 8.264970 -0.486793 5.157816 0.004167 -0.984252 -0.013383 0.176213
308.406675339 8.260504 -0.483568 5.139877 0.005689 -0.983248 -0.015236 0.181544
308.628715515 8.256837 -0.479270 5.122190 0.007952 -0.982812 -0.018071 0.183550
308.853370190 8.253334 -0.475035 5.101982 0.008002 -0.982555 -0.020647 0.184650
309.082266331 8.249119 -0.472524 5.084454 0.006412 -0.982363 -0.022213 0.185548
309.308588505 8.245587 -0.471374 5.066404 0.006683 -0.981953 -0.023314 0.187566
309.537119627 8.239701 -0.471690 5.049817 0.007150 -0.981539 -0.022897 0.189754
309.761720181 8.233813 -0.471608 5.031219 0.007432 -0.980794 -0.020325 0.193842
309.989151001 8.229679 -0.473951 5.016304 0.005380 -0.979546 -0.017043 0.200426
310.212582588 8.221428 -0.475096 5.001285 0.004831 -0.977752 -0.012426 0.209340
310.447071075 8.217250 -0.477272 4.988869 0.007999 -0.975662 -0.009483 0.218929
310.668161392 8.212841 -0.479475 4.973223 0.016028 -0.974340 -0.009143 0.224324
310.885346413 8.210636 -0.484965 4.961353 0.021089 -0.973554 -0.009006 0.227305
311.116235971 8.210754 -0.486280 4.946436 0.026416 -0.972978 -0.010214 0.229153
311.343822002 8.213838 -0.486735 4.931248 0.027173 -0.972925 -0.012284 0.229187
311.565727949 8.217559 -0.483281 4.915864 0.025360 -0.973467 -0.015054 0.226920
311.785559893 8.213386 -0.479294 4.900943 0.025993 -0.971894 -0.018260 0.233265
312.010835648 8.197942 -0.475950 4.890188 0.025375 -0.969328 -0.021859 0.243478
312.236101389 8.185689 -0.471609 4.877985 0.021315 -0.967876 -0.025942 0.249176
312.450547218 8.171994 -0.466111 4.861106 0.018992 -0.966793 -0.029502 0.253140
312.664300203 8.148918 -0.465088 4.845387 0.016639 -0.964584 -0.029120 0.261633
312.876625776 8.129854 -0.464463 4.825873 0.016192 -0.962609 -0.028441 0.268909
313.090000629 8.116621 -0.465392 4.808292 0.014187 -0.961930 -0.026456 0.271643
313.313089609 8.108292 -0.467221 4.791533 0.013617 -0.962011 -0.025966 0.271430
313.532604694 8.103410 -0.467095 4.774899 0.014462 -0.963308 -0.026091 0.266737
313.751613140 8.104742 -0.466171 4.756250 0.017018 -0.965728 -0.026145 0.257673
313.967078924 8.112505 -0.466318 4.741634 0.016380 -0.968978 -0.026287 0.245197
314.180908203 8.121674 -0.463863 4.725339 0.013254 -0.972978 -0.026738 0.228960
314.395283222 8.131464 -0.460733 4.708990 0.009273 -0.976966 -0.026815 0.211501
314.625087500 8.136803 -0.459292 4.691844 0.004750 -0.979674 -0.026872 0.198731
314.852643013 8.137459 -0.461456 4.674762 0.000722 -0.980795 -0.025117 0.193415
315.079757929 8.134456 -0.464567 4.660138 -0.004441 -0.981079 -0.021786 0.192329
315.315727234 8.129024 -0.465648 4.646821 -0.006349 -0.980485 -0.017732 0.195689
315.542113781 8.123483 -0.466275 4.633917 -0.004658 -0.979732 -0.012523 0.199868
315.767284155 8.118169 -0.468972 4.618430 -0.001344 -0.979315 -0.007600 0.202195
315.991446018 8.113259 -0.473897 4.604202 0.003246 -0.979162 -0.004650 0.203000
316.212898970 8.109197 -0.476014 4.590537 0.006986 -0.979055 -0.001774 0.203470
316.430294514 8.108263 -0.479770 4.573698 0.008924 -0.978970 0.000095 0.203810
316.650144577 8.106316 -0.485116 4.558816 0.009022 -0.979270 0.001561 0.202350
316.871720791 8.109468 -0.489061 4.541857 -0.000081 -0.980201 0.003766 0.197968
317.095854759 8.111756 -0.491354 4.528906 -0.008164 -0.981563 0.004155 0.190921
317.316131592 8.116943 -0.484933 4.516424 -0.006149 -0.983360 0.001836 0.181554
317.532806635 8.117983 -0.486935 4.497450 -0.015842 -0.984243 -0.000673 0.176109
317.757033348 8.120246 -0.483784 4.484200 -0.020779 -0.985294 -0.004492 0.169541
317.985334396 8.122702 -0.479079 4.466547 -0.024838 -0.986225 -0.009599 0.163251
318.218054533 8.124039 -0.473407 4.450478 -0.022565 -0.987064 -0.015989 0.157925
318.439574718 8.120529 -0.472768 4.429331 -0.025843 -0.986868 -0.018870 0.158329
318.666066170 8.117178 -0.472345 4.411735 -0.027641 -0.986982 -0.022664 0.156808
318.896550894 8.114532 -0.469755 4.391457 -0.026420 -0.986953 -0.025225 0.156813
319.125887632 8.110352 -0.467346 4.372275 -0.024887 -0.986761 -0.025165 0.158271
319.359216452 8.105238 -0.465288 4.355223 -0.022954 -0.986519 -0.023761 0.160275
319.583005428 8.102683 -0.463651 4.337138 -0.018989 -0.986533 -0.021597 0.161017
319.810238600 8.101139 -0.464003 4.318650 -0.016715 -0.986164 -0.017223 0.164024
320.032011271 8.097690 -0.473279 4.302811 -0.021634 -0.985167 -0.009637 0.169957
320.253244877 8.096762 -0.483025 4.287225 -0.021769 -0.984004 -0.003212 0.176783
320.478243113 8.094934 -0.485138 4.272823 -0.016789 -0.983001 0.002384 0.182818
320.697955847 8.077138 -0.489275 4.270650 -0.022840 -0.983811 0.008133 0.177561
320.697955847 8.077138 -0.489275 4.270650 -0.022840 -0.983811 0.008133 0.177561
320.697955847 8.077138 -0.489275 4.270650 -0.022840 -0.983811 0.008133 0.177561
320.697955847 8.077138 -0.489275 4.270650 -0.022840 -0.983811 0.008133 0.177561
320.697955847 8.077138 -0.489275 4.270650 -0.022840 -0.983811 0.008133 0.177561
320.697955847 8.077138 -0.489275 4.270650 -0.022840 -0.983811 0.008133 0.177561
320.697955847 8.077138 -0.489275 4.270650 -0.022840 -0.983811 0.008133 0.177561
320.697955847 8.077138 -0.489275 4.270650 -0.022840 -0.983811 0.008133 0.177561
320.697955847 8.077138 -0.489275 4.270650 -0.022840 -0.983811 0.008133 0.177561
320.697955847 8.077138 -0.489275 4.270650 -0.022840 -0.983811 0.008133 0.177561
320.697955847 8.077138 -0.489275 4.270650 -0.022840 -0.983811 0.008133 0.177561
320.697955847 8.077138 -0.489275 4.270650 -0.022840 -0.983811 0.008133 0.177561
320.697955847 8.077138 -0.489275 4.270650 -0.022840 -0.983811 0.008133 0.177561
320.697955847 8.077138 -0.489275 4.270650 -0.022840 -0.983811 0.008133 0.177561
