1750194798.917424202 0.000000000 0.000000000 0.000000000 -0.000000000 -0.000000000 -0.000000000 1.000000000
1750194799.267169714 0.000158079 0.000055565 0.000124166 0.000008939 0.000005496 -0.000067000 1.000000000
1750194799.616245747 0.000094062 0.000021165 0.000242085 -0.000003606 0.000117870 -0.000088282 1.000000000
1750194799.965341330 0.000523292 0.000133299 0.000181550 0.000021997 0.000004247 -0.000012749 1.000000000
1750194800.314440966 0.000462871 0.000196218 0.000548227 -0.000023701 0.000100707 -0.000061067 1.000000000
1750194800.665435076 0.000441288 0.000163922 0.000457969 -0.000029376 0.000174143 -0.000064933 1.000000000
1750194801.022772551 0.000679539 0.000211868 0.000516945 -0.000032788 0.000127397 -0.000183227 1.000000000
1750194801.369603157 0.000591882 0.000109677 0.000534501 -0.000064448 0.000212949 -0.000255771 0.999999940
1750194801.715738058 0.000986413 -0.000028953 0.000008550 -0.000053403 0.000158651 -0.000038445 1.000000000
1750194802.064814091 0.000644381 -0.000181604 -0.000437757 0.000008519 0.000192154 -0.000019260 1.000000000
1750194802.423278570 0.000661591 -0.000154721 -0.000194185 -0.000079849 0.000236903 -0.000162119 0.999999940
1750194802.782475948 0.001079307 0.000016451 0.000281575 -0.000073022 0.000256458 -0.000142693 1.000000000
1750194803.139545202 0.001067955 -0.000054797 -0.000166433 -0.000044333 0.000207400 -0.000065033 1.000000000
1750194803.496650934 0.001122375 0.000047200 0.000048950 -0.000061318 0.000300546 -0.000212072 0.999999940
1750194803.855627775 0.001453687 -0.000038639 0.000202126 -0.000072219 0.000297887 -0.000137802 1.000000000
1750194804.214780569 0.001428621 0.000046282 0.000464743 -0.000064857 0.000277859 -0.000021585 1.000000000
1750194804.570009947 0.001740149 0.000245722 0.000486026 -0.000078246 0.000302380 -0.000162549 0.999999940
1750194804.924752712 0.001674797 0.000259359 0.000443522 -0.000019332 0.000310980 -0.000051794 0.999999940
1750194805.277731180 0.001763871 -0.000010353 0.000049714 -0.000123186 0.000343466 -0.000145127 0.999999940
1750194805.630269766 0.001851353 0.000142897 0.000372355 -0.000142139 0.000340770 -0.000173048 0.999999940
1750194805.981885672 0.002098565 0.000177870 0.000352192 -0.000107916 0.000338224 -0.000244619 0.999999940
1750194806.337508678 0.001953594 0.000121067 0.000378571 -0.000146503 0.000442201 -0.000205729 0.999999881
1750194806.687672138 0.002195658 0.000238486 0.000698397 -0.000107129 0.000419364 -0.000187097 0.999999881
1750194807.039355993 0.002289765 0.000306234 0.000561796 -0.000045363 0.000384590 -0.000184071 0.999999940
1750194807.394746780 0.002420160 0.000205750 0.000661996 -0.000118760 0.000377987 -0.000331960 0.999999881
1750194807.749936581 0.002496742 0.000120588 0.000774173 -0.000128639 0.000401343 -0.000332863 0.999999881
1750194808.100828409 0.002525565 -0.000002005 0.000329655 -0.000091336 0.000399253 -0.000207570 0.999999881
1750194808.451736689 0.002531525 -0.000121555 -0.000124362 -0.000096697 0.000392696 -0.000209291 0.999999881
1750194808.804125071 0.002668621 0.000409324 0.000741423 -0.000056384 0.000397796 -0.000223435 0.999999881
1750194809.153985500 0.003185756 0.000168301 0.000951621 -0.000097254 0.000317290 -0.000173608 0.999999940
1750194809.505707264 0.003044583 0.000118677 0.000345164 -0.000028596 0.000314288 -0.000318996 0.999999881
1750194809.855511189 0.003053635 0.000275935 0.000675294 -0.000034736 0.000376890 -0.000358473 0.999999881
1750194810.204721212 0.003428947 0.000616438 0.001491199 -0.000052358 0.000418057 -0.000354234 0.999999881
1750194810.556166887 0.003158177 0.000124457 0.000475354 -0.000140235 0.000438792 -0.000440382 0.999999821
1750194810.909426928 0.003345489 0.000237234 0.000227473 -0.000084408 0.000462410 -0.000453635 0.999999762
1750194811.259683609 0.003473957 0.000080307 0.000327008 -0.000135227 0.000388034 -0.000385133 0.999999821
1750194811.613374710 0.003638250 0.000217249 0.000247620 -0.000100999 0.000360128 -0.000446966 0.999999821
1750194811.964502811 0.003506497 0.000225935 0.000664465 -0.000137127 0.000503181 -0.000476780 0.999999762
1750194812.315853596 0.003615020 0.000196487 0.000360909 -0.000082746 0.000510470 -0.000457917 0.999999762
1750194812.668114662 0.003761125 0.000316020 0.000943510 -0.000054330 0.000516384 -0.000463504 0.999999762
1750194813.018821478 0.003917071 0.000483300 0.001043900 -0.000107098 0.000581920 -0.000386000 0.999999762
1750194813.368496418 0.004284945 0.000511235 0.000866943 -0.000110583 0.000442607 -0.000463716 0.999999821
1750194813.722114563 0.004223944 0.000613715 0.001495640 -0.000120979 0.000535736 -0.000473090 0.999999762
1750194814.073641062 0.004330843 0.000696831 0.001138864 -0.000060762 0.000426017 -0.000407166 0.999999821
1750194814.424841642 0.004690730 0.000544940 0.000947201 -0.000114217 0.000399983 -0.000459790 0.999999821
1750194814.778060436 0.004243481 0.000269897 0.000565460 -0.000246103 0.000526838 -0.000624983 0.999999642
1750194815.126363277 0.005081308 0.000623538 0.000681524 -0.000109485 0.000401842 -0.000427293 0.999999821
1750194815.478561640 0.004766983 0.000357191 0.000805846 -0.000127320 0.000487409 -0.000442974 0.999999762
1750194815.830194712 0.004857522 0.000657194 0.001289199 -0.000154603 0.000481969 -0.000487068 0.999999762
1750194816.182434797 0.005167427 0.000744172 0.000840734 -0.000100460 0.000509333 -0.000552517 0.999999762
1750194816.540343523 0.004762937 0.000423391 0.000699089 -0.000235595 0.000599308 -0.000678512 0.999999583
1750194816.896914959 0.004538015 0.000450070 -0.000132648 -0.000196424 0.000584974 -0.000713665 0.999999583
1750194817.253889799 0.004884086 0.000239751 0.000745539 -0.000340163 0.000649114 -0.000628897 0.999999523
1750194817.606614828 0.005249709 0.000585587 0.000733331 -0.000210342 0.000551251 -0.000542580 0.999999702
1750194817.957122564 0.005131352 0.000638006 0.000543854 -0.000207822 0.000592955 -0.000676886 0.999999583
1750194818.309933662 0.005166728 0.000575047 0.000644594 -0.000236781 0.000629780 -0.000730703 0.999999523
1750194818.666643381 0.005573098 0.000674833 0.000676255 -0.000225249 0.000590231 -0.000720254 0.999999523
1750194819.020263195 0.005582604 0.000399262 0.000059503 -0.000241228 0.000593701 -0.000682423 0.999999583
1750194819.384310484 0.005326250 0.000557364 0.000454323 -0.000249387 0.000730625 -0.000665226 0.999999523
1750194819.747478724 0.005775957 0.000792493 0.000000027 -0.000225022 0.000590863 -0.000723227 0.999999523
1750194820.097371101 0.006091075 0.000655182 0.000341077 -0.000207662 0.000618631 -0.000651395 0.999999583
1750194820.447453260 0.006159670 0.001104398 0.001026151 -0.000188814 0.000653926 -0.000881317 0.999999404
1750194820.791564941 0.006094553 0.001000689 0.001343260 -0.000230199 0.000733355 -0.000716046 0.999999464
1750194821.136609316 0.006389716 0.000855926 0.001020235 -0.000281637 0.000672753 -0.000697756 0.999999523
1750194821.482475281 0.006165300 0.000908953 0.000711363 -0.000214959 0.000711214 -0.000741713 0.999999464
1750194821.828617334 0.006468933 0.000973024 0.001045807 -0.000274102 0.000643530 -0.000679518 0.999999523
1750194822.171626568 0.006420932 0.000330028 -0.000233846 -0.000334042 0.000678926 -0.000748977 0.999999464
1750194822.521537066 0.006543760 0.000813090 0.000683964 -0.000311912 0.000749620 -0.000880475 0.999999285
1750194822.868442774 0.006720936 0.000441201 0.000087076 -0.000371631 0.000811297 -0.000744879 0.999999344
1750194823.217975140 0.006791072 0.000795828 0.001056954 -0.000332002 0.000802262 -0.000903098 0.999999225
1750194823.566759586 0.006942136 0.000858359 0.001350082 -0.000294231 0.000811269 -0.000859584 0.999999285
1750194823.914174318 0.007084057 0.001079933 0.001621363 -0.000374508 0.000842184 -0.000878359 0.999999225
1750194824.266066790 0.007607653 0.001413869 0.001757142 -0.000274662 0.000748741 -0.000843410 0.999999344
1750194824.611821175 0.007806134 0.001249951 0.001671905 -0.000310067 0.000759553 -0.000828105 0.999999344
1750194824.956143379 0.007564987 0.001082094 0.001320895 -0.000377740 0.000904619 -0.000925865 0.999999106
1750194825.303615332 0.007830654 0.001160862 0.001270866 -0.000375913 0.000745877 -0.000879412 0.999999285
1750194825.649455786 0.007754356 0.000994372 0.001232406 -0.000434212 0.000892044 -0.000870524 0.999999166
1750194825.997474670 0.007861548 0.001220508 0.002028159 -0.000429582 0.000971369 -0.000861495 0.999999046
1750194826.347595692 0.007942184 0.001483691 0.001596630 -0.000296532 0.001006225 -0.000913995 0.999999046
1750194826.689898968 0.008098242 0.001255630 0.001311540 -0.000338028 0.001003588 -0.000863349 0.999999106
1750194827.043076754 0.008258666 0.001573485 0.001919462 -0.000347175 0.001005556 -0.000907124 0.999999046
1750194827.396244526 0.008376194 0.001249115 0.001283885 -0.000365867 0.000954622 -0.000878558 0.999999106
1750194827.764470577 0.008200007 0.001207032 0.001415871 -0.000380751 0.001014614 -0.000842366 0.999999106
1750194828.122129440 0.008632173 0.001484566 0.001862454 -0.000401217 0.000997001 -0.000948214 0.999998987
1750194828.476755381 0.008749801 0.001304884 0.001580519 -0.000387057 0.001034063 -0.000938394 0.999998987
1750194828.818795681 0.008977007 0.001260294 0.001613236 -0.000423587 0.001078456 -0.000964376 0.999998868
1750194829.165144682 0.009706109 0.001923130 0.002257858 -0.000209093 0.000963570 -0.000878176 0.999999106
1750194829.510018110 0.009624258 0.001483743 0.002020633 -0.000303100 0.001013677 -0.000767134 0.999999166
1750194829.856260538 0.009433717 0.001442601 0.001618942 -0.000420770 0.001081152 -0.001035087 0.999998808
1750194830.224558830 0.009451649 0.001293084 0.001200552 -0.000401543 0.001131810 -0.001033126 0.999998748
1750194830.577648401 0.009424509 0.001592603 0.001919236 -0.000367162 0.001161109 -0.000969772 0.999998808
1750194830.925177574 0.009746119 0.001439768 0.001337420 -0.000394207 0.001063184 -0.000914029 0.999998927
1750194831.278101444 0.009912948 0.002001592 0.002433766 -0.000292316 0.001126546 -0.000920631 0.999998927
1750194831.626688004 0.009869452 0.001891301 0.001887215 -0.000240117 0.001169847 -0.000809204 0.999998987
1750194831.984159946 0.010019793 0.001527188 0.001581565 -0.000372917 0.001181770 -0.000909694 0.999998868
1750194832.350885868 0.009779500 0.001397334 0.001215667 -0.000340109 0.001257195 -0.000861581 0.999998808
1750194832.713430643 0.010023807 0.001739953 0.001787034 -0.000312397 0.001274527 -0.000781001 0.999998868
1750194833.069543600 0.010545867 0.001770373 0.001668114 -0.000299734 0.001156756 -0.000849431 0.999998927
1750194833.416919470 0.010571871 0.001179309 0.001326472 -0.000450238 0.001144419 -0.000816887 0.999998927
1750194833.766872883 0.010493041 0.001488595 0.001625179 -0.000433294 0.001235118 -0.000887545 0.999998748
1750194834.122858047 0.010854358 0.001433895 0.001038933 -0.000384285 0.001203123 -0.000684200 0.999998987
1750194834.480961323 0.010694635 0.001543312 0.001505155 -0.000439331 0.001275289 -0.000892836 0.999998689
1750194834.830510616 0.010734108 0.001302422 0.001581877 -0.000507839 0.001314915 -0.000910877 0.999998629
1750194835.185094595 0.011221685 0.001573977 0.001650066 -0.000465189 0.001283313 -0.000857195 0.999998689
1750194835.540608406 0.011126663 0.001328533 0.001358805 -0.000491091 0.001268652 -0.000851524 0.999998748
1750194835.898042202 0.011095569 0.001213278 0.001038050 -0.000483270 0.001248090 -0.000875667 0.999998748
1750194836.257759571 0.011519611 0.001693707 0.002103128 -0.000494306 0.001266420 -0.000918241 0.999998689
1750194836.619115114 0.011093416 0.001668728 0.001829212 -0.000443702 0.001362780 -0.001052243 0.999998450
1750194836.974344492 0.011296941 0.001727429 0.001564605 -0.000497614 0.001353662 -0.001005352 0.999998450
1750194837.330757380 0.011156242 0.001236751 0.000920592 -0.000683879 0.001458243 -0.001167903 0.999998033
1750194837.684065819 0.011029548 0.001216988 0.000988915 -0.000630245 0.001456789 -0.001073225 0.999998152
1750194838.038151741 0.011328989 0.001598987 0.001523337 -0.000529429 0.001488196 -0.001063310 0.999998212
1750194838.397832155 0.011494703 0.001443348 0.001397254 -0.000611787 0.001503703 -0.001099935 0.999998093
1750194838.749829531 0.011583798 0.001549630 0.001769623 -0.000653500 0.001483335 -0.000982531 0.999998212
1750194839.105509281 0.012025435 0.001770484 0.001881859 -0.000633876 0.001414699 -0.001015994 0.999998271
1750194839.458873034 0.012140837 0.001900408 0.002658473 -0.000608689 0.001390262 -0.000978399 0.999998391
1750194839.811497211 0.012018206 0.001563330 0.001737189 -0.000661056 0.001413889 -0.000940897 0.999998331
1750194840.167117119 0.012370078 0.001933509 0.001596194 -0.000551625 0.001503801 -0.000975525 0.999998271
1750194840.524762154 0.012263168 0.001673994 0.001346595 -0.000631447 0.001490570 -0.001002750 0.999998212
1750194840.878825188 0.012571093 0.001617802 0.001453447 -0.000511030 0.001435957 -0.000805950 0.999998510
1750194841.235635519 0.012663131 0.001480778 0.001244833 -0.000570850 0.001434473 -0.000926302 0.999998391
1750194841.592826366 0.012725604 0.001814789 0.001847037 -0.000466159 0.001519633 -0.000917574 0.999998331
1750194841.942722559 0.012918888 0.001543516 0.001697050 -0.000531232 0.001480812 -0.000970639 0.999998271
1750194842.292103529 0.012933335 0.001506236 0.001581343 -0.000572996 0.001492778 -0.000972476 0.999998271
1750194842.641454220 0.012685340 0.001594986 0.001107975 -0.000501292 0.001631243 -0.000948698 0.999998093
1750194842.994202375 0.012779377 0.001883797 0.002218628 -0.000502517 0.001658021 -0.001040009 0.999997973
1750194843.349822283 0.012811994 0.001673031 0.001376863 -0.000447081 0.001567220 -0.000861490 0.999998331
1750194843.702859879 0.013328626 0.001670404 0.001737686 -0.000415033 0.001603825 -0.000637987 0.999998450
1750194844.057316303 0.013461327 0.001862378 0.002018863 -0.000446189 0.001628608 -0.000840698 0.999998271
1750194844.415398598 0.013783121 0.001769051 0.002036281 -0.000496542 0.001584163 -0.000856852 0.999998271
1750194844.773265123 0.013804626 0.001802124 0.002284597 -0.000410434 0.001577822 -0.000709233 0.999998450
1750194845.130181551 0.013655247 0.001755642 0.001682729 -0.000440130 0.001597205 -0.000843825 0.999998271
1750194845.487914562 0.013577537 0.001660721 0.001502702 -0.000468113 0.001651402 -0.000787258 0.999998212
1750194845.851478815 0.013737108 0.001528312 0.001494110 -0.000515402 0.001778162 -0.000783030 0.999997973
1750194846.212371349 0.013945311 0.001377370 0.001857599 -0.000467924 0.001754032 -0.000726555 0.999998093
1750194846.570146561 0.014223608 0.001774330 0.002020187 -0.000331614 0.001748140 -0.000650144 0.999998212
1750194846.929461956 0.014641048 0.001631971 0.001726534 -0.000368397 0.001647883 -0.000677598 0.999998331
1750194847.291524649 0.014632718 0.002150469 0.002667619 -0.000277828 0.001771248 -0.000647856 0.999998212
1750194847.647406340 0.014954953 0.001767145 0.002219988 -0.000368920 0.001728829 -0.000685549 0.999998212
1750194847.996495008 0.014271776 0.001613845 0.002048353 -0.000391754 0.001861726 -0.000768258 0.999997914
1750194848.352417707 0.014500482 0.001597491 0.001895250 -0.000322219 0.001947042 -0.000833240 0.999997735
1750194848.711197853 0.014621394 0.001778967 0.002047957 -0.000321478 0.001897757 -0.000890131 0.999997795
1750194849.065459967 0.014674553 0.001783786 0.002140708 -0.000335395 0.001998949 -0.000772949 0.999997675
1750194849.414985657 0.015008117 0.001913123 0.002580737 -0.000292897 0.001897804 -0.000799635 0.999997854
1750194849.767467976 0.015069732 0.002042752 0.002244586 -0.000267677 0.002000576 -0.000707701 0.999997735
1750194850.127254486 0.014901253 0.001752816 0.001769335 -0.000303449 0.002058345 -0.000817510 0.999997497
1750194850.482238531 0.015515777 0.001557506 0.001954597 -0.000340263 0.002002375 -0.000622316 0.999997795
1750194850.835717678 0.015586779 0.001823782 0.002207197 -0.000361017 0.002015670 -0.000661727 0.999997675
1750194851.194082737 0.015400166 0.001412436 0.001649598 -0.000404810 0.002061384 -0.000761781 0.999997556
1750194851.555063486 0.015349869 0.002113701 0.002941146 -0.000300631 0.002167424 -0.000915270 0.999997199
1750194851.913160563 0.015471643 0.001678890 0.001656920 -0.000254210 0.002139888 -0.000745877 0.999997437
1750194852.267313242 0.015692938 0.002022193 0.002456738 -0.000244242 0.002264199 -0.000835908 0.999997079
1750194852.622071981 0.015807888 0.001644851 0.001583435 -0.000282341 0.002256420 -0.000751730 0.999997139
1750194852.975169420 0.015912399 0.001868175 0.001630436 -0.000230271 0.002263086 -0.000709485 0.999997199
1750194853.331176043 0.016249167 0.001766421 0.001891441 -0.000176234 0.002244209 -0.000627710 0.999997318
1750194853.685060263 0.015848363 0.001750940 0.001832161 -0.000247695 0.002312905 -0.000719163 0.999997020
1750194854.040654182 0.016500438 0.001760440 0.002049091 -0.000168256 0.002268555 -0.000701122 0.999997199
1750194854.396233320 0.016159164 0.001832592 0.001555741 -0.000235732 0.002411914 -0.000755866 0.999996781
1750194854.749762535 0.016433012 0.001990766 0.002171540 -0.000160313 0.002386186 -0.000701897 0.999996901
1750194855.104599476 0.016379630 0.001666252 0.002346142 -0.000266358 0.002452600 -0.000772957 0.999996662
1750194855.451796293 0.016754216 0.001881360 0.002128904 -0.000215277 0.002359451 -0.000713304 0.999996960
1750194855.800562382 0.016420946 0.001838574 0.002064156 -0.000230996 0.002444035 -0.000799382 0.999996662
1750194856.153129101 0.017028371 0.001700186 0.001625560 -0.000216259 0.002373961 -0.000747899 0.999996901
1750194856.502189636 0.016821949 0.001484747 0.001565294 -0.000242608 0.002490322 -0.000767151 0.999996603
1750194856.855952024 0.017004732 0.001414820 0.001507129 -0.000281682 0.002508784 -0.000794761 0.999996483
1750194857.208322763 0.016937986 0.001590620 0.001367888 -0.000224397 0.002512308 -0.000889787 0.999996424
1750194857.558518410 0.017240494 0.001439875 0.001617465 -0.000273012 0.002486112 -0.000855632 0.999996483
1750194857.911200285 0.017356981 0.001448335 0.001666058 -0.000339184 0.002588248 -0.000821611 0.999996305
1750194858.265707731 0.017371157 0.001605306 0.001969617 -0.000290030 0.002560436 -0.000849099 0.999996305
1750194858.619317055 0.017267408 0.001906240 0.002235886 -0.000182642 0.002631551 -0.000721917 0.999996305
1750194858.970710754 0.017627558 0.001736366 0.002144709 -0.000211942 0.002625864 -0.000797096 0.999996245
1750194859.322711706 0.017804794 0.001728925 0.002220170 -0.000284615 0.002610040 -0.000782303 0.999996245
1750194859.676077843 0.017853389 0.001736821 0.001884615 -0.000239191 0.002685314 -0.000855847 0.999996006
1750194860.025397778 0.017960066 0.001400246 0.001960957 -0.000292668 0.002726989 -0.000645809 0.999996066
1750194860.371357203 0.017812954 0.001404719 0.001428612 -0.000354849 0.002708485 -0.000811878 0.999995947
1750194860.719767094 0.018236760 0.001692278 0.001811576 -0.000276760 0.002658950 -0.000681127 0.999996185
1750194861.071813583 0.018165972 0.001600129 0.001807230 -0.000296030 0.002750017 -0.000713142 0.999995947
1750194861.422101736 0.018345071 0.001631499 0.002406491 -0.000337207 0.002740068 -0.000677034 0.999995947
1750194861.778492928 0.018245231 0.001556938 0.002155404 -0.000331257 0.002872997 -0.000624235 0.999995649
1750194862.131191254 0.018558133 0.001415155 0.001742666 -0.000326808 0.002814604 -0.000745083 0.999995708
1750194862.484849453 0.018894473 0.001875313 0.002863778 -0.000283223 0.002791212 -0.000732480 0.999995828
1750194862.835436821 0.018939188 0.001551993 0.002286043 -0.000275071 0.002852522 -0.000685451 0.999995649
1750194863.185986280 0.019082889 0.002028022 0.003222967 -0.000198077 0.002956563 -0.000731830 0.999995351
1750194863.538173676 0.019011486 0.001589187 0.001850184 -0.000274994 0.002994023 -0.000776675 0.999995232
1750194863.891367912 0.019126756 0.001460252 0.001921219 -0.000357241 0.002933663 -0.000712064 0.999995410
1750194864.242111444 0.019137992 0.001746205 0.002563141 -0.000307291 0.003058720 -0.000717598 0.999995053
1750194864.595144510 0.019552201 0.002064833 0.003297611 -0.000206850 0.002956514 -0.000658560 0.999995410
1750194864.950782061 0.019685470 0.001940846 0.003069398 -0.000288280 0.002955063 -0.000666154 0.999995351
1750194865.300014496 0.019388257 0.001504420 0.001899562 -0.000311543 0.003129409 -0.000654660 0.999994874
1750194865.654678345 0.019803675 0.002278472 0.003229969 -0.000172689 0.003065582 -0.000728053 0.999995053
1750194866.004885912 0.019844661 0.001784196 0.003230129 -0.000341488 0.003074098 -0.000699250 0.999994993
1750194866.357876778 0.019940950 0.001636640 0.002552985 -0.000386489 0.003056885 -0.000660911 0.999995053
1750194866.711332560 0.020523602 0.002204742 0.003814288 -0.000255748 0.003028212 -0.000694321 0.999995172
1750194867.065952778 0.020300657 0.002056490 0.003098997 -0.000198621 0.003115231 -0.000691994 0.999994874
1750194867.422034264 0.019971399 0.001526040 0.002578225 -0.000308387 0.003252008 -0.000823817 0.999994338
1750194867.774279356 0.020206796 0.001252044 0.002421984 -0.000479612 0.003292712 -0.000747408 0.999994218
1750194868.127902985 0.020425413 0.001597828 0.002003519 -0.000304446 0.003254256 -0.000657007 0.999994457
1750194868.484870195 0.020417422 0.001682206 0.002297397 -0.000385081 0.003362385 -0.000780825 0.999993980
1750194868.837785006 0.020529142 0.001648425 0.002608209 -0.000296577 0.003245350 -0.000601657 0.999994516
1750194869.188936234 0.020722620 0.002257692 0.003643870 -0.000192916 0.003388388 -0.000563792 0.999994099
1750194869.550087690 0.020816492 0.002080129 0.003260400 -0.000231475 0.003399536 -0.000670376 0.999993980
1750194869.904938936 0.021073755 0.002015264 0.002599866 -0.000262271 0.003326969 -0.000626874 0.999994218
1750194870.259668112 0.021310993 0.001933961 0.002872601 -0.000197967 0.003402115 -0.000575641 0.999994040
1750194870.615810871 0.021135975 0.002049158 0.003154154 -0.000225700 0.003404218 -0.000635740 0.999993980
1750194870.969265223 0.021383535 0.002058691 0.003659411 -0.000230705 0.003558856 -0.000566206 0.999993503
1750194871.325412512 0.021268154 0.002125097 0.003362274 -0.000196894 0.003550387 -0.000799706 0.999993384
1750194871.683446169 0.021813110 0.002251875 0.003954352 -0.000246749 0.003528563 -0.000504890 0.999993622
1750194872.037827730 0.021673543 0.001901076 0.003300196 -0.000234210 0.003593796 -0.000649774 0.999993324
1750194872.392460108 0.021958206 0.001892793 0.003462394 -0.000302680 0.003576359 -0.000660252 0.999993324
1750194872.747903347 0.021793440 0.001735481 0.002900022 -0.000320941 0.003637707 -0.000749578 0.999993086
1750194873.101143122 0.022016576 0.001831153 0.003435812 -0.000357958 0.003648498 -0.000594162 0.999993145
1750194873.461090326 0.022298273 0.001924405 0.003681066 -0.000318168 0.003548582 -0.000574655 0.999993503
1750194873.820469141 0.022108944 0.001749623 0.003501326 -0.000323454 0.003747635 -0.000541301 0.999992788
1750194874.178428888 0.022344315 0.001677697 0.003381073 -0.000370997 0.003671697 -0.000657930 0.999992967
1750194874.529910088 0.022361444 0.001782725 0.003098100 -0.000290174 0.003725987 -0.000661573 0.999992788
1750194874.883173943 0.022700096 0.001787167 0.003273121 -0.000297926 0.003721995 -0.000721656 0.999992788
1750194875.238502741 0.022612533 0.001624180 0.002828100 -0.000290476 0.003718705 -0.000576692 0.999992907
1750194875.592417717 0.022636326 0.001510090 0.002375226 -0.000382848 0.003839256 -0.000570433 0.999992430
1750194875.945237160 0.023275003 0.001792838 0.003050385 -0.000283651 0.003709092 -0.000523532 0.999992967
1750194876.297908306 0.022920020 0.001545686 0.002935989 -0.000373487 0.003813034 -0.000618098 0.999992490
1750194876.654508829 0.023251789 0.002246299 0.004440415 -0.000240965 0.003793105 -0.000446903 0.999992728
1750194877.006008625 0.023369586 0.002133148 0.004086380 -0.000275311 0.003894113 -0.000519241 0.999992251
1750194877.362008095 0.023613397 0.002064805 0.003724642 -0.000200619 0.003834755 -0.000278094 0.999992609
1750194877.714902163 0.023515785 0.001859841 0.003241931 -0.000289042 0.004000188 -0.000551747 0.999991834
1750194878.068667650 0.023355935 0.002183516 0.003553412 -0.000251646 0.003963901 -0.000691715 0.999991894
1750194878.423328876 0.023482341 0.002329701 0.004058114 -0.000190377 0.004058142 -0.000537323 0.999991655
1750194878.780069590 0.023196312 0.002280934 0.003395928 -0.000167953 0.004126833 -0.000533919 0.999991357
1750194879.147158623 0.023632649 0.001745721 0.002576844 -0.000268795 0.004081082 -0.000463618 0.999991536
1750194879.503369570 0.023576083 0.001844209 0.002841455 -0.000309512 0.004160464 -0.000384689 0.999991238
1750194879.859270334 0.023994902 0.001871638 0.002750519 -0.000256632 0.004115750 -0.000377926 0.999991417
1750194880.215986013 0.024140809 0.001975141 0.003387767 -0.000321957 0.004126555 -0.000393178 0.999991357
1750194880.572306633 0.024568522 0.001998694 0.003581377 -0.000259607 0.004074999 -0.000553077 0.999991536
1750194880.922140837 0.024392964 0.002024540 0.003417126 -0.000289324 0.004224482 -0.000518195 0.999990940
1750194881.274953365 0.024451924 0.001911523 0.003468198 -0.000294225 0.004314616 -0.000457050 0.999990582
1750194881.623409748 0.024447240 0.002170152 0.003661834 -0.000279376 0.004376323 -0.000436869 0.999990284
1750194881.977040291 0.024653349 0.001794382 0.003671270 -0.000410301 0.004340446 -0.000518167 0.999990404
1750194882.333385229 0.024736285 0.001996738 0.003927428 -0.000397499 0.004369825 -0.000482344 0.999990284
1750194882.691800594 0.025096850 0.002290648 0.003689723 -0.000311403 0.004250411 -0.000424105 0.999990821
1750194883.050100327 0.025288956 0.002212217 0.004652374 -0.000332061 0.004311685 -0.000345021 0.999990582
1750194883.402286768 0.025376702 0.001904680 0.004580167 -0.000405561 0.004389847 -0.000337474 0.999990225
1750194883.754423857 0.025695061 0.002194171 0.004671262 -0.000384209 0.004399610 -0.000315884 0.999990225
1750194884.103302717 0.025768396 0.002184020 0.004248044 -0.000394593 0.004438810 -0.000319276 0.999990046
1750194884.450933695 0.025883012 0.001927894 0.004107574 -0.000398849 0.004476572 -0.000328960 0.999989867
1750194884.798793793 0.025969557 0.002257720 0.004793418 -0.000366453 0.004490487 -0.000126876 0.999989867
1750194885.147778511 0.025685055 0.002035292 0.003890787 -0.000456924 0.004552683 -0.000353915 0.999989450
1750194885.494523764 0.026734747 0.002400513 0.004102459 -0.000349870 0.004564977 -0.000110151 0.999989510
1750194885.841086388 0.026077321 0.002131722 0.004844466 -0.000426952 0.004706603 -0.000460262 0.999988735
1750194886.183944702 0.026134692 0.002048986 0.004400664 -0.000430250 0.004789378 -0.000368801 0.999988377
1750194886.528654575 0.026346894 0.002233650 0.004441007 -0.000390750 0.004795444 -0.000273982 0.999988377
1750194886.873662949 0.026702380 0.002602184 0.004692748 -0.000365249 0.004756275 -0.000381349 0.999988556
1750194887.214476347 0.026509192 0.002198165 0.003989418 -0.000397445 0.004766994 -0.000310021 0.999988556
1750194887.559045076 0.026911534 0.002341579 0.004440767 -0.000437541 0.004713882 -0.000220190 0.999988794
1750194887.905190945 0.026998222 0.002318752 0.004321766 -0.000486228 0.004813303 -0.000323734 0.999988258
1750194888.258955002 0.026790228 0.002176755 0.003529961 -0.000454880 0.004850553 -0.000307236 0.999988079
1750194888.611786842 0.026984785 0.001960325 0.003813155 -0.000520563 0.004878112 -0.000334859 0.999987960
1750194888.965377331 0.027273966 0.002430170 0.004660401 -0.000477743 0.004922205 -0.000261145 0.999987781
1750194889.312077522 0.027323827 0.002519409 0.004276610 -0.000491977 0.005010737 -0.000452510 0.999987245
1750194889.659026623 0.027505301 0.002742231 0.005192118 -0.000461962 0.004928781 -0.000312436 0.999987721
1750194890.010069609 0.028099742 0.002974090 0.005527720 -0.000473716 0.004957530 -0.000168442 0.999987602
1750194890.359562159 0.028277097 0.002703279 0.004994421 -0.000553961 0.004932572 -0.000258677 0.999987662
1750194890.708703995 0.027830327 0.002515212 0.004768576 -0.000584481 0.005082678 -0.000412660 0.999986827
1750194891.055485487 0.027971700 0.002671394 0.005009238 -0.000656248 0.005130883 -0.000346663 0.999986589
1750194891.405669928 0.028094774 0.002576194 0.005254286 -0.000614155 0.005283536 -0.000356754 0.999985814
1750194891.753448248 0.028006917 0.002514967 0.004748212 -0.000638077 0.005265343 -0.000475821 0.999985814
1750194892.099492073 0.027961669 0.002218673 0.004413953 -0.000692320 0.005345179 -0.000413173 0.999985397
1750194892.449549913 0.028464282 0.003039489 0.005737160 -0.000561117 0.005381259 -0.000334029 0.999985337
1750194892.799503565 0.028526811 0.003013867 0.005674627 -0.000585904 0.005410230 -0.000340950 0.999985158
1750194893.146835804 0.028945168 0.003076428 0.005425797 -0.000606997 0.005444887 -0.000198842 0.999984980
1750194893.490508080 0.028718067 0.002650808 0.005097898 -0.000716060 0.005508586 -0.000371928 0.999984503
1750194893.843049288 0.028654281 0.002562365 0.004790787 -0.000688685 0.005596048 -0.000369839 0.999984086
1750194894.190672874 0.028455343 0.002272100 0.004745652 -0.000719397 0.005675278 -0.000440722 0.999983549
1750194894.539120436 0.028740762 0.002913560 0.005653922 -0.000717576 0.005686878 -0.000470308 0.999983490
1750194894.885914326 0.028775167 0.002608965 0.005118691 -0.000730441 0.005703673 -0.000427910 0.999983370
1750194895.232792139 0.029009979 0.002529149 0.004679646 -0.000728195 0.005756397 -0.000352265 0.999983132
1750194895.581099033 0.029466650 0.002730278 0.005401793 -0.000691822 0.005726257 -0.000280131 0.999983370
1750194895.928300381 0.029620381 0.002779249 0.004998226 -0.000757006 0.005682210 -0.000322132 0.999983549
1750194896.276492834 0.030098429 0.002890650 0.005199969 -0.000712554 0.005721511 -0.000271927 0.999983370
1750194896.633409023 0.030223407 0.002786337 0.004963650 -0.000732691 0.005775833 -0.000247782 0.999983013
1750194896.988102198 0.030628137 0.002691771 0.004983560 -0.000751239 0.005707627 -0.000031062 0.999983430
1750194897.342625618 0.030301478 0.002661597 0.004663054 -0.000759019 0.005755513 -0.000235398 0.999983132
1750194897.698593616 0.030668249 0.002914906 0.005461828 -0.000731978 0.005872548 -0.000240408 0.999982476
1750194898.044843674 0.030780142 0.002846200 0.005572704 -0.000841243 0.005984703 -0.000373596 0.999981701
1750194898.394212008 0.030880950 0.002783749 0.005726558 -0.000829518 0.006097048 -0.000454392 0.999980986
1750194898.746430874 0.031081097 0.002344772 0.004964964 -0.000969255 0.006022939 -0.000455551 0.999981284
1750194899.091247320 0.031583898 0.002778215 0.005522105 -0.000872572 0.006079650 -0.000408432 0.999981046
1750194899.438668013 0.031303562 0.002839137 0.005873033 -0.000848869 0.006234540 -0.000411971 0.999980152
1750194899.789528608 0.031532895 0.002581419 0.005042875 -0.000890553 0.006191889 -0.000390416 0.999980390
1750194900.138933897 0.031888455 0.002786041 0.006161592 -0.000920914 0.006313673 -0.000466443 0.999979556
1750194900.486342907 0.031766757 0.003072210 0.006152866 -0.000879038 0.006361333 -0.000406669 0.999979317
1750194900.838517666 0.032100916 0.002507791 0.005279219 -0.000906616 0.006349074 -0.000315482 0.999979436
1750194901.188530207 0.032704324 0.001783642 0.007021698 -0.000294154 0.006252789 0.000211476 0.999980390
1750194901.446285009 0.034240033 -0.001331606 0.015809096 0.002950164 0.006360332 0.002408247 0.999972522
1750194901.674520731 0.037827861 -0.009006843 0.031034792 0.007655572 0.008190712 0.003792932 0.999929965
1750194901.893313885 0.043291163 -0.013063878 0.048964731 0.011565733 0.011443716 0.003095382 0.999862850
1750194902.109853029 0.049839322 -0.015073556 0.068731494 0.014254796 0.014577835 0.002384732 0.999789298
1750194902.334636211 0.048489865 -0.014967375 0.089819267 0.014941235 0.014713345 0.002994752 0.999775648
1750194902.556461096 0.047034517 -0.012978607 0.109806620 0.014542770 0.013064036 -0.000216133 0.999808908
1750194902.772474527 0.047192529 -0.009489712 0.133763880 0.013485177 0.011200119 -0.004169201 0.999837637
1750194902.984326601 0.048720270 -0.005819368 0.155414015 0.011160772 0.011387491 -0.008831508 0.999833882
1750194903.197516203 0.053545065 -0.004445451 0.178434044 0.008360702 0.012498839 -0.013966822 0.999789357
1750194903.409418344 0.055642385 -0.002373818 0.203451127 0.005580389 0.013977367 -0.018832307 0.999709368
1750194903.624136686 0.058530450 0.000621265 0.227591336 0.002586494 0.015107462 -0.022418179 0.999631226
1750194903.844984055 0.061486013 0.004386355 0.252310365 0.000338402 0.015485810 -0.026043352 0.999540865
1750194904.062481880 0.064719722 0.003442014 0.276364058 -0.000218740 0.014484822 -0.027710991 0.999511003
1750194904.282107592 0.068107255 0.000574419 0.297662169 0.000738526 0.012475708 -0.026337046 0.999575019
1750194904.495140314 0.068924211 -0.002619335 0.313677728 -0.001008318 0.014193051 -0.029853225 0.999453008
1750194904.709275723 0.059936654 -0.009753142 0.336779237 -0.004137420 0.018056255 -0.036596276 0.999158442
1750194904.933658838 0.043475304 -0.024923259 0.336100131 -0.006106913 0.029802600 -0.033519816 0.998974979
1750194905.164966583 0.013522946 -0.020729924 0.332972556 0.000584766 0.048608683 -0.026961096 0.998453796
1750194905.380744696 0.023017012 -0.023020523 0.345263779 0.004394462 0.061201960 -0.039659224 0.997327507
1750194905.605938435 0.038486924 -0.030355897 0.342004478 0.007369566 0.072526664 -0.042056445 0.996452153
1750194905.830811977 0.051107917 -0.032444652 0.358955443 0.010529297 0.081859082 -0.033691805 0.996018648
1750194906.057906866 0.077483803 -0.031261958 0.393325508 0.014008940 0.083447695 -0.028780187 0.995998025
1750194906.276410341 0.099068701 -0.023816999 0.445411623 0.016493466 0.082760394 -0.024333118 0.996135831
1750194906.495779037 0.106469512 -0.025383227 0.484900236 0.017204873 0.078823105 -0.021463661 0.996509075
1750194906.716396093 0.103375748 -0.027941920 0.516076803 0.016000299 0.072740205 -0.026166158 0.996879220
1750194906.939099550 0.102452494 -0.020187363 0.547173142 0.015585708 0.070192419 -0.023363929 0.997138023
1750194907.162353516 0.111240558 -0.012675590 0.577342153 0.014365218 0.072844952 -0.022527210 0.996985376
1750194907.388327837 0.119986594 -0.014666840 0.603290141 0.013409484 0.074851379 -0.018203052 0.996938407
1750194907.610685349 0.130265817 -0.017900448 0.628041565 0.011697924 0.077693425 -0.017577782 0.996753752
1750194907.835445404 0.140382022 -0.019025140 0.655923963 0.011631859 0.082126006 -0.011968435 0.996482253
1750194908.057449102 0.149027154 -0.024739766 0.682633519 0.010770021 0.087609842 -0.013671378 0.996002913
1750194908.280161381 0.160852835 -0.027543951 0.717398345 0.009721069 0.090551116 -0.015517939 0.995723486
1750194908.501714230 0.175719589 -0.032935992 0.758487880 0.008445137 0.089019015 -0.016787678 0.995852649
1750194908.720942259 0.184271619 -0.034575295 0.788206279 0.007846206 0.083837762 -0.015126962 0.996333778
1750194908.939612389 0.192054078 -0.029607793 0.822704911 0.007754696 0.075727537 -0.012277410 0.997022867
1750194909.160540342 0.202638000 -0.035563663 0.848689258 0.007594313 0.064475268 -0.012274473 0.997814953
1750194909.385727167 0.210379988 -0.031412806 0.878591835 0.008486804 0.055103656 -0.010894143 0.998385191
1750194909.607432604 0.207085311 -0.041620858 0.884272873 0.008858200 0.047835611 -0.013040799 0.998730838
1750194909.827070713 0.211440623 -0.041455101 0.891448140 0.012553150 0.038911086 -0.016547374 0.999026835
1750194910.041210413 0.213623077 -0.050919484 0.900572002 0.018118002 0.029022066 -0.018828947 0.999237180
1750194910.253477335 0.217738166 -0.059515502 0.915645242 0.025858480 0.019168466 -0.020729842 0.999266863
1750194910.461524725 0.224708661 -0.067142993 0.927641928 0.032291044 0.014748042 -0.016241454 0.999237716
1750194910.667352438 0.223487720 -0.063130125 0.967905760 0.039338440 0.017798886 -0.010739142 0.999009788
1750194910.869945526 0.229179174 -0.071249843 0.972401619 0.042208165 0.020786371 -0.012847685 0.998809993
1750194911.076704502 0.244418427 -0.066562779 1.016347051 0.045219749 0.028067188 -0.019231811 0.998397470
1750194911.280460358 0.266352594 -0.066625580 1.022863150 0.047971997 0.034496263 -0.016847216 0.998110652
1750194911.484263897 0.263972491 -0.069671661 1.046276927 0.050474465 0.038676579 -0.013490453 0.997884989
1750194911.694398165 0.279042631 -0.071921676 1.079672098 0.050837364 0.040687349 -0.011544449 0.997811079
1750194911.895880938 0.283742905 -0.065496951 1.100227118 0.052667763 0.041589629 -0.007517806 0.997717381
1750194912.098681927 0.292270720 -0.065286465 1.136091828 0.051901136 0.041456684 -0.010791164 0.997733057
1750194912.298118830 0.293322921 -0.080585025 1.130409241 0.047959354 0.039436504 -0.013597107 0.997977853
1750194912.500120401 0.293469936 -0.083221406 1.136610270 0.046021968 0.039942496 -0.013046028 0.998056352
1750194912.704238176 0.300438970 -0.071042240 1.182349682 0.043808468 0.044402331 -0.015451243 0.997933149
1750194912.904475689 0.309443414 -0.079476729 1.191666842 0.040220823 0.045151252 -0.011203861 0.998107255
1750194913.106175900 0.320305496 -0.068979517 1.226284027 0.037508421 0.045943175 -0.006247735 0.998220086
1750194913.310463428 0.340686291 -0.065112464 1.277738690 0.033537544 0.047078498 -0.005639165 0.998312175
1750194913.518846750 0.355497658 -0.066542208 1.313457251 0.030266337 0.047964960 -0.006813490 0.998367131
1750194913.725646019 0.356926322 -0.066993110 1.341677308 0.028654970 0.047640551 -0.002503210 0.998450339
1750194913.936293125 0.370295674 -0.072594933 1.354373693 0.027521279 0.045691971 0.003615719 0.998569846
1750194914.143169165 0.364314497 -0.072076425 1.376765847 0.025044847 0.046520345 0.003657434 0.998596728
1750194914.351576805 0.362809956 -0.084652379 1.416460156 0.023820540 0.045384549 0.005426356 0.998670876
1750194914.558583498 0.388592035 -0.096658610 1.408639550 0.021260614 0.037863124 0.002968352 0.999052346
1750194914.764083147 0.390192062 -0.091090344 1.440961123 0.023733418 0.028391309 0.005480583 0.999300122
1750194914.966438770 0.387980133 -0.079978704 1.472098589 0.025626289 0.018088819 0.010268729 0.999455214
1750194915.177242994 0.403105378 -0.088004589 1.483533144 0.025333637 0.004835890 0.016157413 0.999536812
1750194915.384946108 0.396156967 -0.098273344 1.489758968 0.026488468 -0.012234025 0.015260383 0.999457777
1750194915.594967365 0.402950227 -0.096483357 1.510563970 0.027746137 -0.026353607 0.008795931 0.999228895
1750194915.811425686 0.409052670 -0.098581947 1.528707504 0.028012268 -0.036002502 0.006381632 0.998938680
1750194916.023556948 0.415935993 -0.099433169 1.552897096 0.027574841 -0.040198430 0.009070470 0.998769999
1750194916.236784458 0.423668712 -0.096242771 1.577526093 0.026510797 -0.039315529 0.009734703 0.998827696
1750194916.450070858 0.431218475 -0.093695141 1.601668358 0.024408687 -0.035415627 0.012171660 0.999000430
1750194916.664852381 0.438076437 -0.091607600 1.628794670 0.021741534 -0.031978965 0.013019624 0.999167264
1750194916.878564835 0.441805512 -0.091514327 1.648888707 0.018432328 -0.030545559 0.011010716 0.999302745
1750194917.095390558 0.447669655 -0.089168541 1.674594164 0.015011771 -0.032176271 0.014572416 0.999263287
1750194917.310284853 0.453353435 -0.088216156 1.701064110 0.010982870 -0.034520205 0.016343076 0.999210060
1750194917.524164438 0.458277881 -0.088695154 1.725047588 0.007132705 -0.036128599 0.018551139 0.999149501
1750194917.745880842 0.462038457 -0.089874543 1.749565244 0.003491082 -0.038180243 0.022741904 0.999005914
1750194917.964948416 0.465822369 -0.090670295 1.770241380 0.000361543 -0.039469410 0.026625119 0.998865962
1750194918.185001612 0.469160169 -0.090755075 1.793035030 -0.002262864 -0.042409942 0.026912654 0.998735189
1750194918.409655571 0.470924914 -0.090869606 1.815158963 -0.003551071 -0.045947675 0.026044674 0.998597980
1750194918.635157585 0.472312391 -0.090788387 1.837077022 -0.003951448 -0.050574642 0.025095936 0.998397112
1750194918.861126184 0.475041062 -0.091403067 1.856993437 -0.002835165 -0.056085337 0.022729445 0.998163223
1750194919.086315870 0.476276904 -0.091379523 1.879233122 -0.000471946 -0.061340302 0.020427398 0.997907758
1750194919.308686018 0.478762001 -0.094400629 1.900009036 0.002069126 -0.065527923 0.019896818 0.997650206
1750194919.527422905 0.481636524 -0.094504192 1.920109153 0.004365946 -0.066042133 0.017688103 0.997650504
1750194919.747361898 0.484970689 -0.094276868 1.941061735 0.007092957 -0.066467024 0.013847616 0.997667372
1750194919.970749378 0.485791206 -0.094813138 1.959294200 0.011312849 -0.067946874 0.008363402 0.997589767
1750194920.191738844 0.487760663 -0.099459507 1.979740620 0.015195441 -0.069813199 0.008517032 0.997407973
1750194920.409319639 0.491043895 -0.103381597 1.999312758 0.018284198 -0.069294535 0.010945033 0.997368634
1750194920.622199297 0.493521154 -0.106556557 2.020160198 0.019935725 -0.067809373 0.012910007 0.997415543
1750194920.836975574 0.497193128 -0.109410003 2.042057514 0.020115815 -0.066263929 0.015346928 0.997481346
1750194921.053031206 0.499087423 -0.110116720 2.064166307 0.019881207 -0.065382943 0.016961956 0.997518003
1750194921.268406391 0.502729535 -0.108933002 2.083648443 0.019654581 -0.065392070 0.016405145 0.997531235
1750194921.482437849 0.503013551 -0.107517011 2.107665300 0.018201884 -0.064724959 0.018118003 0.997572660
1750194921.695997238 0.502817869 -0.106819078 2.131918669 0.016357383 -0.064627290 0.018765390 0.997598946
1750194921.916103840 0.504457057 -0.105632491 2.154389143 0.014600163 -0.065130308 0.019956712 0.997570395
1750194922.131262541 0.505537391 -0.105443954 2.176737070 0.012414636 -0.065854132 0.020257259 0.997546434
1750194922.349326849 0.507395387 -0.103656270 2.198907852 0.010682024 -0.065950580 0.021911770 0.997525096
1750194922.565859318 0.510518730 -0.104714513 2.219614029 0.009882396 -0.066246815 0.017935568 0.997593164
1750194922.782624483 0.511647940 -0.105160505 2.240938663 0.009244776 -0.066764377 0.014230465 0.997624457
1750194923.000944614 0.512429953 -0.105070144 2.262115240 0.009888577 -0.068807222 0.010046780 0.997530460
1750194923.215617180 0.513478875 -0.107413277 2.281733513 0.010496304 -0.071140818 0.009304416 0.997367680
1750194923.432393551 0.512421966 -0.108078472 2.302809477 0.012013980 -0.071473993 0.008106164 0.997337162
1750194923.648557901 0.513471842 -0.109855227 2.323788643 0.014248094 -0.072513439 0.008626101 0.997228384
1750194923.871292114 0.515299201 -0.113101996 2.342979193 0.016914085 -0.074028596 0.008823776 0.997073650
1750194924.080415487 0.515698195 -0.115689732 2.362544298 0.020239867 -0.074455447 0.008313344 0.996984303
1750194924.290910721 0.517915606 -0.118544385 2.381733418 0.023103522 -0.074642524 0.009080130 0.996901393
1750194924.500813961 0.520249903 -0.120847635 2.401490688 0.025790639 -0.073820643 0.004823140 0.996926308
1750194924.709470987 0.523676634 -0.122959077 2.423241854 0.027637513 -0.072496355 0.003068239 0.996980965
1750194924.915905952 0.525149643 -0.122815773 2.442140818 0.028502667 -0.070373446 0.002025537 0.997111380
1750194925.123796225 0.525721192 -0.120960370 2.463377714 0.028070565 -0.068252936 0.002088715 0.997270882
1750194925.331470490 0.528059661 -0.119439013 2.486610174 0.027104560 -0.068116471 0.001371744 0.997308195
1750194925.540438890 0.530434906 -0.115730897 2.509377241 0.025959369 -0.067986451 -0.002653942 0.997344971
1750194925.752971888 0.532828391 -0.115025774 2.533664465 0.022485925 -0.066985421 -0.001242950 0.997499764
1750194925.969317913 0.536458611 -0.112508789 2.557781458 0.018500548 -0.065278150 -0.000874818 0.997695208
1750194926.191863537 0.537806451 -0.109238088 2.582094193 0.014546705 -0.064279944 -0.003920793 0.997818232
1750194926.407863617 0.539571464 -0.106201671 2.608956099 0.010759368 -0.064186804 -0.005998442 0.997861862
1750194926.624364376 0.540507257 -0.101531081 2.633857012 0.007628576 -0.063909002 -0.010542908 0.997870922
1750194926.846161842 0.540998995 -0.097289816 2.660152435 0.005112764 -0.063966595 -0.018046401 0.997775793
1750194927.066348076 0.540081918 -0.095910072 2.683386564 0.003678608 -0.064466231 -0.019136813 0.997729659
1750194927.289644957 0.537918687 -0.096112855 2.707453966 0.003637058 -0.066618502 -0.019655541 0.997578263
1750194927.513829708 0.537554145 -0.097297199 2.728391886 0.003874109 -0.068123579 -0.019718742 0.997474492
1750194927.734830141 0.538177431 -0.098320052 2.747151136 0.004658267 -0.069671899 -0.020676939 0.997344792
1750194927.957085609 0.537379444 -0.099841416 2.766960621 0.007196120 -0.070789889 -0.021510229 0.997233391
1750194928.182180643 0.538092256 -0.104835071 2.784510612 0.009383379 -0.071556531 -0.022662686 0.997134924
1750194928.403436184 0.538548112 -0.107062362 2.802876711 0.011692313 -0.071447179 -0.024063742 0.997085571
1750194928.628613234 0.536811292 -0.110731743 2.821167707 0.013514010 -0.071219362 -0.022547008 0.997114241
1750194928.846715927 0.535708308 -0.111843355 2.840490818 0.015513740 -0.071029715 -0.024877101 0.997043252
1750194929.057463408 0.535398543 -0.112966344 2.860114574 0.017318027 -0.071983837 -0.027176142 0.996885121
1750194929.268285751 0.532377839 -0.114847712 2.880913019 0.018800935 -0.071727172 -0.029321149 0.996815979
1750194929.481314898 0.532381177 -0.116136014 2.901474953 0.019231128 -0.070928134 -0.027492268 0.996917069
1750194929.695775509 0.531752706 -0.117668182 2.923213005 0.018757896 -0.070609212 -0.024745969 0.997020662
1750194929.908291340 0.531961501 -0.118584551 2.942154646 0.017991174 -0.072339527 -0.022991154 0.996952713
1750194930.120816708 0.531077862 -0.118341014 2.968313456 0.016170854 -0.078438967 -0.021263365 0.996560931
1750194930.334557295 0.528999269 -0.116518721 2.992458820 0.013925682 -0.085726678 -0.013005356 0.996136487
1750194930.547755480 0.526927769 -0.116139382 3.016871214 0.010397377 -0.095383994 -0.008499230 0.995350003
1750194930.764416456 0.526150882 -0.113692231 3.041440487 0.006765367 -0.102960780 -0.007461438 0.994634449
1750194930.982124090 0.526468575 -0.110262178 3.065765619 0.002018485 -0.105990507 -0.008557731 0.994328320
1750194931.211127043 0.526403427 -0.105087727 3.091275692 -0.001769137 -0.108017027 -0.012416847 0.994069934
1750194931.440177441 0.524474263 -0.105001844 3.112867117 -0.002641744 -0.111489117 -0.012749625 0.993680418
1750194931.664000034 0.525095165 -0.108569548 3.133317709 -0.001412378 -0.116615146 -0.012641587 0.993095696
1750194931.888679743 0.522043645 -0.109226599 3.154550791 0.001968415 -0.121425748 -0.013477165 0.992507100
1750194932.109981298 0.520757496 -0.111257330 3.174261808 0.006768098 -0.126659989 -0.014759794 0.991813362
1750194932.331146002 0.521650255 -0.115215823 3.192601442 0.010827400 -0.129606009 -0.010987043 0.991445601
1750194932.556912661 0.521862566 -0.118907191 3.212113142 0.013169817 -0.129718706 -0.007464171 0.991435349
1750194932.778455734 0.521239460 -0.121413201 3.231772423 0.015496834 -0.132777214 -0.003478348 0.991018653
1750194932.993674040 0.520202756 -0.124599509 3.251195669 0.016279312 -0.137888476 -0.001739319 0.990312457
1750194933.213210344 0.519620776 -0.127168685 3.270586014 0.016732570 -0.139751002 0.002615161 0.990041852
1750194933.428614378 0.517650723 -0.127023190 3.291992188 0.016988568 -0.139373183 0.005221413 0.990080476
1750194933.642446280 0.515574157 -0.125699922 3.313883066 0.017195383 -0.138204172 0.003480265 0.990248382
1750194933.858577728 0.513472438 -0.125124291 3.335860252 0.016790466 -0.138365060 0.003090825 0.990234137
1750194934.073379040 0.510647118 -0.124499567 3.356641054 0.016836034 -0.138017550 0.001637137 0.990285337
1750194934.289506674 0.508394837 -0.122912422 3.379601002 0.016426450 -0.137508169 -0.002354673 0.990361631
1750194934.511147499 0.505318344 -0.121169701 3.399115801 0.016068034 -0.136929512 -0.006870500 0.990426660
1750194934.734585524 0.500983477 -0.122189581 3.418980598 0.014435211 -0.136437222 -0.006329186 0.990523338
1750194934.954280138 0.497378170 -0.122527935 3.441250324 0.012942633 -0.136732325 -0.004332864 0.990514040
1750194935.170132875 0.494232029 -0.122573957 3.462109089 0.011751752 -0.137007385 -0.000983215 0.990499854
1750194935.391650677 0.491302580 -0.124891445 3.482281446 0.012592936 -0.141504705 -0.000878592 0.989857078
1750194935.611280918 0.487633079 -0.129407942 3.500402689 0.014664674 -0.150531605 -0.004032323 0.988488197
1750194935.829117775 0.482364714 -0.133611649 3.517268658 0.017152572 -0.161027029 -0.007664117 0.986771166
1750194936.051229954 0.477222621 -0.136318833 3.536039114 0.018636303 -0.170285419 -0.008126393 0.985185027
1750194936.276136160 0.473624110 -0.140322030 3.552888632 0.019642146 -0.171752065 -0.005822765 0.984927177
1750194936.513530016 0.468253016 -0.140185356 3.572054148 0.021222068 -0.171123281 -0.004696168 0.985009849
1750194936.739104509 0.463500649 -0.141400233 3.590915203 0.022352837 -0.170206577 -0.005619367 0.985138834
1750194936.961759806 0.460188389 -0.142625466 3.609915733 0.023735054 -0.170301348 -0.005942217 0.985088229
1750194937.173166275 0.455120683 -0.142442301 3.628940582 0.025357725 -0.169382930 -0.008521009 0.985187232
1750194937.387699604 0.450808316 -0.141514182 3.648563385 0.026553545 -0.168246552 -0.010603508 0.985330164
1750194937.600414753 0.446307421 -0.139747962 3.668960571 0.028000047 -0.167661190 -0.011376151 0.985381365
1750194937.815903187 0.444928259 -0.144306198 3.688751698 0.030565811 -0.166667491 -0.007849094 0.985508025
1750194938.029089212 0.444867015 -0.153408483 3.710365534 0.034148362 -0.162047893 -0.003121667 0.986186922
1750194938.240130186 0.447415829 -0.157925278 3.733080387 0.038224611 -0.156871572 -0.003586750 0.986872554
1750194938.452063322 0.448731482 -0.161357343 3.755008221 0.042059951 -0.152577579 -0.004811301 0.987384379
1750194938.666864395 0.449305534 -0.162924379 3.775352716 0.045251787 -0.147399426 -0.008666741 0.988003314
1750194938.890794992 0.448251605 -0.164179295 3.797376394 0.046319649 -0.144378975 -0.007200709 0.988411546
1750194939.111706018 0.446476638 -0.166423455 3.816898346 0.045879006 -0.143171787 -0.006062828 0.988615334
1750194939.333402872 0.445665985 -0.167191118 3.839382887 0.044135392 -0.142302737 -0.005049491 0.988825858
1750194939.547107220 0.443150461 -0.168191448 3.857194424 0.042031996 -0.140451521 -0.005012757 0.989182293
1750194939.758234739 0.441759080 -0.167285845 3.876705885 0.040521424 -0.139724582 -0.006793689 0.989337623
1750194939.967862129 0.438254714 -0.167031348 3.897458553 0.038171638 -0.138838500 -0.009693278 0.989531636
1750194940.181774855 0.433094412 -0.165797919 3.920083523 0.036025081 -0.138148740 -0.009447608 0.989711046
1750194940.400479078 0.429827094 -0.166686565 3.940798998 0.033760916 -0.138667941 -0.005572865 0.989747703
1750194940.612814188 0.428202122 -0.169648588 3.959938526 0.032794431 -0.139103472 -0.003708548 0.989727795
1750194940.829653025 0.426278561 -0.171939716 3.980858326 0.031995475 -0.139848456 -0.003536856 0.989649534
1750194941.045964241 0.424850166 -0.173458472 3.999213219 0.032361541 -0.141330212 -0.003328561 0.989427865
1750194941.268851280 0.421378613 -0.177124813 4.018505096 0.032117579 -0.142967001 -0.001624980 0.989204884
1750194941.483859539 0.419512451 -0.178915709 4.037456989 0.032578140 -0.143770903 -0.000447501 0.989074588
1750194941.695928574 0.416342735 -0.180060133 4.057814598 0.033165630 -0.144230753 0.000413832 0.988988101
1750194941.910885334 0.414523959 -0.180885613 4.079285145 0.033280000 -0.143469512 -0.000023407 0.989095032
1750194942.123113394 0.413253427 -0.180291399 4.098947048 0.033318676 -0.142500922 -0.001996242 0.989231706
1750194942.338414192 0.409720808 -0.179741606 4.122434139 0.032058537 -0.139779359 -0.003272720 0.989658177
1750194942.554870367 0.409610629 -0.179568380 4.142514706 0.030344576 -0.137440324 -0.004672355 0.990034103
1750194942.771208763 0.408690989 -0.177151456 4.164132118 0.027857466 -0.134046718 -0.009102935 0.990541637
1750194942.996359825 0.405941486 -0.175887644 4.186413288 0.024841467 -0.130523428 -0.009106620 0.991092145
1750194943.215798616 0.404962718 -0.176609784 4.207697868 0.023195393 -0.128746256 -0.012624617 0.991325915
1750194943.438494205 0.402349442 -0.175588399 4.229177952 0.022638205 -0.128522560 -0.015719034 0.991323590
1750194943.662937880 0.398942888 -0.177105308 4.249217510 0.022671478 -0.128553346 -0.017694045 0.991285503
1750194943.884009123 0.395257890 -0.177823707 4.269615650 0.023386171 -0.129300699 -0.019847520 0.991130888
1750194944.104327202 0.392313093 -0.179237321 4.288612366 0.024215795 -0.129585162 -0.021653488 0.991036057
1750194944.325649500 0.389040381 -0.181013912 4.307588100 0.024734830 -0.129815668 -0.019959133 0.991028666
1750194944.546863556 0.386084408 -0.182063282 4.328742504 0.024495149 -0.130381167 -0.017498540 0.991006851
1750194944.770183325 0.382272065 -0.182415053 4.349858761 0.025393853 -0.130948007 -0.018034765 0.990899861
1750194944.998461008 0.382258773 -0.185290202 4.367607594 0.025361534 -0.132371470 -0.014980728 0.990762472
1750194945.222898245 0.380520880 -0.185052931 4.389513969 0.024951536 -0.131976262 -0.015526488 0.990817130
1750194945.441101551 0.381234109 -0.187243566 4.406805038 0.023852920 -0.132045031 -0.015115169 0.990841389
1750194945.661388874 0.378137231 -0.189050883 4.427704334 0.022218421 -0.130914792 -0.012763257 0.991062522
1750194945.878759146 0.377803922 -0.189401552 4.448383808 0.020321608 -0.130609319 -0.010511350 0.991169930
1750194946.100509167 0.376698375 -0.191272348 4.469018459 0.019259956 -0.131057248 -0.009885113 0.991138458
1750194946.321052790 0.375608623 -0.193100154 4.488808155 0.018851979 -0.132319659 -0.008202742 0.990993857
1750194946.541904688 0.372709364 -0.194873780 4.509339333 0.019318787 -0.133722290 -0.007740655 0.990800321
1750194946.759999752 0.371486366 -0.195385844 4.529537201 0.020586602 -0.135666370 -0.007890285 0.990509331
1750194946.986036777 0.368593872 -0.196851030 4.547461510 0.021878734 -0.135777190 -0.007312936 0.990470886
1750194947.210378647 0.367479652 -0.197478816 4.568490505 0.023470733 -0.136774883 -0.006398220 0.990303397
1750194947.429974079 0.365647078 -0.198216826 4.589243889 0.025205487 -0.135873005 -0.007204440 0.990379393
1750194947.652912855 0.366683096 -0.198707566 4.611327171 0.025986446 -0.135030478 -0.009477688 0.990455270
1750194947.871853828 0.366251171 -0.198225409 4.632101536 0.026374247 -0.131911904 -0.012701988 0.990829110
1750194948.087775230 0.366689354 -0.196801662 4.653545856 0.025332177 -0.127900243 -0.015521976 0.991341949
1750194948.307285547 0.368313223 -0.196585789 4.677264214 0.023903228 -0.125404313 -0.015530040 0.991696119
1750194948.523012400 0.368569702 -0.195053592 4.700882435 0.021918496 -0.123344794 -0.013471423 0.992030323
1750194948.742580891 0.372129977 -0.195495412 4.723565578 0.018808950 -0.117301688 -0.012958557 0.992833614
1750194948.963443756 0.377700359 -0.194483086 4.748378277 0.016031522 -0.110367849 -0.011069033 0.993699849
1750194949.187873840 0.380784273 -0.194433466 4.771802425 0.013646004 -0.106787451 -0.013186336 0.994100809
1750194949.416879416 0.382155687 -0.192954227 4.795621872 0.011465537 -0.105436161 -0.014848471 0.994249105
1750194949.643959522 0.382203013 -0.192103267 4.818718433 0.009127715 -0.105101325 -0.013679691 0.994325578
1750194949.873209000 0.382488787 -0.191058829 4.841638088 0.006407815 -0.104619808 -0.014664025 0.994383574
1750194950.098135233 0.381800115 -0.190926388 4.863128185 0.004713357 -0.105083585 -0.013648717 0.994358599
1750194950.321599722 0.381644160 -0.190864146 4.885923386 0.003262686 -0.105577432 -0.013191104 0.994318247
1750194950.544867277 0.381839097 -0.190121874 4.906887531 0.002750567 -0.107000925 -0.014539531 0.994148791
1750194950.774382353 0.380550265 -0.190296233 4.927430630 0.002574228 -0.108133607 -0.015078637 0.994018674
1750194951.002457142 0.380433321 -0.191936061 4.948832989 0.003653383 -0.109935902 -0.014152858 0.993831217
1750194951.226972580 0.380571932 -0.193986326 4.969316959 0.004902663 -0.111578442 -0.011049123 0.993682146
1750194951.450078011 0.382336318 -0.195247248 4.991122246 0.005742673 -0.111557961 -0.007343141 0.993714213
1750194951.673125744 0.384357810 -0.197088867 5.012115955 0.006370051 -0.110959388 -0.005797192 0.993787646
1750194951.901933193 0.388134927 -0.199297324 5.035180092 0.007807723 -0.109205976 -0.005960832 0.993970633
1750194952.129884958 0.393125504 -0.201908022 5.057634830 0.008181598 -0.104319051 -0.007399701 0.994482696
1750194952.354808331 0.398149729 -0.200663969 5.081133366 0.007963098 -0.099763565 -0.008260387 0.994944990
1750194952.581869841 0.400980979 -0.200091302 5.104917526 0.007330102 -0.097303696 -0.008687562 0.995189846
1750194952.827790737 0.403708518 -0.202075973 5.127972603 0.007142900 -0.093102343 -0.010092388 0.995579779
1750194953.051975250 0.409604490 -0.205388606 5.152680397 0.008039500 -0.087448016 -0.009438131 0.996091962
1750194953.275667667 0.415801704 -0.209330067 5.176287174 0.009590019 -0.080116406 -0.008162683 0.996705949
1750194953.500715494 0.423495084 -0.211757466 5.199686527 0.011544785 -0.074723899 -0.005920749 0.997119904
1750194953.724776030 0.426482826 -0.216630951 5.223290920 0.013795342 -0.072901219 -0.001576579 0.997242510
1750194953.952538013 0.430320859 -0.214845672 5.246421337 0.018143412 -0.072624184 -0.006774343 0.997171342
1750194954.181076288 0.429648578 -0.217255771 5.262893200 0.023040824 -0.076312654 -0.005554087 0.996802211
1750194954.403357744 0.429932594 -0.222700402 5.287295818 0.029066926 -0.072902642 -0.005600932 0.996899724
1750194954.620782852 0.432476699 -0.226021215 5.313082218 0.035824616 -0.063609451 -0.013143712 0.997245073
1750194954.841299772 0.435360402 -0.228032827 5.335103989 0.038170043 -0.057839483 -0.017619308 0.997440398
1750194955.057142258 0.440483928 -0.227815211 5.359464645 0.039132223 -0.054597497 -0.016367156 0.997607112
1750194955.273467064 0.443443775 -0.226822019 5.381368160 0.038712788 -0.050363723 -0.015738189 0.997856319
1750194955.489392281 0.448903054 -0.227612287 5.404725075 0.038653959 -0.045096181 -0.017582806 0.998079717
1750194955.705970764 0.457561702 -0.231874704 5.426074505 0.039773513 -0.036880970 -0.014804314 0.998418152
1750194955.926979780 0.468256354 -0.236225456 5.446488380 0.040804829 -0.031151820 -0.012528561 0.998602808
1750194956.142936945 0.473840743 -0.239792466 5.466355801 0.043044325 -0.030171400 -0.013504261 0.998526156
1750194956.358998299 0.477560520 -0.241537094 5.486949921 0.044966456 -0.030252157 -0.015452344 0.998410821
1750194956.583240986 0.479994088 -0.243413776 5.506142616 0.046236534 -0.029642064 -0.013730270 0.998396277
1750194956.806399584 0.481717914 -0.247383848 5.526157379 0.046576791 -0.028891819 -0.011776743 0.998427391
1750194957.023175716 0.485073149 -0.250626534 5.545057774 0.046232194 -0.028589683 -0.011433067 0.998456061
1750194957.238371134 0.487659335 -0.252204657 5.564484119 0.045999087 -0.028112525 -0.009434592 0.998501301
1750194957.453448534 0.490712345 -0.254912853 5.585469723 0.045531720 -0.028200544 -0.007330747 0.998537898
1750194957.671140432 0.494681150 -0.255770683 5.606569290 0.045024097 -0.027735244 -0.007858122 0.998569906
1750194957.889090776 0.498969257 -0.262023509 5.626995087 0.042773239 -0.033499200 0.003433462 0.998517156
1750194958.104994297 0.505306304 -0.262556106 5.644814491 0.040799964 -0.038712606 0.002913369 0.998412907
1750194958.316626787 0.511600614 -0.261189431 5.658485889 0.039980363 -0.043911722 -0.007648555 0.998205841
1750194958.536569595 0.516821980 -0.259605646 5.675560474 0.042381398 -0.050662160 -0.015411158 0.997697175
1750194958.768153191 0.517121315 -0.263380378 5.691585541 0.045162737 -0.055934854 -0.017990911 0.997250199
1750194958.993600607 0.519023538 -0.266638130 5.706872940 0.048152834 -0.059081756 -0.019415816 0.996902049
1750194959.219867229 0.520694017 -0.268989801 5.723506927 0.051383134 -0.059811499 -0.022287628 0.996637166
1750194959.446470261 0.520536363 -0.272005767 5.742386341 0.053782865 -0.058107182 -0.024166999 0.996567607
1750194959.670218468 0.521330118 -0.273218274 5.761277199 0.055770330 -0.055819772 -0.027251065 0.996509552
1750194959.892630577 0.520757318 -0.275475889 5.781744957 0.056763891 -0.053840470 -0.029323896 0.996503532
1750194960.115168571 0.522047997 -0.277330130 5.801915646 0.057254665 -0.053100862 -0.030318035 0.996485353
1750194960.330355883 0.521891356 -0.278412282 5.821577549 0.057062756 -0.052062560 -0.032246225 0.996490657
1750194960.540536404 0.521101415 -0.278715193 5.841214180 0.055903811 -0.051911533 -0.034724411 0.996480942
1750194960.757107735 0.520997763 -0.276065022 5.865427494 0.054470181 -0.053016067 -0.035006583 0.996492267
1750194960.977076530 0.519224286 -0.276708871 5.885071754 0.050603103 -0.054100189 -0.030378891 0.996789694
1750194961.187845945 0.519622922 -0.277213305 5.905959606 0.046020038 -0.054340020 -0.026037496 0.997121572
1750194961.402731180 0.521041811 -0.277429461 5.928298473 0.041771512 -0.055899754 -0.027127838 0.997193336
1750194961.621517658 0.519571602 -0.275504172 5.950358391 0.038058292 -0.057420921 -0.029373556 0.997191906
1750194961.845963240 0.518165350 -0.275477707 5.973161697 0.034693677 -0.059520748 -0.028945873 0.997204006
1750194962.066747904 0.517187238 -0.276314497 5.994548321 0.032275800 -0.061654143 -0.027847163 0.997186899
1750194962.287644863 0.516513765 -0.277371317 6.016288757 0.030962514 -0.063262671 -0.026680650 0.997159660
1750194962.515381336 0.515162468 -0.279198140 6.038004875 0.030569840 -0.064975753 -0.026986076 0.997053325
1750194962.746547222 0.515467584 -0.280252963 6.058379173 0.031980116 -0.067180626 -0.026918432 0.996864796
1750194962.978059292 0.516306221 -0.282744080 6.079792976 0.033842485 -0.068035059 -0.028190175 0.996710181
1750194963.210909367 0.516186833 -0.284477592 6.097641468 0.036369603 -0.067257792 -0.031875651 0.996562898
1750194963.445362329 0.515227914 -0.285556883 6.114756107 0.039243281 -0.067059807 -0.037502952 0.996271312
1750194963.678285599 0.512510061 -0.288336068 6.135105610 0.041578572 -0.067148849 -0.036671873 0.996201515
1750194963.910493135 0.512579143 -0.292273730 6.153988838 0.043828677 -0.067353830 -0.036139946 0.996110678
1750194964.143553734 0.512215376 -0.296232581 6.172125340 0.046184696 -0.067324094 -0.039490227 0.995878994
1750194964.371635675 0.511415482 -0.300393105 6.190400124 0.048506275 -0.067605056 -0.042008609 0.995646536
1750194964.599092960 0.510287285 -0.302718818 6.210468769 0.050348267 -0.067157567 -0.043439224 0.995523989
1750194964.825958729 0.509058714 -0.304283619 6.228867054 0.051461138 -0.066550083 -0.043945894 0.995485663
1750194965.044463158 0.508047640 -0.305124551 6.249497414 0.051452048 -0.066449620 -0.045375526 0.995428622
1750194965.263589144 0.506610036 -0.306347013 6.269498348 0.050490558 -0.066389814 -0.045812432 0.995461881
1750194965.483101368 0.506592989 -0.305357128 6.291017532 0.048308309 -0.066129163 -0.046288073 0.995565534
1750194965.699907064 0.507498503 -0.305166990 6.311730862 0.044879179 -0.066465005 -0.045074772 0.995759308
1750194965.918879986 0.507297397 -0.303099722 6.333532810 0.041000936 -0.066803843 -0.046322823 0.995846570
1750194966.136059284 0.506133378 -0.299957961 6.357700348 0.036924280 -0.066452809 -0.045152813 0.996083319
1750194966.357974529 0.506141543 -0.300588727 6.382100582 0.033706505 -0.066586047 -0.042364012 0.996311009
1750194966.580763817 0.505800664 -0.300874323 6.403430462 0.030612245 -0.066437028 -0.039203595 0.996550083
1750194966.807628393 0.505736053 -0.301224649 6.426247120 0.029462211 -0.067437731 -0.035658762 0.996650755
1750194967.039957523 0.505236924 -0.302254289 6.448514938 0.030005349 -0.070124000 -0.035008743 0.996472120
1750194967.268912554 0.505700171 -0.305103660 6.470264435 0.031011611 -0.072700955 -0.034085274 0.996288657
1750194967.497864962 0.505964994 -0.308026642 6.491056919 0.031731199 -0.072818100 -0.032743845 0.996302426
1750194967.736250639 0.505862474 -0.311600149 6.510043621 0.032308787 -0.070987098 -0.035663143 0.996315777
1750194967.979954481 0.506211638 -0.313855857 6.529355526 0.033184994 -0.068573862 -0.038929351 0.996333718
1750194968.219843149 0.505273640 -0.316007823 6.548525333 0.034825034 -0.067758866 -0.038911600 0.996334195
1750194968.468781233 0.503658175 -0.318220645 6.568310261 0.036060851 -0.067189977 -0.042244587 0.996192992
1750194968.710707664 0.503320694 -0.319297165 6.587477207 0.037522119 -0.064811096 -0.048661109 0.996003926
1750194968.948318958 0.502728403 -0.321612269 6.606789112 0.038654257 -0.061868217 -0.052471548 0.995954275
1750194969.181823492 0.501443148 -0.325275511 6.624756336 0.039824184 -0.061042022 -0.051621307 0.996003628
1750194969.415964842 0.500380874 -0.328322291 6.644122124 0.041449014 -0.061125346 -0.050301675 0.995999753
1750194969.647316933 0.500053048 -0.331517369 6.662692070 0.042722311 -0.061192103 -0.047321331 0.996087849
1750194969.875045300 0.500177383 -0.333274931 6.683431149 0.044653345 -0.060382262 -0.046059318 0.996111751
1750194970.101970434 0.500159204 -0.337778896 6.702548027 0.046849720 -0.059740558 -0.046648223 0.996022165
1750194970.336582661 0.498530567 -0.339726865 6.722347260 0.048935432 -0.059192374 -0.048967294 0.995843291
1750194970.566835165 0.496755183 -0.343095332 6.740053654 0.050971158 -0.059583023 -0.050041471 0.995664477
1750194970.795661211 0.494145274 -0.346508026 6.759011269 0.051841263 -0.060123630 -0.048884280 0.995644510
1750194971.017134190 0.493956327 -0.348233789 6.778758526 0.052240971 -0.060819790 -0.045560081 0.995738983
1750194971.237910271 0.493475020 -0.349447846 6.799219608 0.052276552 -0.060954418 -0.042535357 0.995862663
1750194971.455592394 0.494021356 -0.350416750 6.819624424 0.051840406 -0.061092623 -0.040233556 0.995972693
1750194971.677179575 0.494247466 -0.350014776 6.839773178 0.050978977 -0.062253725 -0.039069165 0.995991588
1750194971.899090290 0.493773669 -0.351252258 6.859807491 0.050475508 -0.063981891 -0.034701731 0.996069491
1750194972.118663311 0.493023276 -0.353533417 6.879250526 0.050330814 -0.065899663 -0.031097351 0.996070802
1750194972.343486071 0.492856473 -0.360128224 6.900403500 0.050300423 -0.066315360 -0.024442002 0.996230304
1750194972.561197519 0.496705025 -0.364199281 6.922411442 0.050168581 -0.065872885 -0.017520087 0.996412039
1750194972.779217005 0.498284906 -0.364169538 6.943768501 0.049942523 -0.066413656 -0.011531801 0.996474802
1750194973.003925562 0.499121070 -0.367056906 6.963624954 0.049843032 -0.066961110 -0.012557493 0.996430695
1750194973.235054255 0.498781145 -0.368236482 6.983876705 0.049676165 -0.067262195 -0.014338199 0.996394753
1750194973.466146469 0.499932468 -0.371319354 7.001541138 0.049477786 -0.067281418 -0.017250242 0.996357143
1750194973.694990873 0.498685628 -0.374044836 7.021818161 0.049505323 -0.066753082 -0.019503437 0.996349752
1750194973.925897837 0.496807128 -0.375950634 7.039683342 0.049660686 -0.066225879 -0.021552797 0.996335030
1750194974.158779383 0.496990919 -0.376920044 7.059035778 0.049425393 -0.066020764 -0.022723494 0.996334374
1750194974.390774727 0.495918214 -0.377721459 7.078193665 0.049065012 -0.065059200 -0.025813827 0.996340156
1750194974.622621775 0.495792687 -0.380204380 7.096595764 0.049100816 -0.064435922 -0.025869645 0.996377409
1750194974.856865644 0.495989025 -0.382547021 7.117538929 0.048622832 -0.063609585 -0.025052371 0.996474862
1750194975.083782434 0.497063756 -0.384018123 7.136907578 0.046960622 -0.062753551 -0.024956144 0.996611178
1750194975.304284573 0.497886240 -0.384341568 7.157874584 0.046105269 -0.062085927 -0.022738243 0.996746063
1750194975.521795511 0.500694215 -0.395217061 7.176985741 0.047734603 -0.063323036 -0.013284603 0.996762335
1750194975.737551212 0.503609300 -0.404424161 7.195703506 0.051543664 -0.065603770 -0.006546400 0.996492147
1750194975.949588776 0.506184161 -0.413246185 7.213023663 0.055948325 -0.068410590 -0.001336037 0.996086359
1750194976.163255692 0.508285701 -0.420503527 7.230985641 0.060710967 -0.069065422 0.002429919 0.995760143
1750194976.377993822 0.510789275 -0.426684350 7.248938084 0.064941324 -0.068961769 0.003224889 0.995498121
1750194976.594375134 0.513300955 -0.430581778 7.268455505 0.069769338 -0.068520978 0.002182893 0.995204747
1750194976.808906317 0.510820031 -0.433803678 7.287869453 0.073373713 -0.067250803 -0.002593099 0.995031118
1750194977.024311066 0.508758545 -0.434945464 7.306098938 0.076256864 -0.065865986 -0.006176748 0.994891167
1750194977.229964018 0.506548524 -0.433021575 7.328246117 0.077424519 -0.064632982 -0.008706057 0.994862914
1750194977.433340788 0.506283581 -0.432268143 7.347297668 0.076387905 -0.064994164 -0.008589120 0.994920611
1750194977.634866714 0.505408108 -0.431810975 7.369582653 0.072660372 -0.064956859 -0.004372921 0.995229602
1750194977.844561338 0.505716980 -0.429169625 7.390661716 0.067281432 -0.063949481 -0.002704153 0.995678842
1750194978.053422928 0.508294821 -0.422436446 7.415996075 0.060487960 -0.061669461 -0.000950300 0.996261597
1750194978.268248320 0.511911273 -0.419522226 7.440625668 0.053700492 -0.059979163 -0.004370622 0.996744514
1750194978.483999252 0.513781250 -0.418503255 7.465079308 0.048426647 -0.060084399 -0.007743920 0.996987879
1750194978.703222036 0.513260961 -0.419137329 7.487788677 0.044747677 -0.061754107 -0.009903520 0.997038662
1750194978.923396587 0.512807250 -0.420139790 7.508898735 0.041980702 -0.063007332 -0.009495440 0.997084498
1750194979.143459082 0.513048470 -0.421129346 7.530148983 0.040552150 -0.063953049 -0.012720773 0.997047484
1750194979.364225864 0.512584448 -0.421469390 7.550263882 0.040695708 -0.064221375 -0.015593972 0.996983647
1750194979.587660074 0.512835860 -0.422183305 7.571179867 0.041794777 -0.066138461 -0.018968385 0.996754289
1750194979.815396786 0.513165295 -0.423061013 7.590652466 0.043166578 -0.066189170 -0.021850722 0.996633470
1750194980.043646812 0.512515068 -0.427133203 7.609136581 0.044636551 -0.066243961 -0.024374221 0.996506512
1750194980.266693354 0.508636594 -0.438276172 7.625630856 0.046543051 -0.071699739 -0.020739019 0.996123910
1750194980.486125708 0.508465230 -0.451253623 7.634357452 0.048862789 -0.081014097 -0.015827220 0.995388687
1750194980.712244987 0.508597493 -0.450396478 7.645922661 0.053285826 -0.091540582 -0.018712359 0.994198561
1750194980.932662487 0.505317926 -0.442777425 7.655573845 0.057039522 -0.105443329 -0.025442252 0.992462099
1750194981.155826807 0.493839443 -0.441675574 7.660992146 0.059932057 -0.119008914 -0.026659463 0.990724146
1750194981.378731728 0.484744430 -0.447968364 7.671982288 0.060479235 -0.129539028 -0.021221329 0.989500701
1750194981.607548952 0.478457183 -0.451055914 7.684079170 0.060075752 -0.138654649 -0.018112499 0.988351047
1750194981.826429129 0.472611606 -0.452399164 7.697871208 0.058194108 -0.145859823 -0.017968107 0.987428784
1750194982.049618244 0.467253506 -0.449898064 7.714403152 0.055265725 -0.149324566 -0.018824873 0.987063110
1750194982.278061390 0.464124918 -0.446390510 7.735400677 0.051232710 -0.150723159 -0.020425076 0.987036228
1750194982.503548384 0.460105717 -0.444357395 7.756709576 0.046775881 -0.150427043 -0.024002276 0.987222195
1750194982.734202147 0.456701010 -0.441570103 7.778524876 0.043229412 -0.150887206 -0.025374481 0.987279356
1750194982.954415321 0.453084677 -0.443433255 7.797360420 0.040893011 -0.152766064 -0.024056979 0.987122893
1750194983.175302505 0.452209830 -0.447688550 7.818202496 0.039543726 -0.152092934 -0.020187290 0.987368464
1750194983.400202513 0.454820275 -0.454752535 7.838461876 0.039452668 -0.147765145 -0.015705084 0.988110483
1750194983.626354694 0.462243259 -0.459747583 7.857661247 0.040263504 -0.142010152 -0.014865454 0.988934278
1750194983.853221655 0.471042693 -0.460597873 7.880140781 0.042142745 -0.134235471 -0.014276301 0.989950001
1750194984.082496405 0.479508758 -0.464540452 7.899843216 0.045019228 -0.125058010 -0.012659872 0.991046667
1750194984.308444500 0.491648525 -0.468392134 7.917695045 0.047687020 -0.112933792 -0.011560273 0.992390215
1750194984.527499914 0.505340278 -0.470600367 7.936748505 0.049929209 -0.098292537 -0.011672725 0.993835688
1750194984.741520882 0.520073652 -0.475080967 7.955419540 0.052320171 -0.082601286 -0.008747821 0.995169938
1750194984.958405495 0.536692321 -0.477848113 7.975653648 0.054211348 -0.066435330 -0.007554837 0.996288300
1750194985.185715675 0.549530745 -0.480096400 7.996069431 0.056787647 -0.054940350 -0.006896168 0.996849597
1750194985.400289297 0.558481097 -0.483242720 8.016386032 0.059345804 -0.046583883 -0.010887633 0.997090578
1750194985.616991043 0.566180706 -0.484629601 8.039007187 0.060261551 -0.037023060 -0.016472323 0.997359753
1750194985.829661608 0.573474169 -0.487646222 8.060007095 0.059766479 -0.028695310 -0.021916283 0.997559190
1750194986.043735027 0.585729182 -0.489655524 8.078077316 0.057700556 -0.015276365 -0.028540695 0.997808933
1750194986.260156393 0.600845218 -0.486355364 8.098301888 0.054862898 -0.001447285 -0.025314959 0.998171926
1750194986.476927757 0.613154352 -0.484808534 8.118636131 0.051440764 0.006439453 -0.030268526 0.998196483
1750194986.690788746 0.627539814 -0.488606840 8.135496140 0.051064365 0.005541652 -0.024963986 0.998367965
1750194986.906367064 0.631868839 -0.492503494 8.154130936 0.051705889 0.003727549 -0.022522556 0.998401403
1750194987.125385523 0.632224679 -0.494944483 8.173579216 0.053938307 0.003049065 -0.020487223 0.998329461
1750194987.344147205 0.635412633 -0.495637685 8.194985390 0.057293162 0.001943908 -0.020109201 0.998153031
1750194987.559756756 0.641695499 -0.499999702 8.214227676 0.060730271 0.003773903 -0.022264777 0.997898757
1750194987.773601770 0.651801288 -0.505070806 8.234615326 0.063158609 0.008862305 -0.021632159 0.997729719
1750194987.985687017 0.663585842 -0.508802354 8.252762794 0.064413086 0.018824596 -0.022398831 0.997494340
1750194988.193907738 0.679089904 -0.510473847 8.272471428 0.064805396 0.031535137 -0.022216003 0.997152090
1750194988.403042078 0.699583054 -0.512001038 8.291299820 0.062929884 0.046904955 -0.022834513 0.996653557
1750194988.618448973 0.719710827 -0.512180686 8.310942650 0.059811849 0.061976746 -0.021289939 0.996056318
1750194988.832884312 0.736872435 -0.514094889 8.329889297 0.056511823 0.072573610 -0.022731021 0.995501339
1750194989.048414707 0.749948561 -0.515243948 8.349872589 0.054206043 0.077089563 -0.023010822 0.995283604
1750194989.263972044 0.757444322 -0.515590727 8.369305611 0.051637862 0.079327174 -0.023672728 0.995228827
1750194989.483655691 0.764789462 -0.515856564 8.391674042 0.048824567 0.081247896 -0.027174573 0.995126426
1750194989.705924273 0.773602903 -0.518690526 8.410465240 0.046980999 0.084741250 -0.028430082 0.994888663
1750194989.928258896 0.784301937 -0.526287615 8.429080963 0.046516106 0.090739176 -0.024899492 0.994476140
1750194990.147411108 0.796166539 -0.529631436 8.446783066 0.046701346 0.097034588 -0.022116292 0.993938804
1750194990.371572971 0.803280711 -0.532114506 8.465353012 0.047560766 0.099285014 -0.021412380 0.993691087
1750194990.593999863 0.809409499 -0.533597231 8.484956741 0.048366535 0.100687273 -0.025592454 0.993412197
1750194990.816178322 0.815571845 -0.535875082 8.504185677 0.050064571 0.104531586 -0.030956501 0.992778182
1750194991.035350084 0.826436102 -0.541846454 8.524361610 0.053232536 0.112891205 -0.029126100 0.991752803
1750194991.252986908 0.841816008 -0.548447967 8.543805122 0.056019615 0.124265127 -0.029009530 0.990241647
1750194991.469123602 0.859630883 -0.551671028 8.563446999 0.057500724 0.138986006 -0.030966679 0.988138497
1750194991.683861256 0.878656387 -0.552895665 8.580572128 0.057280730 0.155663341 -0.034921668 0.985529482
1750194991.899132013 0.897454441 -0.555038273 8.597867966 0.057292353 0.172028899 -0.035944588 0.982767344
1750194992.110660076 0.915691853 -0.557047367 8.616618156 0.056843311 0.188097373 -0.039159458 0.979721844
1750194992.325705051 0.934288621 -0.556984305 8.633810043 0.056105599 0.203545555 -0.043062609 0.976507604
1750194992.540724277 0.950441420 -0.561464250 8.653043747 0.056287404 0.219551980 -0.042140182 0.973063707
1750194992.753555298 0.968539953 -0.566458702 8.672049522 0.057246935 0.235181123 -0.039460722 0.969461501
1750194992.968746662 0.984631836 -0.567870617 8.689006805 0.058632810 0.246681318 -0.037178524 0.966606557
1750194993.182421446 0.992813468 -0.572376370 8.700176239 0.060421046 0.249865502 -0.036716286 0.965695858
1750194993.397351027 1.001338601 -0.577132702 8.716256142 0.063345961 0.249747142 -0.036359936 0.965552568
1750194993.615426779 1.012573361 -0.582825422 8.735280037 0.067296505 0.250402778 -0.034456253 0.965185225
1750194993.827200413 1.026366234 -0.591488004 8.750945091 0.072446987 0.253882796 -0.030520706 0.964035034
1750194994.030667067 1.043608427 -0.600113630 8.765023232 0.076827615 0.259083360 -0.029493986 0.962342680
1750194994.236403942 1.060014486 -0.603654027 8.780881882 0.080692872 0.263828456 -0.027886091 0.960783839
1750194994.443259716 1.073586464 -0.607649326 8.796890259 0.083999865 0.263876230 -0.024127953 0.960589051
1750194994.645544291 1.087529659 -0.609852254 8.815504074 0.084338605 0.265364647 -0.023863437 0.960155785
1750194994.851180315 1.105185866 -0.611300468 8.832407951 0.082845420 0.270845383 -0.024409071 0.958740652
1750194995.049757719 1.125947237 -0.613138020 8.846868515 0.080544047 0.280779302 -0.024415145 0.956075132
1750194995.251391649 1.149817348 -0.613273501 8.859082222 0.076823674 0.294832885 -0.025986088 0.952101052
1750194995.455491543 1.178546071 -0.610753894 8.875248909 0.071378946 0.311992466 -0.029768402 0.946931660
1750194995.663279057 1.204270482 -0.609023333 8.890670776 0.065664783 0.326497167 -0.031490151 0.942388535
1750194995.871574879 1.226288915 -0.609185815 8.904330254 0.062373169 0.334639013 -0.027936939 0.939864814
1750194996.085731983 1.247826338 -0.610998750 8.922487259 0.058639031 0.342645496 -0.030180702 0.937147141
1750194996.295243502 1.269908309 -0.615821660 8.939142227 0.056507390 0.352620393 -0.030781392 0.933551490
1750194996.505616426 1.291076064 -0.619888783 8.954326630 0.055146106 0.361138046 -0.028446136 0.930445611
1750194996.710803986 1.311180830 -0.623177171 8.970475197 0.053094428 0.365711808 -0.025869977 0.928852320
1750194996.921940565 1.328204870 -0.625161529 8.984683037 0.050029237 0.368080825 -0.024637826 0.928119957
1750194997.126961470 1.345330596 -0.626802683 9.000657082 0.047139388 0.368617773 -0.022812491 0.928104758
1750194997.333394289 1.362736821 -0.628369272 9.017929077 0.044865355 0.368370175 -0.021554189 0.928345859
1750194997.538820982 1.379433393 -0.630063415 9.032825470 0.043553945 0.367469192 -0.020447602 0.928790271
1750194997.743829250 1.396283865 -0.632220864 9.050476074 0.040851824 0.367566913 -0.023432985 0.928803861
1750194997.946892738 1.413998485 -0.633338094 9.067068100 0.038181558 0.368717998 -0.025375972 0.928410172
1750194998.152606249 1.432519078 -0.636047661 9.081789017 0.037652884 0.371968687 -0.024647487 0.927153766
1750194998.361132383 1.454267383 -0.642602801 9.098038673 0.039301086 0.378016979 -0.022976242 0.924678743
1750194998.566752672 1.478786349 -0.647689700 9.112524033 0.041993234 0.386198938 -0.021584306 0.921206295
1750194998.772183895 1.504390717 -0.649729013 9.124697685 0.043063447 0.395699590 -0.023058278 0.917079985
1750194998.978006124 1.528216124 -0.653272271 9.138012886 0.045284718 0.401783556 -0.021532478 0.914360821
1750194999.182616949 1.552525043 -0.655691922 9.150609970 0.047655836 0.405443013 -0.017914016 0.912701488
1750194999.386651754 1.575726271 -0.654564142 9.162944794 0.047013804 0.409438580 -0.017594287 0.910955667
1750194999.586310625 1.600656867 -0.655570149 9.174062729 0.045864783 0.413415492 -0.015807569 0.909249306
1750194999.784644127 1.625652313 -0.654426873 9.185831070 0.041958615 0.418240994 -0.016006008 0.907225311
1750194999.990410328 1.652550459 -0.651419163 9.199031830 0.038396839 0.424265742 -0.013802095 0.904618084
1750195000.195332527 1.678767443 -0.649518728 9.210089684 0.037570436 0.428654969 -0.004948555 0.902673244
1750195000.405806303 1.707170486 -0.650054753 9.220056534 0.034337450 0.433103234 0.000224448 0.900690079
1750195000.621076584 1.733644962 -0.650005519 9.229721069 0.029688857 0.437184036 0.002951055 0.898877084
1750195000.842934370 1.757676840 -0.652090192 9.238504410 0.026447108 0.440841049 0.008413844 0.897156000
1750195001.056091785 1.783760071 -0.651643753 9.250049591 0.022454731 0.443939984 0.013064470 0.895679891
1750195001.270186424 1.808444619 -0.653331697 9.260021210 0.020890391 0.446073711 0.022372486 0.894472718
1750195001.483462095 1.834565401 -0.652944624 9.270324707 0.018255329 0.447600573 0.029090695 0.893573880
1750195001.698651791 1.859345913 -0.652802467 9.281672478 0.015655244 0.448523551 0.034006935 0.892986655
1750195001.915511847 1.883633018 -0.654421329 9.293270111 0.013151937 0.449071079 0.038199816 0.892582238
1750195002.128190517 1.908698440 -0.655452907 9.304002762 0.010645626 0.450227559 0.040517777 0.891930580
1750195002.347986698 1.934515238 -0.656562984 9.314582825 0.007122597 0.453174055 0.038909689 0.890544057
1750195002.562029600 1.962938070 -0.659605384 9.326903343 0.007518464 0.455547392 0.043054953 0.889137983
1750195002.780009985 1.991102934 -0.663300157 9.339521408 0.011095819 0.456923872 0.049788088 0.888042033
1750195003.000009775 2.016748905 -0.668153524 9.348978996 0.014629853 0.457719564 0.052217346 0.887441397
1750195003.218674898 2.044835567 -0.669659197 9.360682487 0.016833190 0.457902730 0.049083736 0.887486637
1750195003.434511185 2.070149183 -0.672735691 9.372840881 0.019982925 0.456983685 0.043287847 0.888196409
1750195003.650454521 2.093965769 -0.673878491 9.385910988 0.022164108 0.455338001 0.033724610 0.889403582
1750195003.865222692 2.116577625 -0.677914798 9.399235725 0.027579445 0.452340186 0.028045613 0.890977681
1750195004.070733786 2.137548923 -0.681469262 9.412491798 0.033559743 0.449499577 0.022151323 0.892375052
1750195004.276148558 2.159651041 -0.686744511 9.426090240 0.040880091 0.446455628 0.017103605 0.893707871
1750195004.475791454 2.181708336 -0.688890815 9.437932968 0.046223521 0.445445985 0.010302544 0.894055426
1750195004.674705505 2.205479145 -0.692052007 9.449886322 0.052042462 0.445513964 0.004894037 0.893747687
1750195004.872130632 2.229489803 -0.698534369 9.459759712 0.059868772 0.446577311 0.004136968 0.892730296
1750195005.068488121 2.251089096 -0.706646621 9.467580795 0.066818066 0.448107809 0.003588446 0.891471803
1750195005.261118650 2.275041342 -0.709494710 9.474190712 0.070655860 0.451125264 0.000012905 0.889659345
1750195005.455396414 2.303071976 -0.712883949 9.483325958 0.074559718 0.453914315 0.001708664 0.887918770
1750195005.651951313 2.328790188 -0.715819836 9.491723061 0.075557299 0.456884861 0.004086766 0.886301637
1750195005.846205235 2.356049061 -0.716522574 9.498828888 0.072804376 0.461347729 0.004450899 0.884216011
1750195006.045151949 2.385083675 -0.713478804 9.507444382 0.068975829 0.467010677 0.007921606 0.881521821
1750195006.243721724 2.411182404 -0.711584330 9.515812874 0.063844256 0.472404480 0.011154475 0.878995776
1750195006.440991640 2.438740492 -0.712010801 9.527585983 0.059319794 0.475313336 0.014187968 0.877699912
1750195006.638954163 2.460827112 -0.713846087 9.539539337 0.054152463 0.476090580 0.012078779 0.877644241
1750195006.835774660 2.482507229 -0.717073560 9.553158760 0.051804885 0.473902047 0.010492806 0.878989756
1750195007.032283306 2.503756046 -0.721915841 9.567159653 0.053044036 0.468074203 0.010553901 0.882032633
1750195007.230153561 2.527890682 -0.723638177 9.583639145 0.053416189 0.462304235 0.005913189 0.885091245
1750195007.421751499 2.547713518 -0.728649735 9.597387314 0.053894307 0.456667751 -0.003794466 0.887995243
1750195007.621273279 2.568852663 -0.736398578 9.611882210 0.058291476 0.452129781 -0.009738267 0.889992118
1750195007.814359188 2.592958689 -0.740019321 9.626197815 0.063918650 0.450575799 -0.015424658 0.890313387
1750195008.013015509 2.614306927 -0.746055484 9.637435913 0.071454115 0.449882060 -0.017082069 0.890061021
1750195008.205856085 2.635522366 -0.753864706 9.646082878 0.079574570 0.448553264 -0.014543716 0.890087843
1750195008.397755861 2.656731129 -0.759806395 9.655446053 0.085208096 0.447277427 -0.011328771 0.890255094
1750195008.590976477 2.675351858 -0.764920473 9.660249710 0.087404631 0.448364496 -0.010247968 0.889508188
1750195008.780693531 2.699134350 -0.765007496 9.672296524 0.087830558 0.450994700 -0.007024213 0.888166785
1750195008.972224236 2.720178366 -0.764706254 9.679096222 0.084976010 0.454380572 -0.004319348 0.886734843
1750195009.166348457 2.746215582 -0.760006905 9.689971924 0.079432927 0.458589464 -0.002854413 0.885086417
1750195009.362061977 2.770262957 -0.757626057 9.700365067 0.073215768 0.461187690 0.001443743 0.884275615
1750195009.553722858 2.793171883 -0.753216624 9.712426186 0.065069653 0.462789863 0.003902102 0.884068012
1750195009.746209383 2.816899776 -0.748247564 9.726529121 0.055149995 0.463980377 0.003987751 0.884118140
1750195009.945762157 2.839961052 -0.743697405 9.740525246 0.045700736 0.464595497 0.004946365 0.884329140
1750195010.141457081 2.864559174 -0.744050205 9.756612778 0.037622761 0.464031637 0.006624232 0.884994507
1750195010.340851545 2.886424065 -0.745708346 9.771477699 0.030503141 0.462776482 0.005997750 0.885929763
1750195010.539961100 2.908121347 -0.746519804 9.785917282 0.025701359 0.460460722 0.005915172 0.887288213
1750195010.742960691 2.931923628 -0.746730566 9.801722527 0.024210278 0.457780451 0.008459050 0.888695300
1750195010.947238207 2.953532696 -0.751029670 9.814072609 0.023891749 0.455011398 0.010038198 0.890108466
1750195011.153234959 2.977104187 -0.753556132 9.828243256 0.024428314 0.453258038 0.014115708 0.890932739
1750195011.354738235 3.000722170 -0.754321992 9.842119217 0.024711607 0.452166855 0.016709449 0.891434371
1750195011.555270910 3.023625374 -0.755188823 9.854334831 0.025788497 0.450792253 0.020580398 0.892018914
1750195011.757032156 3.050141811 -0.754951179 9.869040489 0.024421660 0.451000065 0.022824531 0.891897798
1750195011.962633610 3.074870110 -0.753566146 9.882352829 0.022794513 0.451351613 0.023767177 0.891738415
1750195012.164355040 3.098998070 -0.752677917 9.895325661 0.021572424 0.452430695 0.026992019 0.891129971
1750195012.366124630 3.123736143 -0.753061950 9.909175873 0.020592101 0.452826083 0.027966347 0.890922308
1750195012.566984653 3.147610664 -0.753724217 9.922956467 0.020376489 0.451632917 0.026057528 0.891590536
1750195012.770349979 3.173189640 -0.756633818 9.938841820 0.021769805 0.449777395 0.022023190 0.892603695
1750195012.974700689 3.194564104 -0.760121703 9.952144623 0.023375213 0.447727531 0.016591819 0.893710434
1750195013.176863432 3.217896938 -0.763918519 9.965560913 0.026593516 0.446735471 0.014253740 0.894157171
1750195013.383132696 3.240886688 -0.765674949 9.978502274 0.028987711 0.447648734 0.012958358 0.893645644
1750195013.586270571 3.264262676 -0.767426074 9.991092682 0.030609187 0.450251877 0.013045304 0.892281413
1750195013.786592007 3.290643930 -0.767689288 10.004255295 0.028601998 0.454194158 0.010397607 0.890382826
1750195013.993478298 3.315599680 -0.765178442 10.016486168 0.026348112 0.457854271 0.011477348 0.888562620
1750195014.193464041 3.339136600 -0.762653470 10.028059006 0.021950530 0.460727245 0.013899701 0.887161434
1750195014.394919395 3.365178108 -0.759701490 10.041616440 0.018261818 0.462869227 0.020503722 0.886001289
1750195014.595782757 3.391666412 -0.756047666 10.055353165 0.014519084 0.463644028 0.027594648 0.885472775
1750195014.798595190 3.417971373 -0.753877223 10.069881439 0.011844845 0.463936418 0.035482928 0.885078311
1750195015.004609823 3.448062897 -0.750666201 10.086220741 0.009169037 0.463705093 0.039864011 0.885044873
1750195015.210740566 3.476222754 -0.750637591 10.102300644 0.007755036 0.461766720 0.042407550 0.885953188
1750195015.423894167 3.505375624 -0.751289725 10.118478775 0.006904391 0.459018826 0.043628950 0.887327790
1750195015.630855799 3.533569813 -0.752469897 10.135952950 0.007188343 0.455314189 0.045302648 0.889148533
1750195015.837992430 3.562488079 -0.751879275 10.151630402 0.009791175 0.451373994 0.049564525 0.890903533
1750195016.046662569 3.592777967 -0.750523746 10.166921616 0.008154937 0.450982600 0.048511095 0.891176105
1750195016.247256041 3.623868465 -0.748419404 10.180025101 0.004422727 0.454511523 0.047328878 0.889471591
1750195016.454211235 3.658591270 -0.740805984 10.194244385 -0.000033989 0.459341496 0.046484623 0.887042642
1750195016.665490389 3.693634987 -0.731297910 10.208353043 -0.005390808 0.465042055 0.046156764 0.884068072
1750195016.876527309 3.727743626 -0.731477439 10.220460892 -0.005540499 0.469185621 0.056167226 0.881294191
1750195017.091479778 3.764165640 -0.732014477 10.232999802 -0.005260432 0.473364472 0.066189744 0.878360629
1750195017.329809189 3.801178217 -0.728919148 10.244600296 -0.007786676 0.477372289 0.069699697 0.875897825
1750195017.543749571 3.838662386 -0.724999249 10.256148338 -0.013345869 0.480746895 0.064722337 0.874365687
1750195017.755295753 3.876655340 -0.718755603 10.269504547 -0.017842138 0.482327372 0.058313761 0.873865843
1750195017.971620798 3.916044712 -0.716273487 10.284860611 -0.017352149 0.482265562 0.056823965 0.874008000
1750195018.186857224 3.952814341 -0.715615094 10.298374176 -0.012888837 0.482138515 0.060584370 0.873902678
1750195018.403735876 3.993082047 -0.712373137 10.312520981 -0.007431558 0.482534587 0.065925300 0.873360753
1750195018.619304180 4.033965111 -0.710721672 10.325368881 -0.006273083 0.483908564 0.062908925 0.872832000
1750195018.835495710 4.075600624 -0.704816282 10.338323593 -0.007661327 0.485518605 0.054664873 0.872482002
1750195019.057659864 4.118153572 -0.699688613 10.353152275 -0.003040164 0.486272693 0.056653555 0.871963322
1750195019.278684855 4.160144806 -0.703050017 10.365633011 0.001709752 0.486856729 0.059211209 0.871470988
1750195019.496007681 4.202679634 -0.702244759 10.377126694 0.001961343 0.488270253 0.053372618 0.871056616
1750195019.714538336 4.245261192 -0.697767556 10.389684677 0.000158509 0.489502221 0.042974476 0.870942473
1750195019.931620836 4.286420345 -0.698819518 10.403820038 0.002622260 0.488946080 0.038745243 0.871449172
1750195020.144925356 4.323766708 -0.702464700 10.418981552 0.005963716 0.487409055 0.037066758 0.872366309
1750195020.359735966 4.363017082 -0.701130986 10.434778214 0.008958465 0.486165196 0.035177175 0.873112679
1750195020.575990677 4.399845123 -0.696783483 10.447931290 0.011156837 0.485376984 0.032903928 0.873614371
1750195020.789305687 4.436872959 -0.700697422 10.463323593 0.014732237 0.485339761 0.036677971 0.873431802
1750195020.999378920 4.472780704 -0.705610931 10.475931168 0.017240433 0.485848308 0.038851641 0.873009026
1750195021.210001707 4.509416580 -0.704501987 10.486909866 0.016958823 0.487027049 0.036118090 0.872474968
1750195021.420992613 4.548225403 -0.697305977 10.501100540 0.015972948 0.488727510 0.032165732 0.871697068
1750195021.637616158 4.585782528 -0.697566211 10.512653351 0.018720070 0.488625616 0.037131242 0.871502042
1750195021.850589037 4.620265961 -0.700677276 10.524864197 0.017976224 0.489445388 0.038410891 0.871002138
1750195022.061580658 4.657002449 -0.698472142 10.536603928 0.014085882 0.491629809 0.036326222 0.869932234
1750195022.276564121 4.695218563 -0.690588474 10.548332214 0.008519583 0.495906800 0.034642227 0.867642701
1750195022.492697716 4.730280399 -0.687037468 10.559887886 0.005600763 0.501086712 0.040729262 0.864419997
1750195022.709384441 4.767337322 -0.684804440 10.569984436 0.002269014 0.506703138 0.047199547 0.860824585
1750195022.934332848 4.803357124 -0.680315673 10.580595970 -0.001366484 0.512541473 0.053735305 0.856978357
1750195023.145684481 4.839479923 -0.677829683 10.590435028 -0.006724661 0.518510401 0.055730153 0.853226781
1750195023.360903025 4.873600006 -0.676406264 10.601403236 -0.010254122 0.522760868 0.056966230 0.850512147
1750195023.576418638 4.909998417 -0.674057841 10.614147186 -0.013305089 0.525948644 0.054738093 0.848648846
1750195023.791694641 4.943528175 -0.674579024 10.627759933 -0.016691001 0.528093755 0.049548745 0.847575009
1750195024.008740664 4.978563309 -0.673192084 10.641980171 -0.015931837 0.529321313 0.046993002 0.846969247
1750195024.223421335 5.012002945 -0.671350896 10.655126572 -0.013113571 0.529913366 0.045131724 0.846748531
1750195024.448138952 5.052928448 -0.667791426 10.670433044 -0.003268556 0.529010594 0.050146144 0.847126067
1750195024.672585249 5.090871811 -0.669216454 10.683977127 0.001462872 0.528009176 0.049714886 0.847781003
1750195024.891461134 5.129391193 -0.670087159 10.697019577 0.002886417 0.526805818 0.046723291 0.848695576
1750195025.107387304 5.166943550 -0.668630123 10.710932732 0.004792335 0.524387360 0.045893606 0.850228608
1750195025.324199200 5.203365326 -0.665327251 10.725515366 0.010478747 0.520726442 0.052206893 0.852061391
1750195025.543909550 5.242790222 -0.664298892 10.738688469 0.010562767 0.519666970 0.053017955 0.852656901
1750195025.759701967 5.280919075 -0.662300944 10.748918533 0.006105043 0.522154748 0.049428955 0.851395249
1750195025.980696678 5.320874214 -0.654558361 10.759449005 0.001516984 0.526043296 0.046814475 0.849166989
1750195026.209082842 5.361068249 -0.649288774 10.769128799 -0.001796147 0.531624913 0.048970643 0.845561087
1750195026.431320667 5.398115635 -0.647647917 10.776132584 -0.002840883 0.537149251 0.057232987 0.841538548
1750195026.649745941 5.435463905 -0.645836174 10.783008575 -0.003132113 0.541829288 0.066832066 0.837821424
1750195026.869412661 5.471886158 -0.642122388 10.788038254 -0.004444127 0.546107709 0.075572431 0.834287465
1750195027.094514847 5.510097980 -0.636650085 10.794741631 -0.004954000 0.550242782 0.084967047 0.830655754
1750195027.314582586 5.547852993 -0.635069191 10.800107956 -0.006233246 0.553042054 0.090136267 0.828239739
1750195027.538092852 5.586478233 -0.634901762 10.809026718 -0.004865245 0.553009808 0.094441131 0.827790737
1750195027.764041662 5.626637459 -0.630509257 10.818843842 -0.004008131 0.550910413 0.095521078 0.829070210
1750195027.995243549 5.665421963 -0.629468083 10.829896927 -0.004251596 0.546719491 0.090175726 0.832435071
1750195028.218885660 5.700636864 -0.634671271 10.839073181 0.000163003 0.539203346 0.087830126 0.837583184
1750195028.451908588 5.735726357 -0.639611483 10.846637726 0.002133340 0.532605588 0.079078943 0.842658520
1750195028.673429489 5.772223949 -0.637361169 10.851585388 0.003708929 0.526297271 0.067266837 0.847627640
1750195028.895814180 5.804879665 -0.635699928 10.859754562 0.013739696 0.516675949 0.066206016 0.853506863
1750195029.121725321 5.837950706 -0.639837384 10.865025520 0.023478970 0.507612407 0.059508804 0.859207273
1750195029.338289738 5.872148514 -0.644745946 10.868566513 0.033300519 0.498127699 0.047774602 0.865145922
1750195029.554506540 5.903758526 -0.647373915 10.874991417 0.046603989 0.486274987 0.040062230 0.871641994
1750195029.769265890 5.934710503 -0.652877986 10.881320000 0.065807067 0.474015504 0.042815086 0.877009451
1750195029.984952927 5.966391563 -0.665263534 10.885380745 0.079967625 0.466217667 0.041688047 0.880061626
1750195030.195593834 5.995794296 -0.675870180 10.887740135 0.090199120 0.462097228 0.039297380 0.881354630
1750195030.402383566 6.029146194 -0.681564331 10.890691757 0.097822025 0.461599797 0.037209764 0.880892694
1750195030.608688831 6.067381382 -0.680621386 10.894916534 0.101253890 0.465616792 0.032235675 0.878583789
1750195030.812259674 6.104505539 -0.680257320 10.897462845 0.102058433 0.474986523 0.030740084 0.873514116
1750195031.018875360 6.139684677 -0.680777729 10.897706985 0.100806490 0.486988783 0.033112448 0.866939187
1750195031.216683865 6.177379608 -0.677017689 10.900394440 0.097559437 0.500095248 0.035719335 0.859715700
1750195031.421201706 6.214586258 -0.674547672 10.902618408 0.091159336 0.512783885 0.036981944 0.852862835
1750195031.629704714 6.250786304 -0.666864812 10.906318665 0.081663162 0.525667489 0.035189297 0.846029878
1750195031.845638514 6.285250664 -0.663738847 10.912132263 0.075619936 0.534740329 0.039293680 0.840708315
1750195032.057579756 6.316569328 -0.665904522 10.920944214 0.070782252 0.539796829 0.042105716 0.837756753
1750195032.271267414 6.348173141 -0.667455673 10.931638718 0.064457044 0.543534040 0.037878104 0.836051047
1750195032.483541727 6.381204128 -0.666912436 10.942726135 0.058238052 0.547487795 0.030363783 0.834232271
1750195032.698341131 6.413344383 -0.668093801 10.954002380 0.054568514 0.552415550 0.025633527 0.831385732
1750195032.912618399 6.446239948 -0.671641231 10.964347839 0.055369616 0.558715463 0.025050912 0.827129781
1750195033.120356798 6.477676392 -0.674989104 10.973030090 0.057578735 0.566416383 0.025503203 0.821709692
1750195033.334423065 6.510438919 -0.678647578 10.979402542 0.060397703 0.576331079 0.024925224 0.814600110
1750195033.548295498 6.539692879 -0.685543656 10.984640121 0.064509735 0.586704314 0.024684159 0.806850255
1750195033.760908842 6.569473267 -0.690467298 10.986699104 0.066953659 0.597676039 0.022083538 0.798631847
1750195033.972007275 6.601815224 -0.693608582 10.988274574 0.069056742 0.608712494 0.021210343 0.790095210
1750195034.181541443 6.632223129 -0.697593510 10.986184120 0.069867544 0.620144010 0.022136260 0.781056941
1750195034.387912035 6.663143635 -0.699326992 10.982141495 0.070552655 0.631565809 0.025434440 0.771686494
1750195034.597385406 6.695905209 -0.698527396 10.976600647 0.068099983 0.643497348 0.027195230 0.761927843
1750195034.811507940 6.731120110 -0.693712175 10.969322205 0.061769970 0.656419337 0.025835449 0.751419067
1750195035.022721291 6.761305809 -0.693767190 10.964468002 0.059854712 0.668640673 0.028770668 0.740614235
1750195035.235060692 6.797749519 -0.696077466 10.960588455 0.060321465 0.680793643 0.031040762 0.729326963
1750195035.444934845 6.828649998 -0.698432148 10.956441879 0.060660236 0.693134010 0.030654052 0.717597365
1750195035.654217005 6.861817360 -0.698756158 10.953376770 0.061202705 0.705927372 0.028432196 0.705062091
1750195035.862576723 6.889301300 -0.704654098 10.947067261 0.065688401 0.717216372 0.029223472 0.693131804
1750195036.065534115 6.917556763 -0.707535565 10.939291000 0.066808604 0.727803707 0.027447395 0.681971431
1750195036.271223068 6.948400497 -0.707452536 10.931438446 0.067473844 0.736983359 0.026149610 0.672026098
1750195036.476175308 6.979753017 -0.710072517 10.920061111 0.068096541 0.745487988 0.027089611 0.662477732
1750195036.680070877 7.011786938 -0.708468914 10.907649994 0.065821528 0.754421949 0.027239945 0.652512908
1750195036.884345531 7.041322231 -0.705904186 10.894342422 0.063383818 0.763836503 0.028168572 0.641672015
1750195037.086958170 7.070693016 -0.702881873 10.880491257 0.060964640 0.773215950 0.030277718 0.630478919
1750195037.291925192 7.106323719 -0.701887429 10.866310120 0.061458711 0.781600237 0.034829728 0.619766831
1750195037.493448973 7.140324593 -0.701468110 10.850469589 0.060987733 0.789791107 0.038267832 0.609135568
1750195037.697419405 7.164423943 -0.700212657 10.841179848 0.059298582 0.798379481 0.039368488 0.597933233
1750195037.904590607 7.192028999 -0.706070244 10.825930595 0.060417492 0.806792855 0.042136956 0.586224854
1750195038.110436201 7.220652580 -0.703922689 10.810476303 0.062152024 0.815108538 0.045235705 0.574185431
1750195038.312938213 7.249315262 -0.701524973 10.793300629 0.061943255 0.823757052 0.047711074 0.561525583
1750195038.518746853 7.276514053 -0.696329117 10.776191711 0.057799950 0.833233535 0.048630767 0.547737360
1750195038.724709034 7.305595398 -0.691485047 10.757650375 0.056105517 0.842345357 0.051015794 0.533576548
1750195038.931163788 7.332273483 -0.690273881 10.739781380 0.052834041 0.851441622 0.051563274 0.519227326
1750195039.141191006 7.364653587 -0.687638521 10.723795891 0.048244819 0.860396147 0.049463563 0.504920065
1750195039.351334572 7.390267372 -0.686853766 10.709684372 0.046265114 0.869021058 0.047729746 0.490289539
1750195039.560666561 7.411245346 -0.691794395 10.695729256 0.047585353 0.876884580 0.047503084 0.475975424
1750195039.766906738 7.442340851 -0.688575149 10.672703743 0.049056888 0.884009659 0.046194717 0.462586761
1750195039.976163626 7.463708878 -0.689835489 10.656431198 0.049824115 0.890280545 0.045896407 0.450346291
1750195040.191462517 7.486311913 -0.695168436 10.636072159 0.051451653 0.895727396 0.047437664 0.439061373
1750195040.395126820 7.507493973 -0.690854549 10.617454529 0.051747121 0.900988460 0.047200933 0.428151965
1750195040.595926762 7.531221390 -0.690983593 10.593612671 0.047544274 0.906722307 0.046523098 0.416449159
1750195040.797495842 7.550296783 -0.687015712 10.571333885 0.046197921 0.912512183 0.046655368 0.403745800
1750195041.003123999 7.571202278 -0.685893536 10.546930313 0.045906406 0.918516636 0.048231248 0.389735311
1750195041.202744484 7.590950966 -0.682684302 10.523031235 0.041822851 0.924668968 0.048236933 0.375381678
1750195041.405497789 7.611160278 -0.677174330 10.498822212 0.036775898 0.930784941 0.048040744 0.360525995
1750195041.608076334 7.630848885 -0.670569420 10.476121902 0.030486707 0.936664343 0.047635425 0.345631868
1750195041.810371161 7.650210381 -0.666773617 10.450919151 0.027450662 0.942261577 0.048309483 0.330235958
1750195042.016610146 7.666674614 -0.664799690 10.428947449 0.025793690 0.948040426 0.049146838 0.313271075
1750195042.221524000 7.685400963 -0.662957132 10.408172607 0.026024517 0.953839660 0.050201416 0.294944942
1750195042.424421072 7.703204155 -0.661171317 10.384182930 0.026160080 0.958941340 0.051240623 0.277707785
1750195042.629545689 7.719094276 -0.659594715 10.358988762 0.023454454 0.963520229 0.052270338 0.261431873
1750195042.837497234 7.738649368 -0.654569268 10.334851265 0.019197239 0.967958331 0.052702475 0.244766712
1750195043.053444624 7.752492905 -0.652749717 10.311707497 0.016905885 0.971943557 0.053933382 0.228322551
1750195043.259813070 7.766438484 -0.647505939 10.287018776 0.015265215 0.975924253 0.054933589 0.210525960
1750195043.465948820 7.780593872 -0.642245173 10.262351036 0.011380290 0.979642630 0.055665389 0.192541569
1750195043.676546574 7.793498039 -0.638685942 10.236312866 0.012038995 0.982787430 0.057714302 0.175079852
1750195043.888495922 7.805134773 -0.634601891 10.209745407 0.013172938 0.985262871 0.060072433 0.159608737
1750195044.099680662 7.816820145 -0.631419957 10.184478760 0.013810491 0.987262905 0.063253514 0.145328045
1750195044.315504074 7.826929092 -0.626418054 10.158294678 0.012311136 0.988916576 0.066812463 0.132017747
1750195044.527188778 7.837412834 -0.622473538 10.132574081 0.010093766 0.990443468 0.070778005 0.117942691
1750195044.747607708 7.847635269 -0.619444788 10.108520508 0.009932906 0.991763771 0.074225716 0.103906050
1750195044.962421656 7.854454041 -0.618280649 10.080997467 0.012645848 0.992735088 0.076701462 0.091837339
1750195045.181839705 7.862456322 -0.612491727 10.055196762 0.010541011 0.994171858 0.076216951 0.075513124
1750195045.399450779 7.862922668 -0.613202453 10.028433800 0.012313190 0.995580614 0.075063542 0.055074356
1750195045.619857550 7.877183914 -0.611656427 10.005099297 0.011956064 0.996854961 0.071733460 0.031490237
1750195045.835804939 7.881284714 -0.612938344 9.977970123 0.011679271 0.997542977 0.068362616 0.009909238
1750195046.054342031 7.884411335 -0.613535464 9.957322121 -0.014654567 -0.997761011 -0.064091928 0.012268274
1750195046.270927668 7.881783009 -0.602971613 9.928683281 -0.010163675 -0.997743666 -0.059309755 0.029777464
1750195046.488105059 7.886026859 -0.606009424 9.911601067 -0.003625646 -0.997126341 -0.058666579 0.047792152
1750195046.706048727 7.889555931 -0.605991900 9.890636444 -0.003207668 -0.996317923 -0.058766425 0.062344518
1750195046.923396587 7.893956661 -0.601152956 9.867632866 -0.000481859 -0.995766878 -0.057879381 0.071401000
1750195047.142857790 7.899108410 -0.601105571 9.848791122 0.000930463 -0.995355785 -0.059546467 0.075632066
1750195047.362187862 7.906491280 -0.596607149 9.825757980 -0.000233731 -0.995319188 -0.061152931 0.074833848
1750195047.582758665 7.912594318 -0.592120469 9.803749084 -0.005239216 -0.995390415 -0.062938049 0.072175555
1750195047.810685396 7.914994717 -0.593655407 9.787183762 -0.014257649 -0.995447516 -0.063041508 0.070048049
1750195048.036464453 7.915317535 -0.592137873 9.769914627 -0.015110746 -0.995612204 -0.062235359 0.068225749
1750195048.258857727 7.914544106 -0.592246950 9.749887466 -0.020420708 -0.995632648 -0.060071789 0.068483815
1750195048.471141338 7.911863327 -0.592909932 9.731822014 -0.025958840 -0.995603979 -0.055702977 0.070683703
1750195048.693182468 7.908942699 -0.595180094 9.713161469 -0.027256742 -0.995708406 -0.051277328 0.072058775
1750195048.915498495 7.904408932 -0.593782187 9.694541931 -0.024725854 -0.995803654 -0.046733279 0.074698456
1750195049.138365507 7.900938511 -0.591871321 9.676339149 -0.021603163 -0.995667398 -0.043893564 0.079077110
1750195049.355616570 7.898019791 -0.589357615 9.659906387 -0.016788313 -0.995549262 -0.043046881 0.082139581
1750195049.573907375 7.897884369 -0.585941553 9.640374184 -0.010554079 -0.995349467 -0.044413421 0.084826343
1750195049.791964769 7.899333477 -0.579831600 9.620767593 -0.005254999 -0.995140731 -0.047424477 0.086129732
1750195050.010977030 7.904145241 -0.573441267 9.601811409 -0.000202842 -0.994932652 -0.052504811 0.085745655
1750195050.227830887 7.908861637 -0.565700769 9.580422401 -0.001059548 -0.994792044 -0.058219850 0.083655573
1750195050.446649075 7.913788795 -0.557994545 9.559644699 -0.005719658 -0.994594514 -0.064132884 0.081462353
1750195050.671851873 7.916179657 -0.553163290 9.537307739 -0.008460715 -0.994178534 -0.069996215 0.081474647
1750195050.898977995 7.916120052 -0.547757268 9.514146805 -0.010149514 -0.993642449 -0.073808618 0.084403642
1750195051.127264977 7.915008545 -0.541472673 9.491489410 -0.005667958 -0.993257165 -0.075806439 0.087529890
1750195051.358624697 7.914829731 -0.540356874 9.471988678 -0.007692093 -0.993202746 -0.074834503 0.088820092
1750195051.583324432 7.918326378 -0.542266726 9.449626923 -0.009802575 -0.993178844 -0.072607428 0.090707667
1750195051.806819677 7.919495106 -0.544499397 9.429089546 -0.014338423 -0.993313670 -0.068316028 0.091953114
1750195052.039773226 7.920681477 -0.545873284 9.408972740 -0.011757258 -0.993448973 -0.063970476 0.093961336
1750195052.273739815 7.919785500 -0.544710577 9.390442848 -0.007258199 -0.993772268 -0.058341287 0.094659053
1750195052.506763458 7.918557644 -0.546016574 9.375205040 -0.005479397 -0.994157672 -0.052146725 0.094346605
1750195052.734235287 7.923874855 -0.553082526 9.360601425 -0.010711422 -0.994755864 -0.046995096 0.090208806
1750195052.965026855 7.930419445 -0.553072989 9.349534035 -0.011838398 -0.995864809 -0.042122331 0.079617329
1750195053.185553551 7.938049316 -0.559835315 9.335643768 -0.019116154 -0.996514976 -0.038559057 0.071454197
1750195053.396041155 7.946934700 -0.564131021 9.320414543 -0.030727351 -0.996961176 -0.035702698 0.062045582
1750195053.613860846 7.955872059 -0.566073835 9.301286697 -0.037524402 -0.997336924 -0.034685764 0.052038524
1750195053.830780745 7.961536407 -0.563996851 9.284589767 -0.039197192 -0.997664452 -0.035895072 0.042904761
1750195054.052969456 7.972919464 -0.553976595 9.267586708 -0.034303550 -0.998083353 -0.038495943 0.034220338
1750195054.264919281 7.985106945 -0.545443118 9.251054764 -0.022481142 -0.998382628 -0.042682223 0.030082636
1750195054.483856440 7.988095760 -0.540778041 9.230992317 -0.015133833 -0.998326242 -0.044744328 0.033373348
1750195054.705124617 7.989826679 -0.538678110 9.203627586 -0.015089204 -0.998009264 -0.043559436 0.043041527
1750195054.921692610 7.999611378 -0.539251626 9.185793877 -0.011336105 -0.997485280 -0.043880243 0.054490414
1750195055.145250082 8.000928879 -0.533725381 9.163728714 -0.011318522 -0.996902406 -0.039580692 0.067014374
1750195055.360104084 7.991754055 -0.537559152 9.142629623 -0.007605283 -0.996056139 -0.037739482 0.079938337
1750195055.575258017 7.998270988 -0.537785590 9.119466782 -0.001574053 -0.994564593 -0.031050246 0.099371307
1750195055.789141178 7.997801781 -0.539749146 9.099280357 0.002705744 -0.992736101 -0.025577189 0.117531262
1750195056.008557081 7.998106480 -0.540378094 9.080426216 0.010691754 -0.991074264 -0.020039476 0.131361887
1750195056.227793217 8.000126839 -0.545456171 9.064612389 0.017149953 -0.990213931 -0.015128817 0.137671635
1750195056.445722103 8.003190041 -0.550734520 9.049764633 0.018635161 -0.989822626 -0.010374293 0.140699342
1750195056.665406466 8.006437302 -0.554195225 9.033064842 0.016780617 -0.989727139 -0.004991683 0.141893163
1750195056.892310858 8.010100365 -0.555648685 9.017234802 0.015227390 -0.989823103 -0.000505552 0.141485423
1750195057.108772516 8.012475967 -0.554700553 9.002961159 0.009471066 -0.990161419 0.004797735 0.139526859
1750195057.328000069 8.013305664 -0.559736431 8.991951942 0.003893819 -0.990499854 0.008287283 0.137208864
1750195057.539154530 8.015785217 -0.563368440 8.977726936 -0.002158947 -0.990452230 0.010313889 0.137453318
1750195057.751639366 8.016728401 -0.564367473 8.962593079 -0.004578589 -0.990391076 0.010252899 0.137838840
1750195057.963869095 8.017371178 -0.563523769 8.947857857 -0.006158405 -0.990201652 0.007883993 0.139286548
1750195058.174082518 8.015237808 -0.560506463 8.932484627 -0.010109438 -0.989720881 0.005284922 0.142557219
1750195058.386751413 8.011710167 -0.553442955 8.912798882 -0.010965327 -0.988910139 0.001190708 0.148105338
1750195058.603331804 8.007141113 -0.548957765 8.896052361 -0.011026807 -0.987344444 -0.002716571 0.158183634
1750195058.821317196 7.999313354 -0.548112512 8.881860733 -0.011798545 -0.984923720 -0.005572509 0.172496513
1750195059.029105425 7.992033482 -0.550311744 8.864977837 -0.012202058 -0.981825352 -0.006643809 0.189277411
1750195059.248066902 7.984830856 -0.548948765 8.851706505 -0.010768898 -0.978616893 -0.005542875 0.205334798
1750195059.474766493 7.980162621 -0.547924638 8.838972092 -0.005411709 -0.976605177 -0.004366474 0.214927986
1750195059.704336643 7.974920750 -0.549277663 8.819493294 -0.000290046 -0.975380719 -0.004260117 0.220486447
1750195059.926168680 7.970702171 -0.546932995 8.805996895 -0.001252039 -0.974757969 -0.001753153 0.223254070
1750195060.145935774 7.968791962 -0.548700869 8.795545578 -0.001444852 -0.974614680 -0.001155975 0.223881379
1750195060.375551462 7.969177246 -0.550815940 8.780339241 -0.006184369 -0.974687457 -0.001680359 0.223480001
1750195060.608816862 7.968452930 -0.548297286 8.766023636 -0.008011028 -0.975242674 -0.003423391 0.220965773
1750195060.846324921 7.965578079 -0.545576811 8.748788834 -0.009922341 -0.975999475 -0.006617889 0.217446312
1750195061.080329180 7.964936256 -0.539621830 8.741106033 -0.006044795 -0.976804852 -0.010205763 0.213802934
1750195061.299296856 7.967453003 -0.542480350 8.715386391 0.007351549 -0.976915300 -0.014822968 0.212985411
1750195061.517051935 7.968611717 -0.543188453 8.696373940 0.014339758 -0.976881027 -0.016141757 0.212690830
1750195061.730830669 7.969178200 -0.544184566 8.677477837 0.015766561 -0.977291048 -0.016133713 0.210697576
1750195061.939143181 7.968694687 -0.543720603 8.658603668 0.013545401 -0.978412211 -0.014988909 0.205673158
1750195062.157020092 7.969481468 -0.544814527 8.639154434 0.008426898 -0.979509175 -0.014066488 0.200731188
1750195062.369863749 7.969215393 -0.543969214 8.619753838 -0.001399030 -0.980604351 -0.011924012 0.195629790
1750195062.582981586 7.967688560 -0.543400884 8.603684425 -0.011317965 -0.981469810 -0.010886436 0.190972537
1750195062.801161528 7.967081070 -0.540140152 8.584010124 -0.017056433 -0.982387900 -0.011932850 0.185690179
1750195063.021401882 7.966157436 -0.536983252 8.570896149 -0.019356862 -0.983453035 -0.015745148 0.179436967
1750195063.241834164 7.968552589 -0.531856000 8.554575920 -0.019371338 -0.984217286 -0.021796931 0.174545228
1750195063.462329626 7.969695568 -0.523411751 8.532941818 -0.017044893 -0.984643817 -0.028707929 0.171353564
1750195063.689201593 7.975936413 -0.515490174 8.517245293 -0.011347990 -0.985655725 -0.037292909 0.164204866
1750195063.905949354 7.986958027 -0.510245204 8.501470566 -0.005500080 -0.986858785 -0.047384884 0.154383510
1750195064.126740217 7.996889114 -0.502628624 8.484061241 -0.001020164 -0.988323450 -0.055978801 0.141711533
1750195064.357655764 8.003705978 -0.498109341 8.459349632 0.002140449 -0.988908112 -0.061757263 0.135064170
1750195064.583381653 8.007341385 -0.497354805 8.442570686 0.003575864 -0.988796592 -0.065020844 0.134316131
1750195064.806144714 8.007100105 -0.492225885 8.421352386 0.001249755 -0.988539875 -0.065652467 0.135930777
1750195065.027359009 8.005694389 -0.490763545 8.402763367 -0.001789253 -0.988130093 -0.066483557 0.138476610
1750195065.259531260 8.000653267 -0.486487329 8.385379791 -0.005800030 -0.988046646 -0.064775519 0.139765427
1750195065.495903492 7.998101234 -0.484172642 8.361891747 -0.005140497 -0.988028467 -0.062411256 0.140990108
1750195065.732983589 7.995987415 -0.487689197 8.349164963 -0.004596103 -0.988158107 -0.060217611 0.141054392
1750195065.964726448 7.990332603 -0.487890601 8.328499794 -0.005384611 -0.988404453 -0.056600593 0.140798256
1750195066.203515053 7.994367123 -0.486784041 8.306722641 -0.008769501 -0.988269985 -0.051741581 0.143416971
1750195066.436634064 7.993554115 -0.487760127 8.290271759 -0.008048660 -0.988315046 -0.047780398 0.144518569
1750195066.673769236 7.986658096 -0.488920420 8.281203270 -0.008405685 -0.988635242 -0.043557804 0.143640175
1750195066.910985470 7.983973980 -0.489669263 8.262283325 -0.005996000 -0.988571882 -0.040818788 0.144995436
1750195067.146960735 7.986051083 -0.495081186 8.244318962 -0.003765788 -0.988144338 -0.039274059 0.148371831
1750195067.379443407 7.984788895 -0.496073812 8.228653908 -0.002289558 -0.987972975 -0.036833555 0.150158226
1750195067.614679575 7.981574059 -0.496003330 8.211745262 0.000118169 -0.987843573 -0.034246627 0.151632130
1750195067.846586943 7.979369164 -0.498505652 8.195996284 -0.000864135 -0.987547755 -0.031365916 0.154159129
1750195068.075696230 7.976810932 -0.500582576 8.179868698 -0.000807927 -0.987230480 -0.028544461 0.156718358
1750195068.305288553 7.974814415 -0.500869751 8.160945892 0.000252146 -0.986943305 -0.024783421 0.159150004
1750195068.532518148 7.971945763 -0.503059149 8.143955231 0.002733913 -0.986752510 -0.021188732 0.160820082
1750195068.760842562 7.968830109 -0.506163478 8.129672050 0.002841136 -0.986606002 -0.016718594 0.162237689
1750195068.982203245 7.967353344 -0.508478761 8.113903999 0.002002085 -0.986365736 -0.011160679 0.164177343
1750195069.205460787 7.964826107 -0.512748837 8.100691795 0.003035656 -0.986215591 -0.004322275 0.165381432
1750195069.430109024 7.966016769 -0.517673373 8.087767601 0.003060272 -0.986003935 0.003039458 0.166666761
1750195069.647461891 7.965077400 -0.521550179 8.074834824 0.004841914 -0.986130953 0.011310413 0.165512338
1750195069.862170935 7.963698387 -0.523422599 8.059786797 0.006468593 -0.986195505 0.019123612 0.164350018
1750195070.076403379 7.966066837 -0.527702332 8.042466164 0.008425124 -0.986010313 0.024808401 0.164612859
1750195070.286168098 7.965002537 -0.528209031 8.027137756 0.010634711 -0.986214876 0.030447934 0.162296325
1750195070.491539955 7.962843418 -0.532661617 8.016901970 0.012072528 -0.986691177 0.034283597 0.158491418
1750195070.701778173 7.966935158 -0.535082877 7.995860100 0.012740093 -0.987084806 0.036816426 0.155389339
1750195070.905967951 7.968850136 -0.537452340 7.980003357 0.010738662 -0.987847328 0.038078681 0.150308043
1750195071.106546879 7.973581314 -0.537774861 7.962443352 0.005882318 -0.988816798 0.038402297 0.143986195
1750195071.304991245 7.977866650 -0.537185609 7.946605682 0.001174597 -0.990123034 0.036806617 0.135278583
1750195071.506785631 7.985180855 -0.534392774 7.929966927 -0.000916536 -0.991859734 0.033378407 0.122879662
1750195071.699017763 7.996729851 -0.530526400 7.914870262 0.000030828 -0.993814886 0.027642554 0.107554719
1750195071.897383451 8.010610580 -0.525288999 7.896710396 0.002655229 -0.995689750 0.020161696 0.090489924
1750195072.111542225 8.025257111 -0.516866207 7.880331039 0.005656758 -0.997056186 0.012690562 0.075405739
1750195072.327463865 8.035734177 -0.514111698 7.859694481 0.008329086 -0.997567296 0.006223347 0.068930201
1750195072.542690516 8.036582947 -0.515305758 7.839130402 0.008284452 -0.997544706 0.002666957 0.069490217
1750195072.756430864 8.036901474 -0.512603879 7.817981720 0.012304192 -0.997209728 0.001532089 0.073614433
1750195072.973348618 8.039560318 -0.513978004 7.797270775 0.014627699 -0.996733367 0.002953500 0.079372846
1750195073.194928408 8.042522430 -0.513165236 7.781771660 0.014500795 -0.996119738 0.007118217 0.086513303
1750195073.414990187 8.037552834 -0.516808271 7.766771317 0.017176127 -0.995601833 0.012656404 0.091223963
1750195073.627655029 8.040317535 -0.520809233 7.753533363 0.016814936 -0.994974136 0.019101741 0.096844956
1750195073.844106913 8.038349152 -0.527839005 7.739089012 0.007637806 -0.994435668 0.024411649 0.102193296
1750195074.070548773 8.037376404 -0.532037556 7.725999832 0.002687172 -0.993981302 0.028301492 0.105796829
1750195074.285529852 8.038652420 -0.535011470 7.709145546 0.005350580 -0.993670940 0.031189049 0.107781127
1750195074.491840363 8.040661812 -0.538930595 7.693022728 0.007732052 -0.993404329 0.033403073 0.109418526
1750195074.696800947 8.037387848 -0.540631413 7.676790237 0.006821533 -0.993440807 0.035528325 0.108474091
1750195074.901728630 8.038036346 -0.541187525 7.659978867 0.009942328 -0.993525982 0.036722701 0.107045740
1750195075.107482433 8.044296265 -0.539659679 7.647364616 0.010988427 -0.993630767 0.037160378 0.105812855
1750195075.313728571 8.046646118 -0.542112410 7.633267403 0.008089781 -0.994132757 0.035021573 0.102020778
1750195075.519357681 8.053466797 -0.534975231 7.607965469 0.008734933 -0.994606853 0.033000216 0.097938284
1750195075.727062941 8.065711975 -0.529534340 7.590579987 0.007584584 -0.994977057 0.030052263 0.095184408
1750195075.937898159 8.068532944 -0.529555082 7.580277443 0.003682760 -0.995713174 0.024962693 0.088986501
1750195076.150902748 8.070772171 -0.528041601 7.562177658 -0.003184960 -0.996438146 0.018878676 0.082125030
1750195076.364360094 8.080768585 -0.524968386 7.541019440 -0.000325140 -0.996706128 0.012388926 0.080145828
1750195076.582063198 8.085262299 -0.522494137 7.522175789 -0.000791008 -0.996805787 0.006996452 0.079552650
1750195076.807794333 8.087024689 -0.518648863 7.502797127 -0.002724360 -0.996546805 0.002931339 0.082936928
1750195077.027216434 8.087732315 -0.515487492 7.482899666 0.002759785 -0.996134758 0.000120361 0.087794565
1750195077.248113155 8.088171005 -0.515780210 7.463845253 0.005744521 -0.995576382 -0.001368987 0.093770683
1750195077.473446369 8.090124130 -0.514138818 7.443669319 0.010852370 -0.994774699 -0.001490372 0.101505481
1750195077.695405006 8.088596344 -0.514848471 7.427268982 0.018057305 -0.994006038 -0.000550559 0.107821934
1750195077.916018963 8.089273453 -0.517578602 7.410529137 0.021225212 -0.992969871 0.001012040 0.116444975
1750195078.133843422 8.090105057 -0.518774867 7.393992424 0.025679426 -0.991633475 0.003958363 0.126443669
1750195078.350923777 8.090425491 -0.520464838 7.379501343 0.032622896 -0.990516722 0.006954812 0.133281842
1750195078.565448046 8.090141296 -0.523291051 7.366641045 0.035430789 -0.989820719 0.010732953 0.137421042
1750195078.781032562 8.094512939 -0.527051032 7.354313850 0.033191513 -0.989600301 0.014558264 0.139203802
1750195078.993148088 8.103001595 -0.532372832 7.342471123 0.026819617 -0.989752889 0.016639175 0.139259443
1750195079.215960741 8.112213135 -0.531051517 7.325545311 0.025265204 -0.990239918 0.017828846 0.135900006
1750195079.437833548 8.120260239 -0.531165063 7.314981461 0.023439752 -0.991132379 0.016742079 0.129718959
1750195079.653741837 8.129514694 -0.530919611 7.303753853 0.020957101 -0.992034793 0.014438166 0.123367123
1750195079.864465714 8.137607574 -0.528001249 7.285209656 0.020674143 -0.992926359 0.011420269 0.116359264
1750195080.074743748 8.144972801 -0.526609123 7.268875122 0.017962208 -0.993537784 0.007805002 0.111799479
1750195080.287796021 8.148762703 -0.525020480 7.254981995 0.015036872 -0.993984342 0.004512159 0.108391598
1750195080.505974531 8.149580956 -0.524384022 7.240117073 0.013532266 -0.994207680 0.001225617 0.106614389
1750195080.724083185 8.153247833 -0.522735953 7.217397690 0.013639642 -0.994032562 -0.001221691 0.108221494
1750195080.940159321 8.154569626 -0.520148039 7.198772430 0.011342419 -0.994054914 -0.003131789 0.108242668
1750195081.158493042 8.157212257 -0.517589152 7.180754662 0.007497107 -0.994252086 -0.004747678 0.106696770
1750195081.380496025 8.160672188 -0.515694976 7.160521507 0.002103397 -0.994506836 -0.005110622 0.104526304
1750195081.603104115 8.163381577 -0.515203893 7.141738892 -0.002050647 -0.994807124 -0.006032128 0.101579152
1750195081.845997095 8.162969589 -0.515257180 7.128831863 -0.004311807 -0.995075226 -0.005701275 0.098864719
1750195082.068270922 8.162614822 -0.519544601 7.117115021 -0.005992415 -0.995156109 -0.006034789 0.097938687
1750195082.316058397 8.165822983 -0.520674050 7.096913338 -0.007284372 -0.995182633 -0.006372028 0.097560145
1750195082.534927607 8.167345047 -0.522399664 7.082226753 -0.008264816 -0.995143890 -0.006481787 0.097868703
1750195082.751481771 8.168384552 -0.520143449 7.064498901 -0.005003131 -0.995154738 -0.003346953 0.098136596
1750195082.967052698 8.169427872 -0.522578597 7.047163963 -0.005294673 -0.995145857 -0.001730947 0.098253608
1750195083.183127642 8.171125412 -0.524049938 7.030264854 -0.006828466 -0.995167077 -0.000099474 0.097958490
1750195083.397241354 8.170751572 -0.522438288 7.013118744 -0.008459798 -0.995234311 0.001957508 0.097125657
1750195083.612089157 8.171204567 -0.521965861 6.996012688 -0.007352774 -0.995233595 0.003082039 0.097193591
1750195083.826370955 8.170976639 -0.518760979 6.978597641 -0.004610264 -0.995279551 0.005223265 0.096799716
1750195084.044630051 8.171821594 -0.517559230 6.959827423 -0.005816381 -0.995259941 0.007702550 0.096770309
1750195084.261378527 8.173876762 -0.519391954 6.941528320 -0.011983090 -0.995202422 0.009426972 0.096642487
1750195084.476492405 8.176078796 -0.521799028 6.925574303 -0.009112053 -0.995290041 0.010257991 0.095966645
1750195084.690717459 8.176965714 -0.524846673 6.906897545 -0.008920128 -0.995299280 0.011473333 0.095750853
1750195084.901514530 8.177324295 -0.527689695 6.891942024 -0.010907325 -0.995325267 0.011913783 0.095219165
1750195085.112263680 8.178099632 -0.526934981 6.873785973 -0.012227452 -0.995372951 0.012003600 0.094546676
1750195085.323063374 8.178582191 -0.524619877 6.854070663 -0.011091931 -0.995408416 0.010943529 0.094442472
1750195085.539460182 8.180012703 -0.522740722 6.835248947 -0.008061701 -0.995521784 0.009275349 0.093730509
1750195085.755600214 8.185160637 -0.522475600 6.816269875 -0.007577131 -0.995491028 0.006292692 0.094343208
1750195085.968950033 8.186367989 -0.519512415 6.798152924 -0.005813932 -0.995652795 0.001978254 0.092940621
1750195086.196555853 8.189572334 -0.513539314 6.781513214 -0.003354196 -0.995800078 -0.003084360 0.091441073
1750195086.419667006 8.193815231 -0.508879602 6.758913994 -0.001586442 -0.995835483 -0.008152609 0.090789422
1750195086.647429228 8.196426392 -0.504495203 6.736486435 0.001143104 -0.995699823 -0.012616071 0.091768675
1750195086.867012262 8.196273804 -0.502790689 6.721696854 0.000416397 -0.995445549 -0.014817527 0.094172411
1750195087.087364435 8.196660995 -0.498977780 6.698623657 -0.000067019 -0.994900525 -0.014898013 0.099754944
1750195087.318259954 8.197589874 -0.497507393 6.674913406 0.005494897 -0.994493663 -0.015130349 0.103553377
1750195087.545651197 8.197872162 -0.497315526 6.655302048 0.008611534 -0.994146585 -0.014032458 0.106778003
1750195087.771017075 8.199161530 -0.495083004 6.636961937 0.009152575 -0.993833721 -0.012193602 0.109827489
1750195087.995016098 8.197984695 -0.498832136 6.623364449 0.006255228 -0.993860781 -0.010697272 0.109941930
1750195088.219328403 8.204431534 -0.497248679 6.602460861 0.007570250 -0.993730485 -0.008719401 0.111204721
1750195088.447202444 8.203514099 -0.498408318 6.587663651 0.008955730 -0.993795455 -0.007225638 0.110626392
1750195088.666739702 8.201636314 -0.500276208 6.566431046 0.008215694 -0.993896723 -0.006029137 0.109843172
1750195088.895187378 8.206076622 -0.501172662 6.551939964 0.011411491 -0.994260967 -0.005791591 0.106214345
1750195089.135101080 8.214889526 -0.502151787 6.538486481 0.014068016 -0.994933069 -0.007443924 0.099271961
1750195089.357593060 8.224126816 -0.502972841 6.524996758 0.013312670 -0.995507240 -0.008213120 0.093384936
1750195089.579871655 8.232379913 -0.504007936 6.510434151 0.008099457 -0.996109784 -0.008927471 0.087293625
1750195089.801141977 8.241958618 -0.502675653 6.495511055 0.005084296 -0.996712804 -0.010201451 0.080210485
1750195090.022753477 8.249477386 -0.503032684 6.480071068 0.004405472 -0.997239113 -0.012362625 0.073089190
1750195090.244690180 8.256729126 -0.501493514 6.466169357 0.001917110 -0.997691274 -0.014329308 0.066356875
1750195090.468728781 8.262405396 -0.497350752 6.446864128 -0.003039570 -0.997942924 -0.015483841 0.062136427
1750195090.691210747 8.266114235 -0.494797528 6.424918175 -0.006340370 -0.998056412 -0.017144851 0.059576444
1750195090.917376757 8.266516685 -0.495750248 6.409351349 -0.005054728 -0.998179018 -0.018277742 0.057263933
1750195091.135980129 8.269207001 -0.496756047 6.389603615 -0.007533611 -0.998177469 -0.016518904 0.057551179
1750195091.363188505 8.268867493 -0.498372644 6.376409531 -0.010765354 -0.998179853 -0.013726658 0.057729546
1750195091.595909834 8.267614365 -0.501701355 6.360867500 -0.014278146 -0.998097062 -0.010228373 0.059107572
1750195091.819711447 8.266916275 -0.505531251 6.347347260 -0.016154764 -0.997991860 -0.004832292 0.061056454
1750195092.036639214 8.265102386 -0.512452781 6.334600449 -0.012334706 -0.998014748 0.001347327 0.061746545
1750195092.265399218 8.262671471 -0.518051565 6.318384171 -0.010759731 -0.998002112 0.008299984 0.061702468
1750195092.486529350 8.267793655 -0.521860361 6.302562714 -0.006708416 -0.997941136 0.016046466 0.061734237
1750195092.704306841 8.272424698 -0.524594307 6.286731720 -0.007154606 -0.997882962 0.024195889 0.059942294
1750195092.920197010 8.275108337 -0.526360035 6.276499748 -0.009825463 -0.997839093 0.031132866 0.057021189
1750195093.133821726 8.276323318 -0.528833807 6.258080006 -0.009475715 -0.997851670 0.037222020 0.053073268
1750195093.336174250 8.287724495 -0.538381696 6.236838341 -0.013073524 -0.997747064 0.040532582 0.051836137
1750195093.535955667 8.293863297 -0.539611757 6.221430779 -0.012796233 -0.997844100 0.044041540 0.046945058
1750195093.734543324 8.300065994 -0.540592432 6.205630779 -0.011297916 -0.998034477 0.045392800 0.041702811
1750195093.935609341 8.306920052 -0.540419102 6.189223766 -0.012418195 -0.998154700 0.045923818 0.037737172
1750195094.136466742 8.314173698 -0.540312409 6.171479225 -0.010208306 -0.998432875 0.043574534 0.033599298
1750195094.333290577 8.323320389 -0.537078857 6.152861595 -0.006929263 -0.998714089 0.040261541 0.030021366
1750195094.534862995 8.332238197 -0.532152414 6.135529041 -0.007102122 -0.999017000 0.035531681 0.025536850
1750195094.740547419 8.341470718 -0.523934364 6.118721962 -0.005283413 -0.999339998 0.029359119 0.020729233
1750195094.947344780 8.353139877 -0.519462287 6.096269608 -0.003755093 -0.999630451 0.021749465 0.015872197
1750195095.157801867 8.359907150 -0.514683962 6.076683044 -0.002990919 -0.999805987 0.014587373 0.012896458
1750195095.364156723 8.367203712 -0.508911312 6.052741051 -0.010408101 -0.999857008 0.008165216 0.010533690
1750195095.576545477 8.371927261 -0.505562067 6.030415535 -0.016264739 -0.999789476 0.002086330 0.012332983
1750195095.787491083 8.371545792 -0.504668832 6.008652210 -0.013422707 -0.999723077 -0.002739921 0.019137485
1750195095.997599125 8.371951103 -0.502546906 5.986871719 -0.011286428 -0.999507368 -0.006191528 0.028624535
1750195096.208361149 8.370058060 -0.503738582 5.967646122 -0.011655911 -0.998958230 -0.008490859 0.043295801
1750195096.416196585 8.369446754 -0.502121508 5.946430206 -0.008931859 -0.998079121 -0.010208500 0.060448930
1750195096.626837969 8.366325378 -0.501570046 5.929494858 -0.008107688 -0.996849239 -0.010996626 0.078134239
1750195096.835169077 8.359225273 -0.506343722 5.917445183 -0.013321101 -0.995272577 -0.011594340 0.095502526
1750195097.042698145 8.353933334 -0.507619202 5.900082588 -0.022094600 -0.993181825 -0.011563500 0.113877185
1750195097.258969307 8.348383904 -0.507666528 5.887506485 -0.021424165 -0.991366267 -0.012678514 0.128736809
1750195097.488452911 8.346199036 -0.508470833 5.874984741 -0.015041158 -0.990256965 -0.014889747 0.137634620
1750195097.720964909 8.345918655 -0.505526841 5.857398987 -0.012180086 -0.989463508 -0.015745630 0.143407717
1750195097.954562902 8.347553253 -0.504703045 5.845856667 -0.010676723 -0.989998639 -0.016694309 0.139678225
1750195098.187499046 8.354228020 -0.497575223 5.834270477 -0.011865268 -0.990933716 -0.016073063 0.132858440
1750195098.415667772 8.356147766 -0.502317429 5.820066452 -0.011670742 -0.991496623 -0.018310431 0.128308713
1750195098.638037920 8.357730865 -0.503733635 5.808320999 -0.015002804 -0.991675019 -0.018203773 0.126586959
1750195098.859613180 8.360895157 -0.501630723 5.786231041 -0.015425653 -0.991658449 -0.017954608 0.126701623
1750195099.080725670 8.361106873 -0.502938688 5.771391869 -0.016531680 -0.991599023 -0.017438265 0.127098620
1750195099.303519487 8.357814789 -0.504122674 5.754898071 -0.015575884 -0.991202235 -0.018262213 0.130161479
1750195099.528236628 8.354293823 -0.506994963 5.741600990 -0.018996591 -0.990013659 -0.018040484 0.138515711
1750195099.756223917 8.347447395 -0.506387353 5.730732918 -0.019687783 -0.988660157 -0.017749717 0.147812262
1750195099.985346556 8.348722458 -0.506853819 5.711718559 -0.016125396 -0.987744749 -0.018089857 0.154185206
1750195100.207549334 8.342510223 -0.505270600 5.693955421 -0.013592971 -0.987506449 -0.016643742 0.156106845
1750195100.429611444 8.340054512 -0.506540477 5.676634789 -0.009783694 -0.987384796 -0.015729791 0.157251760
1750195100.653313637 8.335865974 -0.503645897 5.658583641 -0.010496812 -0.987454534 -0.013321121 0.156990424
1750195100.874560118 8.333147049 -0.507373929 5.643792152 -0.009130152 -0.987498283 -0.013745498 0.156764001
1750195101.097418308 8.328852654 -0.506938696 5.627532959 -0.010161025 -0.987533331 -0.011926368 0.156628296
1750195101.317238569 8.325613022 -0.506132364 5.608595848 -0.009822075 -0.987488568 -0.011403176 0.156970829
1750195101.538579464 8.321144104 -0.503877759 5.590592384 -0.007105102 -0.987489641 -0.011401366 0.157110587
1750195101.760404825 8.317725182 -0.499466091 5.572035789 -0.003546482 -0.987304509 -0.011279659 0.158398211
1750195101.985701323 8.311954498 -0.501425982 5.554202080 -0.009067276 -0.986466706 -0.010740613 0.163358450
1750195102.213932753 8.306104660 -0.503417373 5.537080765 -0.010002024 -0.985435247 -0.012084714 0.169325978
1750195102.435981989 8.302762985 -0.501624167 5.517409325 -0.006455753 -0.984759569 -0.011753568 0.173403621
1750195102.657400370 8.299341202 -0.501302540 5.500238419 -0.001105281 -0.984518826 -0.012053517 0.174860403
1750195102.882491350 8.296000481 -0.500930190 5.481320381 0.004344671 -0.984384298 -0.012201400 0.175555900
1750195103.108178139 8.292268753 -0.500478983 5.465388298 0.008128325 -0.984388292 -0.011400927 0.175452888
1750195103.334595442 8.291088104 -0.499651670 5.446002007 0.008232526 -0.984389067 -0.009915387 0.175533950
1750195103.561952353 8.288251877 -0.499547213 5.428812027 0.008887134 -0.984458923 -0.008740676 0.175172180
1750195103.785687447 8.286405563 -0.500017166 5.415281296 0.008385357 -0.984563947 -0.006475791 0.174704194
1750195104.008825302 8.285679817 -0.500176668 5.397250175 0.011059741 -0.984489501 -0.004931577 0.175025553
1750195104.230976820 8.284049988 -0.499644041 5.380214691 0.010203118 -0.985039830 -0.003579520 0.171987087
1750195104.454885960 8.284543991 -0.502031565 5.365058899 0.008462517 -0.985688806 -0.004264322 0.168308794
1750195104.674462795 8.283754349 -0.503609419 5.350782394 0.004399925 -0.986361325 -0.003653128 0.164495394
1750195104.895417452 8.284334183 -0.504515409 5.335424423 0.002560894 -0.986921489 -0.004172900 0.161127523
1750195105.112428904 8.285518646 -0.504367292 5.317915916 -0.000525746 -0.987380445 -0.005401673 0.158273295
1750195105.326729536 8.285633087 -0.503895760 5.300808907 -0.003229618 -0.987527668 -0.006275777 0.157287747
1750195105.543407679 8.282923698 -0.501032948 5.284124374 -0.004332240 -0.987209082 -0.007443143 0.159198135
1750195105.764395714 8.280010223 -0.495163679 5.268796921 0.001309411 -0.986392617 -0.009190839 0.164144546
1750195105.984347343 8.277580261 -0.492251694 5.251141548 0.004907134 -0.986071348 -0.010272368 0.165933281
1750195106.204633951 8.275941849 -0.491494477 5.233236313 0.008274293 -0.985972464 -0.012000941 0.166270286
1750195106.429488420 8.274660110 -0.489142120 5.213099480 0.010661900 -0.985955775 -0.013594141 0.166110680
1750195106.653739214 8.273424149 -0.487243325 5.193606377 0.013144117 -0.985912085 -0.014830232 0.166086689
1750195106.878031969 8.270570755 -0.484783620 5.174693108 0.010667565 -0.985266268 -0.013508333 0.170158997
1750195107.104003668 8.264969826 -0.486792564 5.157815933 0.004167232 -0.984252334 -0.013383292 0.176212594
1750195107.324099541 8.260503769 -0.483568460 5.139877319 0.005688839 -0.983248353 -0.015235601 0.181544200
1750195107.546139717 8.256836891 -0.479269862 5.122189522 0.007952075 -0.982812047 -0.018070614 0.183550328
1750195107.770794392 8.253334045 -0.475034535 5.101982117 0.008002400 -0.982554913 -0.020647179 0.184649616
1750195107.999690533 8.249118805 -0.472524166 5.084453583 0.006411779 -0.982363343 -0.022212802 0.185547560
1750195108.226012707 8.245587349 -0.471374035 5.066404343 0.006683171 -0.981952548 -0.023313783 0.187565982
1750195108.454543829 8.239701271 -0.471689999 5.049817085 0.007149929 -0.981538653 -0.022896674 0.189754024
1750195108.679144382 8.233813286 -0.471608460 5.031218529 0.007432369 -0.980793953 -0.020324772 0.193842381
1750195108.906575203 8.229679108 -0.473951280 5.016304016 0.005380119 -0.979545832 -0.017043199 0.200426146
1750195109.130006790 8.221427917 -0.475095689 5.001284599 0.004830575 -0.977752030 -0.012425584 0.209340289
1750195109.364495277 8.217249870 -0.477272242 4.988868713 0.007998614 -0.975661993 -0.009483101 0.218928754
1750195109.585585594 8.212841034 -0.479474962 4.973222733 0.016028143 -0.974340022 -0.009142832 0.224323601
1750195109.802770615 8.210636139 -0.484965295 4.961353302 0.021089094 -0.973553658 -0.009006473 0.227304757
1750195110.033660173 8.210754395 -0.486280084 4.946435928 0.026416244 -0.972978354 -0.010213586 0.229152679
1750195110.261246204 8.213837624 -0.486734807 4.931247711 0.027173473 -0.972925484 -0.012283621 0.229187042
1750195110.483152151 8.217558861 -0.483280540 4.915863991 0.025360202 -0.973466873 -0.015053999 0.226919845
1750195110.702984095 8.213385582 -0.479294211 4.900942802 0.025992692 -0.971894383 -0.018259715 0.233264595
1750195110.928259850 8.197941780 -0.475950271 4.890188217 0.025374899 -0.969327927 -0.021858677 0.243478388
1750195111.153525591 8.185688972 -0.471608758 4.877985001 0.021314688 -0.967875957 -0.025942309 0.249176309
1750195111.367971420 8.171994209 -0.466111004 4.861105919 0.018992202 -0.966793120 -0.029501827 0.253140241
1750195111.581724405 8.148918152 -0.465087891 4.845386505 0.016638812 -0.964584410 -0.029120408 0.261633396
1750195111.794049978 8.129854202 -0.464462668 4.825873375 0.016191810 -0.962609351 -0.028440855 0.268909484
1750195112.007424831 8.116621017 -0.465392411 4.808292389 0.014186907 -0.961929739 -0.026456363 0.271643102
1750195112.230513811 8.108291626 -0.467220724 4.791532516 0.013616754 -0.962011456 -0.025965797 0.271430194
1750195112.450028896 8.103409767 -0.467094868 4.774899483 0.014462024 -0.963307619 -0.026091499 0.266736776
1750195112.669037342 8.104742050 -0.466170609 4.756250381 0.017018395 -0.965728402 -0.026144525 0.257673413
1750195112.884503126 8.112504959 -0.466317773 4.741634369 0.016379766 -0.968978465 -0.026287127 0.245196760
1750195113.098332405 8.121673584 -0.463862598 4.725338936 0.013253912 -0.972978175 -0.026737949 0.228960454
1750195113.312707424 8.131464005 -0.460732639 4.708990097 0.009273292 -0.976965785 -0.026814513 0.211501449
1750195113.542511702 8.136802673 -0.459291965 4.691843987 0.004750357 -0.979674220 -0.026871609 0.198730528
1750195113.770067215 8.137458801 -0.461456418 4.674761772 0.000721942 -0.980795205 -0.025116781 0.193415418
1750195113.997182131 8.134455681 -0.464567065 4.660138130 -0.004440832 -0.981078565 -0.021785621 0.192329466
1750195114.233151436 8.129023552 -0.465648144 4.646821022 -0.006348502 -0.980485082 -0.017732086 0.195689410
1750195114.459537983 8.123482704 -0.466274768 4.633916855 -0.004657615 -0.979731679 -0.012523123 0.199868277
1750195114.684708357 8.118168831 -0.468971670 4.618430138 -0.001343947 -0.979314864 -0.007600465 0.202195227
1750195114.908870220 8.113259315 -0.473896980 4.604202271 0.003245566 -0.979162395 -0.004650269 0.202999949
1750195115.130323172 8.109196663 -0.476014078 4.590537071 0.006986351 -0.979054570 -0.001774053 0.203470334
1750195115.347718716 8.108263016 -0.479769915 4.573698044 0.008923778 -0.978969812 0.000094741 0.203810126
1750195115.567568779 8.106315613 -0.485115588 4.558815956 0.009022384 -0.979270458 0.001560599 0.202350318
1750195115.789144993 8.109468460 -0.489060909 4.541856766 -0.000081431 -0.980201244 0.003765676 0.197968051
1750195116.013278961 8.111756325 -0.491354078 4.528905869 -0.008164443 -0.981562793 0.004154515 0.190920502
1750195116.233555794 8.116943359 -0.484932691 4.516424179 -0.006148981 -0.983360052 0.001836361 0.181554124
1750195116.450230837 8.117982864 -0.486935079 4.497449875 -0.015842067 -0.984242916 -0.000673243 0.176109329
1750195116.674457550 8.120245934 -0.483783901 4.484199524 -0.020778749 -0.985293806 -0.004492310 0.169541314
1750195116.902758598 8.122701645 -0.479078501 4.466547012 -0.024838388 -0.986225128 -0.009599331 0.163251057
1750195117.135478735 8.124038696 -0.473407060 4.450477600 -0.022565003 -0.987063825 -0.015989268 0.157925025
1750195117.356998920 8.120529175 -0.472768456 4.429330826 -0.025843464 -0.986867726 -0.018870391 0.158329397
1750195117.583490372 8.117177963 -0.472345293 4.411734581 -0.027640725 -0.986982048 -0.022663578 0.156808183
1750195117.813975096 8.114531517 -0.469755173 4.391456604 -0.026419912 -0.986952722 -0.025224525 0.156812683
1750195118.043311834 8.110351562 -0.467345953 4.372275352 -0.024887420 -0.986761272 -0.025164768 0.158271015
1750195118.276640654 8.105237961 -0.465287894 4.355222702 -0.022954285 -0.986519396 -0.023760766 0.160274878
1750195118.500429630 8.102683067 -0.463651299 4.337138176 -0.018988652 -0.986532509 -0.021596951 0.161017418
1750195118.727662802 8.101139069 -0.464003384 4.318650246 -0.016715234 -0.986164331 -0.017223006 0.164024115
1750195118.949435472 8.097689629 -0.473279417 4.302810669 -0.021633733 -0.985166907 -0.009637488 0.169956818
1750195119.170669079 8.096761703 -0.483024508 4.287224770 -0.021769430 -0.984003842 -0.003211659 0.176782891
1750195119.395667315 8.094933510 -0.485137522 4.272823334 -0.016789181 -0.983000636 0.002384397 0.182817727
1750195119.615380049 8.077137947 -0.489275217 4.270649910 -0.022840336 -0.983811140 0.008132791 0.177560851
1750195119.615380049 8.077137947 -0.489275217 4.270649910 -0.022840336 -0.983811140 0.008132791 0.177560851
1750195119.615380049 8.077137947 -0.489275217 4.270649910 -0.022840336 -0.983811140 0.008132791 0.177560851
1750195119.615380049 8.077137947 -0.489275217 4.270649910 -0.022840336 -0.983811140 0.008132791 0.177560851
1750195119.615380049 8.077137947 -0.489275217 4.270649910 -0.022840336 -0.983811140 0.008132791 0.177560851
1750195119.615380049 8.077137947 -0.489275217 4.270649910 -0.022840336 -0.983811140 0.008132791 0.177560851
1750195119.615380049 8.077137947 -0.489275217 4.270649910 -0.022840336 -0.983811140 0.008132791 0.177560851
1750195119.615380049 8.077137947 -0.489275217 4.270649910 -0.022840336 -0.983811140 0.008132791 0.177560851
1750195119.615380049 8.077137947 -0.489275217 4.270649910 -0.022840336 -0.983811140 0.008132791 0.177560851
1750195119.615380049 8.077137947 -0.489275217 4.270649910 -0.022840336 -0.983811140 0.008132791 0.177560851
1750195119.615380049 8.077137947 -0.489275217 4.270649910 -0.022840336 -0.983811140 0.008132791 0.177560851
1750195119.615380049 8.077137947 -0.489275217 4.270649910 -0.022840336 -0.983811140 0.008132791 0.177560851
1750195119.615380049 8.077137947 -0.489275217 4.270649910 -0.022840336 -0.983811140 0.008132791 0.177560851
1750195119.615380049 8.077137947 -0.489275217 4.270649910 -0.022840336 -0.983811140 0.008132791 0.177560851
