0.000000000 0.000000 0.000000 0.000000 -0.000000 0.000000 0.000000 1.000000
0.213787079 0.000000 -0.000048 -0.000008 -0.000011 -0.000015 -0.000002 1.000000
0.331842184 0.000002 -0.000087 -0.000013 -0.000016 -0.000030 0.000002 1.000000
0.550411940 0.000004 -0.000129 -0.000020 -0.000025 -0.000043 0.000007 1.000000
0.669332027 0.000009 -0.000168 -0.000026 -0.000031 -0.000057 0.000024 1.000000
0.881455183 0.000012 -0.000203 -0.000034 -0.000040 -0.000072 0.000026 1.000000
0.997242451 0.000013 -0.000242 -0.000041 -0.000048 -0.000089 0.000031 1.000000
1.210079193 0.000013 -0.000280 -0.000047 -0.000054 -0.000101 0.000040 1.000000
1.325810194 0.000015 -0.000320 -0.000055 -0.000065 -0.000117 0.000053 1.000000
1.549489737 0.000017 -0.000360 -0.000061 -0.000074 -0.000134 0.000064 1.000000
1.670258045 0.000020 -0.000410 -0.000073 -0.000089 -0.000163 0.000076 1.000000
1.883167267 0.000022 -0.000464 -0.000081 -0.000102 -0.000182 0.000089 1.000000
2.000406027 0.000024 -0.000508 -0.000088 -0.000111 -0.000198 0.000100 1.000000
2.214635849 0.000027 -0.000550 -0.000095 -0.000121 -0.000211 0.000104 1.000000
2.330971479 0.000030 -0.000585 -0.000101 -0.000130 -0.000224 0.000104 1.000000
2.542463779 0.000031 -0.000635 -0.000107 -0.000139 -0.000239 0.000117 1.000000
2.659371376 0.000033 -0.000686 -0.000118 -0.000149 -0.000258 0.000125 1.000000
2.871975183 0.000035 -0.000743 -0.000129 -0.000165 -0.000284 0.000147 1.000000
2.987519026 0.000037 -0.000797 -0.000142 -0.000179 -0.000307 0.000155 1.000000
3.200724840 0.000041 -0.000840 -0.000153 -0.000186 -0.000330 0.000160 1.000000
3.315110207 0.000049 -0.000889 -0.000162 -0.000192 -0.000343 0.000160 1.000000
3.525432348 0.000052 -0.000937 -0.000175 -0.000204 -0.000368 0.000182 1.000000
3.640617609 0.000056 -0.000970 -0.000183 -0.000209 -0.000384 0.000186 1.000000
3.852807045 0.000057 -0.001016 -0.000192 -0.000224 -0.000404 0.000204 1.000000
3.967360020 0.000058 -0.001062 -0.000199 -0.000232 -0.000425 0.000212 1.000000
4.178516626 0.000060 -0.001102 -0.000210 -0.000243 -0.000444 0.000216 1.000000
4.293503284 0.000061 -0.001148 -0.000219 -0.000254 -0.000465 0.000223 1.000000
4.501529217 0.000062 -0.001187 -0.000229 -0.000266 -0.000489 0.000236 1.000000
4.615224361 0.000320 -0.001225 -0.000250 -0.000333 -0.000602 0.000227 1.000000
4.822066307 0.001617 -0.001255 -0.000324 -0.000680 -0.001204 0.000043 0.999999
4.908131123 0.004556 -0.001249 -0.000432 -0.001666 -0.002657 -0.000279 0.999995
5.077309370 0.009111 -0.001373 -0.000693 -0.003586 -0.004866 -0.000664 0.999982
5.142375231 0.015431 -0.001582 -0.000626 -0.006368 -0.007499 -0.001045 0.999951
5.296074629 0.023512 -0.001892 -0.000425 -0.009744 -0.010519 -0.001085 0.999897
5.355454922 0.031997 -0.002522 -0.001277 -0.014111 -0.013352 -0.001132 0.999811
5.504339218 0.040993 -0.003457 -0.003415 -0.019517 -0.016125 -0.001568 0.999678
5.565165520 0.050451 -0.003279 -0.004647 -0.022707 -0.019067 -0.001934 0.999558
5.715718508 0.059976 -0.002929 -0.004478 -0.024091 -0.022207 -0.001842 0.999461
5.777137518 0.069321 -0.003111 -0.004515 -0.025056 -0.025384 -0.001874 0.999362
5.925889730 0.078498 -0.003694 -0.004056 -0.026205 -0.028266 -0.002015 0.999255
5.987757206 0.087481 -0.004405 -0.002772 -0.026838 -0.030794 -0.002167 0.999163
6.134682894 0.096299 -0.005365 -0.001198 -0.027159 -0.032842 -0.002438 0.999089
6.195641279 0.105062 -0.006557 0.000671 -0.027366 -0.034446 -0.002787 0.999028
6.341481447 0.113909 -0.007875 0.002324 -0.027106 -0.035739 -0.003179 0.998988
6.401960135 0.122928 -0.009081 0.003627 -0.025743 -0.036754 -0.003669 0.998986
6.548962355 0.132193 -0.010576 0.004474 -0.024415 -0.037513 -0.004143 0.998989
6.609131575 0.141601 -0.012320 0.004814 -0.023280 -0.038035 -0.004578 0.998995
6.752105713 0.151017 -0.014558 0.005391 -0.023283 -0.038203 -0.004947 0.998986
6.811761141 0.160341 -0.016797 0.005893 -0.022798 -0.038011 -0.005457 0.999002
6.955561638 0.169743 -0.018742 0.006420 -0.021309 -0.037460 -0.006179 0.999052
7.015099764 0.179393 -0.020531 0.006692 -0.019061 -0.036668 -0.006832 0.999122
7.155367136 0.189321 -0.022314 0.006442 -0.016370 -0.035627 -0.007387 0.999204
7.211768866 0.198889 -0.023895 0.005734 -0.013067 -0.034392 -0.007994 0.999291
7.350851297 0.209300 -0.025843 0.004781 -0.009206 -0.032793 -0.008597 0.999383
7.408016443 0.219757 -0.028598 0.004594 -0.007090 -0.030870 -0.009212 0.999456
7.547005653 0.230223 -0.031568 0.005280 -0.005086 -0.028673 -0.009688 0.999529
7.605534554 0.240732 -0.034803 0.005835 -0.003366 -0.026189 -0.010194 0.999599
7.748351097 0.251323 -0.038315 0.005891 -0.002092 -0.023450 -0.010749 0.999665
7.806861162 0.262057 -0.041709 0.005469 -0.000613 -0.020465 -0.011415 0.999725
7.957475424 0.273041 -0.044919 0.004768 0.000719 -0.017263 -0.012305 0.999775
8.015926600 0.284328 -0.047668 0.004228 0.002178 -0.013845 -0.013463 0.999811
8.164832592 0.295968 -0.049966 0.004044 0.004852 -0.010530 -0.014573 0.999827
8.224308729 0.307680 -0.052516 0.003642 0.008038 -0.007387 -0.015548 0.999820
8.375369549 0.319416 -0.055386 0.004029 0.011294 -0.004526 -0.016311 0.999793
8.434681654 0.331347 -0.058822 0.004901 0.013717 -0.002064 -0.016822 0.999762
8.586985350 0.343426 -0.062782 0.005298 0.015759 0.000042 -0.017135 0.999729
8.645263910 0.355553 -0.067434 0.004744 0.016699 0.001986 -0.017163 0.999711
8.799138546 0.367678 -0.072086 0.004446 0.017524 0.003661 -0.016841 0.999698
8.859181404 0.379777 -0.076735 0.004530 0.018058 0.005103 -0.016318 0.999691
9.011195421 0.391831 -0.081251 0.004715 0.018803 0.006321 -0.015854 0.999678
9.069951057 0.403740 -0.085736 0.004352 0.019681 0.007460 -0.015543 0.999658
9.225325823 0.415445 -0.090728 0.003636 0.018960 0.008672 -0.015517 0.999662
9.282754183 0.427016 -0.096137 0.002498 0.016922 0.009933 -0.015764 0.999683
9.437093735 0.438484 -0.100595 0.001373 0.016480 0.011100 -0.016323 0.999669
9.495206594 0.449826 -0.104152 0.000809 0.017163 0.012216 -0.017300 0.999628
9.651445150 0.461164 -0.107661 0.000019 0.017561 0.013168 -0.018101 0.999595
9.710991383 0.472509 -0.110848 -0.000636 0.018653 0.013703 -0.018021 0.999570
9.868019819 0.483746 -0.114526 -0.000297 0.018549 0.013988 -0.017541 0.999576
9.927376509 0.494880 -0.118523 0.000369 0.017880 0.014135 -0.016931 0.999597
10.086528063 0.506122 -0.122590 0.000783 0.017241 0.013972 -0.015420 0.999635
10.144625187 0.517621 -0.127021 0.001668 0.015894 0.013661 -0.012372 0.999704
10.300890207 0.529348 -0.131987 0.002820 0.013635 0.013240 -0.008480 0.999783
10.360033751 0.541104 -0.136831 0.003711 0.012437 0.012749 -0.003865 0.999834
10.518141270 0.552631 -0.141502 0.003414 0.011993 0.012466 0.000563 0.999850
10.577189445 0.563806 -0.145694 0.002726 0.012272 0.012000 0.004006 0.999845
10.734247923 0.574614 -0.149176 0.002361 0.013320 0.011530 0.006386 0.999824
10.792200327 0.585143 -0.153470 0.001674 0.011700 0.011120 0.007845 0.999839
10.950051546 0.595573 -0.158348 0.000377 0.008548 0.010642 0.008969 0.999867
11.009643316 0.605939 -0.161602 0.000341 0.008628 0.009860 0.010157 0.999863
11.168331146 0.616124 -0.164373 0.000994 0.008792 0.009018 0.010991 0.999860
11.227119207 0.626191 -0.167006 0.001432 0.008728 0.008236 0.011408 0.999863
11.385597467 0.636233 -0.169801 0.001595 0.008067 0.007456 0.011619 0.999872
11.444405794 0.646309 -0.171795 0.002226 0.008790 0.006520 0.011973 0.999868
11.600256205 0.656357 -0.173346 0.002888 0.009686 0.005517 0.012191 0.999864
11.656469822 0.666477 -0.174622 0.003181 0.010252 0.004595 0.012025 0.999865
11.813383102 0.676665 -0.175661 0.002958 0.010548 0.003812 0.011537 0.999871
11.873279572 0.686987 -0.176592 0.002209 0.010705 0.003063 0.010986 0.999878
12.030711412 0.697405 -0.177933 0.001046 0.010439 0.002168 0.010775 0.999885
12.091099501 0.707792 -0.179463 0.000127 0.010775 0.001111 0.011131 0.999879
12.249368191 0.718123 -0.181423 0.000350 0.010609 -0.000015 0.011936 0.999872
12.308935404 0.728367 -0.183733 0.000793 0.010355 -0.000971 0.012602 0.999867
12.464631796 0.738542 -0.185843 0.001506 0.010723 -0.001703 0.012840 0.999859
12.524868727 0.748732 -0.187964 0.002137 0.010684 -0.002249 0.012664 0.999860
12.682981491 0.759012 -0.189939 0.002160 0.010944 -0.002677 0.012388 0.999860
12.743445158 0.769371 -0.191792 0.001919 0.011178 -0.002983 0.012052 0.999860
12.900335550 0.779780 -0.193515 0.001501 0.011728 -0.003179 0.011774 0.999857
12.959985733 0.790189 -0.194943 0.001373 0.012876 -0.003225 0.011528 0.999845
13.115640163 0.800669 -0.196306 0.001459 0.014068 -0.003139 0.011251 0.999833
13.174436092 0.811283 -0.197863 0.001372 0.014720 -0.003030 0.011167 0.999825
13.327588558 0.821926 -0.199406 0.001090 0.015559 -0.003033 0.011321 0.999810
13.386657476 0.832529 -0.200851 0.000650 0.016942 -0.003081 0.011435 0.999786
13.543786049 0.843138 -0.202748 0.000032 0.017600 -0.003050 0.011458 0.999775
13.602645397 0.853781 -0.205417 -0.000688 0.016815 -0.002886 0.011449 0.999789
13.763895273 0.864376 -0.207863 -0.001025 0.016760 -0.002604 0.011247 0.999793
13.824093342 0.874921 -0.209953 -0.001024 0.017391 -0.002281 0.010999 0.999786
13.980415583 0.885463 -0.212030 -0.001008 0.017720 -0.002035 0.010856 0.999782
14.038627625 0.895941 -0.213714 -0.000428 0.018608 -0.001928 0.010984 0.999765
14.197729588 0.906333 -0.215231 0.000217 0.019750 -0.001848 0.011151 0.999741
14.256476402 0.916638 -0.216701 0.000446 0.021254 -0.001665 0.011207 0.999710
14.412486076 0.926919 -0.218015 0.000715 0.023354 -0.001327 0.011033 0.999665
14.471069336 0.937263 -0.219296 0.001152 0.025640 -0.000783 0.010541 0.999615
14.629218102 0.947683 -0.221036 0.001271 0.027289 -0.000241 0.009929 0.999578
14.685913086 0.958209 -0.224195 0.001728 0.025502 -0.000166 0.009632 0.999628
14.841327429 0.968749 -0.227644 0.002079 0.022841 -0.000464 0.009800 0.999691
14.900260210 0.979192 -0.230038 0.002124 0.022558 -0.000815 0.010048 0.999695
15.056315660 0.989549 -0.232012 0.002404 0.022674 -0.001275 0.010369 0.999688
15.114830971 0.999831 -0.233883 0.003185 0.022242 -0.001897 0.010724 0.999693
15.269540548 1.010117 -0.235579 0.003582 0.021958 -0.002603 0.011080 0.999694
15.328288555 1.020346 -0.237154 0.003872 0.021417 -0.003441 0.011607 0.999697
15.484714746 1.030565 -0.238654 0.003733 0.021042 -0.004438 0.012179 0.999695
15.543200016 1.040714 -0.240179 0.003328 0.020516 -0.005520 0.012673 0.999694
15.699380636 1.050822 -0.241802 0.003419 0.018945 -0.006783 0.013242 0.999710
15.758504868 1.060851 -0.243456 0.003710 0.017327 -0.007938 0.013383 0.999729
15.907444239 1.070787 -0.244798 0.003631 0.017103 -0.008842 0.012894 0.999731
15.965678215 1.080757 -0.246032 0.003775 0.017402 -0.009481 0.012116 0.999730
16.117047787 1.090754 -0.247516 0.004636 0.016829 -0.009841 0.011218 0.999747
16.172599792 1.100766 -0.249310 0.004927 0.016086 -0.009929 0.010070 0.999771
16.322191238 1.110815 -0.251392 0.004705 0.014981 -0.009727 0.008759 0.999802
16.380800724 1.120890 -0.253884 0.004261 0.012859 -0.009205 0.007206 0.999849
16.531157017 1.131075 -0.257027 0.003339 0.009223 -0.008547 0.005562 0.999905
16.588677406 1.141341 -0.260449 0.001980 0.005083 -0.007706 0.003888 0.999950
16.739319801 1.151654 -0.262838 0.001402 0.004005 -0.006395 0.002037 0.999969
16.796177864 1.162239 -0.264851 0.001220 0.003520 -0.004912 0.000780 0.999981
16.952360868 1.173099 -0.266583 0.001072 0.003054 -0.003345 0.000109 0.999990
17.009486914 1.184065 -0.268290 0.000301 0.002845 -0.001670 -0.000324 0.999995
17.161510706 1.195119 -0.269909 -0.000927 0.003109 0.000092 -0.000629 0.999995
17.217504025 1.206206 -0.271420 -0.002353 0.004015 0.002025 -0.000864 0.999990
17.374520779 1.217643 -0.273801 -0.003793 0.003358 0.003895 -0.000160 0.999987
17.431723595 1.229584 -0.276658 -0.004090 0.002312 0.005817 0.002157 0.999978
17.587280035 1.242175 -0.280196 -0.003236 -0.000388 0.007693 0.006224 0.999951
17.643821001 1.255292 -0.284162 -0.002952 -0.003499 0.009463 0.011607 0.999882
17.798207283 1.268684 -0.287957 -0.003849 -0.005326 0.011276 0.017948 0.999761
17.855918646 1.282096 -0.290993 -0.005537 -0.004725 0.013395 0.024818 0.999591
18.017447948 1.295182 -0.294536 -0.007495 -0.005330 0.015645 0.031083 0.999380
18.075560808 1.308296 -0.299117 -0.010195 -0.008363 0.017395 0.036918 0.999132
18.235728025 1.321257 -0.303157 -0.012074 -0.011239 0.018983 0.041720 0.998886
18.293882847 1.333946 -0.306085 -0.013422 -0.012446 0.020518 0.045346 0.998683
18.460345507 1.346443 -0.308738 -0.013512 -0.014225 0.021705 0.048232 0.998499
18.518225193 1.358841 -0.311310 -0.014065 -0.015605 0.022575 0.051175 0.998313
18.683969021 1.371062 -0.313616 -0.014585 -0.016250 0.023028 0.054180 0.998133
18.742676497 1.383011 -0.315670 -0.014525 -0.016915 0.022941 0.057219 0.997955
18.907649994 1.394600 -0.317417 -0.014687 -0.017007 0.022485 0.060273 0.997784
18.967076540 1.406072 -0.319567 -0.015449 -0.017544 0.021709 0.063038 0.997621
19.130349159 1.417234 -0.321912 -0.016138 -0.018779 0.020638 0.065429 0.997467
19.187051535 1.427989 -0.324287 -0.016797 -0.020666 0.019514 0.067144 0.997338
19.359963417 1.438383 -0.325828 -0.017513 -0.021222 0.018422 0.068265 0.997271
19.417742014 1.448584 -0.327086 -0.017835 -0.021916 0.017271 0.068994 0.997227
19.580785990 1.458793 -0.327874 -0.017371 -0.021972 0.015885 0.069729 0.997197
19.640682220 1.468981 -0.328334 -0.016813 -0.021061 0.014303 0.070215 0.997207
19.805866957 1.478217 -0.328901 -0.016287 -0.019652 0.012541 0.070047 0.997271
19.862954617 1.488123 -0.330063 -0.013990 -0.018733 0.010438 0.069184 0.997373
20.023447514 1.497842 -0.332196 -0.011727 -0.019541 0.008471 0.067941 0.997462
20.078255415 1.507547 -0.335055 -0.010140 -0.022546 0.006370 0.066491 0.997512
20.237884283 1.517520 -0.336999 -0.008621 -0.024713 0.004289 0.065129 0.997562
20.297275543 1.527277 -0.337744 -0.007433 -0.026004 0.002383 0.063803 0.997621
20.455217361 1.536975 -0.337679 -0.007110 -0.026817 0.000634 0.062673 0.997674
20.513385296 1.546844 -0.336872 -0.007515 -0.027336 -0.000987 0.061875 0.997709
20.675229311 1.556957 -0.335715 -0.008234 -0.028573 -0.002469 0.061331 0.997705
20.734126329 1.566854 -0.334279 -0.008618 -0.030401 -0.003734 0.061084 0.997663
20.888364792 1.575951 -0.332912 -0.009430 -0.031873 -0.004790 0.061100 0.997611
20.945864916 1.586578 -0.331475 -0.010766 -0.033330 -0.005879 0.061072 0.997559
21.099302053 1.595654 -0.330284 -0.011821 -0.033338 -0.006602 0.061086 0.997554
21.156393051 1.605609 -0.329525 -0.012500 -0.033061 -0.007185 0.061144 0.997555
21.308618784 1.615637 -0.328883 -0.012504 -0.032679 -0.007365 0.061100 0.997569
21.365938425 1.625816 -0.328280 -0.012616 -0.031367 -0.007262 0.061149 0.997609
21.518700838 1.635928 -0.327902 -0.012977 -0.029521 -0.006771 0.061096 0.997672
21.576259613 1.646120 -0.327599 -0.013788 -0.026946 -0.005827 0.060973 0.997759
21.731174469 1.656459 -0.327664 -0.014941 -0.024671 -0.004430 0.060734 0.997839
21.788249969 1.667084 -0.328314 -0.016088 -0.023636 -0.002676 0.060455 0.997887
21.943409681 1.677879 -0.329178 -0.017284 -0.022896 -0.000577 0.060002 0.997935
22.000112772 1.688783 -0.329925 -0.019189 -0.021628 0.001861 0.059236 0.998008
22.155822039 1.699897 -0.330178 -0.021140 -0.019132 0.004546 0.058140 0.998115
22.212260962 1.711358 -0.330410 -0.022611 -0.016671 0.007207 0.056799 0.998220
22.374009371 1.722967 -0.331252 -0.022597 -0.015785 0.009534 0.055150 0.998308
22.433618784 1.734667 -0.333107 -0.021666 -0.017233 0.011274 0.053549 0.998353
22.593031645 1.746313 -0.334935 -0.021043 -0.018442 0.012692 0.052394 0.998375
22.650488138 1.757792 -0.336271 -0.020788 -0.018808 0.013749 0.052079 0.998371
22.811314106 1.768968 -0.337092 -0.020499 -0.018665 0.014441 0.052469 0.998344
22.869004011 1.780025 -0.338682 -0.019975 -0.020984 0.014499 0.053211 0.998258
23.031566381 1.791238 -0.340617 -0.020346 -0.023360 0.013840 0.053978 0.998173
23.090106726 1.802682 -0.342364 -0.020568 -0.024054 0.012737 0.054111 0.998164
23.252437592 1.814057 -0.344138 -0.019527 -0.024438 0.011156 0.053913 0.998184
23.309148312 1.825137 -0.345658 -0.018854 -0.024408 0.009193 0.054210 0.998189
23.469567299 1.835885 -0.346942 -0.018594 -0.024579 0.007096 0.054778 0.998171
23.527340889 1.846307 -0.347801 -0.018654 -0.024126 0.004948 0.055154 0.998174
23.686296940 1.856447 -0.348392 -0.019476 -0.022846 0.002889 0.055233 0.998208
23.746854782 1.866970 -0.348988 -0.020014 -0.021430 0.000735 0.055357 0.998236
23.913888216 1.876621 -0.350051 -0.019420 -0.020786 -0.001088 0.054438 0.998300
23.977720261 1.886047 -0.351267 -0.017716 -0.019147 -0.002406 0.052439 0.998438
24.136159420 1.895376 -0.352871 -0.016672 -0.017242 -0.003317 0.049991 0.998595
24.196025610 1.904922 -0.354939 -0.016276 -0.016195 -0.003966 0.047815 0.998717
24.356619358 1.914403 -0.357256 -0.016304 -0.015283 -0.004283 0.044703 0.998874
24.421455383 1.923702 -0.359949 -0.015897 -0.013957 -0.003914 0.040322 0.999082
24.580773115 1.932864 -0.363648 -0.015814 -0.014377 -0.003338 0.035504 0.999261
24.639282227 1.942036 -0.366904 -0.015676 -0.012871 -0.002334 0.029829 0.999469
24.802819014 1.951635 -0.370429 -0.015901 -0.011341 -0.001008 0.024053 0.999646
24.863177538 1.961484 -0.373312 -0.016126 -0.008384 0.000204 0.019800 0.999769
25.020597696 1.971966 -0.376404 -0.016144 -0.006543 0.001543 0.016967 0.999833
25.077397346 1.982810 -0.379415 -0.016611 -0.005040 0.002956 0.014777 0.999874
25.239517927 1.993733 -0.382512 -0.017224 -0.004346 0.004256 0.012226 0.999907
25.297194719 2.004573 -0.386424 -0.017897 -0.005717 0.005441 0.009294 0.999926
25.457415581 2.015472 -0.390308 -0.017792 -0.006629 0.006599 0.005901 0.999939
25.515836000 2.026661 -0.394042 -0.017396 -0.006150 0.007588 0.002075 0.999950
25.673899651 2.038186 -0.397673 -0.016941 -0.004305 0.008350 -0.002268 0.999953
25.731118441 2.049870 -0.401546 -0.016441 -0.002293 0.008837 -0.007017 0.999934
25.892977476 2.061526 -0.406126 -0.017017 -0.001480 0.009184 -0.011506 0.999891
25.951436996 2.073279 -0.410499 -0.019030 0.000876 0.009138 -0.015280 0.999841
26.114157677 2.085095 -0.415148 -0.020563 0.001636 0.008777 -0.017816 0.999801
26.172666788 2.096958 -0.419872 -0.020932 0.000306 0.007749 -0.018737 0.999794
26.330551386 2.108693 -0.424103 -0.021489 -0.000131 0.006727 -0.018325 0.999809
26.388918638 2.119523 -0.427862 -0.021361 0.000735 0.006238 -0.017249 0.999831
26.549911261 2.129650 -0.432078 -0.020343 0.000680 0.005656 -0.015731 0.999860
26.606662989 2.139289 -0.436521 -0.019339 0.000827 0.004920 -0.013641 0.999895
26.763588667 2.148306 -0.441219 -0.018828 0.001060 0.004283 -0.011062 0.999929
26.821759224 2.156804 -0.446575 -0.018489 -0.000314 0.003427 -0.007681 0.999965
26.985755444 2.165224 -0.452287 -0.018936 -0.001078 0.002590 -0.003822 0.999989
27.050077915 2.171654 -0.457273 -0.018369 -0.001619 0.002154 -0.000980 0.999996
27.211289406 2.177459 -0.462684 -0.017931 -0.002934 0.001756 0.001800 0.999993
27.277114391 2.182381 -0.467653 -0.017645 -0.003767 0.001491 0.004112 0.999983
27.445009947 2.186600 -0.472546 -0.017201 -0.004628 0.001437 0.005711 0.999972
27.513896465 2.190016 -0.476929 -0.016868 -0.005362 0.001435 0.006804 0.999961
27.696916819 2.192738 -0.480633 -0.016504 -0.005200 0.001389 0.007695 0.999956
27.780821085 2.194862 -0.483944 -0.016349 -0.004819 0.001170 0.008672 0.999950
27.967121363 2.196490 -0.486976 -0.016217 -0.004919 0.000672 0.010049 0.999937
28.067034245 2.197568 -0.489414 -0.016255 -0.004927 0.000074 0.011261 0.999924
28.295403481 2.198064 -0.490879 -0.016324 -0.004942 -0.000422 0.011812 0.999918
28.418323040 2.198240 -0.491230 -0.016348 -0.004786 -0.000725 0.011923 0.999917
28.642628670 2.198299 -0.491227 -0.016475 -0.004953 -0.000782 0.011909 0.999917
28.767788887 2.198314 -0.491273 -0.016483 -0.004953 -0.000800 0.011890 0.999917
28.992090225 2.198323 -0.491325 -0.016492 -0.004952 -0.000822 0.011870 0.999917
29.118394613 2.198326 -0.491369 -0.016499 -0.004955 -0.000840 0.011862 0.999917
29.342056990 2.198333 -0.491419 -0.016506 -0.004954 -0.000862 0.011852 0.999917
29.465817451 2.198339 -0.491470 -0.016513 -0.004955 -0.000882 0.011847 0.999917
29.689099073 2.198340 -0.491510 -0.016520 -0.004956 -0.000902 0.011844 0.999917
29.812034607 2.198347 -0.491556 -0.016526 -0.004959 -0.000920 0.011844 0.999917
30.039823055 2.198353 -0.491602 -0.016533 -0.004958 -0.000940 0.011841 0.999917
30.162321091 2.198356 -0.491650 -0.016542 -0.004962 -0.000961 0.011835 0.999917
30.390276670 2.198360 -0.491699 -0.016550 -0.004960 -0.000984 0.011830 0.999917
30.513231993 2.198363 -0.491750 -0.016556 -0.004958 -0.001003 0.011820 0.999917
30.736867428 2.198368 -0.491802 -0.016562 -0.004958 -0.001021 0.011818 0.999917
30.859659910 2.198425 -0.491904 -0.016565 -0.004936 -0.001050 0.012060 0.999915
31.079949617 2.198653 -0.492241 -0.016556 -0.004798 -0.001112 0.013144 0.999901
31.170303822 2.199066 -0.492791 -0.016390 -0.004378 -0.001098 0.015493 0.999870
31.344735861 2.199440 -0.493639 -0.016197 -0.003662 -0.000942 0.019358 0.999805
31.409142971 2.199314 -0.494876 -0.015462 -0.002976 -0.000603 0.024559 0.999694
31.569716930 2.198642 -0.496979 -0.014236 -0.002717 -0.000234 0.031960 0.999485
31.626784563 2.197670 -0.499188 -0.013399 -0.002107 0.000113 0.039044 0.999235
31.782577753 2.196396 -0.502118 -0.013002 -0.002095 0.000592 0.047077 0.998889
31.840212107 2.194790 -0.505321 -0.012525 -0.002372 0.001206 0.055598 0.998450
31.994821310 2.192788 -0.508802 -0.012299 -0.002386 0.001850 0.064639 0.997904
32.051995277 2.190878 -0.512477 -0.011926 -0.002762 0.002404 0.073716 0.997273
32.208794355 2.189548 -0.515943 -0.011695 -0.002750 0.002778 0.081708 0.996649
32.272228718 2.188333 -0.518955 -0.011762 -0.002624 0.003082 0.087315 0.996173
32.449227333 2.187304 -0.521128 -0.012034 -0.001518 0.003311 0.090640 0.995877
32.542049170 2.186589 -0.522553 -0.012361 -0.000247 0.003460 0.092219 0.995733
32.763251781 2.186229 -0.523047 -0.012334 -0.000178 0.003481 0.092839 0.995675
32.878660440 2.186169 -0.523090 -0.012362 -0.000225 0.003416 0.092877 0.995672
33.098304033 2.186169 -0.523122 -0.012394 -0.000259 0.003386 0.092877 0.995672
33.214738846 2.186178 -0.523161 -0.012419 -0.000284 0.003361 0.092867 0.995673
33.431549072 2.186179 -0.523186 -0.012447 -0.000321 0.003303 0.092857 0.995674
33.544878483 2.186398 -0.523153 -0.012473 -0.000433 0.003130 0.092813 0.995679
33.758358717 2.187529 -0.522902 -0.012444 -0.000852 0.002334 0.092719 0.995689
33.853231192 2.190101 -0.522343 -0.012411 -0.001613 0.000605 0.092673 0.995695
34.029707670 2.194143 -0.521512 -0.012442 -0.003044 -0.001888 0.092744 0.995684
34.095241785 2.199627 -0.520214 -0.011876 -0.004010 -0.004577 0.093067 0.995641
34.256325483 2.206571 -0.519037 -0.011326 -0.004908 -0.007462 0.093856 0.995546
34.317345619 2.214412 -0.517911 -0.010789 -0.005910 -0.010231 0.094714 0.995434
34.473657608 2.222622 -0.516585 -0.009749 -0.007038 -0.012562 0.095071 0.995366
34.531416416 2.231478 -0.515198 -0.008912 -0.007803 -0.014506 0.095071 0.995334
34.682150602 2.240671 -0.514043 -0.008722 -0.008625 -0.016061 0.094800 0.995329
34.740549088 2.250031 -0.513263 -0.009187 -0.009694 -0.017210 0.094173 0.995360
34.893082380 2.259445 -0.512997 -0.010352 -0.011263 -0.017956 0.093150 0.995426
34.952441692 2.268901 -0.513035 -0.011575 -0.013122 -0.018402 0.091883 0.995513
35.107466459 2.278410 -0.512363 -0.011342 -0.013090 -0.018622 0.090883 0.995601
35.165575027 2.288145 -0.511558 -0.010650 -0.012103 -0.018676 0.090215 0.995674
35.316741705 2.297659 -0.510788 -0.010662 -0.010466 -0.018756 0.089887 0.995720
35.371108770 2.307517 -0.510128 -0.011105 -0.009049 -0.018826 0.089650 0.995754
35.521557570 2.317673 -0.509583 -0.011969 -0.007660 -0.018827 0.089362 0.995792
35.577436924 2.327887 -0.509187 -0.013316 -0.005676 -0.018704 0.089077 0.995833
35.728801250 2.338192 -0.509486 -0.014258 -0.004643 -0.018419 0.088636 0.995883
35.786153793 2.348719 -0.510562 -0.013592 -0.005913 -0.018078 0.088208 0.995920
35.939187050 2.359270 -0.511554 -0.013285 -0.006824 -0.017694 0.087916 0.995947
35.995397329 2.369783 -0.512048 -0.013230 -0.006657 -0.017204 0.087626 0.995983
36.147326708 2.380253 -0.512036 -0.013365 -0.005742 -0.016606 0.087165 0.996039
36.205214739 2.390737 -0.511440 -0.013608 -0.004151 -0.016053 0.086887 0.996080
36.359203100 2.401190 -0.511124 -0.013479 -0.004281 -0.015714 0.086705 0.996101
36.416229725 2.411693 -0.511286 -0.013314 -0.006092 -0.015613 0.086795 0.996085
36.569514513 2.422112 -0.511327 -0.013166 -0.007684 -0.015588 0.087169 0.996042
36.627429008 2.432414 -0.511131 -0.012967 -0.008840 -0.015531 0.087397 0.996013
36.786524296 2.442763 -0.511109 -0.012803 -0.009854 -0.015589 0.087023 0.996036
36.844319820 2.453030 -0.511540 -0.011972 -0.011073 -0.015564 0.085825 0.996127
36.999758720 2.463124 -0.511959 -0.011506 -0.011524 -0.015414 0.084363 0.996249
37.058881044 2.473186 -0.512179 -0.011607 -0.011773 -0.015578 0.083478 0.996318
37.216244936 2.483381 -0.511766 -0.011328 -0.011712 -0.015835 0.083243 0.996335
37.274345875 2.493955 -0.510676 -0.010512 -0.011001 -0.016194 0.083163 0.996344
37.431916237 2.503181 -0.509889 -0.010149 -0.010974 -0.016540 0.082896 0.996361
37.489645004 2.513217 -0.509044 -0.010136 -0.010726 -0.016921 0.082645 0.996378
37.648348570 2.523925 -0.508097 -0.010006 -0.009800 -0.017165 0.082324 0.996410
37.710678339 2.533598 -0.507647 -0.008979 -0.009337 -0.017326 0.082089 0.996431
37.871067762 2.543484 -0.507954 -0.008383 -0.009543 -0.017668 0.081384 0.996481
37.933983326 2.553198 -0.508156 -0.007436 -0.008161 -0.017789 0.079643 0.996631
38.094293356 2.562745 -0.508191 -0.005036 -0.005114 -0.017517 0.076747 0.996884
38.154959440 2.572164 -0.509201 -0.002568 -0.003490 -0.017123 0.073025 0.997177
38.311162233 2.581410 -0.511231 -0.001580 -0.003344 -0.016781 0.068895 0.997477
38.373252392 2.590322 -0.513270 -0.000471 -0.002480 -0.016305 0.063964 0.997816
38.527798653 2.599217 -0.515423 0.000635 -0.001403 -0.015919 0.058344 0.998169
38.588260651 2.608123 -0.518536 0.000757 -0.002832 -0.015967 0.052954 0.998465
38.750156164 2.616966 -0.521566 0.000401 -0.005082 -0.016273 0.048098 0.998697
38.809595585 2.626038 -0.523522 -0.000184 -0.006203 -0.017041 0.044391 0.998850
38.966089010 2.635565 -0.523971 0.000188 -0.005834 -0.018085 0.042891 0.998899
39.025892735 2.645351 -0.523719 0.000745 -0.006060 -0.019603 0.043351 0.998849
39.184058189 2.654907 -0.523373 0.000837 -0.006192 -0.021263 0.044202 0.998777
39.244400740 2.664282 -0.523074 0.000497 -0.006204 -0.022963 0.045304 0.998690
39.399601460 2.673533 -0.522970 -0.000108 -0.005870 -0.024568 0.046377 0.998605
39.459214211 2.682713 -0.522950 -0.000227 -0.004849 -0.025996 0.047154 0.998538
39.612959862 2.691914 -0.522936 0.000888 -0.003096 -0.027232 0.047753 0.998483
39.674751282 2.701178 -0.523193 0.002106 -0.000921 -0.028288 0.048114 0.998441
39.831076622 2.710353 -0.524111 0.003118 0.000652 -0.029188 0.047618 0.998439
39.891354322 2.719406 -0.525755 0.004496 0.001206 -0.029725 0.045588 0.998517
40.045374870 2.728462 -0.527421 0.006203 0.002941 -0.029912 0.042242 0.998655
40.105847120 2.737402 -0.529666 0.007876 0.004058 -0.029892 0.037568 0.998839
40.255739212 2.746305 -0.532261 0.009627 0.005174 -0.029677 0.031894 0.999037
40.316671133 2.755177 -0.535772 0.010588 0.004404 -0.029498 0.025597 0.999227
40.472826481 2.764080 -0.539547 0.010823 0.002989 -0.029334 0.018924 0.999386
40.531610966 2.773238 -0.543266 0.010606 0.001791 -0.029049 0.011341 0.999512
40.680866957 2.781637 -0.546538 0.010102 0.001351 -0.028617 0.003771 0.999582
40.736250639 2.790698 -0.550098 0.009437 0.000764 -0.027940 -0.004725 0.999598
40.887120247 2.800125 -0.553611 0.009099 0.000727 -0.026960 -0.012249 0.999561
40.942676783 2.810168 -0.557312 0.008970 -0.001349 -0.026219 -0.017597 0.999500
41.092268705 2.820469 -0.561059 0.007875 -0.003767 -0.025393 -0.022195 0.999424
41.149973154 2.830972 -0.564420 0.006374 -0.005319 -0.024359 -0.026150 0.999347
41.304064035 2.841641 -0.567768 0.005195 -0.007211 -0.023093 -0.029310 0.999278
41.361032486 2.852440 -0.570704 0.005278 -0.008651 -0.021601 -0.031788 0.999224
41.515836477 2.863362 -0.573105 0.005636 -0.009180 -0.020097 -0.033214 0.999204
41.573119164 2.874267 -0.575344 0.005617 -0.009277 -0.018438 -0.034188 0.999202
41.727594137 2.885072 -0.577930 0.005216 -0.010025 -0.016512 -0.035314 0.999190
41.784900904 2.895803 -0.580465 0.004809 -0.010345 -0.014206 -0.036789 0.999169
41.942658901 2.906508 -0.583225 0.004544 -0.010573 -0.011606 -0.038510 0.999135
42.001563787 2.917219 -0.586559 0.004410 -0.011818 -0.009115 -0.040084 0.999085
42.159107447 2.927943 -0.590073 0.004378 -0.013425 -0.006812 -0.041375 0.999030
42.217181683 2.938717 -0.593779 0.004736 -0.015226 -0.005116 -0.042847 0.998953
42.376452208 2.949692 -0.597364 0.006256 -0.015467 -0.004003 -0.045116 0.998854
42.435376883 2.960785 -0.601327 0.008315 -0.015370 -0.003390 -0.048031 0.998722
42.592852831 2.971935 -0.605535 0.010542 -0.014636 -0.003220 -0.051536 0.998559
42.649859667 2.983077 -0.610353 0.011724 -0.014244 -0.003419 -0.055285 0.998363
42.808372736 2.993996 -0.616082 0.011887 -0.015623 -0.003734 -0.058800 0.998141
42.865987301 3.004881 -0.621965 0.011562 -0.017848 -0.004468 -0.061300 0.997950
43.025591612 3.015652 -0.626842 0.011620 -0.018644 -0.005356 -0.062967 0.997827
43.084812403 3.026172 -0.630965 0.011701 -0.018430 -0.006077 -0.064732 0.997714
43.242949009 3.036558 -0.635033 0.011569 -0.018607 -0.006482 -0.066996 0.997559
43.301096439 3.047055 -0.638665 0.011802 -0.017894 -0.006989 -0.069071 0.997427
43.462748289 3.057535 -0.641870 0.012152 -0.016185 -0.007613 -0.070523 0.997350
43.521438837 3.067861 -0.645336 0.012205 -0.014930 -0.008238 -0.071539 0.997292
43.679235697 3.078028 -0.649381 0.012592 -0.014894 -0.008762 -0.072185 0.997242
43.737211466 3.088170 -0.653380 0.013228 -0.014325 -0.009284 -0.072545 0.997219
43.892980814 3.098243 -0.656921 0.014104 -0.012496 -0.009729 -0.072853 0.997217
43.951424837 3.108213 -0.660716 0.014579 -0.011215 -0.009858 -0.073386 0.997192
44.107761145 3.118117 -0.664881 0.014929 -0.010982 -0.009596 -0.074268 0.997132
44.166320324 3.128035 -0.669380 0.015050 -0.011682 -0.009073 -0.075263 0.997054
44.323903561 3.138037 -0.674052 0.015217 -0.013219 -0.008346 -0.076312 0.996961
44.383023977 3.148227 -0.678499 0.015308 -0.014492 -0.007579 -0.077418 0.996865
44.539687872 3.158672 -0.682044 0.015702 -0.013981 -0.006869 -0.078552 0.996788
44.598054886 3.169197 -0.685251 0.015813 -0.012746 -0.006027 -0.079692 0.996720
44.758249521 3.179725 -0.688835 0.015049 -0.012035 -0.004871 -0.080887 0.996639
44.817006826 3.190225 -0.692679 0.013589 -0.011517 -0.003501 -0.082156 0.996547
44.976167917 3.200716 -0.696830 0.012916 -0.011855 -0.002091 -0.083437 0.996440
45.034328222 3.211325 -0.700499 0.013169 -0.010983 -0.000945 -0.084561 0.996357
45.190940380 3.221875 -0.704085 0.013136 -0.009577 0.000106 -0.085723 0.996273
45.247057915 3.232419 -0.708187 0.012211 -0.009148 0.001216 -0.086907 0.996174
45.409887552 3.243055 -0.712642 0.011277 -0.009165 0.002016 -0.087467 0.996123
45.467664957 3.253743 -0.717123 0.012336 -0.009887 0.002436 -0.087329 0.996127
45.627594233 3.264450 -0.721604 0.013788 -0.010598 0.002693 -0.087062 0.996143
45.684932470 3.275104 -0.726810 0.014038 -0.012503 0.003113 -0.087030 0.996122
45.848847151 3.285820 -0.732157 0.013986 -0.014404 0.003368 -0.087001 0.996098
45.906082392 3.296567 -0.737178 0.013716 -0.015765 0.003369 -0.086533 0.996119
46.063345909 3.307318 -0.741000 0.013787 -0.014719 0.002763 -0.085321 0.996241
46.121406317 3.317773 -0.744782 0.013824 -0.013826 0.001770 -0.083644 0.996398
46.282145500 3.328199 -0.749065 0.013750 -0.013989 0.000607 -0.081781 0.996552
46.340590954 3.338580 -0.754060 0.014265 -0.015769 -0.000556 -0.079795 0.996686
46.501342297 3.349048 -0.758790 0.014561 -0.016291 -0.001931 -0.077515 0.996856
46.559035778 3.359376 -0.763113 0.014844 -0.015442 -0.003553 -0.075174 0.997045
46.718264818 3.369446 -0.767635 0.014727 -0.014795 -0.005035 -0.073281 0.997189
46.776612043 3.379313 -0.772100 0.014618 -0.014192 -0.006269 -0.072098 0.997277
46.936544418 3.389121 -0.776386 0.014657 -0.013339 -0.007447 -0.071327 0.997336
46.993628502 3.398910 -0.780257 0.014957 -0.011743 -0.008718 -0.070719 0.997389
47.150758743 3.408597 -0.784081 0.015309 -0.010342 -0.009835 -0.070347 0.997420
47.207740068 3.418137 -0.788003 0.015574 -0.009436 -0.010460 -0.070713 0.997397
47.363622427 3.427655 -0.791946 0.015805 -0.008588 -0.010600 -0.071638 0.997337
47.421012163 3.437155 -0.795982 0.015587 -0.007396 -0.010357 -0.072808 0.997265
47.578218699 3.446618 -0.800549 0.015158 -0.007028 -0.009615 -0.074244 0.997169
47.636027813 3.456148 -0.805647 0.014646 -0.007659 -0.008519 -0.075734 0.997062
47.797024727 3.465948 -0.810400 0.014059 -0.007321 -0.007310 -0.077141 0.996966
47.854765177 3.476034 -0.814600 0.013624 -0.005850 -0.005998 -0.078524 0.996877
48.015809536 3.486420 -0.818803 0.012775 -0.004326 -0.004700 -0.079669 0.996801
48.073461294 3.497062 -0.822961 0.011850 -0.002493 -0.003649 -0.080013 0.996784
48.233701706 3.507648 -0.827508 0.011857 -0.001624 -0.002558 -0.079899 0.996798
48.291168213 3.518225 -0.832410 0.012868 -0.001873 -0.001458 -0.079445 0.996836
48.449180603 3.528866 -0.837537 0.013221 -0.002448 -0.000431 -0.078700 0.996895
48.506515026 3.539450 -0.843246 0.012625 -0.004353 0.000723 -0.078003 0.996943
48.669832945 3.550351 -0.848573 0.012268 -0.005327 0.001442 -0.076451 0.997058
48.727220297 3.561747 -0.853523 0.012992 -0.004876 0.001627 -0.073154 0.997307
48.888164043 3.573448 -0.858736 0.013828 -0.004157 0.001627 -0.068965 0.997609
48.945694923 3.585298 -0.865023 0.015423 -0.005940 0.001560 -0.063954 0.997934
49.106182337 3.597185 -0.871606 0.016602 -0.008067 0.001269 -0.057974 0.998285
49.163803101 3.609098 -0.877675 0.017138 -0.008414 0.000646 -0.050827 0.998672
49.321551323 3.620998 -0.883785 0.016944 -0.008406 -0.000031 -0.043016 0.999039
49.378742218 3.632779 -0.890115 0.016176 -0.008506 -0.000736 -0.034909 0.999354
49.542243481 3.643913 -0.895972 0.016048 -0.007927 -0.001256 -0.027146 0.999599
49.599192619 3.654767 -0.900853 0.016594 -0.005286 -0.001871 -0.020731 0.999769
49.760006189 3.665154 -0.906107 0.018487 -0.004796 -0.002496 -0.015657 0.999863
49.816489458 3.675415 -0.911474 0.019913 -0.004616 -0.003252 -0.011071 0.999923
49.974947691 3.685522 -0.916835 0.021635 -0.005579 -0.004217 -0.006946 0.999951
50.031617403 3.695560 -0.921869 0.023543 -0.006821 -0.005452 -0.002977 0.999957
50.188030720 3.705585 -0.926261 0.025000 -0.006755 -0.006841 0.000670 0.999954
50.243217945 3.715556 -0.930606 0.025826 -0.007376 -0.008525 0.004355 0.999927
50.398962975 3.725791 -0.934503 0.025838 -0.007786 -0.010556 0.008878 0.999875
50.456125736 3.735909 -0.937351 0.025557 -0.005849 -0.012325 0.014216 0.999806
50.614545107 3.745826 -0.939931 0.025471 -0.003347 -0.013671 0.019088 0.999719
50.672362804 3.755567 -0.942755 0.025496 -0.002271 -0.014780 0.022335 0.999639
50.826389313 3.765438 -0.945732 0.026179 -0.003097 -0.015794 0.025251 0.999552
50.883729696 3.775714 -0.949069 0.026994 -0.005244 -0.016881 0.029155 0.999419
51.037824392 3.785991 -0.952163 0.027897 -0.006272 -0.017583 0.033517 0.999264
51.093769789 3.796366 -0.955443 0.028648 -0.007429 -0.017797 0.037964 0.999093
51.249118090 3.806667 -0.958439 0.028829 -0.007367 -0.017569 0.042253 0.998925
51.306497812 3.817042 -0.961554 0.027360 -0.006880 -0.017505 0.045940 0.998767
51.461820602 3.827345 -0.964321 0.025868 -0.006139 -0.017213 0.048479 0.998657
51.518835783 3.837625 -0.966722 0.025099 -0.005950 -0.016755 0.049848 0.998599
51.671972990 3.847947 -0.968855 0.024481 -0.006147 -0.016186 0.050477 0.998575
51.729244232 3.858237 -0.970556 0.023767 -0.005743 -0.015514 0.050834 0.998570
51.885637999 3.868626 -0.972399 0.022906 -0.005756 -0.014882 0.051862 0.998527
51.943060637 3.879218 -0.974820 0.023762 -0.007933 -0.014247 0.054290 0.998392
52.099118948 3.889762 -0.977683 0.024330 -0.011403 -0.013616 0.057289 0.998200
52.157223940 3.900059 -0.979765 0.023943 -0.012973 -0.013104 0.059826 0.998038
52.314819336 3.910338 -0.980687 0.024058 -0.012809 -0.012602 0.061815 0.997926
52.374739170 3.920150 -0.981677 0.024946 -0.014439 -0.012566 0.063581 0.997793
52.537045956 3.929564 -0.982700 0.025595 -0.016353 -0.012699 0.065557 0.997634
52.597401142 3.938884 -0.983991 0.027203 -0.019400 -0.012975 0.068733 0.997362
52.760944605 3.948237 -0.985762 0.029022 -0.023413 -0.013341 0.072708 0.996989
52.821751595 3.957416 -0.987405 0.030130 -0.026448 -0.013527 0.076807 0.996603
52.985549450 3.966492 -0.988515 0.030391 -0.028164 -0.013833 0.080222 0.996283
53.048282146 3.975469 -0.988981 0.030212 -0.029228 -0.014189 0.082952 0.996024
53.210598469 3.984509 -0.988504 0.030515 -0.029274 -0.014631 0.084964 0.995846
53.271823168 3.993804 -0.987648 0.031226 -0.027914 -0.014959 0.085928 0.995798
53.435873270 4.003244 -0.987015 0.031595 -0.026640 -0.015238 0.086580 0.995772
53.496063471 4.012758 -0.986587 0.031670 -0.025735 -0.015411 0.086919 0.995764
53.657317877 4.022404 -0.986712 0.031368 -0.026189 -0.015685 0.087222 0.995721
53.719982147 4.032030 -0.986980 0.031194 -0.027115 -0.015881 0.087449 0.995673
53.878580570 4.041599 -0.986858 0.031325 -0.027126 -0.015692 0.087178 0.995700
53.939515114 4.051244 -0.986673 0.031544 -0.026628 -0.015134 0.086683 0.995765
54.099259377 4.061018 -0.986551 0.031986 -0.026204 -0.014387 0.086147 0.995834
54.160753727 4.070929 -0.986326 0.032274 -0.025439 -0.013342 0.085339 0.995938
54.321146011 4.080469 -0.986180 0.032020 -0.024756 -0.012094 0.084379 0.996053
54.378060579 4.090909 -0.986221 0.031650 -0.025333 -0.010780 0.083544 0.996124
54.540088177 4.101572 -0.986401 0.031256 -0.026998 -0.009635 0.083016 0.996136
54.596579552 4.112374 -0.986467 0.030758 -0.029337 -0.008727 0.082944 0.996084
54.757510662 4.123085 -0.985777 0.030089 -0.030388 -0.007893 0.083237 0.996035
54.814033985 4.133637 -0.984505 0.029697 -0.030257 -0.007164 0.083519 0.996021
54.976185560 4.144124 -0.983474 0.029117 -0.030283 -0.006755 0.083937 0.995988
55.034325123 4.154571 -0.982730 0.028726 -0.030744 -0.006921 0.084896 0.995891
55.196895599 4.164978 -0.982420 0.028631 -0.032074 -0.007435 0.086193 0.995734
55.254548311 4.175220 -0.981902 0.028792 -0.032494 -0.008058 0.087506 0.995601
55.413471699 4.185318 -0.981423 0.029089 -0.032900 -0.008906 0.088660 0.995479
55.472746372 4.196153 -0.981060 0.028934 -0.033659 -0.010064 0.089888 0.995332
55.639446974 4.205796 -0.980237 0.029107 -0.032731 -0.011267 0.090917 0.995257
55.701360703 4.215544 -0.979810 0.029636 -0.032452 -0.012712 0.091746 0.995172
55.865522623 4.225221 -0.979830 0.029946 -0.032863 -0.014564 0.092706 0.995044
55.927811384 4.234759 -0.979903 0.030165 -0.033017 -0.016755 0.093807 0.994902
56.091041088 4.244112 -0.979921 0.030936 -0.033184 -0.019210 0.094885 0.994750
56.152607441 4.253327 -0.980029 0.031810 -0.033707 -0.021739 0.095619 0.994610
56.315997124 4.262419 -0.979953 0.032610 -0.034016 -0.024153 0.095841 0.994522
56.378235579 4.271420 -0.979438 0.033624 -0.033599 -0.026481 0.095810 0.994480
56.541436434 4.280457 -0.978938 0.034913 -0.033886 -0.028797 0.095602 0.994426
56.604049683 4.289465 -0.978576 0.035895 -0.034702 -0.030987 0.095153 0.994375
56.763117075 4.298401 -0.978108 0.036729 -0.035246 -0.032886 0.094469 0.994360
56.823135138 4.307195 -0.977800 0.037528 -0.035754 -0.034381 0.093502 0.994383
56.979447842 4.315995 -0.977702 0.037897 -0.036277 -0.035537 0.092462 0.994420
57.040142298 4.324805 -0.977688 0.038638 -0.037107 -0.036311 0.091351 0.994465
57.198638439 4.333657 -0.977517 0.039198 -0.037116 -0.036712 0.090194 0.994555
57.261303425 4.342635 -0.977439 0.039348 -0.036902 -0.036911 0.089153 0.994650
57.421701431 4.351851 -0.977354 0.039137 -0.036506 -0.036964 0.088271 0.994741
57.486578226 4.361176 -0.977358 0.039168 -0.036283 -0.036749 0.087319 0.994841
57.645068884 4.370445 -0.977449 0.039747 -0.036053 -0.036193 0.086147 0.994972
57.707912445 4.379818 -0.977587 0.040387 -0.035577 -0.035489 0.085088 0.995105
57.867419243 4.389297 -0.978047 0.041893 -0.037032 -0.034728 0.083878 0.995182
57.927094221 4.398668 -0.978695 0.043109 -0.038980 -0.033685 0.082266 0.995278
58.087678671 4.407993 -0.979570 0.044096 -0.041800 -0.032373 0.080251 0.995372
58.147614956 4.417433 -0.980171 0.044282 -0.044130 -0.030838 0.078151 0.995487
58.308152199 4.427073 -0.980608 0.044167 -0.046593 -0.029175 0.076224 0.995574
58.370084763 4.436906 -0.980583 0.043779 -0.048510 -0.027389 0.074565 0.995659
58.528598547 4.446331 -0.980095 0.043637 -0.049661 -0.025671 0.073366 0.995737
58.586416721 4.456547 -0.979479 0.043579 -0.050836 -0.023836 0.072199 0.995809
58.749560595 4.466790 -0.978484 0.043571 -0.050395 -0.021957 0.071362 0.995935
58.808784008 4.477219 -0.977551 0.043708 -0.049325 -0.020228 0.071099 0.996044
58.970015287 4.487763 -0.976689 0.044133 -0.048386 -0.018797 0.071111 0.996117
59.027636766 4.498193 -0.975825 0.044595 -0.046746 -0.017489 0.071175 0.996214
59.189149380 4.508524 -0.975205 0.044711 -0.044853 -0.016124 0.071121 0.996328
59.247536898 4.518878 -0.974952 0.044607 -0.043204 -0.014761 0.071150 0.996420
59.406841040 4.529359 -0.975211 0.044674 -0.042799 -0.013523 0.071420 0.996436
59.464671135 4.539886 -0.975452 0.044537 -0.042142 -0.012393 0.071902 0.996444
59.626256466 4.550287 -0.975231 0.044463 -0.040313 -0.011208 0.072269 0.996507
59.691181898 4.560563 -0.974770 0.044285 -0.037778 -0.009872 0.072310 0.996618
59.855754137 4.570853 -0.974459 0.044317 -0.035491 -0.008594 0.072364 0.996710
59.914805651 4.581279 -0.974492 0.045098 -0.034344 -0.007608 0.072693 0.996734
60.078452110 4.591679 -0.974598 0.045588 -0.033012 -0.006747 0.073251 0.996744
60.139355659 4.602095 -0.974945 0.046151 -0.032528 -0.006197 0.074055 0.996704
60.301383257 4.612425 -0.975187 0.046453 -0.031838 -0.005811 0.074847 0.996670
60.360326529 4.622680 -0.975411 0.046231 -0.030982 -0.005647 0.075653 0.996637
60.523435116 4.632884 -0.975654 0.046155 -0.030647 -0.005885 0.076623 0.996572
60.586483240 4.643679 -0.975776 0.046495 -0.030555 -0.006340 0.077458 0.996507
60.754985809 4.653236 -0.975578 0.047218 -0.030097 -0.006781 0.077687 0.996500
60.820338488 4.662853 -0.975670 0.048101 -0.030584 -0.007543 0.077999 0.996456
60.991744995 4.672282 -0.975703 0.048812 -0.031005 -0.008444 0.078234 0.996417
61.054559231 4.681562 -0.975630 0.049337 -0.031358 -0.009431 0.078315 0.996391
61.224822760 4.690763 -0.975219 0.050412 -0.031510 -0.010477 0.078171 0.996387
61.286054850 4.699949 -0.974970 0.051312 -0.032413 -0.011704 0.078080 0.996351
61.453376055 4.709050 -0.974969 0.051723 -0.033821 -0.013034 0.077991 0.996295
61.514248133 4.718021 -0.974660 0.052584 -0.034865 -0.014370 0.077656 0.996267
61.680866003 4.727040 -0.973774 0.053985 -0.034782 -0.015631 0.076989 0.996302
61.742009163 4.736151 -0.973011 0.055075 -0.034832 -0.016953 0.076178 0.996341
61.909114838 4.745247 -0.972411 0.055760 -0.035102 -0.018257 0.075309 0.996375
61.970981598 4.754356 -0.972252 0.056367 -0.036342 -0.019510 0.074374 0.996377
62.136609793 4.763411 -0.972598 0.057353 -0.038876 -0.020568 0.073295 0.996340
62.197616577 4.772395 -0.972909 0.058204 -0.041103 -0.021340 0.072037 0.996326
62.366677999 4.781492 -0.972868 0.059079 -0.042532 -0.021874 0.070684 0.996351
62.430004597 4.790795 -0.972780 0.059319 -0.043722 -0.022327 0.069511 0.996372
62.592407703 4.800296 -0.972644 0.059000 -0.044930 -0.022680 0.068683 0.996368
62.655673504 4.809943 -0.972451 0.058321 -0.046050 -0.022770 0.068001 0.996362
62.819169760 4.819639 -0.972234 0.057883 -0.047007 -0.022514 0.067238 0.996375
62.879331350 4.829374 -0.972098 0.057688 -0.047674 -0.021972 0.066455 0.996408
63.045671701 4.839206 -0.972142 0.057522 -0.048400 -0.021348 0.065868 0.996425
63.106801033 4.849107 -0.972106 0.058022 -0.048776 -0.020567 0.065255 0.996464
63.267573833 4.859141 -0.972130 0.058328 -0.048840 -0.019786 0.064790 0.996507
63.324161053 4.868644 -0.971923 0.058555 -0.048235 -0.019022 0.064477 0.996571
63.483104706 4.878865 -0.971803 0.059168 -0.048446 -0.018109 0.064208 0.996595
63.540704727 4.889154 -0.971495 0.059552 -0.048479 -0.016994 0.063871 0.996635
63.700929165 4.899579 -0.971111 0.059295 -0.048377 -0.015838 0.063681 0.996671
63.758478165 4.910077 -0.970910 0.058592 -0.048271 -0.014711 0.063791 0.996687
63.921342850 4.920563 -0.970873 0.057570 -0.047795 -0.013602 0.064011 0.996711
63.977712870 4.931027 -0.970642 0.057662 -0.046555 -0.012635 0.064252 0.996767
64.137447357 4.941465 -0.970546 0.058481 -0.045255 -0.011864 0.064477 0.996822
64.193682432 4.951790 -0.970652 0.058881 -0.043687 -0.011070 0.064536 0.996897
64.355700254 4.962045 -0.970646 0.059195 -0.041393 -0.010290 0.064544 0.997003
64.411013126 4.972355 -0.970737 0.059892 -0.039626 -0.009645 0.064504 0.997084
64.572322607 4.982699 -0.971044 0.060513 -0.038596 -0.009065 0.064411 0.997136
64.630879641 4.993013 -0.971395 0.060602 -0.037402 -0.008526 0.064481 0.997181
64.791573286 5.003511 -0.972184 0.060323 -0.036796 -0.008299 0.065481 0.997141
64.850347042 5.014263 -0.973363 0.060848 -0.036827 -0.008320 0.067736 0.996989
65.008970976 5.025135 -0.974858 0.061957 -0.037147 -0.008355 0.070765 0.996766
65.063656807 5.035817 -0.976071 0.062719 -0.035595 -0.008309 0.074096 0.996581
65.223667622 5.046784 -0.977687 0.063247 -0.034805 -0.008485 0.077831 0.996323
65.281632185 5.057780 -0.979533 0.063500 -0.034253 -0.008612 0.082011 0.996005
65.444880962 5.068766 -0.981452 0.064110 -0.033957 -0.008721 0.086510 0.995634
65.500677109 5.079297 -0.983240 0.064400 -0.033039 -0.008609 0.091354 0.995233
65.664215803 5.089410 -0.984773 0.065194 -0.033031 -0.008141 0.095122 0.994884
65.722690344 5.098929 -0.986016 0.065875 -0.033556 -0.007865 0.097090 0.994679
65.887565613 5.108017 -0.986917 0.066342 -0.034171 -0.007612 0.097815 0.994589
65.945778131 5.116900 -0.987447 0.067144 -0.035464 -0.007400 0.097522 0.994574
66.113922834 5.125682 -0.987656 0.067978 -0.037326 -0.007217 0.096633 0.994594
66.176143885 5.134524 -0.987286 0.068957 -0.039221 -0.007056 0.095427 0.994638
66.342692852 5.143481 -0.986540 0.070039 -0.041475 -0.006913 0.094068 0.994677
66.403076887 5.152565 -0.985605 0.070171 -0.042987 -0.006802 0.092889 0.994725
66.571841240 5.161897 -0.984266 0.070263 -0.043350 -0.006797 0.092179 0.994775
66.634751558 5.171491 -0.982874 0.070736 -0.043706 -0.006950 0.091813 0.994792
66.805772781 5.181052 -0.981769 0.070884 -0.044511 -0.007214 0.091491 0.994785
66.867194653 5.190512 -0.981022 0.071495 -0.046652 -0.007594 0.090919 0.994736
67.035398245 5.199825 -0.980245 0.072032 -0.048923 -0.007973 0.090166 0.994692
67.097499609 5.209075 -0.979020 0.072618 -0.050379 -0.008312 0.089399 0.994686
67.268019438 5.218455 -0.977949 0.072861 -0.052449 -0.008687 0.088700 0.994639
67.327593327 5.227763 -0.976599 0.073419 -0.053201 -0.009109 0.088265 0.994634
67.493201733 5.237084 -0.975327 0.075238 -0.052626 -0.009809 0.088527 0.994634
67.553882360 5.246516 -0.974815 0.077729 -0.053172 -0.010571 0.089404 0.994519
67.718276739 5.256213 -0.974498 0.080917 -0.053370 -0.011414 0.091187 0.994337
67.776494265 5.265341 -0.974264 0.083373 -0.052219 -0.012227 0.093289 0.994194
67.939276934 5.274937 -0.974256 0.084606 -0.049679 -0.013068 0.096012 0.994054
67.997050524 5.284502 -0.974853 0.084431 -0.047477 -0.013921 0.099482 0.993809
68.153037786 5.294129 -0.975787 0.084115 -0.047022 -0.014813 0.103722 0.993384
68.210122585 5.304609 -0.976568 0.083960 -0.046161 -0.015772 0.109193 0.992823
68.371659756 5.315238 -0.977555 0.083901 -0.046135 -0.016713 0.115363 0.992111
68.428822517 5.325833 -0.978362 0.083545 -0.045430 -0.017580 0.122110 0.991320
68.588406324 5.336369 -0.979161 0.083288 -0.044651 -0.018383 0.129423 0.990413
68.645461321 5.346852 -0.980279 0.082535 -0.044096 -0.019158 0.137269 0.989366
68.805577040 5.357123 -0.981425 0.081527 -0.043064 -0.019899 0.145639 0.988200
68.862231493 5.367356 -0.982829 0.080868 -0.042533 -0.020634 0.154321 0.986889
69.021127939 5.377618 -0.984227 0.080111 -0.042226 -0.021348 0.162225 0.985619
69.078121424 5.388058 -0.985190 0.079279 -0.040819 -0.022365 0.168681 0.984571
69.239961863 5.398430 -0.985898 0.077964 -0.039068 -0.023609 0.174932 0.983522
69.298401594 5.409057 -0.986729 0.077289 -0.038526 -0.025421 0.182294 0.982160
69.461297750 5.419828 -0.987660 0.077251 -0.038774 -0.027601 0.190661 0.980502
69.519418716 5.430530 -0.988558 0.076894 -0.038499 -0.030054 0.199705 0.978638
69.677391291 5.440968 -0.989334 0.076315 -0.037640 -0.032673 0.209361 0.976567
69.732436419 5.450872 -0.989642 0.076300 -0.036975 -0.035255 0.218926 0.974403
69.889361382 5.460196 -0.989208 0.077208 -0.036808 -0.037630 0.227741 0.972298
69.944969416 5.469097 -0.988457 0.079332 -0.038491 -0.039899 0.235812 0.970216
70.099349976 5.477565 -0.987503 0.081961 -0.041553 -0.041977 0.243157 0.968187
70.152875662 5.485565 -0.986446 0.084586 -0.045397 -0.043846 0.249995 0.966188
70.308807135 5.493320 -0.984572 0.087352 -0.048568 -0.045174 0.256969 0.964141
70.366174698 5.499715 -0.982270 0.088799 -0.050290 -0.045586 0.263192 0.962353
70.527595043 5.505590 -0.979258 0.088627 -0.050492 -0.045222 0.268822 0.960802
70.592097998 5.511282 -0.975353 0.087434 -0.048942 -0.044470 0.273181 0.959687
70.748779535 5.517572 -0.970904 0.086638 -0.046898 -0.043377 0.276811 0.958799
70.806872606 5.523811 -0.966465 0.086416 -0.045124 -0.042049 0.279785 0.958079
70.962228298 5.530314 -0.962101 0.086244 -0.043046 -0.040380 0.282209 0.957536
71.019644976 5.537025 -0.958108 0.086453 -0.042094 -0.038668 0.284078 0.957096
71.177036524 5.543907 -0.954385 0.086080 -0.041969 -0.036895 0.285254 0.956822
71.234382868 5.551138 -0.950579 0.085280 -0.041377 -0.034838 0.285587 0.956825
71.392985821 5.558733 -0.946846 0.084075 -0.040832 -0.032647 0.285274 0.957019
71.451407194 5.566691 -0.943289 0.083294 -0.041107 -0.030398 0.284223 0.957394
71.613202572 5.574724 -0.939733 0.082096 -0.040878 -0.027875 0.282642 0.957949
71.673763037 5.582846 -0.936069 0.080340 -0.039223 -0.025165 0.281021 0.958569
71.837546587 5.591717 -0.933042 0.079594 -0.039729 -0.023405 0.279837 0.958940
71.898587227 5.600936 -0.930609 0.079955 -0.042585 -0.022519 0.279037 0.959071
72.065767527 5.610048 -0.928402 0.080804 -0.046453 -0.021895 0.278549 0.959048
72.126393795 5.618673 -0.925723 0.081440 -0.049062 -0.020807 0.278028 0.959093
72.296158075 5.626914 -0.922126 0.082056 -0.049198 -0.019361 0.277763 0.959194
72.356264830 5.635312 -0.918298 0.082967 -0.048879 -0.018220 0.277797 0.959222
72.524636030 5.643942 -0.914722 0.083876 -0.049609 -0.017691 0.278259 0.959061
72.583797455 5.652445 -0.910737 0.084334 -0.048873 -0.017280 0.278982 0.958896
72.750386953 5.661020 -0.906695 0.084330 -0.047119 -0.017173 0.279691 0.958779
72.810337067 5.669666 -0.903309 0.084473 -0.046240 -0.017653 0.280202 0.958664
72.977942944 5.678221 -0.900376 0.084932 -0.045996 -0.018601 0.280625 0.958534
73.039746761 5.686481 -0.897256 0.085445 -0.044905 -0.019595 0.281045 0.958443
73.205163240 5.694638 -0.894184 0.085857 -0.043768 -0.020726 0.281398 0.958368
73.266213655 5.702716 -0.891382 0.086537 -0.043499 -0.022000 0.281522 0.958316
73.430752277 5.710527 -0.888685 0.087604 -0.043180 -0.023066 0.281464 0.958322
73.490594864 5.718185 -0.885812 0.088544 -0.041870 -0.023821 0.281352 0.958395
73.661191463 5.726082 -0.883109 0.089450 -0.041369 -0.024797 0.281240 0.958425
73.719101667 5.734342 -0.880621 0.091760 -0.043833 -0.027054 0.282215 0.957967
73.883984327 5.742423 -0.878277 0.094344 -0.047295 -0.030399 0.284221 0.957109
73.939697027 5.750109 -0.875613 0.096419 -0.049175 -0.033676 0.286410 0.956251
74.096042395 5.757614 -0.872721 0.097979 -0.050196 -0.037136 0.289121 0.955254
74.152801037 5.765049 -0.869699 0.099611 -0.050758 -0.040709 0.291986 0.954207
74.310295820 5.772267 -0.866474 0.101074 -0.050424 -0.044187 0.294906 0.953171
74.366360903 5.779383 -0.862815 0.102828 -0.048431 -0.047303 0.297791 0.952228
74.518184185 5.786674 -0.859261 0.104119 -0.046033 -0.050441 0.300649 0.951287
74.569435120 5.794070 -0.855580 0.105514 -0.042736 -0.053528 0.303542 0.950353
74.716002703 5.801600 -0.851966 0.107239 -0.038846 -0.056523 0.306527 0.949388
74.768909931 5.809103 -0.848864 0.108613 -0.035124 -0.059275 0.309384 0.948438
74.920272589 5.816255 -0.846255 0.110684 -0.031510 -0.061529 0.311402 0.947760
74.977577686 5.822806 -0.844194 0.112842 -0.027841 -0.063069 0.312014 0.947573
75.127744913 5.829448 -0.843091 0.114631 -0.025173 -0.064474 0.311522 0.947715
75.186523914 5.836047 -0.843203 0.115243 -0.024495 -0.065910 0.310488 0.947973
75.334283590 5.842381 -0.843030 0.115101 -0.022741 -0.066575 0.308590 0.948590
75.393898249 5.849162 -0.842094 0.115215 -0.019856 -0.066871 0.306459 0.949325
75.536979437 5.856407 -0.841391 0.115235 -0.018591 -0.067305 0.304911 0.949818
75.591122150 5.864569 -0.840658 0.114836 -0.017747 -0.067576 0.303394 0.950300
75.734243870 5.872700 -0.839878 0.115290 -0.018002 -0.067641 0.301919 0.950760
75.789711952 5.881000 -0.839289 0.116011 -0.019239 -0.067489 0.300243 0.951278
75.937106133 5.889382 -0.838761 0.116589 -0.021006 -0.067071 0.298435 0.951839
75.990504742 5.897659 -0.837955 0.117000 -0.022227 -0.066025 0.296529 0.952479
76.134083986 5.905784 -0.836578 0.116455 -0.021739 -0.064185 0.294401 0.953276
76.190385103 5.914386 -0.834748 0.115238 -0.021063 -0.062057 0.292297 0.954080
76.335336447 5.923552 -0.832637 0.113510 -0.020814 -0.059772 0.290437 0.954798
76.387857914 5.932310 -0.830495 0.111225 -0.020302 -0.057224 0.288691 0.955495
76.531021118 5.941838 -0.828252 0.108445 -0.019952 -0.054197 0.286809 0.956245
76.583842754 5.951592 -0.825956 0.106377 -0.020398 -0.050851 0.284778 0.957026
76.726248264 5.961371 -0.823925 0.104063 -0.021163 -0.047202 0.282474 0.957879
76.782529116 5.971537 -0.822042 0.102569 -0.022635 -0.043292 0.280555 0.958594
76.935982227 5.980947 -0.819329 0.102250 -0.021990 -0.039039 0.279503 0.959099
76.991712570 5.990186 -0.816275 0.103214 -0.021264 -0.035320 0.279551 0.959245
77.139429569 5.999633 -0.813598 0.103921 -0.021648 -0.032449 0.280443 0.959078
77.194709778 6.008743 -0.810471 0.104911 -0.019625 -0.030078 0.281106 0.959005
77.348011971 6.017620 -0.807250 0.106696 -0.015568 -0.028119 0.280725 0.959250
77.402055502 6.026412 -0.804447 0.109450 -0.010917 -0.026926 0.279666 0.959658
77.549108267 6.035004 -0.802019 0.111877 -0.005234 -0.026130 0.278301 0.960124
77.605785608 6.043814 -0.800732 0.114378 -0.001516 -0.026577 0.276696 0.960589
77.755815744 6.052719 -0.800357 0.116227 0.000650 -0.027796 0.275075 0.961021
77.811060667 6.061492 -0.800875 0.116185 0.001426 -0.029159 0.273371 0.961466
77.957517862 6.070481 -0.802216 0.115943 -0.001035 -0.031487 0.272108 0.961751
78.013739109 6.079280 -0.803630 0.115275 -0.004470 -0.034117 0.271230 0.961899
78.161573648 6.087616 -0.804509 0.114631 -0.007209 -0.036779 0.269675 0.962222
78.218719482 6.095202 -0.804464 0.115170 -0.008083 -0.039106 0.266530 0.962999
78.368554354 6.102195 -0.803801 0.116494 -0.007209 -0.041174 0.261686 0.964248
78.423059702 6.108556 -0.803870 0.117541 -0.007531 -0.043369 0.255717 0.965749
78.563155174 6.114675 -0.804937 0.117206 -0.009846 -0.045811 0.249545 0.967229
78.615887165 6.121046 -0.805761 0.116507 -0.012584 -0.048415 0.242574 0.968842
78.762072563 6.127877 -0.805210 0.116808 -0.014406 -0.050908 0.236351 0.970226
78.821145058 6.134619 -0.804155 0.117024 -0.016583 -0.053516 0.231627 0.971190
78.968938351 6.140442 -0.803161 0.117088 -0.018388 -0.056131 0.226116 0.972308
79.027029753 6.146175 -0.802277 0.117823 -0.019809 -0.058899 0.219789 0.973566
79.172797203 6.151801 -0.801655 0.119254 -0.019738 -0.061416 0.213194 0.974878
79.231586456 6.157481 -0.801554 0.121364 -0.018276 -0.063499 0.206640 0.976183
79.376444101 6.163528 -0.801872 0.123796 -0.015944 -0.065221 0.200084 0.977475
79.435082197 6.169907 -0.802812 0.125321 -0.014189 -0.066733 0.193482 0.978729
79.579508066 6.176810 -0.804179 0.126786 -0.013871 -0.067961 0.187005 0.979907
79.637052536 6.184060 -0.805707 0.129034 -0.015200 -0.069295 0.180467 0.981019
79.781896353 6.191464 -0.807555 0.131529 -0.017769 -0.070451 0.173481 0.982153
79.836365938 6.198208 -0.809582 0.133684 -0.021458 -0.071357 0.167187 0.983105
79.976756096 6.206099 -0.811933 0.135355 -0.025695 -0.072065 0.159980 0.984151
80.035064697 6.213170 -0.813456 0.135687 -0.027692 -0.072139 0.153734 0.985086
80.179503441 6.220313 -0.814455 0.134880 -0.027217 -0.071572 0.147485 0.986096
80.237854719 6.227525 -0.815398 0.133713 -0.024571 -0.070318 0.141508 0.987131
80.385026693 6.235267 -0.816998 0.132798 -0.022731 -0.068791 0.136271 0.988019
80.441885948 6.243741 -0.818782 0.133595 -0.023174 -0.067086 0.132106 0.988691
80.587711334 6.252659 -0.820271 0.134791 -0.024580 -0.065151 0.128473 0.989265
80.645238876 6.261781 -0.821579 0.135906 -0.026631 -0.062920 0.125111 0.989787
80.791610003 6.270797 -0.822448 0.136189 -0.027510 -0.060204 0.121896 0.990333
80.850813389 6.279764 -0.822874 0.135317 -0.026307 -0.056895 0.118624 0.990959
81.003151417 6.288367 -0.823664 0.134392 -0.024374 -0.053105 0.114160 0.991743
81.060843468 6.296286 -0.825260 0.133322 -0.023107 -0.049086 0.108361 0.992630
81.209029198 6.304067 -0.826891 0.133301 -0.020451 -0.044758 0.102115 0.993555
81.264868975 6.312415 -0.829041 0.133848 -0.016251 -0.039976 0.095603 0.994484
81.411987066 6.321031 -0.831863 0.134327 -0.011651 -0.035150 0.088927 0.995350
81.470156193 6.329902 -0.835174 0.134870 -0.006868 -0.030348 0.081859 0.996158
81.619757414 6.339082 -0.838506 0.135701 -0.001596 -0.025822 0.074704 0.996870
81.676783323 6.348379 -0.842152 0.136740 0.002365 -0.022029 0.067846 0.997450
81.832177877 6.357715 -0.846057 0.138437 0.003762 -0.019179 0.062083 0.997880
81.886936903 6.367082 -0.849812 0.140417 0.004184 -0.017126 0.057418 0.998195
82.043720245 6.376409 -0.853538 0.141581 0.004024 -0.015488 0.054133 0.998406
82.097499371 6.386044 -0.856627 0.141675 0.004469 -0.014713 0.052981 0.998477
82.256579161 6.395870 -0.859398 0.141523 0.003937 -0.014688 0.053970 0.998427
82.313786507 6.405947 -0.862172 0.141442 0.002034 -0.015236 0.056141 0.998305
82.477674961 6.415570 -0.864814 0.140970 -0.000436 -0.016100 0.058655 0.998148
82.538969278 6.424611 -0.867102 0.140939 -0.003134 -0.017356 0.061367 0.997959
82.701589584 6.433197 -0.868477 0.142036 -0.004251 -0.018995 0.063865 0.997769
82.761489630 6.441521 -0.869523 0.143405 -0.004480 -0.020996 0.066163 0.997578
82.919781685 6.449732 -0.870298 0.144880 -0.004092 -0.023302 0.068193 0.997392
82.979316235 6.457695 -0.870817 0.146333 -0.003430 -0.025632 0.069387 0.997255
83.141217470 6.465016 -0.871346 0.148486 -0.002532 -0.028151 0.068933 0.997221
83.207822084 6.471587 -0.872074 0.150562 -0.000966 -0.030628 0.067545 0.997246
83.367531061 6.477962 -0.873506 0.152716 -0.000143 -0.033210 0.065239 0.997317
83.432757378 6.484139 -0.875711 0.154127 -0.000369 -0.035810 0.062233 0.997419
83.589843273 6.490125 -0.878751 0.154915 -0.002226 -0.038392 0.058490 0.997547
83.651920795 6.496119 -0.882020 0.155533 -0.004592 -0.041031 0.053906 0.997692
83.802338600 6.501760 -0.884637 0.156459 -0.006135 -0.043597 0.048541 0.997850
83.863339424 6.507591 -0.886667 0.157577 -0.006372 -0.046305 0.042375 0.998008
84.012947083 6.513538 -0.888982 0.159038 -0.006997 -0.049049 0.035459 0.998142
84.069776058 6.518856 -0.891628 0.159658 -0.008422 -0.051245 0.028905 0.998232
84.219462156 6.525179 -0.894697 0.160028 -0.010051 -0.053314 0.021888 0.998287
84.279100895 6.531950 -0.897328 0.160920 -0.010467 -0.055322 0.016079 0.998284
84.426890850 6.539076 -0.900489 0.162802 -0.012271 -0.056940 0.011303 0.998238
84.486736059 6.546478 -0.904173 0.165144 -0.015601 -0.058089 0.006917 0.998166
84.631199121 6.553940 -0.907643 0.167239 -0.018120 -0.058795 0.002418 0.998103
84.690904140 6.561505 -0.910816 0.168549 -0.019184 -0.059140 -0.002087 0.998063
84.840312004 6.569152 -0.913993 0.168703 -0.019317 -0.059400 -0.007206 0.998021
84.900697231 6.576498 -0.917413 0.169353 -0.019424 -0.059144 -0.013881 0.997964
85.048166752 6.584195 -0.921064 0.170183 -0.019124 -0.058436 -0.020316 0.997901
85.108880758 6.592350 -0.924923 0.170845 -0.018787 -0.057664 -0.025645 0.997830
85.258556366 6.600975 -0.928660 0.171232 -0.017724 -0.056807 -0.029686 0.997786
85.319096804 6.610086 -0.932395 0.171257 -0.016401 -0.055855 -0.032644 0.997770
85.464431524 6.619054 -0.935673 0.171231 -0.014421 -0.054769 -0.034667 0.997793
85.520623207 6.628822 -0.939185 0.170724 -0.012002 -0.053416 -0.036316 0.997840
85.667591572 6.638879 -0.942523 0.169042 -0.008401 -0.051969 -0.037783 0.997898
85.724503517 6.649212 -0.945818 0.167750 -0.004955 -0.050190 -0.039328 0.997953
85.872619152 6.659150 -0.949780 0.167358 -0.003214 -0.048128 -0.042273 0.997941
85.930101395 6.668871 -0.954256 0.168029 -0.001668 -0.045940 -0.046612 0.997855
86.094061852 6.678442 -0.959361 0.168642 -0.000354 -0.043624 -0.051811 0.997704
86.150911808 6.688312 -0.964465 0.168776 0.002758 -0.041629 -0.057399 0.997479
86.302651882 6.697958 -0.970659 0.169260 0.003765 -0.039330 -0.063944 0.997171
86.359647036 6.707479 -0.977178 0.169049 0.004759 -0.036985 -0.071075 0.996774
86.517084837 6.717189 -0.982735 0.169507 0.007360 -0.034937 -0.077141 0.996381
86.574372292 6.727451 -0.987834 0.170723 0.010300 -0.033723 -0.080945 0.996095
86.727615833 6.737983 -0.993889 0.171511 0.009726 -0.032683 -0.083208 0.995949
86.785177708 6.748640 -1.000035 0.171903 0.007942 -0.032046 -0.084066 0.995913
86.941885948 6.759351 -1.005480 0.172261 0.007384 -0.031886 -0.083711 0.995952
86.998665094 6.769914 -1.009780 0.172969 0.008274 -0.032146 -0.082643 0.996026
87.155543327 6.780219 -1.013555 0.173311 0.008896 -0.032615 -0.081397 0.996108
87.213770866 6.790367 -1.017087 0.173221 0.008765 -0.033380 -0.079803 0.996213
87.369197369 6.800548 -1.020491 0.172805 0.008411 -0.034590 -0.077850 0.996329
87.426792145 6.810790 -1.024156 0.172098 0.008020 -0.036134 -0.076144 0.996410
87.587418318 6.821135 -1.028334 0.172780 0.006608 -0.038082 -0.075356 0.996407
87.645745039 6.831383 -1.033235 0.173270 0.004478 -0.039965 -0.075232 0.996355
87.797758102 6.841641 -1.037721 0.175004 0.004874 -0.041928 -0.076371 0.996186
87.854410172 6.851641 -1.042936 0.176316 0.004766 -0.043614 -0.078400 0.995956
88.009589195 6.861151 -1.048345 0.176938 0.005001 -0.044695 -0.080930 0.995705
88.067920685 6.870405 -1.053231 0.177351 0.006802 -0.045749 -0.083082 0.995469
88.218592644 6.879526 -1.057569 0.178125 0.009447 -0.046499 -0.084582 0.995286
88.276710033 6.888810 -1.061426 0.179377 0.012204 -0.047134 -0.085139 0.995179
88.428024292 6.898244 -1.065150 0.180939 0.013542 -0.047590 -0.085109 0.995142
88.484518528 6.907764 -1.068568 0.182099 0.014366 -0.047903 -0.085021 0.995123
88.633762836 6.917433 -1.071744 0.182556 0.015246 -0.048133 -0.084958 0.995104
88.690169573 6.927268 -1.074808 0.182226 0.015659 -0.048276 -0.084885 0.995097
88.839601755 6.937216 -1.077478 0.181346 0.016583 -0.048420 -0.084641 0.995096
88.896353722 6.947015 -1.080645 0.180437 0.016473 -0.048363 -0.084298 0.995130
89.049142599 6.956392 -1.085076 0.180069 0.012893 -0.047790 -0.084400 0.995202
89.110487700 6.965793 -1.089804 0.181290 0.008424 -0.046485 -0.085428 0.995224
89.271300077 6.974626 -1.093274 0.183292 0.006800 -0.045050 -0.086728 0.995190
89.332878590 6.983620 -1.096107 0.185605 0.006640 -0.043342 -0.088195 0.995138
89.489324331 6.992852 -1.098786 0.187742 0.007465 -0.041365 -0.089545 0.995095
89.545443296 7.001960 -1.101649 0.189012 0.008351 -0.039197 -0.090803 0.995062
89.698144913 7.011523 -1.104873 0.189558 0.009009 -0.036718 -0.092037 0.995038
89.753645182 7.021497 -1.108310 0.189367 0.009727 -0.033970 -0.093264 0.995014
89.909946918 7.031497 -1.112351 0.188811 0.008993 -0.031004 -0.094209 0.995029
89.967521906 7.041334 -1.117041 0.188747 0.005983 -0.027743 -0.094882 0.995084
90.125938892 7.051255 -1.121398 0.188972 0.003192 -0.024416 -0.095279 0.995146
90.182963133 7.061410 -1.125009 0.189359 0.001314 -0.021065 -0.095519 0.995204
90.341538668 7.071889 -1.128035 0.189479 -0.000144 -0.017728 -0.095494 0.995272
90.398070335 7.082553 -1.130676 0.188875 -0.001408 -0.014386 -0.095205 0.995353
90.563901186 7.093319 -1.132927 0.188024 -0.001501 -0.011040 -0.095030 0.995412
90.620487213 7.104057 -1.135808 0.188431 -0.001507 -0.007899 -0.094867 0.995457
90.784985542 7.114607 -1.139722 0.189838 -0.003349 -0.005278 -0.094461 0.995509
90.839426517 7.124928 -1.144357 0.192421 -0.007340 -0.003339 -0.093506 0.995586
91.003281355 7.135281 -1.149093 0.194064 -0.011165 -0.001929 -0.091947 0.995699
91.059546709 7.145640 -1.153419 0.194714 -0.013566 -0.000977 -0.089974 0.995851
91.224453688 7.155892 -1.157625 0.194609 -0.015035 -0.000326 -0.087977 0.996009
91.281111002 7.166094 -1.161600 0.195581 -0.015371 -0.000335 -0.086216 0.996158
91.447291374 7.176330 -1.166436 0.198612 -0.017362 -0.001421 -0.085028 0.996226
91.503739357 7.186518 -1.171892 0.201493 -0.019806 -0.002964 -0.084215 0.996246
91.665864706 7.196996 -1.176965 0.204334 -0.019347 -0.005232 -0.084143 0.996252
91.720026731 7.207426 -1.182434 0.205871 -0.018374 -0.007712 -0.084841 0.996195
91.877229214 7.217810 -1.188166 0.205701 -0.016641 -0.010281 -0.086053 0.996098
91.933812618 7.228086 -1.193679 0.205492 -0.013503 -0.013217 -0.087951 0.995946
92.091342449 7.238335 -1.199623 0.205542 -0.010789 -0.016381 -0.090634 0.995691
92.146092176 7.248373 -1.206323 0.205379 -0.009946 -0.019604 -0.093830 0.995345
92.303330660 7.258383 -1.213080 0.205231 -0.008788 -0.022913 -0.097580 0.994925
92.360890150 7.268321 -1.219772 0.206014 -0.007299 -0.026107 -0.102201 0.994394
92.520388126 7.277638 -1.227508 0.206835 -0.009389 -0.028833 -0.107176 0.993778
92.577295065 7.286498 -1.235718 0.206957 -0.012724 -0.031107 -0.113114 0.993013
92.729093313 7.295439 -1.242892 0.208558 -0.012267 -0.032932 -0.121115 0.992016
92.785133600 7.304372 -1.250622 0.209756 -0.011476 -0.034159 -0.130444 0.990801
92.933079004 7.312892 -1.258776 0.209776 -0.010821 -0.034726 -0.139954 0.989490
92.991392612 7.321289 -1.267170 0.209477 -0.010542 -0.035069 -0.148322 0.988261
93.150537491 7.329409 -1.276436 0.209179 -0.013489 -0.034797 -0.156457 0.986979
93.207069635 7.337237 -1.286027 0.208834 -0.017582 -0.034101 -0.165254 0.985504
93.363196611 7.345602 -1.294149 0.209702 -0.017450 -0.033882 -0.174561 0.983908
93.420598745 7.354208 -1.301462 0.211518 -0.015362 -0.034190 -0.183458 0.982313
93.581602097 7.362603 -1.309025 0.212715 -0.014347 -0.034321 -0.192142 0.980662
93.639544010 7.370801 -1.316691 0.213673 -0.014349 -0.034156 -0.200646 0.978963
93.796046734 7.379128 -1.323676 0.214339 -0.014154 -0.034140 -0.207674 0.977500
93.854710102 7.388149 -1.330537 0.214764 -0.014952 -0.034579 -0.212208 0.976498
94.016273260 7.397522 -1.337505 0.215056 -0.016644 -0.034895 -0.215689 0.975696
94.074321985 7.407093 -1.344039 0.215595 -0.017456 -0.035415 -0.218691 0.974995
94.229959965 7.416684 -1.350234 0.216436 -0.017704 -0.036264 -0.220753 0.974495
94.291389227 7.426021 -1.356572 0.217317 -0.018932 -0.036973 -0.222205 0.974115
94.453629255 7.435104 -1.363394 0.217678 -0.021025 -0.037573 -0.224106 0.973613
94.511336088 7.444274 -1.370442 0.218529 -0.022770 -0.038309 -0.227331 0.972797
94.675420761 7.453442 -1.377680 0.219496 -0.023904 -0.039105 -0.231621 0.971726
94.734384060 7.462484 -1.385111 0.220825 -0.024559 -0.039801 -0.236953 0.970395
94.889684439 7.471273 -1.392725 0.222241 -0.025314 -0.040450 -0.242851 0.968889
94.947721004 7.479693 -1.400695 0.223122 -0.027002 -0.040887 -0.249343 0.967175
95.102473736 7.487962 -1.408416 0.224286 -0.028086 -0.041468 -0.256643 0.965208
95.160849810 7.495990 -1.415937 0.225848 -0.027982 -0.042144 -0.264916 0.962944
95.319054127 7.503310 -1.423899 0.226967 -0.028297 -0.042383 -0.273999 0.960379
95.378859758 7.510132 -1.432001 0.228144 -0.028281 -0.042409 -0.283726 0.957550
95.538662195 7.516905 -1.439945 0.229665 -0.027186 -0.042704 -0.293431 0.954639
95.598010302 7.523472 -1.447932 0.231264 -0.026462 -0.042977 -0.302739 0.951736
95.755326033 7.530134 -1.455791 0.232553 -0.025677 -0.043454 -0.311613 0.948867
95.815461874 7.536673 -1.463811 0.233262 -0.024906 -0.043939 -0.320255 0.945984
95.977671385 7.542955 -1.472086 0.233603 -0.024222 -0.044206 -0.327689 0.943440
96.035294771 7.549661 -1.480111 0.235143 -0.023280 -0.044971 -0.332211 0.941845
96.194823742 7.556743 -1.488385 0.236911 -0.024041 -0.045343 -0.334541 0.940983
96.251587152 7.564204 -1.496397 0.238084 -0.025003 -0.045704 -0.335895 0.940458
96.412339211 7.571964 -1.503650 0.239318 -0.025141 -0.046216 -0.336547 0.940196
96.469117641 7.579624 -1.510618 0.240707 -0.024771 -0.046736 -0.337071 0.939992
96.628662348 7.587184 -1.517598 0.241984 -0.024019 -0.047574 -0.337235 0.939911
96.685356140 7.594528 -1.524696 0.243766 -0.022930 -0.048989 -0.337129 0.939903
96.843721867 7.601658 -1.532270 0.245180 -0.022166 -0.050579 -0.336983 0.939890
96.900202036 7.608768 -1.540278 0.245863 -0.021430 -0.052559 -0.336618 0.939929
97.055915356 7.615472 -1.548959 0.247625 -0.022582 -0.054133 -0.336907 0.939709
97.112514496 7.622076 -1.558108 0.250089 -0.024648 -0.055405 -0.338348 0.939065
97.264643669 7.628562 -1.567403 0.252996 -0.026757 -0.056613 -0.340760 0.938063
97.322326422 7.635142 -1.576963 0.255490 -0.028588 -0.057767 -0.344093 0.936721
97.472947598 7.641940 -1.586444 0.257935 -0.029283 -0.059332 -0.348594 0.934935
97.527166843 7.648164 -1.596482 0.259216 -0.031234 -0.060175 -0.354001 0.932785
97.675973654 7.654080 -1.606739 0.259745 -0.033880 -0.060470 -0.360712 0.930098
97.729728699 7.659907 -1.616802 0.260327 -0.036317 -0.060542 -0.369008 0.926741
97.878066301 7.665620 -1.626989 0.260512 -0.038416 -0.060394 -0.378198 0.922953
97.935531378 7.670569 -1.637635 0.260144 -0.041268 -0.059383 -0.388058 0.918794
98.089176178 7.675093 -1.648500 0.259340 -0.043606 -0.057961 -0.398523 0.914286
98.141780376 7.679244 -1.659645 0.258484 -0.045130 -0.056223 -0.409351 0.909524
98.295688391 7.683101 -1.671058 0.257457 -0.045954 -0.054222 -0.420534 0.904489
98.348314047 7.686579 -1.682797 0.256353 -0.046437 -0.051896 -0.431791 0.899281
98.497649193 7.690025 -1.694112 0.256239 -0.045752 -0.049726 -0.442803 0.894069
98.551777840 7.694301 -1.704803 0.257200 -0.041816 -0.048931 -0.452711 0.889331
98.707181931 7.699342 -1.715012 0.257779 -0.035329 -0.049271 -0.460866 0.885396
98.760396957 7.703855 -1.725785 0.259347 -0.029476 -0.049260 -0.466701 0.882550
98.915939093 7.708072 -1.737511 0.261128 -0.025349 -0.048390 -0.471136 0.880367
98.969179630 7.712896 -1.749306 0.263035 -0.021217 -0.047964 -0.473978 0.878973
99.124059677 7.717771 -1.761162 0.264808 -0.018428 -0.047183 -0.475475 0.878269
99.176694632 7.722341 -1.773226 0.266440 -0.018111 -0.045449 -0.476136 0.878010
99.332336426 7.726824 -1.785570 0.267686 -0.019538 -0.043301 -0.476261 0.878020
99.386078596 7.732313 -1.797337 0.268870 -0.018887 -0.042924 -0.475747 0.878331
99.538441420 7.738098 -1.808462 0.269638 -0.016361 -0.043789 -0.475062 0.878710
99.591074944 7.743125 -1.819665 0.270384 -0.014720 -0.044009 -0.474205 0.879191
99.738930464 7.746876 -1.831441 0.272386 -0.016482 -0.042390 -0.473320 0.879716
99.792365313 7.750752 -1.843305 0.274528 -0.018142 -0.041062 -0.472523 0.880174
99.946470022 7.754533 -1.855648 0.276903 -0.020218 -0.039760 -0.472365 0.880274
99.999905109 7.758771 -1.868081 0.279128 -0.020840 -0.039274 -0.472741 0.880079
100.149797916 7.762906 -1.880756 0.281609 -0.021486 -0.038986 -0.473716 0.879552
100.200106621 7.766709 -1.893680 0.282916 -0.022476 -0.038497 -0.474923 0.878898
100.350579023 7.769838 -1.907425 0.282695 -0.025842 -0.037026 -0.476327 0.878108
100.404441357 7.773537 -1.921131 0.281683 -0.028172 -0.036402 -0.477751 0.877289
100.557079792 7.778733 -1.934191 0.281929 -0.026746 -0.038348 -0.479679 0.876198
100.611188412 7.784369 -1.947036 0.283034 -0.023226 -0.041397 -0.482150 0.874802
100.763041735 7.789048 -1.959432 0.285017 -0.020527 -0.043706 -0.484348 0.873542
100.816522121 7.793467 -1.971584 0.286459 -0.018195 -0.045864 -0.485772 0.872692
100.970641375 7.797548 -1.984045 0.286859 -0.017553 -0.047054 -0.486930 0.871996
101.026307821 7.801533 -1.996268 0.287878 -0.017468 -0.047715 -0.487822 0.871463
101.174835682 7.805859 -2.007792 0.289773 -0.015921 -0.048647 -0.488572 0.871021
101.228831768 7.810341 -2.019138 0.290780 -0.013731 -0.049730 -0.489119 0.870690
101.379026651 7.814287 -2.030595 0.291755 -0.013528 -0.049479 -0.489930 0.870251
101.434054375 7.818288 -2.041826 0.292875 -0.013683 -0.048727 -0.491143 0.869607
101.587243557 7.822427 -2.052827 0.294244 -0.014271 -0.047563 -0.492490 0.868900
101.641234398 7.827081 -2.063350 0.295393 -0.014029 -0.046693 -0.493856 0.868176
101.790310621 7.832110 -2.073509 0.296235 -0.013098 -0.045972 -0.495070 0.867537
101.843573093 7.837115 -2.083587 0.296587 -0.012298 -0.044812 -0.496357 0.866874
101.998275042 7.842029 -2.093817 0.296889 -0.012109 -0.042977 -0.497775 0.866156
102.052635193 7.847022 -2.104046 0.297616 -0.011912 -0.041026 -0.499013 0.865541
102.206780434 7.852375 -2.113931 0.299384 -0.010155 -0.040149 -0.499863 0.865114
102.259929419 7.857594 -2.123897 0.301168 -0.007831 -0.039588 -0.500626 0.864722
102.412691832 7.862358 -2.134149 0.302949 -0.006156 -0.038555 -0.501595 0.864221
102.465089798 7.867325 -2.144346 0.305028 -0.003606 -0.038157 -0.502526 0.863712
102.623768806 7.872191 -2.154637 0.307025 -0.000522 -0.038141 -0.503209 0.863322
102.676223516 7.876863 -2.165168 0.308354 0.002653 -0.038182 -0.503832 0.862953
102.834082127 7.881252 -2.176047 0.309024 0.005307 -0.037814 -0.504583 0.862518
102.885548830 7.885365 -2.187273 0.309729 0.006875 -0.036628 -0.505522 0.862008
103.039915800 7.889747 -2.198667 0.310032 0.008501 -0.035401 -0.506432 0.861511
103.091998577 7.894529 -2.209988 0.310342 0.010932 -0.034621 -0.507314 0.860996
103.248054028 7.899465 -2.221239 0.311853 0.014278 -0.034443 -0.507824 0.860654
103.301091671 7.904074 -2.232843 0.314053 0.017003 -0.033827 -0.508205 0.860403
103.458690166 7.908584 -2.244812 0.315570 0.019388 -0.032910 -0.508458 0.860239
103.510946751 7.913114 -2.257062 0.315776 0.021554 -0.031776 -0.508567 0.860166
103.670234919 7.918052 -2.269268 0.315240 0.024645 -0.031276 -0.508372 0.860217
103.722996712 7.922704 -2.281397 0.316636 0.027352 -0.030631 -0.507834 0.860476
103.882840872 7.926864 -2.293627 0.319394 0.028800 -0.029109 -0.507209 0.860850
103.934740067 7.931163 -2.305950 0.321408 0.030219 -0.027506 -0.506499 0.861272
104.099135637 7.935586 -2.318657 0.322218 0.031331 -0.025850 -0.506172 0.861475
104.151980877 7.939991 -2.331709 0.323762 0.031927 -0.023778 -0.506787 0.861152
104.316936493 7.945012 -2.345018 0.325252 0.033500 -0.022550 -0.507835 0.860507
104.368634939 7.949968 -2.358413 0.326835 0.034497 -0.020956 -0.509581 0.859475
104.534049511 7.955463 -2.370966 0.328835 0.036944 -0.020314 -0.511031 0.858528
104.585606337 7.960870 -2.383051 0.331232 0.039493 -0.020243 -0.512097 0.857780
104.750621796 7.966210 -2.394624 0.334003 0.043062 -0.021145 -0.512814 0.857158
104.802384853 7.970989 -2.406306 0.336163 0.045736 -0.021788 -0.513418 0.856642
104.968863010 7.975467 -2.418131 0.337891 0.047316 -0.022251 -0.513560 0.856459
105.020576477 7.979831 -2.430139 0.338912 0.048550 -0.023080 -0.513141 0.856619
105.184965611 7.983929 -2.442033 0.340338 0.049367 -0.024308 -0.512204 0.857100
105.235546827 7.987744 -2.454136 0.341798 0.049285 -0.025468 -0.511103 0.857727
105.399690866 7.991665 -2.466328 0.342989 0.049402 -0.027037 -0.509860 0.858412
105.451525211 7.995498 -2.478666 0.343248 0.049231 -0.028490 -0.508970 0.858903
105.615233421 7.998880 -2.491361 0.343479 0.047310 -0.029286 -0.508237 0.859418
105.667579889 8.002546 -2.504135 0.343765 0.045610 -0.030975 -0.506620 0.860405
105.828772545 8.006056 -2.517164 0.344457 0.043389 -0.033095 -0.504424 0.861730
105.881417274 8.009372 -2.530394 0.345399 0.040385 -0.035379 -0.501926 0.863242
106.040659189 8.013141 -2.543347 0.345698 0.038511 -0.038728 -0.498934 0.864917
106.093751907 8.016749 -2.556579 0.345192 0.035867 -0.041988 -0.495575 0.866808
106.248876095 8.020208 -2.570127 0.343889 0.031960 -0.044611 -0.492458 0.868604
106.300577641 8.024475 -2.583211 0.342239 0.029462 -0.048041 -0.489516 0.870171
106.453613520 8.029175 -2.595767 0.341756 0.027913 -0.051901 -0.486971 0.871428
106.505135298 8.034128 -2.607876 0.341700 0.026984 -0.055759 -0.485414 0.872087
106.655603409 8.039190 -2.620157 0.340375 0.026347 -0.059664 -0.483905 0.872686
106.708145380 8.043530 -2.632656 0.340657 0.022769 -0.061212 -0.483291 0.873020
106.857481241 8.048261 -2.644779 0.340961 0.019422 -0.062336 -0.483722 0.872783
106.910133839 8.053617 -2.656082 0.341829 0.018343 -0.064108 -0.484906 0.872021
107.058703899 8.058807 -2.667077 0.343482 0.017775 -0.065614 -0.486398 0.871089
107.111542225 8.063785 -2.677994 0.345148 0.017154 -0.066508 -0.488445 0.869888
107.256875038 8.068927 -2.688764 0.346823 0.017908 -0.067911 -0.490645 0.868525
107.308452368 8.073828 -2.699733 0.348015 0.019049 -0.069427 -0.492718 0.867206
107.453130007 8.078417 -2.710993 0.348283 0.019503 -0.070294 -0.495056 0.865793
107.504694939 8.083067 -2.722335 0.347883 0.019756 -0.070831 -0.497557 0.864309
107.655259848 8.087756 -2.733442 0.348829 0.020730 -0.071417 -0.500063 0.862790
107.707114697 8.092053 -2.744682 0.350375 0.021281 -0.071421 -0.502708 0.861238
107.854431629 8.096337 -2.755818 0.352013 0.021987 -0.071209 -0.505336 0.859699
107.906458855 8.100522 -2.766942 0.353140 0.022914 -0.070687 -0.507976 0.858160
108.055420876 8.104720 -2.778338 0.353891 0.023663 -0.069730 -0.510602 0.856658
108.109019518 8.108933 -2.789980 0.354387 0.023956 -0.068333 -0.513396 0.855091
108.256029129 8.113139 -2.801831 0.355015 0.023546 -0.066643 -0.515910 0.853722
108.308809757 8.117536 -2.813662 0.355849 0.023078 -0.065364 -0.517595 0.852813
108.458411455 8.122407 -2.825055 0.357146 0.024046 -0.065121 -0.518740 0.852109
108.512237072 8.126978 -2.836496 0.358491 0.024210 -0.064621 -0.519800 0.851496
108.661539316 8.131491 -2.847865 0.360147 0.024094 -0.064179 -0.520581 0.851056
108.715570450 8.135819 -2.859326 0.361872 0.023829 -0.063747 -0.521194 0.850720
108.865145206 8.139879 -2.870898 0.363795 0.023029 -0.062995 -0.521825 0.850412
108.917648315 8.143853 -2.882632 0.365403 0.021668 -0.062186 -0.522256 0.850242
109.066275835 8.148196 -2.894321 0.366281 0.021197 -0.062267 -0.522289 0.850228
109.119201899 8.152650 -2.905638 0.367090 0.021674 -0.063164 -0.522088 0.850274
109.266872883 8.156808 -2.916688 0.368202 0.022091 -0.064057 -0.521776 0.850387
109.319710732 8.160567 -2.927730 0.369567 0.021788 -0.064604 -0.521354 0.850613
109.466608524 8.164279 -2.938588 0.371099 0.021296 -0.065090 -0.520888 0.850873
109.518918991 8.168121 -2.949209 0.372132 0.020901 -0.065607 -0.520533 0.851060
109.662463188 8.172134 -2.959641 0.372642 0.020266 -0.065986 -0.520337 0.851166
109.714802504 8.176233 -2.969997 0.372622 0.018968 -0.066000 -0.520287 0.851226
109.863088608 8.180207 -2.980579 0.372079 0.016373 -0.065402 -0.520163 0.851402
109.916036606 8.183950 -2.991575 0.371498 0.012610 -0.064366 -0.519865 0.851727
110.064094543 8.188303 -3.002051 0.372936 0.011021 -0.064750 -0.519287 0.852072
110.115867376 8.192553 -3.012391 0.374841 0.010063 -0.065494 -0.518736 0.852363
110.259965897 8.196835 -3.022607 0.376394 0.009968 -0.066647 -0.518193 0.852605
110.311563492 8.200973 -3.032608 0.377743 0.010313 -0.067952 -0.517815 0.852728
110.454867363 8.205119 -3.042395 0.378883 0.011373 -0.069518 -0.517534 0.852758
110.507663488 8.209264 -3.052253 0.379677 0.013047 -0.071223 -0.517231 0.852777
110.650790453 8.213125 -3.062346 0.380181 0.014393 -0.072482 -0.517129 0.852711
110.704060793 8.216018 -3.072841 0.381889 0.013448 -0.072499 -0.517329 0.852604
110.849319935 8.218790 -3.083414 0.384181 0.012200 -0.072543 -0.517501 0.852514
110.901313782 8.221693 -3.094096 0.385838 0.011132 -0.072768 -0.517580 0.852462
111.048644304 8.224594 -3.104830 0.387224 0.009825 -0.072997 -0.517557 0.852472
111.100239515 8.227778 -3.115278 0.388773 0.009126 -0.073693 -0.517366 0.852537
111.246232986 8.230828 -3.125609 0.390701 0.007594 -0.074069 -0.517150 0.852650
111.297816992 8.233646 -3.136081 0.392855 0.005152 -0.074193 -0.517044 0.852722
111.438412189 8.236469 -3.146540 0.395009 0.002366 -0.074341 -0.516902 0.852807
111.490095854 8.239734 -3.156730 0.396786 0.000461 -0.075099 -0.516585 0.852936
111.630039692 8.243556 -3.166570 0.397829 0.000326 -0.076844 -0.516171 0.853031
111.682077408 8.247554 -3.176033 0.398504 0.001327 -0.079211 -0.515836 0.853017
111.820677757 8.251439 -3.185461 0.399188 0.001705 -0.081336 -0.515275 0.853155
111.873529673 8.254917 -3.195081 0.400331 0.000641 -0.082524 -0.514753 0.853357
112.013316631 8.258191 -3.204958 0.401606 -0.000832 -0.083048 -0.514699 0.853339
112.065531731 8.261526 -3.215047 0.402873 -0.002495 -0.083262 -0.514840 0.853230
112.203139544 8.265232 -3.225044 0.404284 -0.003727 -0.083505 -0.515117 0.853035
112.254810810 8.269056 -3.235142 0.405527 -0.004956 -0.083430 -0.515634 0.852723
112.392779350 8.273006 -3.245792 0.406058 -0.005857 -0.083243 -0.515880 0.852587
112.444476128 8.277289 -3.256599 0.406768 -0.004897 -0.083686 -0.515098 0.853022
112.582875729 8.281300 -3.268238 0.407504 -0.004837 -0.083513 -0.513311 0.854116
112.635372877 8.285393 -3.280171 0.408694 -0.003922 -0.083341 -0.510674 0.855717
112.772390842 8.289032 -3.292785 0.407943 -0.004141 -0.082109 -0.508357 0.857213
112.824266434 8.293043 -3.304825 0.407509 -0.002836 -0.081193 -0.507308 0.857927
112.964401722 8.297286 -3.316017 0.408640 -0.000523 -0.080071 -0.507356 0.858008
113.015312910 8.301269 -3.327467 0.409945 0.000448 -0.078032 -0.507609 0.858046
113.151984453 8.305322 -3.338983 0.410547 0.001409 -0.075591 -0.508173 0.857930
113.202713728 8.309237 -3.350684 0.410512 0.001584 -0.072289 -0.509054 0.857692
113.340171099 8.313252 -3.362495 0.409961 0.001342 -0.068403 -0.510028 0.857433
113.392421246 8.317368 -3.374504 0.408921 0.000360 -0.063839 -0.510987 0.857214
113.531816006 8.321733 -3.386558 0.408293 -0.000413 -0.059095 -0.511635 0.857168
113.582893610 8.326736 -3.398403 0.408192 0.000440 -0.055115 -0.511718 0.857384
113.723287106 8.331635 -3.410640 0.407827 0.000698 -0.050785 -0.511453 0.857809
113.776566267 8.336344 -3.423175 0.407668 -0.000161 -0.045750 -0.510923 0.858408
113.917336226 8.341457 -3.435489 0.407482 -0.000122 -0.040957 -0.510424 0.858947
113.970296860 8.347225 -3.447340 0.407591 0.002084 -0.037126 -0.509831 0.859470
114.115304708 8.353261 -3.459587 0.408267 0.005712 -0.034170 -0.508504 0.860363
114.168864489 8.358930 -3.473076 0.408506 0.008000 -0.030716 -0.506291 0.861779
114.318736076 8.364223 -3.487269 0.409931 0.009185 -0.026915 -0.503123 0.863747
114.372101784 8.369462 -3.501526 0.412545 0.010465 -0.023495 -0.499213 0.866097
114.522691011 8.374656 -3.515908 0.415061 0.012103 -0.020580 -0.494791 0.868684
114.575480938 8.379826 -3.530136 0.417624 0.014368 -0.018042 -0.490268 0.871266
114.721346617 8.384108 -3.544642 0.419770 0.014619 -0.014284 -0.486079 0.873676
114.774045944 8.388213 -3.559989 0.419295 0.014018 -0.010419 -0.482013 0.875990
114.926364422 8.391964 -3.575844 0.419726 0.011683 -0.006411 -0.478075 0.878218
114.980282068 8.396683 -3.591132 0.421344 0.011131 -0.004133 -0.473842 0.880530
115.131406307 8.400865 -3.606487 0.423723 0.008923 -0.000979 -0.470324 0.882448
115.183179379 8.405198 -3.622208 0.424322 0.006780 0.002021 -0.467031 0.884213
115.332967997 8.409941 -3.638304 0.423560 0.005178 0.004329 -0.463433 0.886106
115.384363651 8.415674 -3.653660 0.424269 0.005760 0.004639 -0.459393 0.888202
115.536871910 8.421645 -3.669191 0.424331 0.007030 0.004166 -0.455197 0.890353
115.590453386 8.426715 -3.685593 0.424248 0.005159 0.004692 -0.451657 0.892164
115.743359089 8.432200 -3.702421 0.424197 0.003101 0.004891 -0.448675 0.893676
115.796710253 8.438122 -3.719466 0.424135 0.001178 0.004463 -0.446301 0.894871
115.953154564 8.444192 -3.736383 0.423457 -0.000402 0.003595 -0.444021 0.896009
116.006782293 8.450928 -3.752447 0.423565 0.000044 0.000944 -0.441658 0.897183
116.160452604 8.457567 -3.768624 0.423271 0.000382 -0.002064 -0.439520 0.898230
116.213185787 8.464111 -3.784677 0.422932 0.000552 -0.005485 -0.437353 0.899273
116.365136623 8.470269 -3.800878 0.422824 -0.000307 -0.008821 -0.435154 0.900313
116.419547081 8.475809 -3.817546 0.422585 -0.003369 -0.011295 -0.433253 0.901195
116.571725607 8.481441 -3.833811 0.422919 -0.006519 -0.013687 -0.431415 0.902026
116.626326561 8.487196 -3.849570 0.423112 -0.009171 -0.015841 -0.430015 0.902636
116.777785301 8.493398 -3.864146 0.423777 -0.009690 -0.018226 -0.429209 0.902969
116.832439661 8.500030 -3.877264 0.425063 -0.007417 -0.020909 -0.428971 0.903046
116.981537104 8.506290 -3.890415 0.425941 -0.005258 -0.022751 -0.429318 0.902851
117.034533262 8.512332 -3.903195 0.426826 -0.002607 -0.023958 -0.430288 0.902370
117.179730892 8.518021 -3.915828 0.427680 -0.000570 -0.024128 -0.431894 0.901601
117.231919289 8.523080 -3.929323 0.427261 -0.000896 -0.022730 -0.434056 0.900599
117.380677223 8.528025 -3.943136 0.426361 -0.001762 -0.020716 -0.436834 0.899302
117.434068680 8.532639 -3.957100 0.425748 -0.003541 -0.017456 -0.441057 0.897302
117.583961725 8.537309 -3.971179 0.424865 -0.005230 -0.013709 -0.446163 0.894832
117.638123512 8.542783 -3.984505 0.424698 -0.004439 -0.010580 -0.452059 0.891914
117.790330887 8.548529 -3.997053 0.424526 -0.001184 -0.008019 -0.457403 0.889222
117.843709469 8.554467 -4.010042 0.424416 0.001663 -0.005788 -0.461872 0.886926
118.000575781 8.560757 -4.022763 0.426306 0.004742 -0.003781 -0.464893 0.885346
118.053092718 8.566894 -4.035980 0.427805 0.005601 -0.000930 -0.467092 0.884190
118.205117464 8.573267 -4.049622 0.427655 0.005422 0.002104 -0.468631 0.883375
118.258937359 8.580473 -4.062844 0.427067 0.006951 0.003933 -0.469476 0.882909
118.414338350 8.587737 -4.075995 0.426683 0.008533 0.005286 -0.469667 0.882787
118.469370842 8.594504 -4.089646 0.427444 0.007547 0.007143 -0.469240 0.883010
118.624678135 8.601728 -4.103365 0.428065 0.007205 0.008103 -0.468169 0.883572
118.678808451 8.608859 -4.117317 0.429010 0.006319 0.008660 -0.466637 0.884384
118.835653782 8.616413 -4.131335 0.429829 0.005764 0.008163 -0.464379 0.885580
118.889880896 8.624464 -4.145464 0.429833 0.007168 0.006293 -0.461459 0.887110
119.045762539 8.632236 -4.159975 0.429004 0.008632 0.004141 -0.458556 0.888614
119.099795818 8.639761 -4.174910 0.428339 0.009902 0.001309 -0.455139 0.890364
119.252027750 8.646767 -4.190252 0.426849 0.010296 -0.001251 -0.451528 0.892196
119.306231022 8.652670 -4.206499 0.424889 0.007479 -0.002014 -0.448552 0.893723
119.459700823 8.658526 -4.222470 0.424195 0.004618 -0.002422 -0.446088 0.894974
119.513845921 8.664689 -4.237543 0.424924 0.003233 -0.002964 -0.444385 0.895825
119.669225931 8.670970 -4.252450 0.425933 0.002482 -0.003662 -0.443081 0.896471
119.722858191 8.676886 -4.267446 0.427251 0.001124 -0.003474 -0.442816 0.896605
119.878276348 8.682881 -4.282282 0.428661 0.000404 -0.003341 -0.443275 0.896379
119.930783272 8.689004 -4.297034 0.429357 0.000605 -0.003494 -0.444332 0.895855
120.083985090 8.695472 -4.311153 0.429222 0.002928 -0.004438 -0.445284 0.895374
120.137413502 8.701842 -4.324781 0.428344 0.006313 -0.005936 -0.446131 0.894926
120.289964914 8.707578 -4.337672 0.428803 0.009384 -0.006769 -0.448283 0.893817
120.341966867 8.713005 -4.349673 0.430728 0.012942 -0.007356 -0.451353 0.892221
120.493236303 8.718104 -4.362119 0.431554 0.015747 -0.007314 -0.454795 0.890427
120.546214819 8.723288 -4.374421 0.432134 0.019215 -0.007505 -0.458053 0.888685
120.698976278 8.728393 -4.386318 0.432883 0.023377 -0.007900 -0.460678 0.887224
120.751728535 8.733167 -4.398242 0.433468 0.026661 -0.007458 -0.463298 0.885770
120.906584263 8.738185 -4.410007 0.433867 0.030925 -0.007438 -0.465769 0.884335
120.958007097 8.743129 -4.421640 0.434233 0.036044 -0.007776 -0.467988 0.882965
121.111434460 8.747985 -4.433164 0.434426 0.041053 -0.007733 -0.470289 0.881523
121.162681341 8.752665 -4.444694 0.434958 0.045144 -0.006753 -0.472777 0.879999
121.315668344 8.757026 -4.456990 0.434444 0.047900 -0.004957 -0.475493 0.878400
121.367609024 8.761060 -4.470190 0.432199 0.049659 -0.002348 -0.478632 0.876607
121.526136875 8.764597 -4.483799 0.431462 0.050432 0.001132 -0.482764 0.874297
121.578353405 8.769408 -4.497205 0.432384 0.054536 0.002490 -0.486977 0.871707
121.734445810 8.774212 -4.510491 0.434518 0.059412 0.003699 -0.490923 0.869167
121.787096024 8.779239 -4.523899 0.436521 0.066104 0.003382 -0.493979 0.866951
121.945200205 8.783499 -4.537906 0.437749 0.071998 0.003595 -0.496835 0.864846
121.997210264 8.787554 -4.552676 0.437925 0.077190 0.004219 -0.499536 0.862837
122.158617496 8.791817 -4.568032 0.438298 0.083055 0.004239 -0.501792 0.860981
122.211043119 8.795629 -4.584185 0.438585 0.087707 0.004791 -0.503820 0.859331
122.372161150 8.798659 -4.601364 0.438299 0.089678 0.006713 -0.505761 0.857974
122.424396515 8.801970 -4.618887 0.437801 0.091354 0.008152 -0.506896 0.857114
122.593021393 8.805315 -4.636831 0.436395 0.092228 0.009564 -0.507467 0.856668
122.643815041 8.808114 -4.655544 0.434799 0.090424 0.011943 -0.507574 0.856767
122.807143211 8.811547 -4.674366 0.433049 0.089310 0.013235 -0.506678 0.857395
122.858398438 8.815283 -4.693446 0.431057 0.088580 0.013700 -0.504972 0.858469
123.024207115 8.819083 -4.712874 0.429379 0.087613 0.013555 -0.502706 0.859899
123.074609280 8.822435 -4.732676 0.428387 0.084995 0.013622 -0.499997 0.861738
123.236880064 8.825726 -4.752981 0.426940 0.081738 0.013497 -0.496951 0.863815
123.286643744 8.829104 -4.773409 0.425453 0.078200 0.012919 -0.493498 0.866128
123.445610046 8.832245 -4.794417 0.423082 0.073406 0.012602 -0.489728 0.868688
123.500856400 8.835932 -4.815649 0.419412 0.069619 0.011301 -0.485457 0.871411
123.660022020 8.839493 -4.837705 0.413463 0.064910 0.010079 -0.481123 0.874189
123.711866856 8.843876 -4.860089 0.405916 0.062042 0.007545 -0.476570 0.876912
123.870651484 8.850024 -4.881807 0.400119 0.063539 0.001537 -0.471365 0.879645
123.925410032 8.854519 -4.903683 0.398029 0.061558 -0.003603 -0.467217 0.881989
124.080592871 8.857132 -4.925982 0.397922 0.054875 -0.006352 -0.464615 0.883788
124.134248972 8.860883 -4.947718 0.397769 0.051247 -0.010336 -0.462666 0.884990
124.292975903 8.865785 -4.968672 0.397696 0.050764 -0.015461 -0.461692 0.885451
124.345799685 8.871046 -4.989375 0.397110 0.051918 -0.020633 -0.461671 0.885290
124.498810053 8.876694 -5.009185 0.397184 0.056189 -0.026014 -0.462506 0.884451
124.551679134 8.881316 -5.029348 0.397858 0.058495 -0.029321 -0.464916 0.882934
124.702952147 8.885078 -5.050007 0.398348 0.059136 -0.030644 -0.468493 0.880953
124.754889965 8.887714 -5.071500 0.398577 0.056580 -0.029261 -0.473510 0.878482
124.904499292 8.890160 -5.093636 0.396478 0.053357 -0.027156 -0.479049 0.875744
124.956403255 8.891971 -5.116409 0.393430 0.048291 -0.023276 -0.485468 0.872609
125.106868982 8.894317 -5.138847 0.389383 0.045156 -0.019725 -0.492402 0.868972
125.159855366 8.897536 -5.160302 0.385926 0.046316 -0.017473 -0.499152 0.865100
125.319662094 8.900937 -5.180779 0.384226 0.050141 -0.015486 -0.505726 0.861097
125.375588417 8.904383 -5.201019 0.383348 0.053687 -0.013281 -0.511689 0.857389
125.535028934 8.907650 -5.221521 0.383412 0.054101 -0.009996 -0.516626 0.854442
125.589010239 8.911079 -5.242305 0.382819 0.052368 -0.006083 -0.520610 0.852166
125.753723145 8.914249 -5.263796 0.381952 0.047720 -0.001250 -0.523784 0.850512
125.808573961 8.917176 -5.285866 0.380273 0.041154 0.004561 -0.526405 0.849225
125.970949888 8.921252 -5.307532 0.379291 0.036016 0.009069 -0.528505 0.848118
126.025204897 8.927025 -5.328276 0.379320 0.034121 0.011095 -0.530110 0.847169
126.187909842 8.933776 -5.348302 0.379933 0.035033 0.011176 -0.531392 0.846328
126.240429401 8.941505 -5.368102 0.380071 0.038979 0.008861 -0.532365 0.845570
126.408208609 8.949334 -5.388166 0.378955 0.043740 0.005673 -0.533431 0.844693
126.461386204 8.956505 -5.408824 0.376735 0.047148 0.002950 -0.534647 0.843754
126.623597145 8.961913 -5.430463 0.374425 0.045889 0.002716 -0.536334 0.842753
126.677791119 8.965810 -5.453025 0.372442 0.039823 0.004955 -0.538117 0.841914
126.845381021 8.969727 -5.475806 0.370456 0.033144 0.007136 -0.539539 0.841277
126.901869059 8.975335 -5.497463 0.369823 0.031321 0.006061 -0.539969 0.841080
127.063298702 8.982012 -5.518198 0.370102 0.033882 0.002336 -0.539762 0.841133
127.117846251 8.988864 -5.538854 0.369724 0.038324 -0.002416 -0.539366 0.841196
127.279866695 8.995252 -5.559807 0.368248 0.042784 -0.007071 -0.538908 0.841248
127.335287094 9.000170 -5.581256 0.366749 0.044523 -0.009980 -0.538741 0.841235
127.502503633 9.003395 -5.603104 0.365969 0.042389 -0.010375 -0.539032 0.841154
127.557921171 9.006025 -5.624962 0.365423 0.038888 -0.009662 -0.539616 0.840957
127.722256184 9.008770 -5.646635 0.364588 0.035913 -0.008959 -0.540289 0.840665
127.774432421 9.011980 -5.667898 0.363362 0.034714 -0.008900 -0.540962 0.840283
127.937917233 9.015294 -5.688879 0.361641 0.034630 -0.008865 -0.541901 0.839682
127.991165638 9.018139 -5.709505 0.359854 0.034306 -0.007803 -0.543608 0.838601
128.156019926 9.020641 -5.729770 0.358181 0.033763 -0.005651 -0.546194 0.836959
128.210713387 9.022709 -5.750046 0.356024 0.032521 -0.002300 -0.549378 0.834937
128.378879070 9.025152 -5.769759 0.354229 0.032650 0.000826 -0.552915 0.832598
128.436041117 9.028145 -5.788586 0.353583 0.034462 0.003260 -0.556431 0.830172
128.604725122 9.032246 -5.806448 0.354367 0.039251 0.003419 -0.558965 0.828255
128.659549713 9.036116 -5.824071 0.356213 0.043670 0.003218 -0.561094 0.826593
128.828943729 9.039856 -5.841608 0.358202 0.048108 0.002582 -0.562910 0.825113
128.882738590 9.043225 -5.859548 0.359795 0.051724 0.001884 -0.564531 0.823787
129.049385309 9.045752 -5.878167 0.361398 0.052893 0.002114 -0.565891 0.822779
129.101279259 9.047904 -5.897381 0.362027 0.052691 0.002810 -0.566871 0.822115
129.266353130 9.049880 -5.917187 0.361890 0.051318 0.003691 -0.567336 0.821878
129.317436218 9.051980 -5.937417 0.360826 0.049523 0.004332 -0.567168 0.822100
129.483126879 9.054419 -5.957935 0.359042 0.047806 0.004346 -0.566278 0.822815
129.534977674 9.057420 -5.978432 0.356635 0.046888 0.003348 -0.564665 0.823980
129.701995134 9.061160 -5.999015 0.353238 0.047581 0.000783 -0.562332 0.825541
129.755707741 9.065531 -6.019695 0.348995 0.049955 -0.003407 -0.559390 0.827391
129.922785044 9.069978 -6.040401 0.345299 0.053143 -0.008816 -0.555938 0.829476
129.975133419 9.072379 -6.061133 0.344430 0.052303 -0.012201 -0.552849 0.831549
130.143252373 9.073211 -6.081825 0.345817 0.047891 -0.013567 -0.550276 0.833498
130.195603132 9.073912 -6.102697 0.346696 0.042901 -0.014640 -0.547613 0.835503
130.359295130 9.075269 -6.123367 0.346863 0.039211 -0.016726 -0.544385 0.837751
130.410921574 9.076756 -6.144070 0.345802 0.035644 -0.018963 -0.540985 0.840062
130.574890137 9.078443 -6.164749 0.343751 0.032417 -0.021470 -0.537615 0.842294
130.630219936 9.080714 -6.184868 0.341932 0.030532 -0.024786 -0.534211 0.844436
130.794434786 9.083123 -6.204143 0.341453 0.029161 -0.027771 -0.531527 0.846083
130.847339630 9.085804 -6.222097 0.343624 0.028837 -0.030314 -0.530237 0.846817
131.009687901 9.088137 -6.239880 0.345994 0.027856 -0.031593 -0.530002 0.846950
131.062184095 9.090814 -6.257360 0.348042 0.027877 -0.032928 -0.530527 0.846570
131.221733093 9.093456 -6.274860 0.349128 0.027970 -0.033714 -0.531730 0.845780
131.275483131 9.095786 -6.292806 0.348510 0.027248 -0.033563 -0.533401 0.844757
131.432571173 9.097662 -6.311211 0.346345 0.025187 -0.032047 -0.535894 0.843301
131.486007690 9.099679 -6.329647 0.343048 0.023298 -0.030121 -0.539033 0.841423
131.645719528 9.102567 -6.347224 0.340711 0.023840 -0.029077 -0.542614 0.839140
131.698576689 9.106162 -6.363686 0.340125 0.027624 -0.029506 -0.545814 0.836931
131.862390995 9.109543 -6.379930 0.340211 0.031993 -0.029880 -0.549037 0.834651
131.916440248 9.112420 -6.396308 0.340207 0.035942 -0.029476 -0.552481 0.832229
132.080838203 9.115125 -6.412996 0.339738 0.039560 -0.028652 -0.555881 0.829825
132.133580685 9.117825 -6.429733 0.339631 0.042790 -0.027654 -0.559066 0.827556
132.301868677 9.120280 -6.446621 0.340229 0.044439 -0.025859 -0.562016 0.825527
132.355338573 9.122800 -6.463873 0.340857 0.045185 -0.024064 -0.564293 0.823986
132.522234917 9.125469 -6.481479 0.340620 0.045451 -0.022511 -0.566046 0.822812
132.575367451 9.128331 -6.499340 0.339598 0.045393 -0.021273 -0.567320 0.821970
132.742008209 9.131077 -6.517481 0.338949 0.044192 -0.020090 -0.568088 0.821535
132.795056343 9.134014 -6.535776 0.338618 0.042810 -0.019535 -0.568208 0.821538
132.975243330 9.137246 -6.554248 0.338052 0.041691 -0.019818 -0.567751 0.821905
133.027993441 9.140420 -6.572947 0.337284 0.040126 -0.020320 -0.566926 0.822540
133.196680546 9.143627 -6.591688 0.336135 0.038524 -0.021057 -0.565865 0.823328
133.250813007 9.147234 -6.610059 0.335704 0.038115 -0.022847 -0.564419 0.824292
133.415603399 9.150877 -6.628087 0.335462 0.038247 -0.024992 -0.562684 0.825409
133.469608784 9.154865 -6.645478 0.335649 0.040067 -0.028043 -0.560509 0.826703
133.635772228 9.158164 -6.662872 0.335502 0.040900 -0.030186 -0.558426 0.827995
133.689063549 9.161081 -6.680235 0.335175 0.041007 -0.031604 -0.556509 0.829227
133.855566740 9.164061 -6.697282 0.335199 0.041391 -0.032924 -0.554642 0.830406
133.908111572 9.167084 -6.714189 0.334548 0.042141 -0.034184 -0.552871 0.831498
134.070818663 9.169726 -6.731525 0.332251 0.041991 -0.034610 -0.551332 0.832509
134.122769594 9.172011 -6.749160 0.329584 0.040862 -0.034138 -0.550032 0.833444
134.292096853 9.174319 -6.766500 0.328582 0.039786 -0.033403 -0.549474 0.833894
134.345050097 9.176267 -6.783667 0.329519 0.037565 -0.031421 -0.550081 0.833674
134.510309458 9.179406 -6.800207 0.331642 0.037012 -0.030273 -0.551034 0.833112
134.562571526 9.186110 -6.814397 0.333905 0.039072 -0.031100 -0.548771 0.834480
134.729305983 9.192298 -6.825580 0.334665 0.040706 -0.030803 -0.549004 0.834260
134.782201529 9.197485 -6.836185 0.334389 0.040584 -0.029288 -0.549900 0.833730
134.945294142 9.202428 -6.846000 0.334300 0.040489 -0.027765 -0.550589 0.833332
135.003602028 9.208236 -6.854690 0.334749 0.040280 -0.026284 -0.552271 0.832276
135.177678108 9.214011 -6.861517 0.334925 0.040298 -0.025164 -0.554600 0.830760
135.233803272 9.219767 -6.869604 0.335144 0.039170 -0.023364 -0.556623 0.829512
135.399937630 9.224448 -6.877944 0.335331 0.038080 -0.021854 -0.557796 0.828816
135.455068111 9.229051 -6.887507 0.335447 0.037493 -0.020687 -0.558336 0.828509
135.618243456 9.233571 -6.896834 0.335964 0.037853 -0.020431 -0.558799 0.828187
135.672390938 9.238355 -6.906090 0.336335 0.037942 -0.020723 -0.559343 0.827808
135.841660023 9.242745 -6.915892 0.336886 0.036914 -0.021243 -0.560564 0.827015
135.894290209 9.247087 -6.926174 0.338059 0.035739 -0.022169 -0.562414 0.825786
136.057210207 9.251361 -6.937146 0.339541 0.034159 -0.023500 -0.564849 0.824152
136.109431744 9.255639 -6.948733 0.340539 0.032207 -0.025318 -0.567634 0.822261
136.274652958 9.259892 -6.960760 0.341199 0.029811 -0.027382 -0.570743 0.820130
136.330183268 9.264946 -6.971987 0.341935 0.028228 -0.030237 -0.574759 0.817277
136.498532057 9.271918 -6.979695 0.342373 0.028812 -0.034134 -0.581279 0.812478
136.553407907 9.277198 -6.988171 0.342719 0.026658 -0.035982 -0.588205 0.807471
136.720200300 9.281365 -6.997490 0.342811 0.024098 -0.037001 -0.594055 0.803211
136.773705006 9.285224 -7.007436 0.342195 0.022297 -0.038566 -0.598160 0.800138
136.936873913 9.288167 -7.018075 0.342313 0.020125 -0.039385 -0.600481 0.798415
136.989923477 9.290690 -7.028824 0.342586 0.018753 -0.040111 -0.601980 0.797283
137.154561758 9.293120 -7.039896 0.342361 0.017939 -0.040671 -0.603391 0.796206
137.209227562 9.295813 -7.051234 0.342173 0.018250 -0.041443 -0.604737 0.795137
137.371206999 9.298335 -7.062869 0.342212 0.018579 -0.041757 -0.605949 0.794189
137.423268318 9.300631 -7.074869 0.342402 0.018122 -0.041257 -0.607131 0.793323
137.581467390 9.303239 -7.087081 0.342169 0.018119 -0.041037 -0.608168 0.792540
137.634622812 9.305861 -7.099548 0.341755 0.017940 -0.040801 -0.608988 0.791926
137.794036388 9.308365 -7.112263 0.342076 0.016933 -0.040422 -0.609436 0.791623
137.848475456 9.310932 -7.124985 0.343054 0.015647 -0.040355 -0.609471 0.791626
138.005120993 9.313492 -7.137557 0.344634 0.014072 -0.040728 -0.609107 0.791917
138.059213877 9.316221 -7.149977 0.346464 0.012901 -0.041785 -0.608469 0.792372
138.218621731 9.318716 -7.162922 0.347541 0.010709 -0.042885 -0.607931 0.792759
138.272711992 9.321204 -7.176574 0.348577 0.007821 -0.044170 -0.607905 0.792741
138.426496029 9.323958 -7.190875 0.349012 0.004908 -0.046008 -0.608405 0.792277
138.480206966 9.327062 -7.205254 0.350136 0.002512 -0.048859 -0.609707 0.791115
138.633417368 9.330483 -7.219321 0.350936 0.001513 -0.052560 -0.611289 0.789659
138.689053297 9.334284 -7.232836 0.351828 0.002746 -0.057877 -0.612819 0.788096
138.843058586 9.337189 -7.245795 0.353294 0.003552 -0.062675 -0.614764 0.786209
138.897076845 9.339948 -7.256166 0.356714 0.003837 -0.065558 -0.620131 0.781745
139.056778908 9.343612 -7.265683 0.358903 0.004803 -0.068264 -0.627405 0.775681
139.107984543 9.343814 -7.275574 0.361588 -0.000496 -0.065319 -0.635118 0.769648
139.259505272 9.343301 -7.284962 0.364969 -0.006297 -0.061101 -0.643003 0.763397
139.310413837 9.343876 -7.294326 0.366925 -0.008509 -0.059365 -0.649983 0.757578
139.459062099 9.344644 -7.303822 0.367941 -0.009202 -0.058256 -0.656490 0.752026
139.511642456 9.345527 -7.314562 0.367752 -0.008879 -0.057377 -0.662550 0.746764
139.661464930 9.345871 -7.323985 0.367029 -0.008008 -0.056695 -0.667668 0.742254
139.714108467 9.345913 -7.334542 0.365987 -0.006451 -0.055888 -0.674603 0.736033
139.868460417 9.346844 -7.344099 0.366424 -0.003584 -0.055564 -0.683869 0.727477
139.921234369 9.349653 -7.354172 0.366717 0.002179 -0.058338 -0.692452 0.719099
140.072305918 9.352659 -7.364825 0.367107 0.007194 -0.061225 -0.699801 0.711673
140.125771999 9.354936 -7.376448 0.368384 0.009501 -0.063365 -0.705756 0.705552
140.280765295 9.357092 -7.388619 0.370207 0.010771 -0.065762 -0.710169 0.700871
140.332008123 9.358714 -7.401131 0.371641 0.010576 -0.067569 -0.713562 0.697246
140.482607841 9.360130 -7.413822 0.372607 0.009327 -0.069173 -0.716373 0.694217
140.534216404 9.361417 -7.426674 0.372975 0.007580 -0.071003 -0.718825 0.691514
140.684841871 9.362171 -7.439629 0.372746 0.005041 -0.072300 -0.720878 0.689262
140.737613678 9.362665 -7.452356 0.372385 0.002485 -0.073651 -0.722308 0.687634
140.886823177 9.362274 -7.464602 0.372605 -0.000661 -0.074193 -0.723502 0.686324
140.938771009 9.361574 -7.475966 0.374226 -0.003485 -0.074547 -0.724627 0.685089
141.084406376 9.361141 -7.487086 0.375885 -0.005050 -0.075816 -0.725314 0.684212
141.136306763 9.360342 -7.497788 0.377763 -0.006510 -0.076591 -0.725886 0.683506
141.283318281 9.359190 -7.508340 0.379596 -0.008288 -0.076370 -0.727340 0.681965
141.335385799 9.358234 -7.518985 0.381464 -0.008915 -0.076322 -0.729686 0.679451
141.480882645 9.357192 -7.529827 0.383047 -0.008745 -0.076209 -0.732634 0.676286
141.531604767 9.355769 -7.540819 0.383504 -0.008901 -0.075264 -0.736195 0.672513
141.676807404 9.354397 -7.552036 0.384639 -0.007779 -0.074692 -0.740483 0.667866
141.727097988 9.352689 -7.563584 0.385588 -0.006551 -0.073662 -0.745334 0.662577
141.868253946 9.350960 -7.575632 0.385996 -0.004908 -0.072998 -0.750456 0.656859
141.920002937 9.349234 -7.588112 0.387292 -0.002622 -0.072930 -0.755901 0.650606
142.063987732 9.346617 -7.600727 0.388115 -0.001262 -0.071264 -0.761782 0.643901
142.114228964 9.343332 -7.613359 0.388401 -0.000862 -0.067983 -0.768147 0.636653
142.261096954 9.339972 -7.626080 0.388376 -0.000025 -0.064692 -0.774736 0.628967
142.311733484 9.337477 -7.639293 0.387847 0.002826 -0.063652 -0.781000 0.621272
142.462310553 9.335621 -7.652708 0.386923 0.007355 -0.064501 -0.786534 0.614125
142.515147686 9.333316 -7.666076 0.386901 0.011595 -0.065501 -0.791214 0.607910
142.667162180 9.329495 -7.678964 0.389145 0.013636 -0.064097 -0.794771 0.603361
142.718507528 9.326245 -7.692188 0.391795 0.015874 -0.064088 -0.797553 0.599625
142.866645098 9.323149 -7.705566 0.393670 0.017340 -0.063744 -0.799956 0.596411
142.919254303 9.320343 -7.718786 0.395899 0.018284 -0.063598 -0.802068 0.593555
143.072099686 9.317669 -7.732202 0.398023 0.019093 -0.064380 -0.804043 0.590767
143.123170137 9.314321 -7.745732 0.399541 0.018653 -0.063797 -0.806610 0.587335
143.270465374 9.310455 -7.759295 0.400720 0.017574 -0.062316 -0.809633 0.583355
143.321739912 9.306021 -7.772968 0.402488 0.016977 -0.061024 -0.812924 0.578915
143.471721411 9.301071 -7.786835 0.403665 0.015915 -0.059063 -0.816359 0.574297
143.524112701 9.296409 -7.801073 0.404584 0.015065 -0.057829 -0.819774 0.569561
143.671527147 9.291973 -7.815496 0.406391 0.015132 -0.057926 -0.823240 0.564527
143.722607136 9.286756 -7.829809 0.407033 0.013844 -0.056132 -0.827066 0.559124
143.871850729 9.281372 -7.844167 0.407187 0.012535 -0.054112 -0.830856 0.553708
143.923175812 9.276565 -7.858699 0.409082 0.013688 -0.055396 -0.833992 0.548817
144.073141813 9.271416 -7.873152 0.410499 0.015188 -0.056948 -0.837021 0.543987
144.125632286 9.265470 -7.887249 0.411150 0.016255 -0.057490 -0.840049 0.539211
144.274936676 9.258852 -7.900921 0.412433 0.017360 -0.057789 -0.842989 0.534536
144.326480389 9.251724 -7.914180 0.413052 0.018022 -0.056863 -0.846128 0.529632
144.475080013 9.244520 -7.927456 0.412616 0.018783 -0.055673 -0.849332 0.524579
144.525922775 9.237685 -7.941480 0.412057 0.020733 -0.056655 -0.852204 0.519721
144.675207615 9.230665 -7.955797 0.410825 0.022228 -0.057390 -0.855181 0.514663
144.727070808 9.222733 -7.969181 0.410939 0.022355 -0.056006 -0.858439 0.509359
144.875424147 9.214751 -7.982636 0.411933 0.022811 -0.055401 -0.861532 0.504156
144.925915003 9.206522 -7.996136 0.413223 -0.023132 0.054865 0.864457 -0.499168
145.077656269 9.197892 -8.009732 0.413877 -0.022808 0.053527 0.867335 -0.494313
145.126819849 9.189035 -8.023552 0.413492 -0.021788 0.051438 0.870216 -0.489492
145.273095369 9.180457 -8.037562 0.412616 -0.020862 0.049621 0.873062 -0.484629
145.324642181 9.172251 -8.051981 0.411591 -0.020639 0.049148 0.875718 -0.479871
145.475159407 9.163970 -8.066397 0.410945 -0.020903 0.049471 0.878245 -0.475185
145.526309490 9.155505 -8.080608 0.410820 -0.021384 0.050113 0.880776 -0.470388
145.675772190 9.146654 -8.094405 0.410521 -0.021355 0.049633 0.883539 -0.465230
145.727188110 9.137949 -8.108116 0.410033 -0.021664 0.049335 0.886283 -0.459999
145.876249552 9.130118 -8.121943 0.409983 -0.023469 0.051085 0.888629 -0.455167
145.926535368 9.122670 -8.135830 0.409892 -0.026010 0.054091 0.890514 -0.450980
146.077566624 9.114810 -8.149100 0.409747 -0.028285 0.055962 0.892062 -0.447542
146.129350662 9.106502 -8.161588 0.410055 -0.030019 0.056193 0.893448 -0.444626
146.278442144 9.098031 -8.173561 0.410846 -0.031272 0.055150 0.894793 -0.441958
146.329528809 9.089578 -8.185066 0.412016 -0.032135 0.053064 0.896121 -0.439453
146.481621265 9.080901 -8.196572 0.412375 -0.032319 0.050072 0.897531 -0.436905
146.533799171 9.071727 -8.208178 0.412428 -0.031532 0.045601 0.899308 -0.433786
146.683385849 9.062778 -8.220455 0.413154 -0.031062 0.042248 0.901264 -0.430086
146.734968901 9.054282 -8.233368 0.414458 -0.031063 0.040652 0.903336 -0.425873
146.887262583 9.046084 -8.246710 0.416208 -0.031416 0.040554 0.905565 -0.421095
146.938714981 9.037726 -8.259844 0.417764 -0.031323 0.040078 0.908074 -0.415709
147.092293262 9.029468 -8.273034 0.419484 -0.031284 0.040384 0.910583 -0.410157
147.144492865 9.021300 -8.286124 0.420563 -0.031115 0.040964 0.913232 -0.404179
147.296025991 9.013384 -8.298910 0.421333 -0.030652 0.041550 0.916145 -0.397507
147.348136187 9.005963 -8.311657 0.422268 -0.030088 0.043042 0.919203 -0.390266
147.500682592 8.998925 -8.324333 0.423104 -0.029384 0.045227 0.922437 -0.382363
147.554544687 8.992017 -8.336708 0.423685 -0.028345 0.047549 0.925955 -0.373556
147.705046177 8.985140 -8.348775 0.423050 -0.026715 0.048980 0.929734 -0.363980
147.756116629 8.978352 -8.360604 0.421741 -0.024804 0.050187 0.933547 -0.354057
147.907062531 8.972029 -8.372865 0.420908 -0.023367 0.053902 0.937094 -0.344097
147.958040476 8.965292 -8.384184 0.421851 -0.021315 0.056902 0.940667 -0.333847
148.106199265 8.957881 -8.394508 0.422507 -0.018372 0.057099 0.944102 -0.324151
148.158173561 8.950242 -8.404262 0.422756 -0.015014 0.055820 0.947300 -0.315090
148.303112507 8.942713 -8.414209 0.423465 -0.011708 0.054876 0.950182 -0.306605
148.354759932 8.935009 -8.423730 0.424959 -0.008134 0.052738 0.952864 -0.298669
148.498874664 8.927556 -8.433519 0.426135 -0.004874 0.051716 0.955208 -0.291341
148.550480366 8.919890 -8.443237 0.427624 -0.001376 0.051739 0.957180 -0.284830
148.715550184 8.911705 -8.452473 0.427702 0.002574 0.050302 0.958885 -0.279291
148.766492367 8.902993 -8.461225 0.426929 0.006943 0.047533 0.960349 -0.274630
148.905323029 8.894558 -8.470703 0.426309 0.010737 0.047843 0.961546 -0.270232
148.955411911 8.886161 -8.479806 0.425723 0.014050 0.049002 0.962355 -0.266971
149.094695330 8.877818 -8.487854 0.425044 0.016819 0.049474 0.962614 -0.265787
149.145203590 8.869504 -8.495192 0.424889 0.018829 0.050055 0.962404 -0.266305
149.283199549 8.861022 -8.501541 0.426129 0.020327 0.048957 0.962042 -0.267703
149.333380461 8.852857 -8.508257 0.427087 0.020997 0.048797 0.961539 -0.269482
149.469926119 8.844814 -8.515350 0.427691 0.020827 0.049754 0.960908 -0.271563
149.520180702 8.836722 -8.522583 0.427400 0.020201 0.050715 0.960231 -0.273817
149.657280922 8.828657 -8.529975 0.426472 0.018956 0.052042 0.959479 -0.276284
149.709095240 8.820497 -8.537401 0.426150 0.016880 0.053629 0.958628 -0.279054
149.845660448 8.811911 -8.544506 0.426053 0.014612 0.053736 0.957811 -0.281951
149.894109249 8.803194 -8.551821 0.425394 0.012008 0.053236 0.957062 -0.284700
150.031082392 8.794469 -8.559361 0.424235 0.009119 0.052280 0.956402 -0.287190
150.081137180 8.786150 -8.567223 0.424678 0.004754 0.052528 0.955869 -0.289020
150.219655514 8.778420 -8.575539 0.426212 -0.001199 0.054666 0.955364 -0.290327
150.268585205 8.770397 -8.583509 0.427585 -0.007371 0.055397 0.955037 -0.291172
150.408235312 8.762342 -8.591784 0.427540 -0.013898 0.056135 0.954826 -0.291485
150.456903219 8.753955 -8.599948 0.425938 -0.020367 0.055465 0.954806 -0.291297
150.603470087 8.745286 -8.607284 0.423458 -0.026612 0.051818 0.955122 -0.290428
150.655561209 8.736852 -8.615684 0.419954 -0.033692 0.050092 0.955442 -0.288941
150.805387974 8.728086 -8.624524 0.418334 -0.041724 0.050355 0.955892 -0.286345
150.858762503 8.718424 -8.633035 0.419112 -0.049841 0.050559 0.956666 -0.282400
151.010430336 8.708173 -8.641117 0.420435 -0.056797 0.048376 0.957677 -0.278010
151.060447216 8.697478 -8.649852 0.421969 -0.062306 0.045117 0.958459 -0.274661
151.216883421 8.686685 -8.659250 0.423421 -0.067383 0.042778 0.959171 -0.271332
151.263582468 8.675591 -8.668725 0.423983 -0.071727 0.039541 0.959953 -0.267921
151.426487446 8.664042 -8.678122 0.422767 -0.074990 0.033552 0.960834 -0.264665
151.476700783 8.652141 -8.688303 0.422933 -0.077342 0.028108 0.961670 -0.261571
151.640504599 8.639942 -8.698747 0.423629 -0.078911 0.022313 0.962552 -0.258397
151.692317486 8.628081 -8.710481 0.423943 -0.080849 0.019344 0.963325 -0.255136
151.857268810 8.616819 -8.723549 0.424442 -0.083793 0.021133 0.963914 -0.251797
151.907742023 8.605291 -8.736859 0.424045 -0.086506 0.023152 0.964524 -0.248342
152.075034142 8.592807 -8.749107 0.424260 -0.087821 0.022597 0.965487 -0.244156
152.124420166 8.580265 -8.761554 0.423824 -0.088814 0.022333 0.966511 -0.239728
152.287776709 8.567882 -8.774559 0.422116 -0.089900 0.023297 0.967489 -0.235246
152.338755131 8.555098 -8.786944 0.420370 -0.090038 0.022536 0.968667 -0.230368
152.504704237 8.542391 -8.798752 0.419660 -0.089485 0.021403 0.969938 -0.225286
152.556666374 8.529979 -8.810925 0.419062 -0.088754 0.021904 0.971150 -0.220251
152.720939159 8.517625 -8.822872 0.418746 -0.087539 0.022805 0.972449 -0.214850
152.769672632 8.505376 -8.834605 0.418229 -0.085865 0.023995 0.973819 -0.209111
152.933030128 8.493107 -8.846358 0.416449 -0.083687 0.025287 0.975292 -0.202886
152.985227346 8.480729 -8.857646 0.414172 -0.081170 0.026202 0.976908 -0.195898
153.148650646 8.468323 -8.868758 0.411689 -0.078377 0.027595 0.978612 -0.188189
153.200409651 8.456091 -8.880341 0.408656 -0.075610 0.030459 0.980293 -0.179950
153.359035254 8.443756 -8.891880 0.405970 -0.072084 0.033799 0.982003 -0.171267
153.410366774 8.431149 -8.903107 0.403251 -0.067752 0.036323 0.983747 -0.162275
153.573035002 8.418201 -8.913909 0.400787 -0.062438 0.037258 0.985581 -0.152784
153.623881817 8.405075 -8.924210 0.398170 -0.056661 0.035801 0.987453 -0.142984
153.784325361 8.391983 -8.934754 0.395803 -0.050683 0.034567 0.989190 -0.133192
153.837751865 8.378978 -8.945548 0.393403 -0.044709 0.034215 0.990730 -0.123627
153.995652199 8.366102 -8.955904 0.391551 -0.038813 0.033503 0.992128 -0.114249
154.047289133 8.353407 -8.964940 0.390424 -0.033317 0.030497 0.993396 -0.105474
154.200343370 8.340996 -8.972721 0.390865 -0.028468 0.025605 0.994492 -0.097573
154.252455950 8.328813 -8.980513 0.391198 -0.024257 0.021071 0.995403 -0.090224
154.401642323 8.316860 -8.989189 0.391994 -0.020941 0.019868 0.996087 -0.083535
154.452102423 8.305201 -8.997690 0.393559 -0.018765 0.020619 0.996548 -0.078192
154.602938890 8.294051 -9.006317 0.394550 -0.017470 0.022882 0.996820 -0.074308
154.653986454 8.283259 -9.015059 0.395113 -0.016528 0.026444 0.996910 -0.072092
154.803048134 8.272677 -9.023186 0.394697 -0.016020 0.029302 0.996879 -0.071532
154.854367256 8.262370 -9.030634 0.393685 -0.016051 0.031906 0.996712 -0.072734
155.003339767 8.252189 -9.036985 0.392184 -0.016582 0.033391 0.996451 -0.075463
155.055675507 8.241837 -9.042352 0.390603 -0.017661 0.034492 0.996105 -0.079205
155.200534105 8.231106 -9.047401 0.388791 -0.019278 0.036300 0.995680 -0.083257
155.252583027 8.220090 -9.052011 0.387297 -0.021496 0.037944 0.995238 -0.087171
155.401983261 8.208783 -9.056964 0.386087 -0.024272 0.040078 0.994811 -0.090310
155.454159498 8.197470 -9.062525 0.385454 -0.027987 0.043202 0.994388 -0.092426
155.604636192 8.186426 -9.068453 0.385058 -0.032588 0.046346 0.993995 -0.093620
155.655561924 8.175368 -9.074849 0.384159 -0.037822 0.049951 0.993600 -0.093991
155.805126905 8.164313 -9.080553 0.382662 -0.043431 0.050839 0.993360 -0.093618
155.853919029 8.153280 -9.085663 0.380844 -0.049539 0.049224 0.993282 -0.092266
156.011380434 8.142246 -9.089924 0.377955 -0.055748 0.043841 0.993389 -0.090266
156.064248562 8.131110 -9.093935 0.374569 -0.061799 0.036146 0.993567 -0.087741
156.223587036 8.119014 -9.099377 0.374445 -0.067378 0.031679 0.993716 -0.083572
156.273773432 8.106097 -9.106288 0.375884 -0.072259 0.030741 0.993893 -0.077520
156.437164545 8.092680 -9.113533 0.377560 -0.076381 0.030158 0.994181 -0.069713
156.486303329 8.079228 -9.120917 0.377984 -0.080032 0.028580 0.994520 -0.060886
156.646934509 8.065786 -9.128385 0.378331 -0.083024 0.026237 0.994906 -0.050808
156.697163582 8.052343 -9.136497 0.378495 -0.085539 0.024714 0.995235 -0.039735
156.865255356 8.039177 -9.144901 0.378204 -0.087768 0.023106 0.995482 -0.027902
156.914508820 8.025718 -9.154199 0.377352 -0.089189 0.023122 0.995621 -0.015772
157.085017681 8.011850 -9.164156 0.376567 -0.089838 0.024611 0.995647 -0.003302
157.134178162 7.997717 -9.173980 0.376853 -0.089540 0.026178 0.995593 0.009537
157.300317526 7.983521 -9.183854 0.376764 -0.088606 0.027533 0.995431 0.022538
157.348137856 7.969297 -9.193639 0.375760 -0.087153 0.028023 0.995162 0.035661
157.513796329 7.955156 -9.202756 0.374493 -0.085137 0.026728 0.994815 0.048792
157.562484980 7.941083 -9.212138 0.372001 -0.082721 0.025444 0.994327 0.061829
157.729419231 7.926954 -9.221610 0.368687 -0.079747 0.024020 0.993702 0.074964
157.777924299 7.912785 -9.230800 0.365544 -0.076060 0.022170 0.992934 0.088347
157.946060419 7.898797 -9.238883 0.363192 -0.071695 0.017624 0.992051 0.101905
157.997452736 7.884901 -9.246879 0.360329 -0.066783 0.012278 0.991005 0.115321
158.162914276 7.870904 -9.255692 0.356324 -0.061211 0.008239 0.989734 0.128885
158.215361595 7.857785 -9.263240 0.353132 -0.056418 0.002080 0.988343 0.141389
158.378752708 7.845830 -9.269586 0.353489 -0.052726 -0.002642 0.987257 0.150121
158.429966211 7.834371 -9.275451 0.356393 -0.049453 -0.004921 0.986553 0.155703
158.589116096 7.822910 -9.281516 0.359907 -0.046564 -0.004994 0.986051 0.159718
158.639656544 7.811746 -9.287023 0.362048 -0.044207 -0.006276 0.985718 0.162377
158.795673609 7.800795 -9.292092 0.362785 -0.042347 -0.008318 0.985562 0.163725
158.845106125 7.789786 -9.297056 0.362391 -0.040642 -0.009306 0.985592 0.163923
159.002624989 7.778716 -9.301636 0.361082 -0.039246 -0.009576 0.985817 0.162887
159.051491022 7.767573 -9.305316 0.359888 -0.038421 -0.009693 0.986261 0.160371
159.209356070 7.756256 -9.308692 0.358268 -0.037962 -0.008998 0.986845 0.156892
159.257545710 7.744597 -9.312764 0.355198 -0.037538 -0.006309 0.987478 0.153094
159.412059784 7.732578 -9.317460 0.350993 -0.037223 -0.001801 0.988136 0.148990
159.460061073 7.720511 -9.320875 0.348405 -0.038047 0.000746 0.988855 0.143933
159.616719723 7.708318 -9.323163 0.346704 -0.039877 0.000961 0.989557 0.138513
159.665868759 7.695739 -9.325030 0.344864 -0.042188 0.000732 0.990191 0.133197
159.826727152 7.682799 -9.326987 0.342067 -0.044700 0.001302 0.990783 0.127863
159.877215862 7.669622 -9.328972 0.339124 -0.047509 0.002164 0.991317 0.122595
160.043851376 7.655872 -9.331268 0.337454 -0.050296 0.004003 0.991670 0.118508
160.095314264 7.641741 -9.334013 0.335746 -0.053353 0.006172 0.991857 0.115476
160.264059782 7.627257 -9.336979 0.334571 -0.056062 0.008484 0.991873 0.113896
160.317518473 7.612637 -9.339563 0.333431 -0.058186 0.009849 0.991663 0.114549
160.481251478 7.598321 -9.341415 0.332155 -0.060080 0.008370 0.991294 0.116862
160.532037020 7.583400 -9.343493 0.331514 -0.060846 0.007723 0.990698 0.121475
160.693268776 7.568093 -9.345938 0.330552 -0.060684 0.008547 0.989846 0.128256
160.744393826 7.553245 -9.347827 0.328965 -0.060365 0.006707 0.988801 0.136319
160.911786795 7.538834 -9.349907 0.326953 -0.059820 0.003858 0.987557 0.145388
160.963381052 7.524373 -9.352841 0.324783 -0.058707 0.002455 0.986135 0.155192
161.126230717 7.510240 -9.355535 0.322523 -0.057534 -0.000265 0.984538 0.165454
161.177952051 7.496776 -9.357660 0.319460 -0.056784 -0.005650 0.982786 0.175713
161.341355801 7.483818 -9.359559 0.317715 -0.056199 -0.012094 0.980932 0.185654
161.391767263 7.470163 -9.362704 0.318292 -0.054507 -0.014518 0.979050 0.195651
161.555844307 7.456350 -9.366727 0.318194 -0.052301 -0.014712 0.977151 0.205485
161.608367205 7.442773 -9.371202 0.317198 -0.049862 -0.014398 0.975175 0.215267
161.773659229 7.429529 -9.375493 0.316287 -0.047084 -0.014232 0.973344 0.224015
161.825886965 7.416912 -9.378958 0.315904 -0.044758 -0.015737 0.971763 0.231142
161.990102053 7.404913 -9.381718 0.316379 -0.042914 -0.018496 0.970469 0.236658
162.042293072 7.393263 -9.384419 0.316651 -0.041107 -0.021337 0.969382 0.241150
162.201887369 7.381886 -9.387226 0.315817 -0.039385 -0.024170 0.968451 0.244882
162.254535437 7.370793 -9.390023 0.314878 -0.037523 -0.026571 0.967636 0.248128
162.411320925 7.359853 -9.392967 0.314360 -0.035401 -0.027423 0.967031 0.250691
162.463912487 7.349163 -9.395623 0.313919 -0.033694 -0.028173 0.966770 0.251848
162.626234055 7.338561 -9.398289 0.313041 -0.031970 -0.028119 0.966694 0.252368
162.679931641 7.328211 -9.400370 0.312360 -0.030335 -0.027670 0.966781 0.252288
162.835053205 7.317920 -9.402088 0.312144 -0.028624 -0.025903 0.967149 0.251262
162.887381792 7.307474 -9.404272 0.311613 -0.026412 -0.021801 0.967606 0.250131
163.044631243 7.297144 -9.406387 0.310862 -0.024316 -0.017227 0.968135 0.248649
163.098138332 7.287094 -9.408319 0.310322 -0.023126 -0.013629 0.968672 0.246887
163.254890442 7.277592 -9.410533 0.309030 -0.022395 -0.010095 0.969101 0.245440
163.309256077 7.267836 -9.412227 0.307644 -0.022917 -0.009202 0.969458 0.244010
163.467709064 7.258355 -9.413875 0.306013 -0.023859 -0.008507 0.969650 0.243183
163.519178629 7.248508 -9.415683 0.304691 -0.024813 -0.006577 0.969664 0.243092
163.678098679 7.237767 -9.417465 0.303243 -0.025975 -0.003829 0.969475 0.243779
163.729646206 7.227269 -9.418637 0.301549 -0.027690 -0.002150 0.969254 0.244491
163.887698889 7.217066 -9.418742 0.300100 -0.029529 -0.002144 0.969067 0.245016
163.940057993 7.206976 -9.418085 0.299072 -0.031153 -0.002477 0.968760 0.246025
164.105497360 7.196913 -9.417115 0.298322 -0.032165 -0.002029 0.968247 0.247910
164.160547972 7.186644 -9.415307 0.297639 -0.033293 -0.002613 0.967725 0.249788
164.327988386 7.177041 -9.413531 0.296916 -0.033920 -0.002842 0.967252 0.251524
164.382857323 7.167553 -9.411692 0.296586 -0.034176 -0.003045 0.966776 0.253313
164.549241543 7.158271 -9.409622 0.296382 -0.034370 -0.004065 0.966379 0.254782
164.603067636 7.148894 -9.407901 0.296155 -0.033946 -0.004250 0.966016 0.256209
164.769183397 7.139666 -9.406164 0.295754 -0.033236 -0.004690 0.965665 0.257614
164.822832108 7.130706 -9.404063 0.295389 -0.032540 -0.006268 0.965321 0.258955
164.985810995 7.121691 -9.402155 0.294956 -0.031404 -0.007549 0.964938 0.260484
165.040786266 7.112563 -9.400649 0.294831 -0.029671 -0.008355 0.964454 0.262446
165.203895569 7.103375 -9.399729 0.295303 -0.027556 -0.008670 0.963809 0.265025
165.256871700 7.094144 -9.399480 0.296437 -0.025021 -0.008400 0.963068 0.267962
165.415969849 7.085427 -9.399240 0.297298 -0.022986 -0.009940 0.962275 0.270923
165.469501734 7.076691 -9.399393 0.297528 -0.021015 -0.012099 0.961389 0.274123
165.627037525 7.068122 -9.399645 0.296874 -0.019309 -0.015432 0.960389 0.277565
165.681520700 7.059091 -9.399713 0.297124 -0.017356 -0.019340 0.959089 0.281908
165.839896441 7.049713 -9.400136 0.296577 -0.015111 -0.023174 0.957609 0.286739
165.893936872 7.040281 -9.400608 0.295832 -0.012725 -0.027296 0.955982 0.291876
166.048222780 7.030545 -9.400911 0.295705 -0.010046 -0.031512 0.954111 0.297621
166.098027229 7.020662 -9.401181 0.294783 -0.007569 -0.036728 0.952104 0.303467
166.250241995 7.010669 -9.401364 0.294687 -0.004992 -0.041640 0.950071 0.309201
166.301626682 7.000488 -9.401810 0.296024 -0.002061 -0.044448 0.948218 0.314488
166.449131966 6.990298 -9.402887 0.298635 0.001049 -0.044019 0.946777 0.318864
166.498492956 6.980238 -9.404858 0.300367 0.004227 -0.041427 0.945688 0.322396
166.644510508 6.970100 -9.407877 0.300251 0.008175 -0.036637 0.944935 0.325097
166.695595026 6.960441 -9.410377 0.299600 0.011310 -0.032790 0.944801 0.325803
166.843163490 6.951966 -9.411201 0.299516 0.012647 -0.032239 0.945338 0.324247
166.895748854 6.943559 -9.412015 0.299978 0.013471 -0.031380 0.946266 0.321581
167.045147896 6.934754 -9.413304 0.300325 0.014436 -0.028813 0.947417 0.318374
167.097811699 6.925875 -9.414746 0.299590 0.015131 -0.026105 0.948718 0.314681
167.245331049 6.917099 -9.415751 0.298485 0.015041 -0.024612 0.950129 0.310521
167.297911644 6.908194 -9.416591 0.296629 0.014526 -0.023494 0.951563 0.306212
167.447041750 6.898881 -9.417384 0.294285 0.014027 -0.021381 0.953012 0.301851
167.496187449 6.889564 -9.417838 0.291820 0.013583 -0.018398 0.954391 0.297683
167.643378496 6.879948 -9.417586 0.289629 0.012481 -0.015989 0.955864 0.293110
167.698483467 6.869868 -9.416630 0.288373 0.010553 -0.014259 0.957389 0.288257
167.845409393 6.860409 -9.415646 0.287306 0.008572 -0.012209 0.958699 0.284030
167.893252611 6.850203 -9.414432 0.285303 0.006149 -0.010218 0.960000 0.279747
168.041799784 6.839920 -9.412933 0.282661 0.003313 -0.008528 0.961217 0.275640
168.091041327 6.829662 -9.411039 0.280399 -0.000170 -0.007357 0.962339 0.271751
168.244749069 6.819691 -9.408894 0.277238 -0.004400 -0.007676 0.963396 0.267936
168.294294357 6.809611 -9.406481 0.274119 -0.009163 -0.008959 0.964195 0.264885
168.452885628 6.799383 -9.403486 0.271741 -0.014358 -0.011493 0.964649 0.262895
168.505265474 6.788981 -9.400307 0.269845 -0.019649 -0.014650 0.964856 0.261635
168.666585684 6.777981 -9.398205 0.269620 -0.024040 -0.015363 0.964929 0.260955
168.719447374 6.766685 -9.397004 0.270198 -0.027367 -0.014474 0.964850 0.260973
168.882651806 6.755684 -9.395485 0.271503 -0.030088 -0.014886 0.964477 0.262025
168.933181524 6.745062 -9.393790 0.272507 -0.032537 -0.017065 0.963895 0.263736
169.094711065 6.734720 -9.392001 0.272951 -0.034615 -0.020348 0.963146 0.265966
169.145263910 6.724551 -9.390457 0.273201 -0.036043 -0.023617 0.962271 0.268658
169.314058781 6.714536 -9.389232 0.273270 -0.036865 -0.026654 0.961298 0.271731
169.366157055 6.704348 -9.388617 0.272901 -0.036913 -0.028848 0.960193 0.275379
169.535891294 6.693710 -9.388525 0.272319 -0.036284 -0.030850 0.959039 0.279243
169.587064028 6.684249 -9.388812 0.271810 -0.035178 -0.032713 0.958012 0.282676
169.756669283 6.673708 -9.389473 0.271000 -0.033515 -0.034932 0.956787 0.286731
169.810034752 6.664309 -9.389980 0.270580 -0.031752 -0.037809 0.955551 0.290663
169.977771997 6.654802 -9.390918 0.269912 -0.029475 -0.039893 0.954252 0.294861
170.032988787 6.645435 -9.391939 0.269321 -0.026717 -0.041623 0.952885 0.299271
170.201094627 6.636036 -9.393242 0.268669 -0.023372 -0.042360 0.951540 0.303696
170.257827282 6.626735 -9.394777 0.267319 -0.019635 -0.042715 0.950184 0.308123
170.424451590 6.617833 -9.395947 0.265910 -0.015984 -0.043537 0.948921 0.312086
170.482538939 6.609221 -9.396818 0.264353 -0.012257 -0.044422 0.947743 0.315688
170.650356293 6.601182 -9.396801 0.263900 -0.008959 -0.046256 0.946804 0.318344
170.707281351 6.593629 -9.395629 0.264920 -0.006468 -0.049332 0.946192 0.319758
170.870208979 6.586138 -9.394026 0.266213 -0.004340 -0.052458 0.945769 0.320548
170.927040577 6.578741 -9.391776 0.267596 -0.002833 -0.056545 0.945448 0.320817
171.087857008 6.570929 -9.389271 0.269011 -0.001296 -0.060062 0.945186 0.320959
171.143062353 6.562779 -9.387047 0.270274 0.000448 -0.062281 0.945146 0.320656
171.299367905 6.554703 -9.385003 0.271008 0.001927 -0.064408 0.945356 0.319609
171.354293823 6.546829 -9.382821 0.270592 0.002943 -0.067545 0.945683 0.317983
171.511214733 6.538572 -9.380796 0.270236 0.004084 -0.069835 0.946172 0.316014
171.566777229 6.529641 -9.379595 0.271110 0.005762 -0.068880 0.947054 0.313544
171.722114086 6.520657 -9.378629 0.272404 0.007267 -0.066777 0.948243 0.310359
171.775189400 6.511906 -9.377734 0.272992 0.008197 -0.065210 0.949508 0.306780
171.929146528 6.502789 -9.377546 0.273715 0.009205 -0.061905 0.950923 0.303032
171.982839108 6.493783 -9.377489 0.274380 0.009746 -0.058515 0.952517 0.298651
172.138284922 6.484898 -9.377333 0.274610 0.009796 -0.055443 0.954216 0.293772
172.191718340 6.476380 -9.376723 0.273907 0.009002 -0.053983 0.955995 0.288232
172.345845461 6.467587 -9.376197 0.272677 0.007954 -0.052294 0.957818 0.282467
172.400194168 6.458898 -9.375556 0.270179 0.006363 -0.051503 0.959653 0.276357
172.561484098 6.449856 -9.375113 0.267065 0.004619 -0.050203 0.961431 0.270386
172.616903067 6.440504 -9.374666 0.264435 0.002848 -0.048149 0.963045 0.264986
172.776449442 6.430937 -9.373730 0.262975 0.001100 -0.045826 0.964386 0.260495
172.827164650 6.420973 -9.371841 0.262528 -0.000928 -0.044952 0.965381 0.256940
172.984248400 6.410989 -9.369625 0.262422 -0.002259 -0.044081 0.965848 0.255323
173.035409212 6.401195 -9.367011 0.262484 -0.002845 -0.043442 0.965818 0.255541
173.197013855 6.391419 -9.364345 0.262026 -0.003010 -0.043090 0.965561 0.256566
173.255920410 6.381626 -9.361567 0.261829 -0.002829 -0.043072 0.965193 0.257952
173.421406269 6.372260 -9.359096 0.261897 -0.002165 -0.042946 0.964836 0.259311
173.478683949 6.362907 -9.356956 0.261665 -0.001059 -0.042688 0.964507 0.260583
173.642302513 6.353605 -9.355057 0.260894 0.000497 -0.042482 0.964120 0.262044
173.699893475 6.344447 -9.353256 0.259733 0.002400 -0.042407 0.963685 0.263642
173.864808798 6.335574 -9.351102 0.259014 0.004416 -0.043224 0.963250 0.265069
173.922297716 6.326863 -9.348841 0.258494 0.006660 -0.044319 0.962857 0.266267
174.086654663 6.318249 -9.346709 0.257909 0.009039 -0.045476 0.962544 0.267130
174.145121098 6.309581 -9.344960 0.257997 0.011667 -0.045621 0.962335 0.267756
174.305017471 6.300970 -9.343587 0.258373 0.014224 -0.045042 0.962342 0.267707
174.361327171 6.292562 -9.342088 0.258783 0.016457 -0.044939 0.962511 0.266988
174.520342350 6.284218 -9.340478 0.259213 0.018457 -0.045006 0.962776 0.265888
174.576635361 6.275757 -9.339218 0.259653 0.020494 -0.044149 0.963128 0.264605
174.733793497 6.267406 -9.338067 0.260222 0.022266 -0.043295 0.963543 0.263087
174.789385080 6.259165 -9.337000 0.261222 0.023612 -0.042665 0.964024 0.261305
174.943448305 6.250902 -9.336385 0.262429 0.024685 -0.041358 0.964609 0.259249
174.997943640 6.242816 -9.336014 0.263602 0.025210 -0.040374 0.965264 0.256906
175.153421164 6.234857 -9.336001 0.264451 0.025234 -0.039638 0.965964 0.254372
175.206856489 6.226938 -9.336263 0.264286 0.024841 -0.039238 0.966686 0.251715
175.360183954 6.218710 -9.337158 0.263583 0.024420 -0.037531 0.967456 0.249045
175.413030148 6.210443 -9.338416 0.261898 0.023758 -0.035468 0.968290 0.246156
175.566727161 6.202452 -9.338758 0.260825 0.022032 -0.035771 0.969165 0.242805
175.620386600 6.194139 -9.338397 0.261371 0.019442 -0.037802 0.969942 0.239595
175.773972034 6.185347 -9.338457 0.261777 0.016930 -0.038825 0.970650 0.236738
175.829490662 6.176293 -9.338986 0.261480 0.014703 -0.038698 0.971308 0.234195
175.989959240 6.167246 -9.339333 0.261433 0.012610 -0.038563 0.971838 0.232129
176.045641184 6.158360 -9.339130 0.262118 0.010417 -0.039419 0.972219 0.230494
176.209232092 6.149293 -9.338938 0.263316 0.008721 -0.039682 0.972410 0.229715
176.265096664 6.140337 -9.338703 0.264827 0.007283 -0.040056 0.972401 0.229735
176.426709890 6.131381 -9.338517 0.265680 0.006252 -0.040306 0.972153 0.230770
176.480264187 6.122564 -9.338062 0.265937 0.005429 -0.041247 0.971577 0.233040
176.639810562 6.113974 -9.337073 0.265945 0.004536 -0.043648 0.970750 0.236048
176.693709850 6.105281 -9.335977 0.266102 0.004092 -0.046003 0.969754 0.239677
176.860265493 6.096482 -9.335479 0.266372 0.004307 -0.046829 0.968834 0.243204
176.915098429 6.087743 -9.335582 0.266188 0.004901 -0.046667 0.968066 0.246264
177.074041367 6.079256 -9.335690 0.266146 0.005458 -0.046669 0.967477 0.248556
177.128377914 6.070778 -9.335950 0.266691 0.006388 -0.045928 0.966940 0.250753
177.286625862 6.062480 -9.336197 0.267282 0.007343 -0.045147 0.966478 0.252643
177.340648174 6.054280 -9.336451 0.267364 0.008286 -0.044549 0.966077 0.254248
177.496518135 6.046053 -9.336894 0.267361 0.009446 -0.043271 0.965800 0.255478
177.553416252 6.037914 -9.337346 0.266894 0.010465 -0.041910 0.965702 0.256035
177.713781118 6.029846 -9.337585 0.266677 0.011119 -0.041195 0.965793 0.255781
177.767421722 6.021632 -9.337934 0.266694 0.011650 -0.040244 0.966022 0.255043
177.927462816 6.013235 -9.338578 0.265847 0.012234 -0.038800 0.966303 0.254171
177.982830524 6.004579 -9.339484 0.264978 0.013131 -0.036056 0.966588 0.253446
178.143524647 5.995832 -9.340595 0.263895 0.014324 -0.032365 0.966781 0.253143
178.198763609 5.987513 -9.340538 0.263627 0.014634 -0.031217 0.967074 0.252148
178.357694149 5.979173 -9.339847 0.263835 0.014560 -0.031467 0.967395 0.250889
178.413665295 5.970552 -9.339379 0.263840 0.014672 -0.031333 0.967715 0.249661
178.572036028 5.961727 -9.338944 0.263970 0.015007 -0.030888 0.967964 0.248728
178.627540350 5.952809 -9.338502 0.264039 0.015569 -0.030363 0.968112 0.248182
178.787662029 5.943831 -9.338086 0.264158 0.016407 -0.029728 0.968237 0.247719
178.843918085 5.934819 -9.337894 0.263759 0.017496 -0.028834 0.968375 0.247209
179.005902290 5.925873 -9.337706 0.262671 0.018723 -0.028233 0.968453 0.246884
179.063279867 5.917083 -9.336886 0.261999 0.019674 -0.029097 0.968460 0.246682
179.222096205 5.908212 -9.335650 0.261910 0.020606 -0.030501 0.968402 0.246663
179.276149988 5.899129 -9.334873 0.261590 0.022048 -0.030694 0.968355 0.246699
179.433056593 5.890081 -9.334299 0.261042 0.023672 -0.030607 0.968363 0.246528
179.490088224 5.881093 -9.333816 0.260836 0.025436 -0.029921 0.968458 0.246065
179.648276567 5.872203 -9.333579 0.261143 0.027344 -0.028194 0.968714 0.245054
179.703511953 5.863503 -9.333385 0.261420 0.028995 -0.026541 0.969125 0.243417
179.860130548 5.855018 -9.332851 0.261911 0.030175 -0.025849 0.969638 0.241295
179.916310072 5.846520 -9.332322 0.262482 0.031203 -0.025102 0.970143 0.239206
180.074262381 5.838000 -9.332144 0.263039 0.032159 -0.023671 0.970704 0.236935
180.129727125 5.829503 -9.332278 0.263314 0.033090 -0.021422 0.971343 0.234389
180.285006285 5.821169 -9.332366 0.263686 0.033561 -0.019432 0.972137 0.231181
180.340292692 5.812938 -9.332461 0.264049 0.033569 -0.017691 0.973056 0.227427
180.495844603 5.804768 -9.332471 0.263858 0.033061 -0.016639 0.974063 0.223230
180.551916361 5.796487 -9.332359 0.263371 0.032089 -0.016058 0.975121 0.218748
180.704439878 5.787971 -9.332430 0.262111 0.030950 -0.015262 0.976181 0.214198
180.759696722 5.779094 -9.332947 0.260376 0.030049 -0.013002 0.977151 0.210010
180.916424274 5.770160 -9.333151 0.259516 0.029041 -0.010509 0.978019 0.206217
180.971613884 5.761311 -9.332866 0.260398 0.028012 -0.008232 0.978663 0.203386
181.131785154 5.752608 -9.332160 0.261343 0.026949 -0.006818 0.979142 0.201265
181.189478874 5.743852 -9.330946 0.262422 0.026090 -0.006089 0.979454 0.199881
181.349872112 5.735004 -9.329971 0.262831 0.025598 -0.004917 0.979689 0.198821
181.406680107 5.726229 -9.328831 0.263459 0.025437 -0.003976 0.979817 0.198232
181.565569162 5.717520 -9.327561 0.264123 0.025637 -0.003143 0.979797 0.198321
181.622699022 5.708857 -9.326176 0.264477 0.026155 -0.002462 0.979647 0.199001
181.783749104 5.700236 -9.324337 0.264928 0.026782 -0.002769 0.979395 0.200150
181.840191603 5.691559 -9.322249 0.265518 0.027625 -0.003697 0.979084 0.201539
181.995976925 5.682913 -9.320409 0.265665 0.028616 -0.004887 0.978765 0.202917
182.052526236 5.674223 -9.318993 0.265561 0.029906 -0.005845 0.978512 0.203927
182.207414627 5.665504 -9.317821 0.265683 0.031459 -0.006479 0.978343 0.204482
182.263818741 5.656806 -9.316468 0.266084 0.033024 -0.007618 0.978282 0.204491
182.421060085 5.648038 -9.315159 0.266540 0.034709 -0.008553 0.978280 0.204180
182.477027893 5.639175 -9.314056 0.267089 0.036569 -0.009021 0.978317 0.203660
182.632706881 5.630310 -9.313088 0.267373 0.038535 -0.009233 0.978362 0.203072
182.688055038 5.621479 -9.311940 0.267640 0.040418 -0.009682 0.978430 0.202355
182.839798212 5.612703 -9.310603 0.268365 0.042032 -0.010419 0.978609 0.201121
182.895270109 5.603852 -9.309650 0.268649 0.043541 -0.010561 0.978845 0.199639
183.046416283 5.594971 -9.308856 0.268642 0.044915 -0.010434 0.979109 0.198040
183.101339579 5.585975 -9.308429 0.268498 0.046249 -0.009278 0.979412 0.196281
183.251525402 5.577007 -9.308041 0.268530 0.047370 -0.007670 0.979804 0.194118
183.304819107 5.567961 -9.307905 0.268475 0.048383 -0.005073 0.980278 0.191545
183.453851700 5.558891 -9.307911 0.267991 0.049150 -0.001920 0.980822 0.188596
183.507908583 5.549952 -9.307911 0.267074 0.049409 0.000825 0.981371 0.185657
183.658703804 5.541479 -9.307139 0.267056 0.048531 0.000703 0.981933 0.182896
183.712510824 5.533038 -9.306352 0.267600 0.046941 -0.000574 0.982466 0.180433
183.862460375 5.524348 -9.306168 0.268505 0.045072 -0.001001 0.982941 0.178311
183.915759802 5.515687 -9.306293 0.268885 0.042771 -0.001808 0.983409 0.176276
184.067445755 5.506939 -9.306750 0.268389 0.040168 -0.002637 0.983883 0.174221
184.122086525 5.498109 -9.307411 0.267399 0.037208 -0.003695 0.984366 0.172123
184.276655912 5.489184 -9.308297 0.266451 0.033866 -0.004661 0.984842 0.170052
184.331395388 5.480425 -9.308933 0.266204 0.029752 -0.007261 0.985322 0.167934
184.485320568 5.471379 -9.310069 0.266318 0.025539 -0.009559 0.985749 0.166001
184.540804625 5.461824 -9.311928 0.266543 0.021807 -0.010013 0.986075 0.164558
184.695389748 5.452211 -9.314765 0.266422 0.019100 -0.007340 0.986226 0.164134
184.746848822 5.441261 -9.319163 0.265206 0.017099 -0.001104 0.986156 0.164932
184.903180122 5.430739 -9.322776 0.264187 0.014821 0.003029 0.985848 0.166958
184.953697920 5.420581 -9.325029 0.264370 0.012247 0.003865 0.985282 0.170455
185.109993458 5.410047 -9.327116 0.264820 0.010280 0.004205 0.984377 0.175722
185.161176920 5.399880 -9.328722 0.265028 0.008445 0.002047 0.983197 0.182343
185.321341991 5.389658 -9.330417 0.265185 0.006982 -0.000927 0.981744 0.190076
185.374534130 5.379647 -9.332335 0.264839 0.005614 -0.004269 0.980127 0.198247
185.534219027 5.369535 -9.334792 0.265406 0.005110 -0.006402 0.978282 0.207116
185.586443424 5.359158 -9.338031 0.266965 0.005765 -0.006459 0.976164 0.216863
185.742006302 5.348689 -9.342008 0.268416 0.007279 -0.004905 0.973801 0.227232
185.793051004 5.338750 -9.345840 0.269476 0.008795 -0.004311 0.971290 0.237695
185.948030949 5.329202 -9.349498 0.270350 0.010385 -0.004462 0.968651 0.248170
185.999278307 5.319800 -9.353398 0.271110 0.012523 -0.003997 0.965895 0.258598
186.155318975 5.311347 -9.356212 0.271680 0.013967 -0.006381 0.963164 0.268475
186.206727743 5.303612 -9.358281 0.272549 0.015102 -0.010388 0.960497 0.277686
186.366737366 5.296318 -9.360238 0.273923 0.016617 -0.015154 0.957976 0.285965
186.420000076 5.289356 -9.362148 0.275848 0.018078 -0.020817 0.955592 0.293400
186.573573112 5.282297 -9.364741 0.277613 0.020095 -0.025381 0.953297 0.300295
186.626823664 5.274704 -9.368331 0.278767 0.022734 -0.028693 0.950955 0.307156
186.782799721 5.267956 -9.372061 0.279043 0.025399 -0.030506 0.948970 0.312858
186.840558052 5.261241 -9.376170 0.279073 0.028232 -0.031239 0.947207 0.317845
186.997866392 5.254665 -9.380166 0.279580 0.030815 -0.031624 0.945803 0.321725
187.061596870 5.248779 -9.383251 0.280732 0.032460 -0.033266 0.944847 0.324198
187.221193552 5.242667 -9.386422 0.282187 0.033990 -0.034336 0.944118 0.326048
187.280919552 5.236382 -9.390067 0.282497 0.035774 -0.033827 0.943511 0.327662
187.438189030 5.230147 -9.393046 0.282842 0.036776 -0.034632 0.943251 0.328215
187.498016119 5.223982 -9.394944 0.283696 0.036988 -0.036688 0.943264 0.327932
187.653345108 5.217400 -9.395967 0.285013 0.036875 -0.038995 0.943434 0.327188
187.713994265 5.210351 -9.396857 0.285779 0.036801 -0.040570 0.943649 0.326384
187.870255709 5.203042 -9.397483 0.285908 0.036567 -0.041940 0.943907 0.325488
187.927139282 5.195636 -9.397669 0.285853 0.036118 -0.043190 0.944201 0.324522
188.073689938 5.187730 -9.397246 0.285834 0.035310 -0.044664 0.944548 0.323400
188.127467871 5.179547 -9.396396 0.285863 0.034456 -0.045425 0.944917 0.322305
188.280769348 5.170999 -9.395817 0.284866 0.033864 -0.044994 0.945167 0.321694
188.335843086 5.162644 -9.395358 0.282949 0.032895 -0.044483 0.945237 0.321662
188.490747929 5.155154 -9.393914 0.281229 0.030576 -0.046079 0.945354 0.321322
188.546370268 5.147203 -9.392342 0.280034 0.028466 -0.046718 0.945596 0.320711
188.707685709 5.139059 -9.391152 0.279580 0.026411 -0.046191 0.945975 0.319845
188.761787176 5.131063 -9.389919 0.279900 0.024094 -0.045707 0.946439 0.318721
188.917798519 5.122918 -9.388711 0.280858 0.021850 -0.044623 0.946918 0.317613
188.974726200 5.114822 -9.387655 0.281716 0.019650 -0.043331 0.947381 0.316553
189.135032892 5.106793 -9.386872 0.282092 0.017590 -0.041894 0.947791 0.315639
189.190803051 5.098885 -9.385955 0.282126 0.015632 -0.040985 0.948106 0.314913
189.348492622 5.090957 -9.384714 0.282594 0.013959 -0.040090 0.948220 0.314765
189.405244350 5.083095 -9.383217 0.283413 0.012468 -0.039442 0.948090 0.315300
189.564497709 5.075227 -9.381942 0.283650 0.011333 -0.038549 0.947743 0.316494
189.619894028 5.067567 -9.380546 0.283454 0.010121 -0.038425 0.947348 0.317730
189.781064749 5.059857 -9.379371 0.282553 0.009218 -0.038143 0.946945 0.318992
189.839805603 5.052088 -9.378212 0.281462 0.008749 -0.037632 0.946425 0.320603
190.003350258 5.044328 -9.376854 0.280651 0.008643 -0.037324 0.945763 0.322592
190.061381340 5.036795 -9.375284 0.279971 0.008427 -0.038141 0.945074 0.324514
190.227935553 5.029166 -9.373561 0.280376 0.008639 -0.038945 0.944425 0.326297
190.286247015 5.021664 -9.371635 0.281784 0.009093 -0.040074 0.943761 0.328066
190.450738430 5.014050 -9.370006 0.282990 0.010194 -0.040559 0.943080 0.329926
190.508487225 5.006479 -9.368581 0.283913 0.011728 -0.040815 0.942390 0.331809
190.676167488 4.999469 -9.366689 0.284813 0.012749 -0.042792 0.941889 0.332944
190.734154701 4.991890 -9.364903 0.285621 0.014198 -0.044451 0.941516 0.333721
190.899040699 4.984570 -9.363470 0.286351 0.015975 -0.045417 0.941254 0.334251
190.958005905 4.977218 -9.362273 0.286961 0.018230 -0.045478 0.940999 0.334844
191.125573397 4.970244 -9.360950 0.287177 0.020358 -0.045811 0.940825 0.335166
191.188377857 4.963250 -9.359126 0.288113 0.022541 -0.046418 0.940872 0.334810
191.348715067 4.956209 -9.356994 0.289237 0.024796 -0.046964 0.941141 0.333816
191.410961390 4.949100 -9.355022 0.290106 0.027131 -0.047106 0.941611 0.332287
191.567039490 4.941893 -9.353169 0.291319 0.029614 -0.046674 0.942092 0.330767
191.628281832 4.934589 -9.351306 0.292221 0.032011 -0.046326 0.942620 0.329084
191.788189650 4.927500 -9.349758 0.292878 0.034229 -0.045510 0.943310 0.326992
191.844932079 4.920023 -9.348433 0.293376 0.036548 -0.043700 0.944248 0.324270
191.995481491 4.912375 -9.347712 0.293359 0.038986 -0.040491 0.945425 0.320955
192.052561760 4.904876 -9.347009 0.292973 0.040864 -0.037690 0.946882 0.316739
192.209959507 4.897603 -9.346265 0.292491 0.042047 -0.035663 0.948494 0.311961
192.263544559 4.889850 -9.345445 0.292634 0.042782 -0.033547 0.950302 0.306545
192.411000252 4.881962 -9.344852 0.292408 0.043286 -0.031098 0.952087 0.301146
192.463964462 4.873964 -9.344477 0.291243 0.043471 -0.028694 0.953884 0.295622
192.615168571 4.865834 -9.344222 0.289267 0.043310 -0.026415 0.955689 0.289973
192.667772055 4.857421 -9.344034 0.287169 0.042902 -0.023759 0.957414 0.284523
192.824177742 4.848823 -9.343794 0.285576 0.042219 -0.020710 0.959013 0.279434
192.880850792 4.840773 -9.342761 0.285631 0.040341 -0.020192 0.960394 0.274970
193.042048931 4.832829 -9.341604 0.286319 0.037805 -0.021187 0.961506 0.271343
193.099662304 4.824554 -9.340818 0.286974 0.035245 -0.021648 0.962421 0.268394
193.255171299 4.816198 -9.340107 0.287734 0.032497 -0.022347 0.963166 0.266001
193.312558651 4.807849 -9.339471 0.288435 0.029637 -0.023340 0.963697 0.264320
193.471222878 4.799032 -9.339607 0.288317 0.027698 -0.022556 0.963921 0.263782
193.528977394 4.790185 -9.340005 0.288590 0.026294 -0.021253 0.963624 0.265114
193.690185547 4.781275 -9.340476 0.289162 0.025363 -0.020055 0.962752 0.268445
193.747946978 4.772313 -9.341167 0.289610 0.024850 -0.018382 0.961466 0.273181
193.910522938 4.763598 -9.341513 0.289626 0.024317 -0.017632 0.959813 0.279030
193.965154886 4.754650 -9.341699 0.289636 0.024182 -0.017106 0.957626 0.286487
194.119676828 4.746660 -9.341725 0.289549 0.023826 -0.017894 0.955300 0.294134
194.172447205 4.738077 -9.341654 0.289870 0.023762 -0.018555 0.952482 0.303100
194.326536417 4.729782 -9.341518 0.289554 0.023631 -0.019339 0.949525 0.312202
194.378108740 4.722140 -9.341142 0.289410 0.023090 -0.020389 0.946691 0.320667
194.539189816 4.715190 -9.340181 0.290312 0.021898 -0.021891 0.944211 0.327882
194.593798637 4.708904 -9.338635 0.291988 0.020275 -0.024259 0.942253 0.333405
194.754307747 4.703186 -9.337082 0.293460 0.018278 -0.026731 0.940603 0.337962
194.817337275 4.697640 -9.335950 0.294812 0.016544 -0.027808 0.939117 0.342070
194.987705708 4.691891 -9.335009 0.295507 0.014967 -0.027928 0.937701 0.345995
195.051704884 4.685828 -9.334674 0.295131 0.013996 -0.026151 0.936381 0.349731
195.219476700 4.679632 -9.334831 0.293825 0.013468 -0.022698 0.935182 0.353183
195.282195807 4.673554 -9.334759 0.292572 0.012853 -0.019794 0.934030 0.356413
195.451067448 4.668020 -9.333047 0.293180 0.010979 -0.021166 0.933150 0.358695
195.514488220 4.662031 -9.331105 0.294319 0.009312 -0.022997 0.932335 0.360744
195.682403803 4.655688 -9.329143 0.295035 0.007930 -0.024692 0.931582 0.362605
195.745294333 4.648917 -9.327452 0.294950 0.007171 -0.025181 0.930824 0.364528
195.915956497 4.642038 -9.325571 0.294418 0.006651 -0.026044 0.930000 0.366575
195.975033998 4.635161 -9.323357 0.294394 0.006694 -0.026995 0.929132 0.368701
196.138086796 4.627448 -9.321012 0.294459 0.007444 -0.027128 0.928210 0.370992
196.197086811 4.619889 -9.319087 0.294325 0.008905 -0.025808 0.927361 0.373171
196.365447283 4.612730 -9.316883 0.294087 0.010215 -0.024952 0.926649 0.374959
196.429488182 4.606044 -9.313838 0.294350 0.011089 -0.025561 0.926147 0.376132
196.594376802 4.599335 -9.310413 0.295192 0.012163 -0.025929 0.925785 0.376964
196.656629562 4.592634 -9.307383 0.295996 0.013365 -0.025068 0.925707 0.377174
196.827816248 4.586058 -9.304636 0.296380 0.014468 -0.023754 0.925824 0.376930
196.891587257 4.579604 -9.302027 0.296973 0.015383 -0.022205 0.926027 0.376489
197.062192678 4.573393 -9.299327 0.297820 0.015731 -0.021417 0.926414 0.375568
197.125998974 4.567167 -9.296969 0.298413 0.015950 -0.020443 0.926859 0.374513
197.291499138 4.560898 -9.294792 0.298720 0.016061 -0.019096 0.927317 0.373444
197.353946686 4.554708 -9.292412 0.299105 0.015626 -0.018136 0.927877 0.372117
197.524061441 4.548398 -9.289962 0.299382 0.014762 -0.017327 0.928545 0.370522
197.587319136 4.542074 -9.287527 0.298892 0.013427 -0.017050 0.929259 0.368790
197.757344723 4.535449 -9.285021 0.297863 0.012018 -0.016658 0.929901 0.367235
197.819119930 4.528552 -9.282126 0.296897 0.010626 -0.016138 0.930426 0.365970
197.984404564 4.521353 -9.278765 0.296678 0.009476 -0.014953 0.930730 0.365279
198.044259548 4.514151 -9.275315 0.296573 0.008445 -0.013744 0.930940 0.364815
198.214130640 4.506973 -9.271794 0.296568 0.007891 -0.012475 0.930878 0.365032
198.274221182 4.500014 -9.268000 0.296546 0.007404 -0.011963 0.930680 0.365564
198.439758062 4.493064 -9.264018 0.297042 0.007161 -0.011802 0.930475 0.366095
198.498738527 4.485999 -9.260255 0.297336 0.007717 -0.010926 0.930148 0.366942
198.663143635 4.479168 -9.256477 0.297279 0.008535 -0.010445 0.929738 0.367975
198.723315477 4.472588 -9.252608 0.297200 0.009502 -0.010699 0.929240 0.369199
198.890891790 4.465979 -9.248851 0.297639 0.011172 -0.010447 0.928624 0.370706
198.957771301 4.459631 -9.245428 0.298035 0.013226 -0.009799 0.928051 0.372088
199.129281044 4.453392 -9.241912 0.298537 0.015265 -0.009773 0.927522 0.373330
199.196312666 4.447328 -9.238735 0.299370 0.017562 -0.009322 0.927051 0.374407
199.366832733 4.441381 -9.235879 0.300275 0.020101 -0.008434 0.926641 0.375316
199.433369637 4.435899 -9.232834 0.301173 0.021890 -0.009055 0.926459 0.375651
199.605078459 4.430478 -9.230119 0.302352 0.023556 -0.009554 0.926380 0.375731
199.671023369 4.425083 -9.227864 0.303804 0.025312 -0.009564 0.926314 0.375780
199.837838888 4.419854 -9.225553 0.305762 0.026611 -0.010200 0.926289 0.375735
199.902171612 4.414690 -9.223503 0.307386 0.027656 -0.010965 0.926272 0.375679
200.066886902 4.409664 -9.221460 0.308243 0.028123 -0.012698 0.926414 0.375241
200.130726099 4.404244 -9.219841 0.308440 0.028890 -0.013283 0.926547 0.374833
200.293633223 4.398701 -9.217975 0.308632 0.029441 -0.013891 0.926777 0.374199
200.358098269 4.392971 -9.215848 0.308895 0.029753 -0.014544 0.927076 0.373409
200.519752264 4.387153 -9.213449 0.309490 0.029913 -0.015345 0.927365 0.372643
200.583434343 4.381080 -9.211070 0.310177 0.030473 -0.015178 0.927481 0.372316
200.746675968 4.374903 -9.208600 0.310557 0.031358 -0.014293 0.927440 0.372382
200.810507298 4.368851 -9.205468 0.310987 0.032027 -0.013960 0.927367 0.372519
200.972399950 4.362769 -9.201712 0.311933 0.032717 -0.013809 0.927160 0.372979
201.035645723 4.356801 -9.197821 0.312469 0.033362 -0.014020 0.926837 0.373716
201.196622610 4.350926 -9.193712 0.312830 0.033834 -0.015004 0.926493 0.374487
201.259909630 4.345044 -9.189564 0.312970 0.034334 -0.016430 0.926144 0.375244
201.420681477 4.339026 -9.185317 0.313233 0.034783 -0.018288 0.925809 0.375944
201.478762627 4.332725 -9.181151 0.313395 0.035546 -0.019570 0.925439 0.376718
201.632813931 4.326283 -9.177129 0.313409 0.036617 -0.020062 0.925011 0.377638
201.695600748 4.320024 -9.173338 0.312894 0.037736 -0.020521 0.924603 0.378503
201.858851433 4.314001 -9.169579 0.312494 0.038702 -0.021286 0.924240 0.379249
201.923371792 4.307904 -9.165861 0.313014 0.039804 -0.021578 0.923917 0.379904
202.083254814 4.301778 -9.162476 0.313621 0.041129 -0.021230 0.923653 0.380425
202.146030188 4.295593 -9.159425 0.314596 0.042770 -0.019839 0.923456 0.380796
202.303768396 4.289706 -9.156390 0.315658 0.043941 -0.019085 0.923424 0.380780
202.365556717 4.284105 -9.153371 0.317365 0.044428 -0.019339 0.923508 0.380506
202.522494316 4.278556 -9.150751 0.318846 0.044500 -0.019722 0.923732 0.379934
202.586318493 4.273096 -9.148222 0.320494 0.043909 -0.020950 0.924098 0.379047
202.742714167 4.267233 -9.146254 0.322150 0.043586 -0.021017 0.924461 0.378194
202.806161165 4.261200 -9.144941 0.322496 0.043478 -0.020164 0.924827 0.377357
202.961794853 4.255194 -9.143479 0.322601 0.043016 -0.019637 0.925301 0.376274
203.025473833 4.248980 -9.142121 0.321935 0.042571 -0.018602 0.925783 0.375191
203.185737610 4.242574 -9.140783 0.321211 0.042264 -0.016895 0.926283 0.374070
203.248741150 4.236104 -9.139072 0.321111 0.041832 -0.015285 0.926859 0.372759
203.407348871 4.229549 -9.137168 0.320959 0.041466 -0.013602 0.927361 0.371615
203.470670700 4.222959 -9.134630 0.321342 0.041204 -0.012159 0.927670 0.370921
203.627224684 4.216257 -9.131864 0.321440 0.041145 -0.010445 0.927853 0.370522
203.690768003 4.209707 -9.128763 0.320900 0.040870 -0.009433 0.927917 0.370420
203.848382235 4.203244 -9.125106 0.320851 0.040355 -0.009186 0.927977 0.370332
203.906409025 4.196292 -9.121368 0.320383 0.040154 -0.008342 0.927898 0.370571
204.061517000 4.189500 -9.117603 0.319663 0.040068 -0.007788 0.927639 0.371241
204.118824482 4.182782 -9.113356 0.319667 0.039886 -0.008054 0.927297 0.372108
204.273661852 4.175785 -9.109335 0.319714 0.040426 -0.007204 0.926728 0.373482
204.331444979 4.169043 -9.105308 0.319456 0.040833 -0.006723 0.926154 0.374868
204.484834671 4.162436 -9.101161 0.318865 0.041206 -0.006684 0.925606 0.376180
204.542700768 4.155917 -9.097031 0.318697 0.041546 -0.006896 0.925206 0.377121
204.698791504 4.149170 -9.093716 0.319632 0.042859 -0.004752 0.925008 0.377492
204.762162685 4.142697 -9.091077 0.320080 0.044284 -0.001630 0.925053 0.377244
204.921469927 4.136443 -9.088789 0.320211 0.046020 0.002468 0.925288 0.376455
204.983486414 4.130971 -9.085828 0.320983 0.046746 0.004559 0.925823 0.375029
205.145403147 4.125795 -9.082678 0.322566 0.046728 0.005350 0.926567 0.373178
205.209119797 4.120500 -9.080023 0.324451 0.046764 0.007036 0.927475 0.370882
205.367931366 4.115384 -9.077395 0.326134 0.046154 0.007838 0.928586 0.368154
205.429292679 4.110446 -9.074776 0.326838 0.044611 0.006911 0.929822 0.365229
205.587824345 4.105466 -9.072602 0.325868 0.042752 0.005505 0.931025 0.362401
205.652271986 4.100293 -9.070553 0.324579 0.040617 0.003540 0.932181 0.359689
205.811776638 4.094131 -9.068438 0.324938 0.039439 0.003618 0.933004 0.357681
205.874217749 4.087547 -9.066316 0.326474 0.039428 0.006226 0.933505 0.356336
206.036540031 4.081196 -9.063658 0.328110 0.039522 0.008710 0.933831 0.355419
206.099228144 4.074946 -9.060791 0.329170 0.039845 0.011427 0.933997 0.354867
206.261567593 4.068825 -9.057753 0.329435 0.040298 0.014164 0.933998 0.354715
206.324024200 4.062793 -9.054745 0.329298 0.040852 0.016996 0.934053 0.354384
206.483391285 4.056882 -9.051350 0.329166 0.041261 0.019007 0.934163 0.353944
206.547827482 4.051026 -9.047431 0.329048 0.041228 0.019387 0.934347 0.353440
206.703391314 4.045083 -9.043486 0.329229 0.041391 0.019652 0.934421 0.353210
206.760853291 4.038474 -9.039032 0.329528 0.041653 0.019670 0.934489 0.353000
206.921127796 4.032343 -9.035288 0.329469 0.042286 0.020352 0.934289 0.353415
206.984173298 4.026093 -9.032042 0.329661 0.043351 0.022518 0.933603 0.354962
207.143642426 4.020400 -9.029012 0.330110 0.044314 0.024815 0.932563 0.357415
207.206616163 4.015338 -9.025896 0.330724 0.044733 0.027048 0.931321 0.360429
207.368539095 4.010678 -9.022503 0.330956 0.044677 0.028883 0.930248 0.363055
207.436286688 4.005956 -9.018634 0.331128 0.044618 0.030324 0.929432 0.365028
207.600199461 4.001288 -9.014568 0.331394 0.044114 0.030917 0.928714 0.366863
207.665946960 3.996546 -9.010614 0.331896 0.043280 0.030940 0.928057 0.368618
207.828330755 3.991833 -9.006764 0.332783 0.041994 0.030528 0.927456 0.370310
207.890599489 3.987063 -9.003012 0.333742 0.040332 0.029756 0.926912 0.371916
208.051731348 3.982184 -8.999569 0.334222 0.038565 0.029276 0.926358 0.373520
208.117677689 3.977262 -8.996297 0.334308 0.036671 0.028819 0.925794 0.375140
208.285418510 3.972275 -8.993067 0.334140 0.034627 0.027963 0.925290 0.376640
208.349922895 3.967045 -8.989963 0.334310 0.032821 0.027803 0.924778 0.378067
208.516511440 3.961589 -8.986983 0.334720 0.031303 0.028383 0.924306 0.379306
208.580977440 3.955813 -8.984238 0.335168 0.030481 0.029987 0.923766 0.380563
208.748459101 3.950023 -8.981258 0.336081 0.030088 0.031838 0.923163 0.381905
208.812194347 3.944240 -8.978014 0.336511 0.030044 0.033504 0.922448 0.383491
208.978854656 3.938676 -8.974251 0.336666 0.029841 0.033806 0.921811 0.385009
209.043816328 3.932868 -8.970359 0.337022 0.030213 0.034065 0.921161 0.386509
209.210410833 3.926958 -8.966602 0.336904 0.031131 0.034466 0.920419 0.388166
209.274842501 3.921321 -8.962401 0.337051 0.031845 0.033382 0.919792 0.389685
209.442827225 3.915539 -8.958214 0.337717 0.033165 0.032381 0.919147 0.391178
209.508417606 3.909988 -8.953845 0.338516 0.034371 0.030381 0.918641 0.392421
209.669893980 3.904313 -8.949656 0.338998 0.035980 0.028746 0.918077 0.393717
209.732723951 3.898616 -8.945510 0.339276 0.037835 0.027064 0.917463 0.395091
209.898463726 3.892837 -8.941603 0.339560 0.040173 0.025800 0.916772 0.396546
209.963315248 3.887344 -8.937629 0.340133 0.042192 0.023987 0.916210 0.397748
210.124958515 3.881937 -8.933681 0.341328 0.043994 0.022419 0.915698 0.398821
210.190035343 3.876553 -8.929956 0.342241 0.045871 0.021301 0.915187 0.399843
210.348199844 3.871016 -8.926412 0.342964 0.048169 0.021134 0.914586 0.400956
210.411043406 3.865722 -8.922918 0.343820 0.050212 0.021225 0.914046 0.401931
210.564727783 3.860807 -8.919288 0.344853 0.051493 0.020568 0.913679 0.402637
210.625627756 3.856132 -8.915715 0.345503 0.052140 0.019364 0.913415 0.403211
210.781377077 3.851282 -8.912367 0.346190 0.052682 0.018932 0.913110 0.403852
210.842553377 3.846274 -8.909346 0.347003 0.053378 0.019887 0.912765 0.404494
210.992793798 3.841724 -8.906177 0.348028 0.053192 0.019893 0.912639 0.404802
211.049471617 3.837233 -8.902990 0.348942 0.052561 0.019662 0.912687 0.404789
211.199922800 3.832724 -8.899533 0.350165 0.051298 0.018844 0.912885 0.404543
211.258081675 3.827963 -8.896148 0.351217 0.049986 0.018678 0.913083 0.404266
211.407294989 3.823064 -8.892973 0.351602 0.048634 0.019120 0.913372 0.403758
211.465137482 3.818139 -8.889842 0.351400 0.047057 0.019737 0.913738 0.403086
211.615924597 3.813266 -8.886475 0.351179 0.044887 0.019775 0.914248 0.402176
211.673591137 3.808167 -8.883038 0.350534 0.042393 0.019734 0.914788 0.401219
211.827499151 3.802806 -8.879431 0.349199 0.039564 0.019474 0.915414 0.400090
211.889720917 3.796681 -8.875464 0.347778 0.036806 0.020145 0.916049 0.398865
212.046304703 3.790550 -8.871491 0.345703 0.034102 0.021020 0.916686 0.397595
212.102358818 3.784209 -8.867067 0.343731 0.031217 0.021584 0.917253 0.396493
212.258641720 3.777761 -8.862047 0.343319 0.028444 0.021897 0.917681 0.395694
212.317002773 3.771271 -8.856758 0.343444 0.025937 0.021921 0.917987 0.395154
212.474100590 3.764541 -8.851592 0.343578 0.024142 0.022570 0.918056 0.395070
212.532048702 3.758043 -8.846360 0.344115 0.022503 0.022888 0.918135 0.394967
212.689055204 3.751417 -8.841365 0.345168 0.021541 0.024028 0.918115 0.394998
212.745066643 3.744796 -8.836483 0.345645 0.020970 0.025260 0.918008 0.395200
212.899930954 3.738300 -8.831657 0.345647 0.020571 0.026446 0.917929 0.395328
212.956871510 3.732094 -8.826486 0.346271 0.020057 0.026656 0.917961 0.395265
213.145817041 3.725809 -8.821674 0.347176 0.019987 0.027572 0.918004 0.395107
213.200407743 3.719598 -8.817009 0.348169 0.020162 0.028676 0.918054 0.394902
213.360473871 3.713663 -8.812050 0.349363 0.020187 0.028693 0.918186 0.394593
213.415791512 3.707782 -8.807216 0.350109 0.020268 0.028357 0.918380 0.394162
213.573912859 3.701694 -8.802584 0.350250 0.020582 0.028237 0.918608 0.393623
213.634983301 3.695816 -8.798447 0.350284 0.021066 0.028314 0.918888 0.392937
213.798645735 3.689792 -8.794443 0.350817 0.021834 0.028841 0.919230 0.392057
213.858045816 3.683770 -8.790532 0.351602 0.022809 0.029593 0.919588 0.391103
214.023397923 3.677845 -8.786684 0.352177 0.023868 0.030224 0.919947 0.390147
214.084368944 3.672002 -8.782751 0.352267 0.024871 0.030287 0.920289 0.389272
214.246068001 3.665923 -8.779010 0.351811 0.026195 0.031059 0.920506 0.388609
214.307280540 3.659922 -8.775247 0.351081 0.027513 0.031782 0.920718 0.387957
214.466014147 3.653995 -8.771302 0.350840 0.028699 0.032588 0.920892 0.387392
214.526927710 3.648374 -8.767109 0.351035 0.029308 0.032611 0.921086 0.386882
214.682896376 3.642786 -8.763170 0.351157 0.029725 0.033062 0.921313 0.386271
214.742398500 3.637375 -8.759273 0.351576 0.029797 0.033504 0.921510 0.385756
214.902076244 3.632387 -8.755115 0.352093 0.029093 0.032505 0.921782 0.385246
214.963221550 3.627557 -8.751140 0.352560 0.027994 0.031219 0.922035 0.384829
215.122115850 3.623101 -8.747147 0.352801 0.026160 0.028538 0.922427 0.384227
215.183771849 3.618391 -8.743587 0.352984 0.024442 0.026334 0.922800 0.383601
215.346358538 3.613028 -8.740637 0.354048 0.023502 0.026506 0.922995 0.383179
215.406194448 3.607475 -8.738019 0.355282 0.023010 0.027929 0.923082 0.382897
215.568526030 3.602187 -8.735399 0.356496 0.022319 0.029168 0.923163 0.382651
215.629989386 3.597119 -8.732587 0.357216 0.021357 0.029564 0.923323 0.382287
215.791894436 3.591832 -8.729600 0.357543 0.020575 0.029911 0.923472 0.381943
215.853567600 3.586273 -8.726610 0.357844 0.020154 0.030911 0.923582 0.381622
216.015298843 3.580851 -8.723339 0.357876 0.019557 0.031297 0.923714 0.381301
216.074668407 3.575550 -8.719980 0.357633 0.018724 0.031280 0.923846 0.381024
216.243080139 3.570228 -8.716231 0.357414 0.017688 0.030475 0.924024 0.380708
216.304186821 3.564871 -8.712416 0.357300 0.016447 0.029397 0.924161 0.380515
216.465475321 3.559179 -8.708842 0.357179 0.015502 0.029236 0.924171 0.380542
216.526280403 3.553357 -8.705198 0.357288 0.014663 0.029604 0.924126 0.380657
216.688103199 3.547522 -8.701221 0.357811 0.013695 0.030220 0.924064 0.380796
216.747831821 3.541834 -8.696970 0.358149 0.012380 0.030148 0.924051 0.380878
216.914880276 3.536511 -8.693015 0.357484 0.010849 0.029626 0.923897 0.381337
216.974411011 3.531408 -8.689764 0.356614 0.009328 0.029659 0.923291 0.382840
217.137945414 3.526554 -8.686878 0.355983 0.007705 0.030046 0.922147 0.385594
217.197889328 3.521738 -8.684010 0.355709 0.005919 0.030474 0.920668 0.389110
217.364914656 3.516725 -8.681228 0.355737 0.004164 0.031116 0.918977 0.393059
217.426373720 3.511840 -8.678575 0.355285 0.002121 0.031019 0.917259 0.397076
217.595358849 3.506629 -8.676006 0.355206 0.000287 0.031460 0.915287 0.401572
217.650194407 3.501077 -8.673180 0.355496 -0.001396 0.032623 0.913018 0.406611
217.813099146 3.495890 -8.669846 0.355406 -0.003551 0.032927 0.910962 0.411159
217.873337507 3.491020 -8.665757 0.355321 -0.006150 0.031662 0.909233 0.415037
218.044169664 3.485727 -8.661806 0.354580 -0.008334 0.030834 0.907448 0.418949
218.105636120 3.480072 -8.658413 0.353425 -0.009966 0.031052 0.905322 0.423472
218.271296740 3.474579 -8.655196 0.352678 -0.011996 0.030381 0.903058 0.428276
218.329132318 3.469181 -8.652311 0.352341 -0.013951 0.029764 0.900873 0.432837
218.500795364 3.463532 -8.649068 0.352466 -0.015700 0.029351 0.898818 0.437055
218.562778234 3.457861 -8.645122 0.353437 -0.017043 0.028008 0.897120 0.440569
218.735912800 3.452223 -8.641136 0.353949 -0.018331 0.025834 0.895633 0.443664
218.797512293 3.446194 -8.637058 0.354571 -0.018892 0.023845 0.894279 0.446475
218.957247734 3.439899 -8.632912 0.355290 -0.018651 0.022620 0.892985 0.449130
219.019948959 3.433730 -8.628798 0.355476 -0.018136 0.021492 0.891833 0.451490
219.188803911 3.427526 -8.624988 0.355206 -0.016857 0.020990 0.890640 0.453912
219.251199961 3.421212 -8.621627 0.355183 -0.014556 0.022048 0.889046 0.457055
219.416019917 3.415410 -8.618136 0.355338 -0.011961 0.023071 0.886979 0.461078
219.476392746 3.410412 -8.614642 0.354486 -0.009813 0.022812 0.884650 0.465594
219.640599251 3.405871 -8.611035 0.354036 -0.007843 0.022398 0.882301 0.470088
219.703840494 3.401676 -8.606249 0.354153 -0.006536 0.020688 0.880444 0.473654
219.867664337 3.397361 -8.600948 0.354262 -0.005130 0.018744 0.879226 0.476009
219.928810120 3.392642 -8.595387 0.354343 -0.003276 0.017409 0.878210 0.477947
220.093031406 3.387923 -8.589901 0.353921 -0.001184 0.016541 0.876972 0.480256
220.154426813 3.383969 -8.584910 0.353487 0.000199 0.015932 0.875377 0.483178
220.318058729 3.380144 -8.580230 0.353079 0.001846 0.016691 0.873388 0.486735
220.378460646 3.376562 -8.575436 0.352205 0.003413 0.018293 0.871170 0.490628
220.542336226 3.373636 -8.569804 0.350728 0.003838 0.018204 0.869484 0.493610
220.601373672 3.370548 -8.563294 0.349618 0.003774 0.016815 0.868258 0.495814
220.760797262 3.366597 -8.556211 0.349140 0.004122 0.016009 0.867190 0.497703
220.814458370 3.362739 -8.549033 0.349084 0.003987 0.014816 0.866392 0.499129
220.970432281 3.358623 -8.541904 0.348838 0.003742 0.013963 0.865632 0.500472
221.027755737 3.354448 -8.534994 0.347949 0.003277 0.013184 0.864956 0.501664
221.187744856 3.350155 -8.528331 0.346821 0.002700 0.012581 0.864409 0.502625
221.244663239 3.345698 -8.521586 0.346774 0.002077 0.011921 0.864092 0.503189
221.399230957 3.341250 -8.514987 0.346628 0.001198 0.011085 0.863978 0.503406
221.457103968 3.336703 -8.508609 0.346491 0.000321 0.010261 0.864062 0.503281
221.616413593 3.331846 -8.502474 0.346588 0.000174 0.010015 0.864208 0.503035
221.673317671 3.326920 -8.496465 0.347115 0.000388 0.010035 0.864409 0.502689
221.835248709 3.322006 -8.490607 0.347515 0.000868 0.010106 0.864689 0.502206
221.892357349 3.317104 -8.484846 0.347935 0.001772 0.010238 0.864850 0.501923
222.052454233 3.313685 -8.477995 0.350999 0.000443 0.004345 0.865082 0.501612
222.107152700 3.309602 -8.472409 0.353523 0.000319 -0.000001 0.865183 0.501457
222.268133879 3.304335 -8.467440 0.354616 0.001821 -0.001855 0.864967 0.501823
222.325562239 3.300124 -8.462826 0.356126 0.002474 -0.005695 0.864081 0.503314
222.482958317 3.294613 -8.459124 0.356600 0.005401 -0.005737 0.862789 0.505503
222.542105436 3.289392 -8.455642 0.357342 0.008589 -0.005368 0.860861 0.508740
222.690587282 3.284278 -8.452713 0.357738 0.012243 -0.003876 0.858636 0.512424
222.742223740 3.279314 -8.449249 0.359196 0.015902 -0.002924 0.855839 0.516989
222.888085842 3.274546 -8.445761 0.360526 0.019879 -0.001420 0.852771 0.521905
222.941195488 3.270320 -8.441869 0.361829 0.023577 -0.000409 0.849523 0.527024
223.086016417 3.266667 -8.437502 0.362824 0.026611 -0.000549 0.846052 0.532435
223.141690016 3.263575 -8.433205 0.362924 0.028989 -0.001454 0.842522 0.537879
223.281445265 3.260843 -8.428367 0.363474 0.031361 -0.001737 0.838588 0.543860
223.332020283 3.259370 -8.423195 0.363415 0.032368 -0.003511 0.834584 0.549917
223.469749212 3.258832 -8.417334 0.362765 0.032084 -0.006848 0.830265 0.556402
223.518638611 3.258464 -8.411252 0.361546 0.031416 -0.010039 0.825628 0.563249
223.657127619 3.258541 -8.405147 0.359406 0.029901 -0.013643 0.821161 0.569749
223.706630468 3.258692 -8.399139 0.357280 0.028267 -0.017179 0.816853 0.575897
223.850632668 3.258122 -8.393038 0.357414 0.027605 -0.018067 0.812433 0.582120
223.905311584 3.257509 -8.388113 0.358352 0.027071 -0.017801 0.808685 0.587349
224.048763514 3.257103 -8.383130 0.359790 0.025921 -0.017633 0.805283 0.592062
224.107424498 3.256244 -8.378629 0.361043 0.025526 -0.015928 0.802203 0.596293
224.255064249 3.255302 -8.374625 0.361989 0.025421 -0.013459 0.799560 0.599897
224.308691740 3.254006 -8.370718 0.362228 0.025825 -0.009478 0.796783 0.603638
224.457637787 3.253295 -8.366825 0.362684 0.025229 -0.006513 0.794625 0.606541
224.512841463 3.253454 -8.362077 0.365051 0.022503 -0.007852 0.793834 0.607667
224.667880058 3.252664 -8.357971 0.365967 0.021174 -0.007192 0.793031 0.608770
224.736248255 3.251177 -8.354292 0.365726 0.021115 -0.004641 0.792026 0.610104
224.895893812 3.249858 -8.350541 0.364489 0.020825 -0.002087 0.791202 0.611197
224.964293242 3.248597 -8.346702 0.362276 0.020333 0.000561 0.790653 0.611926
225.121384859 3.247710 -8.342023 0.359992 0.018658 0.001682 0.790655 0.611975
225.196715593 3.246835 -8.337809 0.358583 0.016596 0.002852 0.789866 0.613048
225.354628325 3.246000 -8.332984 0.358047 0.014658 0.004939 0.788928 0.614291
225.414744854 3.244670 -8.326642 0.357274 0.012270 0.005909 0.789238 0.613937
225.567144394 3.242718 -8.319399 0.356541 0.010062 0.006355 0.790350 0.612540
225.622524977 3.240761 -8.310432 0.354034 0.007314 0.005486 0.792577 0.609704
225.772907019 3.237411 -8.301664 0.351719 0.006937 0.007664 0.794286 0.607456
225.827769041 3.234942 -8.293123 0.350468 0.005874 0.009165 0.795203 0.606245
225.982179880 3.232649 -8.285923 0.350004 0.005224 0.011100 0.794654 0.606939
226.041188478 3.230431 -8.280467 0.351062 0.005694 0.014611 0.792186 0.610078
226.195474148 3.228289 -8.275480 0.352310 0.006687 0.018318 0.788926 0.614179
226.256231308 3.226919 -8.270657 0.352846 0.006629 0.019930 0.785894 0.618005
226.418428421 3.226165 -8.265786 0.352698 0.005400 0.019567 0.783136 0.621519
226.477299690 3.224797 -8.259820 0.351387 0.004248 0.018648 0.782156 0.622790
226.632732630 3.222535 -8.251680 0.350319 0.004029 0.017026 0.782227 0.622748
226.690557957 3.219910 -8.242550 0.349798 0.004768 0.015356 0.782709 0.622181
226.848157644 3.217350 -8.233199 0.349616 0.005852 0.014083 0.783102 0.621706
226.905682802 3.214742 -8.223938 0.349463 0.006799 0.013059 0.783654 0.621023
227.060453653 3.211979 -8.215065 0.349159 0.007713 0.012565 0.784249 0.620271
227.115007639 3.209195 -8.206648 0.348379 0.008884 0.012726 0.784750 0.619618
227.269932985 3.206813 -8.198471 0.347361 0.009591 0.012415 0.785155 0.619100
227.323917150 3.204774 -8.190384 0.346663 0.009706 0.011334 0.785448 0.618748
227.478790760 3.202337 -8.182746 0.346381 0.010565 0.011476 0.785570 0.618576
227.533057928 3.200273 -8.175404 0.346209 0.010939 0.011255 0.785792 0.618292
227.685625553 3.198527 -8.168026 0.346136 0.010635 0.010113 0.786153 0.617857
227.746368885 3.196679 -8.160741 0.345855 0.010111 0.008841 0.786727 0.617155
227.906528473 3.194658 -8.154126 0.346067 0.009940 0.008262 0.787180 0.616587
227.967112064 3.192794 -8.147717 0.346556 0.009359 0.007453 0.787682 0.615965
228.129426003 3.190968 -8.141544 0.346970 0.008557 0.006516 0.788309 0.615186
228.197551012 3.188571 -8.135654 0.347826 0.008730 0.007039 0.788954 0.614350
228.361085653 3.186315 -8.130194 0.348522 0.008790 0.007709 0.789556 0.613567
228.422617912 3.183913 -8.125070 0.349429 0.009294 0.009108 0.790115 0.612821
228.582509756 3.181787 -8.120037 0.350965 0.009563 0.010416 0.790707 0.612032
228.641331434 3.179860 -8.114993 0.351912 0.009659 0.011294 0.791314 0.611229
228.800875664 3.177982 -8.110048 0.352317 0.009750 0.012081 0.791913 0.610436
228.864417315 3.176188 -8.105240 0.352340 0.009707 0.012808 0.792472 0.609696
229.038006544 3.174851 -8.100811 0.352328 0.008797 0.012844 0.793048 0.608960
229.110405445 3.173671 -8.096197 0.352283 0.007137 0.012143 0.793702 0.608143
229.283651352 3.172176 -8.091621 0.351821 0.005787 0.011709 0.794218 0.607493
229.343725920 3.169866 -8.086624 0.351693 0.005774 0.012729 0.794350 0.607300
229.503478527 3.167641 -8.081586 0.351488 0.006040 0.013596 0.794329 0.607306
229.563173056 3.165747 -8.076351 0.351575 0.005866 0.013357 0.794333 0.607307
229.725590467 3.163419 -8.071084 0.352064 0.006814 0.013951 0.793816 0.607960
229.787312508 3.160891 -8.066320 0.352441 0.008799 0.015596 0.792603 0.609475
229.944035530 3.158675 -8.061927 0.353025 0.011272 0.017522 0.790823 0.611691
230.015249729 3.157619 -8.057802 0.353434 0.012424 0.017573 0.789106 0.613879
230.185130596 3.157353 -8.054009 0.352686 0.012300 0.015884 0.787718 0.615709
230.259778500 3.156887 -8.050335 0.351961 0.012345 0.014080 0.786288 0.617577
230.426870346 3.155801 -8.046395 0.352674 0.014258 0.014020 0.784462 0.619855
230.488393545 3.154633 -8.042194 0.353402 0.017038 0.014722 0.782331 0.622456
230.651996613 3.153861 -8.037729 0.353888 0.019254 0.014668 0.780677 0.624466
230.712178230 3.153172 -8.032534 0.354409 0.021210 0.013337 0.779329 0.626114
230.870048285 3.152598 -8.027386 0.354105 0.022727 0.011331 0.778046 0.627693
230.930809975 3.152131 -8.021940 0.354166 0.023581 0.008701 0.776527 0.629582
231.089471340 3.151365 -8.016473 0.354507 0.024581 0.006491 0.774929 0.631536
231.151552677 3.150220 -8.011005 0.355113 0.026092 0.005015 0.773359 0.633412
231.308869600 3.149213 -8.005656 0.355431 0.027354 0.003489 0.771836 0.635224
231.369283438 3.148619 -8.000266 0.356153 0.027534 0.001108 0.770501 0.636843
231.522384167 3.147831 -7.995013 0.356938 0.027721 -0.000808 0.769168 0.638445
231.581255198 3.147646 -7.990093 0.358739 0.026499 -0.003639 0.767641 0.640321
231.731185436 3.148021 -7.985702 0.361141 0.023494 -0.008050 0.765525 0.642927
231.788059235 3.147241 -7.982137 0.362092 0.022637 -0.009569 0.763105 0.645807
231.938236713 3.145888 -7.978640 0.362528 0.023128 -0.009112 0.760423 0.648952
231.992550611 3.144261 -7.975307 0.361945 0.024788 -0.006985 0.757640 0.652165
232.137046099 3.144116 -7.971955 0.362473 0.024136 -0.006759 0.754955 0.655298
232.187596321 3.145180 -7.969008 0.365345 0.020480 -0.009112 0.751248 0.659639
232.331514359 3.144994 -7.966612 0.365979 0.019359 -0.008593 0.746966 0.664524
232.379364252 3.143734 -7.964863 0.364774 0.020760 -0.005075 0.742378 0.669640
232.519213676 3.141955 -7.963696 0.361450 0.023704 0.000297 0.737535 0.674893
232.567062855 3.143614 -7.962887 0.359886 0.020242 -0.000129 0.732532 0.680432
232.710735321 3.145563 -7.961851 0.359551 0.015896 -0.001502 0.726875 0.686584
232.760210037 3.146069 -7.960928 0.357684 0.014535 -0.000064 0.720834 0.692955
232.907768250 3.145129 -7.960118 0.355130 0.016471 0.004448 0.714474 0.699454
232.959672689 3.144890 -7.958652 0.353323 0.017828 0.007930 0.708698 0.705243
233.110576153 3.145705 -7.955575 0.353843 0.017674 0.008712 0.704150 0.709777
233.171271801 3.146923 -7.951560 0.355130 0.016520 0.007353 0.701149 0.712785
233.337540627 3.147878 -7.947127 0.356072 0.015686 0.005767 0.698904 0.715020
233.409998178 3.147982 -7.942593 0.355794 0.016681 0.005388 0.696786 0.717065
233.570516825 3.147921 -7.937452 0.355067 0.018473 0.004991 0.695224 0.718538
233.631848335 3.148268 -7.931163 0.354403 0.020013 0.003584 0.694554 0.719153
233.783013105 3.149859 -7.925321 0.356026 0.018042 -0.000595 0.694309 0.719451
233.833994627 3.151571 -7.919190 0.360419 0.013545 -0.007008 0.693233 0.720553
233.988629580 3.151655 -7.914196 0.362342 0.012279 -0.009950 0.691741 0.721972
234.055209875 3.150730 -7.909757 0.363168 0.013153 -0.010433 0.689882 0.723727
234.216364145 3.150558 -7.906081 0.364851 0.012644 -0.011504 0.687669 0.725823
234.279081345 3.149882 -7.902770 0.364651 0.013553 -0.011024 0.685060 0.728277
234.429164886 3.148836 -7.900037 0.362136 0.015788 -0.009117 0.682251 0.730890
234.480992079 3.150426 -7.897559 0.363574 0.011995 -0.011809 0.679492 0.733489
234.625749588 3.151550 -7.894227 0.367358 0.006994 -0.015321 0.675689 0.736994
234.677539110 3.151726 -7.891620 0.368239 0.004185 -0.016902 0.671766 0.740559
234.823019981 3.151365 -7.889549 0.366265 0.002796 -0.017122 0.667565 0.744349
234.873326778 3.150023 -7.887401 0.363062 0.004595 -0.014305 0.662697 0.748737
235.018570662 3.148539 -7.885354 0.358947 0.008053 -0.010035 0.657504 0.753341
235.065690041 3.151221 -7.884186 0.358757 0.002310 -0.012437 0.651189 0.758810
235.213312149 3.152014 -7.882241 0.358827 0.001136 -0.011194 0.643590 0.765287
235.259809017 3.151616 -7.880252 0.357374 0.003254 -0.007349 0.635608 0.771970
235.409324646 3.150716 -7.878431 0.353570 0.007212 -0.002175 0.627242 0.778788
235.460140228 3.150669 -7.877186 0.348446 0.009549 0.001529 0.618485 0.785737
235.612735033 3.153865 -7.876621 0.349514 0.002691 -0.002102 0.610288 0.792172
235.661440134 3.154305 -7.874728 0.351477 0.001766 -0.002556 0.602668 0.797986
235.812823534 3.153743 -7.872871 0.350969 0.003219 -0.001674 0.595120 0.803629
235.863525152 3.152609 -7.871144 0.347885 0.006438 0.000253 0.587283 0.809356
236.015143633 3.152100 -7.868679 0.345781 0.009979 0.001502 0.579697 0.814769
236.072236776 3.153929 -7.866120 0.347175 0.009643 -0.000566 0.574694 0.818311
236.227731228 3.156067 -7.863306 0.348717 0.009578 -0.002561 0.570379 0.821322
236.288245916 3.158675 -7.860375 0.349444 0.009444 -0.004731 0.566347 0.824099
236.446144819 3.160836 -7.857392 0.349742 0.010968 -0.005603 0.562788 0.826510
236.501987934 3.162573 -7.854425 0.349827 0.014799 -0.004566 0.559635 0.828595
236.667750359 3.166027 -7.851588 0.350756 0.015830 -0.004973 0.557843 0.829781
236.738493204 3.169800 -7.848811 0.351039 0.016022 -0.005080 0.556430 0.830724
236.910702467 3.173176 -7.846517 0.350658 0.015293 -0.003998 0.555022 0.831686
236.983395100 3.175985 -7.845458 0.349259 0.013431 -0.002297 0.553558 0.832699
237.153558016 3.177821 -7.845154 0.348090 0.011284 -0.000544 0.552543 0.833408
237.234882832 3.178360 -7.844894 0.347514 0.010062 0.001155 0.552743 0.833291
237.440227270 3.178544 -7.844754 0.347586 0.008796 0.001764 0.553287 0.832942
237.548779011 3.178600 -7.844685 0.347567 0.008011 0.001948 0.553576 0.832758
237.757607698 3.178594 -7.844745 0.347553 0.007919 0.001946 0.553633 0.832721
237.866214752 3.178538 -7.844951 0.347418 0.008145 0.001664 0.553659 0.832702
238.072335005 3.178488 -7.845367 0.347314 0.008876 0.001382 0.553677 0.832683
238.183627844 3.178429 -7.845973 0.347234 0.009938 0.000984 0.553685 0.832666
238.393748999 3.178297 -7.846746 0.347324 0.010618 0.000476 0.553583 0.832726
238.502627134 3.178090 -7.847491 0.347473 0.010859 0.000025 0.553404 0.832842
238.713369131 3.177878 -7.848098 0.347538 0.011012 -0.000260 0.553335 0.832886
238.826477528 3.177680 -7.848636 0.347585 0.011141 -0.000491 0.553306 0.832903
239.038159132 3.177503 -7.849144 0.347606 0.011238 -0.000664 0.553271 0.832925
239.153696537 3.177424 -7.849411 0.347691 0.011362 -0.000856 0.553246 0.832940
239.367305756 3.177498 -7.849229 0.347949 0.011636 -0.001281 0.553283 0.832911
239.477201700 3.177837 -7.848523 0.348594 0.012124 -0.002002 0.553379 0.832839
239.682229042 3.178630 -7.847161 0.349870 0.012977 -0.003041 0.553533 0.832721
239.753113747 3.179996 -7.845417 0.351384 0.013240 -0.004498 0.553894 0.832469
239.925166130 3.181426 -7.843407 0.353064 0.012328 -0.006605 0.554574 0.832017
239.997431278 3.182195 -7.841126 0.353815 0.012822 -0.007598 0.555128 0.831632
240.185192347 3.183142 -7.838850 0.353802 0.014378 -0.007864 0.555623 0.831273
240.256400347 3.185599 -7.837850 0.356054 0.010964 -0.010643 0.555588 0.831317
240.401135683 3.187901 -7.837786 0.359530 0.005509 -0.014133 0.554896 0.831781
240.467244387 3.188597 -7.837608 0.360838 0.003819 -0.014928 0.553370 0.832793
240.625847578 3.188824 -7.837654 0.359834 0.004714 -0.013843 0.551616 0.833970
240.682468891 3.188856 -7.838127 0.356840 0.008040 -0.010881 0.549833 0.835165
240.829883337 3.188904 -7.838981 0.352088 0.013825 -0.006007 0.547952 0.836374
240.884736776 3.191254 -7.840505 0.350000 0.014640 -0.003762 0.546519 0.837310
241.030708790 3.196393 -7.843766 0.354386 0.004269 -0.007668 0.544483 0.838726
241.084711313 3.199570 -7.846830 0.357431 -0.001544 -0.008571 0.541893 0.840402
241.239276648 3.200682 -7.849304 0.358259 -0.002243 -0.006481 0.539214 0.842141
241.293914557 3.200771 -7.851532 0.356835 0.000159 -0.002697 0.536518 0.843885
241.439634085 3.200280 -7.854151 0.352642 0.005243 0.002873 0.533216 0.845958
241.490241289 3.199286 -7.856530 0.346872 0.012930 0.009584 0.529441 0.848194
241.652479649 3.202682 -7.858463 0.345105 0.013768 0.011330 0.528139 0.848971
241.706753016 3.208506 -7.858616 0.348413 0.008493 0.007781 0.530423 0.847655
241.862276554 3.214103 -7.858205 0.351319 0.004901 0.004703 0.533887 0.845528
241.921495914 3.217671 -7.857434 0.351763 0.005608 0.004622 0.537183 0.843434
242.077213049 3.219907 -7.856863 0.349496 0.009153 0.007277 0.539785 0.841722
242.137120485 3.222010 -7.856615 0.346941 0.012548 0.010492 0.541541 0.840515
242.313237190 3.224082 -7.856879 0.347267 0.012491 0.011470 0.543416 0.839293
242.385097980 3.225409 -7.857578 0.347487 0.012962 0.011937 0.545140 0.838160
242.584239006 3.226191 -7.858496 0.347618 0.013788 0.011888 0.546383 0.837337
242.693009853 3.226505 -7.859487 0.347737 0.013956 0.011528 0.546851 0.837034
242.902953863 3.226353 -7.860146 0.347740 0.014055 0.011056 0.546941 0.836980
243.011460543 3.226069 -7.860672 0.347706 0.014150 0.010418 0.546916 0.837003
243.217503548 3.225761 -7.861224 0.347680 0.014260 0.009648 0.546897 0.837023
243.325810671 3.225510 -7.861564 0.347671 0.014308 0.008547 0.546857 0.837060
243.518296957 3.225403 -7.861396 0.347690 0.014209 0.006649 0.546723 0.837166
243.591140747 3.225649 -7.860570 0.347890 0.014097 0.003887 0.546613 0.837258
243.753702402 3.226376 -7.858875 0.348566 0.013977 0.000235 0.546565 0.837300
243.819200993 3.227388 -7.855960 0.350209 0.014802 -0.003238 0.546745 0.837162
243.985292912 3.228390 -7.852942 0.351946 0.016286 -0.005381 0.547522 0.836615
244.069733620 3.229295 -7.850797 0.352940 0.017153 -0.006559 0.548057 0.836239
244.239108801 3.230521 -7.849151 0.353792 0.015783 -0.008465 0.549013 0.835622
244.293986082 3.231986 -7.848486 0.355198 0.012030 -0.011265 0.550270 0.834824
244.448021889 3.232462 -7.848327 0.356496 0.008435 -0.013081 0.551913 0.833757
244.514701605 3.231076 -7.849293 0.355900 0.007826 -0.011860 0.553860 0.832489
244.665110350 3.229200 -7.851853 0.355139 0.006719 -0.009943 0.556792 0.830565
244.721723080 3.226398 -7.855549 0.353842 0.005978 -0.007108 0.559912 0.828500
244.871721268 3.222770 -7.859945 0.351096 0.008197 -0.001924 0.562860 0.826509
244.927154541 3.220040 -7.865179 0.349053 0.010479 0.003319 0.564774 0.825172
245.082700014 3.219368 -7.871343 0.350340 0.008664 0.005363 0.566442 0.824039
245.142349005 3.217958 -7.877652 0.349970 0.009111 0.008507 0.567957 0.822964
245.297613144 3.216155 -7.884368 0.348252 0.012102 0.013033 0.568671 0.822373
245.357402563 3.215906 -7.890915 0.348288 0.013524 0.015182 0.569714 0.821592
245.519738674 3.216420 -7.897925 0.349298 0.013627 0.015568 0.571579 0.820286
245.574075222 3.217648 -7.905388 0.350613 0.012276 0.014133 0.574133 0.818548
245.726763248 3.217572 -7.912848 0.350264 0.013701 0.014332 0.576805 0.816642
245.781609058 3.217441 -7.920326 0.348795 0.015223 0.014622 0.579569 0.814650
245.937362909 3.218509 -7.927821 0.348407 0.013346 0.012640 0.582895 0.812340
245.994529724 3.219453 -7.935049 0.348726 0.011134 0.010370 0.586595 0.809738
246.154238224 3.219324 -7.941951 0.348802 0.011493 0.009889 0.590220 0.807100
246.212312937 3.219580 -7.948228 0.349402 0.011226 0.008812 0.594450 0.804006
246.368596077 3.219851 -7.954446 0.348890 0.011859 0.008094 0.598554 0.800954
246.423655987 3.220640 -7.960175 0.348773 0.011486 0.006476 0.603117 0.797544
246.573411465 3.221054 -7.965986 0.348136 0.012448 0.005615 0.607877 0.793914
246.628295422 3.221846 -7.971020 0.349412 0.011616 0.003693 0.613214 0.789822
246.776901960 3.221063 -7.976006 0.350551 0.013679 0.004423 0.618300 0.785811
246.829012156 3.220124 -7.981025 0.351847 0.015302 0.005358 0.623695 0.781500
246.973643780 3.219407 -7.985483 0.352966 0.015444 0.005504 0.629332 0.776963
247.022966385 3.217897 -7.990630 0.352125 0.016713 0.006789 0.635102 0.772217
247.169130564 3.216620 -7.995353 0.351530 0.016788 0.007403 0.641274 0.767092
247.218670368 3.214966 -7.999582 0.351701 0.016050 0.007758 0.647721 0.761669
247.366619587 3.213374 -8.003660 0.351759 0.014768 0.007835 0.654563 0.755823
247.417372704 3.212160 -8.007254 0.351499 0.013081 0.007262 0.661660 0.749655
247.566089869 3.211488 -8.010670 0.351074 0.011743 0.006406 0.668308 0.743764
247.615738392 3.211106 -8.014196 0.350971 0.012059 0.006310 0.674224 0.738402
247.764306307 3.210985 -8.017497 0.351148 0.012337 0.005899 0.680288 0.732817
247.815155745 3.211225 -8.020478 0.351682 0.011801 0.004523 0.686576 0.726948
247.961882591 3.211716 -8.023741 0.352352 0.011684 0.003259 0.692596 0.721224
248.012336016 3.211597 -8.027254 0.352388 0.013048 0.003419 0.698491 0.715492
248.157118082 3.211379 -8.030204 0.352785 0.013792 0.002934 0.704803 0.709263
248.208000422 3.210684 -8.033255 0.352943 0.014368 0.002609 0.711269 0.702769
248.351679325 3.209251 -8.036706 0.352981 0.015399 0.003330 0.717777 0.696095
248.401988983 3.207348 -8.040146 0.353567 0.015976 0.004309 0.724693 0.688873
248.545573473 3.205076 -8.043873 0.354270 0.016481 0.005697 0.731585 0.681527
248.595655680 3.202709 -8.048131 0.354401 0.017029 0.007424 0.738302 0.674214
248.741361856 3.200871 -8.052523 0.354665 0.016985 0.008438 0.744738 0.667087
248.791879654 3.198633 -8.056963 0.354151 0.017261 0.009884 0.751070 0.659923
248.934680462 3.196274 -8.061277 0.354059 0.016990 0.011044 0.757463 0.652564
248.983257055 3.194088 -8.065463 0.354336 0.015413 0.011118 0.764003 0.644932
249.126078606 3.191874 -8.070010 0.354096 0.013446 0.010945 0.770315 0.637427
249.175971270 3.189262 -8.074936 0.353251 0.011856 0.011238 0.776308 0.630142
249.322919130 3.187034 -8.079745 0.352850 0.009625 0.010523 0.782190 0.622876
249.371814013 3.184539 -8.084973 0.353020 0.008325 0.010921 0.787909 0.615638
249.518235445 3.182111 -8.090622 0.353165 0.007419 0.011785 0.793648 0.608218
249.566483736 3.180099 -8.096698 0.352440 0.006052 0.012203 0.799445 0.600584
249.712981224 3.178290 -8.103131 0.351281 0.004399 0.012430 0.805329 0.592682
249.762343168 3.176890 -8.109507 0.351025 0.002471 0.011879 0.811134 0.584735
249.906530142 3.175769 -8.116047 0.350467 0.000830 0.010911 0.816527 0.577203
249.957613945 3.175226 -8.122572 0.350195 -0.001052 0.008790 0.821556 0.570059
250.106302738 3.174352 -8.129340 0.350374 -0.001574 0.007877 0.826090 0.563481
250.157233953 3.173665 -8.136417 0.349621 -0.001482 0.007091 0.830326 0.557231
250.311667204 3.172753 -8.143372 0.348625 -0.000015 0.007573 0.834048 0.551640
250.366185188 3.171664 -8.150219 0.347628 0.002671 0.009258 0.837447 0.546433
250.516884565 3.172171 -8.155317 0.347738 0.004152 0.007097 0.840729 0.541394
250.572622299 3.172758 -8.159992 0.348371 0.005915 0.004633 0.844059 0.536198
250.720781326 3.173007 -8.164701 0.349025 0.007356 0.002599 0.847527 0.530696
250.771307230 3.173197 -8.169930 0.348279 0.008665 0.000137 0.851391 0.524460
250.917352438 3.173718 -8.175660 0.346258 0.009773 -0.002867 0.855178 0.518234
250.969463825 3.173178 -8.181165 0.346755 0.011940 -0.003227 0.859017 0.511798
251.109680653 3.171976 -8.186373 0.348756 0.013967 -0.002917 0.863629 0.503926
251.158700943 3.170371 -8.191859 0.350792 0.015671 -0.002235 0.868743 0.495011
251.297889233 3.168329 -8.197643 0.352087 0.017321 -0.000941 0.874124 0.485393
251.345161676 3.166025 -8.203054 0.353077 0.018333 -0.000206 0.879989 0.474640
251.483935356 3.163424 -8.208311 0.352832 0.018746 -0.000253 0.886199 0.462925
251.531827688 3.160216 -8.214453 0.351079 0.019702 0.001378 0.892503 0.450609
251.671178579 3.156549 -8.220579 0.350649 0.020652 0.004248 0.899267 0.436891
251.719908237 3.152690 -8.226393 0.351293 0.020919 0.006595 0.906124 0.422444
251.862188101 3.149125 -8.232104 0.351602 0.020549 0.008024 0.912509 0.408461
251.910969734 3.145397 -8.237841 0.351801 0.019444 0.008400 0.918543 0.394754
252.052634716 3.141633 -8.243610 0.351591 0.018137 0.008602 0.924215 0.381344
252.102439165 3.137807 -8.249179 0.351561 0.016759 0.008850 0.929427 0.368519
252.246801853 3.134124 -8.254466 0.351367 0.015357 0.009008 0.934183 0.356351
252.296306849 3.130780 -8.259532 0.351439 0.013525 0.008524 0.938581 0.344687
252.444178820 3.127779 -8.264771 0.351405 0.011533 0.007929 0.942672 0.333428
252.494204998 3.125381 -8.269856 0.351385 0.009426 0.006837 0.946327 0.323000
252.644141674 3.123374 -8.275037 0.350889 0.007477 0.006065 0.949587 0.313357
252.695175886 3.121953 -8.279975 0.350281 0.005404 0.004414 0.952546 0.304315
252.844774723 3.120824 -8.285121 0.350278 0.003520 0.003081 0.955199 0.295927
252.894690275 3.119702 -8.290804 0.350328 0.002100 0.003205 0.957648 0.287917
253.045939684 3.119001 -8.295971 0.350754 0.000664 0.002323 0.959939 0.280199
253.097341061 3.118646 -8.300636 0.351930 -0.000874 -0.000009 0.962087 0.272741
253.250041485 3.118449 -8.305416 0.353535 -0.002247 -0.002781 0.964127 0.265418
253.301757336 3.118095 -8.310859 0.355104 -0.003018 -0.005174 0.966176 0.257813
253.460733652 3.117105 -8.315998 0.355785 -0.002579 -0.006647 0.967897 0.251245
253.514793634 3.115412 -8.321856 0.355515 -0.001387 -0.005380 0.969399 0.245426
253.674664259 3.113827 -8.327930 0.354374 -0.000379 -0.003150 0.970724 0.240177
253.735740900 3.112516 -8.333146 0.353748 0.000662 -0.001311 0.971729 0.236096
253.904472113 3.110918 -8.337852 0.353864 0.002567 0.000373 0.972612 0.232421
253.963874578 3.108772 -8.341760 0.355195 0.005361 0.000863 0.973411 0.229002
254.132071733 3.105874 -8.345401 0.356545 0.008911 0.001371 0.974108 0.225902
254.187285185 3.101994 -8.349778 0.357564 0.013188 0.004323 0.974609 0.223481
254.342809200 3.097767 -8.353962 0.357964 0.017461 0.007645 0.974942 0.221643
254.398428679 3.093044 -8.358047 0.357626 0.021853 0.010912 0.975189 0.220024
254.556061745 3.088929 -8.360364 0.357107 0.024867 0.009302 0.975561 0.218120
254.613352060 3.084329 -8.362177 0.358565 0.027093 0.006421 0.975860 0.216617
254.773257256 3.078774 -8.364046 0.360398 0.029364 0.005226 0.976015 0.215652
254.829257488 3.072475 -8.365503 0.361920 0.031565 0.004828 0.976083 0.215042
254.985097170 3.065847 -8.367051 0.363326 0.033560 0.005341 0.976129 0.214517
255.041746616 3.059046 -8.369067 0.364746 0.035393 0.007190 0.976208 0.213809
255.194320917 3.052710 -8.370410 0.365755 0.036207 0.006346 0.976364 0.212985
255.251219988 3.046419 -8.371544 0.365602 0.036431 0.004068 0.976565 0.212079
255.400532246 3.039779 -8.373727 0.365453 0.036864 0.004903 0.976727 0.211238
255.451717615 3.032105 -8.377391 0.363536 0.037748 0.008839 0.976822 0.210515
255.605306149 3.025276 -8.379057 0.361630 0.036971 0.007433 0.977193 0.208980
255.658871412 3.018397 -8.379327 0.361449 0.035279 0.003846 0.977485 0.207999
255.810339212 3.010033 -8.380646 0.360688 0.033748 0.002661 0.977590 0.207776
255.861768484 3.002418 -8.382026 0.359180 0.031706 0.000897 0.977631 0.207922
256.015997887 2.995170 -8.383546 0.358968 0.029109 0.000098 0.977553 0.208668
256.067352295 2.987182 -8.386270 0.358851 0.026541 0.002397 0.977318 0.210096
256.221855879 2.979354 -8.389040 0.358603 0.023623 0.004906 0.977005 0.211849
256.274888754 2.972319 -8.391062 0.356662 0.019749 0.004329 0.976749 0.213432
256.431262493 2.965383 -8.392864 0.353854 0.015451 0.003438 0.976428 0.215263
256.483974695 2.958089 -8.394424 0.352014 0.010807 0.003599 0.975949 0.217701
256.644065142 2.950224 -8.395611 0.351177 0.006031 0.003925 0.975268 0.220907
256.698754311 2.941909 -8.395978 0.351695 0.001205 0.002791 0.974326 0.225119
256.861899137 2.933397 -8.396297 0.351688 -0.003481 0.000948 0.973148 0.230152
256.914660454 2.924504 -8.396926 0.351561 -0.007237 -0.000197 0.971625 0.236416
257.074079275 2.915203 -8.397753 0.351867 -0.009766 -0.000600 0.969669 0.244225
257.125023603 2.904753 -8.399135 0.352652 -0.010838 0.000827 0.967119 0.254092
257.281979799 2.894007 -8.400452 0.353383 -0.011000 0.002223 0.964136 0.265171
257.333263874 2.883555 -8.401312 0.352816 -0.011244 0.001372 0.960888 0.276707
257.490513086 2.872688 -8.402234 0.351953 -0.010521 0.000640 0.957225 0.289154
257.541104078 2.861543 -8.403307 0.350911 -0.008893 0.000289 0.953158 0.302343
257.700408459 2.850585 -8.404373 0.348887 -0.007220 -0.001090 0.949087 0.314928
257.752332926 2.839889 -8.405037 0.346680 -0.005223 -0.004192 0.945211 0.326392
257.914767981 2.829777 -8.405388 0.345297 -0.003359 -0.008606 0.941595 0.336620
257.965018272 2.820476 -8.405617 0.346150 -0.001666 -0.013108 0.938485 0.345066
258.122107744 2.812070 -8.405843 0.347299 -0.000541 -0.017355 0.935903 0.351828
258.177849293 2.803800 -8.405996 0.348800 0.000380 -0.021292 0.933627 0.357614
258.337801933 2.796269 -8.406364 0.350070 0.001357 -0.024054 0.931760 0.362275
258.392849207 2.788848 -8.406832 0.351631 0.002729 -0.025501 0.930068 0.366490
258.558029175 2.781406 -8.407340 0.352729 0.004326 -0.026052 0.928563 0.370235
258.615023851 2.774135 -8.408458 0.352807 0.006694 -0.024292 0.927183 0.373761
258.771453142 2.766529 -8.409908 0.352087 0.009372 -0.021512 0.925878 0.377092
258.834739923 2.759845 -8.410373 0.351850 0.010946 -0.020577 0.925076 0.379067
258.998078108 2.754098 -8.409815 0.352630 0.011296 -0.021890 0.924985 0.379204
259.069948435 2.750138 -8.408659 0.352979 0.010450 -0.025053 0.925304 0.378254
259.232934475 2.745188 -8.406342 0.353957 0.010863 -0.026060 0.924061 0.381201
259.290236950 2.740330 -8.403291 0.354294 0.011753 -0.026897 0.921986 0.386110
259.439827681 2.735486 -8.401916 0.357028 0.014578 -0.021212 0.920587 0.389688
259.488979578 2.731127 -8.399252 0.359882 0.017511 -0.015408 0.918296 0.395208
259.637972832 2.727355 -8.395619 0.362651 0.019443 -0.011107 0.915999 0.400555
259.689468384 2.724129 -8.392010 0.366407 0.021163 -0.006416 0.914327 0.404372
259.842178106 2.721291 -8.388633 0.367383 0.022198 -0.003034 0.912824 0.407738
259.901858330 2.718659 -8.385396 0.368436 0.022679 0.000072 0.911993 0.409579
260.062076092 2.716577 -8.382339 0.369065 0.022137 0.001590 0.911863 0.409893
260.125687361 2.713667 -8.379921 0.368661 0.022200 0.004992 0.911665 0.410304
260.280470610 2.710161 -8.377402 0.369605 0.022343 0.009526 0.911609 0.410340
260.346803427 2.707631 -8.374125 0.369307 0.020146 0.009378 0.912081 0.409407
260.504702806 2.705230 -8.371244 0.367126 0.017080 0.007811 0.912779 0.408022
260.557027817 2.701476 -8.370516 0.367842 0.016170 0.013057 0.913784 0.405669
260.711654425 2.698419 -8.369010 0.367610 0.013323 0.014612 0.915402 0.402054
260.762485981 2.695756 -8.367413 0.365022 0.009173 0.013238 0.917346 0.397766
260.917177677 2.692848 -8.366177 0.360381 0.004787 0.011122 0.919280 0.393418
260.975716829 2.688564 -8.364007 0.360659 0.001897 0.013373 0.920199 0.391219
261.137893677 2.685273 -8.361119 0.361837 -0.001145 0.015407 0.920492 0.390457
261.195239782 2.681314 -8.358228 0.360845 -0.003617 0.018730 0.920035 0.391373
261.359566927 2.677566 -8.355803 0.357203 -0.006224 0.021117 0.919702 0.392000
261.423227787 2.673438 -8.353019 0.356843 -0.007935 0.023339 0.919843 0.391512
261.584305048 2.670351 -8.348449 0.358542 -0.011031 0.019891 0.920464 0.390165
261.635376453 2.666818 -8.343425 0.360250 -0.014021 0.014764 0.921524 0.387788
261.794291496 2.663258 -8.339565 0.361503 -0.015872 0.010788 0.922935 0.384478
261.849008799 2.659492 -8.336499 0.361519 -0.017169 0.007537 0.924633 0.380398
262.026258230 2.655508 -8.334276 0.360405 -0.017049 0.007395 0.925701 0.377799
262.087371588 2.650940 -8.333108 0.359065 -0.015852 0.010245 0.926640 0.375475
262.254944563 2.646406 -8.330804 0.358810 -0.015133 0.010590 0.928066 0.371958
262.312563181 2.641245 -8.328418 0.359503 -0.014344 0.010579 0.929614 0.368104
262.477876425 2.635217 -8.324969 0.360200 -0.013528 0.009803 0.930450 0.366038
262.529731750 2.628657 -8.320984 0.359999 -0.012335 0.009531 0.930650 0.365578
262.695734978 2.622003 -8.317357 0.359252 -0.010911 0.009296 0.931353 0.363834
262.755966187 2.616004 -8.314672 0.359120 -0.009470 0.009417 0.932723 0.360347
262.921852827 2.610269 -8.312387 0.359058 -0.008364 0.008695 0.934561 0.355598
262.974297762 2.604317 -8.310949 0.358412 -0.007089 0.008478 0.936666 0.350050
263.135373592 2.598335 -8.309968 0.357782 -0.005748 0.008587 0.938824 0.344242
263.188925266 2.592182 -8.309413 0.356782 -0.004279 0.009120 0.940979 0.338316
263.351641178 2.586136 -8.309005 0.356064 -0.003169 0.009304 0.943244 0.331956
263.406433821 2.580037 -8.308385 0.356221 -0.002802 0.008174 0.945479 0.325569
263.568656206 2.573536 -8.307080 0.357139 -0.003363 0.004748 0.947417 0.319949
263.622716665 2.566649 -8.306230 0.357669 -0.004006 0.001627 0.949219 0.314587
263.784891605 2.559519 -8.305614 0.357820 -0.004511 -0.000930 0.950968 0.309254
263.841294289 2.552708 -8.305439 0.356715 -0.004612 -0.002366 0.952524 0.304420
264.012515306 2.545873 -8.305349 0.355727 -0.004043 -0.001623 0.953970 0.299871
264.076547146 2.539420 -8.303876 0.355167 -0.004042 -0.002681 0.955338 0.295475
264.247303724 2.532449 -8.301159 0.354400 -0.003663 -0.003993 0.955899 0.293646
264.302868128 2.524154 -8.296899 0.353604 -0.002285 -0.005283 0.955754 0.294111
264.467327356 2.516261 -8.292495 0.353043 -0.000931 -0.006718 0.955499 0.294915
264.523174286 2.508318 -8.288364 0.352620 0.000544 -0.007664 0.955303 0.295529
264.688774109 2.500405 -8.284581 0.352828 0.002311 -0.007466 0.955185 0.295906
264.745525599 2.492627 -8.281152 0.352853 0.004166 -0.006515 0.955228 0.295770
264.917868853 2.485047 -8.278047 0.352099 0.005974 -0.005868 0.955542 0.294736
264.972588539 2.477546 -8.275862 0.350907 0.007962 -0.004269 0.956105 0.292885
265.138183117 2.470578 -8.274069 0.350124 0.009540 -0.003110 0.956921 0.290174
265.199422836 2.465081 -8.271143 0.350832 0.009764 -0.005620 0.957858 0.287021
265.373477936 2.462497 -8.267122 0.353682 0.009021 -0.010305 0.958590 0.284460
265.435102224 2.459619 -8.264609 0.355907 0.008528 -0.013469 0.959338 0.281809
265.618673801 2.457175 -8.262644 0.357189 0.008422 -0.015327 0.959716 0.280426
265.724956274 2.455779 -8.261210 0.357157 0.008964 -0.015169 0.959594 0.280838
265.908387661 2.454608 -8.260706 0.355643 0.010177 -0.012380 0.959293 0.281958
265.987678289 2.453493 -8.259811 0.354442 0.010997 -0.009953 0.959141 0.282539
266.196314335 2.451821 -8.258057 0.354966 0.010715 -0.010037 0.959342 0.281865
266.270811558 2.449221 -8.256030 0.356165 0.009884 -0.011652 0.959792 0.280297
266.455821514 2.446777 -8.253915 0.357246 0.009210 -0.012829 0.960065 0.279332
266.550258398 2.445089 -8.252461 0.357027 0.009099 -0.011758 0.959952 0.279771
266.725029945 2.443920 -8.251672 0.355394 0.009566 -0.008509 0.959603 0.281065
266.794319391 2.442532 -8.250405 0.353779 0.009968 -0.005224 0.959365 0.281945
266.978384495 2.440269 -8.248230 0.353809 0.009487 -0.004657 0.959697 0.280839
267.048206568 2.437165 -8.245330 0.355302 0.008313 -0.006450 0.960499 0.278083
267.223505259 2.434214 -8.241867 0.357311 0.006913 -0.009078 0.961220 0.275546
267.298439264 2.431714 -8.238755 0.358471 0.005838 -0.010706 0.961816 0.273425
267.481430054 2.429583 -8.236663 0.358015 0.005615 -0.009788 0.962060 0.272605
267.557134628 2.427985 -8.234872 0.356455 0.006018 -0.006865 0.961978 0.272975
267.747246981 2.426234 -8.232593 0.355464 0.006244 -0.004423 0.962102 0.272582
267.826015711 2.423812 -8.229643 0.355588 0.005885 -0.003996 0.962663 0.270609
268.014674664 2.420770 -8.226268 0.356723 0.005153 -0.004960 0.963516 0.267555
268.092371464 2.418150 -8.223143 0.357240 0.004531 -0.005306 0.964193 0.265110
268.278975964 2.415764 -8.220318 0.357080 0.004192 -0.004637 0.964725 0.263186
268.357332945 2.413726 -8.217800 0.356173 0.004289 -0.002594 0.965004 0.262186
268.547623158 2.411461 -8.214903 0.355730 0.004237 -0.001458 0.965518 0.260296
268.626968145 2.408889 -8.211896 0.355587 0.004228 -0.000813 0.966152 0.257937
268.815915585 2.406192 -8.208921 0.355575 0.004196 -0.000554 0.966844 0.255333
268.892365694 2.403285 -8.205735 0.356091 0.004023 -0.000948 0.967636 0.252314
269.078849077 2.400510 -8.202662 0.356392 0.004209 -0.000678 0.968374 0.249468
269.155042410 2.397977 -8.199618 0.356542 0.004686 -0.000146 0.969015 0.246957
269.344162464 2.395026 -8.196534 0.356587 0.005282 -0.000060 0.969744 0.244065
269.420586348 2.391900 -8.193851 0.356289 0.006112 0.000594 0.970445 0.241243
269.612330914 2.389193 -8.191109 0.355910 0.006993 0.001492 0.971037 0.238823
269.690411806 2.386838 -8.188013 0.356026 0.007492 0.001807 0.971648 0.236308
269.880437613 2.384227 -8.185317 0.355976 0.007946 0.002450 0.972274 0.233696
269.958025455 2.381355 -8.182607 0.355907 0.008360 0.002839 0.972971 0.230757
270.150242090 2.378615 -8.180328 0.355506 0.008984 0.004325 0.973544 0.228283
270.228000164 2.375968 -8.177596 0.355689 0.009334 0.004665 0.974162 0.225607
270.427099228 2.373076 -8.175095 0.355679 0.009750 0.004964 0.974834 0.222662
270.505078554 2.370242 -8.172910 0.355492 0.010378 0.005901 0.975420 0.220031
270.693714380 2.367718 -8.170529 0.355753 0.010683 0.005695 0.975953 0.217643
270.769806385 2.364645 -8.168214 0.356614 0.010656 0.004273 0.976512 0.215157
270.957386017 2.361622 -8.166187 0.357749 0.010390 0.002569 0.976980 0.213060
271.030355692 2.358859 -8.164747 0.358274 0.010313 0.002350 0.977213 0.211996
271.235832214 2.356897 -8.163387 0.357601 0.010526 0.003774 0.977126 0.212366
271.322881222 2.355125 -8.161900 0.356878 0.010918 0.005660 0.977037 0.212713
271.511392117 2.352638 -8.160304 0.357274 0.010944 0.005731 0.977197 0.211973
271.588393927 2.349650 -8.158804 0.358030 0.010653 0.004955 0.977470 0.210745
271.776981831 2.346945 -8.157158 0.358812 0.010282 0.004199 0.977678 0.209815
271.864992619 2.344748 -8.155941 0.358449 0.010392 0.005254 0.977673 0.209810
272.053663015 2.342600 -8.154414 0.357562 0.010853 0.007007 0.977596 0.210092
272.130467892 2.339709 -8.152279 0.357810 0.010944 0.006961 0.977723 0.209500
272.321910381 2.336625 -8.150421 0.358142 0.010987 0.006741 0.977882 0.208758
272.396372318 2.333715 -8.148833 0.358616 0.010958 0.006299 0.978165 0.207446
272.583401203 2.331091 -8.147483 0.358890 0.010974 0.006127 0.978452 0.206089
272.656997204 2.328274 -8.146006 0.359205 0.011038 0.005910 0.978694 0.204942
272.848811388 2.325378 -8.144432 0.359703 0.011100 0.005326 0.978935 0.203800
272.923882961 2.322575 -8.143201 0.359865 0.011373 0.005296 0.979169 0.202659
273.109310627 2.319643 -8.141760 0.360381 0.011664 0.005128 0.979464 0.201217
273.178857327 2.317250 -8.140681 0.360805 0.011814 0.006804 0.979668 0.200161
273.361422777 2.315228 -8.139093 0.360637 0.011513 0.008366 0.979762 0.199659
273.432872534 2.313293 -8.137267 0.360903 0.010755 0.010157 0.979865 0.199113
273.619179010 2.311394 -8.135347 0.360637 0.009669 0.011843 0.979910 0.198853
273.689636230 2.308982 -8.133489 0.360612 0.008381 0.013385 0.980066 0.198046
273.874333382 2.306137 -8.131755 0.360309 0.007247 0.015235 0.980132 0.197626
273.947869539 2.302883 -8.129737 0.360558 0.006120 0.016267 0.980379 0.196353
274.135843515 2.299416 -8.128277 0.360107 0.005510 0.018208 0.980591 0.195141
274.208781958 2.295700 -8.126781 0.359737 0.005164 0.019999 0.980913 0.193348
274.395052671 2.291733 -8.124759 0.360082 0.004625 0.020718 0.981367 0.190968
274.462318659 2.287598 -8.122448 0.360914 0.003686 0.020066 0.982042 0.187555
274.648264408 2.283777 -8.120251 0.361300 0.002913 0.020644 0.982428 0.185474
274.718604803 2.280251 -8.118325 0.361043 0.002256 0.022228 0.982706 0.183819
274.907907486 2.276683 -8.116388 0.360655 0.001769 0.023750 0.983048 0.181796
274.979950905 2.272862 -8.114346 0.360580 0.001363 0.024616 0.983545 0.178974
275.159802437 2.268471 -8.112159 0.360945 0.001008 0.024587 0.984231 0.175166
275.220889568 2.263966 -8.110267 0.361140 0.000719 0.024997 0.984880 0.171426
275.397996187 2.259321 -8.108047 0.361170 0.000625 0.025780 0.985459 0.167946
275.457289696 2.254182 -8.105972 0.361358 0.000691 0.027180 0.986073 0.164077
275.642490864 2.248574 -8.104513 0.360889 0.000992 0.029128 0.986770 0.159487
275.703077078 2.242614 -8.101902 0.361318 0.001125 0.029132 0.987492 0.154952
275.881084204 2.236928 -8.098990 0.361591 0.001120 0.029558 0.988020 0.151466
275.940620899 2.230785 -8.096517 0.361491 0.001209 0.029730 0.988623 0.147446
276.117401361 2.224392 -8.095049 0.360495 0.001787 0.031205 0.989237 0.142948
276.171863079 2.218087 -8.094285 0.359760 0.002603 0.033245 0.989895 0.137823
276.343647242 2.211107 -8.093855 0.359062 0.003299 0.034947 0.990704 0.131425
276.397911549 2.203959 -8.093196 0.359757 0.003784 0.034144 0.991598 0.124711
276.568570375 2.197063 -8.093196 0.360753 0.004152 0.033482 0.992407 0.118280
276.619815826 2.189128 -8.093334 0.362331 0.004351 0.030972 0.993347 0.110833
276.790549755 2.181246 -8.094562 0.362835 0.004730 0.030558 0.994110 0.103871
276.843718052 2.173168 -8.094685 0.363803 0.005022 0.028942 0.994751 0.098023
277.017805815 2.164969 -8.095022 0.363957 0.005388 0.027468 0.995378 0.091868
277.069462776 2.156852 -8.095940 0.364047 0.005583 0.027167 0.996062 0.084209
277.238589525 2.149523 -8.096813 0.364422 0.005623 0.026532 0.996689 0.076647
277.289118767 2.141482 -8.098075 0.364206 0.005704 0.025510 0.997292 0.068740
277.459074259 2.133348 -8.099595 0.364542 0.005808 0.024718 0.997822 0.060883
277.507647753 2.125312 -8.100496 0.364595 0.006192 0.022845 0.998288 0.053485
277.680691957 2.117102 -8.101135 0.365122 0.006784 0.020183 0.998702 0.046273
277.733022451 2.109441 -8.101705 0.365457 0.007423 0.017667 0.999027 0.039716
277.906637907 2.102406 -8.101517 0.365848 0.008271 0.014243 0.999290 0.033871
277.957147121 2.095083 -8.101024 0.366839 0.009470 0.010125 0.999523 0.027604
278.130462170 2.087911 -8.101323 0.367465 0.011079 0.008283 0.999670 0.021646
278.183549166 2.081258 -8.101976 0.366864 0.012964 0.007412 0.999756 0.016288
278.364367723 2.074840 -8.103137 0.365677 0.015227 0.008134 0.999788 0.011196
278.419344187 2.068219 -8.104174 0.364713 0.017781 0.008516 0.999789 0.005814
278.596321821 2.061364 -8.104392 0.364806 0.020537 0.006772 0.999766 -0.000122
278.651795864 2.054616 -8.104488 0.365230 0.023452 0.004424 0.999696 -0.006201
278.821017504 2.048127 -8.103544 0.367306 0.027024 -0.001396 0.999561 -0.012049
278.870401621 2.042943 -8.102903 0.369496 0.030870 -0.007748 0.999347 -0.017126
279.039557219 2.037353 -8.104500 0.370295 0.035180 -0.010755 0.999055 -0.023150
279.093245029 2.032679 -8.107606 0.369937 0.038857 -0.009768 0.998781 -0.028839
279.258364677 2.027932 -8.108625 0.372746 0.043527 -0.013283 0.998419 -0.032978
279.311141491 2.023991 -8.111128 0.375244 0.047847 -0.013972 0.998062 -0.037239
279.478245974 2.020237 -8.114328 0.376398 0.051736 -0.012777 0.997665 -0.042717
279.528611898 2.016361 -8.117986 0.376615 0.055160 -0.009881 0.997225 -0.049014
279.685884953 2.011952 -8.121282 0.376929 0.058353 -0.007354 0.996697 -0.056001
279.734538794 2.006692 -8.124707 0.377589 0.061585 -0.005165 0.996058 -0.063625
279.890354156 2.000829 -8.128676 0.377727 0.064501 -0.002610 0.995292 -0.072297
279.939669371 1.994101 -8.133197 0.377877 0.067162 -0.000074 0.994336 -0.082375
280.093437910 1.984459 -8.137318 0.380405 0.070701 -0.001239 0.992957 -0.095059
280.141171217 1.975437 -8.143656 0.381680 0.073639 0.000788 0.991364 -0.108505
280.293325663 1.966794 -8.151335 0.382042 0.075956 0.004469 0.989500 -0.122882
280.341282368 1.958315 -8.159846 0.381997 0.077771 0.008337 0.987364 -0.137823
280.534607172 1.950121 -8.168457 0.381665 0.079153 0.011330 0.984979 -0.153044
280.581936598 1.942490 -8.177130 0.381933 0.079916 0.013392 0.982451 -0.168001
280.735641956 1.935232 -8.186556 0.381433 0.079969 0.017113 0.979687 -0.183101
280.783058167 1.928417 -8.196323 0.380448 0.079408 0.021374 0.976628 -0.198583
280.935759068 1.921908 -8.205361 0.380722 0.078633 0.022331 0.973289 -0.214539
280.983719587 1.915746 -8.214522 0.381670 0.077648 0.021198 0.969809 -0.230201
281.131517172 1.910012 -8.224433 0.382661 0.076249 0.019470 0.966267 -0.245226
281.180071831 1.904412 -8.235033 0.383507 0.074441 0.017599 0.962626 -0.259809
281.331987858 1.898785 -8.246128 0.384104 0.072252 0.015680 0.958817 -0.274235
281.381383657 1.893349 -8.257508 0.384483 0.069719 0.013567 0.954862 -0.288435
281.535961390 1.887876 -8.268483 0.385561 0.067508 0.009782 0.951027 -0.301487
281.586158752 1.882546 -8.279075 0.387315 0.065705 0.004952 0.947504 -0.312880
281.746793747 1.877565 -8.289117 0.390142 0.064352 -0.000806 0.944189 -0.323057
281.796703577 1.873341 -8.298557 0.393256 0.063228 -0.006881 0.940841 -0.332825
281.961489439 1.871357 -8.306856 0.395416 0.061763 -0.012751 0.936838 -0.344030
282.009521723 1.869788 -8.314809 0.397589 0.060661 -0.018603 0.932872 -0.354577
282.172239304 1.868034 -8.322978 0.399894 0.060007 -0.024141 0.929175 -0.363938
282.221444845 1.866642 -8.331343 0.401788 0.059153 -0.028013 0.925691 -0.372575
282.390282631 1.865336 -8.339428 0.403487 0.058549 -0.031435 0.922405 -0.380464
282.444398403 1.864272 -8.346890 0.404873 0.058253 -0.035023 0.918948 -0.388477
282.608481407 1.863478 -8.354621 0.406142 0.057858 -0.037446 0.915612 -0.396112
282.657736063 1.862729 -8.363370 0.406433 0.057208 -0.038178 0.912577 -0.403080
282.825130224 1.861709 -8.372748 0.405568 0.056664 -0.037794 0.909936 -0.409117
282.879042625 1.860056 -8.381483 0.404687 0.056877 -0.037452 0.907751 -0.413944
283.047345161 1.857893 -8.389491 0.404599 0.057601 -0.037369 0.905262 -0.419270
283.102940559 1.855524 -8.397002 0.405189 0.058485 -0.036917 0.902488 -0.425125
283.270392418 1.853169 -8.404486 0.405753 0.059567 -0.036201 0.899560 -0.431199
283.325904846 1.850977 -8.411998 0.406139 0.060676 -0.035070 0.896458 -0.437551
283.491295099 1.848893 -8.419300 0.406511 0.061925 -0.033652 0.893396 -0.443708
283.540920734 1.846864 -8.426747 0.406901 0.063213 -0.032445 0.890071 -0.450249
283.701709032 1.845288 -8.434181 0.407042 0.063654 -0.031220 0.886540 -0.457187
283.757554531 1.844164 -8.440638 0.406936 0.063674 -0.030101 0.883421 -0.463257
283.927345753 1.843281 -8.446952 0.405630 0.063689 -0.028716 0.880914 -0.468092
283.989854574 1.841811 -8.453325 0.404511 0.064947 -0.028438 0.879489 -0.470609
284.161254168 1.839896 -8.459943 0.404957 0.066105 -0.027447 0.879035 -0.471353
284.224765062 1.837776 -8.466242 0.405777 0.067298 -0.026720 0.879023 -0.471249
284.398197889 1.835555 -8.472263 0.406420 0.068415 -0.026099 0.879281 -0.470641
284.460044146 1.833210 -8.478241 0.406978 0.069350 -0.025223 0.879626 -0.469906
284.628381491 1.830856 -8.484066 0.407128 0.070376 -0.024516 0.880215 -0.468688
284.691664457 1.828550 -8.489481 0.407075 0.072228 -0.025152 0.881065 -0.466770
284.865814686 1.826974 -8.495127 0.406905 0.073959 -0.025332 0.882229 -0.464284
284.929263115 1.826090 -8.500910 0.407269 0.075338 -0.024592 0.883726 -0.461246
285.100354910 1.825774 -8.506735 0.408001 0.076532 -0.023367 0.885465 -0.457765
285.162265539 1.825924 -8.512495 0.408762 0.077235 -0.021511 0.887351 -0.454071
285.334039688 1.826358 -8.518225 0.409091 0.077665 -0.019336 0.889365 -0.450138
285.397630930 1.826884 -8.523511 0.409523 0.078230 -0.017530 0.891615 -0.445640
285.565384865 1.827408 -8.528792 0.409334 0.078183 -0.014932 0.893757 -0.441433
285.624975443 1.827466 -8.533356 0.408998 0.079583 -0.014857 0.896168 -0.436266
285.790409327 1.827700 -8.537768 0.408316 0.081522 -0.015522 0.898827 -0.430376
285.847721100 1.828312 -8.542442 0.408103 0.082261 -0.014073 0.901345 -0.424985
286.006823301 1.829171 -8.546330 0.408715 0.082893 -0.012893 0.904193 -0.418805
286.060001135 1.830179 -8.550082 0.408759 0.083175 -0.011482 0.907145 -0.412356
286.217196703 1.831034 -8.553807 0.408289 0.082977 -0.009633 0.910009 -0.406086
286.270847321 1.832090 -8.556768 0.408446 0.082784 -0.008296 0.913087 -0.399187
286.426710844 1.833518 -8.559311 0.408376 0.082961 -0.007845 0.916397 -0.391500
286.479146481 1.835746 -8.561774 0.408523 0.083074 -0.007374 0.920143 -0.382598
286.634249210 1.839043 -8.564161 0.408872 0.082875 -0.006445 0.924303 -0.372497
286.685334921 1.843185 -8.566593 0.409016 0.082531 -0.005494 0.928655 -0.361605
286.840472937 1.847447 -8.569196 0.408937 0.082050 -0.004606 0.932890 -0.350661
286.892583370 1.851687 -8.572138 0.408216 0.081895 -0.004418 0.936862 -0.339947
287.051747084 1.855975 -8.575469 0.407082 0.082075 -0.004367 0.940836 -0.328742
287.104954720 1.860240 -8.579082 0.406207 0.082118 -0.003220 0.944823 -0.317104
287.264276743 1.864415 -8.582567 0.405669 0.082349 -0.002204 0.948736 -0.305146
287.318000793 1.868836 -8.586331 0.405316 0.082849 -0.001004 0.952541 -0.292918
287.477116823 1.873438 -8.590358 0.404655 0.083485 0.000492 0.956318 -0.280153
287.530525923 1.878125 -8.594706 0.403588 0.084368 0.002174 0.959922 -0.267260
287.691142559 1.882861 -8.599140 0.402348 0.085345 0.003987 0.963264 -0.254603
287.745670557 1.887379 -8.603368 0.401359 0.086488 0.004824 0.966020 -0.243521
287.904167175 1.891625 -8.606501 0.401835 0.088067 0.002817 0.967944 -0.235204
287.960496426 1.895595 -8.608588 0.401959 0.089502 0.000218 0.969116 -0.229790
288.134112835 1.897032 -8.608070 0.403104 0.090824 -0.002507 0.969236 -0.228750
288.235234499 1.897795 -8.607057 0.403632 0.091444 -0.003621 0.969099 -0.229067
288.460580111 1.898191 -8.606650 0.402929 0.091453 -0.002549 0.969054 -0.229269
288.552358150 1.898195 -8.606118 0.401783 0.091016 -0.000683 0.969038 -0.229523
288.731607437 1.897988 -8.605559 0.400249 0.090221 0.001562 0.969045 -0.229805
288.837683201 1.897931 -8.604990 0.399207 0.089328 0.002841 0.968976 -0.230429
289.031350374 1.898926 -8.604686 0.398819 0.088244 0.003489 0.968693 -0.232023
289.110694885 1.900620 -8.604535 0.399013 0.087186 0.002653 0.968070 -0.235014
289.279149055 1.903011 -8.605137 0.399541 0.085965 0.002116 0.967121 -0.239337
289.340116739 1.905656 -8.606269 0.400479 0.084687 0.001553 0.965893 -0.244695
289.506387949 1.908435 -8.607806 0.401613 0.083503 0.001538 0.964458 -0.250691
289.562453032 1.910704 -8.608669 0.401541 0.082585 0.001927 0.962580 -0.258101
289.720068693 1.912947 -8.609782 0.401010 0.081717 0.003364 0.960793 -0.264931
289.775308132 1.915211 -8.610809 0.401078 0.081442 0.003781 0.958641 -0.272691
289.937637568 1.917113 -8.611376 0.400976 0.081709 0.003589 0.956753 -0.279167
289.994190693 1.918916 -8.611712 0.400934 0.082559 0.002711 0.954925 -0.285123
290.161264181 1.920858 -8.613020 0.399929 0.083242 0.002846 0.953474 -0.289741
290.236347675 1.921834 -8.614421 0.399278 0.084355 0.001469 0.952504 -0.292607
290.423233509 1.921763 -8.616546 0.399994 0.085415 0.000725 0.951546 -0.295406
290.490322828 1.920670 -8.619598 0.401500 0.087206 -0.000078 0.950387 -0.298595
290.657482624 1.918334 -8.624058 0.403415 0.089690 -0.000810 0.948986 -0.302291
290.718415737 1.914715 -8.630021 0.405974 0.092497 -0.000954 0.947403 -0.306383
290.876387119 1.910386 -8.636505 0.407865 0.095253 -0.001388 0.945684 -0.310816
290.931481123 1.905630 -8.643654 0.409437 0.097672 -0.001558 0.943949 -0.315307
291.090215683 1.900336 -8.651253 0.410660 0.099734 -0.001319 0.942424 -0.319200
291.144622087 1.894614 -8.658814 0.411328 0.101524 -0.000998 0.941188 -0.322269
291.296065092 1.888233 -8.666833 0.411810 0.102805 0.000207 0.940069 -0.325119
291.347186565 1.881210 -8.675148 0.412179 0.103413 0.002629 0.938938 -0.328168
291.502451181 1.873616 -8.683258 0.412343 0.103673 0.005478 0.937798 -0.331295
291.552183151 1.865523 -8.690860 0.413324 0.103724 0.007856 0.936820 -0.333988
291.700524807 1.857500 -8.698470 0.414045 0.103397 0.009905 0.935984 -0.336370
291.751451731 1.849553 -8.706062 0.414244 0.102772 0.011492 0.935273 -0.338481
291.900991440 1.841583 -8.713458 0.414340 0.102211 0.011892 0.934830 -0.339859
291.955284119 1.833834 -8.720797 0.414521 0.101823 0.011081 0.934572 -0.340713
292.107497931 1.826499 -8.728364 0.414957 0.101374 0.009749 0.934382 -0.341408
292.161204815 1.819763 -8.736471 0.415453 0.100636 0.009022 0.934248 -0.342012
292.315331697 1.813715 -8.744889 0.417391 0.099469 0.008820 0.934117 -0.342716
292.368269920 1.807776 -8.753427 0.419717 0.098602 0.008167 0.934048 -0.343170
292.519423246 1.801927 -8.762172 0.421639 0.097933 0.007472 0.934073 -0.343308
292.572687864 1.796150 -8.770906 0.423658 0.097318 0.006734 0.934138 -0.343322
292.727634192 1.790391 -8.779916 0.425734 0.096772 0.006104 0.934428 -0.342699
292.779066324 1.785065 -8.789799 0.427896 0.095523 0.007150 0.935039 -0.341358
292.933954716 1.780327 -8.799739 0.431293 0.093753 0.008607 0.935888 -0.339484
292.986588717 1.775825 -8.809815 0.434320 0.091993 0.009790 0.936941 -0.337020
293.134835005 1.771190 -8.819661 0.437060 0.090574 0.009885 0.938222 -0.333823
293.185816765 1.766522 -8.829251 0.439305 0.089389 0.008956 0.939727 -0.329912
293.337600231 1.761579 -8.838082 0.440535 0.089061 0.005418 0.941307 -0.325546
293.394443512 1.756062 -8.847007 0.441588 0.089111 0.000642 0.942557 -0.321941
293.557341337 1.750991 -8.855471 0.442777 0.088808 -0.002537 0.943652 -0.318792
293.609629154 1.746591 -8.864617 0.444298 0.087902 -0.002968 0.944981 -0.315079
293.764650822 1.742610 -8.874678 0.446484 0.086574 -0.001374 0.946629 -0.310479
293.816387892 1.738861 -8.884537 0.449078 0.085719 0.000363 0.948648 -0.304497
293.969023943 1.735185 -8.894343 0.451541 0.085289 0.002436 0.951058 -0.297000
294.021636963 1.731442 -8.904041 0.453374 0.085308 0.004389 0.953674 -0.288460
294.172767878 1.727347 -8.913301 0.454197 0.085884 0.005188 0.956343 -0.279294
294.224857807 1.723615 -8.922657 0.455527 0.086301 0.007277 0.958953 -0.270016
294.376059771 1.720123 -8.931853 0.457409 0.086857 0.009743 0.961488 -0.260581
294.426560640 1.716983 -8.941272 0.459904 0.087269 0.013532 0.963899 -0.251195
294.578258753 1.713838 -8.950597 0.462039 0.087821 0.017383 0.966250 -0.241548
294.627130985 1.710371 -8.959470 0.463754 0.088900 0.020301 0.968615 -0.231235
294.780743122 1.706644 -8.968334 0.464689 0.090389 0.022971 0.970976 -0.220245
294.831398010 1.702654 -8.976940 0.465661 0.092230 0.025411 0.973215 -0.209049
294.981082916 1.698328 -8.985412 0.466660 0.094414 0.027927 0.975282 -0.197814
295.032565832 1.693803 -8.993524 0.467579 0.096806 0.030016 0.977134 -0.186915
295.181525707 1.689079 -9.001170 0.468639 0.099238 0.031703 0.978716 -0.176812
295.231224298 1.684237 -9.008542 0.469670 0.101546 0.033286 0.980107 -0.167243
295.376882076 1.679241 -9.015419 0.470494 0.103860 0.034067 0.981363 -0.158051
295.427717924 1.674085 -9.021649 0.471138 0.106136 0.033613 0.982485 -0.149427
295.575554371 1.669028 -9.028003 0.472672 0.107952 0.034518 0.983461 -0.141281
295.630419493 1.663770 -9.034668 0.474509 0.109371 0.036267 0.984318 -0.133571
295.783366203 1.658935 -9.040512 0.475102 0.110955 0.037370 0.984896 -0.127565
295.844568968 1.653943 -9.045491 0.476219 0.112666 0.037148 0.985313 -0.122823
296.005839348 1.648819 -9.050502 0.477245 0.114203 0.037009 0.985622 -0.118899
296.068219185 1.643789 -9.055189 0.478678 0.115307 0.037269 0.985821 -0.116069
296.226917267 1.638756 -9.059758 0.481119 0.115967 0.038152 0.985929 -0.114192
296.290365696 1.633426 -9.064105 0.482869 0.116540 0.038021 0.986005 -0.112995
296.453060389 1.628057 -9.068745 0.484622 0.116791 0.038602 0.986041 -0.112217
296.508231401 1.623074 -9.074055 0.487010 0.116351 0.041436 0.985993 -0.112090
296.660412788 1.618075 -9.079715 0.488319 0.115618 0.044510 0.985919 -0.112315
296.722866297 1.613098 -9.084845 0.489679 0.114623 0.046956 0.985819 -0.113214
296.877369165 1.607805 -9.089855 0.490534 0.113464 0.048844 0.985698 -0.114629
296.932988882 1.602177 -9.095311 0.490808 0.111961 0.051392 0.985552 -0.116232
297.085340023 1.596443 -9.100859 0.490462 0.110219 0.054532 0.985393 -0.117808
297.141485929 1.590247 -9.105259 0.490994 0.108622 0.055095 0.985331 -0.119537
297.293128729 1.583469 -9.108472 0.492871 0.107505 0.051476 0.985489 -0.120849
297.348572016 1.576541 -9.112633 0.494433 0.106267 0.049103 0.985651 -0.121606
297.503002167 1.569429 -9.117296 0.495932 0.104914 0.048066 0.985781 -0.122141
297.558885098 1.562026 -9.121630 0.497671 0.103734 0.046131 0.985944 -0.122582
297.713337660 1.554355 -9.125765 0.499238 0.102907 0.042791 0.986167 -0.122694
297.770270109 1.546698 -9.130701 0.500251 0.102199 0.041051 0.986333 -0.122546
297.923888683 1.539257 -9.136205 0.501418 0.101564 0.041212 0.986426 -0.122268
297.979481459 1.531914 -9.141515 0.502921 0.101280 0.041274 0.986518 -0.121742
298.136207342 1.524471 -9.146070 0.505219 0.101581 0.040054 0.986678 -0.120599
298.192391872 1.516974 -9.150754 0.506894 0.102175 0.038993 0.986845 -0.119063
298.350013018 1.509864 -9.156530 0.507875 0.102520 0.040674 0.986939 -0.117419
298.406243563 1.503474 -9.162501 0.509958 0.102625 0.043716 0.987076 -0.115058
298.560385466 1.497696 -9.168269 0.512541 0.102585 0.046858 0.987276 -0.112103
298.616846085 1.492401 -9.173631 0.515446 0.102541 0.049163 0.987546 -0.108723
298.769428015 1.487270 -9.178650 0.517537 0.102602 0.050682 0.987841 -0.105232
298.832485199 1.481500 -9.182988 0.519378 0.103343 0.049822 0.988152 -0.101952
298.992458820 1.475643 -9.186929 0.521386 0.104203 0.048313 0.988397 -0.099391
299.055503368 1.469904 -9.190668 0.523705 0.105045 0.046359 0.988617 -0.097226
299.214578152 1.464281 -9.194996 0.525385 0.105724 0.045855 0.988753 -0.095329
299.277832270 1.458638 -9.199064 0.526741 0.106421 0.044696 0.988894 -0.093627
299.431991816 1.453017 -9.203366 0.528237 0.106878 0.044605 0.988971 -0.092327
299.494627714 1.447499 -9.207823 0.529317 0.107073 0.045184 0.988995 -0.091562
299.651249647 1.442230 -9.212136 0.529743 0.107277 0.045533 0.988928 -0.091870
299.712990284 1.437608 -9.216008 0.530102 0.107281 0.045488 0.988715 -0.094154
299.868848801 1.433224 -9.219123 0.530977 0.107366 0.043949 0.988429 -0.097720
299.931854963 1.428848 -9.222126 0.532754 0.107680 0.041138 0.988115 -0.101698
300.090340376 1.424788 -9.225562 0.534544 0.108091 0.038263 0.987763 -0.105719
300.154088020 1.420807 -9.229258 0.536385 0.108472 0.035786 0.987387 -0.109637
300.321751833 1.416682 -9.233804 0.537622 0.108628 0.035572 0.987027 -0.112751
300.384506226 1.412081 -9.238447 0.538848 0.109190 0.035927 0.986703 -0.114907
300.537425518 1.407413 -9.243467 0.540205 0.109692 0.037427 0.986399 -0.116549
300.599828959 1.402461 -9.248093 0.541672 0.110348 0.038157 0.986147 -0.117816
300.753681183 1.397686 -9.253105 0.543765 0.110705 0.040646 0.985923 -0.118521
300.813750267 1.393238 -9.257732 0.545367 0.110877 0.042646 0.985895 -0.117896
300.969508171 1.388991 -9.262303 0.547243 0.110650 0.045551 0.986032 -0.115857
301.030643463 1.384657 -9.266330 0.549013 0.110141 0.048027 0.986351 -0.112581
301.181476355 1.379746 -9.269487 0.550123 0.109845 0.048192 0.986726 -0.109464
301.242831230 1.374196 -9.272388 0.551767 0.109717 0.048091 0.987013 -0.107024
301.396561146 1.368404 -9.275685 0.553059 0.109437 0.049271 0.987283 -0.104246
301.458146811 1.362736 -9.278655 0.553172 0.109193 0.049265 0.987693 -0.100561
301.614061832 1.356440 -9.281091 0.553378 0.109183 0.046735 0.988109 -0.097651
301.676579952 1.349546 -9.283846 0.554828 0.109043 0.045868 0.988370 -0.095551
301.827066660 1.343101 -9.286060 0.556940 0.108671 0.045136 0.988581 -0.094138
301.881364822 1.335830 -9.288712 0.558796 0.108302 0.044059 0.988791 -0.092853
302.027215481 1.328942 -9.291708 0.560123 0.107782 0.043690 0.988945 -0.091994
302.081785202 1.322179 -9.294641 0.561988 0.107143 0.043092 0.989085 -0.091510
302.227396488 1.315492 -9.297875 0.563458 0.106312 0.042935 0.989202 -0.091291
302.280985832 1.308878 -9.301440 0.564084 0.105387 0.043047 0.989306 -0.091187
302.435926437 1.302410 -9.305150 0.565375 0.104119 0.043789 0.989390 -0.091373
302.492809296 1.296156 -9.308483 0.566706 0.102856 0.044002 0.989480 -0.091727
302.644755602 1.289661 -9.311734 0.567197 0.101750 0.042908 0.989598 -0.092206
302.703621387 1.283349 -9.315271 0.568015 0.100359 0.042489 0.989682 -0.093019
302.856992722 1.276987 -9.318569 0.569351 0.098851 0.041390 0.989795 -0.093919
302.912846327 1.270887 -9.321927 0.571562 0.097045 0.040879 0.989910 -0.094816
303.060070992 1.264565 -9.325288 0.573817 0.095131 0.039900 0.990048 -0.095723
303.114123106 1.258118 -9.329187 0.575066 0.093082 0.039323 0.990165 -0.096766
303.266798735 1.251946 -9.333039 0.576447 0.090878 0.038961 0.990262 -0.098005
303.319131374 1.245299 -9.336839 0.578025 0.088806 0.037499 0.990382 -0.099247
303.468134642 1.238479 -9.340885 0.579856 0.086712 0.037050 0.990470 -0.100382
303.520808458 1.231195 -9.344748 0.580797 0.084766 0.035644 0.990584 -0.101428
303.669468880 1.223488 -9.348745 0.581936 0.082824 0.034539 0.990681 -0.102462
303.721985102 1.215461 -9.352772 0.583447 0.081148 0.033311 0.990763 -0.103410
303.873759747 1.207191 -9.357066 0.584607 0.079770 0.032346 0.990834 -0.104108
303.925857544 1.198775 -9.361763 0.585633 0.078598 0.032902 0.990875 -0.104432
304.075943470 1.190268 -9.366437 0.586518 0.077714 0.034315 0.990901 -0.104399
304.128868341 1.181809 -9.371063 0.587164 0.076965 0.036354 0.990919 -0.104089
304.283351183 1.173265 -9.375003 0.587941 0.076395 0.037607 0.990956 -0.103710
304.337697506 1.164537 -9.378343 0.589126 0.076121 0.038114 0.990999 -0.103313
304.489596128 1.155736 -9.381497 0.590411 0.076125 0.038292 0.991025 -0.102998
304.541395903 1.146909 -9.384563 0.591908 0.076367 0.038512 0.991027 -0.102713
304.693073988 1.138133 -9.387670 0.592945 0.076843 0.038722 0.991037 -0.102181
304.747050047 1.129513 -9.390765 0.593917 0.077514 0.039050 0.991066 -0.101266
304.899687290 1.121002 -9.393489 0.595136 0.078403 0.038394 0.991133 -0.100171
304.953714371 1.112657 -9.396340 0.596701 0.079365 0.037704 0.991178 -0.099225
305.105808735 1.104720 -9.399649 0.598268 0.080155 0.037813 0.991192 -0.098405
305.157968521 1.097162 -9.403006 0.599723 0.080762 0.037597 0.991228 -0.097627
305.306904316 1.089712 -9.405974 0.601529 0.081298 0.035918 0.991310 -0.096978
305.358519793 1.082416 -9.409085 0.603755 0.081789 0.034146 0.991416 -0.096118
305.511665821 1.075303 -9.412035 0.606688 0.082355 0.031530 0.991572 -0.094912
305.564799547 1.068293 -9.415171 0.609221 0.082919 0.028334 0.991756 -0.093502
305.711406708 1.061339 -9.418787 0.611314 0.083368 0.025677 0.991924 -0.092072
305.763370991 1.054489 -9.422470 0.613742 0.083584 0.022842 0.992087 -0.090861
305.910900116 1.047812 -9.426790 0.615825 0.083541 0.021076 0.992234 -0.089718
305.963606119 1.041344 -9.432341 0.617488 0.083181 0.022044 0.992378 -0.088208
306.116880655 1.035353 -9.438683 0.619046 0.082200 0.025041 0.992566 -0.086192
306.170389414 1.029867 -9.444952 0.620559 0.080754 0.028047 0.992809 -0.083795
306.316444635 1.024723 -9.450487 0.622020 0.079082 0.029825 0.993125 -0.080991
306.374898434 1.019588 -9.455130 0.622498 0.077264 0.028524 0.993569 -0.077701
306.530595303 1.014631 -9.459066 0.622104 0.075529 0.025544 0.994059 -0.074094
306.590314865 1.009370 -9.463574 0.622791 0.073844 0.024699 0.994532 -0.069587
306.740057945 1.003835 -9.468743 0.625155 0.072276 0.026771 0.994960 -0.064140
306.792988062 0.998170 -9.473902 0.626992 0.070926 0.028838 0.995372 -0.058078
306.944810629 0.992325 -9.478577 0.628642 0.069885 0.030040 0.995771 -0.051511
306.997187614 0.986169 -9.483259 0.629933 0.069238 0.031398 0.996122 -0.044283
307.146711588 0.980287 -9.487071 0.630489 0.068878 0.031181 0.996439 -0.037314
307.194164038 0.973670 -9.491027 0.631617 0.068908 0.031220 0.996702 -0.029370
307.340649605 0.967074 -9.494435 0.632728 0.069132 0.029874 0.996933 -0.021273
307.388396740 0.960406 -9.498168 0.634164 0.069656 0.029175 0.997060 -0.013006
307.536521673 0.953667 -9.502078 0.635431 0.070447 0.028779 0.997090 -0.004513
307.585206509 0.947173 -9.505348 0.636283 0.071298 0.026682 0.997091 0.003680
307.733017445 0.940468 -9.509325 0.637946 0.072652 0.026844 0.996923 0.012053
307.781324387 0.933721 -9.513049 0.640524 0.074269 0.027020 0.996658 0.020667
307.928315401 0.927025 -9.516650 0.642695 0.076003 0.026665 0.996315 0.029484
307.977412701 0.920507 -9.519824 0.644484 0.077725 0.025000 0.995930 0.038170
308.118897438 0.914137 -9.522503 0.645850 0.079380 0.021949 0.995508 0.046694
308.168134689 0.907833 -9.525292 0.647096 0.081067 0.019281 0.994998 0.055096
308.313082695 0.901475 -9.528701 0.648583 0.082813 0.018362 0.994368 0.063534
308.362553596 0.895459 -9.532102 0.649950 0.084276 0.017480 0.993711 0.071620
308.502929211 0.889755 -9.535288 0.651225 0.085423 0.016201 0.993048 0.079348
308.553695440 0.884197 -9.538547 0.652595 0.086210 0.015584 0.992374 0.086711
308.701600790 0.878640 -9.541802 0.654114 0.086761 0.015393 0.991676 0.093880
308.752177477 0.873323 -9.545146 0.656109 0.087039 0.016880 0.990983 0.100461
308.897384167 0.868145 -9.548501 0.658137 0.087015 0.019200 0.990304 0.106572
308.948188543 0.862983 -9.551324 0.659728 0.086578 0.020792 0.989666 0.112398
309.098051548 0.858239 -9.553326 0.660579 0.085692 0.020855 0.989151 0.117482
309.153576136 0.853477 -9.555012 0.660577 0.084447 0.020255 0.988687 0.122294
309.304575443 0.848557 -9.556616 0.660572 0.082970 0.020401 0.988230 0.126889
309.363761425 0.843506 -9.558186 0.660826 0.081274 0.021653 0.987773 0.131262
309.517048597 0.838182 -9.559618 0.660874 0.079387 0.023802 0.987287 0.135631
309.574875593 0.832962 -9.560283 0.660249 0.077006 0.024611 0.986883 0.139733
309.728050470 0.827679 -9.560490 0.659516 0.074255 0.025181 0.986485 0.143872
309.785679340 0.822387 -9.560513 0.658223 0.071188 0.025687 0.986095 0.147952
309.944215059 0.817159 -9.560399 0.656642 0.067765 0.026258 0.985746 0.151736
309.995293140 0.811818 -9.560271 0.655427 0.064275 0.027933 0.985330 0.155603
310.148554087 0.805597 -9.559892 0.655112 0.060333 0.031148 0.984739 0.160249
310.199126720 0.799862 -9.559325 0.654902 0.056580 0.034502 0.984116 0.164694
310.348085880 0.793637 -9.558639 0.655000 0.052429 0.039127 0.983314 0.169747
310.398421049 0.787594 -9.557143 0.654431 0.047692 0.041966 0.982518 0.174995
310.555984020 0.781303 -9.555037 0.653807 0.042702 0.043396 0.981631 0.180814
310.606145859 0.775222 -9.553676 0.654364 0.039219 0.045783 0.980580 0.186624
310.763495445 0.768337 -9.552520 0.655648 0.036188 0.047993 0.979237 0.193601
310.812739134 0.760979 -9.552001 0.657408 0.034159 0.050665 0.977641 0.201208
310.968323469 0.753314 -9.551716 0.658582 0.032730 0.052665 0.975886 0.209289
311.017095327 0.745419 -9.551664 0.659484 0.032073 0.054444 0.973840 0.218271
311.172221661 0.737801 -9.551763 0.660208 0.031839 0.054099 0.971786 0.227358
311.218979836 0.730197 -9.552973 0.661087 0.032722 0.053834 0.969552 0.236644
311.380021811 0.722465 -9.554473 0.661250 0.034337 0.053385 0.967113 0.246301
311.428850889 0.715110 -9.556903 0.661971 0.036612 0.052770 0.964552 0.255956
311.587879658 0.708008 -9.558955 0.662441 0.038765 0.049739 0.962291 0.264613
311.636956930 0.700845 -9.560251 0.663161 0.041390 0.045605 0.960483 0.271440
311.794749022 0.693621 -9.560159 0.665243 0.044519 0.041628 0.959169 0.276188
311.845771551 0.686407 -9.558735 0.668542 0.048081 0.038566 0.958324 0.278954
311.998228788 0.679348 -9.555920 0.672330 0.051868 0.036450 0.957807 0.280333
312.048806190 0.672305 -9.552276 0.675449 0.055864 0.035221 0.957376 0.281195
312.196160316 0.665152 -9.548180 0.677994 0.060069 0.034854 0.957011 0.281613
312.246661425 0.658850 -9.545525 0.679663 0.064503 0.037657 0.956053 0.283520
312.394850969 0.655051 -9.544441 0.682802 0.068769 0.043070 0.953662 0.289731
312.442939281 0.651629 -9.543084 0.686580 0.072731 0.048450 0.951327 0.295532
312.586658001 0.648931 -9.540924 0.689763 0.075964 0.052331 0.949130 0.301070
312.639139891 0.647177 -9.537645 0.691419 0.077925 0.053053 0.947382 0.305909
312.786210537 0.645898 -9.533939 0.690551 0.078712 0.050837 0.946098 0.310030
312.837156773 0.644313 -9.530089 0.689695 0.079119 0.046303 0.945166 0.313461
312.988685608 0.640522 -9.526089 0.692035 0.080840 0.043555 0.943900 0.317208
313.045002222 0.636109 -9.521718 0.694331 0.082855 0.041693 0.942542 0.320954
313.194196224 0.631495 -9.517165 0.695898 0.084840 0.040314 0.941218 0.324478
313.249078512 0.626593 -9.512258 0.696776 0.086712 0.039038 0.940040 0.327540
313.392795324 0.621161 -9.506827 0.697288 0.088314 0.037277 0.939075 0.330073
313.443953276 0.614966 -9.501026 0.697537 0.089709 0.035244 0.938246 0.332272
313.582344770 0.608305 -9.495068 0.697241 0.091002 0.033434 0.937517 0.334159
313.634131193 0.601450 -9.489194 0.697061 0.092426 0.032993 0.936932 0.335451
313.772198439 0.594563 -9.483428 0.696581 0.093793 0.033330 0.936538 0.336137
313.822109222 0.587640 -9.477813 0.695539 0.094887 0.033709 0.936374 0.336251
313.962073088 0.580568 -9.472368 0.694979 0.095703 0.034452 0.936455 0.335718
314.013020754 0.573417 -9.467140 0.694825 0.096318 0.035779 0.936718 0.334667
314.154182196 0.566345 -9.462238 0.694104 0.096627 0.037259 0.937041 0.333510
314.205340862 0.559341 -9.457418 0.693564 0.096534 0.038810 0.937370 0.332434
314.346654654 0.552404 -9.452576 0.693845 0.096141 0.040824 0.937734 0.331277
314.396942377 0.545872 -9.447221 0.693331 0.095362 0.042630 0.938203 0.329944
314.538590670 0.539693 -9.440855 0.692431 0.094325 0.044398 0.938570 0.328964
314.588774204 0.532917 -9.434947 0.692148 0.094037 0.049615 0.938240 0.329243
314.727682352 0.526322 -9.429157 0.692247 0.093311 0.055405 0.937388 0.330949
314.778614283 0.520766 -9.422846 0.691994 0.091205 0.058895 0.936413 0.333681
314.917796373 0.515588 -9.416286 0.691162 0.088446 0.061754 0.935038 0.337739
314.967715025 0.510831 -9.409720 0.690113 0.085050 0.064091 0.933160 0.343325
315.107846498 0.506153 -9.403372 0.688118 0.081527 0.066811 0.930830 0.349921
315.155782461 0.501999 -9.396703 0.683871 0.076918 0.067830 0.928434 0.357062
315.298063993 0.498422 -9.389584 0.679904 0.071042 0.067167 0.925780 0.365201
315.347350121 0.494906 -9.382370 0.675696 0.064463 0.065554 0.922823 0.374092
315.492537498 0.490383 -9.375570 0.673193 0.058900 0.066591 0.919251 0.383503
315.541262150 0.485328 -9.369403 0.672314 0.054462 0.069780 0.915473 0.392523
315.694774866 0.480688 -9.363188 0.672171 0.049789 0.071703 0.912287 0.400141
315.743068933 0.476411 -9.356477 0.672547 0.044799 0.070932 0.910005 0.406020
315.899827957 0.471706 -9.349670 0.673510 0.039969 0.069479 0.908333 0.410495
315.953527689 0.466269 -9.343366 0.676108 0.036881 0.069641 0.907066 0.413547
316.112356424 0.460624 -9.337383 0.678734 0.034842 0.070605 0.905965 0.415967
316.165855885 0.455037 -9.331313 0.680666 0.033152 0.071425 0.904956 0.418155
316.326264620 0.449701 -9.325196 0.682079 0.031530 0.071777 0.904088 0.420093
316.378898144 0.444509 -9.319158 0.682841 0.030094 0.071977 0.903292 0.421874
316.538849592 0.439446 -9.313066 0.683239 0.028934 0.071981 0.902607 0.423417
316.591170549 0.434097 -9.306974 0.683493 0.028714 0.072824 0.901852 0.424893
316.751043320 0.429014 -9.300900 0.683890 0.029454 0.074553 0.900592 0.427211
316.805791855 0.424665 -9.295248 0.684722 0.030870 0.077259 0.898670 0.430663
316.970142365 0.421100 -9.288929 0.685100 0.032137 0.079436 0.896192 0.435312
317.027911663 0.418748 -9.282484 0.684666 0.032540 0.079966 0.893794 0.440090
317.191341877 0.416092 -9.275779 0.683948 0.033203 0.080448 0.891766 0.444048
317.241964340 0.412851 -9.268771 0.682965 0.034377 0.080607 0.890384 0.446696
317.396100283 0.409149 -9.261220 0.682229 0.035264 0.079581 0.889706 0.448159
317.447688341 0.404798 -9.253600 0.681491 0.035952 0.077932 0.889361 0.449078
317.604730606 0.399803 -9.246140 0.680280 0.036677 0.076229 0.889120 0.449788
317.656428099 0.394444 -9.238782 0.678736 0.037189 0.074066 0.888983 0.450378
317.814117193 0.388814 -9.231530 0.677120 0.037605 0.071712 0.888896 0.450895
317.867486715 0.383372 -9.224615 0.675526 0.037639 0.069200 0.888883 0.451312
318.026401758 0.378297 -9.218555 0.674680 0.037831 0.068189 0.888518 0.452167
318.084548473 0.373560 -9.213641 0.675079 0.038635 0.070075 0.887722 0.453372
318.245017529 0.368788 -9.209287 0.676634 0.040138 0.074892 0.886498 0.454865
318.297482491 0.365143 -9.205476 0.678141 0.041083 0.080073 0.885258 0.456310
318.466727972 0.362389 -9.201163 0.677766 0.040774 0.083585 0.884372 0.457425
318.525154352 0.360343 -9.196011 0.677263 0.039410 0.084921 0.884060 0.457901
318.691354513 0.358990 -9.190220 0.676959 0.036449 0.083967 0.884193 0.458065
318.748720646 0.358058 -9.184281 0.676299 0.032210 0.081475 0.884508 0.458225
318.915454149 0.356451 -9.178908 0.674888 0.028309 0.080377 0.884446 0.458796
318.976139545 0.354186 -9.173814 0.673609 0.024720 0.080801 0.883988 0.459810
319.149495602 0.351231 -9.168857 0.673056 0.021980 0.083423 0.883124 0.461140
319.209280968 0.348186 -9.163309 0.673322 0.019323 0.086252 0.882361 0.462197
319.381790400 0.345068 -9.157391 0.673435 0.016605 0.088779 0.881822 0.462853
319.440722942 0.341635 -9.151590 0.673286 0.014529 0.091537 0.881211 0.463549
319.613984585 0.338425 -9.146549 0.673172 0.012708 0.094445 0.880107 0.465112
319.671869516 0.335389 -9.141988 0.673470 0.010999 0.096597 0.878809 0.467164
319.848906040 0.332681 -9.137624 0.673292 0.008780 0.096627 0.877815 0.469070
319.920473814 0.329767 -9.133746 0.673144 0.007086 0.096562 0.876748 0.471104
320.095211983 0.326235 -9.130130 0.673536 0.006209 0.097583 0.875255 0.473675
320.154103994 0.322496 -9.126509 0.673816 0.005996 0.098768 0.873415 0.476817
320.329040289 0.318759 -9.122918 0.673593 0.005958 0.099202 0.871494 0.480231
320.388124943 0.314940 -9.119346 0.673026 0.006109 0.099126 0.869481 0.483879
320.565823555 0.311050 -9.115698 0.672320 0.006600 0.098727 0.867239 0.487962
320.628878832 0.307629 -9.111665 0.671516 0.006629 0.097446 0.864876 0.492391
320.809819937 0.304282 -9.106909 0.671151 0.006976 0.096059 0.862606 0.496623
320.871266842 0.301274 -9.101325 0.671030 0.007547 0.093914 0.860802 0.500144
321.048928738 0.298402 -9.095532 0.670657 0.008439 0.092030 0.859132 0.503340
321.112010717 0.295612 -9.089158 0.670248 0.009357 0.089788 0.857575 0.506374
321.292227268 0.292210 -9.082797 0.669626 0.011441 0.089561 0.855589 0.509721
321.350432158 0.288743 -9.077183 0.669382 0.014366 0.091628 0.853102 0.513435
321.520155430 0.285801 -9.071715 0.668950 0.016853 0.093097 0.850356 0.517633
321.582648039 0.283839 -9.066942 0.668818 0.018269 0.093149 0.848105 0.521256
321.760771990 0.282163 -9.062126 0.669700 0.019785 0.093838 0.845572 0.525178
321.822433472 0.281134 -9.057499 0.669855 0.020557 0.093673 0.843246 0.528904
321.998703003 0.280303 -9.052635 0.669599 0.020735 0.092629 0.841294 0.532180
322.059066534 0.279302 -9.046465 0.669658 0.021490 0.091587 0.839967 0.534420
322.229962587 0.277919 -9.038853 0.669759 0.022899 0.090546 0.839798 0.534805
322.283924580 0.276054 -9.031523 0.669511 0.024394 0.089355 0.840172 0.534352
322.450419188 0.273802 -9.024132 0.668991 0.025962 0.088006 0.840733 0.533618
322.505176306 0.271167 -9.016930 0.668641 0.027888 0.087599 0.841153 0.532927
322.668713331 0.268541 -9.009590 0.668618 0.029648 0.087317 0.841400 0.532487
322.722405434 0.266082 -9.002174 0.668284 0.030813 0.086391 0.841612 0.532238
322.890989065 0.264007 -8.995163 0.668200 0.031401 0.084558 0.842279 0.531442
322.951101780 0.261823 -8.988704 0.668126 0.032218 0.083428 0.843370 0.529838
323.117937088 0.259071 -8.983215 0.666377 0.033835 0.084295 0.844072 0.528481
323.175691366 0.256389 -8.977633 0.663783 0.035531 0.085686 0.844509 0.527447
323.344306946 0.254536 -8.971051 0.663435 0.035928 0.086108 0.845056 0.526474
323.405094385 0.252860 -8.963754 0.664522 0.035730 0.085950 0.845606 0.525629
323.570818663 0.251152 -8.956636 0.665583 0.035587 0.085976 0.846157 0.524748
323.630281925 0.249569 -8.949278 0.666291 0.035135 0.085633 0.847006 0.523462
323.800594568 0.248044 -8.942454 0.666613 0.034814 0.085689 0.847939 0.521963
323.860349178 0.246312 -8.935614 0.666544 0.034735 0.085887 0.848932 0.520319
324.028439045 0.244507 -8.928771 0.665979 0.034725 0.085820 0.849963 0.518644
324.086223841 0.242604 -8.921905 0.665407 0.034645 0.085201 0.850999 0.517051
324.249535799 0.241072 -8.914365 0.663244 0.033285 0.081448 0.852966 0.514498
324.305536747 0.239174 -8.907548 0.660150 0.031867 0.077168 0.855110 0.511681
324.469503641 0.235803 -8.900819 0.658070 0.031654 0.074803 0.856570 0.509599
324.524988174 0.232151 -8.894249 0.655953 0.031842 0.073084 0.857853 0.507674
324.685786009 0.227866 -8.887567 0.655621 0.033336 0.073893 0.858448 0.506454
324.742026091 0.223991 -8.880459 0.655355 0.034407 0.073871 0.858965 0.505509
324.905111551 0.220199 -8.873364 0.654475 0.035375 0.073532 0.859445 0.504675
324.960509539 0.216238 -8.866461 0.653502 0.036791 0.074166 0.859706 0.504035
325.121860981 0.212358 -8.859376 0.652954 0.038301 0.075142 0.859772 0.503665
325.177019835 0.208789 -8.851970 0.652709 0.039186 0.074996 0.860032 0.503174
325.335346222 0.204917 -8.844738 0.652672 0.040472 0.075769 0.860080 0.502876
325.391108513 0.201211 -8.837468 0.652719 0.041696 0.076917 0.859948 0.502826
325.549559116 0.197977 -8.829969 0.652994 0.041972 0.076586 0.860008 0.502752
325.605282307 0.194647 -8.822629 0.653149 0.041928 0.075530 0.860182 0.502617
325.763749123 0.191339 -8.815472 0.653467 0.041607 0.074195 0.860451 0.502382
325.817878246 0.188109 -8.808430 0.653753 0.040793 0.072028 0.860993 0.501835
325.976879597 0.184706 -8.801638 0.653532 0.039828 0.069549 0.861608 0.501207
326.030905247 0.180704 -8.795001 0.653711 0.039462 0.068206 0.861979 0.500782
326.189484596 0.176663 -8.788285 0.653866 0.039092 0.066981 0.862333 0.500368
326.243697643 0.172467 -8.781368 0.654729 0.038822 0.065925 0.862722 0.499857
326.398905039 0.168138 -8.774440 0.655397 0.038897 0.065131 0.862997 0.499481
326.455267191 0.163919 -8.767604 0.655089 0.038862 0.063683 0.863400 0.498974
326.614208221 0.159456 -8.761028 0.654856 0.039325 0.063039 0.863693 0.498511
326.669348717 0.155400 -8.754345 0.654680 0.039325 0.061632 0.864033 0.498098
326.826866150 0.151608 -8.747589 0.654695 0.038794 0.059313 0.864575 0.497480
326.882082462 0.147451 -8.741281 0.654983 0.038939 0.058300 0.865056 0.496753
327.045770645 0.143388 -8.735299 0.655094 0.039439 0.057910 0.865429 0.496109
327.108976841 0.139497 -8.729041 0.655017 0.039626 0.056959 0.865818 0.495525
327.272192240 0.135918 -8.722789 0.655037 0.039490 0.055281 0.866378 0.494746
327.331664085 0.131997 -8.716583 0.655177 0.039993 0.054403 0.866812 0.494043
327.494420052 0.127815 -8.710393 0.655070 0.041213 0.054623 0.866919 0.493731
327.555375338 0.123861 -8.703874 0.654665 0.042345 0.054176 0.866987 0.493565
327.716507435 0.120232 -8.697892 0.653848 0.043476 0.053748 0.866898 0.493669
327.774775505 0.115972 -8.691226 0.653367 0.045261 0.054518 0.866471 0.494173
327.935476065 0.112599 -8.684997 0.653993 0.046469 0.054494 0.866132 0.494658
327.996429682 0.109621 -8.678871 0.653891 0.047191 0.053487 0.865823 0.495240
328.156608820 0.107419 -8.672783 0.654021 0.046743 0.050341 0.865515 0.496149
328.217707872 0.105128 -8.666845 0.654632 0.046115 0.046980 0.864939 0.497541
328.373203039 0.102543 -8.661219 0.654593 0.045789 0.044147 0.864122 0.499247
328.431529999 0.099312 -8.656289 0.653717 0.046790 0.044019 0.862916 0.501248
328.595008135 0.096613 -8.650974 0.653543 0.047216 0.043142 0.861841 0.503129
328.655920267 0.094871 -8.645444 0.654081 0.046221 0.040098 0.860769 0.505304
328.814448357 0.093134 -8.640136 0.655013 0.045158 0.037331 0.859361 0.508002
328.874998331 0.091212 -8.634731 0.656253 0.044219 0.035065 0.857674 0.511088
329.032324553 0.089051 -8.629588 0.656391 0.043678 0.033496 0.855864 0.514264
329.093770981 0.087053 -8.624402 0.656528 0.042940 0.031607 0.854044 0.517461
329.252433777 0.084789 -8.618990 0.656944 0.042573 0.030048 0.852260 0.520517
329.314435720 0.082204 -8.613357 0.657146 0.042867 0.029430 0.850457 0.523469
329.471074820 0.079274 -8.607977 0.655982 0.044197 0.030600 0.848432 0.526567
329.532722712 0.076896 -8.602109 0.654521 0.045014 0.030900 0.846652 0.529339
329.690420866 0.075247 -8.595382 0.654549 0.043830 0.027888 0.845274 0.531802
329.751928806 0.073233 -8.588839 0.654814 0.042751 0.025177 0.843710 0.534501
329.907858849 0.070914 -8.582227 0.655311 0.041767 0.022699 0.842266 0.536963
329.968576908 0.068309 -8.575941 0.654428 0.041120 0.020855 0.840908 0.539210
330.125168324 0.065170 -8.569941 0.652734 0.041585 0.020369 0.839525 0.541344
330.185691357 0.062142 -8.563568 0.652409 0.042580 0.020449 0.838216 0.543289
330.340396643 0.059524 -8.556991 0.652639 0.043305 0.019917 0.837109 0.544956
330.402166128 0.057071 -8.550490 0.652715 0.043967 0.019272 0.835989 0.546643
330.561718225 0.054686 -8.543734 0.653636 0.044595 0.018755 0.834976 0.548156
330.624830484 0.052307 -8.537032 0.654098 0.045133 0.018417 0.834178 0.549337
330.780186892 0.049835 -8.530243 0.654230 0.045790 0.018242 0.833625 0.550127
330.842404842 0.047131 -8.523398 0.654494 0.047149 0.018925 0.833016 0.550911
330.995323420 0.044635 -8.516496 0.654933 0.048691 0.019872 0.832245 0.551908
331.055224180 0.042769 -8.509614 0.655610 0.049357 0.019651 0.831511 0.552963
331.205848932 0.040739 -8.503203 0.656234 0.050419 0.020300 0.830707 0.554050
331.267967463 0.038653 -8.497131 0.656628 0.051790 0.021778 0.829813 0.555206
331.420614958 0.036617 -8.491346 0.656841 0.053418 0.023771 0.828698 0.556634
331.482280016 0.034929 -8.486306 0.657116 0.054979 0.026269 0.826984 0.558914
331.632308722 0.033911 -8.481750 0.657530 0.055824 0.027846 0.824966 0.561728
331.692921638 0.033225 -8.477361 0.657730 0.056351 0.028893 0.822615 0.565061
331.843666792 0.033431 -8.473134 0.656611 0.055214 0.027279 0.820526 0.568282
331.903198004 0.033562 -8.469233 0.654886 0.053234 0.024270 0.818452 0.571588
332.044456959 0.033081 -8.465183 0.653542 0.051127 0.021108 0.816036 0.575348
332.105119705 0.031718 -8.460724 0.652964 0.049990 0.019581 0.813039 0.579728
332.257574797 0.030375 -8.455895 0.653537 0.049083 0.018473 0.810344 0.583603
332.319838047 0.029302 -8.450301 0.654735 0.048143 0.016542 0.807992 0.586990
332.473185778 0.028571 -8.444689 0.655576 0.046852 0.013870 0.805672 0.590343
332.535373926 0.027787 -8.439242 0.656502 0.045949 0.011572 0.803174 0.593857
332.687436581 0.026720 -8.433964 0.657340 0.046033 0.010487 0.800621 0.597308
332.748161077 0.025646 -8.428880 0.657737 0.046875 0.010251 0.798050 0.600678
332.897701979 0.024322 -8.424176 0.657051 0.048872 0.011275 0.795436 0.603958
332.956319809 0.022822 -8.419692 0.655648 0.052085 0.013781 0.792848 0.607034
333.109485865 0.022450 -8.414318 0.656015 0.053983 0.014072 0.791307 0.608868
333.171905279 0.022244 -8.408418 0.657071 0.055478 0.013553 0.790304 0.610048
333.323939562 0.021603 -8.402564 0.658217 0.057949 0.014175 0.789289 0.611117
333.384759426 0.021126 -8.396486 0.659399 0.060431 0.014512 0.788460 0.611938
333.537137032 0.020696 -8.390251 0.660572 0.062803 0.014534 0.787975 0.612323
333.597953081 0.020340 -8.384033 0.661277 0.064406 0.013809 0.787734 0.612484
333.747212648 0.019656 -8.377950 0.661680 0.066036 0.013425 0.787545 0.612562
333.808163881 0.018895 -8.372078 0.662488 0.067548 0.013355 0.787105 0.612964
333.957401276 0.018214 -8.366433 0.663571 0.068910 0.013595 0.786247 0.613907
334.019061089 0.017618 -8.361068 0.664090 0.070002 0.013997 0.785310 0.614973
334.166739464 0.017196 -8.355808 0.664234 0.070460 0.014105 0.784414 0.616060
334.230154753 0.016953 -8.350731 0.663686 0.070158 0.013847 0.783292 0.617527
334.391770840 0.016653 -8.346193 0.662416 0.069710 0.013953 0.781955 0.619267
334.462565184 0.016446 -8.341840 0.660610 0.068862 0.014104 0.780457 0.621245
334.624546289 0.016481 -8.337353 0.659770 0.067057 0.013600 0.778980 0.623304
334.693953753 0.016288 -8.332662 0.659719 0.065296 0.013534 0.777470 0.625375
334.850762844 0.016210 -8.328321 0.659581 0.063087 0.013466 0.776094 0.627309
334.921039104 0.015798 -8.324202 0.659892 0.061370 0.014765 0.774524 0.629387
335.070858002 0.014922 -8.320441 0.660565 0.061139 0.018098 0.772665 0.631603
335.124419212 0.014100 -8.316838 0.661733 0.061503 0.022851 0.770231 0.634381
335.266964674 0.014114 -8.313557 0.662126 0.060872 0.026798 0.767681 0.637372
335.325480223 0.015294 -8.310270 0.661218 0.058124 0.028528 0.765328 0.640375
335.471168995 0.017127 -8.307330 0.658436 0.053546 0.028058 0.763326 0.643179
335.530996084 0.018086 -8.304479 0.655491 0.050073 0.028622 0.761093 0.646074
335.678604126 0.018067 -8.300296 0.654576 0.048374 0.031769 0.758047 0.649628
335.741984606 0.018412 -8.295004 0.655030 0.046740 0.034008 0.755407 0.652701
335.894800663 0.019216 -8.288585 0.656126 0.044696 0.034475 0.753165 0.655406
335.956003428 0.020075 -8.281445 0.657045 0.042388 0.034356 0.750823 0.658245
336.101174355 0.020771 -8.273922 0.657293 0.040323 0.034103 0.748422 0.661117
336.155513763 0.021300 -8.266189 0.656447 0.038903 0.034274 0.745879 0.664061
336.297597885 0.021840 -8.258017 0.654992 0.037709 0.034234 0.743600 0.666682
336.353851795 0.022081 -8.249560 0.652938 0.036944 0.034314 0.741703 0.668831
336.500509024 0.022025 -8.241358 0.650478 0.037056 0.035267 0.739365 0.671359
336.558736324 0.022513 -8.233812 0.649254 0.036677 0.036087 0.736048 0.674972
336.708733082 0.023432 -8.226733 0.648494 0.035671 0.036411 0.732285 0.679088
336.766508341 0.023916 -8.220270 0.648528 0.035735 0.038409 0.728217 0.683336
336.916594028 0.025206 -8.213495 0.648269 0.034722 0.039599 0.724414 0.687350
336.980524063 0.026731 -8.206769 0.648119 0.033486 0.040139 0.721034 0.690925
337.135123491 0.028216 -8.199665 0.647638 0.032289 0.040410 0.718169 0.693943
337.195980549 0.029355 -8.192686 0.646508 0.031790 0.040926 0.715913 0.696264
337.344882250 0.030915 -8.184870 0.645829 0.030507 0.040735 0.713974 0.698320
337.402134180 0.032075 -8.177324 0.645645 0.029696 0.041330 0.712064 0.700268
337.550835609 0.033138 -8.169797 0.645263 0.029242 0.042333 0.710347 0.701968
337.608344793 0.034188 -8.162396 0.644383 0.029067 0.043606 0.708948 0.703311
337.757910490 0.035500 -8.154875 0.643402 0.028413 0.044451 0.708036 0.704203
337.815744162 0.036615 -8.147203 0.643134 0.027904 0.045622 0.707305 0.704882
337.970083952 0.037564 -8.139693 0.643230 0.027806 0.047543 0.706527 0.705539
338.033231258 0.038921 -8.132417 0.643143 0.027113 0.049062 0.705881 0.706109
338.190987825 0.040433 -8.125267 0.643280 0.026281 0.050609 0.705206 0.706706
338.254794359 0.042075 -8.118304 0.643267 0.025232 0.052150 0.704427 0.707408
338.414406300 0.044147 -8.111469 0.642746 0.023356 0.052794 0.703877 0.707973
338.477220774 0.046245 -8.104524 0.642439 0.021151 0.052924 0.703543 0.708363
338.636280537 0.048214 -8.097484 0.641798 0.018895 0.052768 0.703329 0.708652
338.699768305 0.049900 -8.090436 0.640899 0.017158 0.052883 0.703148 0.708867
338.858737230 0.051370 -8.083384 0.639866 0.016052 0.053354 0.703000 0.709004
338.921467066 0.052886 -8.076171 0.639568 0.015029 0.053621 0.702985 0.709021
339.081080914 0.054353 -8.069064 0.638593 0.014318 0.053868 0.703086 0.708917
339.141700029 0.055590 -8.061875 0.638001 0.014399 0.054359 0.703295 0.708670
339.296205282 0.056957 -8.054215 0.637837 0.014686 0.054756 0.703599 0.708332
339.357710600 0.058569 -8.046746 0.637519 0.014730 0.054796 0.703909 0.708020
339.519052505 0.059947 -8.039748 0.637461 0.015408 0.055409 0.704134 0.707735
339.583271980 0.061377 -8.032566 0.637929 0.016532 0.056299 0.704405 0.707368
339.743400574 0.063287 -8.025611 0.638085 0.017110 0.056432 0.704946 0.706805
339.808378696 0.065255 -8.018974 0.638034 0.017722 0.056642 0.705474 0.706246
339.965872288 0.067231 -8.012567 0.638183 0.018472 0.057110 0.705978 0.705686
340.029618502 0.068853 -8.006308 0.638785 0.020056 0.058691 0.706284 0.705206
340.188950062 0.070452 -8.000682 0.639261 0.021883 0.060665 0.706087 0.705182
340.260288477 0.072354 -7.996193 0.639224 0.022774 0.062129 0.705068 0.706046
340.432120562 0.074177 -7.992255 0.638810 0.023044 0.063108 0.703673 0.707340
340.508837700 0.075911 -7.988628 0.637971 0.022621 0.063329 0.702291 0.708706
340.683115482 0.077429 -7.985046 0.637055 0.021846 0.063339 0.700928 0.710078
340.761650085 0.078881 -7.980721 0.636827 0.021275 0.063529 0.699604 0.711383
340.925615311 0.080652 -7.975881 0.636988 0.020659 0.063201 0.698189 0.712819
340.989500284 0.082821 -7.970514 0.637725 0.019626 0.062476 0.696604 0.714461
341.147339106 0.084766 -7.965030 0.638236 0.019312 0.062540 0.694601 0.716411
341.210200310 0.086816 -7.959607 0.637640 0.019241 0.062994 0.692245 0.718650
341.368813753 0.089201 -7.954055 0.636398 0.019093 0.063489 0.689760 0.720996
341.429998159 0.092190 -7.948370 0.635154 0.018072 0.063425 0.687400 0.723279
341.584404945 0.095646 -7.942528 0.634178 0.015937 0.062663 0.685281 0.725403
341.645815611 0.098400 -7.936193 0.633756 0.014931 0.063296 0.682905 0.727607
341.804591894 0.100622 -7.929474 0.633300 0.015119 0.065168 0.679864 0.730281
341.861721992 0.103098 -7.923116 0.632759 0.015641 0.067711 0.676115 0.733512
342.019419193 0.106018 -7.917110 0.632449 0.015486 0.069740 0.672332 0.736795
342.080442905 0.108817 -7.911435 0.631979 0.014897 0.071206 0.668719 0.739948
342.239873648 0.111518 -7.906175 0.630912 0.013582 0.071837 0.665305 0.742983
342.300750732 0.113865 -7.900946 0.629630 0.012098 0.072302 0.661935 0.745968
342.460833549 0.116384 -7.895304 0.627743 0.010042 0.072102 0.659196 0.748439
342.520055532 0.119480 -7.889057 0.626447 0.006762 0.070269 0.657174 0.750426
342.676634073 0.122302 -7.881575 0.625532 0.003916 0.068967 0.654477 0.752920
342.731686115 0.124774 -7.873919 0.624369 0.002272 0.068850 0.651567 0.755456
342.887364864 0.127591 -7.866173 0.623019 0.000710 0.069009 0.648784 0.757837
342.943863630 0.130790 -7.858236 0.622464 -0.001324 0.068788 0.646418 0.759875
343.101189852 0.133777 -7.850210 0.621454 -0.002880 0.068815 0.644407 0.761574
343.156703234 0.136511 -7.841975 0.619762 -0.003869 0.068965 0.642886 0.762841
343.313603640 0.138864 -7.833456 0.617607 -0.003971 0.069332 0.642160 0.763419
343.369296789 0.140860 -7.824377 0.615658 -0.002599 0.070109 0.642089 0.763413
343.526432514 0.143089 -7.814927 0.614959 -0.000679 0.070878 0.642178 0.763271
343.581220627 0.145552 -7.805789 0.614102 0.001273 0.071746 0.642297 0.763089
343.737767458 0.148395 -7.797044 0.612964 0.002779 0.072365 0.642457 0.762892
343.791298628 0.151697 -7.788610 0.612013 0.003487 0.072632 0.642504 0.762825
343.941170692 0.155105 -7.780334 0.610859 0.004056 0.072990 0.642326 0.762937
343.995844841 0.158537 -7.772103 0.609180 0.004582 0.073379 0.642018 0.763157
344.150387287 0.161987 -7.763868 0.607048 0.005223 0.073812 0.641728 0.763354
344.206386328 0.165189 -7.755476 0.604651 0.006689 0.074701 0.641553 0.763403
344.363018751 0.168059 -7.746688 0.602838 0.009620 0.076373 0.641411 0.763326
344.418667555 0.171311 -7.737829 0.601405 0.012498 0.077808 0.641303 0.763230
344.573350906 0.175529 -7.729097 0.600809 0.013507 0.077864 0.641385 0.763138
344.626337528 0.180224 -7.720715 0.600548 0.013220 0.077317 0.641253 0.763309
344.830333710 0.184801 -7.712569 0.600095 0.012402 0.076860 0.640600 0.763917
344.885989904 0.187607 -7.703543 0.599031 0.012625 0.077552 0.638954 0.765222
345.039402246 0.189759 -7.694020 0.597837 0.012312 0.077778 0.637375 0.766519
345.093026400 0.191932 -7.683489 0.596718 0.011854 0.077981 0.635950 0.767689
345.243743181 0.193822 -7.672915 0.595251 0.011893 0.078734 0.634555 0.768765
345.294291496 0.196131 -7.662842 0.593307 0.011509 0.079399 0.633530 0.769547
345.447671413 0.198955 -7.653330 0.591233 0.010213 0.079677 0.632700 0.770219
345.502222776 0.202651 -7.643805 0.589314 0.007295 0.079321 0.631805 0.771023
345.660366535 0.206550 -7.635117 0.587873 0.003656 0.078609 0.631004 0.771778
345.715155602 0.210159 -7.626408 0.586439 0.000745 0.078510 0.630248 0.772414
345.876751423 0.213299 -7.617536 0.584801 -0.000881 0.079332 0.629547 0.772901
345.930224895 0.216233 -7.608507 0.582982 -0.001725 0.080836 0.628837 0.773322
346.086858034 0.219064 -7.599083 0.581303 -0.001685 0.082979 0.628157 0.773647
346.138839483 0.222135 -7.590248 0.579119 -0.001861 0.084629 0.627695 0.773843
346.297242403 0.226013 -7.581139 0.576418 -0.002459 0.085769 0.627566 0.773821
346.347878218 0.230824 -7.572213 0.575152 -0.003836 0.086229 0.628161 0.773281
346.505378246 0.235508 -7.563473 0.573031 -0.004364 0.087106 0.629169 0.772360
346.558107615 0.239925 -7.554376 0.570314 -0.004218 0.088110 0.630325 0.771304
346.723350763 0.243401 -7.545305 0.568531 -0.003204 0.089897 0.630955 0.770587
346.778406620 0.246408 -7.536239 0.567556 -0.002071 0.092111 0.630898 0.770376
346.944931030 0.249955 -7.526999 0.567124 -0.002664 0.093190 0.630715 0.770394
347.000988960 0.253655 -7.517939 0.566266 -0.003908 0.093765 0.630511 0.770486
347.161808968 0.257706 -7.509091 0.565305 -0.005959 0.093489 0.630451 0.770556
347.219324827 0.261889 -7.500586 0.563742 -0.008224 0.092796 0.630505 0.770574
347.388456345 0.265527 -7.492213 0.561945 -0.008969 0.092792 0.631010 0.770153
347.442889214 0.269925 -7.483866 0.562169 -0.010879 0.091632 0.632653 0.768918
347.605663300 0.275303 -7.474511 0.562318 -0.013169 0.089908 0.635307 0.766895
347.664484739 0.279645 -7.466449 0.561546 -0.013851 0.089391 0.638077 0.764641
347.833321810 0.283996 -7.458363 0.560962 -0.014101 0.089148 0.641385 0.761892
347.890035391 0.287723 -7.450581 0.559558 -0.012950 0.089972 0.644505 0.759178
348.060101748 0.291135 -7.442587 0.558265 -0.011339 0.090546 0.646947 0.757055
348.115344286 0.294105 -7.434114 0.557985 -0.009463 0.091112 0.648462 0.755716
348.278123617 0.296869 -7.425425 0.557653 -0.007309 0.091851 0.649111 0.755092
348.330669641 0.299736 -7.416785 0.556677 -0.005372 0.092333 0.649198 0.754975
348.494961739 0.302670 -7.408211 0.555320 -0.003793 0.092557 0.648843 0.755262
348.548146248 0.305936 -7.399620 0.554163 -0.003133 0.091963 0.648393 0.755725
348.709760189 0.309382 -7.391259 0.552840 -0.003107 0.090785 0.647924 0.756269
348.761468887 0.312577 -7.383119 0.551121 -0.002758 0.089858 0.647142 0.757050
348.922595263 0.315285 -7.374960 0.549406 -0.001349 0.089921 0.645931 0.758080
348.975202084 0.318079 -7.366784 0.547509 0.000426 0.090266 0.644608 0.759165
349.140095234 0.320994 -7.358713 0.545499 0.002500 0.090751 0.643111 0.760373
349.191725016 0.324171 -7.350687 0.543340 0.004615 0.091008 0.641591 0.761615
349.349230289 0.328250 -7.342591 0.542022 0.005348 0.089770 0.640627 0.762568
349.400076151 0.332832 -7.334534 0.541170 0.005223 0.087726 0.639915 0.763404
349.559580803 0.337610 -7.326513 0.540049 0.004755 0.085433 0.639102 0.764347
349.611688137 0.342238 -7.318508 0.538140 0.004429 0.083060 0.638327 0.765258
349.771145344 0.345912 -7.310123 0.536792 0.005795 0.082068 0.637529 0.766021
349.823474884 0.348868 -7.301393 0.535925 0.008748 0.082330 0.636941 0.766454
349.983010054 0.351925 -7.292401 0.535461 0.011583 0.082240 0.636992 0.766384
350.036446333 0.355910 -7.283229 0.534888 0.013874 0.081307 0.637712 0.765846
350.188346863 0.360901 -7.274795 0.535460 0.014303 0.079023 0.639035 0.764974
350.238542080 0.365800 -7.265783 0.535043 0.016590 0.078377 0.640265 0.763965
350.392139673 0.370600 -7.256866 0.533668 0.019908 0.078988 0.641599 0.762702
350.442400217 0.375410 -7.248454 0.532215 0.022759 0.079858 0.643305 0.761093
350.600006819 0.380574 -7.239935 0.530027 0.024635 0.080298 0.645081 0.759484
350.647945404 0.385737 -7.232351 0.527360 0.024634 0.079250 0.646513 0.758376
350.805487633 0.390660 -7.223500 0.524463 0.025356 0.079376 0.646905 0.758004
350.859060049 0.394464 -7.215055 0.522130 0.026414 0.080275 0.646483 0.758234
351.017423868 0.398421 -7.206393 0.519348 0.026774 0.080998 0.645675 0.758833
351.062767267 0.402456 -7.198184 0.516843 0.025728 0.080979 0.644572 0.759808
351.213079929 0.406691 -7.189338 0.514348 0.023947 0.080913 0.642979 0.761221
351.260219336 0.410867 -7.180485 0.511869 0.021515 0.080973 0.641029 0.762930
351.410777569 0.414867 -7.171780 0.508577 0.019033 0.081542 0.638892 0.764726
351.458206654 0.418613 -7.163191 0.504433 0.016852 0.082841 0.636694 0.766469
351.621667147 0.422482 -7.154215 0.500564 0.014532 0.084843 0.634302 0.768278
351.671452522 0.427336 -7.145704 0.497806 0.009802 0.085732 0.631960 0.770182
351.830986738 0.432307 -7.137781 0.494910 0.004225 0.086308 0.629615 0.772086
351.880533218 0.437183 -7.129977 0.490895 -0.001134 0.087505 0.627210 0.773918
352.044841766 0.441825 -7.121990 0.487082 -0.006051 0.089584 0.624706 0.775680
352.097279549 0.446306 -7.113757 0.485583 -0.011096 0.092151 0.622056 0.777452
352.263609648 0.450931 -7.105535 0.484136 -0.016355 0.094520 0.619529 0.779091
352.314734459 0.455408 -7.096948 0.482560 -0.021244 0.096228 0.617917 0.780043
352.481714725 0.458978 -7.088179 0.481121 -0.024860 0.097418 0.617756 0.779916
352.529781342 0.462010 -7.078309 0.479412 -0.027809 0.098433 0.618812 0.778852
352.699366331 0.464732 -7.068707 0.477570 -0.031034 0.098881 0.620652 0.777207
352.748811722 0.467340 -7.059191 0.475611 -0.033528 0.099705 0.622379 0.775616
352.920063972 0.469819 -7.049284 0.474475 -0.033494 0.102074 0.623060 0.774761
352.967988014 0.472839 -7.039375 0.473243 -0.032498 0.104259 0.623224 0.774381
353.136722326 0.476908 -7.029683 0.471803 -0.032439 0.104565 0.623665 0.773987
353.186663866 0.481255 -7.020024 0.470452 -0.032103 0.103956 0.624579 0.773346
353.358832598 0.485353 -7.010433 0.468741 -0.030670 0.103403 0.625747 0.772534
353.408673048 0.489355 -7.001133 0.466208 -0.028740 0.102826 0.626957 0.771703
353.580427885 0.493392 -6.992116 0.463496 -0.026710 0.102052 0.627947 0.771073
353.634480000 0.497549 -6.982552 0.461366 -0.024301 0.101090 0.628588 0.770758
353.809456825 0.501350 -6.973991 0.460164 -0.022661 0.099403 0.629118 0.770595
353.861949921 0.504987 -6.965398 0.458627 -0.020933 0.097525 0.629483 0.770585
354.035954237 0.508255 -6.956849 0.456713 -0.018875 0.095794 0.629625 0.770740
354.089341640 0.511166 -6.948376 0.454539 -0.016207 0.094579 0.629629 0.770947
354.267129183 0.514032 -6.939997 0.453026 -0.013116 0.094262 0.629298 0.771315
354.326959848 0.517739 -6.931678 0.453011 -0.011084 0.093794 0.628742 0.771857
354.498189449 0.522209 -6.923531 0.453425 -0.010574 0.092685 0.628057 0.772556
354.550678730 0.527118 -6.915604 0.453389 -0.011088 0.091273 0.627245 0.773376
354.721456289 0.532101 -6.907797 0.452610 -0.011949 0.089979 0.626233 0.774334
354.774265766 0.536939 -6.900015 0.451020 -0.012924 0.088902 0.625006 0.775433
354.947749376 0.541369 -6.891971 0.448758 -0.013637 0.088047 0.623738 0.776539
354.999999285 0.545577 -6.883565 0.446105 -0.014713 0.086685 0.622856 0.777380
355.166610479 0.549250 -6.874900 0.442873 -0.015706 0.085314 0.622284 0.777970
355.215845108 0.552294 -6.866572 0.439460 -0.016598 0.084075 0.622164 0.778182
355.382081032 0.555199 -6.857623 0.435616 -0.017509 0.082953 0.622397 0.778096
355.432549477 0.557669 -6.848278 0.432398 -0.017221 0.083375 0.622342 0.778102
355.606784344 0.560408 -6.838479 0.430462 -0.016393 0.084730 0.622112 0.778157
355.656437635 0.563357 -6.829576 0.429334 -0.015678 0.086129 0.621945 0.778152
355.827586889 0.566962 -6.820186 0.428244 -0.015230 0.087626 0.621785 0.778122
355.877279520 0.570779 -6.810968 0.426564 -0.014765 0.089203 0.621589 0.778108
356.048131943 0.574786 -6.801875 0.424641 -0.014171 0.090648 0.621544 0.777988
356.097673416 0.579121 -6.792854 0.423040 -0.013601 0.091521 0.621959 0.777564
356.267060280 0.583619 -6.783980 0.421425 -0.012967 0.091931 0.622807 0.776848
356.318378448 0.588555 -6.774739 0.419645 -0.012585 0.091581 0.624196 0.775780
356.493578196 0.592606 -6.766021 0.418105 -0.010985 0.091762 0.625595 0.774655
356.547500849 0.595975 -6.757266 0.417070 -0.007518 0.093122 0.626451 0.773841
356.724639654 0.599364 -6.748597 0.415757 -0.003575 0.094663 0.626980 0.773255
356.778406858 0.602899 -6.740082 0.414243 0.000063 0.095920 0.627225 0.772909
356.952699900 0.606693 -6.731914 0.412387 0.003158 0.096945 0.627179 0.772812
357.007872581 0.611316 -6.724062 0.411105 0.004645 0.096742 0.627213 0.772802
357.180091381 0.617265 -6.716791 0.410251 0.002858 0.094107 0.627502 0.772902
357.236009121 0.622669 -6.709708 0.409042 0.001706 0.091963 0.627712 0.772992
357.408020020 0.627251 -6.702431 0.408338 0.001654 0.090470 0.628061 0.772885
357.462434530 0.631358 -6.694881 0.408564 0.001990 0.089161 0.628480 0.772696
357.633403301 0.635599 -6.687395 0.408968 0.001084 0.087030 0.628867 0.772626
357.686274767 0.639502 -6.679787 0.409251 -0.000350 0.084712 0.629089 0.772703
357.856616974 0.643130 -6.672099 0.408617 -0.002209 0.082221 0.629240 0.772847
357.909131289 0.646418 -6.664298 0.407304 -0.004290 0.079727 0.629366 0.772997
358.082762480 0.649081 -6.656160 0.405662 -0.005645 0.077784 0.629576 0.773015
358.138960361 0.651337 -6.647608 0.403850 -0.006671 0.076006 0.629909 0.772912
358.308519840 0.653097 -6.638314 0.402453 -0.006399 0.075068 0.630239 0.772737
358.359668970 0.655089 -6.628778 0.401299 -0.004655 0.074966 0.630499 0.772547
358.530398846 0.657404 -6.619378 0.400027 -0.002460 0.075084 0.630472 0.772568
358.581338644 0.659804 -6.610224 0.398403 -0.000187 0.075197 0.630389 0.772628
358.751083612 0.662410 -6.601401 0.396980 0.002546 0.075538 0.630409 0.772575
358.805296659 0.665639 -6.592923 0.396074 0.005048 0.075615 0.630653 0.772356
358.973017931 0.669600 -6.584883 0.394958 0.006503 0.074907 0.631142 0.772015
359.024375677 0.673826 -6.577098 0.393706 0.007415 0.073869 0.631704 0.771647
359.191078901 0.678065 -6.569336 0.392843 0.008172 0.072703 0.632457 0.771133
359.242389441 0.681747 -6.561376 0.392074 0.010012 0.072249 0.633259 0.770496
359.408135891 0.685209 -6.553264 0.391221 0.012401 0.072101 0.634030 0.769840
359.459690094 0.688661 -6.545235 0.389720 0.014569 0.071839 0.634683 0.769289
359.624743223 0.692096 -6.537242 0.387870 0.016751 0.071548 0.635270 0.768786
359.676526070 0.695801 -6.529452 0.385628 0.018497 0.070895 0.635919 0.768270
359.841958761 0.699847 -6.521851 0.383184 0.019576 0.069716 0.636733 0.767676
359.893565178 0.704030 -6.514319 0.380847 0.020329 0.068293 0.637675 0.767002
360.059815884 0.708326 -6.506498 0.380032 0.020593 0.066476 0.638800 0.766219
360.111968517 0.712228 -6.498391 0.380278 0.021526 0.065022 0.639989 0.765325
360.274903297 0.715739 -6.490277 0.380254 0.023216 0.063999 0.641060 0.764465
360.324624062 0.719314 -6.482285 0.379562 0.024176 0.062451 0.642038 0.763742
360.488526583 0.722701 -6.474147 0.378534 0.024533 0.060466 0.642888 0.763176
360.539591789 0.725847 -6.465861 0.377065 0.024283 0.058083 0.643607 0.762762
360.702977180 0.728565 -6.457390 0.375153 0.024007 0.055687 0.644215 0.762437
360.754257202 0.730908 -6.448754 0.372970 0.023736 0.053298 0.644733 0.762178
360.916353941 0.732967 -6.440036 0.370793 0.023685 0.051067 0.645201 0.761936
360.968478680 0.734761 -6.431242 0.369138 0.024486 0.049531 0.645600 0.761674
361.127384901 0.736569 -6.422392 0.368548 0.025664 0.048576 0.645976 0.761378
361.177640915 0.738392 -6.413739 0.368013 0.027408 0.048470 0.646406 0.760959
361.337936163 0.740384 -6.405295 0.367385 0.029288 0.048958 0.646910 0.760429
361.388940573 0.742928 -6.397040 0.366822 0.030314 0.049300 0.647554 0.759819
361.549196243 0.745701 -6.389015 0.366362 0.030917 0.049872 0.648108 0.759285
361.600543499 0.748428 -6.381305 0.365848 0.031990 0.051261 0.648582 0.758743
361.762667894 0.751084 -6.373602 0.365782 0.033888 0.053643 0.648955 0.758176
361.814573526 0.754412 -6.366168 0.365557 0.034653 0.055524 0.649531 0.757513
361.976340771 0.758152 -6.359105 0.365072 0.034540 0.057092 0.650036 0.756968
362.029756308 0.762352 -6.352262 0.364531 0.033460 0.058103 0.650544 0.756503
362.195380926 0.766741 -6.345527 0.363995 0.031867 0.058847 0.651100 0.756036
362.248356104 0.770810 -6.338811 0.363178 0.030958 0.060154 0.651610 0.755531
362.413078308 0.774481 -6.331985 0.362213 0.031052 0.062313 0.651885 0.755115
362.464956284 0.778294 -6.325207 0.360693 0.031031 0.064310 0.652094 0.754768
362.629482985 0.782381 -6.318380 0.358964 0.030589 0.065726 0.652268 0.754513
362.685166597 0.786832 -6.311378 0.357982 0.029279 0.066003 0.652732 0.754140
362.854279280 0.791185 -6.304233 0.357788 0.027988 0.065671 0.653531 0.753526
362.909625292 0.794961 -6.297072 0.357106 0.027559 0.065890 0.654138 0.752996
363.076252937 0.799039 -6.290018 0.356630 0.025961 0.064729 0.654834 0.752548
363.130299091 0.803605 -6.283349 0.356203 0.023149 0.061787 0.655890 0.751968
363.299828053 0.807298 -6.276903 0.356279 0.021876 0.059593 0.656838 0.751354
363.360300541 0.810201 -6.270109 0.357290 0.022608 0.058554 0.657906 0.750480
363.531341791 0.813000 -6.263579 0.357731 0.023484 0.057281 0.659096 0.749506
363.591819048 0.815715 -6.257327 0.357127 0.024535 0.055840 0.660321 0.748502
363.766962290 0.818111 -6.250972 0.356632 0.026297 0.054565 0.661433 0.747555
363.827522039 0.819957 -6.244402 0.356798 0.029757 0.054500 0.661872 0.747040
363.995420694 0.821993 -6.237827 0.358029 0.033968 0.054879 0.661842 0.746860
364.052842855 0.824707 -6.231540 0.359165 0.037582 0.054357 0.661734 0.746821
364.220184803 0.827487 -6.225426 0.360234 0.041580 0.053916 0.661262 0.747059
364.279846430 0.830344 -6.219562 0.360940 0.045872 0.053497 0.660667 0.747364
364.444599628 0.833517 -6.213914 0.361813 0.049769 0.052453 0.660151 0.747644
364.505733490 0.836716 -6.208372 0.362876 0.053755 0.051357 0.659451 0.748062
364.670072794 0.839993 -6.202780 0.363828 0.057880 0.050375 0.658564 0.748602
364.729211807 0.843512 -6.197200 0.364163 0.061751 0.049203 0.657643 0.749180
364.889704704 0.847538 -6.191751 0.363667 0.064489 0.047129 0.656780 0.749840
364.948579550 0.852021 -6.186424 0.362855 0.065866 0.044076 0.655941 0.750640
365.105506420 0.856510 -6.181170 0.361656 0.066862 0.041151 0.654793 0.751720
365.164249182 0.861016 -6.175785 0.360962 0.067567 0.038535 0.653054 0.753306
365.321605682 0.865202 -6.169948 0.361056 0.068684 0.036764 0.650714 0.755316
365.378196955 0.869535 -6.163682 0.361095 0.069978 0.035377 0.648343 0.757300
365.534361601 0.873662 -6.158008 0.360808 0.071183 0.034209 0.646424 0.758880
365.586424112 0.878938 -6.151997 0.360493 0.071109 0.031887 0.644600 0.760537
365.736729383 0.884350 -6.146209 0.359863 0.069944 0.029107 0.642775 0.762300
365.788609505 0.889452 -6.140410 0.358557 0.069195 0.027062 0.640703 0.764185
365.939378023 0.894384 -6.134570 0.357141 0.068803 0.025645 0.638572 0.766051
365.992258787 0.899432 -6.128546 0.356722 0.068247 0.024398 0.636520 0.767847
366.139644861 0.904789 -6.122486 0.356244 0.066879 0.022711 0.634731 0.769499
366.191594124 0.910009 -6.116454 0.354866 0.065743 0.021507 0.632911 0.771128
366.338302612 0.915091 -6.110417 0.353230 0.064935 0.020795 0.631020 0.772764
366.391818523 0.920102 -6.104251 0.352032 0.064213 0.020219 0.629298 0.774243
366.538689613 0.925039 -6.097675 0.351865 0.063311 0.019541 0.627981 0.775403
366.591528177 0.929379 -6.091046 0.352041 0.064071 0.020394 0.626505 0.776512
366.740130663 0.933753 -6.084635 0.352176 0.065476 0.021614 0.625213 0.777402
366.793437004 0.938491 -6.078347 0.352610 0.066431 0.021963 0.624274 0.778066
366.939559937 0.943708 -6.072194 0.352717 0.066162 0.021014 0.623773 0.778517
366.990832090 0.949220 -6.066471 0.351571 0.064903 0.019236 0.623459 0.778920
367.139129639 0.954143 -6.060948 0.350234 0.064395 0.018022 0.623017 0.779345
367.196982145 0.958337 -6.054753 0.350213 0.066274 0.018563 0.622067 0.779933
367.344261646 0.962649 -6.048444 0.350817 0.068361 0.018782 0.621273 0.780381
367.395598412 0.967308 -6.042321 0.351055 0.069808 0.018367 0.620551 0.780837
367.543667555 0.972061 -6.036384 0.350502 0.071061 0.017858 0.619545 0.781534
367.594790220 0.976821 -6.030441 0.349688 0.072272 0.017222 0.618382 0.782358
367.743029118 0.981605 -6.024499 0.349195 0.073499 0.016192 0.617458 0.782995
367.798181534 0.986409 -6.018501 0.349213 0.074954 0.015189 0.616462 0.783662
367.941318750 0.991039 -6.012894 0.349401 0.076055 0.014367 0.615075 0.784661
367.992596865 0.996212 -6.007148 0.349289 0.076662 0.013266 0.613207 0.786082
368.139460802 1.001537 -6.001801 0.348910 0.076777 0.011670 0.611153 0.787693
368.191633224 1.007390 -5.996819 0.348575 0.075331 0.009093 0.608834 0.789660
368.336916685 1.013672 -5.992156 0.348149 0.072240 0.005775 0.606099 0.792081
368.390588045 1.019751 -5.987673 0.347331 0.069169 0.002841 0.603015 0.794720
368.541792870 1.024799 -5.983023 0.346810 0.068467 0.002095 0.599265 0.797615
368.595171452 1.030182 -5.978239 0.347047 0.067321 0.001405 0.595501 0.800527
368.737957478 1.036415 -5.973632 0.345427 0.064798 -0.000164 0.591920 0.803388
368.788275957 1.042358 -5.969411 0.342338 0.062766 -0.000997 0.588135 0.806323
368.933818817 1.048508 -5.965090 0.340084 0.060293 -0.001551 0.584445 0.809189
368.988989592 1.054138 -5.959894 0.339828 0.059271 -0.000384 0.580590 0.812036
369.140649319 1.059016 -5.954802 0.339795 0.059836 0.002091 0.577098 0.814477
369.192659616 1.065293 -5.948779 0.340335 0.059245 0.003946 0.574453 0.816381
369.336523056 1.071408 -5.942690 0.340228 0.058324 0.005389 0.572789 0.817607
369.388936520 1.076927 -5.936204 0.339090 0.058354 0.007320 0.571741 0.818324
369.537697792 1.082191 -5.929746 0.337386 0.058943 0.009205 0.571992 0.818087
369.591340065 1.087949 -5.923529 0.336357 0.058704 0.010217 0.574073 0.816633
369.741577864 1.094154 -5.917655 0.336078 0.058111 0.010451 0.577441 0.814295
369.795504570 1.100301 -5.912066 0.335864 0.058124 0.010821 0.581361 0.811495
369.941671371 1.106433 -5.906910 0.334851 0.058576 0.011153 0.585671 0.808353
369.994421005 1.112293 -5.902120 0.333960 0.059827 0.011561 0.590557 0.804692
370.141295195 1.118364 -5.897594 0.333056 0.061154 0.011396 0.595892 0.800652
370.194638729 1.125254 -5.893221 0.333167 0.060725 0.009876 0.601633 0.796400
370.335108995 1.131087 -5.889033 0.333250 0.061354 0.008628 0.607095 0.792210
370.384603262 1.136756 -5.884119 0.332651 0.063973 0.007724 0.612829 0.787584
370.532787085 1.142171 -5.878821 0.333268 0.068371 0.007913 0.617904 0.783235
370.586879492 1.147084 -5.874666 0.333481 0.071575 0.007817 0.621682 0.779953
370.741658449 1.152753 -5.870866 0.332853 0.072748 0.006279 0.625198 0.777043
370.802644253 1.158134 -5.867109 0.333174 0.072828 0.004297 0.627646 0.775073
370.955409527 1.163152 -5.863200 0.333410 0.073144 0.002688 0.629119 0.773856
371.016663313 1.168383 -5.859562 0.332599 0.072444 0.000478 0.630137 0.773097
371.167315960 1.173477 -5.856042 0.331587 0.071521 -0.001461 0.630448 0.772928
371.227287769 1.178207 -5.852120 0.331807 0.070987 -0.002514 0.629813 0.773492
371.378112316 1.183154 -5.848180 0.331848 0.069559 -0.004058 0.629103 0.774192
371.440086126 1.187766 -5.844374 0.331337 0.068673 -0.004941 0.628241 0.774966
371.592386007 1.191847 -5.839928 0.331626 0.068989 -0.004574 0.626726 0.776166
371.650384665 1.196204 -5.835078 0.331849 0.068915 -0.004452 0.625327 0.777301
371.799637079 1.200706 -5.830191 0.331475 0.068253 -0.004901 0.624471 0.778044
371.859102488 1.205027 -5.825286 0.330915 0.067677 -0.005262 0.623833 0.778604
372.006144047 1.208809 -5.820327 0.330136 0.068066 -0.004598 0.623080 0.779177
372.063272715 1.212454 -5.815559 0.329276 0.068679 -0.003525 0.622635 0.779485
372.212100506 1.216346 -5.811271 0.328311 0.068220 -0.002875 0.623121 0.779140
372.270310879 1.220288 -5.807123 0.327269 0.066912 -0.002506 0.624428 0.778207
372.417177439 1.224124 -5.802771 0.327548 0.064585 -0.002502 0.626719 0.776560
372.476437330 1.227863 -5.798613 0.328423 0.061420 -0.002571 0.629587 0.774494
372.637696743 1.230551 -5.794335 0.328675 0.060345 -0.000698 0.631891 0.772704
372.698111057 1.232958 -5.790079 0.328532 0.060453 0.001469 0.633543 0.771341
372.854264259 1.235820 -5.785712 0.328187 0.060325 0.003796 0.635254 0.769934
372.917954683 1.238243 -5.781571 0.328429 0.061326 0.007031 0.636616 0.768707
373.068624496 1.241449 -5.777288 0.328860 0.061555 0.009342 0.638067 0.767460
373.129433870 1.245315 -5.773189 0.329150 0.060595 0.010399 0.639669 0.766187
373.282439947 1.248941 -5.768829 0.329818 0.060444 0.011722 0.641055 0.765021
373.342527866 1.252749 -5.764132 0.330961 0.060295 0.012493 0.642302 0.763974
373.501096725 1.256930 -5.759518 0.331454 0.059375 0.012147 0.643814 0.762778
373.561552763 1.260845 -5.754807 0.331154 0.059065 0.011820 0.645399 0.761467
373.716833353 1.264140 -5.749431 0.331028 0.060161 0.012133 0.646668 0.760299
373.776495934 1.267467 -5.743628 0.331051 0.061291 0.012007 0.647676 0.759352
373.929033995 1.271045 -5.737904 0.330839 0.061593 0.010893 0.648779 0.758402
373.988883495 1.274320 -5.732218 0.330888 0.061743 0.009626 0.649797 0.757535
374.143491983 1.276885 -5.726339 0.331208 0.063168 0.009486 0.650349 0.756945
374.202419519 1.279426 -5.720475 0.331396 0.064638 0.009515 0.650763 0.756464
374.353117704 1.282292 -5.714886 0.331696 0.065031 0.009041 0.651123 0.756127
374.411432505 1.284958 -5.709552 0.331808 0.065588 0.009016 0.651091 0.756106
374.559223652 1.287385 -5.704550 0.331704 0.066616 0.009740 0.650833 0.756230
374.616591692 1.289828 -5.699994 0.331038 0.067773 0.010955 0.650622 0.756293
374.767587423 1.292787 -5.695487 0.331315 0.067783 0.011632 0.650386 0.756484
374.824609041 1.295894 -5.691184 0.332113 0.067291 0.012205 0.649964 0.756882
374.974330664 1.299309 -5.687227 0.333099 0.065975 0.012488 0.649761 0.757167
375.031605959 1.302569 -5.683309 0.334693 0.064536 0.013094 0.649487 0.757516
375.187195778 1.305503 -5.679472 0.335766 0.063745 0.014521 0.649093 0.757895
375.258162022 1.308062 -5.676021 0.335582 0.063678 0.016559 0.648745 0.758157
375.418934345 1.310438 -5.672511 0.335035 0.064488 0.019483 0.648354 0.758353
375.479777336 1.313204 -5.668597 0.335451 0.065066 0.021848 0.648517 0.758100
375.628857613 1.316870 -5.664368 0.335243 0.064213 0.022176 0.650026 0.756869
375.686138153 1.320820 -5.659987 0.335308 0.062039 0.020909 0.652952 0.754565
375.838998556 1.323463 -5.655807 0.335191 0.061596 0.021151 0.656151 0.751814
375.899027824 1.325344 -5.651620 0.334836 0.062051 0.022253 0.659740 0.748597
376.048945904 1.326943 -5.647116 0.334510 0.063037 0.023793 0.663294 0.745319
376.107041121 1.329009 -5.642064 0.334775 0.063652 0.024366 0.666532 0.742354
376.256614208 1.330950 -5.636629 0.335553 0.064610 0.025079 0.669382 0.739678
376.313346863 1.332812 -5.630792 0.336643 0.065866 0.025875 0.671992 0.737170
376.460865736 1.334644 -5.624852 0.337005 0.067053 0.026514 0.674510 0.734736
376.518138170 1.336386 -5.618625 0.336814 0.068480 0.027215 0.676869 0.732406
376.667706966 1.338037 -5.612144 0.336259 0.070007 0.027956 0.678871 0.730377
376.724545956 1.339937 -5.605974 0.335026 0.070509 0.028042 0.680546 0.728766
376.875407219 1.341881 -5.600053 0.334678 0.070362 0.028091 0.681463 0.727920
376.932790041 1.343595 -5.594073 0.335116 0.070645 0.028825 0.681626 0.727712
377.083806276 1.345799 -5.588323 0.335307 0.070002 0.028921 0.681575 0.727818
377.141698837 1.348073 -5.582736 0.335488 0.068877 0.028992 0.681054 0.728410
377.290476561 1.350243 -5.576908 0.336558 0.067860 0.029556 0.679881 0.729577
377.347456932 1.352665 -5.571147 0.337517 0.066110 0.029785 0.678422 0.731085
377.497886181 1.354711 -5.565607 0.337269 0.065027 0.030675 0.676407 0.733010
377.557937384 1.356776 -5.560659 0.336022 0.063029 0.030930 0.674098 0.735297
377.711489439 1.359319 -5.555760 0.334700 0.059174 0.029772 0.671928 0.737648
377.764865160 1.361921 -5.550543 0.334016 0.054939 0.028135 0.669565 0.740185
377.914801598 1.364229 -5.545098 0.333559 0.051369 0.027188 0.667011 0.742777
377.972793818 1.366202 -5.539605 0.332819 0.048779 0.027268 0.664314 0.745361
378.122267723 1.368296 -5.533657 0.332843 0.046596 0.027806 0.661760 0.747749
378.180814266 1.370532 -5.527492 0.332499 0.044308 0.027985 0.659883 0.749539
378.333082199 1.372648 -5.521176 0.331647 0.042294 0.028208 0.658552 0.750816
378.392942667 1.374445 -5.514459 0.331377 0.041346 0.029249 0.657715 0.751563
378.542509556 1.376270 -5.507242 0.332721 0.041144 0.030813 0.657566 0.751641
378.593519688 1.378168 -5.499751 0.333923 0.041525 0.032555 0.658001 0.751166
378.740903616 1.380317 -5.491929 0.334453 0.041816 0.033799 0.659070 0.750157
378.793039083 1.382487 -5.483979 0.334214 0.042069 0.034833 0.660461 0.748871
378.939763546 1.384376 -5.475923 0.333750 0.042809 0.036411 0.661736 0.747627
378.992997169 1.386227 -5.467942 0.333081 0.043780 0.038427 0.662963 0.746382
379.140483379 1.388282 -5.460167 0.332066 0.044148 0.040146 0.664038 0.745314
379.193525791 1.390498 -5.452434 0.331125 0.043893 0.041407 0.664898 0.744493
379.342967749 1.392876 -5.444786 0.329564 0.043292 0.042174 0.665823 0.743658
379.396327019 1.395283 -5.437262 0.327698 0.042401 0.042576 0.666932 0.742692
379.545628548 1.397283 -5.429853 0.326234 0.042246 0.043948 0.667680 0.741948
379.598791838 1.399847 -5.422786 0.325310 0.040947 0.044697 0.668171 0.741534
379.752444029 1.402807 -5.415972 0.325439 0.038556 0.044645 0.668631 0.741251
379.811349392 1.405716 -5.409355 0.325364 0.036012 0.044275 0.669504 0.740612
379.970298529 1.408248 -5.402802 0.325489 0.033843 0.044200 0.670456 0.739858
380.029755592 1.410585 -5.396210 0.326035 0.031824 0.044245 0.671197 0.739273
380.186534643 1.413073 -5.389731 0.326450 0.029510 0.043769 0.672159 0.738523
380.244467258 1.415752 -5.383499 0.326542 0.026912 0.042647 0.673659 0.737320
380.402289391 1.418367 -5.377446 0.326136 0.024212 0.041119 0.675621 0.735704
380.459207773 1.421077 -5.371507 0.325254 0.020687 0.038580 0.678085 0.733679
380.621809721 1.423174 -5.365971 0.324552 0.017807 0.036342 0.680684 0.731459
380.681459427 1.424508 -5.359899 0.324592 0.016732 0.035719 0.683096 0.729263
380.840655804 1.425238 -5.353541 0.325472 0.017775 0.037020 0.684600 0.727761
380.900004387 1.426196 -5.347173 0.325977 0.019354 0.038740 0.685736 0.726561
381.058926105 1.427721 -5.340872 0.326020 0.020516 0.039877 0.687076 0.725200
381.117404938 1.429488 -5.334232 0.326490 0.021568 0.040709 0.688521 0.723751
381.275718927 1.431488 -5.327480 0.326910 0.022113 0.040915 0.690048 0.722268
381.332830429 1.434089 -5.321271 0.326029 0.021220 0.039661 0.691745 0.720740
381.489598036 1.436787 -5.315379 0.324729 0.019610 0.037545 0.693526 0.719186
381.547816038 1.438617 -5.309185 0.324500 0.018884 0.036149 0.694984 0.717868
381.708022118 1.439739 -5.302553 0.324870 0.019156 0.035847 0.695917 0.716971
381.771718740 1.440815 -5.295908 0.324902 0.019530 0.035882 0.696642 0.716255
381.930344582 1.441860 -5.289282 0.324761 0.020286 0.036432 0.697141 0.715721
381.990200281 1.443171 -5.282434 0.325223 0.020733 0.036590 0.697543 0.715307
382.145539522 1.444490 -5.275428 0.325724 0.021144 0.036628 0.697682 0.715158
382.203927994 1.445992 -5.268508 0.325659 0.021214 0.036451 0.697517 0.715326
382.359585524 1.447691 -5.261671 0.324831 0.020806 0.035895 0.697208 0.715667
382.416941404 1.449591 -5.255099 0.323122 0.019755 0.034830 0.696901 0.716049
382.577037811 1.451081 -5.248398 0.321576 0.019386 0.034474 0.696380 0.716582
382.631912470 1.452527 -5.241352 0.321442 0.018741 0.033724 0.696007 0.716998
382.784394979 1.453818 -5.233266 0.321371 0.018150 0.032956 0.695723 0.717324
382.837254524 1.454947 -5.225088 0.321535 0.017259 0.031757 0.695820 0.717307
382.989615440 1.455961 -5.216978 0.321180 0.016267 0.030451 0.696027 0.717185
383.041883230 1.456857 -5.209071 0.320682 0.015283 0.029277 0.696404 0.716889
383.191183329 1.457574 -5.201356 0.319898 0.014555 0.028447 0.696920 0.716437
383.245239258 1.458032 -5.193617 0.319175 0.014351 0.028148 0.697572 0.715818
383.395260096 1.458460 -5.185505 0.319361 0.014541 0.028213 0.698335 0.715067
383.445698977 1.458870 -5.177398 0.319696 0.014804 0.028600 0.699112 0.714286
383.594991207 1.459263 -5.169509 0.319656 0.015171 0.029434 0.699858 0.713514
383.645902157 1.459573 -5.161810 0.319511 0.015922 0.030997 0.700608 0.712695
383.795403481 1.460158 -5.154169 0.319452 0.016236 0.032333 0.701540 0.711711
383.848711252 1.460863 -5.146495 0.320328 0.016244 0.033416 0.702517 0.710697
384.005146980 1.461408 -5.138913 0.320523 0.016790 0.035052 0.703413 0.709718
384.062342644 1.462093 -5.131775 0.320129 0.017156 0.036327 0.704479 0.708587
384.221160412 1.462800 -5.124464 0.319648 0.017465 0.037481 0.705653 0.707350
384.276584148 1.463781 -5.116887 0.319470 0.016777 0.037550 0.707095 0.705921
384.432873011 1.464636 -5.109751 0.318796 0.015959 0.037330 0.708497 0.704545
384.490910530 1.465198 -5.102455 0.317796 0.015418 0.037307 0.709725 0.703322
384.649505377 1.465792 -5.095189 0.316184 0.014470 0.036755 0.710902 0.702181
384.703409910 1.465933 -5.087831 0.315275 0.013958 0.036743 0.711617 0.701468
384.854439259 1.465961 -5.079903 0.314456 0.013507 0.036798 0.712279 0.700801
384.907955408 1.465841 -5.072068 0.313402 0.013441 0.037303 0.712621 0.700428
385.063860416 1.465726 -5.064457 0.312595 0.013935 0.038363 0.711917 0.701076
385.121508837 1.465762 -5.057836 0.312504 0.014366 0.039354 0.710087 0.702867
385.284636974 1.465809 -5.051715 0.312679 0.014785 0.040156 0.707548 0.705368
385.343297482 1.465948 -5.046121 0.312573 0.014669 0.040306 0.704868 0.708041
385.503511429 1.466471 -5.040624 0.312499 0.013238 0.038577 0.702992 0.710027
385.560786486 1.467057 -5.034542 0.313106 0.011701 0.035670 0.701627 0.711555
385.720012188 1.467490 -5.028019 0.314479 0.010461 0.032713 0.700210 0.713110
385.776210546 1.467854 -5.021363 0.315948 0.009555 0.029699 0.698761 0.714675
385.933202744 1.468067 -5.014738 0.316564 0.009379 0.027162 0.697202 0.716298
385.991695404 1.468499 -5.007914 0.316981 0.009072 0.024061 0.695898 0.717680
386.149236202 1.468839 -5.000943 0.317103 0.009371 0.021343 0.694597 0.719021
386.207925320 1.469056 -4.993857 0.317480 0.010724 0.019550 0.693530 0.720082
386.362367868 1.469310 -4.986880 0.317284 0.012890 0.018505 0.692710 0.720863
386.419355392 1.469855 -4.979803 0.316792 0.015352 0.017347 0.692223 0.721312
386.573466063 1.470701 -4.972543 0.316071 0.017823 0.015930 0.692037 0.721466
386.624133348 1.471638 -4.965108 0.316389 0.019959 0.014295 0.691996 0.721483
386.772995710 1.472715 -4.957375 0.316650 0.021917 0.012593 0.691720 0.721723
386.830894709 1.473915 -4.950303 0.316586 0.023308 0.010807 0.691283 0.722127
386.982427359 1.475468 -4.943168 0.317012 0.023669 0.008263 0.690720 0.722688
387.037886858 1.476757 -4.936206 0.317984 0.023871 0.006094 0.689750 0.723628
387.175459385 1.478091 -4.928488 0.319176 0.023816 0.003998 0.688485 0.724849
387.229487181 1.479279 -4.921254 0.319546 0.023880 0.002556 0.687134 0.726133
387.369435787 1.480793 -4.913619 0.319265 0.023260 0.000818 0.685806 0.727412
387.419417381 1.482295 -4.906128 0.318124 0.022334 -0.000808 0.684542 0.728631
387.558408499 1.483669 -4.898515 0.316849 0.021556 -0.001764 0.683014 0.730085
387.608810425 1.485054 -4.890797 0.315006 0.020990 -0.002047 0.681321 0.731681
387.748812914 1.486589 -4.882861 0.312613 0.020598 -0.001737 0.679652 0.733243
387.801157475 1.488784 -4.874970 0.310684 0.018788 -0.002089 0.678041 0.734781
387.940727949 1.491346 -4.867366 0.309667 0.015452 -0.003179 0.676408 0.736358
387.990802526 1.493696 -4.860027 0.308965 0.012128 -0.003697 0.674602 0.738073
388.133345842 1.496387 -4.853002 0.308563 0.007538 -0.004954 0.672798 0.739771
388.186856270 1.499044 -4.846354 0.308729 0.002212 -0.006748 0.671065 0.741364
388.336502790 1.500333 -4.839095 0.309397 -0.000267 -0.006147 0.669286 0.742980
388.396191597 1.501279 -4.831882 0.309457 -0.001239 -0.004616 0.667901 0.744234
388.551223040 1.502444 -4.824604 0.309112 -0.001615 -0.002694 0.666942 0.745103
388.604762077 1.503752 -4.817423 0.309036 -0.001528 -0.001088 0.666349 0.745637
388.756814957 1.505318 -4.809402 0.309244 -0.000595 0.000275 0.665830 0.746103
388.811861515 1.507060 -4.801313 0.309908 0.000838 0.000891 0.665637 0.746275
388.959284306 1.509013 -4.793219 0.310154 0.002360 0.001006 0.665936 0.746004
389.015059948 1.511001 -4.785328 0.309991 0.004098 0.001281 0.666459 0.745529
389.164183855 1.513276 -4.777872 0.309230 0.005255 0.001254 0.666966 0.745069
389.219899416 1.515770 -4.770664 0.308977 0.005519 0.000765 0.667310 0.744759
389.369644642 1.518501 -4.763525 0.309237 0.004701 -0.000363 0.667417 0.744669
389.429521799 1.520612 -4.756680 0.309384 0.004804 -0.000526 0.667158 0.744901
389.582040787 1.522509 -4.749670 0.309330 0.005727 0.000097 0.666808 0.745207
389.641057730 1.524347 -4.742733 0.309250 0.007446 0.001703 0.666554 0.745417
389.789137363 1.526506 -4.735917 0.309195 0.009038 0.003521 0.666302 0.745619
389.848603964 1.529398 -4.729273 0.309239 0.008741 0.004040 0.666103 0.745798
389.996070147 1.532528 -4.723111 0.308715 0.007244 0.003638 0.666054 0.745860
390.054930687 1.535469 -4.717515 0.308060 0.005042 0.003077 0.666652 0.745346
390.204483986 1.537596 -4.712259 0.307342 0.003279 0.003259 0.667876 0.744258
390.263628244 1.538763 -4.707461 0.306044 0.002358 0.004536 0.669291 0.742982
390.414361715 1.539572 -4.702518 0.304848 0.001379 0.005741 0.671214 0.741240
390.474627972 1.540522 -4.696901 0.304662 -0.000740 0.005680 0.674178 0.738547
390.622171879 1.541506 -4.691223 0.304844 -0.003268 0.004984 0.677597 0.735409
390.679403543 1.542312 -4.685197 0.304534 -0.004960 0.004707 0.681402 0.731878
390.834370613 1.543305 -4.679422 0.303840 -0.005632 0.004650 0.684906 0.728595
390.890063763 1.544654 -4.673258 0.303273 -0.006125 0.004078 0.688990 0.724734
391.036322117 1.545847 -4.666427 0.302401 -0.005962 0.003900 0.693737 0.720193
391.090512037 1.546661 -4.659760 0.300999 -0.005431 0.004202 0.698457 0.715619
391.243487597 1.547055 -4.652647 0.299262 -0.004163 0.005123 0.702365 0.711786
391.299646616 1.546947 -4.645633 0.298272 -0.002792 0.005818 0.704770 0.709407
391.454492092 1.546677 -4.637922 0.297155 -0.001554 0.006552 0.706859 0.707322
391.513522148 1.546629 -4.630600 0.296795 -0.001336 0.006578 0.708450 0.705729
391.667645216 1.546356 -4.623424 0.296272 -0.000743 0.007145 0.709646 0.704522
391.727122545 1.545903 -4.616302 0.295561 0.000801 0.008728 0.710359 0.703785
391.884829760 1.545793 -4.609327 0.294895 0.002041 0.010246 0.710821 0.703296
391.945489883 1.546012 -4.602343 0.295386 0.002797 0.011612 0.710904 0.703188
392.099998474 1.546411 -4.595387 0.296113 0.003093 0.012601 0.710800 0.703274
392.157565117 1.547163 -4.588516 0.297301 0.002096 0.012698 0.710700 0.703377
392.311482430 1.548263 -4.582142 0.298529 -0.000647 0.011475 0.710918 0.703181
392.368016481 1.549376 -4.576286 0.300867 -0.004965 0.008940 0.711990 0.702115
392.518450499 1.549768 -4.570744 0.303684 -0.009567 0.006394 0.713974 0.700078
392.571829557 1.549699 -4.565962 0.304718 -0.013856 0.004336 0.716037 0.697911
392.726862669 1.548352 -4.560926 0.304440 -0.015078 0.005185 0.717096 0.696792
392.784525871 1.545855 -4.555742 0.302763 -0.012782 0.009120 0.717503 0.696378
392.941472054 1.544145 -4.550523 0.300920 -0.010358 0.013089 0.717938 0.695907
393.000677824 1.543761 -4.544518 0.300195 -0.009612 0.015384 0.718949 0.694826
393.157663822 1.544057 -4.537780 0.300520 -0.011030 0.015852 0.720767 0.692908
393.216228724 1.544595 -4.531182 0.301061 -0.014087 0.014805 0.723246 0.690288
393.371475935 1.544953 -4.524718 0.302002 -0.017383 0.013606 0.726379 0.686939
393.431790352 1.545247 -4.518739 0.302419 -0.019735 0.013154 0.729032 0.684068
393.590060234 1.544802 -4.512616 0.301872 -0.020147 0.014559 0.730821 0.682116
393.648365974 1.543773 -4.506268 0.300961 -0.018755 0.017349 0.732115 0.680702
393.809339523 1.542834 -4.499650 0.299986 -0.016697 0.020792 0.733187 0.679504
393.867461681 1.542347 -4.492916 0.298953 -0.015375 0.023717 0.734473 0.678049
394.026297092 1.542028 -4.485910 0.298264 -0.014520 0.026347 0.735769 0.676564
394.082635880 1.541897 -4.478548 0.297887 -0.014395 0.028201 0.736886 0.675275
394.241662979 1.541572 -4.471099 0.296947 -0.013722 0.030487 0.737497 0.674522
394.292720318 1.541531 -4.463522 0.295518 -0.013434 0.032269 0.737873 0.674033
394.448277235 1.541882 -4.455513 0.295282 -0.015056 0.032215 0.738321 0.673511
394.499425411 1.541846 -4.447296 0.295624 -0.017558 0.031544 0.738684 0.673084
394.661970377 1.541452 -4.439039 0.295768 -0.020373 0.030712 0.738793 0.672924
394.712240458 1.541082 -4.430865 0.295000 -0.023935 0.029137 0.738885 0.672775
394.871460438 1.540436 -4.422905 0.293499 -0.027356 0.027824 0.739014 0.672559
394.925714016 1.538959 -4.414905 0.292801 -0.029188 0.028570 0.739116 0.672339
395.084068298 1.537418 -4.406490 0.293060 -0.029928 0.030534 0.739246 0.672077
395.134406805 1.535720 -4.398555 0.293140 -0.029548 0.033960 0.738825 0.672393
395.296705484 1.534123 -4.390975 0.293210 -0.028286 0.038384 0.737434 0.673734
395.348180771 1.532817 -4.384147 0.292831 -0.026540 0.043309 0.735421 0.675704
395.512022495 1.532454 -4.377329 0.291732 -0.025588 0.047728 0.732817 0.678267
395.568915844 1.533239 -4.370710 0.290679 -0.026057 0.050800 0.729570 0.681519
395.735507488 1.534710 -4.364294 0.289204 -0.027234 0.052939 0.725882 0.685238
395.788465023 1.536632 -4.357945 0.287305 -0.029273 0.053989 0.721942 0.689223
395.953046799 1.538065 -4.351265 0.285876 -0.030712 0.055313 0.717358 0.693826
396.004103661 1.539417 -4.344359 0.284669 -0.032099 0.056669 0.712385 0.698760
396.171640158 1.540267 -4.337138 0.283013 -0.033005 0.058181 0.708129 0.702908
396.222721100 1.541359 -4.328808 0.282102 -0.034739 0.057959 0.705709 0.705272
396.387881279 1.542160 -4.319947 0.280518 -0.036632 0.057228 0.704443 0.706501
396.439757347 1.542366 -4.310567 0.278375 -0.038138 0.056677 0.703979 0.706928
396.609566450 1.542474 -4.300951 0.276011 -0.040109 0.055811 0.703831 0.707035
396.660686970 1.542604 -4.291381 0.273496 -0.042637 0.054586 0.703699 0.707114
396.830697775 1.542344 -4.281703 0.271815 -0.044469 0.054368 0.703483 0.707233
396.880119085 1.541505 -4.271600 0.270765 -0.044246 0.055908 0.703068 0.707540
397.046099901 1.541092 -4.262062 0.269292 -0.043918 0.057299 0.702610 0.707904
397.097189426 1.541035 -4.252516 0.267248 -0.043519 0.058720 0.702082 0.708335
397.266702175 1.541068 -4.243023 0.265556 -0.042508 0.060680 0.701146 0.709158
397.318332672 1.541210 -4.233501 0.264210 -0.041088 0.063023 0.699654 0.710509
397.490443468 1.541771 -4.224126 0.262899 -0.039993 0.065066 0.697617 0.712389
397.542911291 1.542442 -4.214666 0.261467 -0.038606 0.067138 0.694961 0.714864
397.711404562 1.543696 -4.205327 0.259769 -0.038080 0.068356 0.691932 0.717710
397.763523817 1.544907 -4.195873 0.258345 -0.037029 0.070086 0.688307 0.721076
397.931345224 1.546820 -4.186572 0.256625 -0.037135 0.070832 0.684328 0.724775
397.983502388 1.549434 -4.177744 0.254612 -0.038745 0.070538 0.680036 0.728749
398.154146433 1.551857 -4.169039 0.253062 -0.040066 0.070654 0.676013 0.732400
398.206791878 1.554635 -4.160058 0.251891 -0.042231 0.069363 0.673272 0.734921
398.374952793 1.556906 -4.150974 0.250424 -0.044056 0.068530 0.671220 0.736767
398.429642200 1.558597 -4.141688 0.248650 -0.045020 0.068793 0.669669 0.738095
398.604690790 1.560085 -4.132133 0.246627 -0.045402 0.069651 0.668823 0.738758
398.655111313 1.561495 -4.123094 0.244209 -0.045753 0.070355 0.668498 0.738963
398.828126669 1.563136 -4.112976 0.241594 -0.046374 0.070852 0.668200 0.739147
398.883162260 1.564515 -4.103225 0.240157 -0.046919 0.071382 0.667558 0.739642
399.056034327 1.565797 -4.093528 0.238709 -0.046889 0.072161 0.666230 0.740765
399.109405994 1.566993 -4.083553 0.238215 -0.045797 0.073856 0.663676 0.742955
399.289418697 1.569024 -4.074113 0.237461 -0.046240 0.073974 0.660638 0.745619
399.346813202 1.571075 -4.064768 0.236925 -0.046501 0.074116 0.656875 0.748906
399.521025181 1.573113 -4.055496 0.236935 -0.046323 0.074528 0.652451 0.752734
399.576128483 1.575826 -4.047028 0.235371 -0.047775 0.073285 0.648031 0.756573
399.747434855 1.578224 -4.038779 0.234048 -0.049088 0.072076 0.643385 0.760559
399.800643206 1.580001 -4.030439 0.233197 -0.049400 0.071631 0.639534 0.763822
399.972420692 1.582010 -4.021614 0.232621 -0.050125 0.069895 0.637763 0.765415
400.026177883 1.583614 -4.012120 0.231624 -0.050329 0.067978 0.637444 0.765840
400.195638418 1.585023 -4.002956 0.230156 -0.050139 0.066172 0.637483 0.765978
400.250407457 1.586570 -3.992948 0.228152 -0.049525 0.064389 0.637529 0.766132
400.423991203 1.588376 -3.983299 0.226288 -0.048088 0.063635 0.637503 0.766308
400.478831053 1.590601 -3.974091 0.224517 -0.047108 0.062911 0.637217 0.766667
400.652618885 1.593165 -3.965183 0.222880 -0.047256 0.061411 0.636574 0.767313
400.707660913 1.595827 -3.956503 0.221406 -0.048179 0.059128 0.635833 0.768049
400.880931377 1.598106 -3.947811 0.221139 -0.048709 0.056870 0.635433 0.768517
400.932640553 1.599390 -3.938819 0.221417 -0.046561 0.056622 0.634903 0.769107
401.103230000 1.600488 -3.930187 0.220942 -0.043358 0.057463 0.633837 0.770110
401.157293558 1.602188 -3.922271 0.219739 -0.041013 0.057992 0.632459 0.771330
401.328506708 1.604678 -3.914493 0.219882 -0.039423 0.058537 0.630973 0.772588
401.382662773 1.607937 -3.906297 0.219946 -0.038983 0.058187 0.629950 0.773471
401.556906700 1.611212 -3.897759 0.219544 -0.038688 0.057832 0.629284 0.774055
401.609749317 1.614153 -3.888990 0.218147 -0.037909 0.057891 0.628857 0.774435
401.778764009 1.616750 -3.879900 0.215958 -0.036737 0.058197 0.628650 0.774637
401.827852011 1.619007 -3.870997 0.213920 -0.035868 0.058068 0.628796 0.774569
401.994159222 1.621376 -3.860609 0.211887 -0.035008 0.057523 0.628980 0.774500
402.047121286 1.623468 -3.851259 0.210148 -0.033762 0.057381 0.628839 0.774680
402.216313839 1.625957 -3.841981 0.208511 -0.032597 0.057115 0.628205 0.775263
402.271566153 1.628504 -3.832552 0.208020 -0.030832 0.057565 0.626286 0.776853
402.438353539 1.631608 -3.823694 0.206700 -0.029869 0.057542 0.623818 0.778876
402.492219925 1.635005 -3.815283 0.205027 -0.029291 0.057175 0.621637 0.780667
402.662974358 1.638216 -3.806431 0.203863 -0.028068 0.056617 0.620600 0.781577
402.718852282 1.641412 -3.797452 0.202446 -0.027057 0.055721 0.620016 0.782140
402.886514902 1.644572 -3.788399 0.200706 -0.026396 0.054611 0.619510 0.782642
402.941832542 1.647598 -3.779266 0.198674 -0.026135 0.053301 0.619004 0.783141
403.107258558 1.650771 -3.770962 0.195554 -0.027053 0.050995 0.618921 0.783329
403.160263062 1.653987 -3.761696 0.191625 -0.028090 0.048096 0.619354 0.783134
403.334038734 1.656552 -3.752898 0.188964 -0.027958 0.046048 0.620313 0.782502
403.392696619 1.659552 -3.743963 0.188756 -0.028433 0.043692 0.621978 0.781297
403.559099436 1.662375 -3.735389 0.189215 -0.028230 0.042065 0.624192 0.779627
403.610753059 1.666213 -3.727362 0.189974 -0.030117 0.038976 0.627500 0.777057
403.772386074 1.669943 -3.719808 0.189259 -0.032056 0.035976 0.631389 0.773968
403.825606346 1.672830 -3.712289 0.189186 -0.032048 0.034814 0.635304 0.770811
403.989042044 1.675428 -3.704998 0.188776 -0.030320 0.034661 0.638557 0.768195
404.042303562 1.677537 -3.697693 0.188407 -0.026341 0.035445 0.640976 0.766289
404.205715418 1.679709 -3.690486 0.187359 -0.022451 0.036033 0.642840 0.764823
404.260611057 1.681437 -3.682779 0.186548 -0.016614 0.037995 0.643907 0.763979
404.424100399 1.683719 -3.674957 0.185807 -0.010092 0.040188 0.644472 0.763504
404.478915930 1.687193 -3.667123 0.186141 -0.006150 0.039973 0.644804 0.763277
404.638765097 1.691439 -3.659791 0.187069 -0.004882 0.037669 0.645067 0.763181
404.693406105 1.695701 -3.652739 0.188249 -0.004823 0.034489 0.645208 0.763213
404.853912830 1.699664 -3.645865 0.188959 -0.005144 0.031032 0.645276 0.763301
404.909891367 1.703362 -3.639068 0.189241 -0.006375 0.026995 0.645214 0.763499
405.066209078 1.706107 -3.631994 0.189156 -0.007021 0.023549 0.644879 0.763890
405.120636940 1.708105 -3.624478 0.188912 -0.006984 0.020888 0.644291 0.764463
405.279563665 1.709845 -3.616638 0.188621 -0.006536 0.018858 0.643431 0.765244
405.332883835 1.712007 -3.608631 0.188952 -0.007171 0.016113 0.642643 0.765963
405.489520550 1.714156 -3.600718 0.189371 -0.008330 0.012962 0.641913 0.766623
405.541891336 1.715742 -3.592874 0.188689 -0.008048 0.010785 0.641132 0.767312
405.695235014 1.717629 -3.584910 0.188011 -0.008346 0.008082 0.640506 0.767866
405.748479605 1.719455 -3.576979 0.186756 -0.008658 0.005423 0.639861 0.768423
405.903497219 1.721312 -3.568990 0.185628 -0.009437 0.002659 0.639293 0.768901
405.956089020 1.723022 -3.561037 0.185142 -0.010557 0.000253 0.638766 0.769329
406.104653597 1.724664 -3.552861 0.185774 -0.012099 -0.001788 0.638440 0.769574
406.156413794 1.726257 -3.544482 0.186184 -0.014099 -0.003798 0.638196 0.769736
406.307992220 1.727760 -3.535986 0.185779 -0.016100 -0.005596 0.637860 0.769964
406.359065294 1.729295 -3.527226 0.184674 -0.018018 -0.007307 0.637556 0.770158
406.507745981 1.730641 -3.518030 0.183304 -0.019236 -0.008555 0.637361 0.770278
406.558056355 1.732069 -3.508642 0.181553 -0.019035 -0.008796 0.637105 0.770492
406.706278801 1.733875 -3.499381 0.179566 -0.018719 -0.008644 0.637152 0.770462
406.756478786 1.734578 -3.490398 0.178739 -0.015139 -0.004869 0.637567 0.770231
406.908147335 1.735340 -3.482005 0.177476 -0.010557 0.000337 0.638219 0.769783
406.958827734 1.737484 -3.473966 0.176301 -0.008311 0.004137 0.639341 0.768867
407.110466719 1.739685 -3.465850 0.175289 -0.005686 0.008739 0.640315 0.768042
407.163212538 1.742439 -3.457562 0.175063 -0.003842 0.013266 0.641506 0.766993
407.316252708 1.745229 -3.449282 0.174831 -0.002243 0.018142 0.642743 0.765863
407.367961407 1.748397 -3.441275 0.173420 -0.001700 0.022450 0.644033 0.764666
407.524832010 1.751695 -3.433349 0.171296 -0.001898 0.026366 0.645180 0.763574
407.579024792 1.755358 -3.425303 0.169565 -0.003280 0.029210 0.646303 0.762515
407.736821651 1.759940 -3.417285 0.168767 -0.007714 0.029221 0.647988 0.761051
407.790689230 1.764281 -3.409402 0.167617 -0.012769 0.028458 0.650016 0.759280
407.948579788 1.767827 -3.401413 0.166008 -0.017458 0.027620 0.652252 0.757297
408.003618956 1.770228 -3.392971 0.164420 -0.021182 0.027068 0.654492 0.755287
408.164532900 1.771833 -3.384071 0.163340 -0.023317 0.027304 0.656011 0.753897
408.219084740 1.773500 -3.375008 0.163274 -0.024772 0.027264 0.657104 0.752899
408.382930517 1.774997 -3.366068 0.163406 -0.025389 0.027455 0.657993 0.752095
408.436771154 1.776670 -3.357131 0.163588 -0.025928 0.026906 0.658907 0.751296
408.597671747 1.778253 -3.348225 0.163441 -0.026380 0.025818 0.659965 0.750389
408.651528597 1.779673 -3.339387 0.162866 -0.026294 0.024694 0.661153 0.749384
408.866451979 1.780835 -3.330699 0.161908 -0.024952 0.023956 0.662399 0.748352
408.919133902 1.782030 -3.322263 0.160533 -0.022811 0.023341 0.663562 0.747409
409.075303555 1.783393 -3.314090 0.158708 -0.020262 0.022851 0.664748 0.746443
409.129430771 1.784802 -3.306179 0.156873 -0.016845 0.023063 0.665813 0.745571
409.289892197 1.786446 -3.298772 0.154908 -0.013259 0.023182 0.666447 0.745074
409.350604057 1.787883 -3.291891 0.154789 -0.009042 0.024217 0.666414 0.745134
409.512713194 1.789297 -3.285329 0.156492 -0.003844 0.026711 0.665658 0.745769
409.570370913 1.791382 -3.279649 0.158331 0.000118 0.028671 0.664340 0.746881
409.728594542 1.794320 -3.274974 0.158905 0.001975 0.029201 0.662557 0.748440
409.784092665 1.798016 -3.271393 0.158133 0.001344 0.027985 0.660368 0.750419
409.938824892 1.802143 -3.268402 0.156670 -0.001183 0.025381 0.657734 0.752822
409.996810198 1.805171 -3.264738 0.156914 -0.001904 0.024739 0.653927 0.756150
410.148972034 1.807630 -3.260530 0.158246 -0.000863 0.025797 0.649799 0.759668
410.201196432 1.810577 -3.255906 0.159655 0.000058 0.027061 0.645517 0.763266
410.358318329 1.814078 -3.251499 0.159840 -0.000552 0.027111 0.641984 0.766238
410.414433002 1.818135 -3.247489 0.157972 -0.002415 0.025811 0.638703 0.769017
410.570923567 1.821919 -3.242924 0.157544 -0.004928 0.023979 0.635443 0.771760
410.626971960 1.825707 -3.236840 0.158477 -0.008024 0.021445 0.632222 0.774449
410.783077717 1.828389 -3.231161 0.157590 -0.009096 0.020598 0.629051 0.777038
410.841999769 1.830997 -3.225037 0.156503 -0.009522 0.020240 0.626027 0.779481
411.000038862 1.833397 -3.218239 0.157167 -0.009332 0.020415 0.622970 0.781924
411.056932926 1.835955 -3.211368 0.157598 -0.007803 0.021900 0.618997 0.785049
411.212238550 1.838833 -3.205093 0.158267 -0.006090 0.023920 0.614484 0.788543
411.261230230 1.842482 -3.199055 0.159128 -0.004476 0.026332 0.609594 0.792263
411.414735079 1.847221 -3.193155 0.159092 -0.005722 0.026754 0.605506 0.795370
411.466314793 1.852115 -3.186530 0.158848 -0.008376 0.025513 0.602791 0.797447
411.621978045 1.856332 -3.179342 0.158303 -0.010953 0.024118 0.601167 0.798684
411.672923088 1.859516 -3.171799 0.156654 -0.011428 0.024464 0.599390 0.800002
411.827009916 1.862866 -3.164270 0.153938 -0.010685 0.026051 0.597247 0.801563
411.879910231 1.867075 -3.156356 0.152204 -0.011024 0.027271 0.594998 0.803189
412.035015106 1.872005 -3.148107 0.151893 -0.014479 0.026339 0.593302 0.804419
412.087870836 1.876272 -3.139791 0.150838 -0.017616 0.025761 0.591754 0.805514
412.248528242 1.880099 -3.131238 0.149529 -0.020783 0.025187 0.590448 0.806415
412.300183296 1.883452 -3.122542 0.147777 -0.023462 0.024970 0.589313 0.807178
412.459469318 1.886196 -3.113469 0.146120 -0.024284 0.025871 0.588294 0.807868
412.512982607 1.889236 -3.104401 0.144367 -0.024984 0.026491 0.587558 0.808362
412.676537991 1.892670 -3.095392 0.143009 -0.026528 0.026182 0.587075 0.808674
412.729636431 1.895826 -3.086269 0.142140 -0.027454 0.025831 0.586578 0.809015
412.891196489 1.898898 -3.077197 0.140828 -0.027809 0.025525 0.586188 0.809295
412.942998648 1.901936 -3.068238 0.139105 -0.027807 0.025320 0.585935 0.809485
413.102228642 1.904903 -3.059304 0.137536 -0.026709 0.025621 0.585694 0.809687
413.153666019 1.907997 -3.050634 0.136165 -0.024800 0.026343 0.585305 0.810006
413.315817833 1.911447 -3.042469 0.134577 -0.023147 0.026973 0.584806 0.810394
413.365762949 1.915759 -3.034746 0.133839 -0.023595 0.026072 0.584271 0.810797
413.529000282 1.920322 -3.027131 0.134818 -0.025432 0.023943 0.583670 0.811239
413.580641985 1.924613 -3.019653 0.136002 -0.027656 0.021484 0.582956 0.811748
413.739352703 1.928431 -3.012323 0.136327 -0.029463 0.019347 0.582166 0.812306
413.790907621 1.931425 -3.005165 0.134957 -0.029094 0.018687 0.581277 0.812970
413.954539299 1.934387 -2.997881 0.134568 -0.027631 0.018923 0.580446 0.813610
414.006657362 1.938190 -2.990491 0.136452 -0.027966 0.017969 0.579833 0.814057
414.164375305 1.942079 -2.983120 0.138476 -0.028919 0.016490 0.579311 0.814427
414.216413498 1.945977 -2.975930 0.139655 -0.030336 0.014707 0.578826 0.814754
414.373541117 1.949692 -2.968827 0.139947 -0.031829 0.012974 0.578405 0.815025
414.424914598 1.952846 -2.961866 0.138967 -0.031956 0.012386 0.577936 0.815362
414.581372023 1.955877 -2.954805 0.138717 -0.031356 0.012832 0.577560 0.815645
414.633361816 1.959191 -2.947649 0.139820 -0.031123 0.013625 0.577379 0.815769
414.790561676 1.962774 -2.940642 0.140531 -0.031541 0.014317 0.577495 0.815659
414.841989756 1.966427 -2.933458 0.140602 -0.032070 0.014968 0.577689 0.815490
415.000416756 1.970020 -2.925932 0.140134 -0.032269 0.015852 0.577983 0.815256
415.050530195 1.973509 -2.918346 0.138932 -0.032263 0.017185 0.578388 0.814942
415.205757141 1.976800 -2.910902 0.137251 -0.031673 0.019418 0.578569 0.814787
415.256886005 1.980278 -2.903585 0.135692 -0.030952 0.022254 0.578501 0.814790
415.415521383 1.984440 -2.896443 0.134294 -0.031686 0.024478 0.578437 0.814744
415.465812445 1.988521 -2.889163 0.132800 -0.032291 0.026896 0.578236 0.814787
415.625379801 1.992413 -2.881817 0.130791 -0.032088 0.030072 0.578106 0.814776
415.676556349 1.996370 -2.874577 0.128288 -0.031840 0.033692 0.578148 0.814614
415.840379000 2.000613 -2.867477 0.125990 -0.031957 0.037335 0.578123 0.814468
415.892225742 2.005877 -2.860475 0.125128 -0.034396 0.039077 0.578281 0.814175
416.056546926 2.011572 -2.853488 0.124500 -0.038087 0.039137 0.579156 0.813385
416.108444214 2.016231 -2.845901 0.124166 -0.039375 0.040160 0.580514 0.812305
416.274936676 2.020263 -2.838099 0.123696 -0.039082 0.041939 0.581910 0.811230
416.327588558 2.024284 -2.830064 0.123683 -0.037779 0.043551 0.582752 0.810602
416.495828867 2.028936 -2.822104 0.124071 -0.037387 0.043292 0.583502 0.810095
416.548592329 2.033766 -2.814309 0.124286 -0.037551 0.041612 0.584519 0.809442
416.714879990 2.038638 -2.806828 0.123431 -0.038343 0.038848 0.585995 0.808474
416.767904520 2.042904 -2.799202 0.122184 -0.038339 0.036106 0.587663 0.807390
416.935025215 2.046386 -2.791497 0.120823 -0.037302 0.034045 0.589464 0.806214
416.986708879 2.049199 -2.783421 0.119968 -0.034525 0.033357 0.590504 0.805606
417.153754234 2.052199 -2.775102 0.119314 -0.031391 0.033063 0.590916 0.805444
417.205764771 2.055580 -2.766621 0.118280 -0.028745 0.032582 0.591071 0.805449
417.370973587 2.059226 -2.757908 0.117204 -0.027179 0.031507 0.590942 0.805640
417.425555468 2.062775 -2.749144 0.115874 -0.026214 0.030160 0.590549 0.806012
417.588656187 2.066122 -2.740406 0.114035 -0.025302 0.028818 0.589967 0.806516
417.642315149 2.069246 -2.731833 0.111870 -0.024153 0.027506 0.589592 0.806871
417.807616711 2.072311 -2.723300 0.110421 -0.022960 0.026013 0.589624 0.806932
417.860156298 2.075399 -2.714876 0.109792 -0.021956 0.024482 0.589846 0.806846
418.023763657 2.078422 -2.706606 0.109845 -0.020798 0.023565 0.589941 0.806834
418.075881004 2.081642 -2.698612 0.110113 -0.020042 0.022957 0.589835 0.806948
418.240561008 2.084985 -2.690932 0.109562 -0.019548 0.022613 0.589574 0.807161
418.291462421 2.088338 -2.683437 0.108243 -0.018961 0.022865 0.589126 0.807495
418.452070713 2.092017 -2.676139 0.106333 -0.019127 0.022968 0.588616 0.807860
418.504774332 2.096060 -2.668998 0.104952 -0.020313 0.022336 0.588270 0.808101
418.663125277 2.099911 -2.661663 0.105115 -0.021513 0.021972 0.588004 0.808273
418.713745117 2.103216 -2.653812 0.105938 -0.021386 0.022783 0.587559 0.808578
418.872488737 2.106627 -2.645620 0.106057 -0.020981 0.023587 0.587294 0.808758
418.922583818 2.110290 -2.637328 0.105465 -0.021055 0.024038 0.587082 0.808897
419.081215620 2.113997 -2.628957 0.104396 -0.021247 0.024487 0.586515 0.809289
419.132565737 2.117965 -2.620493 0.103472 -0.022472 0.024101 0.585847 0.809752
419.296629190 2.122064 -2.612039 0.102682 -0.024883 0.022832 0.585202 0.810184
419.350426912 2.125824 -2.603615 0.101694 -0.027218 0.021731 0.584540 0.810617
419.512976408 2.129061 -2.595075 0.100725 -0.028394 0.021459 0.584135 0.810876
419.567174196 2.132123 -2.586434 0.099751 -0.028686 0.021933 0.583956 0.810982
419.728397131 2.134999 -2.577794 0.098383 -0.027668 0.023570 0.583783 0.811095
419.779892683 2.138142 -2.569274 0.096726 -0.026046 0.025871 0.583729 0.811119
419.949317217 2.141704 -2.560935 0.094894 -0.024448 0.028425 0.583811 0.811023
420.003699541 2.146342 -2.553042 0.093078 -0.025048 0.029461 0.584202 0.810687
420.171940804 2.151649 -2.545330 0.092319 -0.027586 0.029125 0.584870 0.810135
420.225537777 2.156111 -2.537244 0.091880 -0.028709 0.029770 0.585521 0.809602
420.389692545 2.159635 -2.528292 0.092190 -0.027324 0.032290 0.585677 0.809440
420.443184376 2.163494 -2.519167 0.091787 -0.025800 0.034792 0.585627 0.809422
420.605129957 2.167317 -2.510495 0.090895 -0.024675 0.036794 0.585244 0.809646
420.652627945 2.171784 -2.501466 0.089898 -0.024932 0.037863 0.584718 0.809969
420.818094015 2.176206 -2.492121 0.088377 -0.025424 0.039070 0.583669 0.810652
420.870677233 2.180614 -2.483568 0.086804 -0.027244 0.039476 0.582320 0.811543
421.050829649 2.185252 -2.475274 0.085567 -0.030749 0.038904 0.580882 0.812476
421.104117632 2.189543 -2.466942 0.084090 -0.034382 0.038266 0.579565 0.813300
421.274464130 2.193275 -2.458371 0.081857 -0.037114 0.038018 0.578800 0.813737
421.328077316 2.196539 -2.449598 0.079269 -0.038473 0.038509 0.578264 0.814032
421.499496937 2.199634 -2.440760 0.077965 -0.038676 0.039544 0.577725 0.814355
421.552411795 2.202809 -2.432228 0.078595 -0.038058 0.040983 0.577090 0.814763
421.722391367 2.206446 -2.424169 0.080342 -0.038029 0.041842 0.576455 0.815170
421.775125027 2.210234 -2.416548 0.081569 -0.038215 0.042416 0.575872 0.815544
421.947707176 2.213924 -2.409039 0.082369 -0.037828 0.043093 0.575372 0.815880
422.000082493 2.217950 -2.401902 0.082168 -0.038137 0.043190 0.575034 0.816098
422.169742107 2.221806 -2.394934 0.081348 -0.037954 0.043460 0.574790 0.816264
422.221570492 2.225646 -2.388127 0.080952 -0.037435 0.043680 0.574673 0.816359
422.392944336 2.229474 -2.381009 0.082334 -0.036820 0.043659 0.574614 0.816429
422.444803238 2.233124 -2.373629 0.083704 -0.035275 0.043992 0.574458 0.816589
422.612159014 2.237024 -2.366252 0.084224 -0.034115 0.043953 0.574378 0.816697
422.662322283 2.241071 -2.358933 0.083649 -0.033554 0.043499 0.574338 0.816773
422.830497265 2.245401 -2.351889 0.081873 -0.034154 0.042336 0.574306 0.816831
422.881657839 2.249528 -2.344856 0.079769 -0.034662 0.041196 0.574239 0.816916
423.046521902 2.253853 -2.337932 0.078347 -0.036086 0.039404 0.574267 0.816922
423.097147226 2.257672 -2.330458 0.078689 -0.036949 0.037803 0.574321 0.816922
423.264783859 2.261131 -2.322406 0.079592 -0.037100 0.036450 0.574304 0.816989
423.315356255 2.264745 -2.314313 0.079627 -0.037762 0.034670 0.574386 0.816978
423.482752085 2.268152 -2.305807 0.079209 -0.038140 0.032904 0.574476 0.816970
423.532254696 2.271468 -2.296930 0.078209 -0.038568 0.030970 0.574585 0.816949
423.698889971 2.274659 -2.287730 0.076620 -0.039100 0.028865 0.574653 0.816953
423.747277498 2.277767 -2.278222 0.074470 -0.039655 0.026648 0.574835 0.816873
423.913045406 2.280659 -2.269423 0.071926 -0.040217 0.024504 0.575035 0.816773
423.964276314 2.283813 -2.260423 0.068960 -0.040847 0.022113 0.575271 0.816643
424.128686666 2.286966 -2.251831 0.066840 -0.041516 0.019708 0.575582 0.816452
424.178512096 2.289913 -2.242903 0.066437 -0.040504 0.018240 0.576101 0.816170
424.343346596 2.293049 -2.234016 0.067371 -0.039055 0.016998 0.576826 0.815756
424.393138885 2.296345 -2.225644 0.068009 -0.037692 0.015602 0.577498 0.815373
424.555444002 2.299838 -2.217824 0.067876 -0.036451 0.014019 0.578141 0.815002
424.604430914 2.303509 -2.210412 0.067530 -0.035478 0.012227 0.578821 0.814591
424.764709711 2.307108 -2.203249 0.066893 -0.034184 0.010557 0.579483 0.814198
424.814269304 2.310436 -2.196062 0.066252 -0.031645 0.009429 0.580067 0.813900
424.975479603 2.313869 -2.188787 0.065846 -0.028703 0.008420 0.580623 0.813623
425.026165247 2.317775 -2.181562 0.065961 -0.027246 0.006641 0.581348 0.813172
425.187085152 2.321857 -2.174320 0.066210 -0.026754 0.004350 0.582185 0.812604
425.236105680 2.325961 -2.166945 0.066350 -0.027100 0.001607 0.583067 0.811971
425.394175768 2.329900 -2.159413 0.065982 -0.027611 -0.001271 0.584006 0.811279
425.444704771 2.333149 -2.151471 0.065853 -0.026482 -0.003133 0.584907 0.810662
425.603604794 2.336006 -2.143166 0.066293 -0.022964 -0.003434 0.585778 0.810139
425.652534723 2.339193 -2.135027 0.066329 -0.019358 -0.003714 0.586664 0.809591
425.807319164 2.342585 -2.127050 0.065668 -0.016296 -0.004247 0.587461 0.809077
425.857391834 2.346003 -2.119025 0.064520 -0.013307 -0.004638 0.588032 0.808715
426.011964560 2.349526 -2.110872 0.063019 -0.010814 -0.005108 0.588399 0.808482
426.061616421 2.353202 -2.102544 0.061379 -0.009249 -0.005950 0.588595 0.808353
426.216036081 2.356981 -2.094175 0.059485 -0.008398 -0.006983 0.588726 0.808259
426.265963078 2.361127 -2.086092 0.057718 -0.008801 -0.008485 0.589081 0.807981
426.418987751 2.365263 -2.078235 0.056955 -0.009885 -0.009740 0.589656 0.807535
426.468420029 2.368556 -2.070123 0.056997 -0.008913 -0.008988 0.590249 0.807122
426.618840218 2.371647 -2.062204 0.055747 -0.006971 -0.007172 0.590995 0.806613
426.668129921 2.374858 -2.054412 0.053287 -0.004544 -0.004773 0.591870 0.806007
426.818518400 2.378405 -2.046777 0.050300 -0.002779 -0.002460 0.592905 0.805264
426.867395163 2.381500 -2.039349 0.047973 -0.000273 0.001261 0.594010 0.804456
427.023384809 2.385155 -2.032283 0.047237 0.001123 0.005039 0.595091 0.803642
427.073820353 2.390164 -2.025663 0.047794 -0.000873 0.006883 0.596184 0.802818
427.229590416 2.394921 -2.019163 0.047938 -0.002494 0.009145 0.597051 0.802147
427.279466867 2.398242 -2.012883 0.047486 -0.001337 0.013703 0.597441 0.801795
427.439018011 2.401582 -2.006270 0.045976 0.001045 0.019871 0.597314 0.801760
427.491255045 2.406507 -2.000727 0.044792 -0.001037 0.022787 0.597481 0.801558
427.656066179 2.412889 -1.994948 0.044540 -0.006608 0.023756 0.597872 0.801212
427.711110353 2.417600 -1.988871 0.044245 -0.008823 0.027135 0.597740 0.801182
427.880354166 2.421740 -1.983153 0.044394 -0.010560 0.030336 0.597548 0.801189
427.930932283 2.426654 -1.976417 0.045396 -0.013328 0.032325 0.598161 0.800613
428.095843077 2.431039 -1.969393 0.046051 -0.014983 0.033948 0.599383 0.799602
428.147497892 2.435299 -1.962312 0.046028 -0.016550 0.035117 0.600911 0.798373
428.311373711 2.439197 -1.955208 0.045867 -0.017596 0.036342 0.602099 0.797400
428.361115932 2.443244 -1.947878 0.046117 -0.018615 0.036419 0.603524 0.796295
428.528040409 2.447128 -1.940299 0.046103 -0.018953 0.035874 0.605309 0.794956
428.577800035 2.450687 -1.932425 0.045199 -0.018080 0.035298 0.607170 0.793582
428.741298676 2.454038 -1.924214 0.043679 -0.016132 0.034799 0.608674 0.792493
428.794422865 2.457194 -1.915857 0.041773 -0.013465 0.034447 0.609691 0.791776
428.961603403 2.460197 -1.907317 0.039784 -0.009542 0.034733 0.610013 0.791573
429.011017323 2.463443 -1.898791 0.037769 -0.005532 0.034877 0.610228 0.791438
429.176502466 2.466661 -1.890466 0.035222 -0.001514 0.035030 0.610423 0.791299
429.227627516 2.470320 -1.882439 0.032575 0.001552 0.034411 0.610527 0.791246
429.390323162 2.474900 -1.874814 0.030497 0.002407 0.031637 0.610739 0.791196
429.440383673 2.480091 -1.867609 0.029058 0.001324 0.026928 0.610846 0.791290
429.601440191 2.484340 -1.860496 0.028206 0.001971 0.023673 0.609971 0.792067
429.651622772 2.488643 -1.853038 0.030178 0.003458 0.020497 0.608245 0.793477
429.809230566 2.492331 -1.845865 0.032354 0.006948 0.019045 0.606102 0.795129
429.859174490 2.496105 -1.839072 0.035349 0.011134 0.018210 0.603247 0.797269
430.012984514 2.500529 -1.832998 0.037333 0.014281 0.016635 0.600090 0.799632
430.062026262 2.505398 -1.827250 0.039214 0.017078 0.015338 0.596294 0.802438
430.213119507 2.511574 -1.822643 0.039625 0.017047 0.012381 0.592379 0.805384
430.263196230 2.517756 -1.818550 0.039273 0.017008 0.009981 0.587787 0.808776
430.411917448 2.523858 -1.814559 0.039060 0.017387 0.008487 0.582125 0.812869
430.456708908 2.529185 -1.810474 0.040084 0.018828 0.008706 0.575956 0.817218
430.607770920 2.535971 -1.806202 0.040614 0.018183 0.007888 0.569517 0.821740
430.653431416 2.542651 -1.801656 0.040708 0.017348 0.006949 0.563211 0.826102
430.799331427 2.548758 -1.797258 0.039199 0.017559 0.006877 0.556653 0.830531
430.847196579 2.556195 -1.792647 0.038279 0.015401 0.005938 0.550229 0.834851
430.998823166 2.563613 -1.788168 0.038128 0.011678 0.004379 0.545173 0.838231
431.049012899 2.570935 -1.783534 0.036978 0.008230 0.003376 0.540284 0.841436
431.201024771 2.577616 -1.778530 0.035302 0.006036 0.003547 0.535679 0.844393
431.251487494 2.584293 -1.772666 0.034223 0.003954 0.004090 0.532157 0.846627
431.411305189 2.590292 -1.765849 0.033610 0.003865 0.006007 0.529557 0.848244
431.463495970 2.596167 -1.758711 0.032680 0.004835 0.008763 0.527729 0.849354
431.618346214 2.601954 -1.751382 0.031389 0.006702 0.012278 0.526367 0.850143
431.669924259 2.607981 -1.743953 0.029675 0.008482 0.015833 0.525544 0.850577
431.827799797 2.614127 -1.736181 0.028464 0.009869 0.019203 0.525195 0.850708
431.883211851 2.620292 -1.728366 0.027742 0.010941 0.022217 0.525098 0.850681
432.044929504 2.626513 -1.720837 0.027360 0.011585 0.024712 0.525182 0.850552
432.098510027 2.632674 -1.713428 0.027043 0.012159 0.026660 0.525626 0.850211
432.261848211 2.638794 -1.706217 0.026427 0.012506 0.027990 0.526338 0.849723
432.315366030 2.644849 -1.699213 0.025790 0.012629 0.028722 0.527155 0.849190
432.478620768 2.650778 -1.692405 0.025374 0.012504 0.028825 0.528271 0.848494
432.531274319 2.656188 -1.685535 0.024899 0.013432 0.029113 0.529513 0.847696
432.693686008 2.661968 -1.679117 0.024423 0.013011 0.028046 0.531385 0.846566
432.747701406 2.668534 -1.673179 0.024937 0.009968 0.024509 0.534764 0.844587
432.907423973 2.674675 -1.667447 0.026282 0.006962 0.020391 0.539170 0.841921
432.959231138 2.679690 -1.661822 0.028110 0.005607 0.017286 0.543834 0.838996
433.126121998 2.683620 -1.656332 0.028753 0.006162 0.015615 0.547906 0.836371
433.184147358 2.687303 -1.650526 0.029293 0.007884 0.014269 0.550591 0.834616
433.346892118 2.691154 -1.644628 0.029462 0.009769 0.012667 0.552568 0.833314
433.406656265 2.695005 -1.638671 0.029119 0.012015 0.011068 0.554244 0.832194
433.569503546 2.698860 -1.632823 0.028391 0.014338 0.009480 0.555744 0.831175
433.627295732 2.702474 -1.626905 0.028569 0.017165 0.008510 0.556766 0.830448
433.787404060 2.706570 -1.621385 0.029097 0.018458 0.006784 0.557734 0.829787
433.844412565 2.710558 -1.616143 0.029222 0.019571 0.005323 0.558379 0.829338
434.002495050 2.714532 -1.611029 0.029066 0.020474 0.003943 0.558780 0.829053
434.059594631 2.718316 -1.605468 0.029784 0.021901 0.003400 0.558216 0.829400
434.217463493 2.722182 -1.600216 0.030076 0.023089 0.003029 0.556461 0.830547
434.274232149 2.726178 -1.595695 0.030283 0.023503 0.002899 0.553435 0.832555
434.432191372 2.730455 -1.591026 0.030822 0.023731 0.003213 0.550014 0.834812
434.488917589 2.735399 -1.586276 0.031395 0.022802 0.002573 0.546880 0.836897
434.647353172 2.740287 -1.581524 0.031402 0.021972 0.002154 0.543818 0.838913
434.704401970 2.745556 -1.576872 0.031255 0.020256 0.001327 0.540948 0.840811
434.861887693 2.750877 -1.572234 0.031007 0.018318 0.000637 0.538091 0.842687
434.918069124 2.755730 -1.567358 0.030345 0.017866 0.001191 0.534951 0.844693
435.077278852 2.760715 -1.562526 0.029077 0.017508 0.001986 0.531928 0.846606
435.132672548 2.765561 -1.557560 0.027901 0.017417 0.002954 0.529488 0.848133
435.283845186 2.770802 -1.551345 0.027144 0.017824 0.004273 0.527820 0.849159
435.334473372 2.776128 -1.545152 0.026163 0.017718 0.005210 0.526978 0.849678
435.489836693 2.781706 -1.538852 0.025569 0.016712 0.005412 0.526716 0.849860
435.541208029 2.786963 -1.532147 0.025438 0.015905 0.005648 0.526690 0.849890
435.697022200 2.791919 -1.524930 0.025678 0.015596 0.006096 0.527005 0.849697
435.748018742 2.796744 -1.517484 0.026043 0.015286 0.006390 0.528071 0.849038
435.905693531 2.801549 -1.510041 0.025830 0.015048 0.006541 0.529582 0.848100
435.958506823 2.806191 -1.502560 0.025091 0.015252 0.006911 0.531052 0.847174
436.115012646 2.810719 -1.494951 0.024143 0.015717 0.007398 0.532180 0.846453
436.168106556 2.815316 -1.487400 0.023276 0.016042 0.007868 0.532822 0.846038
436.324999809 2.820325 -1.480296 0.022396 0.015157 0.007586 0.533212 0.845812
436.379136562 2.825495 -1.473640 0.021782 0.013297 0.006805 0.533494 0.845672
436.538356781 2.830306 -1.467136 0.021234 0.011900 0.006429 0.533777 0.845517
436.592815876 2.834578 -1.460592 0.020837 0.011709 0.006986 0.533892 0.845443
436.751107216 2.839066 -1.454257 0.020679 0.010904 0.007145 0.534188 0.845265
436.804518223 2.843661 -1.448135 0.020380 0.009453 0.006775 0.534589 0.845032
436.961333752 2.847654 -1.441743 0.020618 0.009557 0.007442 0.534690 0.844961
437.020890236 2.851285 -1.435602 0.021164 0.010876 0.008829 0.534202 0.845241
437.181473017 2.854189 -1.429942 0.022735 0.014457 0.011858 0.532391 0.846292
437.236415386 2.857535 -1.424730 0.024835 0.018283 0.015106 0.529352 0.848070
437.400698900 2.861316 -1.420826 0.025915 0.019910 0.016783 0.526373 0.849855
437.457815409 2.865737 -1.417993 0.025267 0.018773 0.016476 0.523913 0.851405
437.618782997 2.870306 -1.415919 0.023124 0.015758 0.014633 0.522219 0.852540
437.691508770 2.873793 -1.412968 0.021869 0.014848 0.013911 0.519958 0.853950
437.860555410 2.876386 -1.409145 0.022707 0.016429 0.014740 0.517140 0.855616
437.919713020 2.879253 -1.405435 0.023647 0.017984 0.015625 0.514152 0.857368
438.082727671 2.883087 -1.402136 0.023861 0.018253 0.015740 0.510674 0.859436
438.141408205 2.887417 -1.399641 0.022580 0.016515 0.014563 0.507007 0.861661
438.303059101 2.891605 -1.397279 0.020653 0.014161 0.012863 0.503250 0.863929
438.364301682 2.895269 -1.394025 0.019711 0.013511 0.012040 0.499048 0.866386
438.525216341 2.898692 -1.390161 0.020126 0.014750 0.012341 0.494590 0.868914
438.578669310 2.902639 -1.385536 0.021460 0.017595 0.013633 0.489163 0.871908
438.736377478 2.906845 -1.381376 0.023027 0.020221 0.014955 0.483948 0.874735
438.790437937 2.911792 -1.377771 0.023806 0.021622 0.015668 0.478841 0.877496
438.955694437 2.916677 -1.374979 0.023156 0.021368 0.015505 0.474356 0.879937
439.016065598 2.921475 -1.372414 0.021788 0.019636 0.014432 0.470050 0.882303
439.187671900 2.925877 -1.369458 0.020835 0.018444 0.013602 0.465384 0.884812
439.243687391 2.930829 -1.365901 0.020518 0.017668 0.012984 0.460076 0.887609
439.403299809 2.935712 -1.362268 0.020593 0.017474 0.012638 0.454965 0.890248
439.458199501 2.940693 -1.358932 0.020465 0.017099 0.012042 0.450024 0.892771
439.618635654 2.945953 -1.355588 0.020119 0.016520 0.011181 0.444854 0.895381
439.674772978 2.951465 -1.352231 0.019760 0.015929 0.010181 0.439315 0.898134
439.834758043 2.957128 -1.349066 0.018744 0.015147 0.009032 0.433730 0.900870
439.890456438 2.962928 -1.346050 0.017872 0.013821 0.007530 0.427737 0.903766
440.048914433 2.968680 -1.342791 0.017852 0.013618 0.006545 0.421148 0.906866
440.098880053 2.973958 -1.339522 0.018918 0.015172 0.006235 0.414629 0.909843
440.253637314 2.979883 -1.336404 0.020127 0.016916 0.005708 0.407672 0.912954
440.304806709 2.986344 -1.334079 0.020779 0.017521 0.004679 0.400696 0.916032
440.458313942 2.993004 -1.332076 0.021017 0.017631 0.003425 0.393551 0.919127
440.510004997 2.999745 -1.330312 0.020755 0.016931 0.001913 0.386480 0.922140
440.667336464 3.006848 -1.328524 0.020209 0.015487 -0.000004 0.379942 0.924881
440.727140188 3.013888 -1.326026 0.020602 0.014892 -0.002265 0.374567 0.927078
440.889554024 3.021062 -1.323854 0.021676 0.012896 -0.005189 0.370513 0.928723
440.944764137 3.028226 -1.322277 0.023110 0.009768 -0.008293 0.366373 0.930380
441.103912354 3.035278 -1.320998 0.024744 0.006422 -0.011054 0.361571 0.932257
441.157484055 3.041986 -1.319811 0.026195 0.003684 -0.013129 0.356270 0.934283
441.311302900 3.048536 -1.318615 0.027054 0.001584 -0.014579 0.350770 0.936347
441.364379406 3.054961 -1.317215 0.027090 0.000754 -0.015234 0.345259 0.938384
441.520154238 3.061312 -1.315738 0.026071 0.001577 -0.014972 0.339481 0.940492
441.574712515 3.068077 -1.314644 0.024842 0.002334 -0.014317 0.333602 0.942602
441.731886148 3.075799 -1.314107 0.024800 0.000300 -0.014106 0.328336 0.944456
441.785990000 3.083573 -1.313319 0.025136 -0.001870 -0.013417 0.323474 0.946140
441.946097612 3.090753 -1.311937 0.024699 -0.001911 -0.011767 0.318076 0.947990
442.002671480 3.097434 -1.310715 0.023875 -0.000960 -0.009407 0.312089 0.950006
442.166100025 3.104049 -1.309591 0.024931 0.000609 -0.006306 0.306027 0.952002
442.221333027 3.110930 -1.308677 0.026710 0.002936 -0.002562 0.300478 0.953781
442.383293390 3.118448 -1.308050 0.027998 0.003621 0.000794 0.295862 0.955223
442.441332817 3.126521 -1.307320 0.028623 0.003293 0.003374 0.292222 0.956339
442.606242418 3.134898 -1.306483 0.028884 0.002140 0.005555 0.289343 0.957207
442.663908005 3.143358 -1.305133 0.029259 0.000858 0.007559 0.287158 0.957853
442.832342863 3.151978 -1.303300 0.029749 -0.000764 0.009229 0.285688 0.958278
442.890861273 3.160570 -1.301008 0.029679 -0.002005 0.010799 0.284723 0.958547
443.060286045 3.169170 -1.298265 0.029071 -0.002811 0.012093 0.284461 0.958607
443.118667126 3.177745 -1.295120 0.028136 -0.003044 0.013066 0.285017 0.958429
443.282471657 3.186171 -1.291461 0.027141 -0.001621 0.013943 0.286124 0.958090
443.340297937 3.194567 -1.287559 0.025487 0.001212 0.014893 0.287258 0.957737
443.511765718 3.203284 -1.284221 0.023692 0.003354 0.015307 0.289221 0.957134
443.567537308 3.213076 -1.282441 0.023860 0.001082 0.013512 0.292614 0.956135
443.731438875 3.223057 -1.281275 0.025239 -0.002311 0.010545 0.297211 0.954751
443.783212900 3.233199 -1.280100 0.027541 -0.005146 0.007155 0.303111 0.952915
443.942876101 3.243258 -1.279197 0.029340 -0.008160 0.003623 0.309476 0.950865
443.999319553 3.252915 -1.277405 0.030252 -0.007611 0.001271 0.316210 0.948658
444.164759636 3.261040 -1.275485 0.029782 -0.005255 -0.000086 0.321688 0.946831
444.222586870 3.269142 -1.273427 0.028962 -0.002967 -0.001844 0.326095 0.945331
444.387476921 3.276823 -1.270744 0.028873 -0.000370 -0.003325 0.328668 0.944440
444.444157124 3.284473 -1.268052 0.028951 0.001336 -0.004876 0.330205 0.943896
444.605619907 3.292131 -1.265225 0.029074 0.002813 -0.006407 0.331191 0.943538
444.661474466 3.299938 -1.262523 0.029300 0.002929 -0.008170 0.331715 0.943340
444.821303368 3.307800 -1.260052 0.028839 0.001998 -0.010017 0.331604 0.943364
444.877167940 3.315665 -1.257554 0.028498 0.000445 -0.011741 0.330927 0.943583
445.036055326 3.323655 -1.255202 0.028000 -0.002330 -0.013487 0.329689 0.943990
445.092771769 3.331694 -1.253132 0.026855 -0.006120 -0.015312 0.327984 0.944539
445.252935886 3.339220 -1.250363 0.025501 -0.007299 -0.016083 0.324820 0.945611
445.310670853 3.346430 -1.247722 0.025707 -0.006863 -0.015576 0.319680 0.947373
445.475885391 3.353508 -1.245155 0.026305 -0.005771 -0.014319 0.314652 0.949081
445.528862238 3.358430 -1.240262 0.027743 -0.002100 -0.011791 0.309050 0.950971
445.687670469 3.362063 -1.235594 0.030717 -0.000415 -0.009113 0.304184 0.952570
445.747653008 3.366704 -1.232246 0.031606 -0.001776 -0.007233 0.299490 0.954070
445.909916639 3.372116 -1.230147 0.030199 -0.005719 -0.006031 0.295185 0.955404
445.967407942 3.377795 -1.228455 0.027934 -0.009964 -0.004826 0.291363 0.956548
446.139739037 3.383788 -1.225796 0.026253 -0.011808 -0.003028 0.287832 0.957603
446.199143648 3.390386 -1.222325 0.025189 -0.012206 -0.001610 0.285461 0.958311
446.365969658 3.397824 -1.218547 0.024726 -0.013593 -0.001375 0.284155 0.958681
446.422129154 3.405909 -1.213332 0.025226 -0.013886 -0.001791 0.282167 0.959263
446.591026306 3.414193 -1.208442 0.024851 -0.014587 -0.002911 0.280769 0.959660
446.648896217 3.422475 -1.203348 0.024288 -0.014673 -0.004378 0.279594 0.959996
446.814054012 3.432241 -1.197052 0.023703 -0.013183 -0.006181 0.275648 0.961148
446.866807699 3.441931 -1.192047 0.023704 -0.013570 -0.008431 0.269970 0.962736
447.025495291 3.452536 -1.187187 0.022299 -0.014527 -0.010862 0.262390 0.964792
447.079809427 3.463094 -1.183790 0.021162 -0.017619 -0.013490 0.253780 0.967007
447.241956472 3.473202 -1.179627 0.021186 -0.018854 -0.015886 0.244544 0.969325
447.295432806 3.482526 -1.175363 0.022410 -0.016940 -0.017000 0.235485 0.971582
447.456965923 3.491661 -1.172003 0.024295 -0.014118 -0.017527 0.226743 0.973695
447.513986111 3.500875 -1.169839 0.026415 -0.011626 -0.017837 0.218163 0.975680
447.668509722 3.509820 -1.168565 0.028510 -0.009891 -0.018154 0.209808 0.977524
447.724359274 3.518152 -1.167578 0.030514 -0.007196 -0.017869 0.201903 0.979216
447.879373789 3.526862 -1.167388 0.030475 -0.005116 -0.017539 0.194447 0.980743
447.942380428 3.536025 -1.168116 0.030272 -0.005927 -0.018184 0.188567 0.981874
448.106187820 3.545061 -1.168721 0.030913 -0.007392 -0.018960 0.184247 0.982669
448.169470549 3.554081 -1.169281 0.031640 -0.009018 -0.019859 0.181159 0.983212
448.329663038 3.562848 -1.169347 0.032686 -0.008788 -0.020270 0.178899 0.983619
448.391490936 3.571702 -1.169458 0.033445 -0.008475 -0.020712 0.177269 0.983908
448.551617146 3.580746 -1.169865 0.034552 -0.009656 -0.021497 0.176344 0.984046
448.614456415 3.589781 -1.170170 0.035101 -0.010396 -0.022201 0.175974 0.984089
448.775193691 3.598715 -1.169715 0.036088 -0.009519 -0.022651 0.176469 0.983999
448.836911678 3.607684 -1.168869 0.036868 -0.008074 -0.022957 0.177109 0.983890
448.996083021 3.616755 -1.167966 0.036809 -0.006914 -0.023271 0.177726 0.983781
449.057488441 3.625926 -1.166828 0.036081 -0.006001 -0.023638 0.178369 0.983661
449.216341019 3.635178 -1.165344 0.035192 -0.005352 -0.024032 0.178745 0.983587
449.278090954 3.644541 -1.163737 0.034471 -0.005768 -0.024571 0.178657 0.983588
449.437359095 3.653878 -1.161526 0.033690 -0.005699 -0.024988 0.178255 0.983650
449.498864651 3.663283 -1.158873 0.033027 -0.005173 -0.025188 0.177638 0.983760
449.657401323 3.672956 -1.156602 0.032803 -0.005953 -0.025675 0.177173 0.983827
449.718636990 3.682683 -1.154850 0.032576 -0.007505 -0.026266 0.176887 0.983852
449.873810053 3.692211 -1.153161 0.032647 -0.008561 -0.026540 0.176560 0.983895
449.935971260 3.701481 -1.151330 0.033560 -0.008691 -0.026303 0.176185 0.983967
450.095768452 3.710540 -1.149652 0.034743 -0.007566 -0.025646 0.175248 0.984161
450.157724142 3.719422 -1.148398 0.036184 -0.005686 -0.024474 0.173567 0.984501
450.318529844 3.728285 -1.147993 0.037181 -0.004507 -0.023217 0.171277 0.984939
450.379785776 3.737315 -1.149004 0.037491 -0.006324 -0.022468 0.168521 0.985422
450.538095236 3.746196 -1.150259 0.037288 -0.008005 -0.021468 0.164863 0.986050
450.601414680 3.754895 -1.151207 0.037326 -0.008392 -0.019900 0.160552 0.986791
450.762467146 3.763676 -1.152086 0.037119 -0.009082 -0.018205 0.156283 0.987503
450.825451612 3.772816 -1.152718 0.036449 -0.010263 -0.016812 0.152638 0.988086
450.989054203 3.782156 -1.152986 0.035128 -0.011200 -0.015294 0.149268 0.988615
451.053258181 3.791829 -1.152600 0.034882 -0.012069 -0.013963 0.147001 0.988964
451.217808962 3.801688 -1.152166 0.035460 -0.013657 -0.012862 0.145707 0.989150
451.280352116 3.811489 -1.151731 0.035446 -0.014911 -0.011691 0.144910 0.989263
451.444200516 3.821294 -1.151079 0.035022 -0.016081 -0.010545 0.144694 0.989290
451.507806301 3.831236 -1.150685 0.034383 -0.018854 -0.009925 0.145258 0.989164
451.673986197 3.841061 -1.150271 0.033511 -0.022151 -0.009557 0.146200 0.988961
451.735992193 3.850768 -1.149839 0.031834 -0.025727 -0.009375 0.147437 0.988692
451.899757385 3.860249 -1.149082 0.030243 -0.029357 -0.009327 0.148887 0.988374
451.964387655 3.869297 -1.146904 0.030626 -0.029705 -0.008814 0.149745 0.988239
452.144589901 3.878218 -1.144865 0.031619 -0.029126 -0.008313 0.149563 0.988288
452.212584972 3.887090 -1.142803 0.032893 -0.026792 -0.007414 0.148340 0.988546
452.381678820 3.896078 -1.141557 0.034692 -0.025491 -0.006778 0.146253 0.988895
452.445034027 3.905147 -1.140957 0.036799 -0.024922 -0.006442 0.143294 0.989345
452.610748529 3.914454 -1.140757 0.038632 -0.024472 -0.006303 0.139362 0.989919
452.672539949 3.924002 -1.141174 0.039107 -0.024517 -0.006389 0.134761 0.990554
452.837458849 3.933631 -1.142590 0.038610 -0.026571 -0.007006 0.129773 0.991163
452.898722649 3.943581 -1.144502 0.037505 -0.029962 -0.008107 0.124249 0.991766
453.067725182 3.953015 -1.145713 0.036760 -0.032249 -0.009177 0.118058 0.992440
453.130837917 3.962773 -1.146644 0.036503 -0.034191 -0.010339 0.111572 0.993114
453.296221256 3.972074 -1.147394 0.036068 -0.036191 -0.011835 0.106751 0.993556
453.361694336 3.981330 -1.147698 0.035792 -0.038727 -0.013647 0.103644 0.993766
453.529474258 3.990590 -1.147122 0.035763 -0.040664 -0.015618 0.102100 0.993820
453.595003128 3.999827 -1.145929 0.036193 -0.041999 -0.017739 0.101381 0.993802
453.769832134 4.008965 -1.144664 0.036514 -0.043195 -0.020121 0.101267 0.993717
453.834992409 4.017973 -1.143314 0.036963 -0.044186 -0.022791 0.101762 0.993566
454.001008749 4.026748 -1.142230 0.037525 -0.045304 -0.025419 0.102215 0.993405
454.066174984 4.035182 -1.141176 0.038749 -0.045879 -0.027623 0.102490 0.993291
454.229411602 4.043260 -1.140360 0.040250 -0.045681 -0.029338 0.103451 0.993152
454.292781115 4.051261 -1.140373 0.042659 -0.047027 -0.030756 0.105409 0.992840
454.453555584 4.059085 -1.140707 0.044370 -0.048521 -0.031767 0.107649 0.992496
454.517613173 4.066982 -1.140914 0.045149 -0.049531 -0.032825 0.109645 0.992193
454.680258274 4.075049 -1.140592 0.045298 -0.049428 -0.033639 0.111207 0.991997
454.745743036 4.083573 -1.139540 0.045199 -0.047861 -0.034227 0.112268 0.991934
454.910209417 4.092695 -1.138040 0.045339 -0.044817 -0.034492 0.113197 0.991962
454.975077868 4.102173 -1.136638 0.045637 -0.041344 -0.034406 0.114032 0.992020
455.133947372 4.111883 -1.135647 0.046325 -0.039313 -0.034119 0.114389 0.992071
455.200591087 4.121664 -1.135154 0.046782 -0.038099 -0.033647 0.114372 0.992137
455.363298655 4.131372 -1.135392 0.047237 -0.038118 -0.033064 0.113393 0.992268
455.427527189 4.140644 -1.135664 0.048103 -0.036869 -0.031673 0.111218 0.992607
455.589793444 4.149970 -1.136280 0.048632 -0.034949 -0.029885 0.107956 0.993092
455.654143810 4.159307 -1.138348 0.049086 -0.036387 -0.027968 0.103966 0.993521
455.816794395 4.168673 -1.140859 0.048089 -0.038716 -0.025913 0.099899 0.993906
455.882768393 4.178157 -1.142560 0.046202 -0.040169 -0.023846 0.096342 0.994251
456.048669577 4.187410 -1.143450 0.045314 -0.041887 -0.021917 0.092539 0.994586
456.115568161 4.196479 -1.143819 0.045859 -0.043131 -0.020127 0.088180 0.994967
456.279996634 4.205767 -1.143933 0.047038 -0.043363 -0.018584 0.083220 0.995414
456.346911907 4.215250 -1.143642 0.048632 -0.042425 -0.017675 0.077979 0.995895
456.512241364 4.224811 -1.143528 0.050785 -0.041984 -0.017270 0.072578 0.996329
456.573533058 4.234486 -1.142957 0.052351 -0.039576 -0.017162 0.067020 0.996819
456.738951921 4.244176 -1.142939 0.052660 -0.037584 -0.017055 0.061947 0.997226
456.798685312 4.253574 -1.143483 0.052670 -0.037403 -0.017345 0.058614 0.997429
456.955289841 4.263814 -1.143849 0.052107 -0.037550 -0.017848 0.056725 0.997524
457.015033484 4.274182 -1.143843 0.051045 -0.037994 -0.018638 0.056261 0.997519
457.182681561 4.284833 -1.144206 0.049418 -0.039507 -0.019951 0.057239 0.997379
457.245776176 4.295490 -1.144476 0.049164 -0.040936 -0.021599 0.060377 0.997102
457.405253887 4.306310 -1.144756 0.050094 -0.042578 -0.023612 0.064828 0.996708
457.464877605 4.317199 -1.145246 0.051023 -0.044454 -0.025784 0.069723 0.996242
457.623553514 4.327705 -1.145535 0.051305 -0.044916 -0.027826 0.074523 0.995819
457.685233116 4.338223 -1.145905 0.050873 -0.045259 -0.030130 0.077860 0.995481
457.851661444 4.347920 -1.145675 0.051129 -0.046081 -0.032211 0.078863 0.995299
457.916820288 4.357070 -1.145424 0.051660 -0.048322 -0.033980 0.078513 0.995161
458.082915068 4.365996 -1.145215 0.052521 -0.051580 -0.035394 0.077514 0.995027
458.145344973 4.374840 -1.144742 0.052984 -0.054412 -0.036380 0.076186 0.994943
458.307221651 4.383712 -1.143677 0.053881 -0.055635 -0.036838 0.074858 0.994959
458.370455265 4.392714 -1.142783 0.054961 -0.056731 -0.037001 0.073804 0.994970
458.528135061 4.401693 -1.142165 0.056109 -0.058199 -0.036785 0.072891 0.994961
458.591918230 4.410519 -1.141502 0.056853 -0.058821 -0.036076 0.071873 0.995024
458.754074335 4.418946 -1.141046 0.056995 -0.058580 -0.035101 0.070165 0.995195
458.817168236 4.426854 -1.140787 0.057442 -0.057236 -0.033546 0.067423 0.995516
458.976351023 4.434622 -1.141097 0.057982 -0.055614 -0.031411 0.064233 0.995889
459.039163113 4.442909 -1.141666 0.058388 -0.053985 -0.029388 0.061327 0.996223
459.198403358 4.451700 -1.142668 0.059256 -0.053642 -0.027214 0.058760 0.996458
459.260736704 4.460700 -1.143866 0.059549 -0.053709 -0.024846 0.056310 0.996658
459.425427914 4.469786 -1.145033 0.059556 -0.053603 -0.022236 0.054131 0.996846
459.489712238 4.478860 -1.146405 0.059861 -0.053952 -0.019343 0.052040 0.996999
459.656073093 4.488155 -1.147625 0.060466 -0.054267 -0.016384 0.050107 0.997134
459.721650839 4.497711 -1.148514 0.060923 -0.053892 -0.013565 0.048521 0.997275
459.890316248 4.507787 -1.149103 0.060836 -0.052659 -0.011017 0.047524 0.997420
459.948606491 4.517349 -1.149141 0.061141 -0.050880 -0.009207 0.047393 0.997537
460.113162279 4.527929 -1.149762 0.062201 -0.051242 -0.007753 0.047631 0.997520
460.173982143 4.538428 -1.150586 0.062800 -0.051911 -0.006450 0.048049 0.997474
460.344949007 4.548755 -1.151829 0.063498 -0.053205 -0.004529 0.048824 0.997379
460.410775661 4.557240 -1.153077 0.064958 -0.054138 -0.002331 0.049896 0.997283
460.581300020 4.564897 -1.154373 0.066673 -0.054256 -0.000195 0.051250 0.997211
460.649425030 4.572000 -1.155915 0.068344 -0.054071 0.001507 0.052801 0.997139
460.824776173 4.578548 -1.157848 0.070076 -0.054219 0.002632 0.054480 0.997038
460.893789768 4.584492 -1.160149 0.070864 -0.054326 0.003368 0.056290 0.996930
461.074182510 4.589561 -1.162565 0.071509 -0.054218 0.003613 0.058159 0.996827
461.153082609 4.593684 -1.164808 0.072188 -0.053439 0.003365 0.060562 0.996727
461.342361689 4.596986 -1.167158 0.072343 -0.052810 0.002656 0.063438 0.996584
461.419645309 4.599816 -1.169866 0.072227 -0.052938 0.001335 0.066969 0.996349
461.596742392 4.601926 -1.172312 0.071542 -0.052921 -0.000329 0.070739 0.996090
461.665922165 4.603454 -1.174729 0.070509 -0.053338 -0.002506 0.074446 0.995794
461.848571539 4.604425 -1.176929 0.069442 -0.054169 -0.005191 0.078004 0.995467
461.920826197 4.604790 -1.178690 0.068548 -0.054430 -0.008261 0.081067 0.995187
462.103429079 4.604620 -1.180250 0.067650 -0.054835 -0.011604 0.083277 0.994949
462.188648224 4.604028 -1.181306 0.066698 -0.055019 -0.014730 0.084414 0.994802
462.380685329 4.603125 -1.181965 0.065568 -0.054502 -0.017484 0.084874 0.994746
462.474367619 4.602076 -1.182446 0.065174 -0.054361 -0.019578 0.084901 0.994713
462.702310562 4.601134 -1.182750 0.065447 -0.054383 -0.020953 0.084835 0.994689
