0.000000000 -0.000000 -0.000000 0.000000 0.000000 -0.000000 -0.000000 1.000000
0.123506546 -0.000057 -0.000003 0.000012 -0.000002 0.000000 -0.000011 1.000000
0.350709438 -0.000097 -0.000006 0.000022 -0.000006 0.000002 -0.000022 1.000000
0.473887205 -0.000144 -0.000014 0.000026 -0.000013 0.000006 -0.000027 1.000000
0.701893091 -0.000185 -0.000017 0.000038 -0.000014 0.000009 -0.000047 1.000000
0.825075865 -0.000223 -0.000023 0.000046 -0.000012 0.000016 -0.000060 1.000000
1.051790476 -0.000268 -0.000029 0.000057 -0.000014 0.000022 -0.000082 1.000000
1.173335552 -0.000326 -0.000030 0.000072 -0.000020 0.000020 -0.000095 1.000000
1.399469137 -0.000379 -0.000032 0.000080 -0.000020 0.000019 -0.000105 1.000000
1.519671917 -0.000428 -0.000037 0.000087 -0.000025 0.000024 -0.000108 1.000000
1.750562191 -0.000471 -0.000037 0.000099 -0.000031 0.000021 -0.000125 1.000000
1.873290062 -0.000525 -0.000039 0.000109 -0.000028 0.000020 -0.000133 1.000000
2.105757952 -0.000572 -0.000040 0.000118 -0.000032 0.000017 -0.000145 1.000000
2.227531672 -0.000617 -0.000046 0.000126 -0.000031 0.000020 -0.000159 1.000000
2.455006838 -0.000670 -0.000052 0.000133 -0.000043 0.000025 -0.000160 1.000000
2.576164484 -0.000724 -0.000054 0.000144 -0.000043 0.000024 -0.000172 1.000000
2.803963184 -0.000779 -0.000060 0.000150 -0.000045 0.000029 -0.000177 1.000000
2.923790455 -0.000825 -0.000062 0.000161 -0.000050 0.000025 -0.000184 1.000000
3.150959253 -0.000863 -0.000065 0.000169 -0.000051 0.000025 -0.000190 1.000000
3.272909403 -0.000907 -0.000066 0.000177 -0.000057 0.000024 -0.000192 1.000000
3.503584862 -0.000940 -0.000070 0.000183 -0.000062 0.000027 -0.000196 1.000000
3.629791975 -0.000992 -0.000075 0.000196 -0.000068 0.000031 -0.000213 1.000000
3.861709833 -0.001030 -0.000093 0.000212 -0.000077 0.000064 -0.000219 1.000000
3.987356186 -0.001066 -0.000102 0.000221 -0.000084 0.000078 -0.000221 1.000000
4.221326828 -0.001109 -0.000106 0.000230 -0.000085 0.000080 -0.000225 1.000000
4.347033978 -0.001165 -0.000109 0.000240 -0.000091 0.000078 -0.000236 1.000000
4.579462528 -0.001214 -0.000113 0.000250 -0.000095 0.000077 -0.000247 1.000000
4.704617977 -0.001269 -0.000116 0.000259 -0.000095 0.000076 -0.000254 1.000000
4.935822964 -0.001311 -0.000117 0.000268 -0.000092 0.000073 -0.000264 1.000000
5.061254740 -0.001361 -0.000121 0.000281 -0.000094 0.000076 -0.000276 1.000000
5.296753168 -0.001406 -0.000123 0.000291 -0.000101 0.000075 -0.000284 1.000000
5.423061371 -0.001446 -0.000122 0.000305 -0.000099 0.000070 -0.000300 1.000000
5.651735544 -0.001497 -0.000126 0.000314 -0.000105 0.000071 -0.000305 1.000000
5.777881622 -0.001553 -0.000127 0.000325 -0.000104 0.000069 -0.000315 1.000000
6.007517576 -0.001599 -0.000130 0.000332 -0.000110 0.000068 -0.000318 1.000000
6.131364107 -0.001648 -0.000133 0.000340 -0.000115 0.000069 -0.000319 1.000000
6.360966206 -0.001693 -0.000135 0.000349 -0.000118 0.000069 -0.000327 1.000000
6.486350298 -0.001740 -0.000140 0.000357 -0.000125 0.000069 -0.000323 1.000000
6.714432240 -0.001783 -0.000142 0.000364 -0.000124 0.000067 -0.000331 1.000000
6.838860035 -0.001825 -0.000143 0.000375 -0.000127 0.000066 -0.000340 1.000000
7.065588474 -0.001875 -0.000151 0.000381 -0.000135 0.000070 -0.000347 1.000000
7.190845013 -0.001934 -0.000157 0.000391 -0.000137 0.000064 -0.000353 1.000000
7.420622349 -0.001993 -0.000161 0.000399 -0.000135 0.000060 -0.000359 1.000000
7.544990063 -0.002048 -0.000166 0.000407 -0.000139 0.000059 -0.000365 1.000000
7.772668123 -0.002107 -0.000171 0.000413 -0.000138 0.000054 -0.000364 1.000000
7.895230055 -0.002164 -0.000175 0.000421 -0.000147 0.000047 -0.000358 1.000000
8.124455214 -0.002213 -0.000181 0.000430 -0.000154 0.000041 -0.000359 1.000000
8.247282267 -0.002266 -0.000193 0.000438 -0.000167 0.000046 -0.000362 1.000000
8.476732254 -0.002323 -0.000199 0.000449 -0.000175 0.000039 -0.000361 1.000000
8.602338076 -0.002364 -0.000203 0.000457 -0.000181 0.000033 -0.000355 1.000000
8.834409952 -0.002412 -0.000211 0.000467 -0.000191 0.000029 -0.000352 1.000000
8.959097624 -0.002458 -0.000219 0.000473 -0.000208 0.000025 -0.000346 1.000000
9.184691429 -0.002510 -0.000226 0.000483 -0.000218 0.000019 -0.000345 1.000000
9.309562922 -0.002562 -0.000233 0.000490 -0.000227 0.000012 -0.000339 1.000000
9.537243843 -0.002621 -0.000243 0.000499 -0.000239 0.000012 -0.000345 1.000000
9.659488916 -0.002672 -0.000250 0.000507 -0.000242 0.000004 -0.000345 1.000000
9.888489008 -0.002723 -0.000262 0.000514 -0.000248 0.000008 -0.000354 1.000000
10.012087584 -0.002769 -0.000269 0.000520 -0.000255 0.000009 -0.000357 1.000000
10.238827229 -0.002828 -0.000282 0.000526 -0.000260 0.000011 -0.000366 1.000000
10.361423492 -0.002875 -0.000288 0.000536 -0.000268 0.000006 -0.000368 1.000000
10.591921806 -0.002915 -0.000298 0.000539 -0.000278 0.000010 -0.000372 1.000000
10.713761568 -0.002967 -0.000302 0.000548 -0.000284 0.000000 -0.000369 1.000000
10.940133572 -0.003016 -0.000308 0.000555 -0.000290 0.000000 -0.000370 1.000000
11.064155579 -0.003062 -0.000317 0.000562 -0.000297 0.000006 -0.000372 1.000000
11.289018154 -0.003111 -0.000329 0.000569 -0.000306 0.000005 -0.000377 1.000000
11.410425186 -0.003181 -0.000347 0.000576 -0.000314 0.000016 -0.000395 1.000000
11.639974117 -0.003234 -0.000354 0.000584 -0.000321 0.000012 -0.000401 1.000000
11.765213728 -0.003283 -0.000364 0.000589 -0.000328 0.000015 -0.000408 1.000000
11.991572618 -0.003337 -0.000369 0.000598 -0.000337 0.000008 -0.000405 1.000000
12.116221905 -0.003381 -0.000376 0.000606 -0.000341 0.000005 -0.000407 1.000000
12.344587088 -0.003430 -0.000383 0.000614 -0.000346 0.000000 -0.000401 1.000000
12.469389915 -0.003479 -0.000386 0.000623 -0.000354 -0.000006 -0.000396 1.000000
12.695739508 -0.003527 -0.000392 0.000631 -0.000359 -0.000009 -0.000392 1.000000
12.820114374 -0.003573 -0.000400 0.000640 -0.000365 -0.000009 -0.000398 1.000000
13.049329281 -0.003633 -0.000407 0.000648 -0.000370 -0.000011 -0.000394 1.000000
13.172539949 -0.003690 -0.000416 0.000652 -0.000379 -0.000009 -0.000404 1.000000
13.398863792 -0.003750 -0.000429 0.000652 -0.000382 -0.000003 -0.000424 1.000000
13.522821426 -0.003793 -0.000437 0.000656 -0.000389 0.000002 -0.000430 1.000000
13.751229525 -0.003844 -0.000446 0.000666 -0.000401 0.000007 -0.000431 1.000000
13.874830484 -0.003891 -0.000456 0.000673 -0.000407 0.000009 -0.000436 1.000000
14.102900028 -0.003958 -0.000469 0.000686 -0.000418 0.000019 -0.000446 1.000000
14.225490093 -0.004004 -0.000482 0.000689 -0.000423 0.000027 -0.000451 1.000000
14.453613043 -0.004051 -0.000493 0.000699 -0.000436 0.000034 -0.000457 1.000000
14.577098370 -0.004092 -0.000501 0.000703 -0.000444 0.000038 -0.000460 1.000000
14.805199862 -0.004142 -0.000508 0.000714 -0.000451 0.000041 -0.000454 1.000000
14.929840088 -0.004192 -0.000518 0.000720 -0.000455 0.000045 -0.000463 1.000000
15.157642603 -0.004241 -0.000526 0.000729 -0.000462 0.000049 -0.000467 1.000000
15.280978680 -0.004292 -0.000536 0.000735 -0.000467 0.000053 -0.000475 1.000000
15.509331465 -0.004340 -0.000545 0.000747 -0.000470 0.000058 -0.000473 1.000000
15.633119583 -0.004388 -0.000554 0.000751 -0.000475 0.000064 -0.000482 1.000000
15.859778166 -0.004447 -0.000563 0.000760 -0.000480 0.000067 -0.000491 1.000000
15.984557390 -0.004506 -0.000574 0.000767 -0.000489 0.000074 -0.000496 1.000000
16.210683823 -0.004553 -0.000582 0.000778 -0.000498 0.000077 -0.000496 1.000000
16.334132433 -0.004603 -0.000590 0.000784 -0.000510 0.000078 -0.000501 1.000000
16.566337824 -0.004646 -0.000600 0.000791 -0.000512 0.000084 -0.000511 1.000000
16.688712120 -0.004706 -0.000610 0.000800 -0.000522 0.000088 -0.000518 1.000000
16.913205385 -0.004756 -0.000617 0.000811 -0.000530 0.000090 -0.000526 1.000000
17.037325144 -0.004803 -0.000625 0.000817 -0.000536 0.000093 -0.000535 1.000000
17.264200687 -0.004860 -0.000637 0.000828 -0.000543 0.000099 -0.000544 1.000000
17.388747215 -0.004907 -0.000645 0.000838 -0.000546 0.000103 -0.000550 1.000000
17.621121883 -0.004961 -0.000651 0.000850 -0.000555 0.000105 -0.000549 1.000000
17.745405436 -0.005011 -0.000664 0.000859 -0.000561 0.000113 -0.000557 1.000000
17.977517605 -0.005064 -0.000671 0.000869 -0.000568 0.000117 -0.000557 1.000000
18.103219509 -0.005110 -0.000678 0.000877 -0.000577 0.000117 -0.000561 1.000000
18.333262682 -0.005155 -0.000686 0.000886 -0.000586 0.000120 -0.000562 1.000000
18.457921505 -0.005204 -0.000693 0.000893 -0.000590 0.000124 -0.000569 1.000000
18.688923120 -0.005253 -0.000702 0.000899 -0.000597 0.000127 -0.000579 1.000000
18.812949896 -0.005300 -0.000709 0.000903 -0.000603 0.000129 -0.000583 1.000000
19.040488958 -0.005347 -0.000717 0.000910 -0.000606 0.000132 -0.000590 1.000000
19.162667036 -0.005406 -0.000727 0.000921 -0.000615 0.000136 -0.000599 1.000000
19.392958641 -0.005444 -0.000733 0.000926 -0.000624 0.000137 -0.000602 1.000000
19.517168045 -0.005497 -0.000742 0.000938 -0.000629 0.000139 -0.000597 1.000000
19.746394873 -0.005557 -0.000755 0.000944 -0.000632 0.000146 -0.000610 1.000000
19.870358467 -0.005612 -0.000765 0.000955 -0.000645 0.000148 -0.000617 1.000000
20.103264332 -0.005670 -0.000771 0.000965 -0.000646 0.000149 -0.000616 1.000000
20.224689484 -0.005721 -0.000778 0.000971 -0.000655 0.000151 -0.000620 1.000000
20.455439329 -0.005767 -0.000787 0.000978 -0.000664 0.000155 -0.000623 1.000000
20.590056181 -0.005821 -0.000796 0.000990 -0.000669 0.000156 -0.000623 1.000000
20.831283092 -0.005880 -0.000805 0.001002 -0.000673 0.000156 -0.000623 1.000000
20.953712702 -0.005928 -0.000813 0.001006 -0.000675 0.000157 -0.000633 1.000000
21.182788610 -0.005976 -0.000820 0.001013 -0.000679 0.000159 -0.000635 1.000000
21.304334879 -0.006027 -0.000831 0.001021 -0.000685 0.000164 -0.000642 1.000000
21.532527208 -0.006089 -0.000839 0.001029 -0.000689 0.000167 -0.000647 1.000000
21.655291796 -0.006143 -0.000851 0.001036 -0.000689 0.000172 -0.000656 1.000000
21.881900072 -0.006195 -0.000858 0.001041 -0.000695 0.000175 -0.000668 1.000000
22.000109911 -0.006256 -0.000874 0.001048 -0.000693 0.000185 -0.000682 1.000000
22.226146698 -0.006319 -0.000883 0.001058 -0.000697 0.000186 -0.000697 0.999999
22.344458103 -0.006379 -0.000890 0.001066 -0.000700 0.000185 -0.000698 0.999999
22.572561741 -0.006424 -0.000901 0.001072 -0.000704 0.000191 -0.000705 0.999999
22.691346884 -0.006475 -0.000907 0.001084 -0.000710 0.000193 -0.000703 0.999999
22.916710377 -0.006529 -0.000918 0.001093 -0.000717 0.000195 -0.000699 0.999999
23.037635565 -0.006581 -0.000926 0.001098 -0.000718 0.000198 -0.000702 0.999999
23.261261702 -0.006635 -0.000933 0.001107 -0.000725 0.000196 -0.000704 0.999999
23.381905079 -0.006681 -0.000940 0.001113 -0.000730 0.000199 -0.000711 0.999999
23.606496096 -0.006725 -0.000946 0.001122 -0.000735 0.000199 -0.000717 0.999999
23.727694988 -0.006766 -0.000951 0.001131 -0.000737 0.000201 -0.000718 0.999999
23.953189135 -0.006825 -0.000962 0.001136 -0.000745 0.000204 -0.000728 0.999999
24.074794769 -0.006884 -0.000974 0.001140 -0.000744 0.000209 -0.000746 0.999999
24.303032637 -0.006941 -0.000984 0.001145 -0.000746 0.000211 -0.000759 0.999999
24.423655987 -0.006994 -0.000992 0.001154 -0.000754 0.000213 -0.000759 0.999999
24.654297113 -0.007052 -0.001001 0.001162 -0.000755 0.000215 -0.000771 0.999999
24.773342133 -0.007111 -0.001009 0.001168 -0.000755 0.000219 -0.000782 0.999999
25.001930952 -0.007162 -0.001017 0.001176 -0.000756 0.000222 -0.000793 0.999999
25.121920109 -0.007215 -0.001027 0.001181 -0.000760 0.000226 -0.000801 0.999999
25.351008654 -0.007256 -0.001035 0.001188 -0.000765 0.000228 -0.000808 0.999999
25.472155571 -0.007311 -0.001042 0.001195 -0.000770 0.000230 -0.000810 0.999999
25.698747873 -0.007362 -0.001051 0.001201 -0.000771 0.000232 -0.000814 0.999999
25.818214655 -0.007412 -0.001058 0.001211 -0.000774 0.000234 -0.000816 0.999999
26.044269085 -0.007471 -0.001070 0.001221 -0.000770 0.000239 -0.000831 0.999999
26.164849043 -0.007524 -0.001077 0.001232 -0.000779 0.000240 -0.000831 0.999999
26.389624357 -0.007578 -0.001088 0.001237 -0.000782 0.000243 -0.000835 0.999999
26.510164976 -0.007631 -0.001095 0.001249 -0.000790 0.000244 -0.000841 0.999999
26.736025095 -0.007695 -0.001107 0.001258 -0.000794 0.000248 -0.000852 0.999999
26.857939005 -0.007741 -0.001114 0.001269 -0.000793 0.000249 -0.000858 0.999999
27.083071470 -0.007798 -0.001125 0.001271 -0.000794 0.000258 -0.000873 0.999999
27.205397129 -0.007846 -0.001135 0.001281 -0.000798 0.000262 -0.000880 0.999999
27.432571650 -0.007893 -0.001140 0.001291 -0.000804 0.000264 -0.000879 0.999999
27.553691149 -0.007942 -0.001147 0.001298 -0.000805 0.000263 -0.000883 0.999999
27.777287722 -0.007989 -0.001155 0.001307 -0.000810 0.000265 -0.000893 0.999999
27.898144245 -0.008042 -0.001165 0.001313 -0.000812 0.000267 -0.000902 0.999999
28.127706766 -0.008114 -0.001175 0.001321 -0.000816 0.000268 -0.000918 0.999999
28.250053167 -0.008179 -0.001186 0.001324 -0.000818 0.000270 -0.000935 0.999999
28.479277372 -0.008227 -0.001194 0.001332 -0.000819 0.000273 -0.000944 0.999999
28.602098227 -0.008274 -0.001205 0.001339 -0.000821 0.000279 -0.000953 0.999999
28.841800928 -0.008329 -0.001212 0.001348 -0.000821 0.000279 -0.000957 0.999999
28.968634129 -0.008377 -0.001218 0.001356 -0.000824 0.000279 -0.000961 0.999999
29.207204580 -0.008423 -0.001223 0.001365 -0.000828 0.000280 -0.000967 0.999999
29.329565763 -0.008475 -0.001230 0.001370 -0.000832 0.000280 -0.000980 0.999999
29.559556723 -0.008529 -0.001241 0.001378 -0.000832 0.000285 -0.000994 0.999999
29.682012081 -0.008585 -0.001252 0.001384 -0.000832 0.000291 -0.001006 0.999999
29.907359123 -0.008647 -0.001261 0.001394 -0.000834 0.000293 -0.001015 0.999999
30.026603699 -0.008711 -0.001272 0.001396 -0.000834 0.000297 -0.001034 0.999999
30.253094435 -0.008773 -0.001281 0.001406 -0.000835 0.000296 -0.001046 0.999999
30.372615099 -0.008831 -0.001293 0.001408 -0.000837 0.000303 -0.001060 0.999999
30.599405766 -0.008890 -0.001305 0.001414 -0.000837 0.000310 -0.001075 0.999999
30.718948841 -0.008938 -0.001314 0.001421 -0.000842 0.000314 -0.001079 0.999999
30.944281340 -0.008990 -0.001322 0.001432 -0.000842 0.000316 -0.001085 0.999999
31.064242125 -0.009047 -0.001336 0.001444 -0.000849 0.000318 -0.001099 0.999999
31.303343534 -0.009108 -0.001349 0.001454 -0.000859 0.000321 -0.001108 0.999999
31.433648109 -0.009163 -0.001356 0.001465 -0.000856 0.000322 -0.001113 0.999999
31.663762093 -0.009216 -0.001363 0.001473 -0.000854 0.000324 -0.001115 0.999999
31.785189152 -0.009277 -0.001373 0.001476 -0.000853 0.000329 -0.001123 0.999999
32.010260820 -0.009331 -0.001378 0.001481 -0.000853 0.000330 -0.001128 0.999999
32.132187605 -0.009374 -0.001382 0.001487 -0.000852 0.000330 -0.001132 0.999999
32.359704494 -0.009420 -0.001390 0.001491 -0.000852 0.000335 -0.001141 0.999999
32.482956409 -0.009466 -0.001393 0.001496 -0.000846 0.000335 -0.001148 0.999999
32.713035583 -0.009526 -0.001398 0.001502 -0.000843 0.000334 -0.001156 0.999999
32.834197760 -0.009584 -0.001405 0.001509 -0.000838 0.000337 -0.001165 0.999999
33.062063217 -0.009635 -0.001410 0.001513 -0.000835 0.000337 -0.001174 0.999999
33.189102411 -0.009697 -0.001417 0.001519 -0.000825 0.000337 -0.001184 0.999999
33.428908825 -0.009749 -0.001418 0.001520 -0.000813 0.000339 -0.001187 0.999999
33.557185888 -0.009795 -0.001421 0.001522 -0.000810 0.000337 -0.001183 0.999999
33.793209076 -0.009842 -0.001425 0.001525 -0.000805 0.000339 -0.001184 0.999999
33.920240879 -0.009906 -0.001432 0.001532 -0.000797 0.000340 -0.001186 0.999999
34.154724598 -0.009968 -0.001442 0.001534 -0.000791 0.000341 -0.001193 0.999999
34.277066946 -0.010015 -0.001444 0.001543 -0.000790 0.000340 -0.001195 0.999999
34.501966000 -0.010076 -0.001450 0.001553 -0.000786 0.000343 -0.001206 0.999999
34.624896049 -0.010138 -0.001457 0.001559 -0.000788 0.000341 -0.001210 0.999999
34.850920916 -0.010193 -0.001463 0.001570 -0.000782 0.000343 -0.001215 0.999999
34.972955942 -0.010247 -0.001470 0.001575 -0.000777 0.000349 -0.001224 0.999999
35.205734491 -0.010307 -0.001478 0.001582 -0.000779 0.000347 -0.001228 0.999999
35.330718994 -0.010359 -0.001485 0.001590 -0.000778 0.000353 -0.001236 0.999999
35.564623594 -0.010412 -0.001490 0.001600 -0.000774 0.000351 -0.001245 0.999999
35.688617229 -0.010461 -0.001496 0.001605 -0.000766 0.000352 -0.001252 0.999999
35.913045168 -0.010511 -0.001501 0.001614 -0.000767 0.000357 -0.001259 0.999999
36.035918474 -0.010568 -0.001504 0.001625 -0.000763 0.000354 -0.001270 0.999999
36.269217491 -0.010619 -0.001512 0.001630 -0.000763 0.000356 -0.001276 0.999999
36.393609524 -0.010675 -0.001519 0.001638 -0.000758 0.000358 -0.001276 0.999999
36.623977661 -0.010727 -0.001525 0.001648 -0.000754 0.000358 -0.001279 0.999999
36.748259544 -0.010771 -0.001532 0.001653 -0.000752 0.000362 -0.001280 0.999999
36.979326248 -0.010828 -0.001539 0.001660 -0.000748 0.000365 -0.001290 0.999999
37.104157209 -0.010880 -0.001547 0.001664 -0.000746 0.000365 -0.001287 0.999999
37.339423180 -0.010949 -0.001555 0.001674 -0.000741 0.000366 -0.001295 0.999999
37.464104414 -0.010978 -0.001608 0.001678 -0.000828 0.000366 -0.001288 0.999999
37.698749542 -0.011031 -0.001615 0.001685 -0.000824 0.000370 -0.001292 0.999999
37.824732304 -0.011076 -0.001618 0.001695 -0.000821 0.000368 -0.001290 0.999999
38.057881355 -0.011131 -0.001632 0.001704 -0.000816 0.000384 -0.001289 0.999999
38.179939508 -0.011171 -0.001651 0.001721 -0.000819 0.000426 -0.001295 0.999999
38.411605835 -0.011226 -0.001655 0.001722 -0.000806 0.000419 -0.001310 0.999999
38.536774874 -0.011275 -0.001660 0.001725 -0.000803 0.000422 -0.001319 0.999999
38.766931772 -0.011320 -0.001664 0.001725 -0.000804 0.000423 -0.001322 0.999999
38.891030073 -0.011365 -0.001665 0.001730 -0.000802 0.000422 -0.001329 0.999999
39.120465040 -0.011410 -0.001664 0.001736 -0.000804 0.000418 -0.001331 0.999999
39.246562958 -0.011454 -0.001667 0.001740 -0.000803 0.000418 -0.001338 0.999999
39.480962276 -0.011491 -0.001667 0.001744 -0.000804 0.000414 -0.001344 0.999999
39.604389429 -0.011533 -0.001670 0.001747 -0.000802 0.000412 -0.001352 0.999999
39.833109140 -0.011570 -0.001682 0.001748 -0.000802 0.000434 -0.001359 0.999999
39.957402229 -0.011597 -0.001706 0.001747 -0.000809 0.000488 -0.001373 0.999999
40.186675549 -0.011631 -0.001709 0.001747 -0.000800 0.000486 -0.001379 0.999999
40.311677933 -0.011672 -0.001714 0.001749 -0.000795 0.000488 -0.001389 0.999999
40.541391373 -0.011712 -0.001715 0.001753 -0.000793 0.000483 -0.001392 0.999999
40.666937113 -0.011750 -0.001716 0.001758 -0.000794 0.000482 -0.001400 0.999999
40.895801067 -0.011795 -0.001717 0.001765 -0.000798 0.000480 -0.001409 0.999999
41.019765615 -0.011837 -0.001719 0.001769 -0.000795 0.000478 -0.001419 0.999999
41.250682116 -0.011880 -0.001719 0.001774 -0.000796 0.000474 -0.001426 0.999999
41.375724792 -0.011917 -0.001719 0.001777 -0.000794 0.000462 -0.001435 0.999999
41.606403828 -0.011966 -0.001725 0.001777 -0.000781 0.000448 -0.001447 0.999999
41.731917143 -0.012010 -0.001726 0.001779 -0.000770 0.000436 -0.001452 0.999999
41.961337566 -0.012049 -0.001729 0.001777 -0.000757 0.000424 -0.001463 0.999999
42.084716797 -0.012094 -0.001730 0.001779 -0.000750 0.000414 -0.001473 0.999999
42.319898129 -0.012139 -0.001732 0.001780 -0.000741 0.000401 -0.001483 0.999999
42.444493771 -0.012179 -0.001733 0.001781 -0.000741 0.000395 -0.001489 0.999999
42.675059080 -0.012220 -0.001737 0.001783 -0.000741 0.000396 -0.001491 0.999999
42.800143480 -0.012259 -0.001737 0.001784 -0.000737 0.000391 -0.001501 0.999999
43.027334452 -0.012304 -0.001744 0.001783 -0.000735 0.000391 -0.001518 0.999999
43.150102139 -0.012340 -0.001749 0.001783 -0.000735 0.000392 -0.001524 0.999998
43.377760172 -0.012381 -0.001751 0.001785 -0.000736 0.000390 -0.001534 0.999998
43.499302387 -0.012429 -0.001753 0.001786 -0.000735 0.000385 -0.001540 0.999998
43.725555897 -0.012472 -0.001759 0.001788 -0.000730 0.000387 -0.001554 0.999998
43.848524570 -0.012514 -0.001760 0.001789 -0.000725 0.000383 -0.001566 0.999998
44.077499628 -0.012557 -0.001761 0.001790 -0.000726 0.000379 -0.001568 0.999998
44.200189829 -0.012601 -0.001761 0.001793 -0.000725 0.000376 -0.001573 0.999998
44.434071779 -0.012644 -0.001767 0.001792 -0.000723 0.000375 -0.001579 0.999998
44.557257175 -0.012691 -0.001767 0.001794 -0.000722 0.000370 -0.001585 0.999998
44.785665274 -0.012727 -0.001769 0.001797 -0.000726 0.000367 -0.001591 0.999998
44.908866405 -0.012774 -0.001772 0.001801 -0.000722 0.000361 -0.001602 0.999998
45.139211416 -0.012814 -0.001775 0.001803 -0.000725 0.000361 -0.001612 0.999998
45.263077259 -0.012858 -0.001775 0.001807 -0.000724 0.000353 -0.001619 0.999998
45.495489597 -0.012904 -0.001776 0.001810 -0.000727 0.000348 -0.001629 0.999998
45.621924639 -0.012946 -0.001776 0.001812 -0.000724 0.000343 -0.001635 0.999998
45.851714849 -0.012989 -0.001777 0.001816 -0.000720 0.000338 -0.001645 0.999998
45.978214741 -0.013028 -0.001776 0.001818 -0.000718 0.000334 -0.001653 0.999998
46.210077763 -0.013071 -0.001778 0.001822 -0.000713 0.000330 -0.001658 0.999998
46.336486101 -0.013117 -0.001779 0.001826 -0.000708 0.000324 -0.001670 0.999998
46.568087816 -0.013156 -0.001780 0.001828 -0.000708 0.000322 -0.001680 0.999998
46.693627834 -0.013195 -0.001781 0.001829 -0.000703 0.000317 -0.001686 0.999998
46.931264877 -0.013246 -0.001786 0.001831 -0.000708 0.000320 -0.001701 0.999998
47.057488203 -0.013285 -0.001786 0.001835 -0.000706 0.000318 -0.001708 0.999998
47.294530630 -0.013327 -0.001786 0.001838 -0.000703 0.000313 -0.001717 0.999998
47.421342134 -0.013366 -0.001788 0.001840 -0.000697 0.000310 -0.001729 0.999998
47.651643515 -0.013410 -0.001787 0.001842 -0.000691 0.000304 -0.001735 0.999998
47.777821302 -0.013457 -0.001787 0.001842 -0.000689 0.000297 -0.001748 0.999998
48.012086630 -0.013498 -0.001786 0.001842 -0.000687 0.000293 -0.001757 0.999998
48.136790752 -0.013546 -0.001788 0.001843 -0.000689 0.000286 -0.001769 0.999998
48.371293306 -0.013591 -0.001789 0.001845 -0.000690 0.000280 -0.001781 0.999998
48.498285294 -0.013629 -0.001791 0.001844 -0.000683 0.000275 -0.001790 0.999998
48.731983900 -0.013673 -0.001790 0.001849 -0.000681 0.000269 -0.001798 0.999998
48.854030371 -0.013715 -0.001792 0.001847 -0.000680 0.000266 -0.001808 0.999998
49.083534002 -0.013755 -0.001795 0.001848 -0.000675 0.000264 -0.001827 0.999998
49.204971313 -0.013794 -0.001795 0.001850 -0.000677 0.000260 -0.001836 0.999998
49.431883097 -0.013833 -0.001795 0.001852 -0.000675 0.000254 -0.001842 0.999998
49.557590246 -0.013880 -0.001795 0.001852 -0.000675 0.000250 -0.001859 0.999998
49.791110277 -0.013924 -0.001794 0.001855 -0.000674 0.000244 -0.001868 0.999998
49.918852806 -0.013966 -0.001796 0.001853 -0.000670 0.000241 -0.001879 0.999998
50.147672892 -0.014011 -0.001802 0.001854 -0.000670 0.000243 -0.001895 0.999998
50.271215916 -0.014053 -0.001802 0.001856 -0.000671 0.000240 -0.001910 0.999998
50.500222206 -0.014099 -0.001804 0.001856 -0.000666 0.000236 -0.001922 0.999998
50.622220993 -0.014146 -0.001803 0.001860 -0.000665 0.000228 -0.001932 0.999998
50.851911545 -0.014199 -0.001805 0.001859 -0.000661 0.000224 -0.001950 0.999998
50.974926949 -0.014250 -0.001805 0.001859 -0.000658 0.000221 -0.001969 0.999998
51.203350544 -0.014292 -0.001806 0.001857 -0.000656 0.000216 -0.001986 0.999998
51.335118532 -0.014338 -0.001807 0.001857 -0.000652 0.000208 -0.001997 0.999998
51.564604521 -0.014377 -0.001808 0.001858 -0.000649 0.000204 -0.002008 0.999998
51.689416170 -0.014424 -0.001808 0.001859 -0.000643 0.000198 -0.002021 0.999998
51.920117617 -0.014471 -0.001809 0.001860 -0.000639 0.000194 -0.002032 0.999998
52.043496847 -0.014519 -0.001810 0.001858 -0.000639 0.000189 -0.002049 0.999998
52.276921749 -0.014568 -0.001812 0.001858 -0.000634 0.000182 -0.002066 0.999998
52.400802851 -0.014613 -0.001812 0.001860 -0.000635 0.000178 -0.002078 0.999998
52.637987614 -0.014658 -0.001812 0.001860 -0.000630 0.000173 -0.002097 0.999998
52.763624191 -0.014701 -0.001815 0.001859 -0.000625 0.000166 -0.002112 0.999998
52.996506214 -0.014741 -0.001816 0.001858 -0.000626 0.000163 -0.002123 0.999998
53.120601892 -0.014784 -0.001815 0.001860 -0.000622 0.000158 -0.002133 0.999998
53.350326777 -0.014832 -0.001819 0.001858 -0.000613 0.000154 -0.002155 0.999997
53.474563360 -0.014877 -0.001819 0.001858 -0.000614 0.000150 -0.002167 0.999997
53.704878807 -0.014914 -0.001819 0.001859 -0.000609 0.000146 -0.002175 0.999997
53.829653263 -0.014953 -0.001822 0.001859 -0.000610 0.000144 -0.002193 0.999997
54.058109283 -0.014998 -0.001823 0.001860 -0.000605 0.000143 -0.002206 0.999997
54.181511164 -0.015040 -0.001824 0.001860 -0.000611 0.000141 -0.002212 0.999997
54.413548946 -0.015079 -0.001826 0.001859 -0.000609 0.000138 -0.002216 0.999997
54.537797928 -0.015119 -0.001828 0.001859 -0.000604 0.000133 -0.002232 0.999997
54.768130779 -0.015160 -0.001829 0.001858 -0.000601 0.000129 -0.002241 0.999997
54.893029928 -0.015202 -0.001829 0.001858 -0.000603 0.000126 -0.002254 0.999997
55.123876095 -0.015246 -0.001830 0.001858 -0.000601 0.000121 -0.002263 0.999997
55.248144627 -0.015288 -0.001829 0.001862 -0.000602 0.000118 -0.002275 0.999997
55.477362633 -0.015332 -0.001830 0.001862 -0.000602 0.000115 -0.002289 0.999997
55.603993177 -0.015375 -0.001830 0.001868 -0.000598 0.000117 -0.002302 0.999997
55.834286928 -0.015418 -0.001830 0.001876 -0.000601 0.000119 -0.002315 0.999997
55.957402468 -0.015463 -0.001828 0.001886 -0.000602 0.000121 -0.002326 0.999997
56.186626434 -0.015510 -0.001828 0.001894 -0.000599 0.000122 -0.002339 0.999997
56.309672117 -0.015559 -0.001829 0.001901 -0.000600 0.000125 -0.002356 0.999997
56.539465189 -0.015603 -0.001829 0.001905 -0.000603 0.000126 -0.002366 0.999997
56.660767078 -0.015646 -0.001828 0.001915 -0.000604 0.000126 -0.002379 0.999997
56.887409210 -0.015688 -0.001829 0.001922 -0.000601 0.000126 -0.002388 0.999997
57.009753227 -0.015739 -0.001828 0.001929 -0.000599 0.000126 -0.002406 0.999997
57.237208843 -0.015785 -0.001828 0.001935 -0.000598 0.000126 -0.002420 0.999997
57.360716343 -0.015833 -0.001827 0.001943 -0.000594 0.000124 -0.002431 0.999997
57.584859371 -0.015881 -0.001828 0.001949 -0.000594 0.000126 -0.002444 0.999997
57.707432508 -0.015927 -0.001828 0.001957 -0.000593 0.000126 -0.002457 0.999997
57.939442873 -0.015975 -0.001826 0.001968 -0.000592 0.000126 -0.002467 0.999997
58.061057329 -0.016022 -0.001826 0.001976 -0.000593 0.000125 -0.002477 0.999997
58.293097258 -0.016066 -0.001827 0.001978 -0.000593 0.000127 -0.002490 0.999997
58.416251659 -0.016109 -0.001828 0.001985 -0.000593 0.000130 -0.002501 0.999997
58.642866373 -0.016154 -0.001828 0.001994 -0.000593 0.000132 -0.002507 0.999997
58.765688419 -0.016198 -0.001828 0.002001 -0.000595 0.000133 -0.002519 0.999997
58.995296955 -0.016238 -0.001831 0.002003 -0.000593 0.000134 -0.002530 0.999997
59.118380070 -0.016288 -0.001831 0.002010 -0.000593 0.000135 -0.002545 0.999997
59.350655079 -0.016332 -0.001831 0.002019 -0.000594 0.000135 -0.002553 0.999997
59.473473787 -0.016379 -0.001831 0.002028 -0.000592 0.000137 -0.002563 0.999997
59.702261448 -0.016425 -0.001831 0.002036 -0.000592 0.000140 -0.002573 0.999997
59.826263905 -0.016460 -0.001833 0.002039 -0.000591 0.000140 -0.002587 0.999996
60.055485010 -0.016508 -0.001834 0.002045 -0.000590 0.000142 -0.002596 0.999996
60.178567410 -0.016549 -0.001834 0.002052 -0.000591 0.000142 -0.002605 0.999996
60.407093287 -0.016591 -0.001835 0.002055 -0.000588 0.000143 -0.002615 0.999996
60.529685974 -0.016634 -0.001834 0.002064 -0.000589 0.000144 -0.002622 0.999996
60.758490324 -0.016689 -0.001837 0.002068 -0.000589 0.000145 -0.002636 0.999996
60.883349657 -0.016727 -0.001837 0.002074 -0.000587 0.000146 -0.002648 0.999996
61.111230850 -0.016778 -0.001838 0.002083 -0.000587 0.000148 -0.002667 0.999996
61.231770992 -0.016820 -0.001837 0.002088 -0.000587 0.000148 -0.002680 0.999996
61.457931519 -0.016874 -0.001837 0.002100 -0.000586 0.000148 -0.002687 0.999996
61.579266787 -0.016918 -0.001837 0.002106 -0.000587 0.000148 -0.002697 0.999996
61.807674646 -0.016958 -0.001837 0.002114 -0.000589 0.000149 -0.002708 0.999996
61.928414345 -0.017001 -0.001838 0.002118 -0.000589 0.000150 -0.002719 0.999996
62.155032635 -0.017050 -0.001838 0.002125 -0.000589 0.000149 -0.002733 0.999996
62.278139114 -0.017094 -0.001841 0.002131 -0.000587 0.000152 -0.002746 0.999996
62.508018017 -0.017137 -0.001841 0.002136 -0.000583 0.000152 -0.002758 0.999996
62.630447626 -0.017181 -0.001845 0.002137 -0.000581 0.000154 -0.002776 0.999996
62.861984015 -0.017226 -0.001846 0.002142 -0.000583 0.000154 -0.002786 0.999996
62.984472752 -0.017268 -0.001846 0.002151 -0.000582 0.000157 -0.002798 0.999996
63.215904474 -0.017314 -0.001849 0.002156 -0.000586 0.000157 -0.002812 0.999996
63.338409901 -0.017365 -0.001851 0.002163 -0.000586 0.000160 -0.002826 0.999996
63.569739580 -0.017409 -0.001852 0.002169 -0.000585 0.000160 -0.002841 0.999996
63.689648151 -0.017459 -0.001852 0.002177 -0.000578 0.000159 -0.002851 0.999996
63.919508219 -0.017505 -0.001851 0.002187 -0.000580 0.000158 -0.002858 0.999996
64.041997194 -0.017546 -0.001850 0.002196 -0.000577 0.000157 -0.002868 0.999996
64.270297050 -0.017598 -0.001850 0.002205 -0.000576 0.000158 -0.002882 0.999996
64.392868280 -0.017639 -0.001852 0.002210 -0.000573 0.000157 -0.002895 0.999996
64.622740984 -0.017687 -0.001853 0.002216 -0.000571 0.000159 -0.002906 0.999996
64.744714499 -0.017733 -0.001854 0.002220 -0.000565 0.000160 -0.002917 0.999996
64.976505041 -0.017771 -0.001857 0.002223 -0.000566 0.000161 -0.002931 0.999996
65.099153280 -0.017820 -0.001857 0.002230 -0.000563 0.000160 -0.002943 0.999995
65.326739788 -0.017862 -0.001857 0.002236 -0.000564 0.000162 -0.002949 0.999995
65.450047970 -0.017907 -0.001857 0.002242 -0.000561 0.000162 -0.002966 0.999995
65.678600073 -0.017961 -0.001858 0.002249 -0.000564 0.000163 -0.002981 0.999995
65.801763773 -0.018006 -0.001857 0.002260 -0.000564 0.000162 -0.002990 0.999995
66.031703234 -0.018059 -0.001858 0.002266 -0.000560 0.000163 -0.003011 0.999995
66.154587030 -0.018106 -0.001858 0.002274 -0.000560 0.000165 -0.003022 0.999995
66.385859251 -0.018142 -0.001861 0.002279 -0.000555 0.000164 -0.003034 0.999995
66.508481264 -0.018189 -0.001861 0.002285 -0.000555 0.000166 -0.003047 0.999995
66.739677191 -0.018226 -0.001862 0.002291 -0.000553 0.000166 -0.003057 0.999995
66.861527920 -0.018272 -0.001863 0.002295 -0.000556 0.000167 -0.003066 0.999995
67.091825247 -0.018316 -0.001863 0.002300 -0.000551 0.000166 -0.003078 0.999995
67.213362217 -0.018352 -0.001865 0.002306 -0.000547 0.000165 -0.003089 0.999995
67.441809177 -0.018392 -0.001865 0.002312 -0.000547 0.000165 -0.003096 0.999995
67.566135645 -0.018446 -0.001865 0.002320 -0.000546 0.000165 -0.003105 0.999995
67.796196699 -0.018493 -0.001864 0.002329 -0.000544 0.000164 -0.003118 0.999995
67.918531418 -0.018531 -0.001867 0.002335 -0.000545 0.000166 -0.003126 0.999995
68.147964001 -0.018575 -0.001868 0.002339 -0.000540 0.000168 -0.003138 0.999995
68.271454811 -0.018614 -0.001869 0.002347 -0.000539 0.000166 -0.003146 0.999995
68.504435301 -0.018667 -0.001871 0.002350 -0.000538 0.000167 -0.003161 0.999995
68.628777981 -0.018723 -0.001872 0.002357 -0.000540 0.000168 -0.003175 0.999995
68.858068943 -0.018769 -0.001873 0.002365 -0.000538 0.000170 -0.003184 0.999995
68.981256008 -0.018821 -0.001872 0.002376 -0.000537 0.000172 -0.003194 0.999995
69.211297989 -0.018867 -0.001872 0.002383 -0.000538 0.000172 -0.003208 0.999995
69.334478855 -0.018924 -0.001873 0.002392 -0.000539 0.000173 -0.003227 0.999995
69.564539671 -0.018980 -0.001873 0.002396 -0.000533 0.000172 -0.003244 0.999995
69.688959122 -0.019017 -0.001875 0.002400 -0.000529 0.000173 -0.003254 0.999995
69.923004389 -0.019057 -0.001874 0.002408 -0.000527 0.000174 -0.003262 0.999995
70.044575453 -0.019118 -0.001877 0.002415 -0.000524 0.000172 -0.003287 0.999994
70.269906044 -0.019166 -0.001877 0.002424 -0.000523 0.000172 -0.003302 0.999994
70.396719694 -0.019209 -0.001877 0.002431 -0.000519 0.000174 -0.003313 0.999994
70.627913713 -0.019254 -0.001878 0.002439 -0.000519 0.000175 -0.003326 0.999994
70.754027605 -0.019298 -0.001879 0.002443 -0.000522 0.000177 -0.003333 0.999994
70.985708475 -0.019352 -0.001881 0.002451 -0.000522 0.000180 -0.003352 0.999994
71.111432791 -0.019393 -0.001883 0.002457 -0.000515 0.000181 -0.003366 0.999994
71.342244148 -0.019433 -0.001885 0.002462 -0.000515 0.000183 -0.003378 0.999994
71.467804193 -0.019478 -0.001885 0.002471 -0.000517 0.000183 -0.003386 0.999994
71.698424101 -0.019520 -0.001885 0.002480 -0.000518 0.000183 -0.003395 0.999994
71.824123859 -0.019571 -0.001885 0.002487 -0.000518 0.000183 -0.003413 0.999994
72.052289724 -0.019613 -0.001885 0.002494 -0.000514 0.000183 -0.003431 0.999994
72.176313877 -0.019660 -0.001886 0.002502 -0.000512 0.000184 -0.003445 0.999994
72.408179522 -0.019702 -0.001885 0.002509 -0.000511 0.000183 -0.003462 0.999994
72.532815218 -0.019743 -0.001889 0.002517 -0.000505 0.000185 -0.003478 0.999994
72.765532732 -0.019779 -0.001893 0.002520 -0.000502 0.000186 -0.003489 0.999994
72.891584873 -0.019829 -0.001892 0.002528 -0.000502 0.000185 -0.003506 0.999994
73.120303869 -0.019871 -0.001893 0.002535 -0.000499 0.000185 -0.003522 0.999994
73.244841337 -0.019922 -0.001893 0.002541 -0.000499 0.000184 -0.003540 0.999994
73.473428249 -0.019968 -0.001893 0.002548 -0.000495 0.000185 -0.003553 0.999994
73.600358248 -0.020011 -0.001892 0.002558 -0.000493 0.000185 -0.003563 0.999994
73.829240561 -0.020063 -0.001894 0.002563 -0.000489 0.000186 -0.003580 0.999993
73.953435183 -0.020107 -0.001897 0.002565 -0.000492 0.000188 -0.003593 0.999993
74.183873415 -0.020154 -0.001898 0.002574 -0.000489 0.000191 -0.003602 0.999993
74.308118343 -0.020196 -0.001898 0.002582 -0.000489 0.000193 -0.003613 0.999993
74.540930033 -0.020232 -0.001898 0.002591 -0.000487 0.000193 -0.003620 0.999993
74.667086124 -0.020276 -0.001899 0.002597 -0.000485 0.000195 -0.003637 0.999993
74.899285555 -0.020320 -0.001900 0.002601 -0.000483 0.000194 -0.003646 0.999993
75.026233435 -0.020368 -0.001900 0.002608 -0.000479 0.000195 -0.003663 0.999993
75.259856224 -0.020411 -0.001908 0.002616 -0.000490 0.000197 -0.003677 0.999993
75.385560036 -0.020452 -0.001912 0.002624 -0.000496 0.000200 -0.003683 0.999993
75.615180731 -0.020493 -0.001912 0.002632 -0.000495 0.000197 -0.003701 0.999993
75.739020824 -0.020536 -0.001915 0.002638 -0.000499 0.000199 -0.003713 0.999993
75.966427088 -0.020582 -0.001917 0.002645 -0.000496 0.000200 -0.003730 0.999993
76.091188431 -0.020630 -0.001916 0.002654 -0.000492 0.000199 -0.003743 0.999993
76.321393251 -0.020675 -0.001917 0.002659 -0.000493 0.000199 -0.003755 0.999993
76.444932699 -0.020721 -0.001918 0.002668 -0.000489 0.000198 -0.003777 0.999993
76.676417589 -0.020757 -0.001919 0.002672 -0.000485 0.000197 -0.003790 0.999993
76.800116539 -0.020806 -0.001918 0.002681 -0.000483 0.000197 -0.003803 0.999993
77.026955843 -0.020864 -0.001921 0.002686 -0.000481 0.000199 -0.003820 0.999993
77.151223898 -0.020911 -0.001920 0.002693 -0.000478 0.000201 -0.003832 0.999993
77.382206678 -0.020955 -0.001921 0.002701 -0.000470 0.000204 -0.003845 0.999992
77.506283760 -0.021010 -0.001922 0.002709 -0.000468 0.000206 -0.003858 0.999992
77.735200882 -0.021057 -0.001921 0.002718 -0.000470 0.000209 -0.003870 0.999992
77.859292507 -0.021108 -0.001922 0.002726 -0.000465 0.000212 -0.003882 0.999992
78.090301275 -0.021157 -0.001921 0.002736 -0.000459 0.000214 -0.003892 0.999992
78.213912010 -0.021202 -0.001921 0.002744 -0.000453 0.000216 -0.003905 0.999992
78.442360640 -0.021253 -0.001921 0.002756 -0.000449 0.000217 -0.003916 0.999992
78.567493677 -0.021303 -0.001923 0.002764 -0.000449 0.000220 -0.003928 0.999992
78.798129797 -0.021352 -0.001925 0.002772 -0.000448 0.000224 -0.003939 0.999992
78.922497511 -0.021400 -0.001926 0.002780 -0.000445 0.000227 -0.003952 0.999992
79.152364254 -0.021444 -0.001925 0.002790 -0.000442 0.000228 -0.003963 0.999992
79.276324749 -0.021493 -0.001926 0.002800 -0.000441 0.000233 -0.003975 0.999992
79.505033016 -0.021535 -0.001926 0.002809 -0.000437 0.000235 -0.003987 0.999992
79.630729675 -0.021575 -0.001927 0.002815 -0.000437 0.000238 -0.003999 0.999992
79.860964537 -0.021618 -0.001928 0.002823 -0.000432 0.000240 -0.004011 0.999992
79.985807657 -0.021676 -0.001930 0.002832 -0.000423 0.000243 -0.004033 0.999992
80.225589752 -0.021723 -0.001929 0.002842 -0.000417 0.000244 -0.004045 0.999992
80.353404284 -0.021773 -0.001930 0.002849 -0.000413 0.000246 -0.004060 0.999992
80.584706068 -0.021814 -0.001932 0.002857 -0.000411 0.000250 -0.004071 0.999992
80.709419250 -0.021858 -0.001935 0.002861 -0.000407 0.000253 -0.004082 0.999992
80.942798376 -0.021908 -0.001935 0.002869 -0.000404 0.000257 -0.004098 0.999991
81.066509008 -0.021965 -0.001934 0.002881 -0.000396 0.000260 -0.004111 0.999991
81.296572447 -0.022018 -0.001935 0.002889 -0.000402 0.000262 -0.004121 0.999991
81.422615290 -0.022071 -0.001937 0.002897 -0.000392 0.000265 -0.004143 0.999991
81.655805588 -0.022118 -0.001936 0.002908 -0.000385 0.000268 -0.004154 0.999991
81.779997110 -0.022164 -0.001937 0.002918 -0.000385 0.000271 -0.004163 0.999991
82.006393433 -0.022214 -0.001938 0.002925 -0.000378 0.000275 -0.004174 0.999991
82.128347874 -0.022272 -0.001940 0.002933 -0.000375 0.000281 -0.004197 0.999991
82.359312057 -0.022316 -0.001943 0.002939 -0.000369 0.000284 -0.004206 0.999991
82.481282711 -0.022369 -0.001943 0.002953 -0.000364 0.000288 -0.004222 0.999991
82.710643053 -0.022430 -0.001945 0.002959 -0.000361 0.000289 -0.004249 0.999991
82.830938339 -0.022480 -0.001946 0.002968 -0.000350 0.000290 -0.004265 0.999991
83.060463667 -0.022527 -0.001945 0.002975 -0.000345 0.000292 -0.004282 0.999991
83.183935881 -0.022573 -0.001947 0.002980 -0.000338 0.000295 -0.004299 0.999991
83.414071083 -0.022625 -0.001947 0.002986 -0.000334 0.000297 -0.004318 0.999991
83.538854122 -0.022669 -0.001950 0.002992 -0.000334 0.000300 -0.004331 0.999991
83.774394751 -0.022720 -0.001954 0.003000 -0.000328 0.000303 -0.004348 0.999990
83.898965597 -0.022768 -0.001953 0.003010 -0.000322 0.000304 -0.004364 0.999990
84.133389950 -0.022833 -0.001954 0.003023 -0.000321 0.000306 -0.004385 0.999990
84.256305456 -0.022889 -0.001953 0.003035 -0.000313 0.000310 -0.004402 0.999990
84.487537146 -0.022939 -0.001953 0.003048 -0.000313 0.000312 -0.004415 0.999990
84.609867811 -0.022986 -0.001954 0.003054 -0.000310 0.000314 -0.004430 0.999990
84.838148355 -0.023028 -0.001955 0.003057 -0.000300 0.000318 -0.004446 0.999990
84.962008238 -0.023072 -0.001957 0.003067 -0.000295 0.000321 -0.004465 0.999990
85.189701557 -0.023127 -0.001957 0.003076 -0.000291 0.000324 -0.004486 0.999990
85.310814857 -0.023180 -0.001959 0.003080 -0.000288 0.000327 -0.004503 0.999990
85.537652254 -0.023232 -0.001959 0.003091 -0.000281 0.000330 -0.004515 0.999990
85.658946276 -0.023274 -0.001961 0.003099 -0.000282 0.000334 -0.004527 0.999990
85.885575533 -0.023322 -0.001961 0.003106 -0.000281 0.000337 -0.004543 0.999990
86.008286953 -0.023366 -0.001963 0.003115 -0.000273 0.000341 -0.004564 0.999989
86.234197140 -0.023415 -0.001962 0.003127 -0.000273 0.000343 -0.004578 0.999989
86.355496407 -0.023468 -0.001962 0.003137 -0.000266 0.000346 -0.004591 0.999989
86.581900835 -0.023514 -0.001962 0.003146 -0.000268 0.000349 -0.004604 0.999989
86.702751637 -0.023557 -0.001964 0.003158 -0.000266 0.000353 -0.004616 0.999989
86.928178787 -0.023607 -0.001965 0.003169 -0.000265 0.000362 -0.004633 0.999989
87.048757553 -0.023664 -0.001966 0.003179 -0.000259 0.000371 -0.004653 0.999989
87.273379564 -0.023716 -0.001967 0.003185 -0.000256 0.000376 -0.004674 0.999989
87.391996384 -0.023764 -0.001968 0.003196 -0.000255 0.000385 -0.004695 0.999989
87.616269827 -0.023823 -0.001969 0.003208 -0.000257 0.000393 -0.004723 0.999989
87.735657215 -0.023875 -0.001970 0.003221 -0.000257 0.000400 -0.004734 0.999989
87.960478306 -0.023938 -0.001972 0.003234 -0.000259 0.000408 -0.004746 0.999989
88.080113411 -0.023979 -0.001975 0.003242 -0.000264 0.000415 -0.004755 0.999989
88.304671764 -0.024026 -0.001977 0.003253 -0.000265 0.000422 -0.004770 0.999988
88.422745466 -0.024069 -0.001979 0.003260 -0.000269 0.000425 -0.004780 0.999988
88.648169994 -0.024128 -0.001984 0.003268 -0.000274 0.000436 -0.004797 0.999988
88.766037226 -0.024175 -0.001986 0.003277 -0.000272 0.000444 -0.004810 0.999988
88.992722511 -0.024217 -0.001988 0.003291 -0.000275 0.000448 -0.004826 0.999988
89.112709999 -0.024268 -0.001991 0.003297 -0.000277 0.000454 -0.004846 0.999988
89.343406439 -0.024327 -0.001994 0.003304 -0.000280 0.000462 -0.004867 0.999988
89.465045691 -0.024376 -0.001995 0.003315 -0.000286 0.000467 -0.004882 0.999988
89.696305990 -0.024427 -0.001996 0.003329 -0.000288 0.000473 -0.004901 0.999988
89.818322420 -0.024478 -0.002001 0.003339 -0.000285 0.000484 -0.004928 0.999988
90.047648191 -0.024528 -0.002004 0.003349 -0.000286 0.000492 -0.004951 0.999988
90.170925617 -0.024586 -0.002006 0.003361 -0.000289 0.000500 -0.004973 0.999987
90.397351503 -0.024634 -0.002009 0.003373 -0.000290 0.000509 -0.004993 0.999987
90.518937111 -0.024694 -0.002013 0.003387 -0.000294 0.000521 -0.005007 0.999987
90.744617939 -0.024737 -0.002017 0.003396 -0.000303 0.000529 -0.005014 0.999987
90.864390373 -0.024789 -0.002019 0.003407 -0.000301 0.000536 -0.005035 0.999987
91.091286898 -0.024849 -0.002020 0.003420 -0.000303 0.000543 -0.005059 0.999987
91.216117620 -0.024899 -0.002022 0.003430 -0.000309 0.000552 -0.005083 0.999987
91.445405483 -0.024957 -0.002026 0.003441 -0.000307 0.000562 -0.005106 0.999987
91.566058159 -0.025001 -0.002027 0.003448 -0.000304 0.000569 -0.005124 0.999987
91.794221401 -0.025063 -0.002034 0.003451 -0.000309 0.000576 -0.005146 0.999987
91.916452408 -0.025110 -0.002036 0.003462 -0.000307 0.000584 -0.005166 0.999986
92.141399860 -0.025158 -0.002041 0.003469 -0.000310 0.000591 -0.005186 0.999986
92.263145685 -0.025205 -0.002044 0.003479 -0.000310 0.000601 -0.005203 0.999986
92.488913536 -0.025248 -0.002047 0.003491 -0.000314 0.000609 -0.005216 0.999986
92.610742092 -0.025308 -0.002049 0.003504 -0.000318 0.000616 -0.005244 0.999986
92.840062141 -0.025357 -0.002051 0.003517 -0.000319 0.000623 -0.005263 0.999986
92.962109566 -0.025412 -0.002054 0.003521 -0.000321 0.000632 -0.005287 0.999986
93.186263561 -0.025471 -0.002057 0.003535 -0.000322 0.000639 -0.005308 0.999986
93.306642532 -0.025522 -0.002061 0.003544 -0.000324 0.000647 -0.005330 0.999986
93.533448696 -0.025565 -0.002064 0.003554 -0.000329 0.000651 -0.005341 0.999985
93.656431198 -0.025616 -0.002064 0.003567 -0.000330 0.000656 -0.005363 0.999985
93.886224985 -0.025668 -0.002068 0.003574 -0.000334 0.000664 -0.005387 0.999985
94.007846832 -0.025730 -0.002070 0.003585 -0.000338 0.000674 -0.005412 0.999985
94.233523130 -0.025782 -0.002073 0.003594 -0.000345 0.000679 -0.005429 0.999985
94.352565289 -0.025832 -0.002078 0.003606 -0.000344 0.000689 -0.005446 0.999985
94.580444098 -0.025882 -0.002080 0.003613 -0.000351 0.000694 -0.005463 0.999985
94.698586941 -0.025929 -0.002083 0.003626 -0.000349 0.000702 -0.005474 0.999985
94.928239822 -0.025982 -0.002084 0.003641 -0.000354 0.000707 -0.005496 0.999985
95.050936460 -0.026017 -0.002083 0.003652 -0.000359 0.000711 -0.005507 0.999985
95.278483391 -0.026078 -0.002086 0.003660 -0.000360 0.000718 -0.005525 0.999984
95.398919821 -0.026136 -0.002089 0.003669 -0.000361 0.000720 -0.005546 0.999984
95.622858047 -0.026202 -0.002096 0.003673 -0.000352 0.000723 -0.005591 0.999984
95.744679928 -0.026259 -0.002097 0.003685 -0.000347 0.000724 -0.005607 0.999984
95.971997023 -0.026314 -0.002101 0.003687 -0.000345 0.000729 -0.005630 0.999984
96.091729641 -0.026377 -0.002104 0.003698 -0.000337 0.000733 -0.005658 0.999984
96.317116976 -0.026431 -0.002106 0.003711 -0.000333 0.000735 -0.005678 0.999984
96.436542273 -0.026490 -0.002109 0.003725 -0.000335 0.000736 -0.005686 0.999984
96.665351152 -0.026555 -0.002115 0.003736 -0.000337 0.000740 -0.005699 0.999983
96.787678957 -0.026616 -0.002115 0.003755 -0.000336 0.000739 -0.005710 0.999983
97.012833834 -0.026688 -0.002124 0.003754 -0.000330 0.000747 -0.005745 0.999983
97.133594036 -0.026749 -0.002130 0.003771 -0.000331 0.000751 -0.005753 0.999983
97.360719681 -0.026805 -0.002134 0.003788 -0.000331 0.000758 -0.005769 0.999983
97.481482267 -0.026873 -0.002136 0.003807 -0.000324 0.000762 -0.005782 0.999983
97.710079193 -0.026939 -0.002142 0.003819 -0.000321 0.000769 -0.005812 0.999983
97.840044260 -0.027004 -0.002150 0.003835 -0.000312 0.000777 -0.005833 0.999983
98.070670128 -0.027072 -0.002154 0.003850 -0.000311 0.000785 -0.005847 0.999983
98.192015648 -0.027150 -0.002157 0.003876 -0.000305 0.000789 -0.005873 0.999982
98.426029682 -0.027216 -0.002158 0.003900 -0.000301 0.000793 -0.005889 0.999982
98.548895121 -0.027272 -0.002160 0.003914 -0.000297 0.000799 -0.005905 0.999982
98.780500412 -0.027329 -0.002164 0.003931 -0.000289 0.000803 -0.005929 0.999982
98.903772593 -0.027386 -0.002166 0.003942 -0.000287 0.000807 -0.005963 0.999982
99.131119967 -0.027451 -0.002177 0.003945 -0.000277 0.000817 -0.006023 0.999981
99.251323462 -0.027519 -0.002181 0.003967 -0.000274 0.000823 -0.006064 0.999981
99.479948759 -0.027572 -0.002186 0.003985 -0.000271 0.000829 -0.006088 0.999981
99.601400375 -0.027635 -0.002192 0.004008 -0.000267 0.000838 -0.006108 0.999981
99.831352949 -0.027691 -0.002196 0.004020 -0.000267 0.000844 -0.006130 0.999981
99.953649044 -0.027743 -0.002198 0.004038 -0.000264 0.000844 -0.006154 0.999981
100.179336786 -0.027818 -0.002206 0.004055 -0.000251 0.000842 -0.006187 0.999980
100.300236225 -0.027885 -0.002211 0.004062 -0.000248 0.000840 -0.006210 0.999980
100.525108814 -0.027947 -0.002221 0.004075 -0.000234 0.000840 -0.006231 0.999980
100.644536495 -0.028013 -0.002228 0.004090 -0.000231 0.000840 -0.006251 0.999980
100.875086546 -0.028076 -0.002233 0.004089 -0.000232 0.000840 -0.006284 0.999980
100.996731758 -0.028148 -0.002244 0.004095 -0.000213 0.000838 -0.006312 0.999980
101.222868919 -0.028228 -0.002252 0.004104 -0.000204 0.000842 -0.006343 0.999980
101.344095230 -0.028306 -0.002262 0.004117 -0.000196 0.000841 -0.006368 0.999979
101.572987318 -0.028369 -0.002266 0.004138 -0.000191 0.000838 -0.006373 0.999979
101.694244385 -0.028427 -0.002273 0.004141 -0.000183 0.000837 -0.006404 0.999979
101.922828436 -0.028496 -0.002279 0.004158 -0.000181 0.000835 -0.006415 0.999979
102.043841600 -0.028566 -0.002289 0.004168 -0.000170 0.000836 -0.006448 0.999979
102.272113800 -0.028640 -0.002240 0.004437 -0.000097 0.000748 -0.006465 0.999979
102.396710634 -0.028772 -0.001954 0.005978 0.000237 0.000232 -0.006424 0.999979
102.583013773 -0.029029 -0.001338 0.009556 0.001032 -0.001024 -0.006360 0.999979
102.653584480 -0.029592 -0.000196 0.015295 0.002405 -0.002903 -0.006490 0.999972
102.819239855 -0.030724 0.001463 0.023535 0.003568 -0.005473 -0.007275 0.999952
102.882923841 -0.032236 0.003075 0.032552 0.003820 -0.007876 -0.008514 0.999925
103.040555477 -0.033885 0.004207 0.041616 0.003588 -0.009929 -0.009973 0.999895
103.098338604 -0.035788 0.004845 0.051530 0.003244 -0.011813 -0.011620 0.999857
103.258256912 -0.038102 0.005069 0.061669 0.002480 -0.013333 -0.013221 0.999821
103.317469835 -0.040291 0.005081 0.071917 0.002109 -0.014394 -0.014783 0.999785
103.479240179 -0.040575 0.005154 0.082318 0.003283 -0.014925 -0.015260 0.999767
103.542785645 -0.040366 0.004945 0.091594 0.002945 -0.015052 -0.014796 0.999773
103.701991320 -0.040267 0.003973 0.101201 0.002032 -0.015002 -0.013898 0.999789
103.760412693 -0.041002 0.003340 0.111251 0.000092 -0.014772 -0.013093 0.999805
103.917587042 -0.041947 0.002920 0.122134 -0.002340 -0.014295 -0.011980 0.999823
103.976778746 -0.042660 0.002465 0.133075 -0.004042 -0.013416 -0.011267 0.999838
104.134009600 -0.043585 0.002026 0.143944 -0.005771 -0.012262 -0.011161 0.999846
104.190052986 -0.045343 0.001646 0.154890 -0.008731 -0.011053 -0.011485 0.999835
104.346772909 -0.047361 0.001384 0.165985 -0.011596 -0.009824 -0.012018 0.999812
104.403725863 -0.049226 0.001313 0.177177 -0.013804 -0.008523 -0.012711 0.999788
104.560863733 -0.051068 0.001284 0.188428 -0.015751 -0.007085 -0.013379 0.999761
104.614667416 -0.053314 0.001130 0.199804 -0.018596 -0.005647 -0.013950 0.999714
104.775946856 -0.055501 0.000730 0.211297 -0.021059 -0.004203 -0.014525 0.999664
104.832844734 -0.057066 0.000212 0.222831 -0.022069 -0.002817 -0.014937 0.999641
104.991302729 -0.058750 -0.000507 0.234409 -0.023337 -0.001597 -0.015155 0.999612
105.049915791 -0.061060 -0.001442 0.246171 -0.025679 -0.000539 -0.015229 0.999554
105.212228060 -0.063306 -0.001092 0.258092 -0.027640 0.000075 -0.014966 0.999506
105.268868208 -0.064904 0.000453 0.269925 -0.027370 0.000111 -0.014231 0.999524
105.429340124 -0.066626 0.001842 0.281572 -0.026904 -0.000229 -0.013320 0.999549
105.486798525 -0.068523 0.002338 0.293217 -0.026190 -0.000750 -0.012370 0.999580
105.648283482 -0.069746 0.004875 0.301968 -0.028744 -0.000637 -0.018285 0.999419
105.704141855 -0.069740 0.007486 0.306488 -0.032869 -0.000054 -0.030187 0.999004
105.862510204 -0.069639 0.008071 0.311809 -0.035578 0.000093 -0.042136 0.998478
105.917502403 -0.068776 0.007321 0.317766 -0.035117 -0.000279 -0.052918 0.997981
106.079661608 -0.067133 0.004914 0.324293 -0.030967 -0.001178 -0.062802 0.997545
106.140898228 -0.066471 0.002979 0.332383 -0.028566 -0.002982 -0.070897 0.997070
106.308327436 -0.066692 0.001235 0.341295 -0.027148 -0.005329 -0.076792 0.996663
106.373506069 -0.067534 0.000099 0.350439 -0.025584 -0.007792 -0.080638 0.996385
106.533053637 -0.069455 0.004174 0.357600 -0.032393 -0.009078 -0.086553 0.995679
106.589156866 -0.070334 0.007712 0.364486 -0.038615 -0.010423 -0.093388 0.994826
106.749848366 -0.070633 0.009248 0.372820 -0.041954 -0.012252 -0.100387 0.993988
106.811264038 -0.069997 0.008972 0.380716 -0.040031 -0.014273 -0.105929 0.993465
106.972357512 -0.069628 0.006923 0.388796 -0.035266 -0.016400 -0.110997 0.993059
107.035632849 -0.070912 0.004253 0.397432 -0.030503 -0.018391 -0.115169 0.992707
107.202159166 -0.074256 0.003724 0.406502 -0.029137 -0.019657 -0.116710 0.992544
107.263348579 -0.077647 0.003199 0.416304 -0.027558 -0.020627 -0.117756 0.992446
107.424451351 -0.080495 0.002569 0.425460 -0.024294 -0.021594 -0.118114 0.992468
107.483568668 -0.084862 0.003007 0.435740 -0.022701 -0.022207 -0.116973 0.992627
107.642111301 -0.088315 0.004577 0.447306 -0.021087 -0.022399 -0.115040 0.992884
107.700719833 -0.087717 0.008744 0.462035 -0.019970 -0.022339 -0.113093 0.993132
107.861350775 -0.088610 0.011504 0.477340 -0.021940 -0.021841 -0.110404 0.993405
107.921754599 -0.090879 0.011576 0.492863 -0.025330 -0.020943 -0.107351 0.993678
108.083564520 -0.093079 0.009879 0.508237 -0.026223 -0.020182 -0.104226 0.994003
108.142849922 -0.093526 0.007211 0.522385 -0.022569 -0.020100 -0.104772 0.994037
108.306980371 -0.095788 0.003865 0.535447 -0.021600 -0.019428 -0.106251 0.993915
108.368616343 -0.099271 0.001967 0.548064 -0.021731 -0.018624 -0.107589 0.993783
108.533491850 -0.102985 0.002980 0.560244 -0.020490 -0.018057 -0.108761 0.993693
108.594690800 -0.106961 0.004259 0.572097 -0.018117 -0.017568 -0.109745 0.993639
108.757130623 -0.111910 0.005807 0.583606 -0.016897 -0.017007 -0.110809 0.993553
108.817008734 -0.117428 0.006795 0.595072 -0.016477 -0.016364 -0.112275 0.993406
108.980587482 -0.121492 0.007912 0.607507 -0.013605 -0.016213 -0.114813 0.993162
109.042001724 -0.126040 0.009328 0.621189 -0.011243 -0.016226 -0.116561 0.992987
109.204376459 -0.131099 0.011986 0.635619 -0.011208 -0.015975 -0.118998 0.992703
109.264321089 -0.136242 0.014872 0.650784 -0.012342 -0.015544 -0.122021 0.992329
109.424201727 -0.141754 0.016275 0.666193 -0.012869 -0.015237 -0.123920 0.992092
109.483999729 -0.147739 0.016630 0.681697 -0.013780 -0.014819 -0.124878 0.991966
109.644779205 -0.153601 0.017183 0.696929 -0.014264 -0.014372 -0.124632 0.991996
109.705509663 -0.159511 0.018200 0.711754 -0.014980 -0.013753 -0.123351 0.992155
109.867497683 -0.164981 0.020283 0.726475 -0.015035 -0.013096 -0.121191 0.992429
109.927155256 -0.170283 0.021886 0.741314 -0.013873 -0.012640 -0.118502 0.992776
110.087348938 -0.175621 0.022343 0.755843 -0.011332 -0.012476 -0.114867 0.993238
110.147353411 -0.181759 0.023927 0.769593 -0.010845 -0.012206 -0.110434 0.993749
110.307347536 -0.188333 0.026246 0.782961 -0.011673 -0.012000 -0.105395 0.994290
110.366830826 -0.194583 0.027707 0.796103 -0.011489 -0.011893 -0.099774 0.994873
110.531224012 -0.200732 0.028468 0.808919 -0.011281 -0.011551 -0.094958 0.995350
110.591861248 -0.206908 0.029468 0.821252 -0.011135 -0.011732 -0.090804 0.995737
110.752549887 -0.213562 0.030535 0.833069 -0.011694 -0.012436 -0.086999 0.996062
110.814973116 -0.220594 0.030970 0.844666 -0.012504 -0.013642 -0.083074 0.996372
110.973048449 -0.227991 0.031185 0.855870 -0.014448 -0.015330 -0.078973 0.996654
111.032728195 -0.235128 0.031020 0.866738 -0.016051 -0.017574 -0.074516 0.996936
111.189839602 -0.241992 0.031115 0.877318 -0.017114 -0.020524 -0.069720 0.997209
111.248400450 -0.248552 0.032037 0.887740 -0.017731 -0.024249 -0.064465 0.997468
111.400619030 -0.255220 0.032871 0.897999 -0.018800 -0.028325 -0.059345 0.997658
111.460125685 -0.261815 0.033543 0.908119 -0.020193 -0.032403 -0.054681 0.997774
111.610520601 -0.267160 0.033390 0.918233 -0.019181 -0.036156 -0.051551 0.997831
111.668152809 -0.270910 0.032935 0.928239 -0.015879 -0.039469 -0.050621 0.997811
111.816520691 -0.273909 0.033550 0.938202 -0.013462 -0.042439 -0.051401 0.997685
111.874830723 -0.276690 0.033966 0.948156 -0.011432 -0.045189 -0.052435 0.997536
112.018145323 -0.280154 0.035114 0.957896 -0.012222 -0.047240 -0.053819 0.997358
112.075994968 -0.283769 0.035869 0.967589 -0.013553 -0.048807 -0.055744 0.997159
112.224260569 -0.288062 0.036072 0.977348 -0.016189 -0.050078 -0.058258 0.996913
112.282028675 -0.292227 0.037978 0.987122 -0.018230 -0.051090 -0.062171 0.996590
112.429278851 -0.295834 0.040372 0.996913 -0.018232 -0.051994 -0.066784 0.996245
112.486171961 -0.299407 0.041310 1.006939 -0.016825 -0.053147 -0.070330 0.995965
112.632370710 -0.303274 0.042246 1.017137 -0.016161 -0.054044 -0.072645 0.995761
112.691259861 -0.307060 0.042770 1.027443 -0.015306 -0.054803 -0.074045 0.995630
112.839806557 -0.310616 0.042967 1.037797 -0.013684 -0.055483 -0.074958 0.995548
112.901066303 -0.314215 0.043029 1.048099 -0.011825 -0.055984 -0.075727 0.995485
113.046221495 -0.317812 0.043107 1.058304 -0.009787 -0.056335 -0.076430 0.995434
113.103604078 -0.321619 0.044394 1.068365 -0.009250 -0.056392 -0.076872 0.995402
113.248018026 -0.325733 0.046460 1.078427 -0.010338 -0.056097 -0.076689 0.995422
113.306171894 -0.330015 0.047448 1.088805 -0.011076 -0.055646 -0.075925 0.995498
113.450761557 -0.334774 0.048422 1.099018 -0.012405 -0.054748 -0.075100 0.995595
113.505907536 -0.339635 0.048923 1.109352 -0.013530 -0.054016 -0.074591 0.995658
113.651074409 -0.344134 0.049098 1.119710 -0.014267 -0.053170 -0.074656 0.995689
113.708429575 -0.347603 0.050152 1.129964 -0.014158 -0.052102 -0.075568 0.995678
113.855103970 -0.350854 0.051248 1.140339 -0.014858 -0.050602 -0.077140 0.995624
113.911257744 -0.353816 0.051868 1.151024 -0.015081 -0.048942 -0.078762 0.995577
114.056654930 -0.356461 0.052191 1.162075 -0.014467 -0.047279 -0.080131 0.995557
114.112128019 -0.359043 0.052591 1.173063 -0.012580 -0.045627 -0.080741 0.995611
114.257297754 -0.361703 0.052278 1.184038 -0.009989 -0.044020 -0.081117 0.995682
114.313362122 -0.364449 0.051153 1.195053 -0.006519 -0.042470 -0.081265 0.995766
114.461941719 -0.367807 0.048890 1.206034 -0.002612 -0.040894 -0.081311 0.995846
114.517562389 -0.373654 0.048078 1.216468 -0.004754 -0.038473 -0.081703 0.995903
114.669080019 -0.379257 0.049034 1.226915 -0.006277 -0.036471 -0.082086 0.995938
114.724694967 -0.383478 0.052101 1.237181 -0.004907 -0.035150 -0.082122 0.995990
114.877237082 -0.387305 0.055272 1.247217 -0.002894 -0.034166 -0.081760 0.996062
114.934500456 -0.390809 0.057831 1.257163 -0.000430 -0.033347 -0.081181 0.996141
115.084069729 -0.394050 0.059977 1.267016 0.001736 -0.032443 -0.080882 0.996194
115.143011808 -0.397106 0.061733 1.276951 0.003851 -0.031533 -0.080683 0.996233
115.293653011 -0.400536 0.063575 1.286838 0.005387 -0.030728 -0.080338 0.996279
115.351159573 -0.404668 0.065632 1.296604 0.005699 -0.029929 -0.079988 0.996330
115.502707481 -0.409123 0.067270 1.306511 0.006171 -0.029315 -0.079090 0.996417
115.560395718 -0.414135 0.068891 1.316606 0.006853 -0.029029 -0.077330 0.996559
115.707616568 -0.420311 0.070642 1.326845 0.005682 -0.028689 -0.075028 0.996752
115.765802383 -0.426444 0.072015 1.337160 0.005920 -0.028624 -0.071941 0.996980
115.916594267 -0.432744 0.073244 1.347276 0.006703 -0.028840 -0.067505 0.997279
115.972171068 -0.439563 0.074910 1.357211 0.006301 -0.028882 -0.062302 0.997619
116.119571924 -0.446115 0.075679 1.367316 0.007520 -0.029084 -0.056742 0.997937
116.175009966 -0.452472 0.074992 1.377586 0.010903 -0.029592 -0.050968 0.998202
116.324327946 -0.459029 0.073144 1.387871 0.015250 -0.030260 -0.044844 0.998419
116.383928061 -0.466539 0.071993 1.398256 0.017324 -0.030988 -0.038194 0.998640
116.535759449 -0.474117 0.073857 1.408626 0.017226 -0.031880 -0.030292 0.998884
116.594215631 -0.482477 0.075847 1.419114 0.014434 -0.032564 -0.022100 0.999121
116.744209290 -0.491290 0.076653 1.429638 0.010612 -0.032835 -0.014789 0.999295
116.802608490 -0.500061 0.075897 1.440505 0.007737 -0.033392 -0.007945 0.999381
116.955795050 -0.508107 0.075704 1.451472 0.005583 -0.033807 -0.002262 0.999410
117.017372847 -0.514375 0.076435 1.462476 0.005911 -0.034105 0.001915 0.999399
117.171188354 -0.519855 0.076653 1.473527 0.007288 -0.034218 0.004877 0.999376
117.232693434 -0.524801 0.076679 1.484507 0.008389 -0.033968 0.006333 0.999368
117.383666515 -0.529148 0.076805 1.495555 0.008916 -0.033384 0.006341 0.999383
117.444735050 -0.533070 0.076275 1.506761 0.009400 -0.032536 0.005110 0.999413
117.597335815 -0.536266 0.075672 1.518147 0.010576 -0.031502 0.003150 0.999443
117.658640623 -0.539061 0.075162 1.529678 0.011919 -0.030358 0.001199 0.999467
117.811481953 -0.541658 0.075038 1.541237 0.012753 -0.029056 -0.000654 0.999496
117.874501467 -0.544629 0.074698 1.552934 0.012434 -0.027617 -0.002538 0.999538
118.026950598 -0.548058 0.074366 1.564960 0.011648 -0.026334 -0.003578 0.999579
118.086779118 -0.551733 0.074944 1.577202 0.011105 -0.024801 -0.003706 0.999624
118.239959478 -0.555670 0.074861 1.589621 0.011262 -0.023113 -0.003318 0.999664
118.301134586 -0.559064 0.074630 1.601806 0.014392 -0.021297 -0.002126 0.999667
118.457515955 -0.562958 0.075233 1.613718 0.016400 -0.019272 -0.000479 0.999680
118.518381834 -0.567240 0.076640 1.625406 0.016506 -0.017238 0.000334 0.999715
118.674290657 -0.571078 0.077664 1.637090 0.017412 -0.015303 0.001191 0.999731
118.732521057 -0.574499 0.078689 1.648628 0.018675 -0.013504 0.002158 0.999732
118.890912294 -0.577450 0.079798 1.659930 0.020657 -0.011829 0.003291 0.999711
118.952109337 -0.579747 0.081362 1.670916 0.023117 -0.010115 0.004132 0.999673
119.113002300 -0.581743 0.082913 1.681776 0.025120 -0.008366 0.004593 0.999639
119.173115015 -0.583896 0.083782 1.692750 0.026532 -0.006759 0.005218 0.999611
119.333667517 -0.586305 0.084218 1.703841 0.027685 -0.005422 0.006391 0.999582
119.392116070 -0.589533 0.084981 1.714974 0.026789 -0.004353 0.007844 0.999601
119.554962397 -0.592900 0.085626 1.726163 0.025556 -0.003493 0.009520 0.999622
119.616467476 -0.595530 0.086178 1.737397 0.026002 -0.002940 0.011671 0.999589
119.780859947 -0.598222 0.086476 1.748528 0.026352 -0.002620 0.013891 0.999553
119.842142105 -0.601542 0.086856 1.759679 0.025098 -0.002622 0.016230 0.999550
120.006495714 -0.605057 0.086967 1.770856 0.023520 -0.002904 0.018716 0.999544
120.069594860 -0.608430 0.086888 1.782020 0.022409 -0.003585 0.021541 0.999510
120.229943514 -0.611595 0.087220 1.793039 0.021697 -0.004554 0.024416 0.999456
120.291308403 -0.615066 0.087582 1.804009 0.020355 -0.005687 0.027008 0.999412
120.455904007 -0.618124 0.088070 1.814871 0.019813 -0.006978 0.029230 0.999352
120.514820576 -0.620831 0.088788 1.825538 0.019669 -0.008314 0.030817 0.999297
120.674607038 -0.623666 0.088675 1.836133 0.019118 -0.009506 0.031586 0.999273
120.734127760 -0.626746 0.088331 1.846647 0.017399 -0.010594 0.031586 0.999293
120.897143126 -0.629770 0.088058 1.857153 0.015148 -0.011815 0.031601 0.999316
120.955586910 -0.632316 0.087403 1.867708 0.013629 -0.013236 0.031867 0.999312
121.115072489 -0.635100 0.086267 1.878373 0.011649 -0.015060 0.032652 0.999285
121.175192356 -0.638361 0.086565 1.889024 0.008439 -0.017206 0.033613 0.999251
121.336055994 -0.640743 0.087649 1.899633 0.007667 -0.019428 0.034720 0.999179
121.396545410 -0.642570 0.088923 1.910067 0.008608 -0.021483 0.035367 0.999106
121.557468176 -0.644346 0.090225 1.920257 0.009319 -0.023157 0.035249 0.999067
121.617298365 -0.645963 0.091551 1.930332 0.010331 -0.024411 0.034701 0.999046
121.772968531 -0.647735 0.092624 1.940436 0.011330 -0.025346 0.034140 0.999031
121.830700397 -0.649404 0.093668 1.950550 0.012712 -0.025985 0.033499 0.999020
121.983762026 -0.650918 0.094976 1.960717 0.014168 -0.026290 0.032719 0.999018
122.042559862 -0.652409 0.096142 1.971055 0.015304 -0.026417 0.032026 0.999021
122.200096607 -0.653892 0.096649 1.981503 0.016295 -0.026420 0.031527 0.999021
122.261251926 -0.655351 0.096680 1.992026 0.017122 -0.026301 0.031177 0.999021
122.415190935 -0.656991 0.096455 2.002678 0.017094 -0.026130 0.031048 0.999030
122.476033688 -0.659113 0.095978 2.013498 0.015729 -0.025819 0.030824 0.999067
122.630214453 -0.660411 0.095958 2.024299 0.016325 -0.025204 0.030510 0.999083
122.689751863 -0.661387 0.095955 2.035157 0.017428 -0.024449 0.030348 0.999088
122.844663858 -0.662441 0.095636 2.046076 0.018368 -0.023655 0.030329 0.999091
122.902402401 -0.663717 0.095594 2.057007 0.018606 -0.022810 0.030479 0.999102
123.060255766 -0.664938 0.095849 2.067868 0.019104 -0.021852 0.030661 0.999108
123.119995117 -0.666295 0.096381 2.078701 0.019341 -0.020884 0.030926 0.999116
123.277208805 -0.667836 0.096556 2.089578 0.019259 -0.019980 0.031276 0.999125
123.338617325 -0.669061 0.096633 2.100391 0.020175 -0.019020 0.031572 0.999117
123.494968891 -0.670193 0.096605 2.111141 0.021623 -0.017995 0.031710 0.999101
123.553408861 -0.671949 0.096629 2.121903 0.021763 -0.017039 0.031693 0.999115
123.713341236 -0.674797 0.097772 2.132680 0.018949 -0.016488 0.031717 0.999181
123.772033453 -0.677467 0.099073 2.143427 0.017011 -0.016018 0.031790 0.999221
123.931123734 -0.679899 0.100068 2.154138 0.015723 -0.015637 0.032004 0.999242
123.990775824 -0.682279 0.100218 2.164893 0.014180 -0.015487 0.032554 0.999249
124.147492170 -0.684449 0.100416 2.175536 0.012342 -0.015518 0.033442 0.999244
124.206073046 -0.686698 0.100945 2.186089 0.009706 -0.015842 0.034631 0.999227
124.365277052 -0.688124 0.101719 2.196520 0.008939 -0.016193 0.035698 0.999191
124.424369097 -0.689120 0.102376 2.206857 0.009035 -0.016692 0.036472 0.999154
124.581403494 -0.690219 0.102464 2.217193 0.008999 -0.017336 0.036888 0.999129
124.640534878 -0.691484 0.102934 2.227428 0.008400 -0.018178 0.037353 0.999101
124.798352957 -0.692877 0.103607 2.237630 0.007924 -0.019155 0.037907 0.999066
124.856494904 -0.694102 0.104548 2.247829 0.008508 -0.020212 0.038367 0.999023
125.018359423 -0.695586 0.105454 2.258110 0.008860 -0.021514 0.038849 0.998974
125.076870441 -0.697312 0.106179 2.268407 0.008724 -0.023035 0.039430 0.998919
125.231518269 -0.699154 0.106733 2.278653 0.008239 -0.024717 0.040054 0.998858
125.288672447 -0.700673 0.107035 2.288790 0.008380 -0.026343 0.040428 0.998800
125.439981461 -0.701680 0.107435 2.298797 0.009366 -0.027813 0.040539 0.998747
125.498627424 -0.703131 0.108405 2.308780 0.008790 -0.029269 0.040590 0.998708
125.650856495 -0.705260 0.109369 2.318796 0.006924 -0.030589 0.040274 0.998696
125.707796097 -0.707549 0.110277 2.328906 0.004870 -0.031758 0.039657 0.998697
125.861416578 -0.709303 0.111368 2.339040 0.003900 -0.032653 0.038729 0.998708
125.917326450 -0.710837 0.112324 2.349331 0.002916 -0.033424 0.037939 0.998717
126.067260504 -0.712318 0.112350 2.359758 0.002064 -0.034031 0.037154 0.998728
126.124625683 -0.713509 0.111854 2.370275 0.001740 -0.034295 0.036113 0.998758
126.274087429 -0.714521 0.111254 2.380907 0.001624 -0.034162 0.034945 0.998804
126.330615044 -0.715420 0.110444 2.391638 0.002047 -0.033778 0.034058 0.998847
126.483566284 -0.716487 0.109929 2.402513 0.002366 -0.033355 0.033784 0.998870
126.538430929 -0.718471 0.109730 2.413585 0.001028 -0.032882 0.033785 0.998888
126.689670801 -0.721222 0.109216 2.424871 -0.001738 -0.032313 0.033913 0.998901
126.747231245 -0.723689 0.108562 2.436117 -0.003198 -0.031311 0.033783 0.998934
126.902769327 -0.725173 0.109046 2.447221 -0.002256 -0.029815 0.033308 0.998998
126.960153580 -0.726794 0.109213 2.458392 -0.001514 -0.028077 0.032608 0.999073
127.115644217 -0.728557 0.108865 2.469668 -0.001107 -0.026139 0.031702 0.999155
127.174628735 -0.730401 0.108839 2.481134 -0.001522 -0.024083 0.030818 0.999234
127.338664770 -0.732373 0.108740 2.492850 -0.002390 -0.022066 0.030287 0.999295
127.398499966 -0.734512 0.108369 2.504786 -0.003647 -0.020161 0.030063 0.999338
127.557479858 -0.736447 0.108563 2.516801 -0.004710 -0.018251 0.029944 0.999374
127.615211964 -0.738301 0.108301 2.528858 -0.005908 -0.016318 0.029790 0.999406
127.774686098 -0.740195 0.107887 2.540990 -0.008035 -0.014550 0.029697 0.999421
127.830806971 -0.742185 0.106928 2.553212 -0.010854 -0.012945 0.029599 0.999419
127.995054960 -0.744405 0.106147 2.565518 -0.014998 -0.011579 0.029503 0.999385
128.054675341 -0.746008 0.105645 2.577832 -0.017796 -0.010274 0.029371 0.999357
128.216471672 -0.746881 0.105365 2.589969 -0.018701 -0.009155 0.029409 0.999351
128.273947001 -0.747508 0.105731 2.601667 -0.019081 -0.008579 0.030045 0.999330
128.438868046 -0.748306 0.106549 2.612942 -0.019694 -0.008408 0.031100 0.999287
128.497077942 -0.748978 0.107582 2.623764 -0.019434 -0.008360 0.032217 0.999257
128.660762548 -0.749773 0.108421 2.634232 -0.019188 -0.008413 0.033148 0.999231
128.719008207 -0.750891 0.108741 2.644594 -0.019444 -0.008669 0.033932 0.999197
128.885603666 -0.752073 0.108832 2.654788 -0.019700 -0.009086 0.034620 0.999165
128.941150427 -0.753228 0.109119 2.664800 -0.020059 -0.009701 0.035191 0.999132
129.103609324 -0.754451 0.109752 2.674756 -0.020740 -0.010688 0.035877 0.999084
129.162013769 -0.755673 0.110541 2.685183 -0.021365 -0.011928 0.036609 0.999030
129.328137398 -0.756403 0.112269 2.694763 -0.021463 -0.013118 0.037033 0.998997
129.389304638 -0.757414 0.113696 2.704309 -0.022373 -0.014230 0.037102 0.998960
129.551503897 -0.758308 0.114783 2.713894 -0.023143 -0.015326 0.037049 0.998928
129.610902548 -0.759092 0.115422 2.723572 -0.023844 -0.016391 0.036876 0.998901
129.773812771 -0.759205 0.116082 2.733347 -0.023391 -0.017465 0.036824 0.998895
129.834586620 -0.759017 0.116914 2.743217 -0.022691 -0.018504 0.036823 0.998893
129.995531559 -0.759153 0.118019 2.753221 -0.023376 -0.019459 0.036585 0.998868
130.050854921 -0.759585 0.118636 2.762750 -0.024461 -0.020338 0.036549 0.998825
130.209248781 -0.760188 0.119121 2.772976 -0.025674 -0.021279 0.036816 0.998766
130.265309334 -0.760933 0.119639 2.783262 -0.027237 -0.022164 0.037139 0.998693
130.420999050 -0.761326 0.120576 2.793542 -0.028202 -0.022948 0.037415 0.998638
130.477125645 -0.761546 0.121542 2.803755 -0.028683 -0.023557 0.037392 0.998611
130.631631613 -0.761662 0.121987 2.813983 -0.028467 -0.023951 0.037089 0.998619
130.689026356 -0.761440 0.122454 2.824167 -0.027064 -0.024103 0.036683 0.998670
130.843769312 -0.761279 0.122808 2.834367 -0.025163 -0.024115 0.036355 0.998731
130.901531458 -0.761483 0.123361 2.844785 -0.024016 -0.023909 0.036135 0.998772
131.058591366 -0.762182 0.123833 2.855705 -0.023349 -0.023577 0.036674 0.998776
131.114215136 -0.763308 0.124195 2.866919 -0.022449 -0.023055 0.038039 0.998758
131.270347118 -0.764777 0.125111 2.878665 -0.021863 -0.022299 0.040467 0.998693
131.328105927 -0.766183 0.125630 2.891045 -0.020556 -0.021391 0.043696 0.998604
131.483938456 -0.767238 0.125150 2.903614 -0.017046 -0.020321 0.047357 0.998526
131.541003704 -0.768371 0.124043 2.916373 -0.012554 -0.019170 0.051545 0.998408
131.697839737 -0.769814 0.123485 2.929368 -0.008621 -0.017890 0.056301 0.998216
131.755148172 -0.772007 0.123894 2.942477 -0.007288 -0.016228 0.061188 0.997968
131.915095329 -0.774501 0.124415 2.955194 -0.007229 -0.014190 0.065435 0.997730
131.971994877 -0.776394 0.125107 2.967520 -0.006853 -0.012144 0.068496 0.997554
132.131544590 -0.778029 0.125113 2.979634 -0.006537 -0.009906 0.070503 0.997441
132.189894438 -0.779865 0.124024 2.991631 -0.007291 -0.007557 0.071504 0.997385
132.356720209 -0.781510 0.123008 3.003560 -0.008606 -0.005422 0.072371 0.997326
132.416580439 -0.783361 0.122350 3.015463 -0.011210 -0.003751 0.073489 0.997226
132.582545519 -0.784513 0.122583 3.027222 -0.011949 -0.002702 0.075239 0.997090
132.645982981 -0.785414 0.123788 3.038715 -0.011721 -0.002464 0.077344 0.996933
132.814185619 -0.786618 0.125029 3.050076 -0.011763 -0.002883 0.079503 0.996761
132.872234106 -0.788154 0.125916 3.061382 -0.012175 -0.003915 0.081867 0.996561
133.038919210 -0.789778 0.125737 3.072656 -0.012259 -0.005354 0.084487 0.996335
133.097729921 -0.791451 0.125557 3.083838 -0.012680 -0.007308 0.087213 0.996082
133.260297775 -0.793183 0.125297 3.094919 -0.013555 -0.009585 0.089879 0.995814
133.318222284 -0.794801 0.125618 3.105913 -0.014177 -0.012186 0.092470 0.995540
133.480657339 -0.795798 0.126145 3.116491 -0.013134 -0.014487 0.094364 0.995346
133.538406849 -0.796272 0.126501 3.126661 -0.010818 -0.016283 0.095266 0.995260
133.701639175 -0.796764 0.127179 3.137441 -0.008758 -0.017750 0.095300 0.995252
133.762304068 -0.797184 0.128301 3.146909 -0.007011 -0.018840 0.095359 0.995240
133.927944422 -0.797798 0.129069 3.156481 -0.005158 -0.019940 0.096372 0.995132
133.982738733 -0.798873 0.129680 3.166747 -0.003574 -0.020986 0.098728 0.994887
134.145433903 -0.800110 0.130931 3.177009 -0.002772 -0.021573 0.101613 0.994586
134.202129126 -0.800881 0.131790 3.187270 -0.001417 -0.022123 0.103690 0.994363
134.361328840 -0.801050 0.132411 3.197481 0.000796 -0.022414 0.104891 0.994231
134.418988943 -0.800929 0.133212 3.207768 0.002517 -0.022655 0.105487 0.994159
134.579478264 -0.800690 0.133554 3.218152 0.003903 -0.022765 0.105615 0.994139
134.634863853 -0.800315 0.133603 3.228570 0.005168 -0.022722 0.105394 0.994157
134.793546677 -0.800298 0.133653 3.239225 0.004894 -0.022682 0.104963 0.994205
134.849543571 -0.800632 0.133240 3.250050 0.003414 -0.022761 0.104653 0.994242
135.009557962 -0.800475 0.132887 3.260747 0.002826 -0.022714 0.104548 0.994256
135.066806078 -0.799846 0.132840 3.271226 0.003014 -0.022501 0.104463 0.994270
135.223201036 -0.799262 0.133374 3.281625 0.002421 -0.022269 0.104281 0.994296
135.280458212 -0.798803 0.133630 3.292052 0.001344 -0.022138 0.104226 0.994306
135.438688517 -0.798530 0.133537 3.302456 -0.000284 -0.021989 0.103927 0.994342
135.497229815 -0.798462 0.133249 3.312878 -0.002821 -0.021840 0.103396 0.994396
135.657704592 -0.798676 0.132580 3.323352 -0.006263 -0.021726 0.103033 0.994421
135.715985775 -0.797644 0.132918 3.333507 -0.007222 -0.021287 0.102843 0.994444
135.880304098 -0.796017 0.134101 3.343572 -0.006641 -0.020538 0.102706 0.994478
135.939618111 -0.794634 0.134921 3.353767 -0.006673 -0.019779 0.102493 0.994515
136.102569103 -0.793093 0.135394 3.363980 -0.006214 -0.019008 0.102452 0.994537
136.158916235 -0.791435 0.135868 3.374182 -0.004484 -0.018228 0.102578 0.994548
136.320401669 -0.790244 0.135969 3.384478 -0.002695 -0.017494 0.102641 0.994561
136.379127502 -0.789595 0.136233 3.394909 -0.001350 -0.017083 0.103068 0.994527
136.538552284 -0.789332 0.136787 3.405519 -0.000092 -0.017220 0.104512 0.994375
136.598797321 -0.789974 0.138280 3.416489 -0.001117 -0.017990 0.107416 0.994051
136.757729292 -0.790887 0.140444 3.427438 -0.002395 -0.018984 0.111506 0.993580
136.815993309 -0.792214 0.142049 3.438480 -0.004159 -0.020171 0.116139 0.993019
136.975500107 -0.793573 0.143934 3.449368 -0.006156 -0.021389 0.121348 0.992360
137.035637140 -0.794821 0.146006 3.459892 -0.007858 -0.022458 0.127028 0.991614
137.196089983 -0.795911 0.147560 3.470526 -0.009506 -0.023244 0.132479 0.990868
137.257842064 -0.795689 0.148909 3.480179 -0.008236 -0.024022 0.135913 0.990395
137.420650005 -0.794877 0.150160 3.489548 -0.007108 -0.024682 0.137275 0.990200
137.482424259 -0.793400 0.150954 3.498932 -0.006277 -0.025271 0.137537 0.990154
137.657999992 -0.791442 0.151228 3.508549 -0.005631 -0.025899 0.137518 0.990145
137.719361305 -0.789436 0.151035 3.518267 -0.005194 -0.026560 0.137431 0.990142
137.882892847 -0.787692 0.151322 3.528020 -0.005911 -0.027254 0.137103 0.990164
137.946661472 -0.786139 0.151538 3.537843 -0.006781 -0.027948 0.136679 0.990198
138.105678082 -0.784449 0.151745 3.547663 -0.006901 -0.028616 0.136413 0.990215
138.167047262 -0.782861 0.151953 3.556912 -0.006926 -0.029263 0.136205 0.990224
138.323882341 -0.781426 0.152263 3.566864 -0.007819 -0.029978 0.135862 0.990243
138.380097628 -0.780120 0.152366 3.576912 -0.009096 -0.030693 0.135442 0.990268
138.536245823 -0.778723 0.152050 3.587003 -0.010175 -0.031336 0.134991 0.990299
138.594739676 -0.777396 0.151150 3.597162 -0.011601 -0.031951 0.134453 0.990337
138.749754667 -0.776453 0.149634 3.607476 -0.013710 -0.032664 0.134062 0.990340
138.808590651 -0.774386 0.149309 3.617504 -0.012191 -0.033274 0.133948 0.990355
138.967139721 -0.772744 0.150049 3.627655 -0.010641 -0.034486 0.133408 0.990404
139.025415182 -0.771347 0.151811 3.637963 -0.008684 -0.035979 0.132269 0.990523
139.180267096 -0.770292 0.154660 3.648384 -0.006619 -0.037702 0.130349 0.990729
139.236966610 -0.769510 0.158321 3.658963 -0.004226 -0.039524 0.127849 0.990997
139.388183355 -0.769984 0.160373 3.669674 -0.003756 -0.041380 0.125129 0.991270
139.446817875 -0.771163 0.160966 3.680607 -0.004493 -0.043610 0.122655 0.991481
139.600687504 -0.771762 0.161645 3.691267 -0.004507 -0.045691 0.120544 0.991646
139.659366608 -0.772402 0.162087 3.701828 -0.005566 -0.047728 0.118349 0.991809
139.812369347 -0.773131 0.161856 3.712299 -0.007579 -0.049623 0.116107 0.991967
139.874027491 -0.773380 0.162119 3.722516 -0.009166 -0.050926 0.113631 0.992175
140.032833815 -0.772735 0.163035 3.732566 -0.008846 -0.051518 0.111639 0.992373
140.096767664 -0.771917 0.164027 3.742239 -0.008225 -0.051700 0.110382 0.992510
140.254403830 -0.770881 0.165039 3.751925 -0.007056 -0.051599 0.109599 0.992611
140.317907095 -0.770296 0.165935 3.761669 -0.006858 -0.051305 0.108993 0.992694
140.477772474 -0.769728 0.167017 3.771333 -0.006545 -0.050599 0.108305 0.992808
140.540134907 -0.769016 0.168400 3.781011 -0.005955 -0.049544 0.107554 0.992946
140.694699526 -0.768440 0.169367 3.790851 -0.005723 -0.048461 0.106910 0.993070
140.754299879 -0.768007 0.170076 3.800442 -0.006200 -0.047481 0.106346 0.993175
140.906216145 -0.767626 0.170583 3.810276 -0.007033 -0.046509 0.105772 0.993277
140.964058399 -0.767251 0.170945 3.820380 -0.008297 -0.045599 0.105336 0.993356
141.117720127 -0.766673 0.171202 3.830478 -0.009677 -0.044714 0.105063 0.993413
141.174533367 -0.765632 0.171276 3.840570 -0.010453 -0.043759 0.104665 0.993489
141.330113888 -0.764223 0.171208 3.850664 -0.010662 -0.042730 0.104181 0.993583
141.387545347 -0.762474 0.171985 3.860643 -0.009590 -0.041497 0.104045 0.993660
141.542695999 -0.761135 0.172777 3.870638 -0.008264 -0.040338 0.104215 0.993702
141.604199886 -0.759870 0.173736 3.881121 -0.006259 -0.039189 0.104562 0.993726
141.763169289 -0.759250 0.175643 3.890481 -0.005301 -0.038549 0.104766 0.993735
141.821010828 -0.759020 0.177361 3.900513 -0.004567 -0.038081 0.104983 0.993734
141.976304770 -0.759127 0.178736 3.910594 -0.004004 -0.037756 0.105342 0.993711
142.035472870 -0.759460 0.179865 3.920685 -0.003780 -0.037538 0.105816 0.993670
142.193395138 -0.759871 0.180997 3.930820 -0.004275 -0.037520 0.106456 0.993600
142.251430273 -0.759754 0.182312 3.940848 -0.004212 -0.037578 0.107353 0.993502
142.411278009 -0.759021 0.183516 3.950781 -0.003281 -0.037687 0.108211 0.993408
142.476147890 -0.758077 0.184388 3.961474 -0.001974 -0.037816 0.108902 0.993331
142.636030912 -0.757342 0.184947 3.971018 -0.000961 -0.038002 0.109301 0.993282
142.692269087 -0.756960 0.185650 3.980672 -0.001011 -0.038340 0.109692 0.993225
142.845836878 -0.756556 0.186431 3.990748 -0.001110 -0.038719 0.110107 0.993165
142.904368162 -0.755750 0.187226 4.000754 -0.000292 -0.038906 0.110220 0.993145
143.059551477 -0.755074 0.187814 4.010815 0.000079 -0.039017 0.109895 0.993177
143.116903543 -0.754668 0.188356 4.020977 -0.000550 -0.039072 0.109212 0.993250
143.272386312 -0.754360 0.188502 4.031181 -0.001408 -0.039063 0.108569 0.993320
143.330463886 -0.754181 0.188530 4.041378 -0.002532 -0.038961 0.107974 0.993387
143.487665892 -0.753694 0.189061 4.051996 -0.003148 -0.038409 0.106888 0.993524
143.545855045 -0.753319 0.189478 4.061425 -0.003811 -0.037735 0.105768 0.993667
143.700632095 -0.753086 0.189571 4.071515 -0.004767 -0.036937 0.104534 0.993824
143.760118008 -0.752717 0.190407 4.081685 -0.005639 -0.035885 0.103108 0.994007
143.920497894 -0.752673 0.190804 4.091530 -0.006858 -0.034685 0.101472 0.994210
143.978368044 -0.753240 0.189834 4.101747 -0.009189 -0.033497 0.099754 0.994406
144.143324614 -0.752491 0.190092 4.112150 -0.008647 -0.031808 0.098083 0.994632
144.202152967 -0.752035 0.190917 4.121544 -0.008669 -0.030445 0.096761 0.994804
144.364554644 -0.751949 0.192156 4.131697 -0.010234 -0.029326 0.095621 0.994933
144.422132015 -0.751834 0.193377 4.141948 -0.012516 -0.028579 0.094929 0.994995
144.585086823 -0.751447 0.194051 4.152228 -0.014471 -0.028072 0.094614 0.995013
144.643902063 -0.750935 0.194763 4.162469 -0.016307 -0.027750 0.094505 0.995004
144.809249401 -0.750078 0.195822 4.172604 -0.017507 -0.027535 0.094385 0.995001
144.869550228 -0.749180 0.196854 4.182800 -0.018687 -0.027596 0.094582 0.994959
145.033137798 -0.748234 0.197633 4.192986 -0.019551 -0.027850 0.094992 0.994896
145.091433287 -0.747399 0.198064 4.203141 -0.020321 -0.028221 0.095328 0.994838
145.254486561 -0.746744 0.198837 4.213218 -0.021597 -0.028563 0.095282 0.994806
145.311877966 -0.745780 0.199832 4.223259 -0.022114 -0.028885 0.095230 0.994790
145.476320744 -0.744610 0.200676 4.233288 -0.021747 -0.029188 0.095444 0.994769
145.533374071 -0.743480 0.201143 4.243305 -0.020838 -0.029379 0.095690 0.994759
145.697108746 -0.742372 0.201539 4.253343 -0.019340 -0.029427 0.095856 0.994772
145.755145311 -0.741620 0.201705 4.263478 -0.018003 -0.029498 0.096058 0.994776
145.916979313 -0.741602 0.202212 4.273745 -0.018023 -0.029775 0.096488 0.994725
145.975484848 -0.741765 0.202809 4.284053 -0.018019 -0.030205 0.097324 0.994631
146.141701221 -0.741609 0.203339 4.294151 -0.016853 -0.030404 0.097995 0.994580
146.205810785 -0.741315 0.204085 4.304281 -0.015344 -0.030346 0.098243 0.994581
146.372404575 -0.741394 0.204781 4.314244 -0.014794 -0.030186 0.098259 0.994593
146.429161549 -0.741824 0.205300 4.324082 -0.015247 -0.029979 0.098106 0.994607
146.590452909 -0.742119 0.205941 4.334113 -0.015592 -0.029584 0.097720 0.994652
146.648382664 -0.741950 0.206918 4.344199 -0.015314 -0.029087 0.097385 0.994704
146.810267687 -0.741284 0.208106 4.354298 -0.014115 -0.028441 0.097164 0.994762
146.868310928 -0.740632 0.208960 4.364464 -0.012406 -0.027570 0.097031 0.994822
147.028231859 -0.740213 0.209301 4.374699 -0.010717 -0.026558 0.096793 0.994892
147.085788727 -0.740459 0.209993 4.385050 -0.010516 -0.025691 0.096521 0.994944
147.249199390 -0.740693 0.211291 4.395389 -0.010335 -0.025059 0.096606 0.994954
147.307309389 -0.740728 0.212476 4.405718 -0.009555 -0.024659 0.097040 0.994929
147.469093084 -0.740720 0.213531 4.416019 -0.008754 -0.024424 0.097546 0.994893
147.527796984 -0.740769 0.214532 4.426335 -0.008314 -0.024328 0.098012 0.994853
147.690595150 -0.740769 0.215530 4.436729 -0.008141 -0.024493 0.098719 0.994781
147.749937296 -0.740745 0.216167 4.447168 -0.008003 -0.024894 0.099700 0.994674
147.910359621 -0.740892 0.216412 4.457650 -0.008242 -0.025459 0.100686 0.994558
147.968548298 -0.741024 0.216371 4.468132 -0.008390 -0.026031 0.101351 0.994475
148.129307747 -0.740571 0.216623 4.478511 -0.007359 -0.026577 0.101792 0.994423
148.190438271 -0.740239 0.217139 4.488924 -0.007188 -0.027267 0.102039 0.994381
148.354842901 -0.739954 0.217235 4.499410 -0.006936 -0.028055 0.102331 0.994331
148.416508913 -0.739707 0.217051 4.509930 -0.006554 -0.028882 0.102522 0.994290
148.576786757 -0.739639 0.217273 4.520399 -0.006542 -0.029674 0.102437 0.994275
148.636736631 -0.739827 0.217953 4.530835 -0.007304 -0.030420 0.102013 0.994291
148.795869589 -0.740264 0.218118 4.541261 -0.008320 -0.031024 0.101368 0.994330
148.855332375 -0.740980 0.218279 4.551604 -0.009991 -0.031486 0.100421 0.994396
149.018805265 -0.741643 0.218512 4.561870 -0.011664 -0.031740 0.099244 0.994488
149.079129457 -0.742298 0.218608 4.572134 -0.013283 -0.031700 0.097738 0.994618
149.237410307 -0.742902 0.218271 4.582419 -0.014530 -0.031270 0.095954 0.994788
149.296297789 -0.743576 0.218124 4.592843 -0.015653 -0.030603 0.094056 0.994973
149.453201771 -0.743996 0.218793 4.603441 -0.015950 -0.029922 0.092343 0.995150
149.512130260 -0.744367 0.219383 4.614090 -0.015781 -0.029112 0.090995 0.995301
149.672092676 -0.744534 0.219652 4.624735 -0.014544 -0.028106 0.089983 0.995440
149.731690884 -0.744883 0.219438 4.635453 -0.013388 -0.026894 0.088880 0.995589
149.889651060 -0.746085 0.219650 4.646038 -0.013703 -0.025656 0.086594 0.995819
149.948395014 -0.747320 0.220378 4.656660 -0.012799 -0.024303 0.083124 0.996161
150.110870123 -0.748848 0.220948 4.667160 -0.011672 -0.022708 0.079319 0.996522
150.171192884 -0.750544 0.221006 4.677945 -0.010973 -0.021386 0.076390 0.996788
150.335865736 -0.752238 0.221659 4.688888 -0.011365 -0.020161 0.074388 0.996961
150.396300554 -0.754059 0.222462 4.699919 -0.012771 -0.019028 0.072875 0.997078
150.565351725 -0.755507 0.222952 4.710908 -0.013477 -0.017842 0.071901 0.997161
150.625622511 -0.756859 0.223526 4.721826 -0.014250 -0.016630 0.071486 0.997201
150.790099859 -0.757898 0.223883 4.732718 -0.014530 -0.015433 0.071419 0.997221
150.851145744 -0.758237 0.224358 4.743430 -0.013414 -0.014089 0.071253 0.997269
151.017638206 -0.758685 0.224780 4.754189 -0.013413 -0.012832 0.070853 0.997314
151.078393459 -0.759301 0.224735 4.765037 -0.013917 -0.011662 0.070476 0.997348
151.246669054 -0.759886 0.225053 4.775916 -0.014309 -0.010743 0.070580 0.997346
151.305857658 -0.760226 0.225806 4.786682 -0.013688 -0.009889 0.070899 0.997341
151.469178677 -0.760737 0.226410 4.797383 -0.013114 -0.008999 0.071095 0.997343
151.529182434 -0.761636 0.227014 4.808123 -0.013460 -0.008335 0.071415 0.997321
151.694995642 -0.762627 0.227432 4.818850 -0.014161 -0.007922 0.072009 0.997272
151.753737926 -0.763584 0.227339 4.829507 -0.014873 -0.007624 0.072650 0.997217
151.920397997 -0.764267 0.227038 4.840087 -0.014807 -0.007420 0.073244 0.997176
151.981726408 -0.764949 0.227515 4.850620 -0.014928 -0.007522 0.073895 0.997126
152.148516178 -0.765880 0.228362 4.861222 -0.015061 -0.008007 0.074803 0.997052
152.208863497 -0.766856 0.228880 4.871842 -0.014436 -0.008635 0.075813 0.996980
152.377344370 -0.767775 0.229516 4.882418 -0.013297 -0.009387 0.076752 0.996917
152.436276197 -0.768600 0.229988 4.892894 -0.011560 -0.010077 0.077379 0.996884
152.600246906 -0.769474 0.230230 4.903279 -0.009753 -0.010591 0.077534 0.996886
152.658288717 -0.770343 0.230385 4.913617 -0.007979 -0.010820 0.077067 0.996935
152.820842028 -0.771404 0.231067 4.924040 -0.006736 -0.011093 0.076571 0.996980
152.881004810 -0.772716 0.231811 4.934613 -0.006189 -0.011519 0.076339 0.996996
153.047612667 -0.774574 0.232683 4.945375 -0.006582 -0.012244 0.075791 0.997027
153.110042572 -0.776863 0.233941 4.956371 -0.006968 -0.012934 0.074425 0.997118
153.275492668 -0.779615 0.235315 4.967324 -0.007946 -0.013324 0.072352 0.997258
153.334081650 -0.782006 0.236051 4.978173 -0.007778 -0.013462 0.069977 0.997427
153.500510216 -0.784241 0.236246 4.989103 -0.007800 -0.013351 0.067691 0.997586
153.560517311 -0.786356 0.235932 5.000200 -0.008539 -0.013108 0.065418 0.997735
153.727904081 -0.787873 0.235841 5.011338 -0.008929 -0.012752 0.063575 0.997856
153.788486481 -0.788907 0.235892 5.022384 -0.008876 -0.012409 0.062494 0.997929
153.975570202 -0.790132 0.236654 5.033285 -0.009283 -0.012312 0.060957 0.998021
154.036968231 -0.791813 0.237801 5.044293 -0.009811 -0.012367 0.058560 0.998159
154.199300289 -0.794021 0.239477 5.055266 -0.010855 -0.012690 0.055765 0.998304
154.259167433 -0.795790 0.241640 5.066252 -0.009523 -0.013131 0.052757 0.998476
154.423000336 -0.798061 0.243370 5.077344 -0.008279 -0.013838 0.049451 0.998646
154.481730938 -0.800839 0.244368 5.088457 -0.007438 -0.014655 0.045952 0.998808
154.648920059 -0.803544 0.245434 5.099278 -0.006569 -0.015418 0.042554 0.998954
154.708169937 -0.805867 0.245765 5.110275 -0.005525 -0.016504 0.040296 0.999036
154.870702744 -0.806773 0.246996 5.121434 -0.002529 -0.017926 0.039316 0.999063
154.929312706 -0.808162 0.247470 5.132744 -0.000744 -0.019623 0.038598 0.999062
155.097714424 -0.810907 0.246363 5.144197 -0.002216 -0.021519 0.038116 0.999039
155.159733534 -0.814447 0.244775 5.155611 -0.006226 -0.023735 0.038232 0.998968
155.324258566 -0.815695 0.243953 5.166894 -0.006325 -0.026255 0.040607 0.998810
155.387367725 -0.816179 0.244306 5.176273 -0.005787 -0.028479 0.041941 0.998697
155.552247524 -0.816586 0.245324 5.188091 -0.005427 -0.031327 0.041154 0.998647
155.611570358 -0.816451 0.246786 5.202373 -0.006054 -0.034596 0.038133 0.998655
155.768820763 -0.817296 0.247746 5.217898 -0.009441 -0.038005 0.033379 0.998675
155.827943802 -0.818960 0.248051 5.232346 -0.013757 -0.040826 0.028829 0.998656
155.987495661 -0.820722 0.248586 5.244182 -0.016875 -0.042500 0.025496 0.998629
156.047235966 -0.822294 0.248831 5.254281 -0.017493 -0.043472 0.023459 0.998626
156.204659939 -0.823673 0.248526 5.264529 -0.017515 -0.044089 0.021323 0.998646
156.261874199 -0.824740 0.248705 5.275093 -0.016808 -0.044336 0.019450 0.998686
156.418166637 -0.826009 0.248696 5.285915 -0.016653 -0.044241 0.017562 0.998728
156.476930857 -0.827623 0.248283 5.296773 -0.016671 -0.043869 0.015568 0.998777
156.638192654 -0.829967 0.248460 5.307411 -0.017515 -0.043771 0.013147 0.998802
156.695976019 -0.832665 0.249424 5.318028 -0.017931 -0.043920 0.010124 0.998823
156.852585793 -0.835333 0.251282 5.328546 -0.016718 -0.044264 0.006458 0.998859
156.912615299 -0.838368 0.252959 5.338857 -0.014778 -0.044811 0.002304 0.998883
157.072853088 -0.842002 0.254083 5.349026 -0.013778 -0.045362 -0.001475 0.998874
157.132369757 -0.845522 0.255467 5.359086 -0.012812 -0.046302 -0.003708 0.998838
157.291783571 -0.849163 0.257151 5.369060 -0.012975 -0.047329 -0.004579 0.998785
157.349671602 -0.852622 0.258576 5.379014 -0.013826 -0.048349 -0.004716 0.998724
157.507301092 -0.855713 0.259480 5.388926 -0.014897 -0.049254 -0.004673 0.998664
157.564616919 -0.858346 0.260033 5.398807 -0.015831 -0.050080 -0.004465 0.998610
157.725977421 -0.860495 0.260463 5.408802 -0.016001 -0.050735 -0.004664 0.998573
157.790245295 -0.861622 0.261676 5.418615 -0.014394 -0.051236 -0.005006 0.998570
157.947793245 -0.862668 0.263471 5.428232 -0.013057 -0.051501 -0.005348 0.998573
158.012245178 -0.864209 0.265196 5.438576 -0.012287 -0.051629 -0.005650 0.998575
158.170799494 -0.865892 0.266564 5.447748 -0.012209 -0.051590 -0.005983 0.998576
158.230113506 -0.867704 0.267967 5.457530 -0.011939 -0.051490 -0.006252 0.998583
158.386032343 -0.869594 0.269108 5.467385 -0.011441 -0.051333 -0.006453 0.998595
158.446756840 -0.871277 0.270192 5.477311 -0.009974 -0.051161 -0.006600 0.998619
158.602202892 -0.873040 0.271134 5.487363 -0.008450 -0.051036 -0.006553 0.998640
158.660989046 -0.875173 0.272377 5.497398 -0.007920 -0.050887 -0.006591 0.998651
158.818004370 -0.877668 0.273512 5.507455 -0.008265 -0.050677 -0.006810 0.998658
158.879345655 -0.880279 0.274238 5.518260 -0.008222 -0.050328 -0.006999 0.998674
159.035171270 -0.881850 0.277913 5.526778 -0.001927 -0.049378 -0.004292 0.998769
159.097276688 -0.885069 0.280846 5.535167 0.003169 -0.048448 -0.000957 0.998820
159.253201723 -0.889631 0.282177 5.543151 0.004576 -0.047597 0.001812 0.998855
159.310949326 -0.895759 0.282496 5.551445 0.002666 -0.046690 0.004203 0.998897
159.467099905 -0.902614 0.282103 5.559934 -0.001255 -0.045971 0.006552 0.998921
159.525020123 -0.909586 0.282252 5.568427 -0.007255 -0.045819 0.009325 0.998880
159.681107044 -0.916087 0.282420 5.576982 -0.013323 -0.046257 0.012534 0.998762
159.745559931 -0.920880 0.283126 5.585953 -0.016074 -0.047098 0.015896 0.998634
159.909759283 -0.924089 0.285027 5.594568 -0.017270 -0.048322 0.019013 0.998502
159.973954916 -0.926804 0.286503 5.603040 -0.018408 -0.049773 0.021611 0.998357
160.136919498 -0.929020 0.287477 5.611642 -0.019313 -0.051274 0.023349 0.998225
160.201360464 -0.930836 0.288304 5.620458 -0.020357 -0.052792 0.024201 0.998105
160.362393141 -0.932627 0.288797 5.629456 -0.021795 -0.054309 0.024616 0.997983
160.426923037 -0.934111 0.289601 5.638604 -0.023667 -0.055818 0.024627 0.997857
160.588187695 -0.934815 0.290605 5.647935 -0.024613 -0.057149 0.024004 0.997774
160.653802872 -0.935297 0.291503 5.657553 -0.025498 -0.058314 0.023231 0.997702
160.813280582 -0.936196 0.291886 5.667260 -0.027118 -0.059320 0.022201 0.997624
160.875574589 -0.937122 0.292250 5.676997 -0.028672 -0.060202 0.021077 0.997552
161.037799597 -0.937592 0.293271 5.686763 -0.029248 -0.060799 0.020079 0.997519
161.101958752 -0.938281 0.294499 5.696616 -0.030516 -0.061266 0.019418 0.997466
161.260692358 -0.939016 0.295402 5.706491 -0.031707 -0.061596 0.018888 0.997419
161.323672533 -0.939437 0.296357 5.716331 -0.031915 -0.061695 0.018356 0.997416
161.481731176 -0.939957 0.297430 5.726217 -0.032261 -0.061550 0.017810 0.997424
161.538256168 -0.940706 0.298252 5.735572 -0.033192 -0.061276 0.017402 0.997417
161.690325260 -0.941561 0.298558 5.745618 -0.034186 -0.060915 0.017194 0.997409
161.747820139 -0.942153 0.298647 5.755734 -0.034850 -0.060462 0.017273 0.997412
161.902282715 -0.942817 0.298505 5.765864 -0.036238 -0.059871 0.017473 0.997395
161.963376522 -0.942871 0.298708 5.776204 -0.036011 -0.058755 0.017798 0.997464
162.124832630 -0.942670 0.299655 5.786301 -0.034001 -0.057147 0.018481 0.997615
162.184699774 -0.942710 0.300270 5.796282 -0.030977 -0.055140 0.019234 0.997813
162.339692593 -0.943066 0.301163 5.805763 -0.028057 -0.052975 0.019679 0.998008
162.397594690 -0.944031 0.302674 5.815983 -0.026491 -0.050672 0.019946 0.998165
162.552912712 -0.945320 0.304038 5.826342 -0.026188 -0.048458 0.020308 0.998275
162.608747959 -0.946956 0.305394 5.836825 -0.027542 -0.046434 0.020932 0.998322
162.769937754 -0.948425 0.306098 5.847339 -0.028736 -0.044410 0.021786 0.998362
162.828638554 -0.949358 0.306532 5.857848 -0.029201 -0.042502 0.022894 0.998407
162.992009878 -0.949688 0.307577 5.868246 -0.028687 -0.040711 0.023785 0.998476
163.052135229 -0.950204 0.308892 5.878676 -0.029034 -0.039200 0.024903 0.998499
163.215267420 -0.950818 0.309933 5.889164 -0.029046 -0.037862 0.026031 0.998522
163.275981426 -0.951294 0.311130 5.899669 -0.028319 -0.036744 0.026999 0.998558
163.436891317 -0.951804 0.312420 5.910149 -0.027472 -0.035811 0.027753 0.998595
163.496285915 -0.952687 0.313512 5.920717 -0.027548 -0.035277 0.028612 0.998588
163.660869360 -0.953582 0.314313 5.931316 -0.027303 -0.035060 0.029529 0.998576
163.721486092 -0.954649 0.314961 5.941890 -0.027148 -0.035251 0.030591 0.998541
163.888918400 -0.955950 0.315684 5.952342 -0.027542 -0.035778 0.031702 0.998477
163.951447725 -0.957200 0.316222 5.962648 -0.027795 -0.036463 0.032606 0.998416
164.120201349 -0.958158 0.316981 5.972711 -0.027654 -0.037262 0.033057 0.998376
164.184382677 -0.959363 0.318147 5.983343 -0.028882 -0.038388 0.033131 0.998296
164.352139950 -0.960408 0.318985 5.992844 -0.030409 -0.039478 0.032928 0.998215
164.417179585 -0.961399 0.319638 6.002430 -0.032557 -0.040649 0.032654 0.998109
164.585934877 -0.962284 0.320121 6.011967 -0.035332 -0.041923 0.032454 0.997968
164.650973320 -0.962894 0.320217 6.021509 -0.037954 -0.043350 0.032418 0.997812
164.819733858 -0.962454 0.321169 6.031036 -0.038158 -0.044665 0.032585 0.997741
164.883213282 -0.962018 0.322294 6.040778 -0.037322 -0.045717 0.032664 0.997722
165.054085970 -0.962084 0.323556 6.050644 -0.036590 -0.046723 0.032733 0.997701
165.117934465 -0.962767 0.325279 6.060363 -0.037139 -0.047919 0.032786 0.997622
165.285123348 -0.963821 0.326719 6.070024 -0.038173 -0.049132 0.032850 0.997522
165.349041224 -0.965021 0.328506 6.079595 -0.040028 -0.050350 0.032978 0.997384
165.514680147 -0.965953 0.330612 6.089105 -0.041868 -0.051499 0.033010 0.997249
165.577194214 -0.966404 0.332653 6.098596 -0.042880 -0.052503 0.032886 0.997158
165.742552519 -0.966750 0.334023 6.108185 -0.043742 -0.053410 0.032698 0.997078
165.806072235 -0.966969 0.334891 6.117880 -0.044676 -0.054205 0.032558 0.996998
165.969594002 -0.967031 0.335406 6.127673 -0.045591 -0.054868 0.032349 0.996927
166.032039881 -0.966717 0.336338 6.137368 -0.045723 -0.055201 0.032009 0.996914
166.191188812 -0.966778 0.337305 6.146999 -0.046389 -0.055309 0.031769 0.996885
166.250645638 -0.967068 0.338012 6.157025 -0.046995 -0.055203 0.031720 0.996864
166.409709692 -0.967322 0.338924 6.167046 -0.047212 -0.054847 0.031829 0.996870
166.469808102 -0.967564 0.339850 6.177118 -0.047079 -0.054188 0.031921 0.996909
166.629417419 -0.968128 0.340321 6.187246 -0.047254 -0.053207 0.031822 0.996957
166.688525438 -0.968931 0.340550 6.197439 -0.047629 -0.051943 0.031633 0.997012
166.849495173 -0.969374 0.341059 6.207691 -0.046676 -0.050372 0.031518 0.997141
166.907795429 -0.970164 0.341564 6.218158 -0.046611 -0.048670 0.031597 0.997226
167.067419052 -0.971122 0.341998 6.228797 -0.047143 -0.046816 0.031832 0.997283
167.125857592 -0.972232 0.341793 6.239521 -0.048011 -0.044817 0.032001 0.997328
167.285291910 -0.972815 0.341423 6.250231 -0.047683 -0.042700 0.031934 0.997438
167.343192339 -0.972892 0.341625 6.260966 -0.046250 -0.040719 0.031877 0.997590
167.505589962 -0.972879 0.342975 6.271698 -0.045265 -0.039031 0.031990 0.997700
167.563449383 -0.972811 0.344074 6.282372 -0.043629 -0.037457 0.031946 0.997834
167.727282286 -0.972819 0.344701 6.293082 -0.041693 -0.035967 0.031836 0.997975
167.788265705 -0.973007 0.344740 6.303897 -0.039811 -0.034608 0.031676 0.998105
167.954071760 -0.973368 0.344935 6.314930 -0.038140 -0.033791 0.031899 0.998191
168.013821363 -0.973982 0.345392 6.326181 -0.036591 -0.033563 0.032740 0.998230
168.182350636 -0.975282 0.345873 6.337592 -0.036362 -0.033665 0.033964 0.998194
168.244135141 -0.976504 0.346808 6.348957 -0.035804 -0.033893 0.035405 0.998156
168.414370537 -0.977736 0.348110 6.360104 -0.035193 -0.034297 0.036718 0.998117
168.477322817 -0.979271 0.349448 6.371016 -0.035513 -0.034809 0.037680 0.998052
168.643815279 -0.980451 0.350846 6.381499 -0.035417 -0.035230 0.038071 0.998026
168.706259966 -0.981012 0.351997 6.391604 -0.034264 -0.035545 0.037985 0.998058
168.876065493 -0.981702 0.353451 6.402046 -0.034270 -0.035899 0.037449 0.998065
168.943336248 -0.982857 0.355079 6.411607 -0.036366 -0.036289 0.036445 0.998014
169.117154598 -0.983834 0.356513 6.420988 -0.038572 -0.036683 0.035215 0.997961
169.185672522 -0.984224 0.357954 6.430365 -0.039766 -0.037056 0.034072 0.997940
169.358766556 -0.984086 0.359257 6.439950 -0.039976 -0.037558 0.033523 0.997932
169.425040722 -0.983934 0.360275 6.449716 -0.040586 -0.038286 0.033374 0.997884
169.608369350 -0.983821 0.360826 6.459508 -0.041449 -0.039181 0.033221 0.997819
169.676501513 -0.984070 0.361475 6.469111 -0.043631 -0.040073 0.032661 0.997709
169.848979473 -0.984597 0.362239 6.478465 -0.046709 -0.040820 0.031595 0.997574
169.914319277 -0.985075 0.363380 6.487635 -0.049876 -0.041346 0.030118 0.997445
170.089573383 -0.985560 0.364653 6.496750 -0.053037 -0.041698 0.028577 0.997312
170.153994799 -0.985321 0.366442 6.505784 -0.053825 -0.042068 0.027340 0.997289
170.324745417 -0.985042 0.368384 6.514995 -0.053653 -0.042612 0.026778 0.997291
170.388671160 -0.984909 0.369838 6.524389 -0.053451 -0.043223 0.026532 0.997282
170.558570862 -0.984658 0.371063 6.534004 -0.052993 -0.043880 0.026402 0.997281
170.623847961 -0.984354 0.372158 6.543841 -0.051870 -0.044638 0.026451 0.997305
170.792575598 -0.984286 0.373065 6.553747 -0.050153 -0.045493 0.026473 0.997354
170.854698420 -0.984413 0.373576 6.563345 -0.048835 -0.046324 0.026295 0.997385
171.016928434 -0.984730 0.373705 6.573547 -0.047607 -0.047279 0.025942 0.997409
171.083472490 -0.985391 0.374301 6.583619 -0.047516 -0.048348 0.025498 0.997374
171.246838570 -0.985709 0.376205 6.592824 -0.047947 -0.049345 0.025138 0.997313
171.308705807 -0.986025 0.378185 6.603247 -0.048914 -0.050419 0.024791 0.997221
171.477885246 -0.986265 0.379400 6.613093 -0.049705 -0.051391 0.024564 0.997138
171.543965578 -0.986519 0.380404 6.622974 -0.050796 -0.052335 0.024474 0.997037
171.710695267 -0.986672 0.381638 6.632867 -0.052260 -0.053219 0.024495 0.996914
171.774448395 -0.986200 0.383443 6.642905 -0.052685 -0.054054 0.024694 0.996841
171.938821077 -0.985747 0.384843 6.652510 -0.052457 -0.054627 0.024938 0.996816
172.002871275 -0.985347 0.386225 6.662384 -0.051280 -0.054986 0.025352 0.996847
172.164458752 -0.985225 0.387173 6.671780 -0.049833 -0.055222 0.025665 0.996899
172.224900246 -0.985350 0.387671 6.681793 -0.048186 -0.055420 0.025800 0.996966
172.383079767 -0.985581 0.387916 6.691854 -0.046073 -0.055623 0.025907 0.997052
172.443919420 -0.986129 0.387960 6.701920 -0.044278 -0.055762 0.026020 0.997122
172.604259968 -0.986993 0.388395 6.711978 -0.043679 -0.055688 0.026099 0.997151
172.663481474 -0.987586 0.388739 6.722047 -0.042236 -0.055439 0.026356 0.997220
172.823596001 -0.988360 0.388743 6.732205 -0.041041 -0.055107 0.026775 0.997277
172.884669065 -0.989433 0.388778 6.742547 -0.041101 -0.054695 0.027377 0.997281
173.045664072 -0.990013 0.389068 6.752961 -0.040387 -0.054306 0.028225 0.997308
173.104758263 -0.989875 0.389770 6.763269 -0.037106 -0.054205 0.029268 0.997411
173.264124870 -0.990327 0.390390 6.773568 -0.034306 -0.054229 0.030351 0.997477
173.324826956 -0.991161 0.391284 6.783894 -0.032846 -0.054250 0.031352 0.997494
173.488059759 -0.991418 0.393116 6.794222 -0.030014 -0.054480 0.031968 0.997552
173.548347235 -0.991513 0.396296 6.804428 -0.026005 -0.054640 0.032003 0.997654
173.709645510 -0.992207 0.398750 6.814605 -0.022398 -0.054585 0.031557 0.997759
173.769281626 -0.993600 0.399167 6.825080 -0.019912 -0.054601 0.031161 0.997823
173.926196098 -0.994552 0.398874 6.835486 -0.016794 -0.054596 0.031370 0.997874
173.987401485 -0.995332 0.399023 6.845757 -0.013669 -0.054654 0.031903 0.997902
174.144480705 -0.996970 0.400520 6.855646 -0.013788 -0.054580 0.032237 0.997894
174.210698128 -0.998704 0.402117 6.865860 -0.014371 -0.054483 0.032585 0.997879
174.377687216 -1.000176 0.403210 6.875362 -0.014849 -0.054393 0.032909 0.997867
174.441419125 -1.001361 0.404936 6.884677 -0.015935 -0.054291 0.033036 0.997851
174.605337381 -1.002437 0.406687 6.893902 -0.017460 -0.054191 0.032910 0.997835
174.672112465 -1.003581 0.407866 6.903138 -0.019308 -0.054116 0.032645 0.997814
174.835951805 -1.004184 0.409271 6.912402 -0.020485 -0.054080 0.032383 0.997801
174.901798725 -1.004213 0.411276 6.921820 -0.021087 -0.054120 0.032228 0.997791
175.066128016 -1.004335 0.412962 6.931303 -0.022088 -0.054127 0.032091 0.997774
175.131397724 -1.004527 0.414076 6.940818 -0.023076 -0.054092 0.031958 0.997758
175.298678875 -1.004821 0.414702 6.950345 -0.024013 -0.053989 0.031734 0.997748
175.365919113 -1.005021 0.415222 6.959906 -0.024374 -0.053841 0.031462 0.997756
175.532589436 -1.005441 0.415965 6.969527 -0.025191 -0.053688 0.031156 0.997754
175.598541498 -1.006295 0.417001 6.979108 -0.027194 -0.053458 0.030696 0.997728
175.763267279 -1.006850 0.418273 6.988714 -0.028025 -0.053346 0.030320 0.997722
175.829274178 -1.007186 0.420102 6.998393 -0.028002 -0.053343 0.029942 0.997734
175.995941639 -1.007599 0.421718 7.008089 -0.027677 -0.053108 0.029547 0.997768
176.064391851 -1.008075 0.423246 7.017871 -0.026999 -0.052598 0.029214 0.997823
176.228456736 -1.009011 0.424421 7.027731 -0.026894 -0.051975 0.028808 0.997870
176.291434765 -1.010120 0.425104 7.037474 -0.026605 -0.051397 0.028475 0.997918
176.450611830 -1.010948 0.425762 7.047156 -0.025445 -0.050914 0.028276 0.997978
176.512070894 -1.011895 0.426129 7.057341 -0.024078 -0.050453 0.028072 0.998041
176.669963121 -1.011559 0.429917 7.067106 -0.018096 -0.051162 0.028410 0.998122
176.728391886 -1.012814 0.433750 7.076832 -0.014305 -0.052657 0.028640 0.998099
176.885482550 -1.014518 0.436867 7.086566 -0.011272 -0.054535 0.029516 0.998012
176.943733215 -1.016370 0.440166 7.096125 -0.008178 -0.056767 0.030940 0.997874
177.099196196 -1.018376 0.443162 7.105731 -0.005680 -0.059042 0.032536 0.997709
177.156276226 -1.020361 0.445501 7.115380 -0.003192 -0.061381 0.033946 0.997532
177.309514761 -1.022265 0.447937 7.125732 -0.000884 -0.063901 0.034867 0.997347
177.371267557 -1.023772 0.449814 7.135126 0.000755 -0.066134 0.035179 0.997190
177.524621248 -1.025101 0.451573 7.144734 0.002084 -0.068396 0.035121 0.997038
177.585015535 -1.026610 0.453433 7.154375 0.001784 -0.070571 0.034719 0.996901
177.738265038 -1.028025 0.455316 7.163880 0.000575 -0.072680 0.034342 0.996764
177.800932169 -1.029241 0.456642 7.173863 -0.000782 -0.074838 0.034039 0.996614
177.956555843 -1.029855 0.457748 7.183680 -0.002129 -0.076848 0.033695 0.996471
178.017068386 -1.030266 0.458558 7.193563 -0.004451 -0.078667 0.033059 0.996343
178.169880390 -1.030146 0.458981 7.203501 -0.006339 -0.080267 0.032406 0.996226
178.232230663 -1.029989 0.458786 7.213289 -0.008287 -0.081521 0.031648 0.996135
178.378941059 -1.029726 0.458178 7.222916 -0.009874 -0.082345 0.030872 0.996077
178.438179016 -1.029352 0.457757 7.233498 -0.010505 -0.082591 0.030366 0.996065
178.583319187 -1.029196 0.457585 7.242947 -0.010931 -0.082315 0.030155 0.996090
178.639896393 -1.028913 0.457788 7.253086 -0.010880 -0.081485 0.029976 0.996164
178.786564350 -1.028430 0.458189 7.263155 -0.008924 -0.080022 0.030064 0.996300
178.842412472 -1.028433 0.458499 7.273228 -0.006561 -0.078029 0.030180 0.996473
178.991922617 -1.029134 0.458160 7.283418 -0.004875 -0.075637 0.030097 0.996669
179.049515247 -1.030522 0.457480 7.293728 -0.004327 -0.072821 0.029679 0.996894
179.202517509 -1.032140 0.456162 7.304162 -0.003839 -0.069588 0.028865 0.997151
179.260422468 -1.033540 0.455054 7.314757 -0.002445 -0.065941 0.027661 0.997437
179.416876316 -1.035574 0.455049 7.325534 -0.002873 -0.062368 0.026429 0.997699
179.477185249 -1.038215 0.455974 7.336399 -0.005472 -0.059232 0.025666 0.997899
179.633509398 -1.040643 0.457407 7.347214 -0.007839 -0.056339 0.025370 0.998059
179.692713499 -1.042271 0.459202 7.357928 -0.008688 -0.053677 0.025541 0.998194
179.851524830 -1.043727 0.461459 7.368527 -0.010095 -0.051486 0.026214 0.998279
179.909324646 -1.044927 0.463275 7.379116 -0.010933 -0.049653 0.027212 0.998336
180.071353197 -1.045667 0.464673 7.389658 -0.010509 -0.048139 0.028080 0.998391
180.129991055 -1.046534 0.465628 7.400147 -0.010485 -0.046893 0.028566 0.998436
180.291873455 -1.047665 0.466624 7.410616 -0.011423 -0.046021 0.029081 0.998452
180.351713657 -1.049091 0.467810 7.421043 -0.013333 -0.045477 0.029413 0.998443
180.511468887 -1.050597 0.468638 7.431499 -0.015216 -0.045195 0.029662 0.998422
180.571979761 -1.051797 0.469421 7.441951 -0.016615 -0.045279 0.030144 0.998381
180.737266541 -1.053039 0.470023 7.452386 -0.018433 -0.045736 0.030826 0.998308
180.795103073 -1.054320 0.470180 7.462755 -0.020293 -0.046428 0.031448 0.998220
180.958311319 -1.055230 0.470681 7.473651 -0.021238 -0.047176 0.031700 0.998158
181.023234129 -1.056420 0.471440 7.483240 -0.023079 -0.047734 0.031348 0.998101
181.191274881 -1.057414 0.472521 7.492825 -0.024085 -0.048314 0.030967 0.998061
181.251730680 -1.058216 0.474664 7.502216 -0.025196 -0.049269 0.031423 0.997973
181.414235592 -1.058208 0.477980 7.511360 -0.024579 -0.050489 0.034776 0.997816
181.473846912 -1.058447 0.483846 7.519066 -0.021462 -0.051570 0.037396 0.997738
181.633518696 -1.059528 0.490173 7.525737 -0.018060 -0.052766 0.041496 0.997581
181.691169739 -1.061592 0.493755 7.532805 -0.016608 -0.054283 0.046273 0.997315
181.851853371 -1.064968 0.494987 7.540348 -0.017996 -0.056203 0.051674 0.996919
181.911163568 -1.069023 0.493012 7.547953 -0.020109 -0.058047 0.056912 0.996487
182.082714081 -1.072697 0.488646 7.555515 -0.022680 -0.059859 0.062939 0.995962
182.139865637 -1.074557 0.485016 7.561925 -0.027184 -0.061863 0.070521 0.995219
182.297924042 -1.074599 0.481878 7.568422 -0.030197 -0.063679 0.078844 0.994393
182.363477707 -1.072395 0.483181 7.574700 -0.028118 -0.064629 0.084864 0.993897
182.523235083 -1.070088 0.486294 7.581094 -0.025912 -0.065062 0.090239 0.993455
182.585111141 -1.068116 0.488986 7.587916 -0.023176 -0.065268 0.095437 0.993023
182.750012875 -1.066954 0.490882 7.594836 -0.021389 -0.065230 0.100138 0.992603
182.815211773 -1.066335 0.492168 7.602199 -0.020607 -0.064913 0.104531 0.992187
182.971371412 -1.065630 0.493304 7.610209 -0.019987 -0.064216 0.108560 0.991812
183.033547401 -1.065023 0.493971 7.618343 -0.019872 -0.063221 0.111709 0.991529
183.192747593 -1.064500 0.493810 7.626738 -0.020225 -0.061920 0.114079 0.991334
183.254664421 -1.063773 0.493145 7.635427 -0.020125 -0.060231 0.115647 0.991258
183.419692755 -1.063338 0.492695 7.644499 -0.021256 -0.058308 0.116497 0.991250
183.484564066 -1.062546 0.493181 7.653784 -0.022138 -0.056065 0.116630 0.991345
183.647235632 -1.061804 0.493860 7.663367 -0.023135 -0.053777 0.116569 0.991456
183.712229252 -1.061627 0.494190 7.673202 -0.025348 -0.051660 0.116573 0.991514
183.875185013 -1.061307 0.494300 7.683119 -0.027216 -0.049666 0.116755 0.991545
183.939113855 -1.060181 0.494821 7.693034 -0.027068 -0.047757 0.117151 0.991596
184.101903200 -1.059082 0.496066 7.702455 -0.026665 -0.046487 0.117922 0.991576
184.160479069 -1.057953 0.497662 7.712407 -0.025559 -0.045410 0.118678 0.991564
184.323984146 -1.057178 0.498969 7.722428 -0.023534 -0.044731 0.118795 0.991631
184.382523060 -1.056928 0.501193 7.732291 -0.020995 -0.044397 0.117836 0.991818
184.545034170 -1.057140 0.504139 7.741969 -0.017944 -0.044250 0.116155 0.992083
184.604588032 -1.058332 0.506985 7.751584 -0.016066 -0.044519 0.113977 0.992355
184.768261909 -1.060794 0.509022 7.761864 -0.015573 -0.045060 0.111090 0.992666
184.833171844 -1.063567 0.509812 7.771019 -0.015371 -0.045601 0.107880 0.992999
184.994832754 -1.066744 0.510369 7.780202 -0.015482 -0.046303 0.104051 0.993373
185.060000181 -1.069785 0.511151 7.789087 -0.015240 -0.047309 0.100139 0.993731
185.223942757 -1.072414 0.512429 7.797746 -0.013911 -0.048640 0.096086 0.994087
185.288275003 -1.075498 0.513437 7.806221 -0.013136 -0.050192 0.091357 0.994466
185.450700283 -1.078708 0.514350 7.814375 -0.012410 -0.051706 0.085737 0.994898
185.514498949 -1.082078 0.515436 7.822240 -0.011807 -0.053012 0.079066 0.995389
185.675189018 -1.086144 0.515798 7.829995 -0.012737 -0.054290 0.071765 0.995861
185.733843327 -1.089329 0.516471 7.837148 -0.012212 -0.055347 0.064395 0.996314
185.889678001 -1.092451 0.517898 7.844818 -0.010858 -0.056496 0.056434 0.996747
185.948572636 -1.095782 0.518892 7.852636 -0.009376 -0.057687 0.048411 0.997116
186.104934931 -1.099666 0.519569 7.860575 -0.008759 -0.058757 0.040158 0.997426
186.164245129 -1.103816 0.519651 7.869443 -0.008183 -0.059797 0.032009 0.997664
186.328120708 -1.107623 0.519562 7.878321 -0.007900 -0.061106 0.025594 0.997772
186.391554356 -1.111089 0.520327 7.887553 -0.007882 -0.062431 0.020459 0.997808
186.550513744 -1.114552 0.522035 7.896379 -0.009342 -0.063534 0.016293 0.997803
186.608587027 -1.118458 0.523937 7.905806 -0.011913 -0.064414 0.011941 0.997781
186.764767885 -1.122287 0.525090 7.915360 -0.014444 -0.064965 0.007471 0.997755
186.824313641 -1.126003 0.525987 7.925177 -0.017237 -0.065282 0.003243 0.997713
186.978168249 -1.128892 0.527237 7.935166 -0.018633 -0.065377 -0.000415 0.997687
187.036443949 -1.132010 0.530656 7.943648 -0.022289 -0.064634 -0.004905 0.997648
187.190987825 -1.135482 0.533674 7.950851 -0.026544 -0.063445 -0.011259 0.997569
187.250758886 -1.139319 0.534206 7.958858 -0.029312 -0.062217 -0.018862 0.997454
187.408969164 -1.142234 0.533122 7.966566 -0.028120 -0.061078 -0.025950 0.997399
187.468313456 -1.146306 0.531846 7.974785 -0.026760 -0.059481 -0.032541 0.997340
187.625431299 -1.152527 0.532404 7.982727 -0.029758 -0.057331 -0.037114 0.997221
187.683984756 -1.157784 0.532735 7.991753 -0.030658 -0.055948 -0.040333 0.997147
187.841035366 -1.160763 0.533701 8.001537 -0.028407 -0.055598 -0.040888 0.997211
187.899836540 -1.162704 0.534829 8.011395 -0.025850 -0.055622 -0.040310 0.997303
188.056669474 -1.164498 0.535871 8.021238 -0.024109 -0.055931 -0.039647 0.997356
188.114237070 -1.166063 0.537205 8.031101 -0.023089 -0.056611 -0.038954 0.997369
188.272739410 -1.167674 0.537956 8.041058 -0.022020 -0.057567 -0.038409 0.997359
188.332396984 -1.169423 0.538238 8.051114 -0.020938 -0.058833 -0.037931 0.997327
188.490655661 -1.171515 0.538201 8.061197 -0.020204 -0.060345 -0.037396 0.997272
188.549791336 -1.174428 0.538290 8.071210 -0.020989 -0.061978 -0.036946 0.997173
188.708399534 -1.177734 0.539664 8.081237 -0.022458 -0.063660 -0.037584 0.997011
188.767689228 -1.181418 0.541483 8.091400 -0.023737 -0.065372 -0.039082 0.996813
188.921887159 -1.185012 0.543750 8.101384 -0.023176 -0.066686 -0.041473 0.996642
188.979630232 -1.189359 0.545576 8.111137 -0.023282 -0.067780 -0.044636 0.996429
189.134330511 -1.194449 0.546530 8.120399 -0.024455 -0.068516 -0.048820 0.996155
189.191436529 -1.199213 0.548146 8.129419 -0.024047 -0.069082 -0.053893 0.995864
189.344702482 -1.204397 0.548811 8.138149 -0.024118 -0.069442 -0.059556 0.995515
189.401411772 -1.209659 0.550144 8.146609 -0.023615 -0.069289 -0.066280 0.995112
189.553418875 -1.215422 0.551197 8.155041 -0.022940 -0.068764 -0.073858 0.994631
189.609482050 -1.222046 0.551517 8.163024 -0.023681 -0.067648 -0.082055 0.994047
189.765417814 -1.228211 0.551966 8.170808 -0.022577 -0.066143 -0.090202 0.993468
189.825264692 -1.234412 0.553483 8.178344 -0.022034 -0.064564 -0.097029 0.992941
189.982824802 -1.241082 0.555393 8.185997 -0.023156 -0.062800 -0.103006 0.992426
190.039657593 -1.247208 0.557066 8.194039 -0.023586 -0.061282 -0.107532 0.992031
190.197477818 -1.252722 0.558518 8.202593 -0.023780 -0.060009 -0.110360 0.991793
190.255219221 -1.257376 0.559835 8.211598 -0.023224 -0.058842 -0.112108 0.991680
190.414738178 -1.261546 0.560913 8.220911 -0.022573 -0.057591 -0.113330 0.991630
190.473124981 -1.265878 0.562380 8.230205 -0.023501 -0.056154 -0.114511 0.991555
190.629750967 -1.270482 0.563774 8.239464 -0.025582 -0.054665 -0.115515 0.991470
190.689724445 -1.274672 0.565002 8.248792 -0.027123 -0.053263 -0.116274 0.991417
190.853254795 -1.278715 0.565716 8.258091 -0.028338 -0.052185 -0.117467 0.991300
190.914353371 -1.282477 0.568168 8.267448 -0.028308 -0.051500 -0.119669 0.991073
191.078143120 -1.285818 0.571704 8.276123 -0.026773 -0.051293 -0.122432 0.990789
191.135008097 -1.289604 0.575440 8.285125 -0.024729 -0.051260 -0.125906 0.990408
191.295252323 -1.294014 0.577535 8.294210 -0.023014 -0.051099 -0.129583 0.989984
191.354839087 -1.298582 0.578644 8.303422 -0.022202 -0.051323 -0.132263 0.989636
191.519534349 -1.302545 0.579512 8.312887 -0.021155 -0.051745 -0.133666 0.989449
191.578567505 -1.306216 0.580681 8.322459 -0.021224 -0.052197 -0.134337 0.989332
191.739040136 -1.310165 0.581638 8.331978 -0.023402 -0.052520 -0.134959 0.989181
191.798782825 -1.313754 0.582306 8.341504 -0.025418 -0.052809 -0.135899 0.988988
191.964254856 -1.317707 0.582984 8.350851 -0.028430 -0.053303 -0.137349 0.988679
192.025171757 -1.321566 0.584214 8.360448 -0.030430 -0.054379 -0.139589 0.988247
192.184887409 -1.325189 0.586123 8.370558 -0.030234 -0.055880 -0.143040 0.987676
192.242545128 -1.329040 0.588611 8.380697 -0.029131 -0.057569 -0.147696 0.986926
192.400364637 -1.333490 0.591232 8.390518 -0.028489 -0.059064 -0.153171 0.986022
192.458115339 -1.338548 0.593910 8.399849 -0.029283 -0.060195 -0.159333 0.984953
192.617087603 -1.343895 0.595585 8.408827 -0.030377 -0.061042 -0.166076 0.983753
192.675225496 -1.349530 0.596500 8.417671 -0.030898 -0.061579 -0.173630 0.982398
192.830298901 -1.355797 0.597295 8.426258 -0.032235 -0.061612 -0.181942 0.980848
192.890297890 -1.362253 0.597710 8.434707 -0.034345 -0.061398 -0.190332 0.979196
193.045191050 -1.367913 0.598673 8.443289 -0.035325 -0.061281 -0.198620 0.977521
193.103745461 -1.373156 0.599639 8.451942 -0.036141 -0.061166 -0.206612 0.975840
193.258558512 -1.378280 0.600943 8.460553 -0.037400 -0.060980 -0.214577 0.974084
193.316904783 -1.383499 0.602440 8.468997 -0.038905 -0.060581 -0.222719 0.972221
193.473369837 -1.388945 0.602666 8.477493 -0.040547 -0.060046 -0.230727 0.970317
193.533221245 -1.394315 0.603038 8.485987 -0.042971 -0.059436 -0.238423 0.968388
193.689994335 -1.398699 0.605008 8.495069 -0.042605 -0.059561 -0.246159 0.966459
193.747920513 -1.403183 0.607347 8.504048 -0.041977 -0.059718 -0.254002 0.964445
193.903336287 -1.407439 0.610006 8.513075 -0.040825 -0.060115 -0.261834 0.962373
193.961864471 -1.411683 0.611906 8.522051 -0.039921 -0.060592 -0.269506 0.960261
194.119196653 -1.416261 0.612597 8.531123 -0.038930 -0.061002 -0.276354 0.958328
194.177332401 -1.421014 0.612896 8.540335 -0.037392 -0.061863 -0.281117 0.956947
194.332068920 -1.426265 0.614015 8.549497 -0.036818 -0.062784 -0.283319 0.956260
194.389577866 -1.431759 0.615574 8.558345 -0.036767 -0.063944 -0.284031 0.955974
194.543187380 -1.437302 0.617288 8.566814 -0.037376 -0.065180 -0.284037 0.955865
194.601015568 -1.442820 0.618784 8.575304 -0.037486 -0.066604 -0.283820 0.955827
194.763147831 -1.448349 0.620631 8.584062 -0.036336 -0.068547 -0.283779 0.955746
194.820463419 -1.454302 0.622919 8.592917 -0.035204 -0.070784 -0.284372 0.955449
194.973824978 -1.460322 0.626112 8.601978 -0.032981 -0.073404 -0.285824 0.954897
195.031839848 -1.466870 0.629004 8.610809 -0.031439 -0.075921 -0.287802 0.954158
195.183087111 -1.473697 0.631963 8.619488 -0.030086 -0.078515 -0.290461 0.953185
195.237251282 -1.481262 0.633497 8.627953 -0.029849 -0.080748 -0.293556 0.952058
195.388385534 -1.488597 0.634557 8.635999 -0.029623 -0.082597 -0.296489 0.950997
195.443947792 -1.495515 0.635367 8.643969 -0.028409 -0.084661 -0.297933 0.950401
195.592286587 -1.502025 0.636646 8.651869 -0.026368 -0.086634 -0.298109 0.950226
195.647726059 -1.508603 0.638341 8.659528 -0.025291 -0.087912 -0.298267 0.950089
195.796642065 -1.515330 0.639460 8.667144 -0.024429 -0.088651 -0.298684 0.949912
195.851506948 -1.522442 0.640601 8.674390 -0.024601 -0.088420 -0.299509 0.949669
196.003091812 -1.529780 0.642139 8.681749 -0.024741 -0.087825 -0.301572 0.949068
196.058582067 -1.537592 0.643572 8.689095 -0.024965 -0.086953 -0.304940 0.948065
196.205009937 -1.545661 0.644759 8.696454 -0.024808 -0.085887 -0.309397 0.946721
196.257962227 -1.554148 0.646088 8.703788 -0.025062 -0.084490 -0.314878 0.945032
196.404490471 -1.563129 0.646868 8.711224 -0.025353 -0.082828 -0.321337 0.942995
196.457216740 -1.572697 0.647215 8.718557 -0.026664 -0.080628 -0.328705 0.940607
196.609499931 -1.582630 0.648007 8.725883 -0.028530 -0.077950 -0.336956 0.937854
196.662523985 -1.592931 0.648216 8.733307 -0.030499 -0.074887 -0.345743 0.934839
196.814799547 -1.602821 0.648100 8.740977 -0.031549 -0.071824 -0.353745 0.932047
196.870321035 -1.612339 0.648734 8.749152 -0.031889 -0.069141 -0.360014 0.929835
197.022071600 -1.621274 0.649644 8.758142 -0.030307 -0.067349 -0.364648 0.928212
197.078557253 -1.629877 0.650769 8.767394 -0.027884 -0.066084 -0.368122 0.927007
197.232906818 -1.638925 0.652524 8.775720 -0.028426 -0.064161 -0.371837 0.925642
197.290982962 -1.648095 0.655491 8.783833 -0.029990 -0.062090 -0.376211 0.923965
197.446547270 -1.657147 0.658674 8.792289 -0.030555 -0.060711 -0.381009 0.922070
197.501595020 -1.666162 0.661511 8.800918 -0.030532 -0.059755 -0.385974 0.920066
197.656955957 -1.674876 0.663995 8.809368 -0.029817 -0.058934 -0.390635 0.918173
197.710197687 -1.683354 0.666146 8.817806 -0.028001 -0.058655 -0.394398 0.916638
197.867439032 -1.691922 0.668653 8.825577 -0.026350 -0.057962 -0.396944 0.915632
197.918133974 -1.700618 0.670809 8.832748 -0.024970 -0.056813 -0.398861 0.914909
198.073842287 -1.709344 0.672321 8.839766 -0.023612 -0.055576 -0.400170 0.914449
198.126537323 -1.718329 0.674230 8.846273 -0.023903 -0.053592 -0.401086 0.914159
198.280667067 -1.727004 0.676377 8.852979 -0.023530 -0.051838 -0.401606 0.914042
198.335862398 -1.735425 0.678250 8.860089 -0.022229 -0.050629 -0.401667 0.914115
198.486818552 -1.744056 0.679586 8.867292 -0.020992 -0.049684 -0.401516 0.914262
198.540024281 -1.752891 0.681257 8.874276 -0.020851 -0.048439 -0.401314 0.914421
198.692533970 -1.761624 0.682608 8.881520 -0.020239 -0.047587 -0.400989 0.914622
198.746698380 -1.770442 0.684015 8.888708 -0.019622 -0.047079 -0.400566 0.914847
198.898850679 -1.779484 0.686109 8.895499 -0.020447 -0.046075 -0.400316 0.914990
198.950431585 -1.788700 0.687973 8.902136 -0.022566 -0.044334 -0.400536 0.914930
199.101629734 -1.797803 0.689047 8.909167 -0.024355 -0.042580 -0.401056 0.914739
199.153923273 -1.806350 0.690582 8.916729 -0.024247 -0.041635 -0.401817 0.914451
199.306729555 -1.815026 0.692056 8.924573 -0.023155 -0.041476 -0.402917 0.914003
199.360548019 -1.824436 0.693809 8.932119 -0.023336 -0.041184 -0.404883 0.913142
199.514100790 -1.834014 0.696186 8.940211 -0.022398 -0.041971 -0.407554 0.911941
199.566252232 -1.844063 0.698833 8.948349 -0.021684 -0.043009 -0.410851 0.910429
199.720123529 -1.854446 0.701026 8.956792 -0.020471 -0.044546 -0.414543 0.908708
199.773381233 -1.865503 0.702450 8.964855 -0.020394 -0.045657 -0.418847 0.906679
199.925741434 -1.876874 0.703603 8.971937 -0.022353 -0.045579 -0.424019 0.904229
199.978451014 -1.887477 0.704238 8.979580 -0.021815 -0.046605 -0.428431 0.902108
200.134003401 -1.898280 0.704673 8.986828 -0.021707 -0.047566 -0.431712 0.900495
200.185737610 -1.908935 0.705794 8.993737 -0.020650 -0.048771 -0.434483 0.899122
200.338981628 -1.919424 0.707254 9.000562 -0.017972 -0.050607 -0.436396 0.898151
200.389834881 -1.930432 0.708191 9.006642 -0.016896 -0.051301 -0.438034 0.897335
200.542145014 -1.942031 0.707733 9.012503 -0.017139 -0.051008 -0.439864 0.896451
200.593815804 -1.953519 0.707186 9.018589 -0.016346 -0.050824 -0.441907 0.895471
200.744124889 -1.964643 0.707897 9.024425 -0.014738 -0.050656 -0.443842 0.894551
200.793245792 -1.975922 0.709247 9.029680 -0.014305 -0.049621 -0.445873 0.893605
200.943396807 -1.987234 0.710005 9.035072 -0.013935 -0.048296 -0.447989 0.892625
200.992432356 -1.998810 0.709893 9.040317 -0.014672 -0.045917 -0.450607 0.891420
201.147209167 -2.010115 0.709820 9.046085 -0.014160 -0.043734 -0.453610 0.890014
201.196658134 -2.021420 0.709652 9.052199 -0.012322 -0.042170 -0.456465 0.888656
201.353126526 -2.032644 0.709049 9.058492 -0.008537 -0.041613 -0.458769 0.887540
201.403458595 -2.043800 0.708695 9.064574 -0.003286 -0.041644 -0.460847 0.886496
201.560071945 -2.055325 0.710306 9.069304 0.000250 -0.040611 -0.462978 0.885439
201.611986876 -2.067411 0.712394 9.073250 0.001754 -0.038404 -0.465181 0.884380
201.773668528 -2.079729 0.713757 9.077285 0.002901 -0.035970 -0.467267 0.883379
201.826876640 -2.091892 0.714822 9.081796 0.004995 -0.034113 -0.469099 0.882472
201.989115238 -2.103573 0.716477 9.086585 0.008241 -0.032924 -0.470788 0.881593
202.047565699 -2.115222 0.718631 9.091021 0.010446 -0.030968 -0.472599 0.880671
202.212128401 -2.126832 0.720245 9.095726 0.012573 -0.028937 -0.474177 0.879864
202.265743732 -2.138204 0.721546 9.100777 0.015111 -0.027055 -0.475642 0.879093
202.426820040 -2.149085 0.723144 9.106161 0.019444 -0.026205 -0.476961 0.878318
202.478755951 -2.159870 0.724951 9.111248 0.024506 -0.025846 -0.477799 0.877747
202.641375780 -2.171107 0.726463 9.115966 0.028287 -0.024761 -0.478641 0.877205
202.693506002 -2.182620 0.727923 9.120660 0.031468 -0.023475 -0.479348 0.876746
202.853531122 -2.194450 0.728964 9.125434 0.034247 -0.022201 -0.479905 0.876371
202.904712439 -2.206491 0.729855 9.130311 0.036495 -0.020911 -0.480163 0.876170
203.070073605 -2.218671 0.730920 9.135224 0.038323 -0.019546 -0.480404 0.875991
203.121111870 -2.230646 0.732834 9.140361 0.040890 -0.018780 -0.480658 0.875753
203.283807993 -2.242890 0.734658 9.145406 0.043194 -0.018105 -0.481032 0.875451
203.334113598 -2.255863 0.735577 9.149882 0.043136 -0.016258 -0.481846 0.875042
203.504652739 -2.269377 0.735923 9.154277 0.041937 -0.014153 -0.482985 0.874509
203.556177139 -2.282766 0.737426 9.159280 0.041957 -0.012888 -0.484720 0.873568
203.719244719 -2.295834 0.739243 9.164849 0.043274 -0.012603 -0.486176 0.872698
203.770718575 -2.308464 0.741324 9.170683 0.045886 -0.013420 -0.487047 0.872067
203.935833693 -2.321058 0.743438 9.176506 0.049380 -0.015106 -0.487758 0.871450
203.987395287 -2.334107 0.745024 9.181980 0.052147 -0.016872 -0.488426 0.870882
204.155716896 -2.347468 0.746639 9.187270 0.054385 -0.018999 -0.488768 0.870510
204.206128597 -2.361350 0.747719 9.192112 0.054809 -0.020623 -0.489092 0.870264
204.371648312 -2.375713 0.747735 9.196675 0.053509 -0.021706 -0.489354 0.870171
204.423434258 -2.390090 0.748118 9.201172 0.051304 -0.022818 -0.489370 0.870267
204.590417147 -2.404144 0.748762 9.205849 0.048712 -0.024222 -0.488918 0.870632
204.642596245 -2.418067 0.748697 9.210659 0.045767 -0.025708 -0.488306 0.871092
204.803630352 -2.432275 0.747960 9.215174 0.041080 -0.026424 -0.487738 0.871622
204.856145382 -2.446360 0.747292 9.219965 0.036065 -0.027349 -0.486874 0.872298
205.016383886 -2.459507 0.747452 9.225504 0.033088 -0.029932 -0.485385 0.873161
205.070117235 -2.472416 0.747536 9.230977 0.030459 -0.032950 -0.483859 0.873995
205.225172043 -2.485597 0.746763 9.236257 0.027057 -0.035583 -0.482501 0.874754
205.277574539 -2.498454 0.746258 9.241726 0.024046 -0.038691 -0.481072 0.875497
205.432856560 -2.510823 0.746944 9.247285 0.021936 -0.042629 -0.479438 0.876265
205.483237982 -2.523498 0.747390 9.252560 0.019036 -0.045981 -0.478135 0.876875
205.632279873 -2.536438 0.746748 9.257844 0.015878 -0.048960 -0.477383 0.877187
205.682885170 -2.549590 0.745080 9.263084 0.012067 -0.051335 -0.477207 0.877207
205.831272364 -2.562570 0.744027 9.268419 0.008347 -0.053578 -0.477281 0.877076
205.883110285 -2.575059 0.744659 9.273955 0.006060 -0.056552 -0.477365 0.876862
206.028650761 -2.587480 0.745490 9.279546 0.004815 -0.060040 -0.477804 0.876399
206.078897476 -2.599624 0.747305 9.285070 0.005170 -0.064458 -0.478333 0.875795
206.224500418 -2.611897 0.749641 9.289953 0.005135 -0.068335 -0.479033 0.875118
206.275129080 -2.624601 0.750728 9.294511 0.004450 -0.071428 -0.479848 0.874428
206.419289827 -2.637888 0.750709 9.298643 0.002126 -0.073133 -0.481251 0.873524
206.468776941 -2.650972 0.750856 9.303095 0.000693 -0.075083 -0.482891 0.872456
206.612964392 -2.663346 0.751938 9.307737 0.001567 -0.077501 -0.484266 0.871480
206.664598465 -2.675857 0.752952 9.311894 0.002074 -0.078860 -0.485689 0.870565
206.806620121 -2.688368 0.753979 9.315870 0.002725 -0.079624 -0.487122 0.869692
206.857986689 -2.700453 0.755521 9.319794 0.004678 -0.080264 -0.488438 0.868887
207.002026558 -2.712896 0.756857 9.322986 0.004844 -0.079114 -0.490427 0.867870
207.052970886 -2.725302 0.757773 9.326205 0.004965 -0.077201 -0.492911 0.866634
207.199931622 -2.737606 0.757765 9.329803 0.005659 -0.075025 -0.495800 0.865171
207.251876116 -2.749470 0.757851 9.334104 0.008641 -0.073574 -0.498377 0.863790
207.398432016 -2.761567 0.758134 9.338277 0.010524 -0.071164 -0.501157 0.862361
207.451399803 -2.773756 0.758748 9.342631 0.012075 -0.068508 -0.503701 0.861072
207.598466158 -2.785629 0.760311 9.347305 0.014174 -0.066363 -0.505378 0.860225
207.648902178 -2.797334 0.762602 9.351968 0.015262 -0.064092 -0.506454 0.859746
207.792942286 -2.809175 0.764521 9.356607 0.014882 -0.061557 -0.507000 0.859616
207.844817877 -2.820896 0.766481 9.361276 0.013327 -0.058848 -0.507235 0.859693
207.992315054 -2.832670 0.768225 9.366439 0.012039 -0.056996 -0.506844 0.860067
208.042332411 -2.844547 0.770674 9.371975 0.011765 -0.056457 -0.505192 0.861078
208.189976215 -2.856838 0.773125 9.377563 0.011670 -0.056813 -0.502680 0.862525
208.240319967 -2.869391 0.775045 9.383101 0.011777 -0.057822 -0.499567 0.864263
208.384141445 -2.882262 0.775887 9.388210 0.010993 -0.058452 -0.496476 0.866010
208.434339046 -2.895669 0.776320 9.392438 0.007248 -0.057938 -0.493799 0.867614
208.579749584 -2.909336 0.777624 9.396033 0.000900 -0.056676 -0.491340 0.869121
208.629963398 -2.922159 0.780255 9.400859 -0.002456 -0.058029 -0.488320 0.870730
208.773735762 -2.934895 0.783186 9.405861 -0.005750 -0.060115 -0.485748 0.872010
208.826141119 -2.948094 0.784672 9.411144 -0.008599 -0.062408 -0.483840 0.872886
208.971153259 -2.961623 0.785446 9.416383 -0.011803 -0.064765 -0.482709 0.873303
209.021876574 -2.975172 0.786145 9.421955 -0.014314 -0.067779 -0.482236 0.873298
209.165431023 -2.988125 0.786772 9.427802 -0.015362 -0.071486 -0.481860 0.873192
209.217991352 -3.000462 0.787715 9.433289 -0.016289 -0.075290 -0.481470 0.873071
209.360958099 -3.012348 0.788251 9.438723 -0.016263 -0.079211 -0.481107 0.872925
209.413897991 -3.023503 0.789247 9.444083 -0.014329 -0.083496 -0.480395 0.872951
209.552704334 -3.034279 0.791140 9.448807 -0.011910 -0.087155 -0.479447 0.873151
209.605772018 -3.045336 0.793005 9.452858 -0.011320 -0.089175 -0.479145 0.873121
209.744949341 -3.056415 0.794233 9.456933 -0.011280 -0.090361 -0.479526 0.872790
209.798675776 -3.067147 0.795195 9.461307 -0.010431 -0.091383 -0.480280 0.872279
209.937398911 -3.077426 0.796477 9.465655 -0.008720 -0.091974 -0.481388 0.871625
209.989627838 -3.087596 0.797711 9.469874 -0.006821 -0.091876 -0.482700 0.870927
210.127042532 -3.098050 0.798144 9.473964 -0.005143 -0.091100 -0.484121 0.870230
210.178136349 -3.108773 0.798202 9.477808 -0.004305 -0.089226 -0.485944 0.869413
210.319537163 -3.119647 0.797926 9.481631 -0.003773 -0.086553 -0.488040 0.868511
210.371802330 -3.130412 0.797554 9.485784 -0.002461 -0.083732 -0.490038 0.867667
210.512458086 -3.140929 0.797959 9.490212 -0.000249 -0.080793 -0.491574 0.867080
210.566721201 -3.151519 0.798652 9.494798 0.002048 -0.077555 -0.492659 0.866757
210.708799124 -3.162298 0.798847 9.499582 0.004202 -0.074145 -0.493352 0.866654
210.759346485 -3.173377 0.799080 9.504087 0.004914 -0.069671 -0.494145 0.866570
210.900608540 -3.184577 0.799641 9.508664 0.004857 -0.064575 -0.494922 0.866521
210.952539206 -3.195779 0.799656 9.513759 0.005233 -0.059639 -0.495447 0.866572
211.100358725 -3.206928 0.799182 9.519258 0.006362 -0.055002 -0.495922 0.866600
211.152781963 -3.218395 0.800249 9.524559 0.006429 -0.050157 -0.496074 0.866806
211.296978951 -3.229677 0.802918 9.530174 0.007505 -0.046131 -0.495761 0.867200
211.349054575 -3.241155 0.805238 9.535770 0.008504 -0.042284 -0.495359 0.867617
211.493728638 -3.252847 0.807975 9.541114 0.008542 -0.038433 -0.494852 0.868085
211.546174526 -3.264776 0.810773 9.546457 0.008020 -0.034966 -0.494152 0.868635
211.694100142 -3.276917 0.812915 9.552087 0.007686 -0.032164 -0.493187 0.869294
211.747010946 -3.289113 0.813839 9.558168 0.008282 -0.030308 -0.491913 0.870077
211.896160364 -3.301324 0.814109 9.564497 0.009908 -0.029474 -0.490514 0.870878
211.949831963 -3.313456 0.816007 9.570145 0.010930 -0.028851 -0.489283 0.871579
212.101286411 -3.325749 0.818220 9.575521 0.011233 -0.028373 -0.488019 0.872299
212.155106783 -3.337895 0.819978 9.581192 0.012426 -0.028575 -0.486630 0.873052
212.304816246 -3.349701 0.821397 9.587010 0.014725 -0.029224 -0.485414 0.873672
212.359550476 -3.361399 0.822850 9.592333 0.016360 -0.029284 -0.484783 0.873991
212.510001659 -3.373192 0.823991 9.597641 0.017606 -0.029231 -0.484306 0.874233
212.562939882 -3.385092 0.824578 9.603215 0.019166 -0.029635 -0.483686 0.874530
212.709842920 -3.397065 0.824572 9.609050 0.021210 -0.030469 -0.482890 0.874894
212.762850285 -3.408995 0.824947 9.614670 0.022965 -0.030866 -0.482356 0.875130
212.911218882 -3.420865 0.825947 9.619928 0.023859 -0.030244 -0.482383 0.875113
212.963180304 -3.432831 0.826389 9.625478 0.025083 -0.029595 -0.482571 0.874997
213.119168043 -3.445047 0.826545 9.631125 0.025893 -0.028866 -0.482738 0.874906
213.170770884 -3.457359 0.826564 9.636772 0.025971 -0.027797 -0.482998 0.874795
213.320151091 -3.469374 0.826406 9.642890 0.027105 -0.027113 -0.483444 0.874535
213.372321129 -3.481129 0.826589 9.649184 0.029363 -0.026835 -0.484030 0.874147
213.521165609 -3.493364 0.827214 9.655109 0.030524 -0.026387 -0.484399 0.873916
213.572300673 -3.506075 0.828013 9.660829 0.030332 -0.025909 -0.484313 0.873985
213.722993612 -3.519173 0.827754 9.666699 0.029724 -0.025687 -0.483871 0.874257
213.774490833 -3.532369 0.828096 9.672484 0.028445 -0.025663 -0.483214 0.874664
213.924877882 -3.545586 0.829833 9.678196 0.026459 -0.026013 -0.482303 0.875218
213.976939917 -3.558986 0.831084 9.684001 0.024341 -0.026708 -0.481312 0.875804
214.129128933 -3.572570 0.831552 9.689733 0.021651 -0.027361 -0.480281 0.876420
214.182425022 -3.586010 0.832301 9.695592 0.018967 -0.028242 -0.479380 0.876948
214.332714558 -3.598918 0.833140 9.701968 0.018045 -0.030182 -0.478516 0.877374
214.385031700 -3.611692 0.833759 9.708000 0.016644 -0.031460 -0.478322 0.877463
214.533392668 -3.624177 0.834380 9.713957 0.015157 -0.032234 -0.478706 0.877252
214.586838722 -3.636434 0.834261 9.720496 0.015219 -0.033781 -0.479314 0.876861
214.739097118 -3.648480 0.834247 9.726891 0.015702 -0.035278 -0.480225 0.876295
214.791799545 -3.660561 0.834818 9.732675 0.015088 -0.035441 -0.481836 0.875414
214.941299200 -3.672779 0.835663 9.738151 0.013490 -0.034402 -0.483675 0.874467
214.994534254 -3.684891 0.835971 9.743924 0.012422 -0.033196 -0.485627 0.873447
215.143984079 -3.696770 0.836104 9.749951 0.012504 -0.032079 -0.487605 0.872385
215.199078798 -3.708603 0.835787 9.756092 0.013600 -0.030963 -0.489317 0.871450
215.349425077 -3.720591 0.835162 9.761953 0.014611 -0.029151 -0.490795 0.870665
215.401294947 -3.732304 0.835289 9.767598 0.016059 -0.026598 -0.492215 0.869919
215.551142216 -3.744022 0.835356 9.773695 0.018977 -0.024658 -0.493426 0.869231
215.603074789 -3.755911 0.835236 9.780119 0.022899 -0.023225 -0.494241 0.868713
215.751296520 -3.768053 0.835175 9.786492 0.026936 -0.021749 -0.494711 0.868368
215.802284718 -3.780528 0.835111 9.792505 0.029988 -0.019622 -0.495100 0.868097
215.954780817 -3.792993 0.835204 9.798778 0.033325 -0.017783 -0.495327 0.867885
216.006134033 -3.805537 0.835555 9.805650 0.037942 -0.017152 -0.495295 0.867726
216.157985210 -3.818871 0.835788 9.812159 0.041238 -0.016199 -0.495243 0.867624
216.210707664 -3.833010 0.835852 9.818307 0.042703 -0.014789 -0.494957 0.867741
216.365510702 -3.847316 0.836134 9.824933 0.044689 -0.014241 -0.494051 0.868167
216.416737556 -3.862142 0.837219 9.831221 0.045366 -0.013356 -0.493079 0.868698
216.577571392 -3.877544 0.838093 9.837547 0.045380 -0.012492 -0.491922 0.869366
216.629657030 -3.892979 0.838645 9.844344 0.046432 -0.012503 -0.490368 0.870188
216.786906242 -3.908723 0.839307 9.850867 0.046708 -0.012341 -0.488728 0.871097
216.838629484 -3.924399 0.839242 9.857790 0.048078 -0.013044 -0.486713 0.872140
216.994138241 -3.940246 0.838506 9.864856 0.050101 -0.014383 -0.484677 0.873139
217.046239614 -3.956305 0.837070 9.871782 0.052038 -0.015756 -0.482801 0.874041
217.202645302 -3.972428 0.836671 9.877642 0.051781 -0.015306 -0.482001 0.874505
217.252856970 -3.987831 0.837545 9.883289 0.051469 -0.014218 -0.482370 0.874338
217.406198263 -4.003115 0.838241 9.888774 0.050642 -0.012306 -0.483712 0.873674
217.455566406 -4.018383 0.837441 9.894549 0.050198 -0.010274 -0.485775 0.872581
217.610517979 -4.033883 0.835314 9.900883 0.050787 -0.008763 -0.487786 0.871440
217.661520004 -4.049916 0.832962 9.906650 0.049711 -0.005799 -0.490541 0.869980
217.818500757 -4.066334 0.830275 9.912353 0.048069 -0.002154 -0.493599 0.868358
217.870314121 -4.082243 0.827877 9.919245 0.049877 -0.000416 -0.496144 0.866807
218.031545877 -4.097627 0.827549 9.926620 0.054900 -0.000569 -0.498224 0.865309
218.083668470 -4.113220 0.829076 9.933139 0.059741 -0.000556 -0.500252 0.863817
218.244623423 -4.129070 0.830823 9.939661 0.065576 -0.001295 -0.502126 0.862304
218.294565678 -4.145750 0.831888 9.945448 0.069610 -0.000996 -0.504198 0.860777
218.486394644 -4.163275 0.831912 9.950859 0.072147 -0.000052 -0.506281 0.859345
218.537259102 -4.181437 0.831107 9.956029 0.073346 0.001290 -0.508140 0.858145
218.701497078 -4.200280 0.830155 9.960503 0.071720 0.003962 -0.509964 0.857192
218.751808643 -4.219533 0.828946 9.964848 0.068731 0.006975 -0.511397 0.856563
218.914055347 -4.239239 0.826964 9.969206 0.064809 0.010106 -0.512500 0.856178
218.963353872 -4.258927 0.824793 9.974372 0.062382 0.011758 -0.512894 0.856102
219.127211332 -4.278735 0.822959 9.979866 0.060631 0.012442 -0.512982 0.856165
219.178816080 -4.298367 0.821688 9.986009 0.060904 0.011376 -0.512891 0.856215
219.343621731 -4.318317 0.819766 9.992171 0.061384 0.009845 -0.512953 0.856163
219.393465519 -4.337994 0.817532 9.999073 0.064378 0.006699 -0.512835 0.856044
219.557951689 -4.357757 0.814925 10.005955 0.067925 0.003291 -0.512780 0.855823
219.611463785 -4.378101 0.812589 10.011890 0.069347 0.001121 -0.513101 0.855522
219.774806976 -4.398817 0.811129 10.017062 0.068589 0.000197 -0.513733 0.855204
219.826295376 -4.419939 0.809498 10.021984 0.066465 0.000004 -0.514503 0.854909
219.989265919 -4.441733 0.806491 10.026682 0.062787 0.000613 -0.515331 0.854688
220.043113708 -4.463908 0.802408 10.031477 0.058397 0.001471 -0.516163 0.854496
220.210778952 -4.485706 0.798240 10.037517 0.057042 0.000544 -0.516723 0.854250
220.266322374 -4.506609 0.795997 10.044825 0.060169 -0.003030 -0.516838 0.853961
220.431769848 -4.527413 0.795654 10.051411 0.062919 -0.006368 -0.516973 0.853662
220.486401558 -4.548664 0.796391 10.056458 0.062387 -0.007785 -0.517517 0.853360
220.649348736 -4.570361 0.796810 10.060769 0.060023 -0.008049 -0.518196 0.853115
220.702305794 -4.592639 0.795592 10.064758 0.056244 -0.007552 -0.518960 0.852913
220.867454529 -4.615355 0.792882 10.068638 0.051335 -0.006544 -0.519728 0.852763
220.921599150 -4.637941 0.789989 10.072772 0.046282 -0.005679 -0.520231 0.852752
221.084233999 -4.659678 0.788543 10.077726 0.042939 -0.006112 -0.520185 0.852951
221.137724400 -4.680123 0.789360 10.083365 0.041727 -0.007801 -0.519658 0.853319
221.299766064 -4.700316 0.790345 10.089090 0.040755 -0.009551 -0.518966 0.853770
221.351710558 -4.720336 0.790865 10.095033 0.040162 -0.011389 -0.518229 0.854222
221.511348724 -4.740624 0.789991 10.101125 0.039523 -0.013080 -0.517506 0.854666
221.564879894 -4.761331 0.787291 10.107185 0.038149 -0.014302 -0.516889 0.855083
221.727371216 -4.782321 0.783484 10.113181 0.036070 -0.015000 -0.516492 0.855400
221.781579971 -4.802457 0.780951 10.119679 0.035779 -0.016366 -0.516212 0.855557
221.944374323 -4.821203 0.781398 10.126443 0.037720 -0.018500 -0.516058 0.855523
221.996634245 -4.839526 0.783575 10.132620 0.039459 -0.020255 -0.516140 0.855355
222.153567553 -4.858010 0.785497 10.138469 0.040677 -0.021609 -0.516351 0.855137
222.206112146 -4.876611 0.786870 10.144083 0.041445 -0.022653 -0.516698 0.854864
222.363002777 -4.895888 0.786741 10.149237 0.040551 -0.022768 -0.517292 0.854545
222.415462971 -4.915687 0.785081 10.154241 0.038670 -0.022366 -0.517949 0.854244
222.574559450 -4.935984 0.781422 10.159286 0.036272 -0.021647 -0.518686 0.853921
222.629323483 -4.956068 0.777326 10.164758 0.035034 -0.021447 -0.519318 0.853593
222.788769484 -4.974562 0.775969 10.171000 0.037711 -0.023080 -0.519278 0.853461
222.842750788 -4.992451 0.777524 10.176265 0.039578 -0.023939 -0.519389 0.853285
223.005027056 -5.010074 0.779563 10.181123 0.040764 -0.024085 -0.519596 0.853099
223.057358742 -5.027819 0.781153 10.185520 0.040642 -0.023154 -0.520129 0.852806
223.216105938 -5.045832 0.781434 10.189819 0.039903 -0.021567 -0.520977 0.852365
223.267947435 -5.063887 0.780503 10.194197 0.039095 -0.019453 -0.522243 0.851678
223.430359840 -5.082022 0.778341 10.198603 0.038051 -0.016679 -0.524069 0.850662
223.484541178 -5.099735 0.776077 10.203340 0.037652 -0.013746 -0.526491 0.849235
223.645257235 -5.116508 0.775237 10.208837 0.039465 -0.011749 -0.529163 0.847520
223.697971582 -5.132606 0.775203 10.215103 0.043828 -0.011286 -0.531413 0.845903
223.863925457 -5.148637 0.775479 10.220520 0.047037 -0.009672 -0.534116 0.844046
223.915667295 -5.164468 0.775805 10.225955 0.050665 -0.008097 -0.537004 0.842018
224.081047773 -5.180373 0.775587 10.231400 0.054328 -0.006534 -0.539790 0.840019
224.140585423 -5.196708 0.774764 10.236677 0.057168 -0.004588 -0.542568 0.838051
224.303633451 -5.212936 0.775295 10.241536 0.058718 -0.002032 -0.545588 0.835991
224.353731871 -5.229329 0.775845 10.246456 0.059455 0.000668 -0.548424 0.834084
224.517454624 -5.245806 0.776161 10.251902 0.060725 0.002438 -0.550715 0.832478
224.566220760 -5.262492 0.776760 10.257123 0.060793 0.004339 -0.552697 0.831151
224.731539011 -5.279377 0.777570 10.262175 0.059622 0.006380 -0.554485 0.830031
224.780607700 -5.296502 0.777591 10.267450 0.058418 0.007979 -0.555899 0.829156
224.949516058 -5.313989 0.777492 10.272526 0.055979 0.009738 -0.557083 0.828511
224.998408556 -5.331528 0.777103 10.277919 0.053829 0.010802 -0.557939 0.828064
225.166444302 -5.349110 0.776499 10.283706 0.052598 0.010696 -0.558490 0.827773
225.215438604 -5.367001 0.775518 10.289501 0.051272 0.010098 -0.558934 0.827564
225.380040646 -5.385244 0.773599 10.295319 0.049839 0.009174 -0.559381 0.827360
225.430719614 -5.403810 0.770832 10.301536 0.049263 0.007142 -0.559706 0.827195
225.600804090 -5.422574 0.767258 10.308465 0.050440 0.003203 -0.559568 0.827242
225.653752089 -5.441396 0.764060 10.315819 0.053706 -0.002283 -0.558961 0.827450
225.826898575 -5.460668 0.762949 10.321810 0.054645 -0.005823 -0.558381 0.827763
225.880056381 -5.480281 0.763077 10.326775 0.053201 -0.007206 -0.557955 0.828133
226.046946287 -5.499930 0.763141 10.331522 0.051400 -0.007719 -0.557554 0.828512
226.097564220 -5.519580 0.762986 10.336342 0.049898 -0.008298 -0.556852 0.829070
226.261907816 -5.539258 0.761912 10.341348 0.048970 -0.009040 -0.555769 0.829844
226.312916994 -5.558825 0.760243 10.346631 0.049147 -0.010294 -0.554484 0.830678
226.479868174 -5.578121 0.757987 10.352550 0.051627 -0.012987 -0.552690 0.831685
226.531584978 -5.597456 0.755142 10.358615 0.055183 -0.016115 -0.550813 0.832647
226.697649479 -5.616981 0.753254 10.363681 0.057272 -0.017768 -0.549649 0.833241
226.749393225 -5.636457 0.753188 10.367160 0.056169 -0.016530 -0.549726 0.833290
226.916235447 -5.655625 0.753743 10.370305 0.054101 -0.014159 -0.550755 0.832792
226.966694355 -5.674684 0.753129 10.373904 0.052745 -0.012026 -0.552056 0.832050
227.135290623 -5.694005 0.750706 10.377722 0.051445 -0.009757 -0.553629 0.831116
227.187503815 -5.712974 0.748324 10.381625 0.050310 -0.007144 -0.555932 0.829673
227.365859270 -5.731463 0.746250 10.385928 0.050325 -0.004887 -0.558632 0.827873
227.416507721 -5.749027 0.745694 10.390684 0.052562 -0.003714 -0.561416 0.825855
227.587733507 -5.765887 0.746050 10.395225 0.056042 -0.003010 -0.564255 0.823691
227.636457682 -5.782385 0.746235 10.399834 0.060926 -0.003148 -0.566747 0.821630
227.806954861 -5.798828 0.746209 10.404131 0.066092 -0.003517 -0.568983 0.819682
227.857411385 -5.815085 0.746803 10.407549 0.070448 -0.003058 -0.571216 0.817765
228.028359413 -5.831430 0.746657 10.410860 0.074759 -0.002449 -0.573305 0.815921
228.077548027 -5.847936 0.745897 10.414204 0.079428 -0.002094 -0.575416 0.813992
228.250434160 -5.864627 0.744753 10.417572 0.084322 -0.001966 -0.577372 0.812113
228.300621510 -5.881809 0.743625 10.420750 0.088576 -0.001648 -0.579300 0.810286
228.472834826 -5.899510 0.743174 10.423756 0.091963 -0.001307 -0.580842 0.808804
228.521421194 -5.917910 0.743050 10.426411 0.093865 -0.000537 -0.582117 0.807669
228.698608637 -5.936845 0.743394 10.429560 0.095842 -0.001004 -0.582528 0.807140
228.746521711 -5.956203 0.743380 10.433176 0.098232 -0.002211 -0.581955 0.807263
228.919811964 -5.976260 0.741754 10.436734 0.100037 -0.003331 -0.581032 0.807702
228.970272064 -5.997305 0.738923 10.439517 0.099264 -0.003125 -0.580018 0.808527
229.150939465 -6.018877 0.736614 10.441515 0.096073 -0.002022 -0.578546 0.809969
229.201370001 -6.039774 0.736258 10.443740 0.093841 -0.002545 -0.575859 0.812141
229.377504587 -6.059794 0.737466 10.445908 0.092992 -0.004823 -0.572238 0.814784
229.427549839 -6.079704 0.738596 10.447240 0.091413 -0.007053 -0.568542 0.817529
229.607118607 -6.099700 0.739488 10.447351 0.088006 -0.008331 -0.565086 0.820283
229.659477711 -6.120109 0.739431 10.446489 0.082510 -0.008789 -0.562096 0.822899
229.831835747 -6.141091 0.737275 10.445296 0.075980 -0.008773 -0.559314 0.825420
229.881019354 -6.162088 0.733718 10.444719 0.070508 -0.009846 -0.556085 0.828071
230.052833319 -6.182568 0.729522 10.445648 0.068541 -0.013767 -0.551766 0.831064
230.102363110 -6.202573 0.725607 10.447302 0.069143 -0.020030 -0.546657 0.834257
230.277443171 -6.222858 0.722628 10.447474 0.067167 -0.025357 -0.542115 0.837232
230.326123953 -6.243211 0.721748 10.446316 0.062299 -0.029886 -0.537843 0.840209
230.495223761 -6.263828 0.720866 10.444671 0.055835 -0.034054 -0.533537 0.843244
230.544473171 -6.284378 0.718985 10.443584 0.049912 -0.039046 -0.528614 0.846494
230.710873842 -6.304830 0.715974 10.443107 0.044735 -0.044929 -0.523112 0.849902
230.761788845 -6.324765 0.712230 10.443784 0.041890 -0.052537 -0.516843 0.853439
230.922721386 -6.343792 0.708853 10.445498 0.041834 -0.061761 -0.510471 0.856653
230.975766897 -6.361463 0.708404 10.447637 0.044148 -0.071805 -0.504894 0.859056
231.137048721 -6.378898 0.710190 10.448848 0.044553 -0.080089 -0.500502 0.860871
231.191420794 -6.396830 0.712704 10.449093 0.041984 -0.085812 -0.497294 0.862306
231.350598097 -6.414555 0.715194 10.449955 0.040828 -0.091443 -0.494847 0.863191
231.404453993 -6.432336 0.717484 10.450837 0.039485 -0.096120 -0.493295 0.863633
231.555991888 -6.450302 0.718555 10.451886 0.038099 -0.100108 -0.492577 0.863652
231.609821081 -6.468306 0.718586 10.453218 0.036925 -0.103560 -0.492703 0.863224
231.760904312 -6.486501 0.717664 10.454480 0.034786 -0.105750 -0.494036 0.862285
231.815658092 -6.504737 0.716045 10.455743 0.032028 -0.106778 -0.496674 0.860748
231.965856314 -6.522131 0.715166 10.457494 0.030498 -0.107319 -0.500751 0.858371
232.020840168 -6.538569 0.715233 10.459624 0.030405 -0.107456 -0.505903 0.855331
232.170315027 -6.554383 0.715689 10.461969 0.031508 -0.107286 -0.511597 0.851919
232.223699570 -6.569795 0.716560 10.464227 0.032784 -0.106306 -0.517730 0.848281
232.374171734 -6.585213 0.716652 10.466588 0.034119 -0.104808 -0.524084 0.844504
232.424772024 -6.600542 0.716370 10.469079 0.035432 -0.102769 -0.530530 0.840667
232.576763868 -6.615571 0.717132 10.471500 0.036419 -0.099931 -0.536831 0.836958
232.628202438 -6.630725 0.717328 10.473842 0.036773 -0.096323 -0.543012 0.833372
232.780752897 -6.646159 0.716359 10.476142 0.036075 -0.091709 -0.549230 0.829840
232.834961891 -6.661556 0.714899 10.478674 0.035534 -0.086786 -0.555507 0.826207
232.999143362 -6.676405 0.714456 10.481950 0.036344 -0.082744 -0.560934 0.822913
233.053048134 -6.690238 0.715791 10.486283 0.039735 -0.080760 -0.564555 0.820474
233.211017132 -6.703833 0.718305 10.490374 0.042482 -0.078769 -0.567272 0.818653
233.264103413 -6.717828 0.721140 10.494088 0.042944 -0.076138 -0.569388 0.817408
233.425438166 -6.732441 0.723508 10.497700 0.041698 -0.073214 -0.571172 0.816495
233.480211020 -6.747730 0.725642 10.501272 0.039090 -0.069797 -0.573028 0.815622
233.638137102 -6.763553 0.726845 10.504867 0.035487 -0.066181 -0.574997 0.814702
233.691830635 -6.779710 0.727237 10.508891 0.031871 -0.063017 -0.576954 0.813718
233.852829218 -6.795685 0.727800 10.513414 0.028831 -0.060533 -0.579232 0.812401
233.905547857 -6.811314 0.729174 10.518655 0.027421 -0.059479 -0.581778 0.810707
234.066844225 -6.826653 0.731211 10.524226 0.026782 -0.059359 -0.584671 0.808652
234.119738340 -6.841824 0.733011 10.529887 0.026374 -0.059679 -0.588013 0.806215
234.277273417 -6.856906 0.734221 10.535617 0.026356 -0.060482 -0.591677 0.803471
234.328323603 -6.871824 0.735146 10.541478 0.027040 -0.062056 -0.595561 0.800453
234.489608765 -6.886433 0.735921 10.546834 0.026563 -0.063195 -0.600159 0.796938
234.540786505 -6.900434 0.737832 10.552162 0.026316 -0.064903 -0.605160 0.793018
234.703233480 -6.914280 0.740031 10.557350 0.026265 -0.067012 -0.610182 0.788985
234.757231236 -6.928012 0.742439 10.562117 0.026125 -0.069153 -0.615241 0.784865
234.914026260 -6.941832 0.744193 10.566167 0.025018 -0.070517 -0.620485 0.780640
234.968083858 -6.955530 0.745953 10.569590 0.023377 -0.071219 -0.625929 0.776270
235.127474546 -6.969169 0.747715 10.572951 0.022909 -0.072447 -0.631234 0.771862
235.179703236 -6.982798 0.749068 10.575803 0.022511 -0.073163 -0.636698 0.767305
235.334640265 -6.996304 0.750971 10.578020 0.022716 -0.073633 -0.642205 0.762650
235.387297392 -7.009736 0.753014 10.579834 0.023527 -0.074050 -0.647810 0.757829
235.542736053 -7.023456 0.754387 10.581752 0.025779 -0.075172 -0.653266 0.752946
235.596317053 -7.037517 0.754970 10.582509 0.026669 -0.074626 -0.658968 0.747984
235.750614405 -7.051969 0.755911 10.582496 0.027650 -0.073661 -0.664702 0.742954
235.802973270 -7.066681 0.756375 10.582038 0.028485 -0.072112 -0.670577 0.737777
235.962262869 -7.081411 0.755748 10.581038 0.028173 -0.069122 -0.676830 0.732346
236.017630100 -7.096086 0.754821 10.580084 0.027404 -0.065562 -0.683158 0.726805
236.175657749 -7.110637 0.755409 10.580681 0.028663 -0.064276 -0.689052 0.721287
236.230593681 -7.125061 0.757221 10.581838 0.030548 -0.064059 -0.694956 0.715541
236.387705564 -7.139525 0.759069 10.583329 0.032072 -0.064219 -0.700816 0.709721
236.441520452 -7.154030 0.760510 10.584815 0.032900 -0.064262 -0.706693 0.703828
236.599860191 -7.168573 0.761786 10.586085 0.032656 -0.063904 -0.712729 0.697759
236.652855396 -7.183304 0.762937 10.587950 0.032585 -0.064583 -0.718644 0.691606
236.809480667 -7.198175 0.763101 10.589590 0.031729 -0.064803 -0.724755 0.685218
236.862268209 -7.212724 0.763838 10.590961 0.030460 -0.064970 -0.730944 0.678655
237.015892029 -7.227266 0.765538 10.593006 0.031015 -0.067537 -0.736432 0.672417
237.068193913 -7.241700 0.766553 10.594388 0.031009 -0.069480 -0.741980 0.666091
237.222073793 -7.255768 0.767543 10.594374 0.029863 -0.069791 -0.747386 0.660039
237.273433685 -7.269913 0.768744 10.593751 0.029240 -0.070448 -0.752140 0.654575
237.428462744 -7.284465 0.768594 10.593105 0.029092 -0.071592 -0.756543 0.649362
237.479680300 -7.298722 0.768913 10.591091 0.027884 -0.070887 -0.760967 0.644303
237.631586313 -7.312982 0.770562 10.588176 0.027310 -0.070194 -0.765218 0.639350
237.683458328 -7.327779 0.772195 10.585555 0.029040 -0.071692 -0.769137 0.634385
237.835773945 -7.342632 0.772576 10.582221 0.030026 -0.071801 -0.773213 0.629352
237.887830496 -7.357154 0.772544 10.577941 0.029424 -0.069553 -0.777705 0.624077
238.038839579 -7.371780 0.771932 10.573846 0.028938 -0.067225 -0.782338 0.618539
238.091681719 -7.386869 0.770710 10.570465 0.030185 -0.066686 -0.786769 0.612892
238.243567228 -7.401864 0.769735 10.566874 0.031768 -0.066168 -0.791186 0.607155
238.294701576 -7.416276 0.770145 10.562466 0.032734 -0.064474 -0.795676 0.601391
238.448011398 -7.430906 0.771601 10.558351 0.034746 -0.064239 -0.799794 0.595815
238.499670029 -7.445652 0.773450 10.554562 0.037508 -0.065083 -0.803634 0.590364
238.649364233 -7.460227 0.775075 10.550433 0.039808 -0.065401 -0.807477 0.584909
238.701169968 -7.474894 0.775562 10.546103 0.040963 -0.064626 -0.811450 0.579391
238.850558996 -7.489856 0.774811 10.542150 0.041566 -0.063673 -0.815449 0.573812
238.902972698 -7.504736 0.773782 10.538668 0.042040 -0.062965 -0.819572 0.567953
239.059323788 -7.519144 0.774554 10.535177 0.042853 -0.062921 -0.823676 0.561927
239.112113476 -7.533470 0.776620 10.531593 0.044306 -0.063870 -0.827640 0.555851
239.265656948 -7.547623 0.778288 10.527535 0.045784 -0.064506 -0.831672 0.549604
239.318639040 -7.562143 0.779075 10.523423 0.047831 -0.065967 -0.835494 0.543425
239.469023943 -7.576529 0.778872 10.519040 0.049339 -0.066540 -0.839466 0.537062
239.520422697 -7.590224 0.778638 10.514074 0.050079 -0.065443 -0.843770 0.530341
239.670390368 -7.603760 0.777517 10.508757 0.050678 -0.063586 -0.848186 0.523421
239.723674059 -7.617312 0.775792 10.503188 0.051411 -0.061597 -0.852613 0.516346
239.877605915 -7.630981 0.774657 10.497772 0.052599 -0.060342 -0.856975 0.509103
239.932122469 -7.644917 0.774267 10.492547 0.054054 -0.059897 -0.861192 0.501836
240.086779118 -7.659035 0.774404 10.487179 -0.054810 0.058857 0.865455 -0.494490
240.138339520 -7.673236 0.774280 10.481567 -0.054715 0.056741 0.869754 -0.487149
240.295714140 -7.687764 0.774101 10.476025 -0.054121 0.054440 0.873920 -0.479969
240.347831249 -7.702535 0.773584 10.470625 -0.053016 0.051917 0.878098 -0.472692
240.504762411 -7.717562 0.773110 10.465629 -0.052060 0.050321 0.882167 -0.465338
240.558995008 -7.732585 0.773103 10.460912 -0.051377 0.049868 0.886153 -0.457827
240.713863611 -7.747388 0.773465 10.456207 -0.050971 0.050325 0.889952 -0.450394
240.768078566 -7.761734 0.774074 10.451161 -0.050629 0.050972 0.893538 -0.443202
240.920920849 -7.775533 0.774966 10.445723 -0.050190 0.051583 0.897018 -0.436094
240.974358559 -7.789183 0.775147 10.440066 -0.049925 0.052388 0.900250 -0.429317
241.126850128 -7.802117 0.775463 10.433848 -0.049595 0.052695 0.903271 -0.422924
241.179854631 -7.814576 0.775825 10.427246 -0.049604 0.053162 0.906009 -0.416967
241.343728304 -7.826657 0.776487 10.420211 -0.049772 0.053597 0.908596 -0.411222
241.397085667 -7.838503 0.777320 10.412890 -0.050216 0.054344 0.911080 -0.405535
241.549826622 -7.850184 0.777615 10.405210 -0.050671 0.054827 0.913484 -0.399966
241.602045774 -7.861592 0.778218 10.397164 -0.051158 0.055118 0.915848 -0.394419
241.749636173 -7.872726 0.777910 10.388904 -0.050990 0.053904 0.918401 -0.388631
241.802343130 -7.883649 0.776287 10.380616 -0.049849 0.050542 0.921235 -0.382475
241.953247070 -7.895059 0.775308 10.372832 -0.049628 0.048995 0.923967 -0.376062
242.006123781 -7.906734 0.774918 10.365059 -0.050220 0.048970 0.926608 -0.369428
242.155412436 -7.918156 0.775359 10.357044 -0.050963 0.048940 0.929358 -0.362354
242.207933664 -7.929530 0.775204 10.348833 -0.051555 0.048388 0.932175 -0.355035
242.360184193 -7.940625 0.774722 10.340116 -0.051736 0.046731 0.934985 -0.347768
242.411099911 -7.951553 0.773887 10.331179 -0.051627 0.044169 0.937856 -0.340308
242.561711550 -7.962829 0.771793 10.322313 -0.051680 0.041828 0.940645 -0.332817
242.612722397 -7.973827 0.770113 10.313120 -0.051633 0.038923 0.943369 -0.325382
242.763672113 -7.984579 0.768617 10.303787 -0.051603 0.035588 0.946041 -0.317925
242.814474821 -7.995637 0.766794 10.294563 -0.051760 0.032716 0.948622 -0.310429
242.966079235 -8.006926 0.766211 10.285481 -0.052133 0.030805 0.951131 -0.302791
243.017744064 -8.018605 0.765509 10.276726 -0.052809 0.029905 0.953651 -0.294732
243.171000004 -8.030400 0.764530 10.267896 -0.053334 0.029132 0.956187 -0.286378
243.223787069 -8.042166 0.763473 10.259095 -0.053479 0.027829 0.958858 -0.277410
243.376339436 -8.054386 0.762336 10.250605 -0.053984 0.027889 0.961441 -0.268216
243.427117109 -8.066627 0.761268 10.242051 -0.054559 0.028392 0.963875 -0.259156
243.583001614 -8.078163 0.761175 10.233276 -0.055171 0.028616 0.966165 -0.250326
243.631229162 -8.089360 0.760946 10.224298 -0.055776 0.028430 0.968312 -0.241769
243.786208630 -8.100116 0.760374 10.215052 -0.056116 0.027083 0.970366 -0.233468
243.835148335 -8.110691 0.759521 10.205670 -0.056420 0.025263 0.972352 -0.225190
243.992919445 -8.121370 0.757776 10.196142 -0.056697 0.023349 0.974246 -0.216989
244.043433189 -8.131743 0.756114 10.186369 -0.056946 0.021030 0.976040 -0.208951
244.202823639 -8.142088 0.755037 10.176440 -0.057409 0.019350 0.977758 -0.200794
244.253696203 -8.152538 0.754536 10.166424 -0.058117 0.018585 0.979444 -0.192265
244.416060925 -8.163301 0.753217 10.156329 -0.058950 0.018528 0.981067 -0.183544
244.465676069 -8.173643 0.751274 10.146038 -0.059471 0.017277 0.982698 -0.174554
244.623852491 -8.183493 0.749348 10.135711 -0.059813 0.014927 0.984282 -0.165495
244.674282312 -8.193496 0.746990 10.125378 -0.060327 0.013338 0.985737 -0.156543
244.831086397 -8.203944 0.745129 10.115111 -0.061266 0.013779 0.987043 -0.147660
244.881597042 -8.213674 0.744300 10.104728 -0.062318 0.014009 0.988240 -0.138931
245.044420719 -8.223060 0.743764 10.094273 -0.063546 0.014440 0.989277 -0.130710
245.096333027 -8.232292 0.743042 10.083691 -0.065023 0.015340 0.990145 -0.123087
245.256408453 -8.241041 0.742186 10.072932 -0.066501 0.015397 0.990930 -0.115748
245.305587769 -8.249575 0.741717 10.062030 -0.068299 0.016086 0.991588 -0.108767
245.469208956 -8.257577 0.740665 10.050915 -0.070123 0.015945 0.992174 -0.102073
245.520617008 -8.265053 0.739070 10.039723 -0.071844 0.014263 0.992757 -0.095230
245.684155703 -8.272335 0.737821 10.028235 -0.073640 0.012840 0.993278 -0.088376
245.735762835 -8.279646 0.736807 10.016579 -0.075619 0.012205 0.993737 -0.081359
245.900422096 -8.286960 0.735869 10.005152 -0.077507 0.011679 0.994162 -0.074149
245.952785969 -8.294570 0.734745 9.993686 -0.079026 0.012167 0.994512 -0.067468
246.117742300 -8.302241 0.734228 9.982133 -0.080331 0.013724 0.994793 -0.061204
246.167999029 -8.309605 0.733731 9.970492 -0.081135 0.015000 0.995084 -0.054772
246.335704088 -8.316399 0.732162 9.958941 -0.081389 0.014423 0.995441 -0.047594
246.388892651 -8.323078 0.730032 9.947358 -0.081192 0.012867 0.995866 -0.038631
246.556113243 -8.330369 0.728668 9.935535 -0.080349 0.012977 0.996284 -0.028158
246.608459949 -8.338000 0.727235 9.923730 -0.079246 0.013707 0.996608 -0.017447
246.770686388 -8.345295 0.725960 9.911894 -0.077835 0.013846 0.996847 -0.006757
246.822464705 -8.352422 0.724404 9.900037 -0.076183 0.013478 0.996996 0.003806
246.991154194 -8.359552 0.722698 9.888155 -0.074262 0.013118 0.997047 0.014477
247.043812037 -8.366873 0.721023 9.876341 -0.072132 0.013421 0.996981 0.025423
247.207435131 -8.373835 0.720001 9.864486 -0.069872 0.014388 0.996789 0.036361
247.259219170 -8.380663 0.718060 9.852680 -0.067752 0.015945 0.996475 0.046825
247.425677538 -8.386186 0.715501 9.841262 -0.065935 0.014934 0.996089 0.056884
247.476640701 -8.390348 0.712956 9.830092 -0.064563 0.011098 0.995660 0.066097
247.640894651 -8.394132 0.710051 9.818983 -0.063579 0.006478 0.995161 0.074637
247.692794323 -8.398147 0.709993 9.807165 -0.063078 0.004518 0.994543 0.082972
247.859283447 -8.402247 0.709445 9.795522 -0.063010 0.003028 0.993892 0.090554
247.912369251 -8.407050 0.707947 9.783853 -0.062740 0.003578 0.993287 0.097116
248.077097416 -8.411208 0.706537 9.772249 -0.062721 0.002879 0.992781 0.102190
248.130308390 -8.415105 0.705546 9.760581 -0.062739 0.002013 0.992353 0.106283
248.295557261 -8.418887 0.704231 9.749050 -0.062948 0.001546 0.992022 0.109209
248.348134279 -8.422017 0.701688 9.737918 -0.063493 -0.000306 0.991793 0.110973
248.516869068 -8.424685 0.699688 9.727033 -0.064287 -0.001081 0.991733 0.111048
248.568735361 -8.427493 0.698538 9.716099 -0.065074 0.001089 0.991791 0.110066
248.736205101 -8.430188 0.696638 9.705191 -0.065869 0.003700 0.991855 0.108952
248.789991140 -8.432191 0.694223 9.694359 -0.066741 0.005925 0.991931 0.107626
248.960416079 -8.433070 0.694169 9.684641 -0.067034 0.010106 0.992040 0.106116
249.017887115 -8.433122 0.694827 9.676250 -0.066577 0.014956 0.992089 0.105367
249.186978817 -8.432104 0.693967 9.667913 -0.066132 0.016053 0.992206 0.104388
249.243875504 -8.430928 0.692023 9.659054 -0.065589 0.015883 0.992346 0.103420
249.414196014 -8.430055 0.690153 9.649572 -0.064917 0.016654 0.992437 0.102849
249.466529131 -8.429878 0.689858 9.639337 -0.063124 0.021060 0.992398 0.103527
249.630634546 -8.429882 0.689477 9.629584 -0.060703 0.025838 0.992297 0.104850
249.680539131 -8.428709 0.687489 9.619639 -0.058597 0.026464 0.992294 0.105914
249.844692230 -8.428050 0.686375 9.609083 -0.055942 0.028279 0.992321 0.106631
249.899034977 -8.426306 0.685263 9.599583 -0.053789 0.027426 0.992370 0.107497
250.066882610 -8.424399 0.684278 9.590455 -0.051709 0.026497 0.992388 0.108581
250.123253822 -8.421958 0.683445 9.581551 -0.049880 0.024911 0.992341 0.110231
250.288286924 -8.419728 0.682038 9.572882 -0.048380 0.023168 0.992250 0.112087
250.344468594 -8.417775 0.680320 9.564150 -0.047190 0.021762 0.992090 0.114264
250.508700132 -8.416356 0.678447 9.555744 -0.046389 0.020114 0.991973 0.115900
250.562183380 -8.414884 0.676768 9.547239 -0.046294 0.016711 0.991863 0.117413
250.726449966 -8.413991 0.675691 9.538427 -0.046810 0.013671 0.991716 0.118829
250.780317068 -8.413557 0.675060 9.529319 -0.047862 0.011015 0.991555 0.120025
250.945053816 -8.413525 0.673978 9.520015 -0.049287 0.008730 0.991398 0.120931
251.000462770 -8.413447 0.671694 9.510720 -0.051167 0.005433 0.991282 0.121294
251.166921616 -8.413585 0.668833 9.501041 -0.053543 0.001919 0.991191 0.121123
251.218026161 -8.414414 0.666762 9.491883 -0.055922 0.000688 0.991112 0.120706
251.384000063 -8.415812 0.665072 9.481608 -0.058770 0.001000 0.991042 0.119920
251.435567141 -8.417294 0.662933 9.471274 -0.061846 0.001515 0.990999 0.118715
251.601254940 -8.419221 0.660549 9.460691 -0.064839 0.003598 0.990942 0.117547
251.654436588 -8.421295 0.658011 9.449936 -0.067721 0.006527 0.990828 0.116753
251.824271202 -8.422219 0.656339 9.439170 -0.070698 0.007653 0.990669 0.116268
251.877389193 -8.422828 0.655004 9.428235 -0.073188 0.009360 0.990420 0.116727
252.052058220 -8.423117 0.653627 9.417353 -0.075220 0.010979 0.990102 0.117979
252.106906414 -8.422836 0.652116 9.406674 -0.076998 0.011098 0.989770 0.119601
252.280106068 -8.421916 0.650803 9.396182 -0.078389 0.009721 0.989478 0.121221
252.333093405 -8.420825 0.648849 9.385766 -0.079496 0.006937 0.989265 0.122424
252.512041330 -8.421016 0.647451 9.374975 -0.079654 0.006606 0.989133 0.123397
252.563147068 -8.422252 0.647302 9.363873 -0.078785 0.008560 0.989063 0.124393
252.738588810 -8.423196 0.647055 9.352977 -0.077659 0.009246 0.989045 0.125191
252.788985968 -8.424414 0.646622 9.342249 -0.076070 0.010701 0.989075 0.125818
252.961371422 -8.425815 0.646144 9.331656 -0.073927 0.013165 0.989108 0.126595
253.013570786 -8.426803 0.645424 9.321386 -0.071536 0.015165 0.989139 0.127505
253.190064907 -8.426482 0.644136 9.310883 -0.069188 0.014283 0.989207 0.128367
253.248294115 -8.425512 0.643183 9.301743 -0.066947 0.012388 0.989293 0.129090
253.423448324 -8.424193 0.641974 9.292594 -0.064531 0.009887 0.989418 0.129574
253.481692076 -8.422892 0.640766 9.283440 -0.061928 0.007764 0.989576 0.129780
253.656966686 -8.421956 0.639837 9.274186 -0.058977 0.006858 0.989759 0.129816
253.713327646 -8.421259 0.638465 9.265003 -0.055950 0.005877 0.989978 0.129530
253.887446880 -8.421140 0.637766 9.256122 -0.052814 0.006097 0.990234 0.128877
253.942445278 -8.422270 0.640211 9.248798 -0.050155 0.010543 0.990784 0.125383
254.112544060 -8.422985 0.640831 9.242380 -0.047943 0.012494 0.991452 0.120696
254.170717955 -8.423428 0.639845 9.235571 -0.046119 0.011362 0.992208 0.115188
254.340991974 -8.424741 0.641233 9.227760 -0.044360 0.013254 0.992751 0.110910
254.392279625 -8.426683 0.643522 9.218350 -0.042247 0.019027 0.993189 0.106903
254.554915190 -8.428889 0.643235 9.210037 -0.040399 0.024187 0.993580 0.102871
254.604262352 -8.430881 0.644304 9.201335 -0.039056 0.030431 0.993993 0.097606
254.767929554 -8.431886 0.644998 9.192254 -0.038328 0.033654 0.994486 0.091629
254.819631577 -8.432662 0.645813 9.182687 -0.038040 0.036681 0.994798 0.087085
254.983047247 -8.433370 0.645159 9.173053 -0.038024 0.039264 0.995081 0.082618
255.037351370 -8.433788 0.642171 9.164064 -0.038595 0.038567 0.995438 0.078268
255.202743292 -8.434842 0.638556 9.155547 -0.039904 0.036525 0.995774 0.074220
255.258316517 -8.436309 0.635834 9.147453 -0.041880 0.034215 0.996119 0.069448
255.418754816 -8.436940 0.631452 9.139773 -0.043969 0.027762 0.996552 0.064660
255.470651627 -8.439111 0.627189 9.130566 -0.045764 0.022311 0.996685 0.063456
255.640383959 -8.442068 0.623797 9.119832 -0.047115 0.017660 0.996591 0.065383
255.693062782 -8.445531 0.622805 9.108763 -0.047664 0.014750 0.996374 0.068923
255.860702276 -8.450413 0.622665 9.096807 -0.047163 0.015702 0.996021 0.073966
255.913055897 -8.454680 0.621800 9.085086 -0.046794 0.014154 0.995638 0.079470
256.075867653 -8.458948 0.620478 9.073504 -0.046622 0.012736 0.995228 0.084767
256.129422426 -8.462932 0.618629 9.062301 -0.046361 0.010929 0.994860 0.089359
256.298029661 -8.466783 0.616674 9.051248 -0.045575 0.009027 0.994437 0.094528
256.350981474 -8.471279 0.615771 9.039438 -0.043660 0.010142 0.993796 0.101785
256.514849424 -8.474925 0.614997 9.027846 -0.041832 0.008995 0.993059 0.109560
256.567273617 -8.477851 0.613989 9.016729 -0.040223 0.005471 0.992246 0.117476
256.732332945 -8.480756 0.614345 9.005758 -0.038134 0.001548 0.991295 0.126008
256.783744812 -8.484933 0.614280 8.994579 -0.035229 0.000579 0.990201 0.135134
256.945658445 -8.489218 0.613375 8.983600 -0.032121 0.000018 0.988999 0.144395
256.997670889 -8.491888 0.612605 8.973398 -0.029667 -0.003933 0.987768 0.153032
257.159060478 -8.494258 0.611744 8.963785 -0.027463 -0.008305 0.986604 0.160588
257.214342117 -8.496624 0.611869 8.954038 -0.024760 -0.012097 0.985641 0.166593
257.380099297 -8.498340 0.612731 8.945120 -0.022260 -0.015430 0.984995 0.170446
257.435742617 -8.499648 0.614049 8.936456 -0.019986 -0.018528 0.984559 0.172920
257.598492622 -8.500956 0.615120 8.928009 -0.017817 -0.020987 0.984255 0.174599
257.654481888 -8.503049 0.615905 8.919574 -0.015115 -0.020359 0.984040 0.176134
257.815928936 -8.504920 0.616645 8.911358 -0.012366 -0.019156 0.983940 0.177035
257.871256351 -8.506079 0.617128 8.903358 -0.009917 -0.018689 0.983915 0.177381
258.040620565 -8.507139 0.616948 8.895399 -0.007491 -0.017598 0.983950 0.177418
258.099263430 -8.507848 0.616134 8.887482 -0.005306 -0.016618 0.984081 0.176863
258.258185625 -8.508487 0.615105 8.879407 -0.002975 -0.014722 0.984267 0.176049
258.314926863 -8.509396 0.613874 8.871263 -0.000431 -0.011166 0.984526 0.174881
258.474546432 -8.509756 0.613711 8.863431 0.001910 -0.008081 0.984791 0.173543
258.535274506 -8.509800 0.614443 8.855830 0.003616 -0.006298 0.984945 0.172714
258.693279982 -8.510706 0.614982 8.848255 0.005164 -0.002923 0.984995 0.172481
258.747539043 -8.511248 0.615840 8.840840 0.006023 -0.000599 0.984998 0.172458
258.898720503 -8.511900 0.616137 8.833560 0.006520 0.001703 0.984932 0.172812
258.958205223 -8.512236 0.615655 8.826132 0.006299 0.002235 0.984889 0.173055
259.114197016 -8.512787 0.614113 8.818906 0.005683 0.002533 0.984816 0.173490
259.169713974 -8.513442 0.613000 8.811133 0.004777 0.004019 0.984627 0.174560
259.326674223 -8.513934 0.612204 8.803271 0.003499 0.005767 0.984344 0.176128
259.382318974 -8.514131 0.611798 8.795205 0.001852 0.007472 0.983969 0.178174
259.537178755 -8.514336 0.610565 8.787123 -0.000027 0.009039 0.983502 0.180674
259.594969749 -8.513817 0.609202 8.779366 -0.002547 0.008469 0.982966 0.183574
259.752008200 -8.513415 0.608376 8.771227 -0.004779 0.008839 0.982147 0.187844
259.809455872 -8.513013 0.607499 8.763066 -0.006709 0.008835 0.981054 0.193419
259.971923828 -8.512827 0.607113 8.754708 -0.008144 0.009115 0.979694 0.200126
260.027925014 -8.512889 0.606867 8.746291 -0.009095 0.009190 0.978107 0.207702
260.183511257 -8.513150 0.606918 8.738110 -0.009431 0.009841 0.976427 0.215417
260.236329317 -8.513489 0.606905 8.729262 -0.009413 0.010780 0.974441 0.224185
260.395858288 -8.513674 0.606602 8.720406 -0.009204 0.011026 0.972422 0.232784
260.453539371 -8.513445 0.605993 8.711177 -0.008612 0.009504 0.970582 0.240428
260.620994091 -8.512693 0.605438 8.703312 -0.008238 0.006628 0.969273 0.245761
260.680316448 -8.511483 0.604987 8.695601 -0.007884 0.003386 0.968219 0.249956
260.850017071 -8.509962 0.604711 8.688110 -0.007576 0.000445 0.967451 0.252945
260.909847260 -8.508948 0.604165 8.680515 -0.006873 -0.000547 0.966797 0.255451
261.074684858 -8.507961 0.603602 8.672945 -0.006093 -0.000699 0.966299 0.257349
261.132692814 -8.506717 0.603182 8.665442 -0.005442 -0.000913 0.965958 0.258639
261.296947002 -8.505203 0.603185 8.657982 -0.004993 -0.001028 0.965771 0.259348
261.354395628 -8.503625 0.603487 8.650535 -0.004695 -0.000303 0.965713 0.259570
261.515877962 -8.502324 0.603285 8.642980 -0.004509 0.001561 0.965775 0.259336
261.579829454 -8.501133 0.603237 8.635847 -0.004705 0.003741 0.965958 0.258628
261.751004457 -8.499569 0.603359 8.628855 -0.005553 0.004890 0.966255 0.257479
261.816181898 -8.498342 0.603277 8.621884 -0.006644 0.006448 0.966565 0.256255
261.986599684 -8.497315 0.602745 8.614932 -0.007920 0.008143 0.966901 0.254899
262.052737474 -8.495712 0.601922 8.608146 -0.009814 0.008033 0.967340 0.253164
262.226682186 -8.493792 0.601103 8.601137 -0.012171 0.006899 0.967784 0.251394
262.285528898 -8.491226 0.601295 8.594858 -0.014820 0.002651 0.968083 0.250178
262.446707726 -8.488334 0.604321 8.587697 -0.017320 -0.005460 0.968393 0.248766
262.503503084 -8.487534 0.605505 8.579745 -0.018794 -0.008638 0.968496 0.248169
262.670897484 -8.486215 0.606155 8.571604 -0.020006 -0.012676 0.968517 0.247818
262.726328373 -8.484858 0.607564 8.562546 -0.020421 -0.015549 0.968529 0.247574
262.885644436 -8.484713 0.607825 8.553221 -0.020255 -0.015044 0.968681 0.247025
262.938596487 -8.482851 0.607761 8.544182 -0.020301 -0.017001 0.968995 0.245659
263.094317198 -8.481269 0.607187 8.534182 -0.019870 -0.016688 0.969524 0.243620
263.148002148 -8.479718 0.606591 8.523791 -0.019232 -0.015084 0.970185 0.241131
263.309140921 -8.477959 0.606013 8.514210 -0.018617 -0.013506 0.970818 0.238711
263.364338398 -8.476723 0.605497 8.504602 -0.017686 -0.009765 0.971510 0.236137
263.523130894 -8.475819 0.604915 8.495154 -0.016585 -0.004806 0.972216 0.233448
263.577692509 -8.474557 0.604071 8.486154 -0.015580 -0.000193 0.972841 0.230949
263.735719204 -8.472866 0.603031 8.477401 -0.014677 0.004301 0.973371 0.228724
263.791165829 -8.471557 0.601658 8.468829 -0.013867 0.009913 0.973891 0.226377
263.951025724 -8.469658 0.600772 8.460819 -0.013903 0.013797 0.974469 0.223666
264.007855415 -8.467669 0.599911 8.453178 -0.014795 0.016287 0.975066 0.220823
264.170803547 -8.465774 0.599105 8.445650 -0.016401 0.017805 0.975652 0.217986
264.227670908 -8.464095 0.598134 8.438206 -0.018628 0.018517 0.976230 0.215138
264.393398762 -8.462715 0.597068 8.430688 -0.021333 0.018749 0.976754 0.212471
264.449664116 -8.461717 0.595568 8.423033 -0.024313 0.018987 0.977169 0.210212
264.613836050 -8.460576 0.594376 8.415248 -0.027820 0.018268 0.977488 0.208349
264.669344664 -8.459224 0.593512 8.407280 -0.031870 0.016565 0.977747 0.206690
264.838175535 -8.458118 0.592722 8.399876 -0.036313 0.014044 0.978253 0.203730
264.895144701 -8.458061 0.592150 8.393028 -0.041162 0.011396 0.978985 0.199411
265.060677528 -8.458530 0.591767 8.386154 -0.046259 0.008499 0.979805 0.194343
265.113917589 -8.459399 0.591136 8.379296 -0.051020 0.005781 0.980600 0.189173
265.280957222 -8.460528 0.590200 8.371591 -0.055776 0.003353 0.981486 0.183202
265.334460735 -8.461578 0.589620 8.363188 -0.060012 0.001428 0.982345 0.177185
265.511789083 -8.462144 0.589466 8.354095 -0.063592 -0.000301 0.982927 0.172655
265.566590309 -8.462358 0.589592 8.344530 -0.065846 -0.001334 0.983176 0.170377
265.738508463 -8.462709 0.589219 8.335115 -0.067340 -0.001532 0.983234 0.169454
265.789374828 -8.462716 0.588521 8.324974 -0.068595 -0.001877 0.983161 0.169370
265.963547468 -8.462750 0.587221 8.314686 -0.069424 -0.001341 0.983006 0.169936
266.014814854 -8.462743 0.585574 8.304384 -0.069899 -0.000169 0.982807 0.170893
266.183205128 -8.462383 0.583484 8.294245 -0.070153 0.000610 0.982597 0.171990
266.234923363 -8.462241 0.581148 8.284128 -0.069897 0.002842 0.982389 0.173259
266.409102678 -8.462378 0.578470 8.274087 -0.069185 0.006233 0.982180 0.174634
266.463950634 -8.460831 0.576740 8.264016 -0.068517 0.006267 0.982037 0.175694
266.646190166 -8.458814 0.575723 8.254294 -0.067668 0.005750 0.982018 0.176148
266.702753305 -8.457034 0.574463 8.244839 -0.066514 0.005641 0.982015 0.176607
266.883239031 -8.455081 0.573487 8.235487 -0.065201 0.005111 0.982051 0.176914
266.939733744 -8.453068 0.572954 8.226113 -0.063751 0.004739 0.982137 0.176976
267.115744591 -8.451407 0.572114 8.216697 -0.062042 0.005031 0.982216 0.177134
267.171593666 -8.450010 0.570925 8.207306 -0.060011 0.005652 0.982270 0.177520
267.349538565 -8.448884 0.569548 8.197966 -0.057774 0.006889 0.982323 0.177921
267.407366514 -8.447908 0.568616 8.188732 -0.055462 0.008955 0.982393 0.178181
267.586354733 -8.446061 0.568261 8.179890 -0.053553 0.009018 0.982473 0.178317
267.642607450 -8.443833 0.568051 8.171166 -0.051852 0.008218 0.982533 0.178528
267.820623875 -8.441781 0.567808 8.162477 -0.050223 0.007668 0.982561 0.178863
267.879299164 -8.439869 0.567954 8.153815 -0.048643 0.007408 0.982550 0.179375
268.057369232 -8.438120 0.567989 8.145288 -0.047142 0.006924 0.982518 0.179966
268.117434502 -8.436594 0.567769 8.136907 -0.045697 0.005975 0.982453 0.180725
268.296020985 -8.435101 0.567589 8.128577 -0.044307 0.004322 0.982361 0.181620
268.354061127 -8.433835 0.567520 8.120171 -0.043003 0.002998 0.982257 0.182520
268.526098013 -8.432729 0.567237 8.111677 -0.041749 0.002246 0.982158 0.183350
268.584779501 -8.431433 0.566810 8.103199 -0.040614 0.001247 0.982058 0.184150
268.760418653 -8.429803 0.566197 8.094724 -0.039585 -0.000694 0.981949 0.184957
268.820025921 -8.428490 0.565854 8.086009 -0.038313 -0.001694 0.981810 0.185952
268.994587898 -8.427647 0.565838 8.077108 -0.036728 -0.001318 0.981629 0.187225
269.053892851 -8.427139 0.565340 8.068320 -0.034998 -0.000518 0.981414 0.188686
269.225533724 -8.426435 0.564685 8.059714 -0.033276 -0.000231 0.981178 0.190216
269.282163858 -8.425363 0.564061 8.051209 -0.031698 -0.000440 0.981006 0.191372
269.454095125 -8.423841 0.563974 8.042647 -0.030116 -0.000928 0.980856 0.192387
269.513215542 -8.421972 0.564162 8.034024 -0.028485 -0.001673 0.980716 0.193344
269.681839228 -8.419917 0.564177 8.025424 -0.026825 -0.002870 0.980614 0.194084
269.740638494 -8.418027 0.563964 8.016852 -0.024939 -0.004135 0.980505 0.194863
269.908484697 -8.416583 0.563679 8.008229 -0.022731 -0.004571 0.980385 0.195726
269.966698885 -8.415309 0.563479 7.999610 -0.020259 -0.004576 0.980257 0.196635
270.133998632 -8.414245 0.563114 7.991057 -0.017597 -0.004242 0.980117 0.197595
270.189463139 -8.413183 0.562837 7.982638 -0.014798 -0.004218 0.980010 0.198350
270.355154991 -8.412030 0.562477 7.974399 -0.011704 -0.004880 0.979889 0.199142
270.413454771 -8.411104 0.562217 7.966238 -0.008072 -0.005224 0.979735 0.200068
270.576697826 -8.410452 0.562103 7.958100 -0.004184 -0.005075 0.979627 0.200719
270.635598898 -8.409676 0.562511 7.950029 -0.000305 -0.005378 0.979580 0.200981
270.798328638 -8.408562 0.563169 7.941968 0.003472 -0.006384 0.979635 0.200653
270.854728937 -8.407347 0.563500 7.933820 0.007189 -0.007632 0.979704 0.200177
271.011466742 -8.406119 0.563473 7.925498 0.010819 -0.008750 0.979760 0.199690
271.067741871 -8.404829 0.563074 7.917042 0.014315 -0.009699 0.979797 0.199244
271.225504637 -8.403245 0.562527 7.908543 0.017575 -0.010981 0.979813 0.198837
271.282991171 -8.401500 0.562339 7.899884 0.020497 -0.012265 0.979858 0.198264
271.436830759 -8.399990 0.562243 7.891231 0.023170 -0.013403 0.979948 0.197445
271.493082285 -8.398544 0.562184 7.882729 0.025503 -0.014877 0.980109 0.196250
271.643223286 -8.397145 0.562150 7.874208 0.027563 -0.016455 0.980304 0.194868
271.699569225 -8.396035 0.562051 7.865631 0.029497 -0.017241 0.980515 0.193448
271.852235556 -8.395240 0.562134 7.857056 0.031150 -0.017144 0.980800 0.191748
271.909187078 -8.394581 0.562499 7.848503 0.032488 -0.016467 0.981149 0.189788
272.058341503 -8.393809 0.562884 7.840098 0.033339 -0.016173 0.981577 0.187438
272.113943577 -8.393447 0.563432 7.831610 0.033992 -0.014559 0.982060 0.184908
272.260773182 -8.393397 0.563822 7.823283 0.034317 -0.012179 0.982643 0.181897
272.315658331 -8.393340 0.564416 7.815037 0.034224 -0.009523 0.983336 0.178291
272.457223654 -8.393035 0.564351 7.806913 0.033668 -0.007621 0.984117 0.174132
272.512140512 -8.392943 0.563794 7.798571 0.032893 -0.004890 0.984939 0.169676
272.660058975 -8.392671 0.562642 7.790406 0.031676 -0.003213 0.985928 0.164109
272.713620424 -8.392705 0.561855 7.782798 0.029676 -0.002659 0.987095 0.157336
272.856751442 -8.393323 0.561163 7.775407 0.027146 -0.002566 0.988285 0.150163
272.907599688 -8.394333 0.560744 7.767483 0.023986 -0.003267 0.989550 0.142143
273.053339720 -8.396034 0.559827 7.759299 0.020591 -0.003476 0.990767 0.133954
273.104373455 -8.397679 0.559515 7.750834 0.016536 -0.005017 0.991962 0.125349
273.265815496 -8.399794 0.558402 7.742181 0.012204 -0.006017 0.993020 0.117159
273.318435192 -8.401215 0.557695 7.733539 0.008081 -0.008360 0.993834 0.110269
273.476090193 -8.402847 0.558049 7.723773 0.004404 -0.008910 0.994373 0.105468
273.533423424 -8.403843 0.558140 7.714230 0.001749 -0.009859 0.994603 0.103274
273.693808317 -8.404824 0.557899 7.704485 -0.000081 -0.010756 0.994610 0.103126
273.748158455 -8.406608 0.558393 7.694174 -0.001082 -0.009806 0.994442 0.104825
273.907849789 -8.407520 0.558076 7.685061 -0.002068 -0.011270 0.994190 0.107023
273.964383364 -8.407650 0.558005 7.675091 -0.002635 -0.014102 0.993939 0.108989
274.124258518 -8.408056 0.558190 7.665558 -0.002243 -0.015525 0.993685 0.111107
274.180474758 -8.408988 0.557766 7.656140 -0.001051 -0.015666 0.993386 0.113746
274.343573093 -8.409947 0.556777 7.646931 0.000664 -0.015809 0.993037 0.116732
274.401889086 -8.411000 0.555269 7.638005 0.002788 -0.015954 0.992658 0.119867
274.564815283 -8.411368 0.555225 7.629515 0.005253 -0.018439 0.992213 0.123069
274.623178244 -8.412172 0.556455 7.621277 0.008048 -0.019986 0.991813 0.125866
274.779766083 -8.413240 0.557700 7.613404 0.010892 -0.020732 0.991448 0.128387
274.836459398 -8.414871 0.558498 7.605417 0.014005 -0.019059 0.991111 0.130916
274.993035555 -8.417043 0.558876 7.597328 0.017190 -0.015184 0.990753 0.133725
275.051058769 -8.418975 0.560343 7.589686 0.019908 -0.010603 0.990360 0.136669
275.212106228 -8.420090 0.561351 7.582632 0.022031 -0.007463 0.990011 0.139057
275.277572155 -8.420192 0.561793 7.575636 0.023902 -0.006451 0.989793 0.140345
275.436774015 -8.419449 0.562188 7.568470 0.025413 -0.007549 0.989665 0.140926
275.492550850 -8.418588 0.562836 7.560570 0.026941 -0.008429 0.989514 0.141649
275.642998457 -8.417624 0.563492 7.552568 0.028351 -0.009326 0.989392 0.142173
275.698786497 -8.416594 0.564184 7.544419 0.029550 -0.010607 0.989312 0.142396
275.848648548 -8.415958 0.564532 7.536122 0.030704 -0.011014 0.989247 0.142567
275.904600382 -8.415668 0.564882 7.527820 0.031667 -0.010602 0.989233 0.142487
276.053960800 -8.415063 0.565424 7.519616 0.032195 -0.011762 0.989261 0.142083
276.110231400 -8.414671 0.565597 7.511239 0.032519 -0.013137 0.989318 0.141492
276.258884668 -8.414792 0.565033 7.502791 0.032643 -0.014070 0.989428 0.140601
276.314341068 -8.415372 0.564610 7.494213 0.032519 -0.014091 0.989608 0.139354
276.463960886 -8.416660 0.564315 7.485558 0.032245 -0.012372 0.989842 0.137911
276.520110607 -8.417746 0.563234 7.477058 0.031583 -0.011604 0.990118 0.136141
276.670987129 -8.418617 0.561615 7.468527 0.030538 -0.011700 0.990424 0.134134
276.726982117 -8.419841 0.559963 7.459946 0.029187 -0.011386 0.990768 0.131900
276.877967834 -8.421230 0.558394 7.451430 0.027461 -0.011404 0.991145 0.129414
276.935168743 -8.422792 0.558142 7.442748 0.025424 -0.010936 0.991531 0.126891
277.088918209 -8.424978 0.558294 7.433975 0.023277 -0.008890 0.991904 0.124525
277.145275116 -8.427326 0.558443 7.425363 0.020836 -0.006771 0.992270 0.122147
277.300778866 -8.429835 0.558565 7.416876 0.018145 -0.004321 0.992638 0.119676
277.358544111 -8.432545 0.558594 7.408417 0.015362 -0.001072 0.992956 0.117477
277.515460491 -8.434373 0.557919 7.400104 0.012433 -0.000060 0.993209 0.115681
277.572323799 -8.435257 0.557436 7.391733 0.009257 -0.001772 0.993435 0.114013
277.732397318 -8.436632 0.557557 7.383046 0.006317 -0.002398 0.993556 0.113145
277.790078163 -8.438434 0.557760 7.374042 0.003912 -0.001297 0.993535 0.113449
277.953075171 -8.440243 0.557195 7.364963 0.001857 0.000301 0.993395 0.114732
278.010992527 -8.441564 0.555881 7.355985 -0.000045 0.000846 0.993155 0.116802
278.177515984 -8.441698 0.554867 7.346970 -0.002007 -0.002062 0.992895 0.118958
278.233860731 -8.441992 0.555297 7.337568 -0.003319 -0.004660 0.992577 0.121483
278.398737669 -8.443024 0.556074 7.328143 -0.004085 -0.005917 0.992206 0.124401
278.456022739 -8.444144 0.556038 7.318944 -0.004677 -0.007554 0.991804 0.127460
278.620126724 -8.445457 0.555613 7.309849 -0.004866 -0.008796 0.991338 0.130951
278.678156614 -8.445983 0.555594 7.301039 -0.005066 -0.012394 0.990833 0.134427
278.843861580 -8.446488 0.556425 7.292300 -0.005068 -0.016391 0.990302 0.137871
278.901659012 -8.447368 0.557312 7.283742 -0.004773 -0.019800 0.989738 0.141438
279.066126347 -8.448888 0.557752 7.275236 -0.003983 -0.021740 0.989121 0.145434
279.123510122 -8.450689 0.557738 7.266828 -0.002742 -0.022807 0.988429 0.149938
279.284661770 -8.452210 0.557344 7.258693 -0.001307 -0.024384 0.987662 0.154687
279.340436220 -8.453065 0.557299 7.250904 0.000073 -0.027396 0.986879 0.159121
279.501267195 -8.453649 0.557771 7.243273 0.001327 -0.031450 0.986178 0.162674
279.557853937 -8.454759 0.558114 7.235584 0.002901 -0.034331 0.985517 0.166037
279.716288090 -8.456108 0.558425 7.228065 0.004613 -0.036668 0.984915 0.169046
279.772931814 -8.457886 0.559473 7.220704 0.006331 -0.037439 0.984514 0.171144
279.932233334 -8.459744 0.561052 7.213542 0.007837 -0.037595 0.984323 0.172146
279.988239288 -8.462544 0.562748 7.206412 0.009479 -0.035269 0.984301 0.172677
280.143291950 -8.465727 0.563894 7.199449 0.011031 -0.032155 0.984379 0.172750
280.200094461 -8.468896 0.564385 7.192857 0.012270 -0.029114 0.984564 0.172152
280.362604141 -8.471316 0.564793 7.186255 0.012858 -0.028061 0.984897 0.170368
280.423862219 -8.473754 0.564903 7.179713 0.013160 -0.026840 0.985322 0.168070
280.583665133 -8.476513 0.564280 7.173210 0.013162 -0.025463 0.985805 0.165431
280.645530224 -8.478999 0.563536 7.166676 0.012649 -0.025018 0.986342 0.162308
280.802471161 -8.481629 0.563167 7.159890 0.011933 -0.023593 0.986895 0.159181
280.860374212 -8.484068 0.562745 7.152487 0.010724 -0.022818 0.987493 0.155636
281.016824722 -8.485972 0.562327 7.145168 0.009238 -0.022776 0.988035 0.152258
281.072122097 -8.487887 0.562170 7.137180 0.007647 -0.022018 0.988545 0.149113
281.226237297 -8.489852 0.562098 7.128975 0.006003 -0.020740 0.989002 0.146319
281.282190561 -8.491787 0.561644 7.120645 0.004392 -0.019433 0.989357 0.144138
281.439785719 -8.493440 0.561201 7.112085 0.002816 -0.017809 0.989615 0.142611
281.496147156 -8.494477 0.560936 7.103386 0.001001 -0.017012 0.989824 0.141270
281.656340599 -8.495556 0.560327 7.094457 -0.000540 -0.015703 0.989942 0.140599
281.712650299 -8.496198 0.559823 7.085407 -0.001938 -0.015113 0.989979 0.140388
281.873833179 -8.496260 0.559662 7.076209 -0.003329 -0.015700 0.989943 0.140553
281.931324959 -8.496477 0.559658 7.066716 -0.004334 -0.015163 0.989866 0.141126
282.092837334 -8.497032 0.558842 7.057245 -0.005156 -0.013880 0.989840 0.141413
282.148675919 -8.497647 0.557382 7.047881 -0.005966 -0.012455 0.989897 0.141114
282.309106827 -8.498086 0.555814 7.038522 -0.006707 -0.011051 0.990017 0.140357
282.366130352 -8.498593 0.554070 7.029147 -0.007292 -0.009139 0.990172 0.139367
282.530778646 -8.499228 0.553261 7.019768 -0.007490 -0.005861 0.990321 0.138470
282.588992834 -8.499596 0.553461 7.010619 -0.007785 -0.003021 0.990508 0.137203
282.752634048 -8.500114 0.553630 7.001708 -0.008161 -0.000029 0.990730 0.135600
282.810252905 -8.500131 0.554085 6.993130 -0.008762 0.001300 0.990958 0.133876
282.989358902 -8.500091 0.554551 6.984640 -0.009167 0.002224 0.991111 0.132703
283.053008556 -8.500247 0.555211 6.976131 -0.009229 0.003687 0.991181 0.132144
283.217593431 -8.500111 0.556536 6.967778 -0.009206 0.004658 0.991225 0.131780
283.274317026 -8.499973 0.557810 6.959527 -0.009172 0.005336 0.991275 0.131384
283.470277071 -8.500105 0.558464 6.951319 -0.009091 0.006093 0.991332 0.130927
283.523756504 -8.500381 0.558463 6.943105 -0.008974 0.006982 0.991389 0.130455
283.687122107 -8.500692 0.557858 6.934847 -0.008719 0.007938 0.991412 0.130243
283.741749525 -8.500579 0.556929 6.926534 -0.008370 0.007800 0.991406 0.130322
283.903836012 -8.499555 0.557567 6.917798 -0.007824 0.005643 0.991382 0.130644
283.958627462 -8.498975 0.558784 6.908818 -0.007043 0.004630 0.991357 0.130921
284.118802309 -8.498897 0.559521 6.899963 -0.006201 0.004363 0.991346 0.131056
284.173398018 -8.499021 0.559983 6.891178 -0.005311 0.004779 0.991354 0.131020
284.336042166 -8.499021 0.560134 6.882424 -0.004427 0.005280 0.991376 0.130866
284.390423536 -8.499115 0.560059 6.873668 -0.003509 0.006548 0.991401 0.130644
284.550118208 -8.498937 0.559277 6.865010 -0.002661 0.007414 0.991439 0.130332
284.603430271 -8.498470 0.558180 6.856271 -0.001838 0.008116 0.991468 0.130083
284.764298201 -8.497643 0.556827 6.847404 -0.001045 0.008320 0.991495 0.129872
284.818037510 -8.496279 0.555468 6.838420 -0.000272 0.006931 0.991527 0.129717
284.977056503 -8.495238 0.553754 6.829263 0.000625 0.005551 0.991546 0.129637
285.031589508 -8.494550 0.551588 6.820202 0.001590 0.004067 0.991569 0.129509
285.194290876 -8.494385 0.549551 6.811132 0.002682 0.003219 0.991580 0.129426
285.250441313 -8.495155 0.549544 6.801885 0.003988 0.005242 0.991544 0.129600
285.410998344 -8.496532 0.550003 6.792762 0.005245 0.008916 0.991488 0.129788
285.466467857 -8.497393 0.550157 6.784048 0.005977 0.011032 0.991503 0.129477
285.627592564 -8.497098 0.550492 6.775488 0.006305 0.010120 0.991595 0.128830
285.683322668 -8.496526 0.551412 6.766638 0.006762 0.008643 0.991634 0.128610
285.841261864 -8.496188 0.553038 6.757634 0.007309 0.008366 0.991645 0.128516
285.897050858 -8.495924 0.554355 6.748675 0.007790 0.008480 0.991664 0.128338
286.052186728 -8.495653 0.555233 6.739665 0.008171 0.009132 0.991691 0.128056
286.106659889 -8.495352 0.555735 6.730612 0.008427 0.010029 0.991723 0.127724
286.264849663 -8.495135 0.555398 6.721584 0.008558 0.010929 0.991756 0.127383
286.320235968 -8.494823 0.554413 6.712507 0.008599 0.011593 0.991782 0.127125
286.476180792 -8.494242 0.553328 6.703487 0.008379 0.011521 0.991809 0.126932
286.531601429 -8.493507 0.552211 6.694587 0.007742 0.010373 0.991855 0.126712
286.688006163 -8.492791 0.551480 6.685658 0.006809 0.008521 0.991910 0.126473
286.745520115 -8.492740 0.552494 6.676627 0.005649 0.008030 0.991946 0.126279
286.906888008 -8.493281 0.553362 6.667688 0.004294 0.008227 0.991970 0.126133
286.963517189 -8.493755 0.553696 6.658867 0.002673 0.007538 0.992007 0.125927
287.120141029 -8.494201 0.553712 6.650019 0.000739 0.006530 0.992059 0.125602
287.176749945 -8.494768 0.553044 6.641167 -0.001533 0.005424 0.992134 0.125056
287.338301659 -8.495363 0.551319 6.632263 -0.004053 0.003864 0.992225 0.124328
287.404355764 -8.496037 0.549857 6.622998 -0.006695 0.002763 0.992301 0.123639
287.569127321 -8.496776 0.549079 6.613413 -0.009327 0.002263 0.992342 0.123143
287.626735687 -8.497260 0.548551 6.603689 -0.011852 0.001344 0.992348 0.122893
287.794938326 -8.497619 0.547491 6.593941 -0.014194 -0.000155 0.992300 0.123040
287.853328705 -8.498072 0.546642 6.584063 -0.016150 -0.001401 0.992174 0.123804
288.018384457 -8.498853 0.546219 6.573866 -0.017597 -0.001255 0.991985 0.125117
288.070735216 -8.499667 0.545266 6.564714 -0.018571 -0.000789 0.991786 0.126549
288.236999035 -8.500484 0.544123 6.554396 -0.019060 0.000067 0.991494 0.128752
288.294514418 -8.500630 0.543312 6.544437 -0.019117 -0.000240 0.991150 0.131361
288.467406988 -8.500237 0.542835 6.534954 -0.019159 -0.002348 0.990868 0.133449
288.525086403 -8.499685 0.542391 6.525573 -0.019065 -0.005180 0.990640 0.135066
288.693233967 -8.499365 0.541813 6.516133 -0.018692 -0.007333 0.990430 0.136551
288.750827789 -8.499278 0.541540 6.506610 -0.017981 -0.008421 0.990216 0.138121
288.922457933 -8.499366 0.540592 6.497218 -0.017246 -0.009414 0.990011 0.139614
288.979639530 -8.499931 0.538949 6.487901 -0.016439 -0.009528 0.989866 0.140731
289.146642208 -8.501034 0.538257 6.478475 -0.015280 -0.007708 0.989781 0.141563
289.204378128 -8.501449 0.538474 6.469323 -0.014436 -0.007032 0.989787 0.141648
289.371464491 -8.501161 0.539004 6.460217 -0.013832 -0.007387 0.989833 0.141365
289.426455259 -8.501021 0.538935 6.451096 -0.013078 -0.007212 0.989852 0.141312
289.594542265 -8.500289 0.539117 6.442065 -0.012508 -0.008247 0.989859 0.141261
289.653512955 -8.499642 0.539686 6.433054 -0.011922 -0.009408 0.989830 0.141440
289.817724228 -8.499627 0.540468 6.424092 -0.011124 -0.009164 0.989814 0.141634
289.874669552 -8.499883 0.540805 6.415393 -0.010413 -0.008732 0.989852 0.141448
290.042001486 -8.499957 0.540862 6.407248 -0.010084 -0.010060 0.990011 0.140270
290.102063894 -8.500400 0.541706 6.399827 -0.010277 -0.012206 0.990344 0.137713
290.276615620 -8.501673 0.542308 6.392920 -0.010919 -0.013706 0.990789 0.134273
290.341296673 -8.503309 0.542984 6.386038 -0.011739 -0.014650 0.991231 0.130803
290.506475925 -8.505155 0.543797 6.378868 -0.012225 -0.014470 0.991625 0.127756
290.562046051 -8.507290 0.544408 6.371231 -0.012692 -0.013671 0.992035 0.124575
290.730201483 -8.509803 0.544716 6.363565 -0.012917 -0.011734 0.992426 0.121598
290.786633492 -8.512699 0.544663 6.355827 -0.013009 -0.008623 0.992822 0.118579
290.951936483 -8.515629 0.544124 6.348256 -0.013342 -0.005450 0.993223 0.115331
291.007993221 -8.517452 0.543936 6.340831 -0.014298 -0.004999 0.993655 0.111445
291.173610210 -8.518831 0.544047 6.333063 -0.015360 -0.005379 0.994052 0.107681
291.230445862 -8.520451 0.544634 6.324754 -0.016237 -0.004379 0.994399 0.104349
291.395870686 -8.522245 0.544341 6.316255 -0.017140 -0.002813 0.994724 0.101107
291.451507092 -8.523738 0.543272 6.307540 -0.018129 -0.001514 0.995025 0.097946
291.616672039 -8.524914 0.541644 6.298622 -0.019038 -0.000224 0.995287 0.095089
291.674001932 -8.526210 0.540520 6.289479 -0.019500 0.002924 0.995456 0.093158
291.841638803 -8.527119 0.539532 6.280414 -0.020056 0.005472 0.995566 0.091741
291.898504496 -8.527474 0.538629 6.271369 -0.020810 0.006306 0.995661 0.090478
292.068600178 -8.527175 0.538448 6.262152 -0.021595 0.005326 0.995737 0.089516
292.124121428 -8.527091 0.538848 6.252784 -0.021796 0.004756 0.995800 0.088795
292.286941767 -8.527470 0.539585 6.243545 -0.021313 0.005871 0.995826 0.088557
292.342985392 -8.527911 0.540198 6.234568 -0.020426 0.007615 0.995825 0.088646
292.510966778 -8.528210 0.540391 6.225825 -0.019324 0.009060 0.995822 0.088786
292.570486069 -8.528392 0.540338 6.217239 -0.017955 0.010360 0.995815 0.089007
292.741750002 -8.528531 0.540195 6.208764 -0.016111 0.011956 0.995771 0.089658
292.801944494 -8.528632 0.539918 6.200450 -0.013788 0.013535 0.995690 0.090709
292.968527317 -8.528533 0.539607 6.192263 -0.011176 0.014379 0.995621 0.091694
293.024698734 -8.528238 0.539757 6.184081 -0.008255 0.014918 0.995560 0.092569
293.188310385 -8.527364 0.540950 6.175752 -0.005126 0.014233 0.995529 0.093241
293.243307829 -8.526501 0.541971 6.167199 -0.001869 0.012889 0.995504 0.093822
293.413337231 -8.525746 0.542345 6.158499 0.001563 0.011360 0.995487 0.094198
293.471391916 -8.525008 0.542410 6.149681 0.005241 0.009803 0.995488 0.094235
293.632217884 -8.524319 0.542161 6.140873 0.009085 0.008015 0.995511 0.093870
293.689764023 -8.524186 0.541865 6.132110 0.013071 0.007004 0.995532 0.093258
293.849755764 -8.524784 0.541745 6.123427 0.017038 0.007117 0.995536 0.092556
293.908140182 -8.525512 0.542099 6.114826 0.020602 0.006954 0.995575 0.091415
294.065640450 -8.526534 0.542625 6.106182 0.023829 0.007171 0.995633 0.089972
294.125034332 -8.527687 0.542863 6.097530 0.026804 0.007452 0.995697 0.088396
294.280458927 -8.528661 0.543055 6.088916 0.029750 0.007384 0.995745 0.086907
294.338659763 -8.529400 0.543528 6.080290 0.032659 0.007198 0.995767 0.085612
294.488624573 -8.531047 0.544515 6.071662 0.035429 0.009365 0.995752 0.084470
294.542855501 -8.532911 0.545839 6.063169 0.037729 0.011973 0.995773 0.082875
294.689506531 -8.534137 0.546459 6.054816 0.039512 0.012579 0.995885 0.080579
294.742604733 -8.534814 0.546518 6.046206 0.040881 0.011403 0.996063 0.077826
294.887400627 -8.535863 0.546025 6.037291 0.041987 0.010674 0.996221 0.075279
294.942572594 -8.537204 0.545101 6.028511 0.042697 0.009864 0.996383 0.072800
295.087897062 -8.538983 0.545041 6.019791 0.042947 0.009837 0.996526 0.070678
295.142778635 -8.541121 0.545699 6.011023 0.042784 0.010891 0.996650 0.068847
295.287199020 -8.543139 0.545947 6.002454 0.042104 0.011073 0.996806 0.066949
295.342668295 -8.544501 0.545719 5.993875 0.040873 0.008826 0.997023 0.064785
295.487186670 -8.546150 0.545223 5.984907 0.039330 0.006636 0.997227 0.062830
295.540929079 -8.548670 0.545026 5.975974 0.037370 0.005965 0.997425 0.060917
295.685928583 -8.551644 0.544908 5.967129 0.034978 0.005978 0.997635 0.058866
295.743194580 -8.554838 0.543592 5.958317 0.032278 0.005887 0.997854 0.056667
295.891600132 -8.557950 0.541563 5.949457 0.029207 0.005257 0.998081 0.054339
295.948092699 -8.560801 0.539548 5.940486 0.025746 0.003925 0.998319 0.051787
296.100129366 -8.563607 0.539319 5.931221 0.022000 0.003261 0.998552 0.048992
296.154284716 -8.566259 0.538829 5.921586 0.018344 0.002749 0.998737 0.046692
296.307327032 -8.568351 0.537475 5.912228 0.015097 0.001912 0.998864 0.045155
296.363114834 -8.570724 0.536007 5.902142 0.011698 0.002556 0.998968 0.043810
296.515997648 -8.573547 0.535051 5.892061 0.008201 0.005536 0.999056 0.042298
296.570681095 -8.576456 0.534729 5.881753 0.004995 0.010243 0.999082 0.041302
296.727237463 -8.579358 0.534031 5.871192 0.002306 0.014985 0.999017 0.041655
296.780989647 -8.581440 0.532943 5.861104 -0.000512 0.016567 0.998936 0.043032
296.937934160 -8.583115 0.534012 5.850708 -0.002885 0.016722 0.998797 0.046005
296.994427204 -8.584184 0.534764 5.839949 -0.005567 0.013370 0.998652 0.049840
297.153870106 -8.585930 0.535590 5.829993 -0.007738 0.011486 0.998428 0.054304
297.205959320 -8.588284 0.535965 5.820630 -0.009301 0.011352 0.998123 0.059451
297.361614227 -8.591133 0.536526 5.810682 -0.010450 0.011162 0.997684 0.066285
297.414098978 -8.594222 0.537020 5.800991 -0.011217 0.011400 0.997115 0.074206
297.572173119 -8.596925 0.536611 5.792049 -0.012115 0.009852 0.996475 0.082426
297.625504494 -8.600137 0.536395 5.783537 -0.012820 0.009285 0.995730 0.090944
297.780057430 -8.603238 0.536465 5.775167 -0.013274 0.009089 0.994868 0.099891
297.834090948 -8.606255 0.536361 5.767102 -0.013748 0.008399 0.993934 0.108793
297.990837812 -8.609775 0.538069 5.759006 -0.013947 0.010731 0.992890 0.117727
298.043046951 -8.613039 0.539631 5.751019 -0.014080 0.013381 0.991730 0.126862
298.199332237 -8.616540 0.541545 5.743103 -0.014131 0.017778 0.990453 0.135970
298.250848770 -8.619736 0.542878 5.735460 -0.014375 0.021748 0.989077 0.145079
298.409130812 -8.621922 0.543234 5.728047 -0.014960 0.022836 0.987804 0.153290
298.466509581 -8.623152 0.543086 5.720414 -0.015527 0.021076 0.986726 0.160271
298.629618883 -8.623244 0.543364 5.713701 -0.016358 0.017718 0.986002 0.164983
298.693957567 -8.623041 0.543519 5.706624 -0.017193 0.014915 0.985388 0.168797
298.863420010 -8.622778 0.543352 5.699486 -0.017882 0.013049 0.984879 0.171823
298.926642179 -8.622458 0.542707 5.692239 -0.018479 0.011537 0.984513 0.173951
299.099298954 -8.622046 0.542108 5.685597 -0.019078 0.010060 0.984597 0.173504
299.161772013 -8.622307 0.541613 5.679572 -0.019688 0.009711 0.985081 0.170684
299.332228184 -8.622887 0.540852 5.673592 -0.020289 0.010033 0.985721 0.166859
299.393978596 -8.623117 0.540426 5.666910 -0.020814 0.010689 0.986250 0.163598
299.566588879 -8.622802 0.539922 5.659652 -0.021026 0.010716 0.986635 0.161229
299.624181032 -8.622766 0.539322 5.652129 -0.020963 0.011658 0.986876 0.159686
299.788858175 -8.623249 0.538832 5.644070 -0.020714 0.014131 0.987016 0.158650
299.845895290 -8.622849 0.538900 5.636207 -0.020672 0.014565 0.987119 0.157977
300.011999369 -8.622331 0.539087 5.628108 -0.020601 0.014633 0.987179 0.157602
300.067595005 -8.622168 0.539372 5.619807 -0.020412 0.015799 0.987183 0.157494
300.230501652 -8.621940 0.539203 5.611523 -0.020242 0.016714 0.987168 0.157514
300.287877560 -8.621291 0.539321 5.603231 -0.020242 0.016772 0.987139 0.157688
300.453868389 -8.620672 0.538866 5.595179 -0.020206 0.016236 0.986983 0.158719
300.510808468 -8.620421 0.538237 5.587419 -0.020220 0.015722 0.986623 0.160992
300.678212166 -8.620802 0.538336 5.579537 -0.020034 0.016976 0.986023 0.164529
300.736652851 -8.621106 0.539135 5.571545 -0.019773 0.018477 0.985211 0.169197
300.901732206 -8.621280 0.539741 5.563721 -0.019699 0.019713 0.984254 0.174549
300.962513208 -8.621037 0.539275 5.556394 -0.019880 0.019300 0.983404 0.179301
301.133174419 -8.620109 0.538636 5.548744 -0.019851 0.017937 0.982805 0.182696
301.190850019 -8.618221 0.538700 5.540866 -0.019754 0.015869 0.982498 0.184543
301.357989550 -8.616001 0.538789 5.532667 -0.019443 0.014856 0.982268 0.185877
301.415185213 -8.613463 0.539047 5.524337 -0.018994 0.013785 0.982119 0.186790
301.579667807 -8.610831 0.539267 5.515846 -0.018467 0.012256 0.982041 0.187362
301.637699127 -8.608382 0.538886 5.507332 -0.017886 0.010705 0.982010 0.187674
301.801863432 -8.606201 0.538582 5.498735 -0.017233 0.010028 0.982025 0.187693
301.859153509 -8.604306 0.538392 5.490165 -0.016554 0.010235 0.982073 0.187495
302.023657084 -8.602398 0.537746 5.481734 -0.015944 0.009882 0.982115 0.187344
302.081158161 -8.600481 0.537105 5.473231 -0.015259 0.009689 0.982128 0.187343
302.244775057 -8.598289 0.537124 5.464548 -0.014558 0.009992 0.982129 0.187380
302.303091526 -8.595964 0.536857 5.455880 -0.013934 0.010283 0.982132 0.187392
302.467803478 -8.593566 0.536092 5.447232 -0.013444 0.010452 0.982142 0.187369
302.525760651 -8.590934 0.535040 5.438562 -0.013082 0.010180 0.982135 0.187447
302.687463045 -8.588049 0.533713 5.429759 -0.012903 0.009181 0.982126 0.187558
302.745944023 -8.585130 0.532195 5.420743 -0.012912 0.007530 0.982116 0.187683
302.906741858 -8.582396 0.530245 5.411628 -0.013007 0.005626 0.982080 0.187928
302.965888977 -8.580256 0.528234 5.402610 -0.012982 0.004118 0.981926 0.188774
303.132703304 -8.579087 0.528689 5.393045 -0.012663 0.006089 0.981504 0.190928
303.192974806 -8.578192 0.530099 5.383535 -0.012592 0.009389 0.980884 0.193957
303.358184338 -8.577181 0.530576 5.374567 -0.012879 0.011310 0.980205 0.197242
303.419788361 -8.575489 0.530690 5.365937 -0.013201 0.010407 0.979619 0.200159
303.586163521 -8.573461 0.531168 5.357252 -0.013494 0.008636 0.979197 0.202277
303.644266129 -8.571308 0.531426 5.348515 -0.013672 0.006693 0.978931 0.203624
303.806443691 -8.568932 0.531230 5.339858 -0.013847 0.004368 0.978770 0.204448
303.863246679 -8.566271 0.530770 5.331147 -0.014037 0.001492 0.978646 0.205069
304.029460192 -8.563455 0.530177 5.322199 -0.014117 -0.001538 0.978539 0.205573
304.089702129 -8.560580 0.529828 5.313078 -0.014009 -0.003847 0.978484 0.205811
304.255204916 -8.557756 0.529492 5.303945 -0.013771 -0.006048 0.978447 0.205948
304.315857649 -8.555492 0.528779 5.294854 -0.013361 -0.007623 0.978420 0.206052
304.483422041 -8.553888 0.528253 5.285799 -0.012709 -0.007860 0.978423 0.206069
304.542974949 -8.552556 0.527608 5.276956 -0.012019 -0.007613 0.978477 0.205866
304.708357334 -8.551083 0.526853 5.268390 -0.011369 -0.007694 0.978538 0.205611
304.768566370 -8.549313 0.526785 5.259912 -0.010653 -0.008074 0.978555 0.205553
304.934081316 -8.547758 0.526876 5.251491 -0.009770 -0.007601 0.978590 0.205446
304.993056297 -8.545894 0.526912 5.243327 -0.008982 -0.008131 0.978616 0.205338
305.156578541 -8.543754 0.527044 5.235182 -0.008233 -0.009521 0.978631 0.205237
305.214603186 -8.541828 0.526863 5.226963 -0.007479 -0.010526 0.978688 0.204946
305.378663301 -8.540059 0.526815 5.218611 -0.006847 -0.010847 0.978894 0.203964
305.436077833 -8.538552 0.526369 5.210307 -0.006398 -0.010464 0.979251 0.202282
305.603038073 -8.537203 0.525450 5.202158 -0.006086 -0.009959 0.979642 0.200412
305.660703659 -8.536408 0.525253 5.193966 -0.005650 -0.007840 0.980008 0.198723
305.825032949 -8.535592 0.526242 5.185933 -0.005443 -0.005418 0.980358 0.197079
305.881039619 -8.534438 0.527701 5.178136 -0.005657 -0.004123 0.980709 0.195351
306.047064066 -8.533233 0.528993 5.170436 -0.006111 -0.003433 0.981056 0.193599
306.102273464 -8.532300 0.529914 5.162696 -0.006661 -0.002438 0.981401 0.191840
306.264437675 -8.531618 0.530531 5.154873 -0.007205 -0.000786 0.981725 0.190168
306.318987846 -8.530785 0.530736 5.146926 -0.007741 0.000548 0.981973 0.188864
306.479136229 -8.529853 0.530798 5.138760 -0.008201 0.001798 0.982139 0.187972
306.534011602 -8.528865 0.530799 5.130358 -0.008618 0.003325 0.982233 0.187441
306.693482161 -8.527941 0.530032 5.122004 -0.009016 0.004773 0.982163 0.187754
306.748283386 -8.526825 0.528717 5.114254 -0.009775 0.004428 0.981839 0.189414
306.913293600 -8.525698 0.526989 5.107321 -0.010839 0.001930 0.981338 0.191978
306.968874693 -8.524525 0.524962 5.099329 -0.012035 -0.001334 0.980878 0.194246
307.135408401 -8.523320 0.524081 5.091031 -0.012766 -0.002912 0.980600 0.195584
307.191509247 -8.521687 0.523928 5.082467 -0.013531 -0.004797 0.980450 0.196245
307.355812073 -8.519959 0.523751 5.073598 -0.014254 -0.006564 0.980375 0.196517
307.413064003 -8.518290 0.523151 5.064606 -0.015001 -0.008111 0.980340 0.196577
307.578440428 -8.516772 0.522533 5.055471 -0.015759 -0.009293 0.980330 0.196513
307.635940313 -8.515347 0.521627 5.046279 -0.016491 -0.010393 0.980350 0.196302
307.800027370 -8.513728 0.520420 5.037003 -0.017126 -0.011787 0.980371 0.196062
307.857495785 -8.512178 0.519340 5.027511 -0.017387 -0.012525 0.980323 0.196235
308.027426958 -8.511079 0.518576 5.017923 -0.017205 -0.012164 0.980083 0.197466
308.083762169 -8.510594 0.518338 5.008233 -0.016858 -0.010404 0.979619 0.199885
308.250228167 -8.510620 0.518721 4.998468 -0.016386 -0.007071 0.978992 0.203115
308.307028055 -8.510621 0.519214 4.989192 -0.016538 -0.004165 0.978274 0.206615
308.476159573 -8.509574 0.518982 4.980805 -0.017682 -0.004545 0.977603 0.209663
308.532307386 -8.507882 0.518219 4.972411 -0.018918 -0.006002 0.977108 0.211818
308.698891878 -8.506163 0.516914 4.963805 -0.020125 -0.006798 0.976767 0.213248
308.754405737 -8.504183 0.514975 4.955162 -0.021581 -0.007937 0.976583 0.213909
308.922445774 -8.502146 0.513056 4.946174 -0.022874 -0.008366 0.976433 0.214443
308.978986025 -8.500011 0.511790 4.936967 -0.023942 -0.008081 0.976301 0.214935
309.147982836 -8.497964 0.511109 4.927813 -0.024882 -0.007397 0.976178 0.215411
309.205053806 -8.496046 0.510287 4.918847 -0.025818 -0.006887 0.976026 0.216007
309.376257658 -8.493999 0.509913 4.909932 -0.026549 -0.006534 0.975834 0.216794
309.432568550 -8.491623 0.510045 4.901011 -0.026936 -0.006832 0.975586 0.217853
309.602385044 -8.489365 0.509603 4.892078 -0.026851 -0.007338 0.975299 0.219128
309.659248590 -8.487312 0.509065 4.883157 -0.026273 -0.007474 0.974974 0.220633
309.828619957 -8.485470 0.508703 4.874290 -0.025099 -0.006994 0.974578 0.222530
309.886888504 -8.483287 0.508312 4.865766 -0.023918 -0.007801 0.974146 0.224515
310.054624319 -8.481805 0.507270 4.857060 -0.022108 -0.007248 0.973585 0.227135
310.113459349 -8.480876 0.506890 4.848393 -0.019818 -0.005448 0.972769 0.230864
310.280088663 -8.479787 0.507085 4.840318 -0.017798 -0.004906 0.971766 0.235222
310.336200237 -8.478812 0.507464 4.832552 -0.016039 -0.005215 0.970569 0.240230
310.506241322 -8.477712 0.507574 4.825164 -0.014672 -0.006394 0.969351 0.245159
310.570522308 -8.476197 0.507605 4.817876 -0.013465 -0.008603 0.968328 0.249169
310.735240221 -8.474297 0.507905 4.810738 -0.012640 -0.011661 0.967533 0.252160
310.791312695 -8.472001 0.508773 4.803391 -0.012398 -0.016102 0.966876 0.254438
310.955529451 -8.470279 0.509926 4.796110 -0.012396 -0.019826 0.966341 0.256199
311.010396004 -8.469273 0.511322 4.788903 -0.012488 -0.022374 0.965904 0.257631
311.178416491 -8.468647 0.512327 4.781503 -0.012858 -0.024772 0.965535 0.258774
311.239031792 -8.468151 0.513649 4.774451 -0.013896 -0.027616 0.965304 0.259291
311.407432318 -8.468521 0.514787 4.767165 -0.014929 -0.028699 0.965207 0.259479
311.467803955 -8.469733 0.515132 4.759637 -0.015978 -0.028235 0.965269 0.259237
311.635004282 -8.471086 0.514283 4.752312 -0.017246 -0.027600 0.965483 0.258424
311.690300941 -8.472433 0.513047 4.744971 -0.018636 -0.026308 0.965849 0.257094
311.852863073 -8.472008 0.511993 4.737616 -0.020318 -0.026053 0.965611 0.257883
311.911283970 -8.468561 0.511742 4.731412 -0.022219 -0.027033 0.964190 0.262893
312.073903084 -8.464502 0.510966 4.725345 -0.024099 -0.027369 0.962471 0.268923
312.134378672 -8.460954 0.510031 4.719369 -0.025853 -0.026322 0.961174 0.273467
312.304659128 -8.457479 0.508602 4.712919 -0.027663 -0.024248 0.960122 0.277151
312.360159874 -8.453891 0.507136 4.706412 -0.029537 -0.022354 0.959432 0.279498
312.522699118 -8.448783 0.505516 4.699818 -0.031844 -0.021564 0.959029 0.280686
312.576264620 -8.442075 0.504569 4.692309 -0.033092 -0.019695 0.958327 0.283067
312.736531496 -8.433009 0.503762 4.683943 -0.033436 -0.018792 0.957058 0.287346
312.788428307 -8.422950 0.502688 4.674585 -0.033228 -0.018098 0.955724 0.291822
312.949432135 -8.414360 0.502197 4.665288 -0.032871 -0.017685 0.954480 0.295931
312.999705553 -8.407458 0.502015 4.656094 -0.032076 -0.016899 0.953614 0.298842
313.165261745 -8.401718 0.501965 4.646930 -0.031115 -0.015735 0.953086 0.300684
313.214998960 -8.396267 0.502527 4.638256 -0.030317 -0.015142 0.952810 0.301670
313.380297184 -8.390687 0.502769 4.629485 -0.029685 -0.014565 0.952783 0.301846
313.437399626 -8.385545 0.502335 4.621466 -0.029234 -0.014263 0.952900 0.301535
313.601497173 -8.381163 0.501288 4.613647 -0.028766 -0.013959 0.953354 0.300155
313.657716513 -8.377340 0.501226 4.606053 -0.028781 -0.014744 0.954313 0.297054
313.820144176 -8.374495 0.501865 4.598508 -0.028930 -0.015531 0.955609 0.292803
313.874589205 -8.372079 0.502367 4.591064 -0.029376 -0.017363 0.957176 0.287490
314.038625717 -8.370780 0.501915 4.583475 -0.029422 -0.017698 0.958935 0.281541
314.092655420 -8.370400 0.501056 4.576372 -0.029213 -0.016475 0.960794 0.275228
314.250930071 -8.370318 0.499670 4.569010 -0.029164 -0.014928 0.962990 0.267537
314.302261591 -8.370179 0.498543 4.561655 -0.029247 -0.013295 0.965307 0.259135
314.468314886 -8.370114 0.497178 4.554278 -0.029354 -0.011260 0.967610 0.250483
314.519335508 -8.369853 0.495888 4.546819 -0.029637 -0.009405 0.969781 0.241987
314.688936472 -8.369524 0.494696 4.538565 -0.029871 -0.006604 0.971660 0.234396
314.746684790 -8.367995 0.494666 4.530679 -0.029606 -0.005123 0.972876 0.229368
314.919372797 -8.366246 0.495155 4.522780 -0.028866 -0.003222 0.973685 0.226039
314.976285696 -8.364516 0.495528 4.514910 -0.027747 -0.000802 0.974238 0.223809
315.148440123 -8.362844 0.496165 4.507102 -0.026094 0.001930 0.974543 0.222667
315.203872919 -8.361199 0.496520 4.499604 -0.024346 0.004115 0.974585 0.222653
315.375509262 -8.359544 0.496729 4.492420 -0.022374 0.005953 0.974287 0.224117
315.438138962 -8.357313 0.496086 4.485345 -0.020624 0.005630 0.973827 0.226283
315.609882593 -8.354983 0.494763 4.477956 -0.018322 0.004712 0.973379 0.228421
315.666005135 -8.352383 0.493896 4.470262 -0.015888 0.003515 0.973014 0.230171
315.836512089 -8.349472 0.493825 4.462409 -0.013291 0.002302 0.972725 0.231570
315.892673492 -8.346244 0.494122 4.454757 -0.011120 0.000166 0.972572 0.232336
316.058629036 -8.343169 0.494987 4.447126 -0.009315 -0.002230 0.972448 0.232923
316.113313198 -8.340385 0.495701 4.439550 -0.007777 -0.004604 0.972340 0.233394
316.281095743 -8.338094 0.495731 4.431953 -0.006216 -0.006368 0.972218 0.233908
316.336680651 -8.335818 0.496090 4.424427 -0.004921 -0.008288 0.972148 0.234171
316.501373768 -8.333987 0.497192 4.416767 -0.003668 -0.009081 0.972133 0.234226
316.557482958 -8.332437 0.498175 4.409299 -0.002562 -0.009793 0.972172 0.234050
316.719000578 -8.330726 0.499501 4.401804 -0.001714 -0.010793 0.972272 0.233597
316.773653746 -8.329469 0.501253 4.394094 -0.000848 -0.010092 0.972468 0.232814
316.937241793 -8.329659 0.504026 4.386642 0.000528 -0.004653 0.973027 0.230645
316.996527672 -8.329628 0.504947 4.379729 0.001300 -0.000934 0.973693 0.227859
317.162689924 -8.329539 0.505846 4.372529 0.001788 0.003159 0.974426 0.224681
317.220272303 -8.329196 0.506383 4.365732 0.001874 0.006872 0.975245 0.221011
317.384492874 -8.328553 0.504380 4.359761 0.001130 0.007552 0.976209 0.216699
317.440002680 -8.327646 0.501070 4.353992 -0.000701 0.004806 0.977281 0.211891
317.606700182 -8.327151 0.502135 4.346129 -0.002022 0.007695 0.977871 0.209058
317.656189919 -8.326418 0.504742 4.337793 -0.002876 0.014666 0.978407 0.206145
317.821829557 -8.325559 0.504624 4.330421 -0.004150 0.019065 0.978987 0.202989
317.881515980 -8.324046 0.502780 4.323512 -0.006474 0.019570 0.979719 0.199311
318.056056976 -8.323082 0.500922 4.316275 -0.009249 0.019894 0.980380 0.195893
318.109566450 -8.323323 0.500794 4.308621 -0.011399 0.024427 0.980795 0.193168
318.288212538 -8.322191 0.500000 4.301213 -0.014462 0.024457 0.981296 0.190398
318.343394756 -8.320662 0.498376 4.293845 -0.017500 0.022455 0.981771 0.187922
318.512892008 -8.319144 0.498125 4.285004 -0.019321 0.022655 0.981780 0.187673
318.564371824 -8.317305 0.499565 4.274482 -0.020635 0.025640 0.981530 0.188458
318.736165047 -8.315678 0.500699 4.265511 -0.022247 0.027982 0.981538 0.187896
318.790110826 -8.313494 0.500343 4.256635 -0.024112 0.027692 0.981639 0.187182
318.965377808 -8.311231 0.499395 4.247531 -0.025503 0.026890 0.981707 0.186755
319.022184849 -8.309033 0.498421 4.238138 -0.026273 0.026402 0.981672 0.186901
319.194993258 -8.306644 0.497251 4.228691 -0.026663 0.025450 0.981581 0.187459
319.250051260 -8.304406 0.496032 4.219158 -0.026330 0.025312 0.981378 0.188580
319.426207781 -8.301942 0.494698 4.209872 -0.025674 0.024737 0.981172 0.189817
319.481080055 -8.299509 0.492877 4.200792 -0.024860 0.023512 0.981058 0.190671
319.654932022 -8.297233 0.491001 4.191768 -0.023764 0.021816 0.981031 0.191146
319.709209442 -8.295101 0.489296 4.182790 -0.022488 0.019468 0.981063 0.191393
319.882596493 -8.293672 0.487529 4.173724 -0.020660 0.017914 0.980988 0.192133
319.935744286 -8.292877 0.487706 4.164489 -0.018309 0.017379 0.980678 0.193993
320.104414225 -8.292871 0.490090 4.155337 -0.015125 0.018919 0.980157 0.196738
320.155063868 -8.293400 0.493604 4.145671 -0.011285 0.021438 0.979490 0.200033
320.323597193 -8.293845 0.496799 4.135913 -0.007446 0.022393 0.978798 0.203465
320.378425598 -8.294371 0.498268 4.127642 -0.004344 0.021961 0.978175 0.206576
320.547823906 -8.294861 0.497962 4.119785 -0.001553 0.020117 0.977525 0.209853
320.602027893 -8.294747 0.497329 4.112416 0.001182 0.016750 0.976948 0.212816
320.768493891 -8.296568 0.500982 4.107710 0.004212 0.019731 0.977623 0.209393
320.820642710 -8.298843 0.503848 4.103875 0.007058 0.022287 0.978900 0.202998
320.984947205 -8.300497 0.504026 4.100789 0.008953 0.021537 0.980210 0.196584
321.032487392 -8.301899 0.502284 4.097944 0.010075 0.017331 0.981689 0.189434
321.187093496 -8.303097 0.499602 4.095557 0.010072 0.009146 0.983238 0.181819
321.234884977 -8.305367 0.497293 4.093382 0.009667 0.000868 0.984794 0.173456
321.395217896 -8.311077 0.498108 4.090946 0.010400 0.002014 0.986410 0.163958
321.444824934 -8.316946 0.499626 4.088641 0.011209 0.004220 0.988076 0.153497
321.603464842 -8.322046 0.499657 4.086842 0.011551 0.003629 0.989639 0.143065
321.650270939 -8.327146 0.497811 4.086052 0.011368 0.000892 0.991010 0.133303
321.812756777 -8.332549 0.495114 4.085160 0.011026 -0.001249 0.992186 0.124271
321.864790678 -8.338449 0.494588 4.083003 0.011203 0.000763 0.993009 0.117506
322.032228947 -8.343836 0.496279 4.079845 0.011880 0.005303 0.993483 0.113239
322.091121912 -8.348216 0.497238 4.077030 0.012422 0.008138 0.993884 0.109429
322.261189461 -8.351157 0.496544 4.074964 0.012487 0.007410 0.994337 0.105273
322.324683666 -8.353746 0.494683 4.072887 0.012315 0.005191 0.994761 0.101354
322.512408257 -8.356315 0.494375 4.069669 0.012814 0.005681 0.994868 0.100203
322.576304913 -8.359164 0.494899 4.065253 0.014128 0.008657 0.994696 0.101520
322.765035391 -8.361058 0.495024 4.061081 0.015175 0.009538 0.994496 0.103232
322.839728117 -8.362583 0.495313 4.056606 0.016192 0.009374 0.994188 0.106022
323.018010378 -8.364049 0.495687 4.051716 0.017281 0.008965 0.993740 0.110008
323.072704792 -8.365463 0.496764 4.046307 0.018493 0.009465 0.993125 0.115204
323.231277943 -8.368838 0.501389 4.042415 0.019537 0.016595 0.992651 0.118262
323.278719187 -8.373521 0.506191 4.039948 0.020579 0.026927 0.992256 0.119495
323.440425873 -8.377277 0.508571 4.038066 0.020958 0.033015 0.991995 0.120072
323.521632433 -8.379349 0.508611 4.036776 0.020538 0.033438 0.992064 0.119453
323.691872597 -8.380661 0.506864 4.035330 0.019571 0.029678 0.992418 0.117653
323.743636847 -8.382602 0.503600 4.033478 0.018265 0.023864 0.992839 0.115619
323.901838779 -8.385187 0.499628 4.031394 0.016490 0.016244 0.993292 0.113294
323.955013037 -8.392083 0.501544 4.030559 0.014767 0.019727 0.993795 0.108462
324.116092920 -8.399554 0.504892 4.030996 0.013281 0.026351 0.994299 0.102461
324.164298296 -8.406237 0.506072 4.031900 0.011278 0.028910 0.994952 0.095435
324.324203014 -8.412090 0.504820 4.033208 0.008752 0.027504 0.995734 0.087636
324.372305632 -8.417496 0.501974 4.034916 0.005524 0.022024 0.996564 0.079653
324.537473202 -8.423457 0.498865 4.036055 0.002420 0.016401 0.997248 0.072266
324.595625162 -8.430866 0.499159 4.034482 0.001453 0.017306 0.997462 0.069054
324.771368504 -8.437459 0.501346 4.031121 0.002357 0.021666 0.997264 0.070643
324.831421614 -8.443079 0.502685 4.027966 0.003132 0.023500 0.997081 0.072577
325.009151936 -8.448310 0.502517 4.024954 0.003775 0.023339 0.996935 0.074577
325.069264889 -8.452736 0.501106 4.021957 0.004334 0.020618 0.996828 0.076742
325.244163036 -8.457208 0.501015 4.017621 0.006044 0.020445 0.996490 0.080957
325.296082258 -8.461533 0.501867 4.012251 0.008629 0.021458 0.995962 0.086743
325.459692717 -8.465293 0.503931 4.005768 0.012123 0.023001 0.995200 0.094341
325.507063389 -8.468086 0.504002 3.999715 0.015071 0.021072 0.994508 0.101404
325.669305563 -8.471073 0.505190 3.992373 0.019163 0.021228 0.993554 0.109691
325.716597795 -8.473494 0.505432 3.984924 0.023352 0.020133 0.992502 0.118273
325.877789974 -8.475182 0.504921 3.977585 0.027439 0.017071 0.991419 0.126664
325.925441980 -8.477336 0.504699 3.969652 0.032358 0.015743 0.990122 0.135509
326.079907656 -8.479711 0.503550 3.961612 0.037644 0.015024 0.988636 0.144764
326.129204988 -8.481169 0.502214 3.954219 0.042545 0.011910 0.987154 0.153541
326.280328512 -8.481972 0.502608 3.947364 0.047305 0.008076 0.985676 0.161679
326.329473972 -8.483220 0.504413 3.940857 0.052172 0.007096 0.984151 0.169335
326.480709314 -8.484968 0.507821 3.934658 0.057186 0.010025 0.982607 0.176391
326.529752970 -8.486508 0.511910 3.929022 0.061944 0.014451 0.981103 0.182733
326.677328825 -8.487507 0.515650 3.924077 0.066208 0.018399 0.979654 0.188561
326.728436947 -8.487700 0.518715 3.919829 0.069902 0.020889 0.978306 0.193892
326.882767916 -8.487241 0.520498 3.916359 0.072945 0.021670 0.977101 0.198702
326.941176414 -8.485808 0.521120 3.913619 0.075166 0.019866 0.976148 0.202708
327.094049215 -8.484047 0.521674 3.910567 0.076954 0.018272 0.975251 0.206471
327.152081966 -8.481834 0.523275 3.906774 0.078666 0.018162 0.974246 0.210540
327.303973436 -8.478939 0.525071 3.902579 0.080275 0.017140 0.973222 0.214710
327.360707283 -8.475789 0.526637 3.898103 0.081700 0.016230 0.972127 0.219159
327.510393381 -8.472219 0.528082 3.893464 0.082839 0.015210 0.971000 0.223751
327.567636728 -8.468193 0.529421 3.888687 0.083554 0.013484 0.969906 0.228296
327.715914488 -8.464078 0.530263 3.883694 0.083987 0.011500 0.968807 0.232865
327.771524906 -8.459919 0.530278 3.878455 0.084280 0.009668 0.967748 0.237207
327.921237230 -8.455810 0.529490 3.872914 0.084483 0.008200 0.966796 0.241041
327.978704214 -8.451996 0.528501 3.867054 0.084651 0.007677 0.966038 0.244022
328.127079964 -8.448515 0.527790 3.861030 0.084718 0.008210 0.965508 0.246068
328.184598207 -8.444767 0.527154 3.854969 0.084259 0.007903 0.965291 0.247087
328.330826759 -8.441244 0.525900 3.848723 0.083520 0.007470 0.965234 0.247572
328.388413191 -8.438160 0.524655 3.842307 0.082604 0.007749 0.965283 0.247679
328.535432816 -8.435386 0.525116 3.835758 0.081599 0.009854 0.965479 0.247172
328.592374802 -8.432472 0.525806 3.829308 0.080196 0.011713 0.965850 0.246102
328.738548279 -8.429602 0.526306 3.823034 0.078294 0.013017 0.966361 0.244636
328.798192263 -8.427433 0.526897 3.816761 0.076328 0.015912 0.966834 0.243214
328.949882030 -8.425634 0.527066 3.810720 0.074323 0.019865 0.967148 0.242295
329.007418156 -8.423956 0.526906 3.805383 0.071824 0.023903 0.967269 0.242199
329.159080982 -8.421809 0.525575 3.801214 0.068268 0.025385 0.967384 0.242619
329.218240023 -8.419764 0.523144 3.797469 0.064006 0.025439 0.967398 0.243717
329.373486280 -8.417696 0.521292 3.793340 0.059584 0.026395 0.967093 0.245933
329.428421497 -8.415293 0.519682 3.788880 0.055006 0.027904 0.966461 0.249297
329.580703735 -8.412472 0.518400 3.783974 0.050453 0.030111 0.965487 0.253739
329.632610798 -8.409454 0.517485 3.779055 0.046299 0.032647 0.964286 0.258734
329.778542280 -8.406229 0.517034 3.773934 0.042492 0.035708 0.962845 0.264288
329.827608585 -8.402803 0.517577 3.768414 0.039507 0.040243 0.961060 0.270523
329.977145433 -8.398960 0.518633 3.762965 0.037039 0.045028 0.959060 0.277136
330.026375771 -8.394396 0.519020 3.758192 0.034299 0.048045 0.957067 0.283793
330.177793264 -8.389470 0.518874 3.753770 0.031615 0.050256 0.955090 0.290306
330.227091074 -8.384224 0.518373 3.748959 0.029189 0.052731 0.952879 0.297303
330.385255575 -8.382044 0.521277 3.745499 0.027322 0.052240 0.951167 0.302996
330.436825275 -8.381520 0.524739 3.742198 0.026093 0.052703 0.948868 0.310146
330.589244604 -8.381929 0.526338 3.738830 0.025777 0.055249 0.946398 0.317196
330.638652563 -8.381631 0.527186 3.735742 0.024798 0.055367 0.944005 0.324305
330.798310280 -8.381063 0.528243 3.732403 0.024409 0.055632 0.941845 0.330511
330.850271463 -8.380958 0.527811 3.728782 0.024904 0.057206 0.939595 0.336553
331.011045933 -8.380463 0.526654 3.725160 0.025715 0.058611 0.937425 0.342253
331.070479155 -8.378219 0.526151 3.721497 0.025965 0.057136 0.935980 0.346413
331.236447334 -8.375138 0.526597 3.717228 0.026731 0.055413 0.934983 0.349315
331.294207573 -8.371164 0.527304 3.712768 0.027290 0.051991 0.934531 0.351006
331.458648205 -8.367291 0.527485 3.707994 0.028310 0.048896 0.934118 0.352465
331.517179251 -8.363146 0.527627 3.702714 0.029812 0.045903 0.933801 0.353582
331.676799059 -8.358411 0.527833 3.696762 0.031914 0.042885 0.933615 0.354267
331.729577780 -8.353382 0.527899 3.690577 0.034189 0.039507 0.933655 0.354344
331.884387016 -8.348086 0.527657 3.683724 0.036593 0.035556 0.933802 0.354134
331.936533451 -8.342802 0.527025 3.676447 0.039143 0.031344 0.933911 0.353972
332.085838318 -8.337518 0.525941 3.669028 0.041882 0.026966 0.933932 0.353962
332.139058113 -8.332480 0.525272 3.661784 0.045089 0.023677 0.933847 0.354029
332.288774967 -8.328584 0.526489 3.655063 0.048761 0.023913 0.933981 0.353171
332.347915649 -8.325175 0.527829 3.649080 0.052262 0.025010 0.934349 0.351619
332.501791239 -8.321963 0.529579 3.643640 0.055610 0.027003 0.934911 0.349457
332.559871435 -8.318738 0.531185 3.638801 0.058468 0.028736 0.935670 0.346811
332.710025311 -8.315792 0.532228 3.634371 0.061054 0.030630 0.936560 0.343788
332.768167019 -8.312912 0.533646 3.630307 0.063192 0.032486 0.937694 0.340120
332.917296648 -8.310011 0.535411 3.626489 0.064858 0.034137 0.938936 0.336194
332.974985361 -8.307230 0.536708 3.622782 0.066215 0.035748 0.940208 0.332185
333.123656034 -8.304299 0.537482 3.619205 0.066971 0.036322 0.941600 0.328002
333.179140091 -8.300999 0.536850 3.616109 0.066461 0.033788 0.943318 0.323407
333.320291519 -8.297987 0.535444 3.613392 0.065120 0.029800 0.945047 0.318996
333.381018400 -8.295849 0.535866 3.609538 0.064212 0.029050 0.946368 0.315309
333.539219379 -8.294211 0.537133 3.604910 0.064146 0.032039 0.947057 0.312957
333.607036114 -8.292427 0.537757 3.601092 0.063585 0.034506 0.947485 0.311509
333.766871691 -8.290708 0.536856 3.598340 0.061981 0.035071 0.947826 0.310733
333.835682869 -8.289366 0.534340 3.596033 0.059364 0.033550 0.948185 0.310315
334.000344753 -8.288161 0.532011 3.593239 0.056489 0.032323 0.948401 0.310323
334.074109554 -8.286512 0.530582 3.589920 0.053712 0.032451 0.948380 0.310865
334.233872414 -8.284339 0.530791 3.586054 0.051342 0.035268 0.947809 0.312694
334.293645144 -8.281810 0.531470 3.582501 0.049234 0.038939 0.946947 0.315200
334.441665649 -8.278430 0.532001 3.578757 0.046817 0.043540 0.945690 0.318720
334.495294571 -8.274831 0.530916 3.575705 0.043997 0.047115 0.944445 0.322285
334.651749849 -8.270695 0.528306 3.573254 0.040070 0.047932 0.943497 0.325439
334.707511187 -8.266792 0.525691 3.570251 0.035965 0.048559 0.942416 0.328939
334.860854149 -8.262203 0.525359 3.565839 0.032935 0.052745 0.940573 0.333851
334.910786867 -8.257747 0.525741 3.561798 0.030874 0.057675 0.938569 0.338835
335.059678555 -8.252672 0.525462 3.557592 0.028800 0.062901 0.936181 0.344644
335.110248566 -8.246765 0.524476 3.553804 0.026264 0.066847 0.933750 0.350645
335.265450239 -8.240433 0.522956 3.550444 0.023610 0.069561 0.931434 0.356419
335.317930460 -8.233934 0.521463 3.546947 0.021347 0.072218 0.928993 0.362355
335.478364468 -8.227177 0.519727 3.543742 0.019035 0.074130 0.926519 0.368380
335.532844782 -8.220445 0.518117 3.540448 0.016993 0.076116 0.923894 0.374616
335.691456079 -8.213630 0.516492 3.537332 0.015023 0.077811 0.921209 0.380912
335.746118069 -8.206855 0.515014 3.534246 0.013358 0.079861 0.918449 0.387163
335.907472372 -8.200066 0.513763 3.531284 0.011976 0.082011 0.915675 0.393280
335.961685419 -8.193393 0.513130 3.528149 0.010977 0.084791 0.912871 0.399196
336.127042294 -8.186914 0.511992 3.525401 0.009516 0.086269 0.910590 0.404094
336.182352304 -8.179845 0.509977 3.522520 0.007594 0.086072 0.908723 0.408359
336.347690582 -8.172993 0.509534 3.519383 0.005458 0.084385 0.907662 0.411095
336.402562380 -8.166509 0.510695 3.515324 0.004029 0.083422 0.906912 0.412958
336.570179224 -8.160311 0.511458 3.510810 0.003115 0.082869 0.906313 0.414391
336.624552250 -8.154441 0.511765 3.505581 0.003308 0.083616 0.905647 0.415694
336.788113117 -8.148469 0.511241 3.500367 0.003766 0.084093 0.905049 0.416893
336.841949224 -8.142078 0.510546 3.495141 0.004243 0.083674 0.904757 0.417607
337.007265568 -8.135664 0.509411 3.489842 0.004804 0.082883 0.904716 0.417847
337.062209368 -8.129349 0.507695 3.484400 0.005634 0.082066 0.904789 0.417840
337.228651762 -8.122844 0.506191 3.478836 0.006849 0.081230 0.904898 0.417749
337.285544634 -8.116065 0.505384 3.473361 0.008010 0.079631 0.905050 0.417708
337.451737881 -8.109477 0.505012 3.467944 0.009455 0.078370 0.905188 0.417617
337.508684874 -8.103269 0.504312 3.462575 0.011505 0.078183 0.905231 0.417507
337.674595594 -8.097029 0.503660 3.457597 0.013340 0.077693 0.905313 0.417366
337.730609179 -8.090878 0.503751 3.453016 0.014856 0.077187 0.905484 0.417037
337.903850317 -8.084924 0.504533 3.448901 0.016020 0.076831 0.905755 0.416472
337.965778112 -8.079407 0.505468 3.444922 0.017385 0.077535 0.906018 0.415714
338.134135723 -8.073859 0.506744 3.441400 0.018221 0.077938 0.906459 0.414639
338.195670843 -8.068662 0.507478 3.438142 0.018773 0.078591 0.906860 0.413613
338.366882086 -8.064118 0.506951 3.435048 0.019506 0.080251 0.906945 0.413074
338.443043709 -8.060510 0.506617 3.433017 0.019518 0.082290 0.906597 0.413435
338.619553804 -8.056974 0.506459 3.431540 0.018930 0.084384 0.905936 0.414488
338.693906307 -8.053561 0.505167 3.430474 0.017403 0.085178 0.905191 0.416019
338.875579357 -8.050204 0.503096 3.429618 0.015071 0.084842 0.904356 0.417989
338.943128347 -8.046463 0.502715 3.427965 0.013527 0.086454 0.902892 0.420867
339.115132809 -8.042264 0.503519 3.426737 0.011315 0.087490 0.900841 0.425092
339.170250177 -8.038457 0.504453 3.425959 0.008832 0.087949 0.898371 0.430251
339.333483219 -8.034936 0.503574 3.425185 0.006570 0.088798 0.895628 0.435801
339.389912128 -8.031313 0.501527 3.424339 0.004559 0.089621 0.892775 0.441476
339.559617281 -8.026852 0.500872 3.423139 0.002795 0.090059 0.889888 0.447192
339.617039919 -8.022027 0.501117 3.421183 0.002240 0.091487 0.886808 0.452986
339.783592701 -8.016923 0.501662 3.419110 0.002242 0.093375 0.883704 0.458632
339.838783026 -8.011578 0.501332 3.417823 0.001526 0.093747 0.880643 0.464411
340.008151293 -8.006309 0.500635 3.416653 0.000921 0.093828 0.877370 0.470550
340.064168215 -8.000795 0.498878 3.415832 -0.000364 0.092277 0.874501 0.476165
340.232493401 -7.995062 0.497459 3.414371 -0.001091 0.091335 0.871520 0.481778
340.288333178 -7.988912 0.496822 3.413087 -0.001468 0.091090 0.868255 0.487682
340.455878496 -7.982731 0.496398 3.412065 -0.001686 0.091329 0.864761 0.493806
340.509192228 -7.976581 0.496233 3.411236 -0.001539 0.092153 0.860978 0.500222
340.676126242 -7.970105 0.496311 3.410819 -0.001544 0.092909 0.857121 0.506665
340.732865810 -7.963556 0.495801 3.410736 -0.002227 0.092613 0.853887 0.512147
340.910547018 -7.956587 0.495095 3.410307 -0.002662 0.091801 0.851300 0.516579
340.966881752 -7.949199 0.496011 3.410076 -0.004491 0.088780 0.849798 0.519558
341.132335663 -7.940699 0.497218 3.409541 -0.007390 0.084320 0.848455 0.522456
341.185346603 -7.932403 0.498264 3.407633 -0.009725 0.080948 0.847291 0.524834
341.352914095 -7.924122 0.499403 3.405536 -0.013170 0.076235 0.846136 0.527322
341.404332161 -7.916277 0.499282 3.402606 -0.015674 0.073115 0.844964 0.529571
341.571345806 -7.908045 0.499406 3.399225 -0.018300 0.069839 0.844253 0.531059
341.625112534 -7.900628 0.498758 3.395192 -0.019848 0.068403 0.843263 0.532762
341.793199539 -7.892931 0.498186 3.391237 -0.021230 0.067262 0.842477 0.534095
341.846501350 -7.885724 0.496304 3.387289 -0.021783 0.067417 0.841508 0.535579
342.015064955 -7.879388 0.492422 3.382769 -0.020402 0.070446 0.840053 0.537524
342.067904949 -7.871097 0.490866 3.379383 -0.020912 0.071192 0.839840 0.537739
342.231341362 -7.861779 0.489726 3.375544 -0.021536 0.071425 0.840171 0.537167
342.280599833 -7.853162 0.488164 3.371711 -0.021397 0.072335 0.840659 0.536286
342.448404789 -7.844109 0.487885 3.368184 -0.020851 0.074291 0.839957 0.537138
342.503600359 -7.837455 0.489035 3.365823 -0.019433 0.078575 0.837110 0.541013
342.665526628 -7.832096 0.489285 3.363229 -0.015943 0.085422 0.833707 0.545328
342.712701321 -7.826591 0.490237 3.362825 -0.013289 0.091420 0.829363 0.551019
342.879729509 -7.819834 0.490047 3.363780 -0.011714 0.095463 0.825721 0.555818
342.932065964 -7.812587 0.489376 3.365246 -0.011044 0.097762 0.822508 0.560180
343.098225594 -7.805929 0.487404 3.367123 -0.011246 0.098747 0.819215 0.564810
343.156256437 -7.799087 0.485103 3.368630 -0.012078 0.098600 0.816128 0.569270
343.330968142 -7.792366 0.483378 3.369226 -0.011955 0.099179 0.812835 0.573864
343.389878511 -7.785850 0.481527 3.369403 -0.011295 0.099716 0.809714 0.578180
343.569478750 -7.779225 0.480183 3.369353 -0.010120 0.100141 0.806903 0.582046
343.622173786 -7.771393 0.477819 3.368524 -0.008736 0.099866 0.806237 0.583037
343.796758890 -7.762967 0.474865 3.366631 -0.006484 0.099475 0.806504 0.582763
343.850497484 -7.753778 0.471272 3.364176 -0.003707 0.098728 0.807228 0.581913
344.021782875 -7.744426 0.467375 3.361726 -0.000521 0.097418 0.808064 0.580984
344.075058460 -7.734371 0.463588 3.359385 0.002798 0.095119 0.809100 0.579915
344.249936104 -7.725551 0.461033 3.357761 0.004885 0.092205 0.809746 0.579470
344.306106567 -7.716847 0.459834 3.356168 0.006476 0.089292 0.809909 0.579683
344.479745865 -7.708406 0.458965 3.354571 0.007749 0.086646 0.809705 0.580354
344.537556171 -7.700091 0.458203 3.353059 0.008498 0.084025 0.809267 0.581339
344.708449364 -7.691838 0.457619 3.351387 0.009201 0.082031 0.808557 0.582600
344.763856649 -7.683645 0.456852 3.349695 0.010099 0.080797 0.807828 0.583767
344.935566664 -7.675478 0.456369 3.348136 0.011090 0.080376 0.807033 0.584906
344.991550446 -7.667273 0.455902 3.346832 0.011977 0.080311 0.806305 0.585900
345.162594080 -7.659047 0.454993 3.345856 0.012455 0.079986 0.805745 0.586705
345.219039440 -7.650823 0.453695 3.345307 0.012113 0.078906 0.805296 0.587473
345.390525818 -7.642807 0.451802 3.344964 0.011398 0.077637 0.804772 0.588374
345.448377132 -7.634770 0.450216 3.344003 0.011658 0.077717 0.804080 0.589305
345.617917538 -7.626342 0.450015 3.343205 0.011621 0.077506 0.803546 0.590061
345.674953461 -7.617986 0.450302 3.342775 0.011190 0.077058 0.802969 0.590912
345.847378969 -7.610063 0.449764 3.342422 0.011111 0.077004 0.801918 0.592346
345.908380032 -7.602862 0.448980 3.342261 0.011393 0.077809 0.800129 0.594650
346.088634253 -7.595637 0.447550 3.342298 0.011489 0.078519 0.798261 0.597061
346.145209312 -7.587862 0.446842 3.342642 0.010818 0.077470 0.797188 0.598642
346.320561886 -7.579867 0.446617 3.343053 0.009527 0.075445 0.796464 0.599885
346.375821114 -7.571942 0.446280 3.343462 0.008055 0.072915 0.795951 0.600900
346.550278902 -7.564102 0.445876 3.343497 0.006962 0.070727 0.795540 0.601718
346.607096434 -7.556374 0.445062 3.342988 0.006779 0.069560 0.795102 0.602435
346.780710697 -7.548419 0.444313 3.342318 0.006735 0.068397 0.794753 0.603029
346.837324142 -7.540386 0.443610 3.341910 0.006148 0.066475 0.794548 0.603521
347.009788513 -7.532443 0.443027 3.341328 0.005825 0.065085 0.794279 0.604029
347.063117027 -7.524486 0.442254 3.340489 0.005974 0.064415 0.793949 0.604533
347.235341549 -7.516282 0.441379 3.339729 0.005750 0.063361 0.793685 0.604993
347.289752245 -7.508038 0.440514 3.338939 0.005315 0.062428 0.793337 0.605551
347.466572285 -7.500016 0.439120 3.338344 0.004622 0.061809 0.792951 0.606125
347.522577047 -7.492099 0.438069 3.337715 0.004084 0.062102 0.792416 0.606798
347.700687408 -7.484057 0.437449 3.337164 0.003585 0.062866 0.791847 0.607464
347.758823633 -7.475957 0.436664 3.336791 0.002814 0.063625 0.791318 0.608079
347.931736946 -7.468055 0.435594 3.336390 0.002372 0.065097 0.790721 0.608702
347.989241600 -7.460221 0.434806 3.336016 0.002445 0.067345 0.790173 0.609168
348.163608551 -7.452223 0.434240 3.336080 0.002150 0.069083 0.789904 0.609323
348.220712423 -7.444163 0.433418 3.336525 0.001378 0.069889 0.790013 0.609091
348.395974398 -7.436333 0.432066 3.337014 0.000846 0.070858 0.790195 0.608744
348.453830004 -7.428527 0.430346 3.337300 0.000927 0.072156 0.790498 0.608198
348.632217646 -7.420275 0.429936 3.337890 0.000557 0.072100 0.791163 0.607340
348.691709280 -7.412106 0.429901 3.338945 -0.000404 0.070934 0.792006 0.606378
348.874204636 -7.404284 0.429455 3.339696 -0.000970 0.070274 0.792648 0.605615
348.932353735 -7.396578 0.428572 3.340112 -0.001289 0.069767 0.793223 0.604920
349.109160900 -7.388857 0.428165 3.340225 -0.001382 0.069323 0.793709 0.604333
349.167905569 -7.381083 0.428360 3.340562 -0.001946 0.068012 0.794149 0.603902
349.347564220 -7.373396 0.427958 3.340696 -0.002032 0.066920 0.794697 0.603303
349.408225298 -7.366188 0.427448 3.340310 -0.001236 0.066633 0.795279 0.602569
349.628740788 -7.358619 0.427565 3.340018 -0.000731 0.065702 0.795702 0.602114
349.689254284 -7.352923 0.430170 3.339552 -0.001889 0.061374 0.797390 0.600333
349.871464968 -7.349524 0.432743 3.338855 -0.002944 0.056899 0.798217 0.599670
349.940992832 -7.346235 0.433491 3.337932 -0.003034 0.053420 0.799427 0.598376
350.113152027 -7.340792 0.434931 3.337496 -0.003501 0.047575 0.801753 0.595749
350.167870522 -7.334951 0.435596 3.336472 -0.002739 0.043043 0.804086 0.592947
350.338561535 -7.328707 0.437197 3.334346 -0.000600 0.039533 0.806681 0.589663
350.391338348 -7.323120 0.438841 3.331093 0.003167 0.038367 0.808965 0.586595
350.559247971 -7.317638 0.438719 3.327096 0.009050 0.040199 0.810679 0.584039
350.607228994 -7.312867 0.437236 3.323300 0.015862 0.044317 0.811828 0.581997
350.765946388 -7.307658 0.434454 3.319649 0.023718 0.049886 0.812884 0.579800
350.817710638 -7.301170 0.432439 3.317402 0.030365 0.054556 0.814064 0.577409
350.990763903 -7.293914 0.431288 3.316403 0.033711 0.055725 0.815235 0.575457
351.050931215 -7.286513 0.430924 3.315589 0.035111 0.055276 0.815927 0.574434
351.214399338 -7.279099 0.430278 3.314153 0.036564 0.055536 0.815995 0.574221
351.272331715 -7.271285 0.428690 3.312357 0.038128 0.056335 0.815756 0.574382
351.434437037 -7.263036 0.426869 3.310497 0.038975 0.056700 0.815475 0.574689
351.490003586 -7.254595 0.424580 3.308487 0.039437 0.057057 0.815151 0.575081
351.651920080 -7.245958 0.422401 3.306470 0.039147 0.057075 0.814817 0.575573
351.706756592 -7.237151 0.421023 3.304474 0.038025 0.056858 0.814279 0.576429
351.867932796 -7.228520 0.419199 3.302567 0.036444 0.056706 0.813502 0.577643
351.923586607 -7.219918 0.417270 3.301018 0.033824 0.055806 0.812612 0.579140
352.086956501 -7.211339 0.415540 3.299803 0.029975 0.053836 0.811756 0.580736
352.143698931 -7.203279 0.413335 3.298483 0.026292 0.052626 0.810713 0.582481
352.309743166 -7.195355 0.411584 3.295656 0.023253 0.052611 0.810693 0.582639
352.371104956 -7.187309 0.410371 3.291721 0.020030 0.052465 0.812242 0.580611
352.546442986 -7.179364 0.410159 3.288534 0.016501 0.052084 0.813408 0.579122
352.599646568 -7.172817 0.415460 3.287738 0.010348 0.046489 0.813894 0.579058
352.768289566 -7.167501 0.420444 3.286352 0.005360 0.042634 0.814269 0.578895
352.827991486 -7.163273 0.423371 3.284261 0.002662 0.042341 0.814296 0.578897
353.009779215 -7.159663 0.424424 3.281490 0.001891 0.045310 0.813989 0.579108
353.070887804 -7.156845 0.423009 3.278626 0.002498 0.050325 0.813377 0.579550
353.243981838 -7.152943 0.423265 3.278647 -0.000594 0.047593 0.813562 0.579528
353.292658329 -7.148451 0.427426 3.280318 -0.006034 0.038549 0.814671 0.578610
353.465250969 -7.144368 0.430250 3.280450 -0.008897 0.033357 0.815002 0.578429
353.537882090 -7.141272 0.431002 3.279393 -0.009078 0.032659 0.814522 0.579141
353.719071150 -7.138375 0.429588 3.277727 -0.007509 0.034870 0.813366 0.580658
353.771037579 -7.135568 0.426714 3.275806 -0.004051 0.040046 0.811671 0.582726
353.934854031 -7.132352 0.422645 3.274248 0.000181 0.046051 0.809973 0.584656
353.985541105 -7.122752 0.425496 3.274830 0.000145 0.039961 0.812240 0.581953
354.154826880 -7.116404 0.427816 3.274612 0.001846 0.037143 0.812267 0.582099
354.212485075 -7.110712 0.427597 3.273720 0.005137 0.036628 0.811593 0.583051
354.378526211 -7.104597 0.425702 3.272557 0.009448 0.037328 0.810851 0.583985
354.429555416 -7.095761 0.426844 3.271318 0.013097 0.034334 0.811839 0.582724
354.590738058 -7.087490 0.426253 3.268800 0.019061 0.034616 0.812146 0.582114
354.641711235 -7.078635 0.424173 3.266429 0.025641 0.035481 0.812521 0.581286
354.792387009 -7.069781 0.422535 3.264133 0.032100 0.036095 0.813215 0.579955
354.840738773 -7.059995 0.420260 3.261822 0.039278 0.036771 0.814135 0.578177
354.994106770 -7.050014 0.417683 3.259787 0.046343 0.037444 0.814982 0.576415
355.047812462 -7.040735 0.417088 3.258778 0.050839 0.036251 0.815517 0.575355
355.200252056 -7.031896 0.417181 3.258359 0.053525 0.033814 0.815661 0.575055
355.253453255 -7.023392 0.416614 3.258718 0.054484 0.029698 0.815726 0.575100
355.405256748 -7.015415 0.416750 3.258192 0.056054 0.027453 0.815193 0.575817
355.458752394 -7.007386 0.417648 3.257074 0.057973 0.026323 0.814491 0.576672
355.612110615 -6.999452 0.418179 3.255924 0.059603 0.025346 0.813802 0.577522
355.665413141 -6.992038 0.418763 3.254966 0.060837 0.024652 0.812700 0.578973
355.814761877 -6.985468 0.421147 3.255912 0.058877 0.021131 0.810215 0.582785
355.866921425 -6.980392 0.424264 3.254446 0.057579 0.019310 0.807038 0.587368
356.019023418 -6.975859 0.425540 3.252934 0.056089 0.017477 0.803998 0.591723
356.075897217 -6.972047 0.424874 3.251352 0.055336 0.016946 0.800915 0.595974
356.223017693 -6.968668 0.423113 3.249539 0.056003 0.018903 0.797401 0.600548
356.275246382 -6.965281 0.422366 3.249535 0.055021 0.019515 0.793652 0.605564
356.422380686 -6.962515 0.421158 3.249362 0.055483 0.022519 0.789616 0.610673
356.477412939 -6.958952 0.420254 3.250182 0.054985 0.024821 0.786208 0.615011
356.628732681 -6.955170 0.420879 3.252507 0.052015 0.024641 0.782914 0.619462
356.678327799 -6.951472 0.420793 3.254718 0.048886 0.024615 0.779530 0.623968
356.827379227 -6.948639 0.418398 3.255950 0.047638 0.027113 0.775820 0.628569
356.877621651 -6.946715 0.415557 3.256414 0.046753 0.030375 0.771734 0.633496
357.025946617 -6.944504 0.412755 3.257049 0.045480 0.033882 0.767262 0.638821
357.080415249 -6.940881 0.411054 3.258789 0.041785 0.035030 0.763933 0.642988
357.232164383 -6.936745 0.410662 3.261218 0.036525 0.034216 0.761956 0.645692
357.278579235 -6.932670 0.414032 3.260175 0.028698 0.031683 0.759909 0.648623
357.427262783 -6.929166 0.416201 3.258631 0.019045 0.026936 0.757971 0.651454
357.473922253 -6.926259 0.415417 3.256940 0.010550 0.023262 0.755942 0.654140
357.631404161 -6.923582 0.413144 3.254332 0.004528 0.023200 0.753404 0.657133
357.683089972 -6.921297 0.409570 3.251224 0.001231 0.026648 0.750595 0.660224
357.844164133 -6.919628 0.404254 3.248189 -0.000409 0.031686 0.747691 0.663290
357.894581556 -6.918083 0.397430 3.244752 -0.000102 0.039772 0.744160 0.666816
358.057063818 -6.915718 0.393248 3.242564 0.000992 0.048550 0.740292 0.670529
358.114192724 -6.911105 0.394782 3.244035 -0.002607 0.049634 0.737436 0.673585
358.291865110 -6.905633 0.399012 3.246275 -0.007408 0.047802 0.735015 0.676324
358.347070456 -6.900539 0.402489 3.248488 -0.011898 0.045578 0.732861 0.678746
358.527986288 -6.895398 0.405544 3.250383 -0.015734 0.043459 0.730964 0.680849
358.588432312 -6.890350 0.407545 3.252192 -0.019261 0.041238 0.729328 0.682648
358.763549805 -6.885361 0.408377 3.254090 -0.022880 0.038222 0.728285 0.683825
358.831574678 -6.880507 0.407459 3.255283 -0.024725 0.036726 0.727147 0.685053
359.011971474 -6.875694 0.405741 3.255815 -0.024503 0.036690 0.725798 0.686492
359.074594021 -6.870382 0.404088 3.256034 -0.022616 0.037349 0.724456 0.687936
359.255463362 -6.864244 0.404102 3.255753 -0.020005 0.037392 0.722967 0.689580
359.314312220 -6.857902 0.405381 3.255429 -0.018406 0.035476 0.721081 0.691698
359.492441893 -6.851776 0.406175 3.253503 -0.017347 0.032793 0.718574 0.694461
359.552934408 -6.845533 0.405631 3.252031 -0.016724 0.029486 0.716516 0.696746
359.727665424 -6.838694 0.405084 3.251135 -0.015006 0.026980 0.715082 0.698359
359.787446976 -6.831560 0.404722 3.250795 -0.012659 0.024843 0.714313 0.699271
359.957805395 -6.824614 0.406716 3.250653 -0.012972 0.020401 0.711627 0.702141
360.006856441 -6.820086 0.407238 3.249324 -0.012363 0.017865 0.706693 0.707187
360.171415567 -6.816405 0.405358 3.248085 -0.010600 0.016599 0.702041 0.711864
360.229325056 -6.813104 0.403609 3.247043 -0.009617 0.015194 0.697970 0.715901
360.401820898 -6.810844 0.401964 3.245979 -0.007540 0.015403 0.695444 0.718375
360.460722446 -6.809327 0.399706 3.244531 -0.003755 0.017665 0.693073 0.720641
360.637643576 -6.807831 0.397794 3.244018 -0.000860 0.019063 0.691249 0.722365
360.693225145 -6.804604 0.401101 3.244331 -0.005371 0.013826 0.690716 0.722974
360.857451916 -6.801143 0.404162 3.243431 -0.009563 0.008832 0.690660 0.723062
360.922076464 -6.798490 0.405091 3.242010 -0.011788 0.006007 0.690755 0.722968
361.107112169 -6.796353 0.404442 3.240344 -0.011582 0.005627 0.690764 0.722966
361.177361488 -6.794653 0.402313 3.238759 -0.009137 0.007518 0.690689 0.723055
361.343550682 -6.793308 0.398952 3.237434 -0.004862 0.011329 0.690505 0.723222
361.433711767 -6.791014 0.398197 3.237080 -0.004226 0.011958 0.690432 0.723286
361.621473789 -6.787896 0.397952 3.237217 -0.004762 0.010801 0.691269 0.722501
361.669156551 -6.782720 0.402560 3.236584 -0.010264 0.005080 0.693373 0.720488
361.827653170 -6.778004 0.406151 3.234652 -0.014974 0.000146 0.695123 0.718735
361.889736414 -6.773634 0.407963 3.231980 -0.017643 -0.002740 0.696929 0.716918
362.074564219 -6.770022 0.407779 3.229129 -0.017512 -0.003007 0.698052 0.715826
362.133862495 -6.766633 0.406170 3.225897 -0.014197 -0.000995 0.698375 0.715591
362.297442198 -6.763397 0.402771 3.222264 -0.008308 0.003290 0.698144 0.715901
362.347167730 -6.760492 0.399037 3.218443 0.000665 0.010421 0.697209 0.716791
362.506993771 -6.757334 0.395272 3.215170 0.012056 0.019566 0.695627 0.718036
362.562248945 -6.751776 0.395167 3.216648 0.018884 0.022517 0.695221 0.718195
362.728782892 -6.745336 0.395851 3.219306 0.024380 0.023503 0.695723 0.717511
362.789039850 -6.739119 0.396156 3.222217 0.029543 0.024561 0.696157 0.716861
362.953187704 -6.732669 0.397379 3.225859 0.033609 0.024590 0.696329 0.716513
363.008010864 -6.726667 0.399731 3.230453 0.034904 0.022186 0.696177 0.716678
363.167237759 -6.721011 0.401562 3.235116 0.035551 0.019457 0.695326 0.717551
363.227636814 -6.715027 0.402390 3.238763 0.037591 0.018111 0.693533 0.719216
363.390239000 -6.708303 0.402378 3.240083 0.040445 0.017756 0.690954 0.721548
363.449018002 -6.701044 0.402353 3.241699 0.041743 0.015799 0.688538 0.723825
363.604536295 -6.693423 0.402155 3.243373 0.042362 0.013141 0.686328 0.725938
363.658347607 -6.685512 0.402110 3.244130 0.042730 0.010223 0.684726 0.727475
363.812527895 -6.677284 0.402085 3.244041 0.043137 0.007641 0.684054 0.728115
363.866187572 -6.669599 0.402973 3.245032 0.041729 0.004133 0.684960 0.727373
364.020975351 -6.662731 0.403063 3.244856 0.041449 0.002224 0.685846 0.726562
364.075744867 -6.654645 0.403422 3.243818 0.040691 0.000054 0.687183 0.725343
364.226100922 -6.645789 0.403617 3.242468 0.040026 -0.001960 0.688620 0.724014
364.278558254 -6.637033 0.404003 3.242182 0.038120 -0.004685 0.690403 0.722405
364.430251598 -6.627887 0.403410 3.239297 0.040098 -0.003624 0.692449 0.720343
364.479429722 -6.617608 0.402663 3.237886 0.039754 -0.004593 0.696248 0.716685
364.627318382 -6.607676 0.402678 3.237487 0.038835 -0.005765 0.701116 0.711966
364.676477671 -6.597323 0.402006 3.236848 0.038442 -0.006071 0.706829 0.706313
364.825156450 -6.587959 0.400763 3.235405 0.039495 -0.004219 0.712754 0.700289
364.875079632 -6.579250 0.399539 3.234010 0.039900 -0.002114 0.718903 0.693961
365.028841496 -6.570685 0.397954 3.232810 0.038935 -0.000383 0.724610 0.688058
365.083361149 -6.562957 0.395795 3.231876 0.037845 0.000914 0.728736 0.683748
365.242328167 -6.555309 0.394020 3.231574 0.036174 0.001562 0.731711 0.680652
365.299008369 -6.547266 0.393949 3.231557 0.035214 0.002531 0.733554 0.678714
365.460718393 -6.538950 0.395079 3.231914 0.034686 0.003201 0.735004 0.677168
365.520606518 -6.530872 0.395900 3.232693 0.033919 0.003067 0.736370 0.675721
365.679632902 -6.523087 0.396728 3.233562 0.033260 0.002624 0.737702 0.674301
365.737971544 -6.515435 0.397746 3.234200 0.033291 0.002323 0.738958 0.672924
365.898522139 -6.507947 0.398213 3.234878 0.033857 0.001827 0.740282 0.671441
365.963008881 -6.500667 0.398096 3.235583 0.034948 0.001268 0.741633 0.669893
366.130427122 -6.493554 0.397445 3.236476 0.036210 0.000249 0.742994 0.668317
366.197986603 -6.486680 0.397027 3.237124 0.038039 -0.000494 0.744233 0.666836
366.363183022 -6.479923 0.397896 3.238060 0.039023 -0.002243 0.745357 0.665519
366.424762726 -6.473351 0.399546 3.240052 0.037129 -0.007054 0.746651 0.664141
366.583557367 -6.467596 0.400640 3.241908 0.034789 -0.012045 0.748100 0.662564
366.656453371 -6.462832 0.401196 3.242081 0.034933 -0.013771 0.749472 0.660970
366.830045938 -6.459068 0.400634 3.241653 0.035868 -0.014062 0.750679 0.659543
366.909656525 -6.455581 0.399829 3.241270 0.036583 -0.014084 0.751983 0.658016
367.087787867 -6.451738 0.400836 3.241393 0.035754 -0.015527 0.753390 0.656418
367.167644501 -6.447843 0.402545 3.241003 0.036531 -0.015674 0.754451 0.655152
367.342073202 -6.444011 0.404538 3.240742 0.037584 -0.015444 0.755528 0.653855
367.419114828 -6.440554 0.405615 3.240513 0.039268 -0.014514 0.756478 0.652677
367.600060940 -6.437378 0.405920 3.240567 0.041176 -0.013425 0.757308 0.651620
367.681062698 -6.434535 0.405405 3.240886 0.043349 -0.012112 0.757975 0.650729
367.855628252 -6.431618 0.404855 3.242124 0.043929 -0.012754 0.758907 0.649591
367.932583570 -6.428530 0.404472 3.243885 0.042797 -0.015395 0.760071 0.648246
368.108264446 -6.425270 0.404387 3.244738 0.042943 -0.016920 0.760912 0.647211
368.187707186 -6.421155 0.405876 3.245193 0.043400 -0.018313 0.761592 0.646342
368.351478577 -6.417094 0.407986 3.246167 0.042410 -0.021337 0.762633 0.645087
368.415930510 -6.413137 0.410433 3.247140 0.040506 -0.025307 0.764329 0.643055
368.572885513 -6.409515 0.412896 3.247311 0.039087 -0.028493 0.766405 0.640534
368.650110722 -6.406880 0.413250 3.246525 0.039963 -0.028931 0.767842 0.638737
368.809323072 -6.404710 0.411560 3.245446 0.042815 -0.027170 0.768756 0.637529
368.888010263 -6.401652 0.410994 3.245439 0.044243 -0.026962 0.770042 0.635886
369.043159485 -6.397770 0.412713 3.245746 0.043431 -0.029045 0.771997 0.633475
369.105586052 -6.394018 0.414593 3.245927 0.042301 -0.031347 0.774008 0.630984
369.268741369 -6.390790 0.415262 3.245480 0.042551 -0.031998 0.775648 0.628916
369.341347456 -6.388263 0.413855 3.244580 0.044530 -0.030533 0.776674 0.627584
369.505082369 -6.385118 0.412451 3.244248 0.046106 -0.029623 0.777857 0.626048
369.582309246 -6.381093 0.412864 3.244378 0.046301 -0.030309 0.779679 0.623729
369.734086990 -6.376724 0.414016 3.244773 0.045616 -0.032051 0.781996 0.620785
369.795013428 -6.372682 0.415133 3.245089 0.045051 -0.033592 0.784251 0.617894
369.956900120 -6.368930 0.415116 3.245152 0.045406 -0.033984 0.786312 0.615221
370.032537460 -6.365382 0.415020 3.244789 0.047000 -0.032764 0.787985 0.613023
370.198990345 -6.361233 0.416121 3.244399 0.048355 -0.032385 0.789818 0.610574
370.272907734 -6.357087 0.417418 3.244028 0.049234 -0.032460 0.791863 0.607845
370.438133955 -6.353039 0.418056 3.243629 0.049716 -0.032855 0.794073 0.604895
370.509132624 -6.348997 0.418623 3.243239 0.049475 -0.033977 0.796190 0.602062
370.656740665 -6.345332 0.418362 3.243178 0.048229 -0.036073 0.798169 0.599415
370.725347042 -6.341848 0.418109 3.242668 0.047333 -0.037461 0.799892 0.597100
370.889529467 -6.338247 0.418741 3.241149 0.048417 -0.036290 0.801005 0.595592
370.961943626 -6.334475 0.419714 3.239976 0.048950 -0.035515 0.801993 0.594264
371.124784946 -6.330785 0.421177 3.238553 0.050153 -0.033386 0.802671 0.593371
371.193513870 -6.327238 0.422004 3.237390 0.051138 -0.031173 0.803500 0.592285
371.351283789 -6.323726 0.422222 3.236449 0.051889 -0.028928 0.804314 0.591227
371.420265436 -6.320028 0.422040 3.236098 0.051298 -0.028136 0.805335 0.589925
371.571710587 -6.316075 0.421016 3.236464 0.048534 -0.029946 0.806739 0.588150
371.631177664 -6.312312 0.419302 3.236568 0.045189 -0.032386 0.808172 0.586316
371.793143272 -6.308288 0.419427 3.234575 0.045095 -0.030631 0.808733 0.585645
371.850089550 -6.303330 0.420733 3.232463 0.045694 -0.028105 0.809110 0.585203
372.000551701 -6.297911 0.421800 3.230537 0.046464 -0.025631 0.809436 0.584805
372.060224533 -6.292304 0.422214 3.228757 0.047310 -0.023303 0.809839 0.584277
372.208664417 -6.286543 0.421837 3.227011 0.048375 -0.021015 0.810315 0.583616
372.266195059 -6.280622 0.420678 3.225308 0.049618 -0.018894 0.810873 0.582808
372.418372631 -6.274854 0.418548 3.223644 0.051269 -0.016470 0.811400 0.582005
372.477436304 -6.268595 0.417083 3.222350 0.051932 -0.015755 0.812145 0.580926
372.627900362 -6.262100 0.416849 3.220860 0.052079 -0.016043 0.812803 0.579984
372.685838223 -6.255535 0.417661 3.219475 0.051794 -0.017214 0.813202 0.579417
372.832841873 -6.249060 0.418847 3.218221 0.050857 -0.019561 0.813525 0.578972
372.892112732 -6.242863 0.420420 3.216688 0.049982 -0.022171 0.813754 0.578632
373.040684223 -6.236912 0.422322 3.214828 0.049624 -0.024247 0.813814 0.578495
373.099828243 -6.231285 0.424046 3.213128 0.049075 -0.026496 0.813846 0.578398
373.250161886 -6.225959 0.425849 3.211437 0.048501 -0.028654 0.813802 0.578406
373.307054281 -6.220721 0.427212 3.209852 0.047824 -0.031213 0.813729 0.578432
373.457374811 -6.215688 0.428363 3.208390 0.047031 -0.034165 0.813588 0.578528
373.516193390 -6.210943 0.429382 3.206750 0.046822 -0.036398 0.813392 0.578685
373.673975945 -6.206498 0.430495 3.204928 0.047219 -0.037530 0.813328 0.578671
373.742614031 -6.202111 0.431326 3.203066 0.047926 -0.038049 0.813389 0.578492
373.895714760 -6.197561 0.432174 3.201160 0.048963 -0.037975 0.813548 0.578187
373.962676764 -6.192890 0.432470 3.199261 0.050100 -0.037409 0.813979 0.577520
374.111196280 -6.188205 0.432796 3.197461 0.051212 -0.036416 0.814702 0.576465
374.168578386 -6.183346 0.433107 3.195805 0.051918 -0.035624 0.815847 0.574830
374.313890457 -6.178424 0.433425 3.194412 0.051732 -0.035668 0.817219 0.572891
374.371723890 -6.173494 0.433568 3.192495 0.052085 -0.034559 0.818397 0.571244
374.517643452 -6.168062 0.433684 3.190421 0.052199 -0.033504 0.819671 0.569467
374.575880766 -6.162143 0.433293 3.188192 0.051569 -0.033314 0.821164 0.567380
374.725391150 -6.156028 0.431932 3.185630 0.050423 -0.033679 0.822795 0.565095
374.782855988 -6.149791 0.430516 3.182412 0.049748 -0.033084 0.824282 0.563018
374.932218552 -6.143530 0.429512 3.178794 0.050014 -0.030794 0.825455 0.561404
374.992205143 -6.137292 0.428859 3.175753 0.049993 -0.028666 0.826303 0.560270
375.141372681 -6.131334 0.428732 3.172990 0.050158 -0.026056 0.826637 0.559890
375.200397968 -6.125870 0.428501 3.170189 0.051114 -0.022040 0.826210 0.560605
375.349049807 -6.120835 0.427488 3.168445 0.051101 -0.019151 0.825311 0.562035
375.421383858 -6.116287 0.426453 3.167839 0.049839 -0.018010 0.824016 0.564083
375.574739695 -6.111542 0.425756 3.167132 0.049284 -0.016169 0.822094 0.566984
375.635727406 -6.106925 0.425594 3.166717 0.049084 -0.014137 0.819864 0.570275
375.787037611 -6.102193 0.425748 3.166670 0.048876 -0.012061 0.817318 0.573984
375.849262953 -6.097500 0.425602 3.167116 0.048094 -0.010584 0.814770 0.577689
376.000915527 -6.092801 0.425314 3.167680 0.047075 -0.009388 0.812288 0.581278
376.063039064 -6.088037 0.425024 3.168015 0.046316 -0.008167 0.809870 0.584721
376.213842154 -6.083312 0.425489 3.167727 0.046880 -0.005657 0.807331 0.588206
376.275577307 -6.078749 0.426034 3.167661 0.047391 -0.003834 0.804939 0.591450
376.439163923 -6.074252 0.426318 3.167857 0.047575 -0.003149 0.802784 0.594361
376.514138460 -6.070139 0.426018 3.168378 0.047056 -0.003626 0.800956 0.596860
376.677585840 -6.065959 0.425902 3.169144 0.045560 -0.005539 0.799461 0.598962
376.755292892 -6.061530 0.427031 3.169197 0.044918 -0.006962 0.797897 0.601078
376.922330856 -6.056963 0.428596 3.169279 0.043953 -0.008912 0.796471 0.603012
376.997412443 -6.052640 0.429794 3.169146 0.043424 -0.010355 0.794973 0.605000
377.164469004 -6.048574 0.430722 3.168775 0.043495 -0.010963 0.793424 0.607014
377.237151384 -6.044393 0.431332 3.168519 0.043527 -0.011796 0.792047 0.608792
377.398619175 -6.039944 0.431520 3.168345 0.043493 -0.012892 0.791006 0.610125
377.471902132 -6.035407 0.431773 3.168125 0.043471 -0.013820 0.790267 0.611063
377.641207933 -6.030679 0.432305 3.167633 0.043685 -0.014352 0.789910 0.611496
377.712979794 -6.025923 0.432718 3.166738 0.044750 -0.013764 0.789765 0.611621
377.874704123 -6.021360 0.432895 3.165732 0.046250 -0.012226 0.790003 0.611233
377.942591429 -6.016838 0.433505 3.164911 0.047429 -0.010554 0.790806 0.610135
378.087200642 -6.011790 0.434958 3.163969 0.048154 -0.008946 0.792187 0.608310
378.153324842 -6.006968 0.435957 3.162984 0.048823 -0.006944 0.793703 0.606303
378.311974525 -6.002475 0.436390 3.162243 0.048873 -0.005378 0.795367 0.604130
378.381430387 -5.998047 0.435849 3.161690 0.048182 -0.004410 0.797225 0.601741
378.538478136 -5.993744 0.434935 3.161078 0.046805 -0.003877 0.799307 0.599084
378.595395803 -5.989494 0.433194 3.160554 0.044298 -0.004486 0.801588 0.596216
378.748386145 -5.985348 0.432153 3.158757 0.043266 -0.002531 0.803405 0.593853
378.808177710 -5.981287 0.431876 3.156653 0.043248 0.001062 0.804681 0.592129
378.971637726 -5.976965 0.431233 3.155173 0.042313 0.003885 0.805822 0.590632
379.047616720 -5.972849 0.431038 3.154082 0.040763 0.006171 0.806681 0.589548
379.216019154 -5.968830 0.430824 3.153188 0.039136 0.008551 0.807161 0.588971
379.291030884 -5.964756 0.430517 3.152661 0.037270 0.010012 0.807428 0.588703
379.458027363 -5.960841 0.429665 3.152073 0.035888 0.011174 0.807195 0.589087
379.532563686 -5.956993 0.428980 3.151451 0.034576 0.011372 0.806513 0.590095
379.699778557 -5.952935 0.428752 3.150526 0.034212 0.011560 0.805210 0.591889
379.771395683 -5.948782 0.429058 3.149577 0.034434 0.011772 0.803306 0.594454
379.927597284 -5.944466 0.429517 3.148986 0.034705 0.011882 0.800742 0.597885
379.989156961 -5.940367 0.429850 3.149014 0.034347 0.011491 0.798077 0.601466
380.146942854 -5.936214 0.430541 3.149453 0.033089 0.010300 0.795485 0.604981
380.209118128 -5.931843 0.432664 3.149755 0.032179 0.009266 0.792883 0.608453
380.362699509 -5.927704 0.434899 3.150259 0.031151 0.008186 0.790452 0.611676
380.424121141 -5.923798 0.436504 3.150792 0.030328 0.007588 0.788109 0.614742
380.585267305 -5.920414 0.436880 3.151138 0.030213 0.008102 0.785922 0.617534
380.642326593 -5.917827 0.435564 3.151052 0.031608 0.010919 0.783577 0.620394
380.787251949 -5.915622 0.433458 3.151058 0.033728 0.014957 0.781276 0.623094
380.858834743 -5.912281 0.433216 3.152648 0.032952 0.015678 0.779931 0.624800
381.024126530 -5.908692 0.433708 3.153788 0.031895 0.015744 0.778977 0.626043
381.095748425 -5.905234 0.434129 3.154021 0.031573 0.016720 0.778004 0.627243
381.265754700 -5.901899 0.434316 3.153837 0.030910 0.017260 0.777319 0.628110
381.337728024 -5.898782 0.433764 3.153590 0.029102 0.016503 0.777142 0.628436
381.506516933 -5.895173 0.433445 3.153258 0.026471 0.014723 0.777520 0.628129
381.580527067 -5.890740 0.434074 3.152210 0.024793 0.013625 0.777655 0.628054
381.738621235 -5.885820 0.434748 3.151026 0.023559 0.012995 0.777699 0.628061
381.800595760 -5.880195 0.434981 3.149783 0.022366 0.012350 0.777858 0.627921
381.959815741 -5.874268 0.434908 3.148420 0.021701 0.012195 0.778162 0.627570
382.020196199 -5.867829 0.434731 3.146927 0.021577 0.012669 0.778432 0.627230
382.175420761 -5.861069 0.433817 3.145381 0.022083 0.013881 0.778552 0.627038
382.236597300 -5.853996 0.432809 3.144163 0.022443 0.014697 0.779038 0.626403
382.388852119 -5.846841 0.432471 3.143059 0.022594 0.015081 0.779766 0.625482
382.445404053 -5.839018 0.432320 3.141615 0.023310 0.016381 0.780340 0.624706
382.602692127 -5.832130 0.431900 3.140473 0.024126 0.018047 0.780891 0.623940
382.662950039 -5.825204 0.431633 3.139535 0.024980 0.019789 0.781664 0.622884
382.820473909 -5.818224 0.432310 3.138791 0.025697 0.021513 0.782594 0.621630
382.881449699 -5.811526 0.432608 3.138525 0.025802 0.022655 0.783529 0.620405
383.039942026 -5.805121 0.432906 3.138487 0.025684 0.023782 0.784233 0.619479
383.100083828 -5.798813 0.433258 3.138815 0.024913 0.024235 0.784849 0.618712
383.257124662 -5.792547 0.433583 3.139504 0.023377 0.023696 0.785412 0.618078
383.317646027 -5.786588 0.433834 3.140044 0.021898 0.023565 0.785736 0.617725
383.474763155 -5.780684 0.434711 3.140532 0.020233 0.023502 0.785767 0.617745
383.535336494 -5.774849 0.434877 3.140976 0.018573 0.023434 0.785555 0.618069
383.693293571 -5.768831 0.434645 3.141517 0.016406 0.022619 0.785216 0.618591
383.754657984 -5.762658 0.434086 3.141929 0.013958 0.021465 0.784740 0.619296
383.918410063 -5.756423 0.433666 3.141720 0.012223 0.021480 0.783950 0.620332
383.979243279 -5.750051 0.432947 3.141412 0.010671 0.021935 0.783086 0.621435
384.146041632 -5.743343 0.431844 3.141196 0.008827 0.022028 0.782335 0.622406
384.207887411 -5.736356 0.430751 3.140732 0.007205 0.022319 0.781654 0.623271
384.371071100 -5.729048 0.430258 3.140107 0.005919 0.022787 0.781098 0.623964
384.425822258 -5.721856 0.430409 3.139326 0.004929 0.023321 0.780735 0.624407
384.580686808 -5.713960 0.430738 3.138274 0.004681 0.024442 0.780324 0.624880
384.634147644 -5.706287 0.430995 3.137579 0.004311 0.024699 0.780113 0.625136
384.790777922 -5.698735 0.431172 3.136923 0.004134 0.024926 0.780078 0.625172
384.846954346 -5.691254 0.431800 3.136236 0.004305 0.025261 0.780153 0.625064
385.007303953 -5.683931 0.432022 3.135716 0.004620 0.025254 0.780425 0.624722
385.069192886 -5.676679 0.431807 3.135332 0.004841 0.024719 0.780768 0.624313
385.231118679 -5.669531 0.431674 3.134966 0.005216 0.024073 0.781114 0.623902
385.292829037 -5.662501 0.431747 3.134698 0.005549 0.023086 0.781593 0.623336
385.452701330 -5.655778 0.431797 3.134311 0.006197 0.022516 0.782149 0.622653
385.513653278 -5.649297 0.432279 3.133768 0.007389 0.022866 0.782641 0.622010
385.676233530 -5.642968 0.432820 3.133596 0.008259 0.022799 0.783263 0.621217
385.735468626 -5.636958 0.432760 3.133856 0.008418 0.022024 0.784026 0.620280
385.895335913 -5.631228 0.432839 3.134440 0.007681 0.020564 0.784913 0.619216
385.955835342 -5.625772 0.433334 3.134405 0.007840 0.020729 0.785555 0.618395
386.117156029 -5.620332 0.433975 3.134569 0.007681 0.020789 0.786222 0.617547
386.176791191 -5.614901 0.434891 3.135061 0.006573 0.019928 0.787123 0.616439
386.338328600 -5.609680 0.435622 3.135373 0.005504 0.019547 0.787888 0.615484
386.398993969 -5.604566 0.435961 3.135289 0.005128 0.020363 0.788412 0.614789
386.558555841 -5.599436 0.435811 3.135362 0.004411 0.021048 0.788973 0.614052
386.617207766 -5.594089 0.435733 3.135503 0.003209 0.021485 0.789515 0.613346
386.780078650 -5.588578 0.435124 3.135611 0.001691 0.021834 0.789967 0.612758
386.840973139 -5.582944 0.433746 3.135758 -0.000355 0.021911 0.790367 0.612241
387.002862453 -5.576959 0.432535 3.135555 -0.002397 0.022253 0.790830 0.611627
387.063389301 -5.570399 0.431776 3.134743 -0.003773 0.023466 0.791213 0.611078
387.230639458 -5.563367 0.430617 3.133837 -0.005272 0.024443 0.791638 0.610478
387.285606861 -5.555851 0.430099 3.132866 -0.006842 0.024677 0.792090 0.609867
387.442800760 -5.547703 0.429328 3.131590 -0.007881 0.024710 0.792629 0.609152
387.499452591 -5.539684 0.428360 3.130127 -0.008210 0.025083 0.793145 0.608460
387.660385132 -5.531558 0.427745 3.128819 -0.008670 0.024850 0.793737 0.607692
387.714661121 -5.523449 0.427137 3.127561 -0.009268 0.024030 0.794384 0.606870
387.876195431 -5.515514 0.426703 3.126003 -0.008913 0.023943 0.794822 0.606304
387.930678844 -5.507638 0.426786 3.124343 -0.007666 0.024569 0.795021 0.606035
388.095163822 -5.499737 0.427135 3.123000 -0.006594 0.024583 0.795209 0.605801
388.151425600 -5.492093 0.427487 3.121519 -0.004947 0.025197 0.795346 0.605611
388.314758539 -5.484818 0.427610 3.120196 -0.002934 0.026064 0.795414 0.605499
388.377796412 -5.477428 0.427257 3.119375 -0.001218 0.026052 0.795498 0.605394
388.544506073 -5.470276 0.427408 3.119011 -0.000410 0.024702 0.795655 0.605246
388.608159065 -5.463470 0.428046 3.118668 0.000224 0.023189 0.795709 0.605235
388.771318197 -5.456954 0.428596 3.118025 0.001376 0.022307 0.795635 0.605364
388.833648205 -5.450310 0.429331 3.117206 0.002550 0.021480 0.795535 0.605521
388.996158838 -5.443582 0.430429 3.116455 0.003252 0.020195 0.795569 0.605518
389.058877707 -5.437062 0.431135 3.115770 0.003751 0.018703 0.795612 0.605506
389.220729828 -5.430757 0.431249 3.115019 0.004234 0.017333 0.795527 0.605655
389.281507730 -5.424552 0.431314 3.114152 0.004581 0.016073 0.795382 0.605879
389.442672014 -5.418312 0.431746 3.113045 0.005130 0.015349 0.795136 0.606215
389.504179716 -5.411958 0.432358 3.112080 0.005021 0.014228 0.794898 0.606556
389.663291931 -5.405675 0.432390 3.110838 0.005202 0.013908 0.794538 0.607033
389.724586487 -5.399245 0.431860 3.109589 0.005234 0.013776 0.794087 0.607626
389.880702734 -5.392567 0.431288 3.108039 0.005686 0.014588 0.793510 0.608356
389.942077875 -5.385748 0.430607 3.106865 0.005420 0.014746 0.793017 0.608997
390.104721785 -5.378640 0.430145 3.105877 0.004188 0.013755 0.792752 0.609374
390.165782452 -5.371502 0.429199 3.104531 0.003212 0.012993 0.792518 0.609702
390.325634956 -5.364364 0.428414 3.102665 0.003196 0.013360 0.792227 0.610072
390.381176710 -5.356935 0.427827 3.100984 0.002961 0.013417 0.792063 0.610285
390.537319422 -5.349261 0.427574 3.099651 0.001839 0.012055 0.792093 0.610279
390.590835810 -5.341860 0.426564 3.098226 0.000998 0.010680 0.792105 0.610291
390.745599270 -5.334450 0.425954 3.096164 0.001570 0.010688 0.791910 0.610542
390.799659729 -5.327057 0.425574 3.094218 0.002463 0.010904 0.791784 0.610699
390.953225136 -5.319586 0.426004 3.092360 0.003677 0.011317 0.791742 0.610740
391.007833719 -5.312513 0.426429 3.090734 0.004928 0.011953 0.791603 0.610900
391.165771484 -5.305490 0.426429 3.089347 0.006156 0.012533 0.791409 0.611127
391.225077391 -5.298673 0.426608 3.088418 0.006973 0.012264 0.791255 0.611324
391.381896019 -5.292041 0.427717 3.087442 0.008027 0.012119 0.791044 0.611587
391.441767931 -5.285643 0.428742 3.086626 0.009155 0.011933 0.790903 0.611756
391.598138094 -5.279238 0.429948 3.085986 0.010183 0.011355 0.790869 0.611796
391.657310963 -5.272934 0.431101 3.085510 0.010967 0.010427 0.790707 0.612008
391.811686754 -5.266783 0.431647 3.085095 0.011726 0.009500 0.790403 0.612401
391.870575428 -5.260824 0.432222 3.084718 0.012410 0.008627 0.790095 0.612798
392.022649288 -5.254975 0.432488 3.084096 0.013610 0.008621 0.789619 0.613387
392.080455303 -5.249076 0.432498 3.083607 0.014569 0.008653 0.788958 0.614213
392.230890036 -5.243024 0.432163 3.083302 0.015105 0.008286 0.788237 0.615131
392.289658308 -5.236866 0.431604 3.083095 0.015296 0.007651 0.787419 0.616181
392.442007780 -5.230577 0.431085 3.083054 0.014827 0.006427 0.786470 0.617417
392.499747276 -5.224279 0.430227 3.082961 0.014254 0.005188 0.785292 0.618940
392.651501417 -5.217561 0.429773 3.082926 0.012953 0.003027 0.784115 0.620472
392.708664894 -5.210620 0.429485 3.082629 0.011340 0.000781 0.782598 0.622424
392.859583855 -5.203383 0.429094 3.082133 0.009969 -0.001154 0.780938 0.624528
392.915105820 -5.195711 0.428568 3.081529 0.008531 -0.003106 0.779357 0.626514
393.059072256 -5.188017 0.428301 3.080846 0.007042 -0.004991 0.778128 0.628046
393.111125946 -5.180057 0.428047 3.079863 0.005871 -0.006348 0.777036 0.629397
393.258282185 -5.172164 0.426713 3.079112 0.004307 -0.008184 0.776198 0.630421
393.310570240 -5.164385 0.424403 3.078725 0.001425 -0.011620 0.775785 0.630888
393.457203865 -5.156590 0.423459 3.077307 -0.000331 -0.013400 0.775433 0.631288
393.510296822 -5.148737 0.423411 3.075412 -0.000802 -0.013316 0.775173 0.631608
393.656469822 -5.140951 0.423520 3.073577 -0.000337 -0.012002 0.774997 0.631851
393.707883596 -5.133163 0.423109 3.072207 0.000291 -0.010716 0.774984 0.631889
393.854447603 -5.125501 0.422231 3.071255 0.000804 -0.009613 0.775190 0.631654
393.908832550 -5.118034 0.421906 3.070331 0.001890 -0.007599 0.775655 0.631108
394.058833361 -5.110426 0.422317 3.069762 0.002804 -0.005610 0.776440 0.630159
394.118857145 -5.103192 0.422154 3.069662 0.003271 -0.004415 0.777500 0.628859
394.273655891 -5.096080 0.421822 3.069374 0.004576 -0.002213 0.778747 0.627318
394.333661318 -5.088935 0.422118 3.069324 0.005946 0.000183 0.780149 0.625566
394.488443136 -5.081887 0.422631 3.069837 0.006029 0.001188 0.781796 0.623503
394.547076941 -5.075148 0.422619 3.070221 0.006038 0.002294 0.783455 0.621415
394.700833559 -5.068572 0.422272 3.070309 0.006339 0.003849 0.785111 0.619311
394.759973049 -5.061910 0.421814 3.070315 0.006372 0.005023 0.786731 0.617243
394.915416718 -5.055159 0.421695 3.070416 0.005500 0.005168 0.788133 0.615459
394.974642038 -5.048464 0.421507 3.069952 0.005016 0.006070 0.789086 0.614232
395.129092932 -5.041603 0.420987 3.069266 0.004623 0.007096 0.789825 0.613273
395.187144279 -5.034564 0.420279 3.068645 0.003745 0.007556 0.790440 0.612482
395.342681885 -5.027227 0.419624 3.068357 0.001427 0.006073 0.791198 0.611528
395.402768373 -5.019951 0.418876 3.067545 -0.000564 0.004968 0.791869 0.610670
395.559458733 -5.012744 0.417788 3.066099 -0.001554 0.005016 0.792485 0.609869
395.617461681 -5.005545 0.416975 3.064794 -0.002674 0.004566 0.793163 0.608986
395.769140244 -4.997981 0.416611 3.063292 -0.003536 0.004068 0.793820 0.608129
395.822944403 -4.990662 0.416210 3.061527 -0.003374 0.004575 0.794343 0.607443
395.975713253 -4.983564 0.415579 3.059817 -0.002542 0.005780 0.794664 0.607017
396.036648273 -4.976270 0.414662 3.058494 -0.001865 0.006701 0.794843 0.606776
396.198864222 -4.969066 0.414823 3.057745 -0.002017 0.006414 0.794944 0.606646
396.260113955 -4.962284 0.414976 3.056787 -0.001426 0.007348 0.794966 0.606608
396.417466640 -4.955756 0.415069 3.056229 -0.001195 0.008125 0.794930 0.606646
396.477306366 -4.949309 0.415573 3.056342 -0.002283 0.007479 0.795019 0.606535
396.632114172 -4.943072 0.416187 3.056480 -0.003741 0.006647 0.795023 0.606532
396.692112923 -4.937023 0.417554 3.056392 -0.005270 0.006126 0.794727 0.606913
396.851778030 -4.931122 0.418729 3.056246 -0.007011 0.005632 0.794291 0.607471
396.910964966 -4.925543 0.419016 3.056081 -0.008811 0.005383 0.793758 0.608147
397.067616940 -4.920125 0.419043 3.055858 -0.010662 0.005411 0.793087 0.608991
397.125059366 -4.914433 0.419641 3.055317 -0.012178 0.006043 0.792272 0.610017
397.282571554 -4.908537 0.419885 3.054672 -0.013601 0.006818 0.791405 0.611103
397.340997458 -4.902416 0.419628 3.054098 -0.015330 0.007273 0.790671 0.612007
397.499347925 -4.896305 0.418460 3.053166 -0.016338 0.008617 0.789931 0.612918
397.557941437 -4.889659 0.417068 3.052046 -0.016973 0.010313 0.789250 0.613751
397.713972330 -4.882203 0.415745 3.050690 -0.016967 0.012656 0.788564 0.614588
397.767280102 -4.874234 0.414954 3.049774 -0.018152 0.013265 0.788244 0.614953
397.921147108 -4.865908 0.414097 3.048754 -0.020151 0.012827 0.787950 0.615276
397.971570253 -4.857698 0.412527 3.047220 -0.021490 0.012921 0.787550 0.615740
398.127062559 -4.849262 0.411106 3.045328 -0.022427 0.013136 0.787183 0.616171
398.180811405 -4.840607 0.410693 3.043583 -0.023802 0.012819 0.786873 0.616523
398.334319115 -4.832284 0.409702 3.041841 -0.025136 0.012573 0.786433 0.617036
398.386841536 -4.824068 0.408281 3.040036 -0.026284 0.012399 0.785863 0.617717
398.546447039 -4.815676 0.407457 3.038004 -0.026908 0.012598 0.785085 0.618676
398.600068569 -4.807100 0.407357 3.036401 -0.028371 0.011814 0.784370 0.619531
398.758087158 -4.798664 0.407212 3.034964 -0.030506 0.010429 0.783724 0.620272
398.810585737 -4.790371 0.406484 3.033107 -0.032002 0.009855 0.783102 0.620992
398.969450474 -4.781627 0.406191 3.031066 -0.033056 0.009700 0.782673 0.621480
399.020268440 -4.772713 0.405648 3.029126 -0.034469 0.009189 0.782506 0.621621
399.178389788 -4.763844 0.404545 3.027081 -0.035964 0.008732 0.782394 0.621683
399.231821299 -4.755043 0.403699 3.024535 -0.036419 0.009661 0.782235 0.621843
399.392107964 -4.746387 0.403102 3.022307 -0.036835 0.011021 0.782252 0.621774
399.444971323 -4.737774 0.402798 3.020522 -0.038148 0.011669 0.782364 0.621543
399.603413105 -4.729336 0.402531 3.018549 -0.039101 0.012994 0.782274 0.621570
399.656530142 -4.720724 0.402751 3.016789 -0.040431 0.014063 0.782089 0.621695
399.818211794 -4.711965 0.402856 3.015158 -0.042156 0.014601 0.781866 0.621849
399.870128870 -4.703212 0.402281 3.013423 -0.043793 0.015188 0.781579 0.622082
400.033082485 -4.694708 0.401107 3.011420 -0.044908 0.016614 0.781345 0.622260
400.085367441 -4.686230 0.400158 3.009315 -0.045591 0.018844 0.781132 0.622414
400.246024132 -4.677655 0.398946 3.007475 -0.046454 0.020891 0.780866 0.622618
400.298305511 -4.668721 0.397937 3.005900 -0.047826 0.022242 0.780664 0.622721
400.461738348 -4.659541 0.396576 3.004324 -0.049577 0.023107 0.780593 0.622641
400.516293764 -4.650196 0.394569 3.002506 -0.051296 0.023985 0.780601 0.622460
400.683905363 -4.640878 0.392490 3.000406 -0.052499 0.025517 0.780434 0.622507
400.738132954 -4.631376 0.391583 2.998353 -0.053229 0.027572 0.780053 0.622835
400.904698133 -4.621667 0.391082 2.996492 -0.053732 0.029706 0.779517 0.623365
400.953749895 -4.612244 0.390048 2.994829 -0.053839 0.031651 0.778942 0.623979
401.120335579 -4.602616 0.388350 2.993307 -0.053665 0.033432 0.778429 0.624540
401.169466496 -4.592754 0.386450 2.991781 -0.053236 0.034983 0.778036 0.624981
401.334568501 -4.582891 0.384429 2.990318 -0.052624 0.036286 0.777747 0.625318
401.383744001 -4.572898 0.382939 2.988947 -0.052214 0.036904 0.777516 0.625604
401.552353859 -4.562794 0.381706 2.987337 -0.051557 0.038044 0.777290 0.625871
401.607860327 -4.553106 0.380242 2.986029 -0.051328 0.038979 0.777082 0.626091
401.777806997 -4.543594 0.379722 2.984715 -0.051588 0.039609 0.776784 0.626399
401.832323313 -4.533941 0.378999 2.983165 -0.051414 0.040651 0.776298 0.626950
401.997454643 -4.523836 0.377790 2.981659 -0.050927 0.041864 0.775676 0.627679
402.048993826 -4.513994 0.376127 2.980230 -0.050107 0.043359 0.775179 0.628257
402.213447809 -4.504829 0.375077 2.978923 -0.049143 0.044863 0.774876 0.628601
402.262855768 -4.494619 0.374291 2.977512 -0.048388 0.046234 0.774400 0.629146
402.432769060 -4.484435 0.372764 2.976549 -0.048120 0.046927 0.773494 0.630229
402.481351137 -4.474186 0.371096 2.975798 -0.047981 0.047738 0.771889 0.632145
402.647219419 -4.463867 0.370250 2.975138 -0.047530 0.048935 0.769702 0.634748
402.696764946 -4.453641 0.369462 2.974895 -0.047385 0.049921 0.767105 0.637818
402.863727570 -4.443598 0.368108 2.974923 -0.047349 0.050888 0.764166 0.641263
402.913390398 -4.433533 0.366968 2.975381 -0.047869 0.050997 0.760868 0.645126
403.082616091 -4.423539 0.365051 2.976077 -0.048455 0.050997 0.757180 0.649407
403.139701128 -4.413561 0.361993 2.977216 -0.049581 0.050170 0.753226 0.653969
403.311855316 -4.404378 0.360612 2.978259 -0.050798 0.049125 0.749257 0.658499
403.369492292 -4.395312 0.358739 2.979007 -0.051315 0.048827 0.744990 0.663304
403.546236992 -4.386292 0.357082 2.979963 -0.052078 0.048389 0.741362 0.667330
403.603280783 -4.377223 0.355174 2.981074 -0.053008 0.047616 0.738582 0.670387
403.779024601 -4.368131 0.353039 2.981769 -0.053296 0.047626 0.736479 0.672674
403.837819338 -4.358818 0.351085 2.981979 -0.052836 0.047921 0.735367 0.673904
404.016860008 -4.349117 0.350108 2.981957 -0.052272 0.048133 0.735089 0.674236
404.075826883 -4.339591 0.349062 2.981980 -0.051914 0.048208 0.734922 0.674441
404.255697966 -4.330166 0.348165 2.981911 -0.051386 0.048425 0.734727 0.674678
404.309836864 -4.319480 0.348566 2.982376 -0.052038 0.046037 0.735869 0.673550
404.477777243 -4.309792 0.347396 2.981923 -0.050950 0.045763 0.736804 0.672629
404.531174898 -4.298829 0.346438 2.981501 -0.049810 0.045019 0.738073 0.671372
404.705299377 -4.288263 0.344768 2.980828 -0.048045 0.044939 0.738980 0.670508
404.760672808 -4.278015 0.343329 2.980557 -0.047273 0.043977 0.739230 0.670351
404.934024334 -4.269136 0.343306 2.980045 -0.047690 0.041430 0.739544 0.670137
404.989430189 -4.260374 0.343953 2.979020 -0.047967 0.038370 0.739863 0.669948
405.164717436 -4.251439 0.344401 2.977698 -0.047560 0.035623 0.739910 0.670076
405.221411467 -4.241952 0.344209 2.976342 -0.046804 0.033086 0.740110 0.670039
405.399595499 -4.232492 0.343318 2.975188 -0.046124 0.030788 0.740204 0.670092
405.455625057 -4.223304 0.342271 2.974367 -0.046247 0.028160 0.740095 0.670320
405.626882315 -4.214247 0.340808 2.973527 -0.046368 0.025918 0.740036 0.670466
405.683004141 -4.204857 0.338931 2.972519 -0.046067 0.024221 0.740327 0.670229
405.850262403 -4.195561 0.337025 2.971481 -0.045314 0.023177 0.740447 0.670185
405.904426336 -4.186388 0.335786 2.970578 -0.044274 0.022982 0.740444 0.670264
406.074081898 -4.177646 0.335052 2.970005 -0.043266 0.023296 0.740047 0.670757
406.129384995 -4.169175 0.334659 2.969722 -0.042299 0.024172 0.738984 0.671959
406.296888828 -4.160897 0.334835 2.969485 -0.040845 0.026297 0.737249 0.673872
406.351027250 -4.152846 0.334837 2.969894 -0.039959 0.028348 0.735096 0.676191
406.519769669 -4.145237 0.334102 2.971199 -0.040278 0.029668 0.732477 0.678951
406.578603745 -4.138087 0.332976 2.973098 -0.041319 0.030597 0.729185 0.682382
406.744707108 -4.131444 0.331818 2.975438 -0.043078 0.031071 0.725242 0.686442
406.799162388 -4.124815 0.330409 2.977473 -0.043802 0.032674 0.720591 0.691204
406.968462467 -4.118233 0.328925 2.979939 -0.044779 0.033914 0.715826 0.696016
407.024523020 -4.111436 0.327952 2.982587 -0.045366 0.035433 0.710953 0.700879
407.194793940 -4.104507 0.327443 2.985072 -0.045169 0.037410 0.706103 0.705676
407.248730659 -4.097682 0.326996 2.987853 -0.045037 0.039277 0.701544 0.710117
407.416433811 -4.090951 0.325538 2.990026 -0.043657 0.042181 0.697780 0.713735
407.471482515 -4.083574 0.325101 2.991797 -0.041915 0.044572 0.696029 0.715402
407.638684273 -4.074564 0.325467 2.993771 -0.040919 0.045983 0.695687 0.715703
407.692981482 -4.065446 0.325571 2.995509 -0.040624 0.046531 0.696037 0.715344
407.863755703 -4.056301 0.324693 2.997191 -0.041026 0.046360 0.696637 0.714748
407.917115927 -4.047195 0.322886 2.998868 -0.042278 0.045405 0.697340 0.714050
408.082712412 -4.038350 0.319708 3.000682 -0.044581 0.043581 0.698076 0.713305
408.136819839 -4.029225 0.316648 3.001404 -0.046008 0.042389 0.698753 0.712622
408.308610678 -4.019808 0.314637 3.001612 -0.046639 0.041349 0.699373 0.712034
408.362688541 -4.010242 0.314169 3.001251 -0.045593 0.041054 0.700091 0.711413
408.534327984 -4.000892 0.314157 3.000947 -0.043490 0.040955 0.700895 0.710758
408.588587046 -3.991882 0.313667 3.001146 -0.041469 0.040261 0.701545 0.710277
408.759014130 -3.983071 0.312357 3.001718 -0.039782 0.038882 0.702141 0.709862
408.815569401 -3.974248 0.311271 3.002375 -0.038384 0.037031 0.702737 0.709448
408.979894400 -3.965546 0.310696 3.003082 -0.036945 0.034935 0.703110 0.709261
409.035790443 -3.956832 0.310640 3.002716 -0.032754 0.035042 0.702902 0.709667
409.201771021 -3.948816 0.309855 3.003206 -0.029690 0.034228 0.702520 0.710220
409.257404089 -3.940919 0.309576 3.004219 -0.027392 0.032676 0.701854 0.711043
409.418711185 -3.932974 0.309636 3.005727 -0.025946 0.030175 0.700699 0.712346
409.472370625 -3.925671 0.308451 3.008054 -0.026166 0.026328 0.699113 0.714047
409.638922930 -3.918808 0.306369 3.010474 -0.026831 0.022255 0.696849 0.716371
409.701732159 -3.912208 0.304439 3.012377 -0.026959 0.018920 0.694069 0.719154
409.867660761 -3.904611 0.303787 3.013842 -0.026111 0.016337 0.690463 0.722712
409.921178818 -3.897387 0.302787 3.015937 -0.026456 0.013068 0.686763 0.726282
410.083085299 -3.889666 0.302729 3.017668 -0.025284 0.011550 0.682617 0.730247
410.136501789 -3.882110 0.302700 3.020225 -0.024770 0.010028 0.678160 0.734429
410.296046972 -3.875113 0.301910 3.023336 -0.024766 0.008545 0.673328 0.738880
410.351796627 -3.868001 0.301767 3.026632 -0.023860 0.008346 0.668018 0.743716
410.509212494 -3.861397 0.300733 3.031085 -0.024712 0.007010 0.662556 0.748571
410.561596632 -3.855166 0.300440 3.034976 -0.024464 0.006884 0.657087 0.753386
410.717200279 -3.849480 0.300419 3.039425 -0.025319 0.006184 0.650474 0.759081
410.764717340 -3.845183 0.301347 3.043067 -0.025328 0.006673 0.642608 0.765748
410.917670250 -3.841400 0.300811 3.046804 -0.024854 0.007543 0.634602 0.772402
410.968633175 -3.837342 0.300475 3.051001 -0.024567 0.008457 0.627263 0.778374
411.124153376 -3.832679 0.300639 3.055847 -0.025010 0.009028 0.620879 0.783455
411.177586555 -3.827423 0.300999 3.061123 -0.027011 0.008038 0.616354 0.786965
411.333591938 -3.820207 0.303080 3.065783 -0.030722 0.005714 0.613435 0.789127
411.386677980 -3.811778 0.305294 3.069018 -0.034391 0.003420 0.610942 0.790921
411.540584564 -3.802717 0.307441 3.071680 -0.038567 0.000763 0.609166 0.792104
411.593174219 -3.792976 0.308801 3.073957 -0.042671 -0.001706 0.607880 0.792879
411.748052597 -3.783486 0.309529 3.075833 -0.045927 -0.003516 0.607588 0.792916
411.795055151 -3.773414 0.310448 3.077632 -0.048958 -0.004871 0.607448 0.792835
411.949091911 -3.763294 0.310543 3.079492 -0.050446 -0.004997 0.606974 0.793103
412.001520157 -3.753809 0.310662 3.081965 -0.051353 -0.004381 0.606327 0.793544
412.161037683 -3.744190 0.310547 3.085296 -0.051076 -0.002767 0.606104 0.793739
412.209289551 -3.735284 0.309285 3.088554 -0.049818 -0.000691 0.606199 0.793751
412.363754272 -3.725487 0.308273 3.092734 -0.049726 0.000952 0.606541 0.793495
412.412698030 -3.714659 0.306821 3.096853 -0.050116 0.002342 0.607282 0.792901
412.567937374 -3.704241 0.304660 3.100420 -0.050412 0.004184 0.607479 0.792723
412.616693020 -3.694346 0.300733 3.103621 -0.049172 0.007357 0.607478 0.792779
412.778165102 -3.684841 0.297094 3.106804 -0.047210 0.011829 0.607775 0.792616
412.827399015 -3.675386 0.293499 3.109798 -0.043537 0.018263 0.608645 0.792037
412.985256672 -3.666358 0.289255 3.112894 -0.038361 0.026231 0.609479 0.791439
413.036923170 -3.657623 0.285577 3.117087 -0.033889 0.033450 0.609983 0.790983
413.202416658 -3.649443 0.284508 3.122969 -0.032725 0.036431 0.609968 0.790911
413.258679867 -3.641134 0.285618 3.129373 -0.032528 0.037901 0.609780 0.790996
413.427910805 -3.634099 0.287307 3.135165 -0.032606 0.038332 0.609348 0.791304
413.480741262 -3.627308 0.288304 3.141076 -0.032636 0.038202 0.608758 0.791764
413.646724224 -3.621074 0.288889 3.147466 -0.033862 0.036274 0.608384 0.792090
413.701543808 -3.615285 0.288893 3.153541 -0.034870 0.034234 0.607875 0.792528
413.868394613 -3.609605 0.287787 3.158896 -0.034974 0.032918 0.607241 0.793065
413.923558235 -3.603220 0.287635 3.163224 -0.034179 0.030948 0.607966 0.792623
414.087238550 -3.595814 0.288236 3.166360 -0.031302 0.029736 0.609019 0.791979
414.141086102 -3.588055 0.288128 3.169364 -0.027727 0.028607 0.609661 0.791660
414.303287506 -3.579772 0.287476 3.172414 -0.023821 0.027207 0.609898 0.791654
414.357428074 -3.571399 0.286274 3.175480 -0.020079 0.025324 0.609931 0.791795
414.524862528 -3.563043 0.285128 3.178416 -0.016536 0.023152 0.609934 0.791942
414.580940485 -3.554957 0.284600 3.181520 -0.014216 0.020127 0.610163 0.791893
414.739830732 -3.547181 0.284681 3.184589 -0.012526 0.017070 0.610181 0.791979
414.793725014 -3.539741 0.284401 3.187589 -0.010879 0.014328 0.610030 0.792174
414.949428558 -3.532366 0.284368 3.190450 -0.008976 0.012148 0.609645 0.792531
415.004928589 -3.524850 0.284732 3.192973 -0.006053 0.011186 0.608775 0.793241
415.163006544 -3.517618 0.284893 3.196154 -0.004214 0.009908 0.607630 0.794147
415.218140125 -3.510527 0.285596 3.199903 -0.004180 0.007700 0.606285 0.795199
415.374621391 -3.503408 0.286111 3.203542 -0.004568 0.005330 0.604823 0.796329
415.429966688 -3.496154 0.286327 3.206874 -0.004866 0.003215 0.603132 0.797620
415.632375479 -3.488891 0.285939 3.210056 -0.004446 0.002029 0.600836 0.799358
415.685782671 -3.481762 0.285731 3.213778 -0.004883 0.000626 0.598409 0.801176
415.839940071 -3.474868 0.285473 3.217771 -0.006204 -0.001056 0.596041 0.802929
415.894750834 -3.467952 0.285011 3.221470 -0.007081 -0.002003 0.593519 0.804787
416.046870470 -3.460952 0.284495 3.224979 -0.007090 -0.001855 0.590710 0.806851
416.099839926 -3.453995 0.283726 3.228973 -0.007974 -0.002120 0.588156 0.808706
416.253767729 -3.446790 0.282771 3.233080 -0.009923 -0.003155 0.586331 0.810005
416.306971788 -3.438751 0.282390 3.236436 -0.010424 -0.003022 0.584960 0.810990
416.457604885 -3.430201 0.281586 3.239916 -0.010274 -0.002392 0.584171 0.811562
416.508843660 -3.421417 0.280270 3.243275 -0.009812 -0.001728 0.584158 0.811579
416.663260221 -3.412442 0.278611 3.247111 -0.010323 -0.001444 0.584103 0.811613
416.717655659 -3.403545 0.277231 3.251477 -0.012357 -0.001717 0.583789 0.811810
416.879372120 -3.395085 0.276168 3.255423 -0.013946 -0.001310 0.583196 0.812211
416.934351444 -3.386675 0.275498 3.259523 -0.015995 -0.000898 0.582480 0.812687
417.090186596 -3.378249 0.275113 3.263596 -0.018194 -0.000455 0.581749 0.813165
417.145879030 -3.369426 0.274891 3.267302 -0.019357 0.000677 0.581028 0.813653
417.302658558 -3.360485 0.274171 3.271197 -0.020636 0.001539 0.580558 0.813956
417.359557152 -3.351556 0.272769 3.275021 -0.021802 0.002441 0.580118 0.814237
417.520292044 -3.342695 0.271087 3.278922 -0.023208 0.003192 0.579549 0.814600
417.576187134 -3.334072 0.269509 3.283149 -0.025639 0.003194 0.578978 0.814934
417.738981962 -3.325447 0.268269 3.287112 -0.027393 0.003441 0.578323 0.815341
417.795753241 -3.316632 0.268169 3.290852 -0.028622 0.003669 0.577624 0.815793
417.958643198 -3.307730 0.268580 3.294343 -0.029037 0.003973 0.577000 0.816218
418.014157534 -3.299025 0.268552 3.297844 -0.029130 0.004258 0.576348 0.816674
418.179863691 -3.290553 0.268210 3.301612 -0.029804 0.003950 0.575774 0.817056
418.234686613 -3.282299 0.267709 3.305525 -0.030990 0.003171 0.575158 0.817449
418.400500774 -3.274156 0.267272 3.309364 -0.032214 0.002281 0.574388 0.817946
418.456569195 -3.266164 0.266779 3.313211 -0.033552 0.001032 0.573676 0.818395
418.618101597 -3.258066 0.266185 3.316845 -0.034132 -0.000318 0.573345 0.818603
418.674140215 -3.249623 0.266089 3.320138 -0.033343 -0.001167 0.573363 0.818622
418.835814238 -3.241230 0.266026 3.323560 -0.032404 -0.002098 0.573557 0.818522
418.890505075 -3.233117 0.265802 3.326918 -0.031516 -0.002811 0.573737 0.818428
419.048186541 -3.225311 0.266088 3.329989 -0.030276 -0.002758 0.573970 0.818312
419.103621006 -3.217858 0.266244 3.333083 -0.028962 -0.002328 0.574354 0.818092
419.264254570 -3.210679 0.266423 3.336502 -0.028556 -0.002253 0.574758 0.817822
419.318636417 -3.203626 0.266824 3.339910 -0.028656 -0.002198 0.575003 0.817646
419.479024172 -3.196590 0.267583 3.343080 -0.028310 -0.001443 0.575174 0.817540
419.533287525 -3.189899 0.268394 3.346610 -0.029148 -0.001118 0.575353 0.817385
419.696514130 -3.183469 0.268791 3.350096 -0.030428 -0.000628 0.575356 0.817336
419.756813288 -3.177251 0.268613 3.353389 -0.031586 0.000465 0.575214 0.817393
419.928186178 -3.171099 0.267925 3.356398 -0.031851 0.002606 0.574968 0.817551
419.989741802 -3.165088 0.267064 3.359775 -0.032467 0.004761 0.574802 0.817634
420.161144495 -3.159041 0.266740 3.363513 -0.034097 0.006504 0.574684 0.817639
420.221858501 -3.153230 0.265923 3.367380 -0.036245 0.008211 0.574391 0.817737
420.394736528 -3.147461 0.264496 3.371070 -0.037733 0.010543 0.573909 0.817982
420.457280397 -3.141354 0.263179 3.374586 -0.038070 0.013734 0.573210 0.818408
420.630662680 -3.134686 0.262924 3.378780 -0.039441 0.016159 0.572634 0.818702
420.685492754 -3.128155 0.262617 3.383324 -0.041759 0.017342 0.572464 0.818682
420.857384920 -3.121099 0.262528 3.387878 -0.043548 0.018256 0.572724 0.818387
420.912766695 -3.113627 0.262891 3.392402 -0.044941 0.018659 0.573355 0.817861
421.081427574 -3.105759 0.263132 3.396817 -0.045491 0.018738 0.574472 0.817045
421.136379719 -3.097786 0.262711 3.401124 -0.045434 0.018673 0.575615 0.816244
421.306401730 -3.089827 0.261802 3.405439 -0.045249 0.018221 0.576609 0.815563
421.362022877 -3.081849 0.260743 3.409655 -0.045066 0.017329 0.577295 0.815107
421.530160427 -3.073813 0.260034 3.413765 -0.045308 0.015652 0.577740 0.814812
421.585458279 -3.065520 0.259281 3.417406 -0.044468 0.014206 0.578117 0.814617
421.754665852 -3.057129 0.258888 3.420953 -0.043615 0.012607 0.578369 0.814511
421.809257507 -3.048763 0.258858 3.424392 -0.042733 0.011120 0.578580 0.814430
421.979365110 -3.040450 0.258801 3.427865 -0.041647 0.009832 0.578860 0.814303
422.033603430 -3.032259 0.258684 3.431503 -0.041153 0.008371 0.579074 0.814193
422.200012922 -3.024323 0.258256 3.435288 -0.041298 0.006760 0.579215 0.814100
422.252112865 -3.016327 0.257987 3.438883 -0.041356 0.005448 0.579217 0.814105
422.418426514 -3.008067 0.258139 3.442361 -0.041922 0.004132 0.579164 0.814122
422.473307610 -2.999720 0.257894 3.445756 -0.042483 0.003183 0.579154 0.814104
422.638204098 -2.991173 0.257418 3.449040 -0.042757 0.002719 0.579232 0.814036
422.694260597 -2.982402 0.256820 3.452243 -0.041970 0.003235 0.579347 0.813993
422.859627962 -2.973677 0.255740 3.455756 -0.041198 0.003808 0.579505 0.813918
422.913902998 -2.965091 0.254096 3.459443 -0.040465 0.004447 0.579681 0.813826
423.083306789 -2.956642 0.252525 3.463300 -0.039799 0.005216 0.579858 0.813728
423.138487101 -2.948393 0.251593 3.467551 -0.040127 0.005439 0.580090 0.813545
423.310066700 -2.940314 0.250956 3.471776 -0.040377 0.005885 0.580246 0.813418
423.365578175 -2.932202 0.251334 3.476013 -0.040663 0.006306 0.580433 0.813268
423.533234119 -2.924044 0.252046 3.480107 -0.040472 0.006980 0.580470 0.813245
423.586816311 -2.916063 0.251959 3.484323 -0.040361 0.007537 0.580476 0.813242
423.753873348 -2.908100 0.251237 3.488526 -0.040131 0.008171 0.580450 0.813265
423.807331800 -2.900128 0.249892 3.492832 -0.040017 0.008664 0.580384 0.813313
423.975693464 -2.892423 0.248498 3.497766 -0.041878 0.007653 0.580636 0.813049
424.030615330 -2.884768 0.247463 3.502464 -0.043876 0.006574 0.580884 0.812776
424.199545860 -2.876594 0.247370 3.506342 -0.044310 0.006461 0.581214 0.812518
424.252473116 -2.867926 0.247652 3.509951 -0.044155 0.006560 0.581740 0.812149
424.418361664 -2.859068 0.247235 3.513552 -0.043767 0.006606 0.582359 0.811726
424.472395182 -2.849992 0.246533 3.517049 -0.042970 0.006771 0.582849 0.811416
424.638322830 -2.840884 0.245623 3.520648 -0.041883 0.007158 0.583061 0.811316
424.691657543 -2.831913 0.244188 3.524373 -0.040829 0.007508 0.583158 0.811297
424.859133244 -2.823286 0.242878 3.528546 -0.040964 0.007098 0.583198 0.811266
424.911115646 -2.815065 0.241903 3.533040 -0.042250 0.006158 0.583213 0.811196
425.080202341 -2.806722 0.241835 3.537056 -0.043128 0.005866 0.583145 0.811201
425.133915186 -2.797971 0.242556 3.540651 -0.043421 0.006130 0.583191 0.811151
425.300828218 -2.788929 0.242929 3.544157 -0.043130 0.006757 0.583374 0.811030
425.354551554 -2.779658 0.242738 3.547728 -0.042571 0.007487 0.583630 0.810868
425.516134501 -2.770192 0.241768 3.551430 -0.042062 0.008124 0.583956 0.810654
425.564707756 -2.761766 0.240273 3.554877 -0.041946 0.008487 0.584213 0.810471
425.730947733 -2.752478 0.238022 3.558932 -0.042251 0.008776 0.584351 0.810353
425.784554720 -2.743726 0.235820 3.563150 -0.043536 0.008819 0.584213 0.810384
425.953506708 -2.735273 0.234400 3.567092 -0.044918 0.009301 0.583776 0.810618
426.008986473 -2.726599 0.234079 3.570645 -0.044835 0.011193 0.583210 0.811006
426.179517031 -2.717896 0.234390 3.574543 -0.044745 0.013157 0.582805 0.811272
426.234068871 -2.709339 0.233896 3.578728 -0.044741 0.014913 0.582545 0.811429
426.405223370 -2.700789 0.232921 3.583066 -0.044726 0.016504 0.582460 0.811460
426.460122585 -2.692313 0.231905 3.587647 -0.045305 0.017451 0.582546 0.811346
426.633644342 -2.684127 0.230884 3.592252 -0.046182 0.018028 0.582581 0.811259
426.689311981 -2.675824 0.230692 3.596339 -0.045952 0.019042 0.582627 0.811216
426.861540079 -2.667364 0.230877 3.600155 -0.044659 0.020478 0.582572 0.811293
426.914081335 -2.658933 0.230892 3.604179 -0.043450 0.021631 0.582509 0.811374
427.082042217 -2.650724 0.230457 3.608473 -0.042863 0.022089 0.582492 0.811405
427.135662079 -2.642785 0.229961 3.612959 -0.043078 0.021717 0.582509 0.811391
427.309346199 -2.635146 0.229034 3.617329 -0.043427 0.021072 0.582484 0.811408
427.362744570 -2.627577 0.228095 3.621433 -0.043417 0.020392 0.582461 0.811442
427.531576633 -2.620103 0.228027 3.625560 -0.044368 0.018959 0.582248 0.811578
427.582401752 -2.612519 0.228341 3.629239 -0.045119 0.017603 0.581823 0.811872
427.754099607 -2.604805 0.228386 3.632716 -0.045580 0.016346 0.581343 0.812216
427.805654526 -2.597144 0.228193 3.636413 -0.046955 0.014462 0.580864 0.812516
427.974795580 -2.589793 0.227327 3.640389 -0.049462 0.011812 0.580445 0.812710
428.026611805 -2.581823 0.227332 3.643465 -0.050111 0.010120 0.580135 0.812914
428.197838068 -2.573475 0.228346 3.646490 -0.050719 0.008237 0.580039 0.812967
428.249017715 -2.564802 0.229551 3.649388 -0.050881 0.006406 0.580054 0.812963
428.417770863 -2.555925 0.230377 3.652384 -0.051036 0.004388 0.580152 0.812896
428.467962265 -2.546866 0.230682 3.655376 -0.051094 0.002284 0.580259 0.812824
428.637370586 -2.537736 0.230384 3.658431 -0.051209 0.000039 0.580380 0.812734
428.689202070 -2.528615 0.229575 3.661487 -0.051325 -0.002233 0.580533 0.812615
428.858884573 -2.519775 0.228375 3.664585 -0.051357 -0.004386 0.580696 0.812487
428.910940886 -2.511237 0.227546 3.667613 -0.050697 -0.005854 0.580888 0.812382
429.079335213 -2.503021 0.227534 3.670939 -0.050243 -0.007230 0.581126 0.812229
429.131226301 -2.495173 0.227259 3.674514 -0.050025 -0.008621 0.581343 0.812074
429.297571659 -2.487349 0.227221 3.678023 -0.049355 -0.009688 0.581493 0.811995
429.348930597 -2.479406 0.227398 3.681546 -0.048526 -0.010772 0.581624 0.811937
429.512593985 -2.471436 0.227698 3.685299 -0.048553 -0.012396 0.581814 0.811777
429.565542936 -2.463509 0.227332 3.689024 -0.048747 -0.013922 0.582008 0.811601
429.731574059 -2.455366 0.226662 3.692544 -0.048274 -0.014728 0.582233 0.811454
429.782246828 -2.447040 0.225758 3.696089 -0.047175 -0.014949 0.582463 0.811349
429.943919897 -2.438791 0.224318 3.699766 -0.045781 -0.015116 0.582755 0.811217
429.994821310 -2.430479 0.223083 3.703492 -0.044242 -0.015426 0.583025 0.811102
430.164773703 -2.422118 0.222311 3.707285 -0.043116 -0.016064 0.583286 0.810963
430.215202093 -2.413706 0.221438 3.710908 -0.041162 -0.016213 0.583446 0.810946
430.377779484 -2.405453 0.221237 3.715104 -0.040189 -0.016964 0.583566 0.810893
430.429700851 -2.397484 0.221526 3.719684 -0.040553 -0.018283 0.583778 0.810694
430.593963861 -2.389594 0.221110 3.723849 -0.039871 -0.018492 0.583876 0.810652
430.646340370 -2.381599 0.220397 3.728011 -0.038967 -0.018230 0.583921 0.810670
430.809305191 -2.373486 0.219255 3.732173 -0.038033 -0.017858 0.583987 0.810675
430.860967398 -2.364918 0.218948 3.736154 -0.036815 -0.017322 0.584062 0.810689
431.025022507 -2.356272 0.218946 3.740316 -0.035956 -0.017053 0.584252 0.810596
431.077101946 -2.347722 0.218606 3.744455 -0.034825 -0.016601 0.584448 0.810513
431.241102457 -2.339180 0.217997 3.748579 -0.033622 -0.015976 0.584635 0.810442
431.293340445 -2.330512 0.217176 3.752654 -0.032334 -0.015077 0.584786 0.810403
431.456744194 -2.321748 0.216164 3.756825 -0.031486 -0.014140 0.584953 0.810332
431.509295940 -2.312973 0.214955 3.761078 -0.031276 -0.013242 0.585179 0.810192
431.675124168 -2.304307 0.213168 3.765267 -0.031028 -0.012131 0.585448 0.810025
431.728952885 -2.295649 0.211232 3.769162 -0.029901 -0.010343 0.585810 0.809831
431.895183325 -2.286790 0.210064 3.772785 -0.027231 -0.007388 0.586310 0.809595
431.948481083 -2.278063 0.209364 3.776756 -0.024645 -0.004216 0.586983 0.809213
432.115513563 -2.269667 0.208757 3.781115 -0.022659 -0.001132 0.587619 0.808820
432.168473005 -2.261783 0.207873 3.786118 -0.022223 0.001235 0.588245 0.808376
432.335419178 -2.254172 0.206805 3.791492 -0.023131 0.002881 0.588916 0.807858
432.388600111 -2.246143 0.205905 3.795993 -0.022483 0.005590 0.589546 0.807402
432.559852362 -2.237674 0.205065 3.799996 -0.020628 0.009071 0.590044 0.807057
432.613984346 -2.229054 0.203917 3.804120 -0.018354 0.012534 0.590346 0.806844
432.785561085 -2.220661 0.203267 3.808991 -0.017531 0.014515 0.590486 0.806727
432.840072632 -2.212818 0.203282 3.814453 -0.018411 0.014808 0.590611 0.806611
433.013098478 -2.205342 0.203676 3.819942 -0.019932 0.014153 0.590934 0.806350
433.067102432 -2.197757 0.204318 3.824661 -0.020273 0.013695 0.591669 0.805810
433.236635685 -2.190076 0.204701 3.828777 -0.019594 0.013510 0.592618 0.805132
433.289089203 -2.182300 0.204949 3.832691 -0.018269 0.013294 0.593746 0.804335
433.459305286 -2.174691 0.204771 3.836759 -0.017044 0.012623 0.594907 0.803515
433.512890100 -2.167309 0.204181 3.840888 -0.015839 0.011768 0.595653 0.802999
433.679285288 -2.160102 0.203832 3.845333 -0.015542 0.010068 0.596039 0.802742
433.733045816 -2.153085 0.203759 3.850028 -0.016276 0.007506 0.596294 0.802566
433.899128914 -2.145999 0.204147 3.854244 -0.016546 0.005268 0.596363 0.802527
433.952546358 -2.138710 0.204373 3.857911 -0.015793 0.003821 0.596313 0.802587
434.114807844 -2.131213 0.203900 3.861409 -0.014620 0.002760 0.596239 0.802669
434.168512106 -2.123337 0.202893 3.864701 -0.012613 0.002505 0.595908 0.802950
434.334455013 -2.115067 0.201982 3.868318 -0.010606 0.002450 0.595421 0.803340
434.389234304 -2.106915 0.201390 3.872559 -0.009849 0.001662 0.594946 0.803704
434.553824902 -2.099087 0.201260 3.877167 -0.010150 0.000339 0.594541 0.804001
434.607754946 -2.091477 0.201512 3.881768 -0.010671 -0.000963 0.594184 0.804258
434.778038263 -2.083964 0.201735 3.886075 -0.010604 -0.001771 0.593753 0.804575
434.832894087 -2.076387 0.201265 3.889888 -0.009079 -0.001481 0.593226 0.804984
434.996814728 -2.068600 0.200574 3.893871 -0.007357 -0.000977 0.592728 0.805368
435.051296234 -2.061188 0.199022 3.898464 -0.006721 -0.000988 0.592196 0.805766
435.215402365 -2.054035 0.197908 3.903476 -0.007107 -0.001565 0.591702 0.806124
435.267624140 -2.046734 0.197850 3.908145 -0.006900 -0.001801 0.591516 0.806262
435.430008650 -2.039170 0.198292 3.912452 -0.005891 -0.001614 0.591745 0.806102
435.484871387 -2.031440 0.198346 3.916494 -0.004090 -0.000742 0.591982 0.805940
435.648999214 -2.023745 0.197934 3.920559 -0.001874 0.000572 0.592368 0.805665
435.703672647 -2.016257 0.197418 3.924921 0.000061 0.001755 0.592860 0.805303
435.868804932 -2.009295 0.197270 3.930087 0.000225 0.001667 0.593517 0.804820
435.923054695 -2.002604 0.197585 3.935334 0.000055 0.001239 0.594400 0.804168
436.084570169 -1.995988 0.198507 3.940326 0.000311 0.001292 0.595329 0.803481
436.138362169 -1.989539 0.198740 3.945152 0.001140 0.001869 0.596322 0.802742
436.302092552 -1.983355 0.198046 3.950083 0.001930 0.002417 0.597348 0.801976
436.356764555 -1.977421 0.197701 3.955171 0.002283 0.002414 0.598498 0.801117
436.524250746 -1.971342 0.198788 3.959890 0.002984 0.002593 0.599598 0.800292
436.580358028 -1.965303 0.200089 3.964663 0.003124 0.002443 0.600697 0.799467
436.743231297 -1.959645 0.199847 3.969800 0.002384 0.001753 0.601842 0.798609
436.807452917 -1.953803 0.199127 3.974333 0.003328 0.002215 0.602891 0.797813
436.974823475 -1.948150 0.199914 3.978190 0.004864 0.003020 0.603659 0.797222
437.027348995 -1.942040 0.201002 3.983078 0.004393 0.002324 0.604608 0.796508
437.194258451 -1.936380 0.201490 3.987578 0.003501 0.001507 0.605308 0.795982
437.254038811 -1.930428 0.201063 3.991924 0.003031 0.000972 0.605979 0.795474
437.422275782 -1.924167 0.200689 3.995599 0.003887 0.001095 0.606581 0.795011
437.477590322 -1.917724 0.201175 3.999275 0.004101 0.000685 0.606917 0.794754
437.638468981 -1.910891 0.201558 4.003131 0.003389 -0.000284 0.606943 0.794738
437.693254709 -1.904101 0.201234 4.006838 0.002297 -0.001349 0.606695 0.794931
437.857769728 -1.897137 0.200518 4.010197 0.001697 -0.002032 0.606423 0.795138
437.912394285 -1.889973 0.200191 4.013069 0.002312 -0.001791 0.606080 0.795398
438.073190451 -1.882815 0.200493 4.016245 0.002296 -0.002021 0.605684 0.795700
438.125513077 -1.875835 0.200462 4.019743 0.001329 -0.003008 0.605228 0.796045
438.286352873 -1.869023 0.199819 4.023207 0.000120 -0.004155 0.604563 0.796547
438.341181755 -1.862035 0.199567 4.026102 0.000182 -0.004366 0.603466 0.797377
438.505786419 -1.855133 0.200077 4.029009 0.000205 -0.004778 0.602687 0.797963
438.558750153 -1.848033 0.201863 4.031723 0.000595 -0.005153 0.602261 0.798283
438.719122648 -1.840967 0.203769 4.034355 0.001271 -0.005437 0.602203 0.798323
438.775871754 -1.834164 0.204973 4.036774 0.002774 -0.005042 0.602114 0.798389
438.940336704 -1.827377 0.205146 4.039516 0.004524 -0.004515 0.602059 0.798426
438.999650002 -1.821047 0.204541 4.042591 0.005805 -0.004458 0.602014 0.798452
439.164514780 -1.814574 0.205000 4.045851 0.006594 -0.004734 0.601846 0.798571
439.223919153 -1.808068 0.206054 4.049307 0.006888 -0.005158 0.601527 0.798806
439.388864517 -1.801732 0.206626 4.052784 0.007222 -0.005308 0.601113 0.799113
439.447550058 -1.795618 0.205908 4.056315 0.007762 -0.005209 0.600557 0.799527
439.612586021 -1.789460 0.205187 4.060139 0.007535 -0.005761 0.600280 0.799734
439.668129921 -1.783071 0.205662 4.063885 0.006668 -0.006699 0.600059 0.799900
439.825643063 -1.776123 0.206464 4.067702 0.005455 -0.007737 0.599752 0.800130
439.878578186 -1.769214 0.206245 4.071267 0.004529 -0.008371 0.599165 0.800569
440.037104130 -1.762122 0.205278 4.074755 0.003863 -0.008900 0.598227 0.801268
440.089353800 -1.754783 0.204547 4.078392 0.002454 -0.010218 0.597436 0.801848
440.245942593 -1.747374 0.204016 4.082143 0.000257 -0.012240 0.597257 0.801956
440.297788858 -1.739714 0.203805 4.085420 -0.001352 -0.013697 0.597204 0.801971
440.465024233 -1.731816 0.203424 4.088357 -0.002159 -0.014373 0.597104 0.802032
440.516802311 -1.723736 0.202470 4.091335 -0.002712 -0.014858 0.597152 0.801986
440.675279379 -1.715367 0.201303 4.094191 -0.002522 -0.014819 0.597122 0.802009
440.729376078 -1.706752 0.199985 4.097155 -0.001648 -0.014453 0.597019 0.802095
440.887906313 -1.698172 0.199057 4.100589 -0.001366 -0.014868 0.597218 0.801940
440.942370415 -1.689886 0.198900 4.104003 -0.001091 -0.015395 0.597563 0.801673
441.101984262 -1.681805 0.199641 4.106885 0.000529 -0.014669 0.597758 0.801542
441.153792620 -1.673955 0.200681 4.109606 0.003305 -0.012965 0.597910 0.801452
441.311653376 -1.666467 0.201338 4.112766 0.005949 -0.011289 0.598135 0.801294
441.366123915 -1.659591 0.201516 4.116710 0.007093 -0.010674 0.598483 0.801033
441.523375988 -1.653204 0.202144 4.120969 0.006916 -0.010873 0.598787 0.800805
441.574694395 -1.646687 0.204029 4.124634 0.007324 -0.010447 0.598787 0.800807
441.734107256 -1.640279 0.205447 4.128215 0.008094 -0.009599 0.598668 0.800899
441.794700146 -1.634123 0.205984 4.131959 0.008653 -0.008776 0.598487 0.801037
441.957153559 -1.628258 0.206389 4.135963 0.008316 -0.008510 0.598271 0.801206
442.015631437 -1.622354 0.207379 4.139798 0.007695 -0.008282 0.598112 0.801333
442.177162886 -1.616184 0.208444 4.143174 0.007973 -0.007221 0.597667 0.801672
442.235105038 -1.609984 0.208736 4.146678 0.008290 -0.006111 0.596978 0.802192
442.397246599 -1.603897 0.208517 4.150532 0.007734 -0.005634 0.596233 0.802754
442.456132412 -1.597929 0.208241 4.154802 0.005698 -0.006287 0.595684 0.803174
442.620708227 -1.591858 0.208050 4.158762 0.003827 -0.006829 0.595287 0.803475
442.679220676 -1.585530 0.208062 4.162323 0.002733 -0.006946 0.594808 0.803833
442.844925642 -1.578979 0.208419 4.165624 0.002369 -0.006630 0.594089 0.804368
442.894454718 -1.572477 0.210819 4.169345 0.000071 -0.008935 0.594442 0.804089
443.047183037 -1.565133 0.214736 4.173903 -0.003954 -0.014302 0.596359 0.802581
443.095303774 -1.558723 0.215677 4.177540 -0.005989 -0.017846 0.597903 0.801347
443.243802547 -1.550931 0.217022 4.181375 -0.007255 -0.021823 0.599942 0.799713
443.291435003 -1.542789 0.218046 4.184444 -0.006649 -0.024862 0.601705 0.798304
443.440855742 -1.534757 0.216515 4.186675 -0.003344 -0.025757 0.602802 0.797468
443.488664865 -1.527342 0.213284 4.188085 0.002324 -0.024357 0.603339 0.797110
443.634400606 -1.519567 0.209949 4.189449 0.010458 -0.020871 0.602790 0.797559
443.683888197 -1.515153 0.210595 4.191906 0.016243 -0.017741 0.598535 0.800735
443.839780807 -1.511423 0.213487 4.194278 0.020054 -0.015681 0.595767 0.802754
443.904694080 -1.508497 0.215613 4.197018 0.022882 -0.014224 0.593176 0.804622
444.068862677 -1.505991 0.215919 4.200406 0.023528 -0.014393 0.591432 0.805883
444.135374069 -1.503801 0.214703 4.203880 0.022279 -0.015906 0.589964 0.806965
444.293072939 -1.501793 0.212748 4.207236 0.019798 -0.018003 0.587713 0.808627
444.358964920 -1.499064 0.211017 4.209734 0.017672 -0.019748 0.585676 0.810112
444.528018951 -1.495068 0.210987 4.211725 0.017600 -0.019806 0.582887 0.812121
444.587795734 -1.490369 0.211950 4.214225 0.018639 -0.018857 0.578819 0.815025
444.743474722 -1.486131 0.212217 4.217547 0.018525 -0.018573 0.574382 0.818167
444.797332525 -1.482159 0.211346 4.221517 0.016840 -0.019273 0.569663 0.821480
444.947045565 -1.478461 0.210009 4.225488 0.013966 -0.020575 0.564576 0.825006
444.997247458 -1.474151 0.209232 4.229474 0.011573 -0.021374 0.558766 0.828969
445.148511171 -1.469325 0.209130 4.233596 0.009785 -0.021724 0.552522 0.833157
445.197424412 -1.464083 0.209180 4.238136 0.008302 -0.021786 0.545782 0.837603
445.345101357 -1.458639 0.209790 4.242834 0.007625 -0.021176 0.538900 0.842069
445.394303799 -1.453528 0.210046 4.248128 0.006507 -0.020683 0.531960 0.846492
445.545791864 -1.448328 0.210331 4.253434 0.005714 -0.019940 0.525107 0.850784
445.598151445 -1.443319 0.210296 4.259022 0.004617 -0.019350 0.518309 0.854962
445.754039049 -1.438476 0.209873 4.264689 0.003184 -0.018999 0.511575 0.859023
445.806261778 -1.433551 0.209832 4.270266 0.001992 -0.018666 0.504985 0.862924
445.968996048 -1.428364 0.210120 4.275763 0.001292 -0.018258 0.498401 0.866753
446.027689695 -1.423429 0.211047 4.280481 0.001652 -0.017581 0.492527 0.870118
446.191302061 -1.418894 0.211509 4.285005 0.001856 -0.017225 0.487435 0.872988
446.258557796 -1.414005 0.212209 4.290027 0.001470 -0.017336 0.483515 0.875163
446.432238579 -1.409223 0.213053 4.295518 -0.000149 -0.018577 0.480577 0.876756
446.496457815 -1.404751 0.213627 4.301240 -0.002762 -0.020461 0.478045 0.878093
446.667848825 -1.400282 0.214284 4.306921 -0.005696 -0.022724 0.475898 0.879188
446.734685183 -1.395262 0.214802 4.312068 -0.007117 -0.024490 0.474322 0.879982
446.906044006 -1.390122 0.215228 4.317183 -0.008319 -0.026031 0.473085 0.880593
446.970434904 -1.384694 0.215996 4.322048 -0.008590 -0.026794 0.471973 0.881164
447.134767532 -1.379257 0.216573 4.326861 -0.007986 -0.026746 0.471078 0.881650
447.197958469 -1.374032 0.217183 4.331768 -0.006931 -0.025971 0.470149 0.882177
447.363748312 -1.369437 0.217945 4.336464 -0.005572 -0.024702 0.468106 0.883309
447.426941395 -1.365898 0.218593 4.341256 -0.004137 -0.022927 0.464767 0.885126
447.598072767 -1.362834 0.219051 4.346426 -0.002792 -0.020994 0.460710 0.887298
447.658740282 -1.359988 0.219351 4.351795 -0.001749 -0.019206 0.456217 0.889660
447.820169687 -1.357301 0.219114 4.357924 -0.002346 -0.018202 0.451072 0.892299
447.878510952 -1.354808 0.218431 4.364161 -0.003977 -0.017862 0.445740 0.894975
448.044275284 -1.351632 0.218024 4.370072 -0.004687 -0.017340 0.440212 0.897714
448.102070093 -1.347875 0.218339 4.375914 -0.003995 -0.016454 0.434623 0.900453
448.264612436 -1.344791 0.217854 4.382178 -0.004717 -0.016369 0.429175 0.903061
448.323345423 -1.341644 0.217035 4.388318 -0.005796 -0.016630 0.423530 0.905711
448.490584612 -1.338100 0.216886 4.394404 -0.005959 -0.016740 0.417584 0.908464
448.548580170 -1.334373 0.217383 4.400248 -0.005262 -0.016794 0.411762 0.911122
448.715552568 -1.330724 0.218234 4.405995 -0.004004 -0.016768 0.406099 0.913667
448.770636082 -1.327735 0.218564 4.411933 -0.003382 -0.017037 0.400596 0.916090
448.935841084 -1.325202 0.218770 4.418002 -0.002977 -0.017378 0.394947 0.918535
448.994070053 -1.322464 0.219833 4.423709 -0.001380 -0.017344 0.389796 0.920737
449.172003269 -1.319389 0.220911 4.429890 0.000273 -0.017592 0.385698 0.922457
449.237724543 -1.316216 0.221753 4.436624 0.000886 -0.018908 0.382986 0.923560
449.407980204 -1.312984 0.222832 4.443703 0.000483 -0.020763 0.381032 0.924328
449.468526840 -1.309523 0.223384 4.450760 0.000286 -0.022695 0.379625 0.924862
449.631699800 -1.305874 0.223927 4.457844 -0.000142 -0.024706 0.378473 0.925283
449.693313360 -1.301682 0.223925 4.464727 0.000501 -0.026288 0.377583 0.925602
449.864046812 -1.296751 0.224508 4.471687 0.001491 -0.027656 0.377017 0.925792
449.923215151 -1.291654 0.224896 4.478850 0.002131 -0.029047 0.376653 0.925896
450.089789391 -1.286468 0.224560 4.485947 0.003345 -0.030131 0.376242 0.926025
450.150165558 -1.281966 0.224009 4.493121 0.004069 -0.031220 0.374867 0.926544
450.318923712 -1.278210 0.223695 4.500098 0.004663 -0.031809 0.372266 0.927569
450.379498720 -1.275022 0.224074 4.507044 0.005193 -0.031958 0.368780 0.928953
450.542780876 -1.272368 0.224896 4.514279 0.005472 -0.031757 0.364625 0.930597
450.601152658 -1.270322 0.225490 4.521734 0.005452 -0.031260 0.359878 0.932460
450.763077736 -1.268214 0.226621 4.529122 0.006873 -0.029817 0.354149 0.934688
450.824251890 -1.266234 0.227681 4.536876 0.008934 -0.027906 0.347667 0.937160
450.988208532 -1.264791 0.228523 4.544838 0.009741 -0.026410 0.341337 0.939519
451.050570488 -1.263858 0.228542 4.553286 0.009600 -0.025101 0.334798 0.941906
451.212612629 -1.263278 0.227776 4.561830 0.008888 -0.023852 0.328086 0.944305
451.271101952 -1.262314 0.227218 4.570367 0.008043 -0.022555 0.321359 0.946655
451.435487032 -1.260655 0.226307 4.579439 0.006712 -0.021473 0.315885 0.948531
451.497654676 -1.258223 0.225371 4.588516 0.004778 -0.021385 0.312990 0.949504
451.665757656 -1.254889 0.224910 4.597642 0.002882 -0.021578 0.311786 0.949903
451.727488279 -1.250551 0.224609 4.606436 0.002291 -0.021511 0.311391 0.950036
451.898864508 -1.245874 0.224052 4.615175 0.002045 -0.021584 0.311677 0.949941
451.959410906 -1.240999 0.223493 4.623788 0.002190 -0.021841 0.312554 0.949646
452.128257036 -1.236095 0.223419 4.632242 0.002465 -0.022202 0.313381 0.949365
452.188185215 -1.231459 0.223464 4.640627 0.002665 -0.022515 0.313635 0.949273
452.359135151 -1.227443 0.223619 4.649046 0.002732 -0.022822 0.312810 0.949537
452.420003891 -1.224238 0.224072 4.657570 0.002151 -0.023098 0.310902 0.950159
452.588279724 -1.221168 0.224807 4.665935 0.001399 -0.023589 0.308844 0.950819
452.646533728 -1.217734 0.225248 4.674342 0.000621 -0.024576 0.307728 0.951157
452.817340374 -1.214000 0.225459 4.682694 -0.000033 -0.025650 0.307335 0.951255
452.878453493 -1.210082 0.225582 4.690833 -0.000098 -0.026545 0.306951 0.951355
453.046697140 -1.206487 0.225630 4.698414 0.000578 -0.027187 0.305523 0.951796
453.108843327 -1.203593 0.226893 4.705540 0.001824 -0.027471 0.302812 0.952652
453.277659893 -1.201212 0.228888 4.712544 0.003555 -0.027624 0.299538 0.953678
453.337322950 -1.199666 0.231322 4.719819 0.004116 -0.028144 0.295785 0.954831
453.500747919 -1.199182 0.232806 4.727453 0.002979 -0.029059 0.291575 0.956102
453.562677622 -1.199229 0.232759 4.735140 0.001699 -0.029842 0.286908 0.957492
453.725977182 -1.199526 0.232399 4.742722 -0.000283 -0.030669 0.281836 0.958972
453.787067175 -1.198687 0.233094 4.749878 0.000053 -0.030826 0.276387 0.960552
453.950743675 -1.197375 0.234504 4.756661 0.001927 -0.030505 0.271003 0.962093
454.015909910 -1.196547 0.235200 4.763338 0.002655 -0.030567 0.266019 0.963479
454.185449600 -1.196279 0.235204 4.770303 0.001843 -0.031034 0.261009 0.964836
454.254445314 -1.195643 0.235613 4.776588 0.002155 -0.031101 0.256413 0.966064
454.426187515 -1.194676 0.236116 4.782377 0.002986 -0.031025 0.252179 0.967178
454.494874954 -1.192842 0.237713 4.787648 0.005599 -0.030338 0.248799 0.968064
454.667784691 -1.190643 0.239542 4.793483 0.007932 -0.029932 0.247408 0.968417
454.730436802 -1.188266 0.241545 4.800507 0.009466 -0.030411 0.247661 0.968323
454.892229080 -1.186421 0.242877 4.808196 0.009235 -0.031392 0.248610 0.968051
454.953326702 -1.184728 0.243451 4.816029 0.008684 -0.032432 0.249723 0.967735
455.112295151 -1.182380 0.244386 4.823818 0.009225 -0.033183 0.250927 0.967393
455.174789429 -1.179656 0.245700 4.831702 0.009884 -0.033873 0.251966 0.967093
455.333606720 -1.177469 0.246430 4.839514 0.010149 -0.034547 0.251791 0.967112
455.395521402 -1.176185 0.247347 4.847414 0.009298 -0.035149 0.250387 0.967463
455.563435555 -1.175074 0.249240 4.855312 0.008645 -0.035462 0.247457 0.968211
455.623565435 -1.174043 0.251419 4.863303 0.008114 -0.035819 0.243559 0.969190
455.781433344 -1.173891 0.251518 4.871545 0.006339 -0.036550 0.239627 0.970156
455.844386101 -1.174210 0.250885 4.879805 0.003061 -0.037741 0.235771 0.971071
456.004414320 -1.173357 0.250529 4.887602 0.002228 -0.038380 0.231518 0.972071
456.067285299 -1.172136 0.250722 4.895398 0.001701 -0.039046 0.226582 0.973208
456.226641893 -1.171402 0.250969 4.903622 0.000540 -0.039707 0.220688 0.974536
456.290075779 -1.171394 0.250429 4.912258 -0.001941 -0.040581 0.214284 0.975926
456.447817564 -1.171456 0.249805 4.921156 -0.003989 -0.041102 0.206909 0.977488
456.508054018 -1.171137 0.250210 4.929663 -0.004848 -0.041156 0.199598 0.979001
456.665054321 -1.170268 0.251022 4.937924 -0.003890 -0.040780 0.192771 0.980388
456.729830742 -1.169489 0.252096 4.946883 -0.003033 -0.040245 0.185821 0.981754
456.891044617 -1.169047 0.252756 4.955608 -0.002815 -0.039635 0.180225 0.982823
456.955494165 -1.168553 0.253192 4.964838 -0.003072 -0.039380 0.176327 0.983539
457.118821859 -1.167586 0.253647 4.974444 -0.003397 -0.039380 0.174332 0.983893
457.183089256 -1.166753 0.254239 4.984261 -0.004364 -0.039562 0.172970 0.984123
457.346219301 -1.165886 0.254795 4.994135 -0.005393 -0.039770 0.172118 0.984258
457.411070824 -1.164788 0.254841 5.004010 -0.005717 -0.039818 0.171818 0.984307
457.574109793 -1.162985 0.254812 5.013684 -0.003905 -0.039200 0.171546 0.984388
457.634321928 -1.161702 0.254549 5.022997 -0.002765 -0.038405 0.171113 0.984499
457.792464733 -1.160742 0.254310 5.033069 -0.002210 -0.037463 0.170725 0.984604
457.852316618 -1.160039 0.254669 5.043289 -0.002614 -0.036660 0.170547 0.984664
458.013466597 -1.159424 0.255701 5.053509 -0.003172 -0.036087 0.169965 0.984784
458.071205854 -1.159735 0.255991 5.063808 -0.005258 -0.035863 0.168901 0.984966
458.231169939 -1.161057 0.256184 5.074221 -0.009206 -0.035930 0.167511 0.985172
458.290152311 -1.162900 0.256018 5.084708 -0.013840 -0.036213 0.165859 0.985387
458.447717667 -1.164584 0.255799 5.095069 -0.017633 -0.036406 0.163837 0.985658
458.508199930 -1.164643 0.256511 5.105711 -0.016791 -0.035598 0.160436 0.986261
458.672521353 -1.164418 0.257369 5.115430 -0.015656 -0.034762 0.157366 0.986804
458.734973431 -1.163891 0.258827 5.125493 -0.015809 -0.034767 0.155703 0.987065
458.900660276 -1.162933 0.259633 5.135133 -0.015548 -0.034852 0.154865 0.987198
458.966029167 -1.161540 0.260041 5.144960 -0.015224 -0.035072 0.154551 0.987245
459.129596472 -1.159967 0.260319 5.154714 -0.015060 -0.035444 0.154537 0.987236
459.194650412 -1.158471 0.261087 5.164318 -0.015702 -0.036143 0.154865 0.987149
459.360255480 -1.156926 0.261883 5.173725 -0.015991 -0.036780 0.154975 0.987104
459.422709703 -1.155434 0.263011 5.183102 -0.016690 -0.037632 0.155064 0.987046
459.587132454 -1.154219 0.264131 5.192482 -0.018583 -0.038812 0.154996 0.986977
459.652368069 -1.153145 0.264773 5.201779 -0.020734 -0.039964 0.154641 0.986944
459.818368196 -1.152059 0.265291 5.210962 -0.022670 -0.040960 0.154173 0.986934
459.883008003 -1.150959 0.266409 5.220010 -0.024478 -0.041796 0.153872 0.986903
460.047089815 -1.149656 0.267620 5.228978 -0.025527 -0.042359 0.153411 0.986924
460.112689972 -1.148314 0.268450 5.238012 -0.026372 -0.042787 0.152761 0.986984
460.275368929 -1.146716 0.269370 5.247093 -0.026652 -0.043074 0.152063 0.987072
460.339839935 -1.145087 0.270668 5.256265 -0.027061 -0.043407 0.151439 0.987142
460.502734661 -1.143720 0.272080 5.265489 -0.028271 -0.043774 0.151000 0.987159
460.566763639 -1.142490 0.272892 5.274779 -0.029906 -0.044115 0.150896 0.987112
460.733729839 -1.140965 0.273419 5.284043 -0.031168 -0.044282 0.151079 0.987037
460.798221350 -1.138852 0.274007 5.293319 -0.031168 -0.044150 0.151420 0.986991
460.959294319 -1.136675 0.274216 5.302781 -0.030570 -0.043841 0.151741 0.986974
461.022969961 -1.134729 0.274667 5.312336 -0.030454 -0.043552 0.152084 0.986938
461.187003136 -1.132809 0.275998 5.321878 -0.030406 -0.043221 0.152570 0.986879
461.252773523 -1.131052 0.277223 5.331476 -0.030439 -0.042870 0.152935 0.986837
461.416589499 -1.129401 0.278560 5.341091 -0.030702 -0.042418 0.153123 0.986819
461.480041742 -1.128028 0.279770 5.350855 -0.031923 -0.042016 0.153349 0.986762
461.642704010 -1.126618 0.280305 5.360946 -0.033339 -0.041630 0.153815 0.986659
461.704535961 -1.124721 0.280559 5.369987 -0.033594 -0.041076 0.154317 0.986595
461.864713430 -1.122176 0.280741 5.379830 -0.033176 -0.040435 0.154893 0.986546
461.926519871 -1.119697 0.280548 5.389750 -0.032909 -0.039946 0.155544 0.986472
462.088295937 -1.117344 0.280060 5.399733 -0.032543 -0.039613 0.156162 0.986400
462.149840832 -1.114919 0.280513 5.409661 -0.031873 -0.039459 0.156831 0.986322
462.311592340 -1.112641 0.281205 5.419607 -0.030945 -0.039576 0.157762 0.986198
462.373933554 -1.110703 0.282031 5.429487 -0.030424 -0.039774 0.158608 0.986071
462.533344984 -1.108780 0.283537 5.439229 -0.030406 -0.040081 0.159275 0.985952
462.597061872 -1.106435 0.284874 5.449456 -0.029725 -0.040457 0.159987 0.985842
462.760688305 -1.104079 0.285563 5.459005 -0.028862 -0.040937 0.160532 0.985759
462.826769114 -1.101783 0.285716 5.468597 -0.028186 -0.041570 0.160956 0.985683
462.995468616 -1.099837 0.285657 5.478293 -0.028208 -0.042449 0.161541 0.985549
463.063024998 -1.098104 0.285857 5.488031 -0.028612 -0.043503 0.162333 0.985361
463.234856844 -1.095982 0.286687 5.497575 -0.027806 -0.044297 0.162965 0.985245
463.302956104 -1.094121 0.287206 5.507075 -0.027070 -0.044951 0.163251 0.985188
463.469238758 -1.092435 0.287303 5.516539 -0.026268 -0.045534 0.163293 0.985176
463.532975674 -1.091026 0.287117 5.525993 -0.025951 -0.046294 0.163254 0.985156
463.698594570 -1.089799 0.287187 5.535408 -0.026524 -0.047436 0.163285 0.985081
463.764363289 -1.088865 0.288121 5.544777 -0.028878 -0.049273 0.163396 0.984906
463.927497387 -1.087800 0.288827 5.553997 -0.031483 -0.051446 0.163588 0.984683
463.994952440 -1.086498 0.289276 5.563032 -0.034168 -0.053792 0.163769 0.984438
464.160764933 -1.084776 0.289621 5.571889 -0.036398 -0.056153 0.163923 0.984201
464.228248596 -1.082365 0.290405 5.580579 -0.037633 -0.058397 0.163884 0.984030
464.392662525 -1.079658 0.291280 5.589337 -0.037974 -0.060425 0.163592 0.983943
464.460062265 -1.077405 0.292441 5.598102 -0.039210 -0.062297 0.162803 0.983909
464.625266790 -1.075477 0.293516 5.606817 -0.040850 -0.064060 0.161735 0.983905
464.692444086 -1.073315 0.294644 5.615344 -0.041067 -0.065453 0.160697 0.983975
464.858524561 -1.071276 0.296258 5.623828 -0.041023 -0.066526 0.159828 0.984046
464.924485207 -1.069411 0.297984 5.632254 -0.041046 -0.067287 0.158981 0.984130
465.103501797 -1.067533 0.299418 5.640711 -0.040345 -0.067622 0.158126 0.984274
465.170622349 -1.065898 0.300541 5.649303 -0.039659 -0.067772 0.157202 0.984440
465.335327148 -1.064857 0.301571 5.657970 -0.040167 -0.067932 0.156059 0.984590
465.400692463 -1.064380 0.302963 5.666529 -0.042145 -0.067982 0.154645 0.984727
465.561420679 -1.063759 0.304498 5.674808 -0.043330 -0.067478 0.152997 0.984968
465.628246307 -1.063638 0.306550 5.682931 -0.045714 -0.066644 0.151084 0.985212
465.790548801 -1.063824 0.309025 5.690831 -0.048925 -0.065376 0.148757 0.985497
465.855817795 -1.063660 0.310393 5.698763 -0.050811 -0.063718 0.146209 0.985891
466.018424749 -1.063186 0.311737 5.706865 -0.052276 -0.061694 0.143477 0.986345
466.082896233 -1.062795 0.312904 5.715301 -0.054278 -0.059390 0.141018 0.986732
466.244410753 -1.062584 0.313711 5.723858 -0.056909 -0.056750 0.138585 0.987084
466.308593035 -1.062281 0.313836 5.732427 -0.058951 -0.053649 0.136044 0.987491
466.477080584 -1.061656 0.313218 5.740941 -0.058939 -0.050080 0.133012 0.988092
466.542872906 -1.061264 0.312725 5.749158 -0.057959 -0.045949 0.128958 0.988888
466.704724550 -1.060959 0.312887 5.756820 -0.055397 -0.041810 0.124015 0.989850
466.766802311 -1.060760 0.313538 5.765207 -0.050887 -0.037178 0.118085 0.991002
466.931855440 -1.061747 0.314237 5.773922 -0.047592 -0.032681 0.111524 0.992083
466.993454933 -1.063512 0.314965 5.782729 -0.045905 -0.028437 0.104255 0.993084
467.161567211 -1.065130 0.316877 5.792471 -0.045043 -0.024916 0.096802 0.993972
467.224590063 -1.066246 0.319372 5.801882 -0.044759 -0.022635 0.090608 0.994623
467.387349129 -1.066953 0.322063 5.811061 -0.044248 -0.021361 0.085179 0.995153
467.443388939 -1.067424 0.324462 5.821087 -0.043470 -0.020713 0.079770 0.995650
467.608566761 -1.067938 0.326272 5.831440 -0.043004 -0.020819 0.074588 0.996069
467.664276600 -1.068906 0.327671 5.841933 -0.044210 -0.021668 0.069769 0.996347
467.829107523 -1.069309 0.328111 5.852230 -0.044606 -0.022775 0.065945 0.996566
467.887203693 -1.068751 0.327436 5.862559 -0.043679 -0.024574 0.064185 0.996679
468.058404446 -1.067794 0.326940 5.872961 -0.043672 -0.027260 0.064130 0.996613
468.124525547 -1.066769 0.326136 5.882780 -0.044203 -0.030466 0.064551 0.996469
468.300650120 -1.065693 0.325460 5.892274 -0.044555 -0.034063 0.065134 0.996299
468.368077040 -1.064764 0.324677 5.901732 -0.044050 -0.037912 0.065590 0.996153
468.536700964 -1.063936 0.324000 5.911008 -0.042882 -0.041527 0.066064 0.996028
468.599861145 -1.062967 0.324435 5.919957 -0.039764 -0.044407 0.066545 0.996001
468.764853477 -1.062556 0.325313 5.928922 -0.036759 -0.047000 0.066964 0.995970
468.827911139 -1.062737 0.326477 5.937955 -0.035071 -0.049546 0.067275 0.995886
468.988864183 -1.062877 0.327347 5.946995 -0.032892 -0.051980 0.067545 0.995818
469.053910494 -1.063223 0.328784 5.956061 -0.031534 -0.054301 0.067473 0.995743
469.216723204 -1.064031 0.330868 5.965140 -0.031287 -0.056384 0.066420 0.995706
469.281269550 -1.064512 0.333407 5.974167 -0.029115 -0.057680 0.064105 0.995849
469.443454981 -1.065566 0.336173 5.983170 -0.027629 -0.058524 0.060432 0.996072
469.508620739 -1.067203 0.338496 5.992155 -0.026720 -0.059190 0.055902 0.996322
469.666812420 -1.069456 0.340965 6.001031 -0.027286 -0.059698 0.050473 0.996566
469.728393078 -1.072151 0.342438 6.009870 -0.028533 -0.059914 0.044084 0.996821
469.894158840 -1.074616 0.342628 6.018775 -0.028579 -0.059792 0.037516 0.997096
469.958735943 -1.076880 0.343217 6.027877 -0.030095 -0.060127 0.032403 0.997211
470.123569250 -1.078359 0.343668 6.037404 -0.031763 -0.060557 0.028913 0.997240
470.183400393 -1.079307 0.344119 6.046975 -0.033908 -0.061012 0.026710 0.997203
470.338881969 -1.079554 0.344751 6.056912 -0.035645 -0.061359 0.025179 0.997161
470.398554564 -1.079508 0.345255 6.067021 -0.036882 -0.061590 0.024018 0.997131
470.553940535 -1.079539 0.345113 6.077167 -0.038115 -0.061717 0.023187 0.997096
470.612663269 -1.079870 0.344552 6.087338 -0.040021 -0.061740 0.022502 0.997036
470.767534256 -1.080726 0.343586 6.097542 -0.043241 -0.061582 0.021787 0.996927
470.828109264 -1.081131 0.343169 6.108210 -0.045241 -0.060853 0.020927 0.996901
470.984842300 -1.080940 0.344128 6.117610 -0.044474 -0.059827 0.020371 0.997009
471.043046236 -1.081615 0.345816 6.127790 -0.045437 -0.058863 0.019867 0.997034
471.197953939 -1.082450 0.347245 6.138102 -0.046230 -0.058097 0.019607 0.997047
471.257341146 -1.083153 0.348176 6.148414 -0.046334 -0.057411 0.019554 0.997083
471.413501978 -1.083633 0.349699 6.158673 -0.046373 -0.056937 0.019696 0.997106
471.471527576 -1.084300 0.351584 6.168996 -0.047515 -0.056806 0.020093 0.997051
471.627250433 -1.084732 0.353103 6.179337 -0.048112 -0.056856 0.020894 0.997004
471.683372736 -1.085003 0.354170 6.189552 -0.048086 -0.057042 0.021795 0.996975
471.839590073 -1.084981 0.355074 6.199575 -0.047010 -0.057170 0.022323 0.997007
471.897011042 -1.085080 0.355792 6.209671 -0.045275 -0.057175 0.022346 0.997087
472.051438808 -1.085566 0.355983 6.219863 -0.043908 -0.057079 0.022322 0.997154
472.107722521 -1.086249 0.356283 6.230074 -0.042832 -0.056909 0.022486 0.997207
472.264063358 -1.087160 0.357042 6.240290 -0.042369 -0.056660 0.022911 0.997231
472.320275307 -1.088218 0.357816 6.250365 -0.041874 -0.055979 0.023133 0.997285
472.478071690 -1.089742 0.358403 6.260363 -0.042341 -0.054787 0.022849 0.997338
472.535716295 -1.091351 0.358384 6.270359 -0.042945 -0.053141 0.022033 0.997420
472.694658995 -1.092968 0.358215 6.280398 -0.043582 -0.051029 0.020904 0.997527
472.757572889 -1.094742 0.358619 6.290677 -0.045170 -0.048022 0.019456 0.997635
472.923942327 -1.096402 0.358001 6.299699 -0.046423 -0.043413 0.017391 0.997827
472.990088701 -1.098070 0.356672 6.307395 -0.046971 -0.037677 0.015193 0.998070
473.166398048 -1.100090 0.357140 6.314314 -0.048838 -0.032139 0.013553 0.998197
473.239439487 -1.101927 0.359479 6.320817 -0.050737 -0.027308 0.013008 0.998254
473.420503616 -1.103216 0.362263 6.326572 -0.050419 -0.023067 0.013371 0.998372
473.492692471 -1.104732 0.365106 6.332205 -0.049552 -0.019177 0.014283 0.998485
473.674663782 -1.106690 0.367612 6.337814 -0.048662 -0.015816 0.015652 0.998567
473.746004343 -1.109274 0.369829 6.343337 -0.048451 -0.013029 0.017506 0.998587
473.928569555 -1.112261 0.371629 6.348647 -0.048375 -0.010771 0.019868 0.998574
473.998656034 -1.115316 0.372776 6.353471 -0.047674 -0.008931 0.022864 0.998561
474.183299065 -1.118498 0.373819 6.357703 -0.046944 -0.007607 0.026535 0.998516
474.253412962 -1.121686 0.374021 6.361413 -0.045757 -0.006633 0.030757 0.998457
474.436280251 -1.125051 0.373975 6.364453 -0.044916 -0.006126 0.035241 0.998350
474.505356550 -1.128537 0.374275 6.366891 -0.044936 -0.006246 0.039881 0.998174
474.688060999 -1.131950 0.374308 6.368997 -0.045027 -0.006898 0.044851 0.997955
474.758284092 -1.135367 0.373986 6.370782 -0.045352 -0.008094 0.049973 0.997688
474.944240093 -1.138619 0.373393 6.372232 -0.045482 -0.009843 0.055082 0.997397
475.016679764 -1.141778 0.372488 6.373458 -0.045502 -0.012165 0.060031 0.997085
