0.000000000 0.000000000 -0.000000000 -0.000000000 0.000000000 -0.000000000 -0.000000000 1.000000000
0.123506546 0.000011993 -0.000056772 -0.000003319 -0.000002386 0.000000407 -0.000010812 1.000000000
0.350709438 0.000022273 -0.000096789 -0.000005517 -0.000006103 0.000002110 -0.000022108 1.000000000
0.473887205 0.000026470 -0.000143955 -0.000013797 -0.000012624 0.000006288 -0.000026745 1.000000000
0.701893091 0.000038189 -0.000185210 -0.000017315 -0.000013709 0.000008673 -0.000047012 0.999999999
0.825075865 0.000045831 -0.000222509 -0.000022778 -0.000011502 0.000015973 -0.000059790 0.999999998
1.051790476 0.000057257 -0.000267879 -0.000028614 -0.000014331 0.000022068 -0.000082081 0.999999996
1.173335552 0.000071758 -0.000325889 -0.000029978 -0.000019683 0.000020293 -0.000095068 0.999999995
1.399469137 0.000079733 -0.000379041 -0.000031983 -0.000019961 0.000019324 -0.000104903 0.999999994
1.519671917 0.000087182 -0.000427735 -0.000036712 -0.000024746 0.000023843 -0.000107985 0.999999994
1.750562191 0.000099168 -0.000471004 -0.000036588 -0.000030848 0.000021148 -0.000125252 0.999999991
1.873290062 0.000109006 -0.000525025 -0.000038976 -0.000028286 0.000019725 -0.000133225 0.999999991
2.105757952 0.000118248 -0.000571506 -0.000039866 -0.000031999 0.000017382 -0.000145478 0.999999989
2.227531672 0.000125825 -0.000616773 -0.000045814 -0.000031290 0.000020428 -0.000159032 0.999999987
2.455006838 0.000132827 -0.000669843 -0.000051839 -0.000042923 0.000024770 -0.000160378 0.999999986
2.576164484 0.000143600 -0.000723661 -0.000053700 -0.000042549 0.000023555 -0.000172196 0.999999984
2.803963184 0.000150366 -0.000778729 -0.000060047 -0.000045177 0.000029104 -0.000176994 0.999999983
2.923790455 0.000161225 -0.000824630 -0.000061655 -0.000049837 0.000024915 -0.000183689 0.999999982
3.150959253 0.000168952 -0.000862977 -0.000064926 -0.000050939 0.000025139 -0.000189981 0.999999980
3.272909403 0.000177120 -0.000907188 -0.000066400 -0.000056950 0.000024356 -0.000192187 0.999999980
3.503584862 0.000182708 -0.000940050 -0.000069820 -0.000061626 0.000027055 -0.000196368 0.999999978
3.629791975 0.000195635 -0.000991714 -0.000075143 -0.000067503 0.000030790 -0.000212921 0.999999975
3.861709833 0.000212438 -0.001029623 -0.000093385 -0.000077123 0.000064301 -0.000219284 0.999999971
3.987356186 0.000221427 -0.001066450 -0.000101526 -0.000084158 0.000077547 -0.000221197 0.999999969
4.221326828 0.000229682 -0.001109071 -0.000106030 -0.000084744 0.000080155 -0.000225494 0.999999968
4.347033978 0.000240186 -0.001165449 -0.000108585 -0.000090580 0.000077914 -0.000235868 0.999999965
4.579462528 0.000249999 -0.001214183 -0.000112854 -0.000095140 0.000076846 -0.000247310 0.999999962
4.704617977 0.000258753 -0.001269330 -0.000115583 -0.000094656 0.000075823 -0.000254283 0.999999960
4.935822964 0.000267795 -0.001310734 -0.000117099 -0.000092070 0.000073200 -0.000264169 0.999999958
5.061254740 0.000280744 -0.001360841 -0.000120797 -0.000094029 0.000075600 -0.000275614 0.999999955
5.296753168 0.000290702 -0.001406383 -0.000122562 -0.000100872 0.000074639 -0.000283753 0.999999952
5.423061371 0.000305074 -0.001445683 -0.000121620 -0.000099029 0.000070303 -0.000300123 0.999999948
5.651735544 0.000314054 -0.001497324 -0.000126312 -0.000104808 0.000071217 -0.000304664 0.999999946
5.777881622 0.000324507 -0.001552608 -0.000127150 -0.000104053 0.000068534 -0.000314536 0.999999943
6.007517576 0.000332483 -0.001599247 -0.000129829 -0.000110225 0.000068138 -0.000317775 0.999999941
6.131364107 0.000340226 -0.001648216 -0.000133248 -0.000114836 0.000068629 -0.000319170 0.999999940
6.360966206 0.000348887 -0.001692872 -0.000135318 -0.000117514 0.000068619 -0.000326565 0.999999937
6.486350298 0.000356518 -0.001740080 -0.000139862 -0.000125462 0.000069049 -0.000323467 0.999999937
6.714432240 0.000364048 -0.001782647 -0.000142237 -0.000123678 0.000067017 -0.000331444 0.999999935
6.838860035 0.000374794 -0.001824850 -0.000142697 -0.000127456 0.000065560 -0.000339612 0.999999932
7.065588474 0.000381498 -0.001874861 -0.000150878 -0.000134839 0.000069937 -0.000347005 0.999999928
7.190845013 0.000390959 -0.001934403 -0.000156512 -0.000137090 0.000064447 -0.000352672 0.999999926
7.420622349 0.000399414 -0.001993003 -0.000160723 -0.000134554 0.000060266 -0.000359031 0.999999925
7.544990063 0.000407020 -0.002048279 -0.000166218 -0.000139290 0.000059433 -0.000365434 0.999999922
7.772668123 0.000413091 -0.002106789 -0.000170657 -0.000137841 0.000054303 -0.000364053 0.999999923
7.895230055 0.000421239 -0.002163789 -0.000174507 -0.000146928 0.000047105 -0.000358153 0.999999924
8.124455214 0.000430164 -0.002213489 -0.000180603 -0.000153959 0.000041250 -0.000358719 0.999999923
8.247282267 0.000437931 -0.002266199 -0.000192759 -0.000166585 0.000045529 -0.000361814 0.999999920
8.476732254 0.000448792 -0.002322819 -0.000198658 -0.000174856 0.000038892 -0.000360922 0.999999919
8.602338076 0.000456797 -0.002363659 -0.000203079 -0.000180992 0.000032679 -0.000354692 0.999999920
8.834409952 0.000466515 -0.002412290 -0.000210561 -0.000190592 0.000028594 -0.000352179 0.999999919
8.959097624 0.000473396 -0.002458031 -0.000219406 -0.000207849 0.000025318 -0.000345633 0.999999918
9.184691429 0.000483459 -0.002510483 -0.000226032 -0.000217837 0.000018584 -0.000345195 0.999999917
9.309562922 0.000490332 -0.002562074 -0.000233366 -0.000226547 0.000011502 -0.000339049 0.999999917
9.537243843 0.000498817 -0.002621203 -0.000242602 -0.000239040 0.000012164 -0.000344756 0.999999912
9.659488916 0.000507249 -0.002672395 -0.000250377 -0.000241819 0.000004460 -0.000345127 0.999999911
9.888489008 0.000513746 -0.002722995 -0.000261631 -0.000248217 0.000007665 -0.000354303 0.999999906
10.012087584 0.000519909 -0.002769344 -0.000269183 -0.000254555 0.000009384 -0.000356506 0.999999904
10.238827229 0.000526441 -0.002828163 -0.000282083 -0.000260395 0.000011470 -0.000366051 0.999999899
10.361423492 0.000536203 -0.002875287 -0.000288174 -0.000268180 0.000006398 -0.000367533 0.999999896
10.591921806 0.000539240 -0.002914745 -0.000298224 -0.000277532 0.000009810 -0.000372070 0.999999892
10.713761568 0.000548423 -0.002967403 -0.000301699 -0.000283546 0.000000222 -0.000368777 0.999999892
10.940133572 0.000555093 -0.003016039 -0.000307977 -0.000290441 0.000000260 -0.000369735 0.999999889
11.064155579 0.000562483 -0.003061945 -0.000317231 -0.000297309 0.000005819 -0.000371681 0.999999887
11.289018154 0.000569244 -0.003111261 -0.000329230 -0.000305567 0.000004921 -0.000377255 0.999999882
11.410425186 0.000576346 -0.003180782 -0.000347110 -0.000314338 0.000016079 -0.000395070 0.999999872
11.639974117 0.000583503 -0.003233591 -0.000354156 -0.000321042 0.000012463 -0.000400532 0.999999868
11.765213728 0.000588957 -0.003283480 -0.000363942 -0.000327693 0.000014998 -0.000407730 0.999999863
11.991572618 0.000598244 -0.003336721 -0.000368995 -0.000337164 0.000007765 -0.000404810 0.999999861
12.116221905 0.000605601 -0.003381252 -0.000376347 -0.000340651 0.000005366 -0.000406599 0.999999859
12.344587088 0.000614225 -0.003430014 -0.000382917 -0.000346167 0.000000075 -0.000400909 0.999999860
12.469389915 0.000623299 -0.003479306 -0.000385661 -0.000353683 -0.000006116 -0.000395703 0.999999859
12.695739508 0.000630509 -0.003527212 -0.000391560 -0.000359016 -0.000009430 -0.000392137 0.999999859
12.820114374 0.000639753 -0.003572994 -0.000399945 -0.000365485 -0.000009434 -0.000398379 0.999999854
13.049329281 0.000647907 -0.003632595 -0.000406904 -0.000369811 -0.000010714 -0.000394438 0.999999854
13.172539949 0.000652330 -0.003689610 -0.000416217 -0.000379022 -0.000008975 -0.000403907 0.999999847
13.398863792 0.000652314 -0.003750032 -0.000428852 -0.000382454 -0.000002535 -0.000424367 0.999999837
13.522821426 0.000656217 -0.003792533 -0.000437433 -0.000388875 0.000002048 -0.000429970 0.999999832
13.751229525 0.000665665 -0.003843722 -0.000445609 -0.000401116 0.000007323 -0.000430701 0.999999827
13.874830484 0.000673441 -0.003891098 -0.000455736 -0.000407015 0.000008523 -0.000436456 0.999999822
14.102900028 0.000685749 -0.003957883 -0.000469347 -0.000417581 0.000019075 -0.000445791 0.999999813
14.225490093 0.000688673 -0.004004031 -0.000482121 -0.000423413 0.000027078 -0.000451386 0.999999808
14.453613043 0.000699008 -0.004051286 -0.000493275 -0.000435977 0.000034357 -0.000457230 0.999999800
14.577098370 0.000702522 -0.004091987 -0.000500566 -0.000444182 0.000038190 -0.000459549 0.999999795
14.805199862 0.000713976 -0.004142460 -0.000508477 -0.000451020 0.000040900 -0.000454365 0.999999794
14.929840088 0.000719933 -0.004191851 -0.000517837 -0.000455282 0.000045264 -0.000463246 0.999999788
15.157642603 0.000729246 -0.004240899 -0.000526489 -0.000461878 0.000049179 -0.000466601 0.999999783
15.280978680 0.000735473 -0.004292121 -0.000536163 -0.000467411 0.000052782 -0.000475046 0.999999777
15.509331465 0.000746886 -0.004340041 -0.000544876 -0.000470438 0.000058411 -0.000473274 0.999999776
15.633119583 0.000751036 -0.004388382 -0.000554130 -0.000475002 0.000064489 -0.000481575 0.999999769
15.859778166 0.000760493 -0.004447077 -0.000562885 -0.000479558 0.000067125 -0.000490558 0.999999762
15.984557390 0.000767337 -0.004505889 -0.000574291 -0.000489105 0.000073976 -0.000495563 0.999999755
16.210683823 0.000778212 -0.004552932 -0.000581527 -0.000497592 0.000076896 -0.000496192 0.999999750
16.334132433 0.000784487 -0.004602979 -0.000590227 -0.000510437 0.000078087 -0.000500586 0.999999741
16.566337824 0.000791347 -0.004646218 -0.000600104 -0.000512215 0.000084241 -0.000511075 0.999999735
16.688712120 0.000800308 -0.004706074 -0.000610121 -0.000522071 0.000087854 -0.000518367 0.999999726
16.913205385 0.000811232 -0.004756332 -0.000617391 -0.000529856 0.000090146 -0.000525578 0.999999717
17.037325144 0.000817283 -0.004803374 -0.000624802 -0.000535939 0.000093063 -0.000534961 0.999999709
17.264200687 0.000827860 -0.004860197 -0.000636802 -0.000542509 0.000099486 -0.000544217 0.999999700
17.388747215 0.000837857 -0.004907262 -0.000644844 -0.000545893 0.000103116 -0.000550292 0.999999694
17.621121883 0.000849650 -0.004960895 -0.000651064 -0.000554626 0.000104505 -0.000548961 0.999999690
17.745405436 0.000859327 -0.005010847 -0.000663894 -0.000560673 0.000112750 -0.000557388 0.999999681
17.977517605 0.000868908 -0.005063847 -0.000671178 -0.000567721 0.000116884 -0.000557464 0.999999677
18.103219509 0.000877018 -0.005109660 -0.000678186 -0.000577018 0.000117316 -0.000561423 0.999999669
18.333262682 0.000885766 -0.005154665 -0.000685558 -0.000585597 0.000119941 -0.000561987 0.999999663
18.457921505 0.000893479 -0.005204012 -0.000693305 -0.000590001 0.000123695 -0.000568631 0.999999657
18.688923120 0.000898980 -0.005252726 -0.000702117 -0.000596583 0.000126607 -0.000578894 0.999999646
18.812949896 0.000903096 -0.005299692 -0.000709468 -0.000602679 0.000128837 -0.000582698 0.999999640
19.040488958 0.000910127 -0.005346963 -0.000717235 -0.000606129 0.000131536 -0.000590269 0.999999633
19.162667036 0.000920546 -0.005406168 -0.000726530 -0.000615367 0.000136267 -0.000598616 0.999999622
19.392958641 0.000925815 -0.005444371 -0.000733474 -0.000623517 0.000137316 -0.000601690 0.999999615
19.517168045 0.000937563 -0.005497057 -0.000742350 -0.000629459 0.000139125 -0.000596989 0.999999614
19.746394873 0.000944413 -0.005556532 -0.000754591 -0.000632296 0.000145596 -0.000609987 0.999999603
19.870358467 0.000954528 -0.005612016 -0.000765208 -0.000644660 0.000148426 -0.000616972 0.999999591
20.103264332 0.000965187 -0.005670071 -0.000771059 -0.000645595 0.000149245 -0.000615724 0.999999591
20.224689484 0.000970742 -0.005720726 -0.000778466 -0.000654907 0.000151032 -0.000620178 0.999999582
20.455439329 0.000978036 -0.005766712 -0.000786977 -0.000663559 0.000154551 -0.000622834 0.999999574
20.590056181 0.000989598 -0.005820552 -0.000795620 -0.000668926 0.000156318 -0.000623417 0.999999570
20.831283092 0.001002347 -0.005880360 -0.000804827 -0.000673123 0.000156075 -0.000623431 0.999999567
20.953712702 0.001005515 -0.005928141 -0.000813309 -0.000674556 0.000157285 -0.000632513 0.999999560
21.182788610 0.001013369 -0.005975902 -0.000820407 -0.000678697 0.000159436 -0.000635283 0.999999555
21.304334879 0.001020728 -0.006026761 -0.000831041 -0.000684940 0.000164189 -0.000641530 0.999999546
21.532527208 0.001029085 -0.006089316 -0.000839057 -0.000689059 0.000167020 -0.000647093 0.999999539
21.655291796 0.001036120 -0.006143247 -0.000850523 -0.000688596 0.000171782 -0.000656398 0.999999533
21.881900072 0.001041082 -0.006195142 -0.000858448 -0.000695319 0.000174970 -0.000668212 0.999999520
22.000109911 0.001047693 -0.006255768 -0.000874134 -0.000692503 0.000185009 -0.000682455 0.999999510
22.226146698 0.001057522 -0.006318999 -0.000883099 -0.000696854 0.000185927 -0.000697173 0.999999497
22.344458103 0.001066112 -0.006379226 -0.000890374 -0.000700057 0.000185251 -0.000698044 0.999999494
22.572561741 0.001072361 -0.006423986 -0.000900955 -0.000703690 0.000190911 -0.000704623 0.999999486
22.691346884 0.001083508 -0.006475312 -0.000907240 -0.000709857 0.000192819 -0.000703132 0.999999482
22.916710377 0.001092883 -0.006528901 -0.000917597 -0.000717094 0.000194810 -0.000699012 0.999999480
23.037635565 0.001097885 -0.006580897 -0.000925987 -0.000718286 0.000198046 -0.000701541 0.999999476
23.261261702 0.001106697 -0.006635349 -0.000932534 -0.000724710 0.000195974 -0.000703807 0.999999471
23.381905079 0.001113436 -0.006680738 -0.000939753 -0.000729750 0.000199094 -0.000710856 0.999999461
23.606496096 0.001122214 -0.006724850 -0.000946336 -0.000735050 0.000198918 -0.000716788 0.999999453
23.727694988 0.001130766 -0.006765624 -0.000951213 -0.000736767 0.000200530 -0.000718084 0.999999451
23.953189135 0.001135898 -0.006825428 -0.000961575 -0.000744712 0.000203684 -0.000727515 0.999999437
24.074794769 0.001139970 -0.006884286 -0.000974192 -0.000744197 0.000209421 -0.000746462 0.999999423
24.303032637 0.001144960 -0.006941285 -0.000984193 -0.000746365 0.000211306 -0.000759217 0.999999411
24.423655987 0.001154183 -0.006993529 -0.000991671 -0.000754498 0.000213146 -0.000759474 0.999999404
24.654297113 0.001161725 -0.007052198 -0.001000599 -0.000754951 0.000215341 -0.000770804 0.999999395
24.773342133 0.001167763 -0.007110755 -0.001008948 -0.000754707 0.000218510 -0.000782412 0.999999385
25.001930952 0.001175746 -0.007161932 -0.001017010 -0.000756207 0.000221743 -0.000792879 0.999999375
25.121920109 0.001180816 -0.007214742 -0.001026931 -0.000760453 0.000225992 -0.000801189 0.999999364
25.351008654 0.001188128 -0.007256388 -0.001034666 -0.000764923 0.000227936 -0.000808324 0.999999355
25.472155571 0.001195143 -0.007310784 -0.001042361 -0.000769555 0.000229594 -0.000809697 0.999999350
25.698747873 0.001201216 -0.007362266 -0.001051013 -0.000770628 0.000232262 -0.000813732 0.999999345
25.818214655 0.001210768 -0.007412101 -0.001058494 -0.000773830 0.000233912 -0.000815986 0.999999340
26.044269085 0.001220934 -0.007471132 -0.001069563 -0.000770496 0.000238898 -0.000830768 0.999999330
26.164849043 0.001231980 -0.007524145 -0.001076961 -0.000779001 0.000239802 -0.000830552 0.999999323
26.389624357 0.001237006 -0.007578460 -0.001088274 -0.000782472 0.000242858 -0.000835348 0.999999315
26.510164976 0.001248555 -0.007630975 -0.001095246 -0.000790227 0.000243777 -0.000841310 0.999999304
26.736025095 0.001258496 -0.007695450 -0.001106626 -0.000793987 0.000247825 -0.000851680 0.999999291
26.857939005 0.001268619 -0.007741210 -0.001114204 -0.000793250 0.000248982 -0.000857630 0.999999287
27.083071470 0.001271343 -0.007798089 -0.001125408 -0.000793858 0.000257621 -0.000872993 0.999999271
27.205397129 0.001280845 -0.007846314 -0.001134711 -0.000798220 0.000261654 -0.000879763 0.999999260
27.432571650 0.001291109 -0.007892940 -0.001140376 -0.000803529 0.000264435 -0.000879342 0.999999256
27.553691149 0.001297745 -0.007942138 -0.001147025 -0.000804767 0.000263144 -0.000883067 0.999999252
27.777287722 0.001306767 -0.007989305 -0.001155130 -0.000809531 0.000264833 -0.000892792 0.999999239
27.898144245 0.001313315 -0.008041514 -0.001164563 -0.000811872 0.000266660 -0.000901870 0.999999228
28.127706766 0.001320534 -0.008114157 -0.001174657 -0.000815945 0.000267566 -0.000918077 0.999999210
28.250053167 0.001324112 -0.008179082 -0.001186005 -0.000817571 0.000270175 -0.000935126 0.999999192
28.479277372 0.001332050 -0.008227375 -0.001194450 -0.000818877 0.000272958 -0.000943732 0.999999182
28.602098227 0.001338962 -0.008274161 -0.001204780 -0.000821385 0.000279175 -0.000952805 0.999999170
28.841800928 0.001348340 -0.008328596 -0.001212015 -0.000821118 0.000278763 -0.000956991 0.999999166
28.968634129 0.001355908 -0.008377260 -0.001217719 -0.000823911 0.000278755 -0.000960991 0.999999160
29.207204580 0.001365362 -0.008422784 -0.001223449 -0.000828076 0.000279769 -0.000966500 0.999999151
29.329565763 0.001370145 -0.008474559 -0.001229702 -0.000832111 0.000279599 -0.000979761 0.999999135
29.559556723 0.001377501 -0.008529477 -0.001240926 -0.000831956 0.000285045 -0.000993826 0.999999119
29.682012081 0.001384239 -0.008585254 -0.001252019 -0.000832250 0.000291073 -0.001006319 0.999999105
29.907359123 0.001394254 -0.008647331 -0.001261218 -0.000833803 0.000293388 -0.001014552 0.999999095
30.026603699 0.001396042 -0.008710924 -0.001272275 -0.000834144 0.000297396 -0.001033599 0.999999074
30.253094435 0.001405979 -0.008773131 -0.001280963 -0.000834795 0.000295934 -0.001045769 0.999999061
30.372615099 0.001408110 -0.008831250 -0.001292685 -0.000837451 0.000302795 -0.001059526 0.999999042
30.599405766 0.001413684 -0.008889890 -0.001305463 -0.000836862 0.000309614 -0.001074565 0.999999025
30.718948841 0.001420589 -0.008938466 -0.001313692 -0.000841571 0.000313890 -0.001078808 0.999999015
30.944281340 0.001432310 -0.008990438 -0.001321501 -0.000842050 0.000315849 -0.001084997 0.999999007
31.064242125 0.001443633 -0.009047367 -0.001335862 -0.000849049 0.000317670 -0.001099227 0.999998985
31.303343534 0.001454245 -0.009108019 -0.001348500 -0.000859205 0.000320683 -0.001108216 0.999998965
31.433648109 0.001465129 -0.009162567 -0.001356314 -0.000855738 0.000321578 -0.001112821 0.999998963
31.663762093 0.001472566 -0.009216263 -0.001362654 -0.000853501 0.000324328 -0.001115043 0.999998962
31.785189152 0.001476048 -0.009277209 -0.001372668 -0.000853261 0.000328964 -0.001122690 0.999998952
32.010260820 0.001480852 -0.009331487 -0.001377888 -0.000852863 0.000330068 -0.001127745 0.999998946
32.132187605 0.001487172 -0.009374032 -0.001382332 -0.000851811 0.000330004 -0.001131736 0.999998942
32.359704494 0.001491400 -0.009420305 -0.001389823 -0.000852500 0.000334553 -0.001141196 0.999998929
32.482956409 0.001495622 -0.009466430 -0.001392941 -0.000845933 0.000334593 -0.001148333 0.999998927
32.713035583 0.001502152 -0.009525948 -0.001398346 -0.000842734 0.000334160 -0.001155705 0.999998921
32.834197760 0.001509064 -0.009584151 -0.001405471 -0.000837881 0.000336945 -0.001165400 0.999998913
33.062063217 0.001513307 -0.009634717 -0.001409829 -0.000835128 0.000336961 -0.001174090 0.999998905
33.189102411 0.001519180 -0.009696931 -0.001416912 -0.000825454 0.000336774 -0.001183690 0.999998902
33.428908825 0.001520405 -0.009749062 -0.001418012 -0.000813258 0.000338769 -0.001187112 0.999998907
33.557185888 0.001521754 -0.009794983 -0.001421180 -0.000809837 0.000337202 -0.001183045 0.999998915
33.793209076 0.001525064 -0.009841693 -0.001425474 -0.000804863 0.000338890 -0.001183955 0.999998918
33.920240879 0.001531575 -0.009905550 -0.001431656 -0.000796999 0.000340115 -0.001185580 0.999998922
34.154724598 0.001534369 -0.009968148 -0.001441861 -0.000790999 0.000341168 -0.001193410 0.999998917
34.277066946 0.001543280 -0.010014585 -0.001444013 -0.000789648 0.000339797 -0.001194947 0.999998917
34.501966000 0.001553484 -0.010076354 -0.001450324 -0.000786269 0.000343339 -0.001205958 0.999998905
34.624896049 0.001559350 -0.010137905 -0.001456571 -0.000787733 0.000341054 -0.001210350 0.999998899
34.850920916 0.001569610 -0.010192650 -0.001463418 -0.000781752 0.000343409 -0.001214661 0.999998898
34.972955942 0.001574667 -0.010246587 -0.001470404 -0.000777218 0.000348764 -0.001224027 0.999998888
35.205734491 0.001581828 -0.010306571 -0.001477611 -0.000778713 0.000347002 -0.001228260 0.999998882
35.330718994 0.001590038 -0.010359147 -0.001485106 -0.000777976 0.000352794 -0.001235615 0.999998872
35.564623594 0.001599906 -0.010411760 -0.001490245 -0.000774255 0.000351081 -0.001244679 0.999998864
35.688617229 0.001605465 -0.010460809 -0.001495796 -0.000766403 0.000352326 -0.001251602 0.999998861
35.913045168 0.001614222 -0.010511382 -0.001501473 -0.000766883 0.000357112 -0.001258535 0.999998850
36.035918474 0.001624766 -0.010567860 -0.001504493 -0.000762899 0.000353530 -0.001270048 0.999998840
36.269217491 0.001629856 -0.010618782 -0.001512373 -0.000762680 0.000355983 -0.001276208 0.999998831
36.393609524 0.001637996 -0.010674605 -0.001518926 -0.000758393 0.000357697 -0.001276173 0.999998834
36.623977661 0.001648076 -0.010726776 -0.001525367 -0.000753782 0.000358484 -0.001278720 0.999998834
36.748259544 0.001653063 -0.010770604 -0.001532342 -0.000752341 0.000362188 -0.001280468 0.999998832
36.979326248 0.001659539 -0.010828180 -0.001539151 -0.000747830 0.000365335 -0.001289902 0.999998822
37.104157209 0.001664480 -0.010880026 -0.001546844 -0.000746060 0.000364647 -0.001286566 0.999998828
37.339423180 0.001673815 -0.010949323 -0.001554540 -0.000741498 0.000365765 -0.001295223 0.999998819
37.464104414 0.001678134 -0.010977915 -0.001608448 -0.000828262 0.000365899 -0.001287733 0.999998761
37.698749542 0.001685160 -0.011031367 -0.001615122 -0.000823999 0.000370062 -0.001292160 0.999998757
37.824732304 0.001694877 -0.011076122 -0.001618057 -0.000820973 0.000368076 -0.001290038 0.999998763
38.057881355 0.001703958 -0.011131374 -0.001631997 -0.000815963 0.000383809 -0.001289154 0.999998762
38.179939508 0.001721106 -0.011170652 -0.001650647 -0.000818853 0.000426213 -0.001294684 0.999998736
38.411605835 0.001721741 -0.011226293 -0.001654957 -0.000806257 0.000419456 -0.001309590 0.999998729
38.536774874 0.001725342 -0.011274884 -0.001659799 -0.000803102 0.000421662 -0.001319431 0.999998718
38.766931772 0.001725414 -0.011319969 -0.001663503 -0.000803506 0.000422842 -0.001321585 0.999998714
38.891030073 0.001730169 -0.011364704 -0.001665406 -0.000802209 0.000422383 -0.001329086 0.999998706
39.120465040 0.001736406 -0.011409684 -0.001663699 -0.000804057 0.000417781 -0.001331215 0.999998703
39.246562958 0.001739945 -0.011453734 -0.001666836 -0.000803466 0.000417684 -0.001337912 0.999998695
39.480962276 0.001743598 -0.011491094 -0.001667248 -0.000803776 0.000413943 -0.001343959 0.999998688
39.604389429 0.001746937 -0.011532520 -0.001669746 -0.000801819 0.000412266 -0.001351741 0.999998680
39.833109140 0.001748070 -0.011570493 -0.001682486 -0.000802408 0.000433669 -0.001358520 0.999998661
39.957402229 0.001746636 -0.011597413 -0.001705920 -0.000809377 0.000487973 -0.001373394 0.999998610
40.186675549 0.001746779 -0.011630803 -0.001708966 -0.000800339 0.000485873 -0.001379395 0.999998610
40.311677933 0.001749041 -0.011671565 -0.001713905 -0.000794528 0.000488076 -0.001389237 0.999998600
40.541391373 0.001752839 -0.011712061 -0.001715094 -0.000792573 0.000482643 -0.001391801 0.999998601
40.666937113 0.001757940 -0.011749715 -0.001715806 -0.000794212 0.000482006 -0.001399872 0.999998589
40.895801067 0.001765078 -0.011794540 -0.001717482 -0.000797970 0.000479945 -0.001409467 0.999998573
41.019765615 0.001768695 -0.011836522 -0.001718856 -0.000795047 0.000477819 -0.001419325 0.999998563
41.250682116 0.001773979 -0.011879533 -0.001719127 -0.000795959 0.000473595 -0.001426218 0.999998554
41.375724792 0.001777497 -0.011917205 -0.001718749 -0.000794039 0.000462155 -0.001435155 0.999998548
41.606403828 0.001776877 -0.011965549 -0.001724502 -0.000780684 0.000448289 -0.001447379 0.999998547
41.731917143 0.001778756 -0.012009746 -0.001726038 -0.000770312 0.000435827 -0.001452234 0.999998554
41.961337566 0.001777061 -0.012049492 -0.001729093 -0.000757228 0.000423852 -0.001463304 0.999998553
42.084716797 0.001778898 -0.012093589 -0.001730164 -0.000749619 0.000414144 -0.001472957 0.999998548
42.319898129 0.001779639 -0.012139425 -0.001732179 -0.000741217 0.000401022 -0.001483437 0.999998545
42.444493771 0.001780730 -0.012178512 -0.001733420 -0.000741066 0.000394893 -0.001489241 0.999998539
42.675059080 0.001782722 -0.012219896 -0.001736779 -0.000741463 0.000396100 -0.001490994 0.999998535
42.800143480 0.001783714 -0.012259063 -0.001737277 -0.000737334 0.000391198 -0.001501001 0.999998525
43.027334452 0.001782679 -0.012304377 -0.001744211 -0.000735416 0.000390793 -0.001518149 0.999998501
43.150102139 0.001783251 -0.012339669 -0.001749011 -0.000735325 0.000392328 -0.001523772 0.999998492
43.377760172 0.001784615 -0.012380918 -0.001750985 -0.000735558 0.000389731 -0.001534408 0.999998476
43.499302387 0.001786414 -0.012429305 -0.001752600 -0.000734951 0.000385422 -0.001540266 0.999998469
43.725555897 0.001787545 -0.012472368 -0.001758853 -0.000729993 0.000387401 -0.001554266 0.999998451
43.848524570 0.001789261 -0.012513711 -0.001759797 -0.000724849 0.000382929 -0.001565927 0.999998438
44.077499628 0.001789778 -0.012556541 -0.001760523 -0.000725915 0.000379144 -0.001568232 0.999998435
44.200189829 0.001792987 -0.012601062 -0.001761383 -0.000725293 0.000376317 -0.001572577 0.999998430
44.434071779 0.001791731 -0.012643703 -0.001767446 -0.000722900 0.000375499 -0.001579187 0.999998421
44.557257175 0.001794380 -0.012691355 -0.001767187 -0.000722495 0.000370274 -0.001585323 0.999998414
44.785665274 0.001797377 -0.012727353 -0.001768686 -0.000725594 0.000366956 -0.001590848 0.999998404
44.908866405 0.001801092 -0.012773645 -0.001771812 -0.000722450 0.000361107 -0.001602415 0.999998390
45.139211416 0.001803135 -0.012814186 -0.001774614 -0.000725081 0.000360731 -0.001612103 0.999998373
45.263077259 0.001806806 -0.012858108 -0.001774584 -0.000723546 0.000353067 -0.001618528 0.999998366
45.495489597 0.001810339 -0.012903948 -0.001775620 -0.000726676 0.000348451 -0.001628659 0.999998349
45.621924639 0.001812450 -0.012945818 -0.001776415 -0.000723501 0.000343382 -0.001634626 0.999998343
45.851714849 0.001816306 -0.012988586 -0.001776618 -0.000719510 0.000338364 -0.001645151 0.999998331
45.978214741 0.001818045 -0.013028373 -0.001775938 -0.000718216 0.000333691 -0.001652967 0.999998320
46.210077763 0.001821725 -0.013070837 -0.001778426 -0.000712604 0.000329903 -0.001657786 0.999998318
46.336486101 0.001826045 -0.013117398 -0.001778748 -0.000708366 0.000323765 -0.001669834 0.999998303
46.568087816 0.001828165 -0.013155870 -0.001779787 -0.000707674 0.000321557 -0.001680080 0.999998287
46.693627834 0.001828732 -0.013195405 -0.001781222 -0.000703251 0.000316995 -0.001685954 0.999998281
46.931264877 0.001831138 -0.013245814 -0.001786264 -0.000708334 0.000319751 -0.001700928 0.999998251
47.057488203 0.001834531 -0.013284791 -0.001786349 -0.000705940 0.000317719 -0.001708092 0.999998242
47.294530630 0.001837875 -0.013327063 -0.001785725 -0.000703421 0.000312732 -0.001717061 0.999998230
47.421342134 0.001839532 -0.013366134 -0.001787655 -0.000697364 0.000309673 -0.001728688 0.999998215
47.651643515 0.001842126 -0.013409908 -0.001786527 -0.000690747 0.000304116 -0.001734620 0.999998211
47.777821302 0.001842429 -0.013457239 -0.001786543 -0.000688984 0.000297310 -0.001748083 0.999998191
48.012086630 0.001842109 -0.013498254 -0.001786266 -0.000687194 0.000293007 -0.001756725 0.999998178
48.136790752 0.001842647 -0.013545525 -0.001788232 -0.000688574 0.000285954 -0.001769386 0.999998157
48.371293306 0.001844752 -0.013591122 -0.001789201 -0.000689691 0.000280420 -0.001781221 0.999998136
48.498285294 0.001844019 -0.013629440 -0.001790522 -0.000683203 0.000274672 -0.001790030 0.999998127
48.731983900 0.001848720 -0.013672749 -0.001790291 -0.000681271 0.000268618 -0.001797752 0.999998116
48.854030371 0.001847498 -0.013715342 -0.001792444 -0.000680432 0.000265886 -0.001808156 0.999998098
49.083534002 0.001847731 -0.013754502 -0.001794723 -0.000675347 0.000264340 -0.001826621 0.999998069
49.204971313 0.001850078 -0.013794373 -0.001795195 -0.000676608 0.000259889 -0.001835975 0.999998052
49.431883097 0.001851512 -0.013832892 -0.001794571 -0.000674576 0.000254430 -0.001842333 0.999998043
49.557590246 0.001851835 -0.013880273 -0.001794819 -0.000675375 0.000250142 -0.001858576 0.999998013
49.791110277 0.001854862 -0.013924342 -0.001793589 -0.000673578 0.000244291 -0.001867902 0.999997999
49.918852806 0.001853282 -0.013966179 -0.001795937 -0.000669896 0.000240875 -0.001878635 0.999997982
50.147672892 0.001853685 -0.014010793 -0.001801918 -0.000669720 0.000242878 -0.001894537 0.999997952
50.271215916 0.001855566 -0.014053384 -0.001801598 -0.000671209 0.000239655 -0.001909516 0.999997923
50.500222206 0.001855801 -0.014099387 -0.001803621 -0.000665786 0.000235571 -0.001922210 0.999997903
50.622220993 0.001859574 -0.014146014 -0.001803486 -0.000665060 0.000228199 -0.001932362 0.999997886
50.851911545 0.001859280 -0.014198644 -0.001804611 -0.000660767 0.000224063 -0.001950404 0.999997855
50.974926949 0.001858638 -0.014249575 -0.001804910 -0.000658421 0.000221431 -0.001968837 0.999997821
51.203350544 0.001857299 -0.014292198 -0.001806087 -0.000656044 0.000216291 -0.001986459 0.999997788
51.335118532 0.001856980 -0.014337604 -0.001806818 -0.000652444 0.000208494 -0.001996860 0.999997772
51.564604521 0.001858033 -0.014376922 -0.001808013 -0.000648949 0.000203675 -0.002008174 0.999997752
51.689416170 0.001858845 -0.014424418 -0.001808438 -0.000643073 0.000198149 -0.002021033 0.999997731
51.920117617 0.001859789 -0.014471271 -0.001809236 -0.000639254 0.000193585 -0.002031995 0.999997712
52.043496847 0.001857654 -0.014519023 -0.001809618 -0.000639454 0.000188939 -0.002048771 0.999997679
52.276921749 0.001857937 -0.014568242 -0.001811675 -0.000633568 0.000182449 -0.002066105 0.999997648
52.400802851 0.001859508 -0.014613292 -0.001811584 -0.000635112 0.000177704 -0.002077974 0.999997624
52.637987614 0.001860276 -0.014657903 -0.001812393 -0.000629978 0.000173436 -0.002096599 0.999997589
52.763624191 0.001858927 -0.014701471 -0.001814591 -0.000625465 0.000166182 -0.002112410 0.999997559
52.996506214 0.001858461 -0.014741288 -0.001815810 -0.000625868 0.000163165 -0.002122752 0.999997538
53.120601892 0.001859755 -0.014783845 -0.001814569 -0.000622486 0.000157872 -0.002133421 0.999997518
53.350326777 0.001858075 -0.014831759 -0.001819038 -0.000613150 0.000153708 -0.002154921 0.999997478
53.474563360 0.001858202 -0.014876848 -0.001819065 -0.000614133 0.000149934 -0.002166525 0.999997453
53.704878807 0.001858883 -0.014914083 -0.001818784 -0.000609038 0.000145534 -0.002175283 0.999997438
53.829653263 0.001858687 -0.014953279 -0.001821582 -0.000609856 0.000144130 -0.002193436 0.999997398
54.058109283 0.001860059 -0.014997643 -0.001823126 -0.000604673 0.000142524 -0.002205646 0.999997375
54.181511164 0.001860198 -0.015039667 -0.001823815 -0.000610677 0.000140672 -0.002211758 0.999997358
54.413548946 0.001859472 -0.015078647 -0.001825972 -0.000609124 0.000137759 -0.002216492 0.999997349
54.537797928 0.001859087 -0.015118666 -0.001828119 -0.000604497 0.000132934 -0.002232351 0.999997317
54.768130779 0.001857876 -0.015160316 -0.001829252 -0.000600808 0.000128788 -0.002241366 0.999997299
54.893029928 0.001858481 -0.015202072 -0.001829468 -0.000602753 0.000125879 -0.002253767 0.999997271
55.123876095 0.001858344 -0.015245992 -0.001830015 -0.000600979 0.000121213 -0.002262669 0.999997252
55.248144627 0.001862267 -0.015287637 -0.001829477 -0.000602367 0.000118010 -0.002275006 0.999997224
55.477362633 0.001862060 -0.015332350 -0.001830348 -0.000601685 0.000115049 -0.002288754 0.999997193
55.603993177 0.001867773 -0.015375325 -0.001830100 -0.000598311 0.000117358 -0.002302348 0.999997164
55.834286928 0.001875984 -0.015418030 -0.001830183 -0.000601149 0.000118890 -0.002315365 0.999997132
55.957402468 0.001885638 -0.015462818 -0.001828464 -0.000601575 0.000120660 -0.002326127 0.999997106
56.186626434 0.001894145 -0.015510188 -0.001828246 -0.000599291 0.000122153 -0.002339274 0.999997077
56.309672117 0.001900670 -0.015558656 -0.001828943 -0.000600131 0.000124963 -0.002355688 0.999997037
56.539465189 0.001905357 -0.015602577 -0.001829314 -0.000603103 0.000125658 -0.002366353 0.999997010
56.660767078 0.001915307 -0.015645518 -0.001827969 -0.000603788 0.000126456 -0.002378805 0.999996980
56.887409210 0.001921682 -0.015688066 -0.001828736 -0.000600840 0.000126167 -0.002388040 0.999996960
57.009753227 0.001928657 -0.015739001 -0.001827880 -0.000599239 0.000126392 -0.002405663 0.999996919
57.237208843 0.001935455 -0.015785241 -0.001828300 -0.000597814 0.000125555 -0.002419733 0.999996886
57.360716343 0.001942925 -0.015832562 -0.001827448 -0.000594200 0.000124250 -0.002430853 0.999996861
57.584859371 0.001949446 -0.015880699 -0.001827727 -0.000594158 0.000126010 -0.002444192 0.999996829
57.707432508 0.001957220 -0.015926836 -0.001828084 -0.000592619 0.000126403 -0.002457373 0.999996797
57.939442873 0.001968346 -0.015974752 -0.001826050 -0.000592142 0.000125744 -0.002466934 0.999996774
58.061057329 0.001976367 -0.016022339 -0.001826072 -0.000593317 0.000125486 -0.002476920 0.999996749
58.293097258 0.001978221 -0.016066155 -0.001826958 -0.000592814 0.000127402 -0.002489546 0.999996717
58.416251659 0.001985011 -0.016109279 -0.001827808 -0.000593487 0.000130079 -0.002501181 0.999996687
58.642866373 0.001993551 -0.016153634 -0.001828484 -0.000593355 0.000132147 -0.002506580 0.999996674
58.765688419 0.002001034 -0.016197890 -0.001828294 -0.000594729 0.000133065 -0.002519057 0.999996641
58.995296955 0.002002678 -0.016237574 -0.001830827 -0.000592647 0.000134230 -0.002530030 0.999996615
59.118380070 0.002009807 -0.016288248 -0.001830994 -0.000593389 0.000135340 -0.002544992 0.999996576
59.350655079 0.002018752 -0.016332185 -0.001830501 -0.000593873 0.000135254 -0.002553047 0.999996555
59.473473787 0.002028328 -0.016379041 -0.001830545 -0.000591607 0.000137347 -0.002563406 0.999996530
59.702261448 0.002035727 -0.016424703 -0.001831283 -0.000592249 0.000140183 -0.002573176 0.999996504
59.826263905 0.002039362 -0.016459891 -0.001833145 -0.000590805 0.000140332 -0.002586643 0.999996470
60.055485010 0.002045360 -0.016508476 -0.001833618 -0.000589892 0.000142052 -0.002595902 0.999996447
60.178567410 0.002051934 -0.016549257 -0.001834014 -0.000591357 0.000141845 -0.002604813 0.999996423
60.407093287 0.002055040 -0.016591074 -0.001834978 -0.000588175 0.000143094 -0.002615126 0.999996397
60.529685974 0.002064056 -0.016634218 -0.001834161 -0.000588594 0.000144291 -0.002622304 0.999996378
60.758490324 0.002067537 -0.016689351 -0.001837353 -0.000589416 0.000145091 -0.002636453 0.999996340
60.883349657 0.002074376 -0.016727242 -0.001836638 -0.000587413 0.000145772 -0.002648271 0.999996310
61.111230850 0.002082678 -0.016777653 -0.001838228 -0.000586669 0.000147524 -0.002667036 0.999996260
61.231770992 0.002088384 -0.016819966 -0.001837145 -0.000586629 0.000148280 -0.002679954 0.999996226
61.457931519 0.002099934 -0.016873511 -0.001837039 -0.000586121 0.000147977 -0.002687285 0.999996207
61.579266787 0.002106029 -0.016917625 -0.001837246 -0.000586704 0.000148137 -0.002696751 0.999996181
61.807674646 0.002113518 -0.016958153 -0.001836883 -0.000588903 0.000149222 -0.002708449 0.999996148
61.928414345 0.002117982 -0.017001006 -0.001838239 -0.000588824 0.000150220 -0.002719113 0.999996119
62.155032635 0.002125293 -0.017050195 -0.001838221 -0.000588942 0.000149110 -0.002733054 0.999996081
62.278139114 0.002130726 -0.017094220 -0.001840953 -0.000587318 0.000152201 -0.002746137 0.999996045
62.508018017 0.002135970 -0.017137132 -0.001840760 -0.000582793 0.000152134 -0.002758000 0.999996015
62.630447626 0.002136734 -0.017180896 -0.001844690 -0.000580825 0.000153714 -0.002775847 0.999995967
62.861984015 0.002142390 -0.017225990 -0.001846437 -0.000583472 0.000154265 -0.002786073 0.999995937
62.984472752 0.002151142 -0.017267966 -0.001846140 -0.000582039 0.000156648 -0.002797646 0.999995905
63.215904474 0.002156299 -0.017313888 -0.001848731 -0.000585623 0.000156570 -0.002812214 0.999995862
63.338409901 0.002163121 -0.017364900 -0.001850809 -0.000586210 0.000159934 -0.002825761 0.999995823
63.569739580 0.002168825 -0.017408819 -0.001851582 -0.000584661 0.000159960 -0.002840627 0.999995782
63.689648151 0.002177021 -0.017458648 -0.001851593 -0.000578477 0.000159094 -0.002851098 0.999995756
63.919508219 0.002186591 -0.017504842 -0.001850802 -0.000579822 0.000158387 -0.002857797 0.999995736
64.041997194 0.002195788 -0.017546500 -0.001849801 -0.000577031 0.000156783 -0.002867767 0.999995709
64.270297050 0.002204758 -0.017597662 -0.001849701 -0.000576072 0.000157853 -0.002882043 0.999995669
64.392868280 0.002209974 -0.017639345 -0.001851980 -0.000572628 0.000157039 -0.002894558 0.999995634
64.622740984 0.002216121 -0.017687006 -0.001852639 -0.000570617 0.000158588 -0.002906020 0.999995602
64.744714499 0.002220258 -0.017732599 -0.001854410 -0.000565169 0.000160098 -0.002917070 0.999995573
64.976505041 0.002222986 -0.017771157 -0.001856602 -0.000565928 0.000161083 -0.002931190 0.999995531
65.099153280 0.002230000 -0.017819739 -0.001857476 -0.000563445 0.000160383 -0.002943186 0.999995497
65.326739788 0.002235784 -0.017861921 -0.001856904 -0.000564387 0.000161851 -0.002949133 0.999995479
65.450047970 0.002242237 -0.017906792 -0.001856916 -0.000560681 0.000162383 -0.002965873 0.999995431
65.678600073 0.002248970 -0.017960999 -0.001857821 -0.000564057 0.000162717 -0.002980801 0.999995385
65.801763773 0.002259683 -0.018006217 -0.001857386 -0.000564237 0.000162144 -0.002989973 0.999995358
66.031703234 0.002266075 -0.018059386 -0.001858301 -0.000559746 0.000163263 -0.003010776 0.999995298
66.154587030 0.002273770 -0.018105654 -0.001858147 -0.000559717 0.000165006 -0.003021939 0.999995264
66.385859251 0.002279313 -0.018142144 -0.001861276 -0.000555252 0.000163789 -0.003033758 0.999995231
66.508481264 0.002284967 -0.018189359 -0.001861340 -0.000555109 0.000165896 -0.003046628 0.999995191
66.739677191 0.002290668 -0.018226435 -0.001862370 -0.000553392 0.000166214 -0.003056739 0.999995161
66.861527920 0.002294782 -0.018271647 -0.001863491 -0.000555603 0.000167452 -0.003066027 0.999995131
67.091825247 0.002300276 -0.018316339 -0.001863380 -0.000551080 0.000166338 -0.003077665 0.999995098
67.213362217 0.002306126 -0.018352491 -0.001864597 -0.000547462 0.000164906 -0.003089368 0.999995064
67.441809177 0.002311852 -0.018392401 -0.001865011 -0.000547155 0.000164642 -0.003095690 0.999995045
67.566135645 0.002320059 -0.018445677 -0.001865010 -0.000546096 0.000164892 -0.003104700 0.999995018
67.796196699 0.002328974 -0.018492960 -0.001864040 -0.000544025 0.000164220 -0.003117720 0.999994978
67.918531418 0.002334780 -0.018530619 -0.001866648 -0.000544538 0.000166284 -0.003125695 0.999994953
68.147964001 0.002339009 -0.018575469 -0.001868327 -0.000540269 0.000167721 -0.003138220 0.999994916
68.271454811 0.002346888 -0.018613739 -0.001868664 -0.000538896 0.000166385 -0.003145533 0.999994894
68.504435301 0.002350075 -0.018666660 -0.001870891 -0.000537835 0.000167464 -0.003160896 0.999994846
68.628777981 0.002356572 -0.018722864 -0.001872119 -0.000540422 0.000168222 -0.003174695 0.999994800
68.858068943 0.002364986 -0.018768524 -0.001873258 -0.000537587 0.000170129 -0.003183928 0.999994772
68.981256008 0.002376131 -0.018820549 -0.001872048 -0.000536646 0.000172044 -0.003193704 0.999994741
69.211297989 0.002382929 -0.018866789 -0.001872468 -0.000537961 0.000171506 -0.003207835 0.999994695
69.334478855 0.002391620 -0.018923907 -0.001872818 -0.000538715 0.000173094 -0.003227105 0.999994633
69.564539671 0.002396027 -0.018980296 -0.001872964 -0.000533491 0.000171659 -0.003243899 0.999994582
69.688959122 0.002399892 -0.019017215 -0.001874677 -0.000529102 0.000173345 -0.003253560 0.999994552
69.923004389 0.002408447 -0.019056898 -0.001874159 -0.000527175 0.000173731 -0.003261923 0.999994526
70.044575453 0.002414951 -0.019118156 -0.001877232 -0.000523667 0.000172336 -0.003287339 0.999994445
70.269906044 0.002424322 -0.019166116 -0.001876810 -0.000522818 0.000172160 -0.003302025 0.999994397
70.396719694 0.002430677 -0.019208614 -0.001877344 -0.000518873 0.000174178 -0.003312979 0.999994362
70.627913713 0.002438602 -0.019254159 -0.001878306 -0.000519276 0.000175362 -0.003326193 0.999994318
70.754027605 0.002442873 -0.019297504 -0.001878593 -0.000522076 0.000177148 -0.003333224 0.999994293
70.985708475 0.002450720 -0.019351629 -0.001880644 -0.000521657 0.000180443 -0.003352184 0.999994229
71.111432791 0.002456932 -0.019393260 -0.001883091 -0.000515463 0.000181039 -0.003365752 0.999994187
71.342244148 0.002462344 -0.019432845 -0.001884582 -0.000514808 0.000183108 -0.003377664 0.999994146
71.467804193 0.002470792 -0.019477943 -0.001885350 -0.000516827 0.000182549 -0.003386226 0.999994117
71.698424101 0.002479544 -0.019519919 -0.001885054 -0.000517659 0.000182879 -0.003394913 0.999994087
71.824123859 0.002487102 -0.019570557 -0.001884701 -0.000517597 0.000182911 -0.003412899 0.999994025
72.052289724 0.002494318 -0.019613313 -0.001884614 -0.000513520 0.000183209 -0.003431285 0.999993964
72.176313877 0.002502098 -0.019660113 -0.001885806 -0.000512315 0.000183809 -0.003445189 0.999993917
72.408179522 0.002509459 -0.019701616 -0.001885489 -0.000510809 0.000182660 -0.003461836 0.999993861
72.532815218 0.002516745 -0.019743064 -0.001888617 -0.000504831 0.000184688 -0.003477815 0.999993808
72.765532732 0.002519512 -0.019779269 -0.001892539 -0.000502286 0.000185520 -0.003488920 0.999993770
72.891584873 0.002528120 -0.019829343 -0.001892216 -0.000502122 0.000185119 -0.003506067 0.999993711
73.120303869 0.002535467 -0.019871457 -0.001892502 -0.000498951 0.000184991 -0.003521918 0.999993656
73.244841337 0.002540757 -0.019921643 -0.001892934 -0.000498974 0.000184065 -0.003540105 0.999993592
73.473428249 0.002548473 -0.019967961 -0.001893012 -0.000495169 0.000185068 -0.003552944 0.999993549
73.600358248 0.002557958 -0.020011170 -0.001892140 -0.000492674 0.000185241 -0.003563432 0.999993512
73.829240561 0.002562775 -0.020062898 -0.001894483 -0.000488533 0.000186071 -0.003579898 0.999993456
73.953435183 0.002564829 -0.020106885 -0.001897273 -0.000491748 0.000188191 -0.003592767 0.999993407
74.183873415 0.002573865 -0.020154470 -0.001897697 -0.000488612 0.000190679 -0.003602397 0.999993374
74.308118343 0.002582168 -0.020196432 -0.001897687 -0.000488766 0.000193338 -0.003613281 0.999993334
74.540930033 0.002590867 -0.020232408 -0.001898204 -0.000487353 0.000192870 -0.003620238 0.999993310
74.667086124 0.002596702 -0.020275685 -0.001899349 -0.000485049 0.000195215 -0.003637367 0.999993248
74.899285555 0.002600906 -0.020320154 -0.001900378 -0.000483232 0.000193993 -0.003646401 0.999993216
75.026233435 0.002607820 -0.020368485 -0.001900091 -0.000478919 0.000195190 -0.003662878 0.999993158
75.259856224 0.002615996 -0.020410721 -0.001907622 -0.000490297 0.000196656 -0.003677498 0.999993098
75.385560036 0.002623853 -0.020452485 -0.001911856 -0.000495540 0.000200087 -0.003683183 0.999993074
75.615180731 0.002631928 -0.020493048 -0.001912414 -0.000495128 0.000196825 -0.003700868 0.999993010
75.739020824 0.002637939 -0.020536114 -0.001914813 -0.000498977 0.000198526 -0.003713442 0.999992961
75.966427088 0.002644973 -0.020582294 -0.001917184 -0.000495703 0.000199989 -0.003730382 0.999992899
76.091188431 0.002654286 -0.020630435 -0.001916484 -0.000492485 0.000199286 -0.003742650 0.999992855
76.321393251 0.002658923 -0.020675199 -0.001917412 -0.000492571 0.000199148 -0.003754629 0.999992810
76.444932699 0.002667709 -0.020721003 -0.001917753 -0.000488717 0.000197720 -0.003776511 0.999992730
76.676417589 0.002671567 -0.020757260 -0.001918631 -0.000484977 0.000197288 -0.003789787 0.999992682
76.800116539 0.002680810 -0.020806193 -0.001918255 -0.000483168 0.000197374 -0.003803241 0.999992631
77.026955843 0.002686230 -0.020864187 -0.001920659 -0.000481364 0.000198898 -0.003819921 0.999992568
77.151223898 0.002693325 -0.020911033 -0.001920188 -0.000477642 0.000201230 -0.003831689 0.999992525
77.382206678 0.002701392 -0.020954992 -0.001920501 -0.000469685 0.000203616 -0.003844830 0.999992478
77.506283760 0.002708637 -0.021009695 -0.001922233 -0.000468445 0.000205678 -0.003857894 0.999992427
77.735200882 0.002717572 -0.021057029 -0.001921496 -0.000469780 0.000208527 -0.003870175 0.999992379
77.859292507 0.002726130 -0.021107946 -0.001921730 -0.000464564 0.000211898 -0.003882168 0.999992334
78.090301275 0.002735806 -0.021157175 -0.001921253 -0.000458988 0.000213870 -0.003891893 0.999992298
78.213912010 0.002744136 -0.021202302 -0.001921045 -0.000453476 0.000215552 -0.003905219 0.999992249
78.442360640 0.002755604 -0.021253193 -0.001921276 -0.000449354 0.000216578 -0.003915689 0.999992209
78.567493677 0.002763513 -0.021303410 -0.001923432 -0.000448783 0.000219503 -0.003927581 0.999992162
78.798129797 0.002771547 -0.021352322 -0.001925125 -0.000448121 0.000223863 -0.003939036 0.999992117
78.922497511 0.002780115 -0.021399843 -0.001925603 -0.000444588 0.000226634 -0.003952458 0.999992064
79.152364254 0.002789981 -0.021444190 -0.001925186 -0.000442190 0.000228257 -0.003962716 0.999992025
79.276324749 0.002800338 -0.021493041 -0.001925955 -0.000440860 0.000233411 -0.003975292 0.999991974
79.505033016 0.002808644 -0.021535335 -0.001926363 -0.000437248 0.000234624 -0.003987430 0.999991927
79.630729675 0.002815497 -0.021574550 -0.001927318 -0.000437316 0.000238438 -0.003998902 0.999991880
79.860964537 0.002822740 -0.021618020 -0.001928299 -0.000432235 0.000239933 -0.004010830 0.999991834
79.985807657 0.002831968 -0.021676015 -0.001930126 -0.000422514 0.000242506 -0.004032969 0.999991749
80.225589752 0.002842328 -0.021723261 -0.001929039 -0.000417066 0.000243766 -0.004044577 0.999991704
80.353404284 0.002849140 -0.021773279 -0.001929864 -0.000412896 0.000246159 -0.004060022 0.999991643
80.584706068 0.002856851 -0.021814360 -0.001932055 -0.000410610 0.000250363 -0.004070767 0.999991599
80.709419250 0.002860819 -0.021858373 -0.001934673 -0.000406764 0.000252666 -0.004081511 0.999991556
80.942798376 0.002868661 -0.021907777 -0.001935296 -0.000403650 0.000257170 -0.004098495 0.999991487
81.066509008 0.002881025 -0.021965208 -0.001934279 -0.000396409 0.000259705 -0.004110650 0.999991439
81.296572447 0.002889348 -0.022018123 -0.001934836 -0.000401542 0.000262463 -0.004120600 0.999991395
81.422615290 0.002897433 -0.022070582 -0.001936981 -0.000392219 0.000264706 -0.004142872 0.999991306
81.655805588 0.002908205 -0.022118072 -0.001935560 -0.000384560 0.000268085 -0.004153920 0.999991263
81.779997110 0.002918051 -0.022164306 -0.001937184 -0.000384762 0.000271018 -0.004162964 0.999991224
82.006393433 0.002925444 -0.022213696 -0.001938095 -0.000378250 0.000274813 -0.004174100 0.999991179
82.128347874 0.002932680 -0.022271795 -0.001939583 -0.000374527 0.000280767 -0.004197367 0.999991081
82.359312057 0.002938644 -0.022316036 -0.001942957 -0.000368872 0.000284269 -0.004206201 0.999991045
82.481282711 0.002952668 -0.022368929 -0.001942532 -0.000364354 0.000287700 -0.004221599 0.999990981
82.710643053 0.002958659 -0.022429690 -0.001944777 -0.000360789 0.000288794 -0.004249316 0.999990865
82.830938339 0.002968381 -0.022479682 -0.001945599 -0.000349615 0.000289889 -0.004264694 0.999990803
83.060463667 0.002975406 -0.022527321 -0.001945452 -0.000345213 0.000292310 -0.004282249 0.999990729
83.183935881 0.002980387 -0.022573454 -0.001946788 -0.000338287 0.000295108 -0.004299413 0.999990657
83.414071083 0.002986471 -0.022625024 -0.001947341 -0.000334129 0.000296885 -0.004317712 0.999990579
83.538854122 0.002991904 -0.022669049 -0.001950073 -0.000334259 0.000299973 -0.004331131 0.999990520
83.774394751 0.003000404 -0.022719632 -0.001953567 -0.000328165 0.000303234 -0.004347580 0.999990449
83.898965597 0.003009758 -0.022767873 -0.001953331 -0.000321974 0.000304106 -0.004363515 0.999990382
84.133389950 0.003022756 -0.022832614 -0.001953860 -0.000320705 0.000306137 -0.004384646 0.999990289
84.256305456 0.003035306 -0.022888891 -0.001953076 -0.000313239 0.000309994 -0.004401971 0.999990214
84.487537146 0.003048347 -0.022938770 -0.001953143 -0.000312558 0.000311881 -0.004414726 0.999990158
84.609867811 0.003053626 -0.022985510 -0.001953588 -0.000310376 0.000314402 -0.004429586 0.999990092
84.838148355 0.003056604 -0.023028301 -0.001954597 -0.000300086 0.000317563 -0.004446426 0.999990019
84.962008238 0.003066919 -0.023072146 -0.001957432 -0.000294536 0.000320625 -0.004464935 0.999989937
85.189701557 0.003076332 -0.023127050 -0.001957219 -0.000290681 0.000323776 -0.004485632 0.999989845
85.310814857 0.003080417 -0.023179998 -0.001958872 -0.000288147 0.000326534 -0.004502782 0.999989768
85.537652254 0.003090745 -0.023232196 -0.001959164 -0.000281489 0.000329752 -0.004514610 0.999989715
85.658946276 0.003098740 -0.023274496 -0.001961067 -0.000282091 0.000333534 -0.004527364 0.999989656
85.885575533 0.003106217 -0.023322480 -0.001961051 -0.000281466 0.000337435 -0.004543197 0.999989583
86.008286953 0.003115063 -0.023365982 -0.001963353 -0.000272849 0.000340991 -0.004564463 0.999989487
86.234197140 0.003127098 -0.023414920 -0.001961999 -0.000272784 0.000343290 -0.004577848 0.999989425
86.355496407 0.003136791 -0.023468258 -0.001962344 -0.000265643 0.000345631 -0.004591183 0.999989365
86.581900835 0.003146063 -0.023513845 -0.001962445 -0.000268224 0.000348771 -0.004604135 0.999989304
86.702751637 0.003157681 -0.023557301 -0.001963537 -0.000265563 0.000352819 -0.004615865 0.999989249
86.928178787 0.003169395 -0.023607189 -0.001964698 -0.000264697 0.000361827 -0.004633477 0.999989165
87.048757553 0.003178805 -0.023663699 -0.001966340 -0.000259452 0.000370916 -0.004652876 0.999989073
87.273379564 0.003185341 -0.023715614 -0.001967024 -0.000256073 0.000376219 -0.004673764 0.999988974
87.391996384 0.003195772 -0.023764004 -0.001967887 -0.000255422 0.000384930 -0.004695314 0.999988870
87.616269827 0.003208188 -0.023822530 -0.001968586 -0.000257234 0.000392907 -0.004722876 0.999988737
87.735657215 0.003221003 -0.023875401 -0.001970230 -0.000256609 0.000400113 -0.004733858 0.999988682
87.960478306 0.003234358 -0.023938445 -0.001971828 -0.000258985 0.000408321 -0.004746205 0.999988620
88.080113411 0.003241718 -0.023979432 -0.001975050 -0.000264220 0.000414603 -0.004755080 0.999988574
88.304671764 0.003252581 -0.024025664 -0.001977076 -0.000265064 0.000421763 -0.004769984 0.999988499
88.422745466 0.003259958 -0.024068823 -0.001978846 -0.000269446 0.000425018 -0.004780448 0.999988447
88.648169994 0.003267971 -0.024128072 -0.001984180 -0.000273550 0.000436192 -0.004796889 0.999988362
88.766037226 0.003277351 -0.024174573 -0.001986277 -0.000272424 0.000443738 -0.004809980 0.999988296
88.992722511 0.003291035 -0.024217463 -0.001987801 -0.000275273 0.000447657 -0.004825812 0.999988218
89.112709999 0.003297108 -0.024267523 -0.001990640 -0.000276689 0.000453792 -0.004845515 0.999988119
89.343406439 0.003303831 -0.024327065 -0.001993575 -0.000280080 0.000462287 -0.004867011 0.999988010
89.465045691 0.003315207 -0.024376246 -0.001995163 -0.000286091 0.000467197 -0.004882305 0.999987931
89.696305990 0.003328745 -0.024426903 -0.001996243 -0.000287698 0.000473134 -0.004901490 0.999987834
89.818322420 0.003339321 -0.024477913 -0.002001422 -0.000284772 0.000484211 -0.004928436 0.999987697
90.047648191 0.003348696 -0.024528142 -0.002003693 -0.000286217 0.000492362 -0.004951489 0.999987579
90.170925617 0.003361324 -0.024586227 -0.002005693 -0.000288678 0.000499905 -0.004973459 0.999987466
90.397351503 0.003372612 -0.024634029 -0.002009056 -0.000289851 0.000509067 -0.004992660 0.999987365
90.518937111 0.003386685 -0.024694013 -0.002013213 -0.000293865 0.000521080 -0.005006635 0.999987288
90.744617939 0.003396192 -0.024737088 -0.002016530 -0.000303326 0.000528952 -0.005013605 0.999987246
90.864390373 0.003406810 -0.024788714 -0.002018634 -0.000300985 0.000536220 -0.005035320 0.999987134
91.091286898 0.003419610 -0.024848709 -0.002020206 -0.000303302 0.000543220 -0.005058666 0.999987011
91.216117620 0.003430332 -0.024898981 -0.002021616 -0.000309219 0.000551583 -0.005082842 0.999986882
91.445405483 0.003440829 -0.024956633 -0.002025609 -0.000307466 0.000562400 -0.005106201 0.999986758
91.566058159 0.003448058 -0.025000715 -0.002027193 -0.000304262 0.000568844 -0.005124349 0.999986662
91.794221401 0.003451396 -0.025063431 -0.002033898 -0.000308669 0.000576143 -0.005146059 0.999986545
91.916452408 0.003461830 -0.025109699 -0.002036443 -0.000307139 0.000584029 -0.005166345 0.999986437
92.141399860 0.003468786 -0.025157947 -0.002040577 -0.000309622 0.000590583 -0.005185524 0.999986333
92.263145685 0.003479264 -0.025204648 -0.002044004 -0.000310255 0.000600868 -0.005203473 0.999986233
92.488913536 0.003490608 -0.025247879 -0.002046637 -0.000314096 0.000609101 -0.005216023 0.999986162
92.610742092 0.003503564 -0.025307614 -0.002049232 -0.000318116 0.000616430 -0.005243845 0.999986010
92.840062141 0.003516780 -0.025357283 -0.002050554 -0.000319030 0.000622910 -0.005263349 0.999985904
92.962109566 0.003521331 -0.025411902 -0.002054008 -0.000321322 0.000632322 -0.005286805 0.999985773
93.186263561 0.003534982 -0.025470647 -0.002057246 -0.000321794 0.000639486 -0.005307950 0.999985656
93.306642532 0.003543786 -0.025522498 -0.002060684 -0.000323856 0.000646648 -0.005330244 0.999985533
93.533448696 0.003554381 -0.025564778 -0.002064078 -0.000329162 0.000651264 -0.005340656 0.999985472
93.656431198 0.003567277 -0.025615912 -0.002064376 -0.000330478 0.000655915 -0.005363293 0.999985348
93.886224985 0.003574147 -0.025667687 -0.002067755 -0.000333930 0.000663736 -0.005386540 0.999985216
94.007846832 0.003585233 -0.025730280 -0.002070138 -0.000337800 0.000674095 -0.005411891 0.999985071
94.233523130 0.003594483 -0.025781814 -0.002072872 -0.000344874 0.000679235 -0.005428992 0.999984973
94.352565289 0.003606106 -0.025831929 -0.002077663 -0.000343989 0.000688991 -0.005445676 0.999984876
94.580444098 0.003613056 -0.025881967 -0.002079697 -0.000350673 0.000694486 -0.005463396 0.999984773
94.698586941 0.003626370 -0.025929103 -0.002083027 -0.000349111 0.000702153 -0.005474477 0.999984707
94.928239822 0.003641471 -0.025982145 -0.002083700 -0.000353736 0.000706962 -0.005496462 0.999984582
95.050936460 0.003652074 -0.026017153 -0.002082791 -0.000358547 0.000711451 -0.005507457 0.999984516
95.278483391 0.003659608 -0.026077797 -0.002085661 -0.000359514 0.000717785 -0.005525097 0.999984414
95.398919821 0.003669484 -0.026135977 -0.002089105 -0.000360546 0.000719594 -0.005545630 0.999984299
95.622858047 0.003672796 -0.026202370 -0.002095751 -0.000351858 0.000723451 -0.005590974 0.999984047
95.744679928 0.003684627 -0.026258740 -0.002097213 -0.000346918 0.000724353 -0.005606507 0.999983961
95.971997023 0.003687078 -0.026314487 -0.002100607 -0.000344706 0.000729428 -0.005629919 0.999983826
96.091729641 0.003698282 -0.026377050 -0.002103966 -0.000337120 0.000732842 -0.005658071 0.999983668
96.317116976 0.003711007 -0.026430664 -0.002105702 -0.000333243 0.000734851 -0.005677843 0.999983555
96.436542273 0.003725113 -0.026490086 -0.002109488 -0.000335294 0.000736376 -0.005685832 0.999983508
96.665351152 0.003735811 -0.026554753 -0.002115129 -0.000337005 0.000739952 -0.005698739 0.999983432
96.787678957 0.003754993 -0.026616471 -0.002115283 -0.000335775 0.000738898 -0.005709842 0.999983369
97.012833834 0.003753900 -0.026688161 -0.002123615 -0.000329861 0.000747457 -0.005744728 0.999983165
97.133594036 0.003771481 -0.026749148 -0.002129942 -0.000331217 0.000751412 -0.005753037 0.999983114
97.360719681 0.003788058 -0.026805133 -0.002134256 -0.000331110 0.000757516 -0.005768865 0.999983018
97.481482267 0.003807495 -0.026873354 -0.002135918 -0.000323588 0.000762292 -0.005781913 0.999982942
97.710079193 0.003818537 -0.026939390 -0.002141968 -0.000320663 0.000769224 -0.005811695 0.999982765
97.840044260 0.003834880 -0.027003701 -0.002149887 -0.000311525 0.000777463 -0.005832680 0.999982639
98.070670128 0.003849694 -0.027072423 -0.002154047 -0.000310505 0.000785073 -0.005846867 0.999982551
98.192015648 0.003876230 -0.027150208 -0.002157183 -0.000304802 0.000789471 -0.005873057 0.999982395
98.426029682 0.003899784 -0.027215971 -0.002158039 -0.000301085 0.000793098 -0.005888971 0.999982300
98.548895121 0.003914171 -0.027271890 -0.002160110 -0.000297313 0.000798967 -0.005904688 0.999982204
98.780500412 0.003931068 -0.027328863 -0.002164183 -0.000289223 0.000802687 -0.005928838 0.999982060
98.903772593 0.003942363 -0.027386293 -0.002166441 -0.000287474 0.000806554 -0.005962706 0.999981856
99.131119967 0.003944883 -0.027451119 -0.002176923 -0.000276820 0.000816654 -0.006022894 0.999981490
99.251323462 0.003967169 -0.027518647 -0.002181425 -0.000274494 0.000823387 -0.006063823 0.999981238
99.479948759 0.003984656 -0.027571596 -0.002185827 -0.000270555 0.000829306 -0.006088370 0.999981085
99.601400375 0.004007670 -0.027635120 -0.002191865 -0.000266712 0.000838169 -0.006107715 0.999980961
99.831352949 0.004020395 -0.027690671 -0.002195875 -0.000267272 0.000843799 -0.006129748 0.999980821
99.953649044 0.004038092 -0.027743362 -0.002197621 -0.000264436 0.000844295 -0.006154008 0.999980673
100.179336786 0.004055092 -0.027817817 -0.002206471 -0.000251042 0.000841594 -0.006186624 0.999980477
100.300236225 0.004062377 -0.027885460 -0.002211276 -0.000247809 0.000839770 -0.006210318 0.999980332
100.525108814 0.004075400 -0.027947431 -0.002221215 -0.000233777 0.000840065 -0.006231235 0.999980205
100.644536495 0.004090484 -0.028013078 -0.002228221 -0.000230832 0.000839672 -0.006250556 0.999980086
100.875086546 0.004089136 -0.028076329 -0.002232770 -0.000231590 0.000840104 -0.006284019 0.999979876
100.996731758 0.004094592 -0.028148354 -0.002243642 -0.000212962 0.000837991 -0.006312297 0.999979703
101.222868919 0.004104055 -0.028227579 -0.002251627 -0.000204453 0.000841695 -0.006343024 0.999979508
101.344095230 0.004116795 -0.028306076 -0.002261932 -0.000195529 0.000841477 -0.006367890 0.999979352
101.572987318 0.004138198 -0.028368906 -0.002265814 -0.000191113 0.000837612 -0.006372970 0.999979323
101.694244385 0.004141244 -0.028427287 -0.002273237 -0.000183420 0.000836904 -0.006404103 0.999979126
101.922828436 0.004158185 -0.028495594 -0.002278526 -0.000181426 0.000834799 -0.006414982 0.999979059
102.043841600 0.004168212 -0.028565508 -0.002288721 -0.000170027 0.000835770 -0.006448113 0.999978847
102.272113800 0.004437201 -0.028640273 -0.002240281 -0.000096859 0.000748345 -0.006464944 0.999978817
102.396710634 0.005977758 -0.028772419 -0.001954235 0.000237295 0.000231693 -0.006424147 0.999979310
102.583013773 0.009556294 -0.029028962 -0.001338495 0.001031880 -0.001023552 -0.006360171 0.999978718
102.653584480 0.015294893 -0.029592023 -0.000195878 0.002404892 -0.002902732 -0.006489671 0.999971837
102.819239855 0.023534804 -0.030723839 0.001463399 0.003567985 -0.005473177 -0.007274813 0.999952194
102.882923841 0.032551822 -0.032236398 0.003074743 0.003820437 -0.007875648 -0.008514357 0.999925439
103.040555477 0.041616301 -0.033885275 0.004207068 0.003588177 -0.009929159 -0.009973267 0.999894530
103.098338604 0.051529834 -0.035788022 0.004845033 0.003244199 -0.011812983 -0.011620469 0.999857436
103.258256912 0.061669432 -0.038101583 0.005069389 0.002480055 -0.013333044 -0.013220652 0.999820631
103.317469835 0.071917241 -0.040290805 0.005081403 0.002108816 -0.014394342 -0.014782538 0.999784893
103.479240179 0.082318041 -0.040575279 0.005154184 0.003283008 -0.014925196 -0.015259803 0.999766772
103.542785645 0.091594111 -0.040366128 0.004944747 0.002944500 -0.015051675 -0.014796413 0.999772896
103.701991320 0.101200978 -0.040267188 0.003972503 0.002032222 -0.015001621 -0.013897998 0.999788811
103.760412693 0.111250958 -0.041001522 0.003339868 0.000091714 -0.014772244 -0.013093468 0.999805148
103.917587042 0.122134328 -0.041946518 0.002920213 -0.002340208 -0.014294647 -0.011980222 0.999823315
103.976778746 0.133075395 -0.042659760 0.002464995 -0.004041635 -0.013416439 -0.011267467 0.999838341
104.134009600 0.143943789 -0.043585262 0.002026352 -0.005770511 -0.012262281 -0.011160840 0.999845875
104.190052986 0.154889991 -0.045342936 0.001646494 -0.008730986 -0.011053038 -0.011484580 0.999834839
104.346772909 0.165984513 -0.047360985 0.001383884 -0.011596338 -0.009823973 -0.012017872 0.999812275
104.403725863 0.177177014 -0.049225508 0.001312776 -0.013804267 -0.008523365 -0.012710543 0.999787596
104.560863733 0.188427578 -0.051068304 0.001284383 -0.015750722 -0.007085483 -0.013378544 0.999761334
104.614667416 0.199804349 -0.053313893 0.001130129 -0.018596486 -0.005646735 -0.013949769 0.999713804
104.775946856 0.211296845 -0.055500726 0.000730147 -0.021059074 -0.004202700 -0.014525300 0.999663878
104.832844734 0.222831059 -0.057066379 0.000211895 -0.022069136 -0.002817489 -0.014936853 0.999640888
104.991302729 0.234408991 -0.058749681 -0.000507467 -0.023337261 -0.001596982 -0.015154597 0.999611505
105.049915791 0.246171377 -0.061060016 -0.001442315 -0.025679342 -0.000539091 -0.015228785 0.999554083
105.212228060 0.258091842 -0.063306366 -0.001092172 -0.027639869 0.000074732 -0.014966304 0.999505899
105.268868208 0.269924791 -0.064903596 0.000452980 -0.027369507 0.000111402 -0.014230548 0.999524081
105.429340124 0.281572372 -0.066625862 0.001841565 -0.026903822 -0.000228738 -0.013320233 0.999549250
105.486798525 0.293216878 -0.068523294 0.002337714 -0.026189796 -0.000749828 -0.012369966 0.999580170
105.648283482 0.301967674 -0.069746330 0.004875290 -0.028743710 -0.000637364 -0.018284852 0.999419360
105.704141855 0.306487641 -0.069740449 0.007486389 -0.032869298 -0.000054310 -0.030187288 0.999003671
105.862510204 0.311808837 -0.069638767 0.008070796 -0.035577968 0.000092576 -0.042136095 0.998478217
105.917502403 0.317765597 -0.068776170 0.007320916 -0.035117127 -0.000279255 -0.052917966 0.997981161
106.079661608 0.324292715 -0.067132569 0.004914328 -0.030967076 -0.001177626 -0.062802307 0.997544748
106.140898228 0.332382832 -0.066470614 0.002978555 -0.028566382 -0.002981862 -0.070896544 0.997070083
106.308327436 0.341295047 -0.066692450 0.001235156 -0.027147602 -0.005328984 -0.076792386 0.996663202
106.373506069 0.350438571 -0.067534064 0.000098930 -0.025583986 -0.007792218 -0.080638474 0.996384553
106.533053637 0.357600145 -0.069455152 0.004174442 -0.032393126 -0.009078093 -0.086553139 0.995679079
106.589156866 0.364485722 -0.070333901 0.007711983 -0.038614750 -0.010422663 -0.093388424 0.994826051
106.749848366 0.372819649 -0.070633340 0.009247845 -0.041953550 -0.012252051 -0.100386793 0.993988068
106.811264038 0.380715729 -0.069997410 0.008971672 -0.040031179 -0.014273073 -0.105928994 0.993465063
106.972357512 0.388795970 -0.069627878 0.006922769 -0.035266090 -0.016399930 -0.110997491 0.993059365
107.035632849 0.397431944 -0.070912447 0.004253414 -0.030502655 -0.018390924 -0.115169204 0.992707115
107.202159166 0.406501552 -0.074256235 0.003723825 -0.029136733 -0.019657307 -0.116709601 0.992543959
107.263348579 0.416303597 -0.077646530 0.003198871 -0.027557536 -0.020627292 -0.117755647 0.992445819
107.424451351 0.425459633 -0.080494651 0.002568600 -0.024294393 -0.021594206 -0.118113948 0.992467918
107.483568668 0.435740105 -0.084862097 0.003007229 -0.022700906 -0.022207313 -0.116973093 0.992627221
107.642111301 0.447306300 -0.088315206 0.004577129 -0.021086654 -0.022399267 -0.115039631 0.992884439
107.700719833 0.462035418 -0.087716849 0.008743574 -0.019970350 -0.022338944 -0.113092865 0.993132499
107.861350775 0.477340252 -0.088610145 0.011504326 -0.021939676 -0.021840665 -0.110403895 0.993404558
107.921754599 0.492863353 -0.090878975 0.011576067 -0.025330086 -0.020942522 -0.107350695 0.993677828
108.083564520 0.508236750 -0.093078557 0.009879113 -0.026222611 -0.020182122 -0.104226182 0.994002998
108.142849922 0.522385085 -0.093525592 0.007211201 -0.022568516 -0.020099550 -0.104772238 0.994036945
108.306980371 0.535446870 -0.095788185 0.003864776 -0.021599634 -0.019428472 -0.106251174 0.993914825
108.368616343 0.548064331 -0.099270653 0.001966896 -0.021731208 -0.018624284 -0.107588822 0.993783445
108.533491850 0.560244169 -0.102984792 0.002979638 -0.020490387 -0.018056558 -0.108761354 0.993692645
108.594690800 0.572097289 -0.106960890 0.004259024 -0.018116852 -0.017568236 -0.109744761 0.993639383
108.757130623 0.583605991 -0.111910013 0.005807279 -0.016897360 -0.017006618 -0.110809092 0.993552515
108.817008734 0.595071759 -0.117427873 0.006794976 -0.016477216 -0.016364155 -0.112274531 0.993405831
108.980587482 0.607507281 -0.121492349 0.007912415 -0.013605365 -0.016212574 -0.114812837 0.993161648
109.042001724 0.621189169 -0.126039826 0.009328458 -0.011243483 -0.016226010 -0.116560923 0.992987337
109.204376459 0.635619084 -0.131099083 0.011986382 -0.011208351 -0.015974882 -0.118998395 0.992702653
109.264321089 0.650783794 -0.136241634 0.014871812 -0.012342320 -0.015544145 -0.122020752 0.992329070
109.424201727 0.666192597 -0.141754416 0.016274646 -0.012868845 -0.015237251 -0.123920113 0.992091742
109.483999729 0.681697466 -0.147738595 0.016630094 -0.013779962 -0.014818810 -0.124878161 0.991965705
109.644779205 0.696929482 -0.153600806 0.017183123 -0.014263549 -0.014372128 -0.124631954 0.991996406
109.705509663 0.711754297 -0.159511395 0.018199775 -0.014979861 -0.013753035 -0.123351411 0.992154669
109.867497683 0.726475175 -0.164981485 0.020282542 -0.015035471 -0.013095620 -0.121191270 0.992428897
109.927155256 0.741313903 -0.170283129 0.021885735 -0.013872796 -0.012639786 -0.118501539 0.992776494
110.087348938 0.755843023 -0.175621126 0.022343144 -0.011332302 -0.012476299 -0.114866586 0.993237931
110.147353411 0.769593208 -0.181759330 0.023926663 -0.010845313 -0.012206002 -0.110434390 0.993749283
110.307347536 0.782960840 -0.188333054 0.026246266 -0.011672703 -0.012000381 -0.105394641 0.994289550
110.366830826 0.796102594 -0.194582668 0.027706589 -0.011489455 -0.011892895 -0.099773728 0.994872733
110.531224012 0.808919095 -0.200732279 0.028468394 -0.011281047 -0.011550973 -0.094958277 0.995350310
110.591861248 0.821251634 -0.206908437 0.029468191 -0.011134536 -0.011731543 -0.090803711 0.995737455
110.752549887 0.833069126 -0.213561516 0.030535325 -0.011693651 -0.012435856 -0.086999031 0.996062135
110.814973116 0.844666273 -0.220594051 0.030970059 -0.012504248 -0.013642343 -0.083073774 0.996371556
110.973048449 0.855869979 -0.227991333 0.031184757 -0.014447561 -0.015329932 -0.078972838 0.996654179
111.032728195 0.866737616 -0.235127576 0.031019650 -0.016050748 -0.017574444 -0.074516417 0.996935713
111.189839602 0.877317970 -0.241991846 0.031115116 -0.017114205 -0.020524079 -0.069719689 0.997208620
111.248400450 0.887740219 -0.248551889 0.032037297 -0.017730746 -0.024248510 -0.064465434 0.997467713
111.400619030 0.897999045 -0.255220313 0.032870995 -0.018799611 -0.028325389 -0.059344582 0.997658492
111.460125685 0.908118814 -0.261814734 0.033542643 -0.020193242 -0.032403388 -0.054681228 0.997773630
111.610520601 0.918232701 -0.267160126 0.033389768 -0.019180921 -0.036155725 -0.051551440 0.997831301
111.668152809 0.928239393 -0.270909799 0.032935437 -0.015878893 -0.039468690 -0.050621035 0.997811402
111.816520691 0.938202268 -0.273908741 0.033549729 -0.013462368 -0.042439352 -0.051400930 0.997685126
111.874830723 0.948156070 -0.276689613 0.033966466 -0.011431965 -0.045189190 -0.052434792 0.997535884
112.018145323 0.957895535 -0.280154003 0.035113916 -0.012221646 -0.047240155 -0.053819155 0.997357758
112.075994968 0.967588890 -0.283769346 0.035869407 -0.013552937 -0.048807179 -0.055744224 0.997159345
112.224260569 0.977348066 -0.288061915 0.036072077 -0.016189011 -0.050078184 -0.058257518 0.996913313
112.282028675 0.987121573 -0.292226711 0.037977508 -0.018230488 -0.051090012 -0.062170678 0.996590320
112.429278851 0.996912766 -0.295834349 0.040372313 -0.018231981 -0.051994134 -0.066784458 0.996244970
112.486171961 1.006938510 -0.299407033 0.041310358 -0.016825452 -0.053146572 -0.070329730 0.995964897
112.632370710 1.017136922 -0.303274149 0.042245877 -0.016160822 -0.054043639 -0.072645234 0.995761409
112.691259861 1.027442961 -0.307060067 0.042769996 -0.015306448 -0.054802554 -0.074044701 0.995630340
112.839806557 1.037797356 -0.310616019 0.042967281 -0.013684428 -0.055482908 -0.074957587 0.995547961
112.901066303 1.048098632 -0.314215152 0.043029485 -0.011825215 -0.055984452 -0.075727237 0.995485455
113.046221495 1.058303570 -0.317811538 0.043106689 -0.009787026 -0.056335080 -0.076430410 0.995434059
113.103604078 1.068365373 -0.321618703 0.044394348 -0.009249772 -0.056392298 -0.076871750 0.995401971
113.248018026 1.078426515 -0.325733030 0.046459849 -0.010338022 -0.056097260 -0.076688517 0.995422068
113.306171894 1.088805126 -0.330015376 0.047448034 -0.011075609 -0.055645948 -0.075924662 0.995498019
113.450761557 1.099017959 -0.334773532 0.048422374 -0.012404702 -0.054748231 -0.075100079 0.995594663
113.505907536 1.109351851 -0.339635378 0.048923172 -0.013529986 -0.054015637 -0.074590624 0.995658320
113.651074409 1.119709631 -0.344133881 0.049097973 -0.014266829 -0.053170208 -0.074655906 0.995688647
113.708429575 1.129963772 -0.347602529 0.050152159 -0.014158323 -0.052101834 -0.075567537 0.995677904
113.855103970 1.140338742 -0.350853890 0.051247966 -0.014858015 -0.050601586 -0.077140187 0.995624483
113.911257744 1.151023641 -0.353815508 0.051867678 -0.015081426 -0.048941521 -0.078761595 0.995577164
114.056654930 1.162074741 -0.356461383 0.052190518 -0.014467309 -0.047278914 -0.080130857 0.995557355
114.112128019 1.173062541 -0.359043179 0.052591169 -0.012579824 -0.045626706 -0.080741085 0.995610782
114.257297754 1.184037786 -0.361703212 0.052277603 -0.009989104 -0.044019919 -0.081117050 0.995681921
114.313362122 1.195052977 -0.364448599 0.051152867 -0.006518809 -0.042469841 -0.081265157 0.995765932
114.461941719 1.206033882 -0.367806947 0.048889597 -0.002611945 -0.040893658 -0.081310980 0.995846078
114.517562389 1.216468445 -0.373654226 0.048078338 -0.004753776 -0.038473094 -0.081702870 0.995902537
114.669080019 1.226915250 -0.379256518 0.049033901 -0.006276631 -0.036470813 -0.082085961 0.995937939
114.724694967 1.237180985 -0.383478128 0.052100629 -0.004907105 -0.035149643 -0.082121971 0.995990163
114.877237082 1.247217219 -0.387304756 0.055272437 -0.002893559 -0.034165516 -0.081759629 0.996062100
114.934500456 1.257162808 -0.390808920 0.057831403 -0.000429605 -0.033347011 -0.081180818 0.996141289
115.084069729 1.267015902 -0.394049985 0.059976761 0.001735561 -0.032442598 -0.080882253 0.996194021
115.143011808 1.276951401 -0.397106269 0.061732870 0.003850979 -0.031532763 -0.080683249 0.996233441
115.293653011 1.286838200 -0.400536407 0.063575409 0.005386952 -0.030728053 -0.080337670 0.996279392
115.351159573 1.296603504 -0.404667908 0.065631564 0.005699327 -0.029928762 -0.079988064 0.996330114
115.502707481 1.306511366 -0.409123033 0.067269999 0.006171010 -0.029315260 -0.079089584 0.996417268
115.560395718 1.316606150 -0.414134652 0.068891384 0.006853137 -0.029029345 -0.077330350 0.996559255
115.707616568 1.326844628 -0.420311485 0.070641518 0.005681993 -0.028689372 -0.075028102 0.996752436
115.765802383 1.337159828 -0.426443855 0.072015128 0.005919853 -0.028624128 -0.071941144 0.996980485
115.916594267 1.347276153 -0.432743712 0.073244096 0.006703143 -0.028839594 -0.067505283 0.997279491
115.972171068 1.357210772 -0.439562842 0.074909622 0.006301325 -0.028881567 -0.062302007 0.997619471
116.119571924 1.367316149 -0.446115205 0.075679125 0.007519926 -0.029083964 -0.056741759 0.997936845
116.175009966 1.377586408 -0.452472368 0.074992255 0.010902997 -0.029592369 -0.050967706 0.998202239
116.324327946 1.387870954 -0.459029376 0.073144135 0.015249701 -0.030260267 -0.044843558 0.998419160
116.383928061 1.398256093 -0.466539036 0.071993186 0.017323961 -0.030987977 -0.038193882 0.998639501
116.535759449 1.408626062 -0.474117288 0.073857232 0.017225977 -0.031880311 -0.030292178 0.998884025
116.594215631 1.419114213 -0.482476915 0.075846529 0.014433809 -0.032564349 -0.022099615 0.999121031
116.744209290 1.429637677 -0.491290041 0.076653436 0.010611642 -0.032834557 -0.014789409 0.999295031
116.802608490 1.440505053 -0.500060719 0.075897410 0.007736501 -0.033392378 -0.007944949 0.999380795
116.955795050 1.451472382 -0.508106754 0.075703539 0.005582892 -0.033807445 -0.002262060 0.999410212
117.017372847 1.462476157 -0.514375403 0.076435392 0.005911061 -0.034104504 0.001914970 0.999398957
117.171188354 1.473527392 -0.519855198 0.076653070 0.007287664 -0.034217623 0.004877452 0.999375933
117.232693434 1.484506544 -0.524800755 0.076679107 0.008388992 -0.033968202 0.006332677 0.999367642
117.383666515 1.495555493 -0.529147752 0.076805249 0.008915937 -0.033383920 0.006341189 0.999382714
117.444735050 1.506761139 -0.533069614 0.076275056 0.009400170 -0.032535652 0.005109529 0.999413308
117.597335815 1.518147325 -0.536266238 0.075671757 0.010575955 -0.031501712 0.003150272 0.999442778
117.658640623 1.529677863 -0.539061281 0.075162105 0.011919057 -0.030358482 0.001198531 0.999467289
117.811481953 1.541237008 -0.541658332 0.075037852 0.012752582 -0.029056284 -0.000654137 0.999496211
117.874501467 1.552934391 -0.544628966 0.074698249 0.012433827 -0.027616557 -0.002537504 0.999538037
118.026950598 1.564960077 -0.548058122 0.074366020 0.011648411 -0.026334041 -0.003578341 0.999578925
118.086779118 1.577202356 -0.551733412 0.074943696 0.011105047 -0.024800883 -0.003706058 0.999623859
118.239959478 1.589620611 -0.555670258 0.074861294 0.011261720 -0.023113122 -0.003318026 0.999663918
118.301134586 1.601805588 -0.559064031 0.074629553 0.014391781 -0.021297449 -0.002126074 0.999667332
118.457515955 1.613718440 -0.562957763 0.075232868 0.016399752 -0.019271734 -0.000478931 0.999679658
118.518381834 1.625405661 -0.567240111 0.076640187 0.016506348 -0.017238368 0.000334279 0.999715093
118.674290657 1.637089536 -0.571078283 0.077663699 0.017412171 -0.015303078 0.001190890 0.999730571
118.732521057 1.648627838 -0.574498926 0.078689214 0.018675135 -0.013503806 0.002157560 0.999732080
118.890912294 1.659930066 -0.577449943 0.079797700 0.020656931 -0.011828879 0.003290761 0.999711228
118.952109337 1.670916433 -0.579746531 0.081362084 0.023117213 -0.010115112 0.004131561 0.999673051
119.113002300 1.681776356 -0.581743055 0.082913197 0.025119823 -0.008365903 0.004592797 0.999638891
119.173115015 1.692750291 -0.583896295 0.083781535 0.026532048 -0.006759186 0.005217979 0.999611493
119.333667517 1.703840939 -0.586305164 0.084217882 0.027684749 -0.005421769 0.006391071 0.999581569
119.392116070 1.714973974 -0.589533492 0.084981373 0.026789451 -0.004352946 0.007844248 0.999600843
119.554962397 1.726162946 -0.592900165 0.085626415 0.025555558 -0.003492635 0.009520370 0.999621967
119.616467476 1.737396766 -0.595530476 0.086178483 0.026002075 -0.002939546 0.011671365 0.999589431
119.780859947 1.748528330 -0.598222477 0.086475964 0.026351595 -0.002619873 0.013891348 0.999552780
119.842142105 1.759678721 -0.601541544 0.086855915 0.025097857 -0.002622344 0.016230367 0.999549797
120.006495714 1.770856415 -0.605056791 0.086967076 0.023519621 -0.002903642 0.018715883 0.999543952
120.069594860 1.782019550 -0.608430136 0.086888115 0.022408815 -0.003584978 0.021541136 0.999510366
120.229943514 1.793039242 -0.611594900 0.087219859 0.021697229 -0.004553893 0.024416087 0.999456026
120.291308403 1.804009113 -0.615065939 0.087581697 0.020354951 -0.005687194 0.027007929 0.999411779
120.455904007 1.814870577 -0.618123836 0.088070177 0.019812795 -0.006978339 0.029230100 0.999351969
120.514820576 1.825538241 -0.620830674 0.088787745 0.019669333 -0.008314161 0.030817304 0.999296896
120.674607038 1.836132597 -0.623666357 0.088675318 0.019118476 -0.009506352 0.031585650 0.999272966
120.734127760 1.846647497 -0.626745744 0.088331066 0.017399103 -0.010594172 0.031586177 0.999293424
120.897143126 1.857153464 -0.629769694 0.088057768 0.015147736 -0.011814521 0.031601150 0.999315931
120.955586910 1.867708291 -0.632316176 0.087403398 0.013629340 -0.013235702 0.031866773 0.999311546
121.115072489 1.878372654 -0.635099849 0.086267376 0.011648634 -0.015059532 0.032651895 0.999285431
121.175192356 1.889024125 -0.638360524 0.086565489 0.008439493 -0.017206212 0.033612833 0.999251169
121.336055994 1.899632868 -0.640743276 0.087648967 0.007666544 -0.019428465 0.034720423 0.999178788
121.396545410 1.910066798 -0.642569769 0.088923445 0.008608047 -0.021482767 0.035367202 0.999106377
121.557468176 1.920257399 -0.644345836 0.090224800 0.009319254 -0.023157235 0.035248694 0.999066776
121.617298365 1.930332143 -0.645963369 0.091550794 0.010330849 -0.024411282 0.034700671 0.999046158
121.772968531 1.940436138 -0.647734666 0.092624453 0.011329865 -0.025345839 0.034139964 0.999031374
121.830700397 1.950550262 -0.649404264 0.093668424 0.012711814 -0.025984819 0.033498975 0.999020029
121.983762026 1.960717005 -0.650918000 0.094975575 0.014167936 -0.026289796 0.032719347 0.999018298
122.042559862 1.971055418 -0.652408943 0.096142198 0.015304480 -0.026416698 0.032026149 0.999020649
122.200096607 1.981502942 -0.653892325 0.096649077 0.016295333 -0.026420144 0.031526671 0.999020774
122.261251926 1.992026404 -0.655351310 0.096679657 0.017122364 -0.026300846 0.031177389 0.999021051
122.415190935 2.002678471 -0.656991227 0.096454816 0.017093775 -0.026130213 0.031048483 0.999030033
122.476033688 2.013497962 -0.659112835 0.095978131 0.015729165 -0.025818954 0.030823798 0.999067499
122.630214453 2.024298864 -0.660410842 0.095958410 0.016324895 -0.025203673 0.030510426 0.999083273
122.689751863 2.035157352 -0.661387491 0.095955219 0.017427717 -0.024449421 0.030348288 0.999088325
122.844663858 2.046076184 -0.662441064 0.095635592 0.018367532 -0.023654594 0.030328865 0.999091214
122.902402401 2.057006745 -0.663716518 0.095594143 0.018605839 -0.022809640 0.030479094 0.999101881
123.060255766 2.067868006 -0.664937679 0.095848762 0.019104144 -0.021851825 0.030660506 0.999108334
123.119995117 2.078700526 -0.666294847 0.096380752 0.019341499 -0.020884299 0.030926234 0.999116270
123.277208805 2.089578191 -0.667835687 0.096555646 0.019258667 -0.019979956 0.031275868 0.999125480
123.338617325 2.100391344 -0.669060648 0.096632827 0.020175324 -0.019019898 0.031572402 0.999116802
123.494968891 2.111141309 -0.670192822 0.096604859 0.021622555 -0.017994684 0.031709924 0.999101165
123.553408861 2.121902943 -0.671949277 0.096628511 0.021763281 -0.017039146 0.031693056 0.999115397
123.713341236 2.132679895 -0.674796813 0.097771882 0.018949487 -0.016488031 0.031717361 0.999181200
123.772033453 2.143426791 -0.677467175 0.099073338 0.017010664 -0.016017734 0.031789939 0.999221432
123.931123734 2.154137541 -0.679898747 0.100068306 0.015723314 -0.015637069 0.032003776 0.999241721
123.990775824 2.164893454 -0.682279373 0.100217931 0.014180166 -0.015487387 0.032554237 0.999249361
124.147492170 2.175535910 -0.684449191 0.100416348 0.012342421 -0.015517516 0.033442338 0.999243955
124.206073046 2.186089215 -0.686698491 0.100944656 0.009705681 -0.015842015 0.034630809 0.999227470
124.365277052 2.196520219 -0.688124182 0.101718665 0.008939264 -0.016193334 0.035698312 0.999191421
124.424369097 2.206857142 -0.689119620 0.102375718 0.009035376 -0.016692079 0.036471899 0.999154411
124.581403494 2.217193450 -0.690219261 0.102463779 0.008999461 -0.017336312 0.036887577 0.999128505
124.640534878 2.227427594 -0.691483898 0.102934352 0.008399783 -0.018177923 0.037353085 0.999101473
124.798352957 2.237630185 -0.692877116 0.103607242 0.007924289 -0.019154700 0.037907401 0.999066230
124.856494904 2.247829376 -0.694102069 0.104547985 0.008508014 -0.020211813 0.038366874 0.999023062
125.018359423 2.258109639 -0.695585762 0.105453603 0.008859752 -0.021513627 0.038848960 0.998974187
125.076870441 2.268406717 -0.697312470 0.106179217 0.008724024 -0.023035130 0.039430202 0.998918682
125.231518269 2.278653498 -0.699153628 0.106732535 0.008238524 -0.024717128 0.040053881 0.998857786
125.288672447 2.288790458 -0.700673295 0.107035106 0.008379814 -0.026342661 0.040427730 0.998800001
125.439981461 2.298797322 -0.701680366 0.107434790 0.009366455 -0.027813019 0.040538776 0.998746871
125.498627424 2.308780437 -0.703131036 0.108405285 0.008790420 -0.029269351 0.040590101 0.998708405
125.650856495 2.318796438 -0.705260451 0.109368566 0.006924040 -0.030589036 0.040273617 0.998696352
125.707796097 2.328905578 -0.707548861 0.110277172 0.004869527 -0.031757693 0.039657072 0.998696677
125.861416578 2.339039948 -0.709302781 0.111368326 0.003900326 -0.032652704 0.038728806 0.998708500
125.917326450 2.349330699 -0.710836842 0.112324193 0.002915565 -0.033423727 0.037939325 0.998716657
126.067260504 2.359758125 -0.712317968 0.112350456 0.002063926 -0.034031377 0.037153779 0.998727792
126.124625683 2.370275197 -0.713508702 0.111854349 0.001740314 -0.034295076 0.036112608 0.998757577
126.274087429 2.380907454 -0.714520664 0.111253712 0.001624470 -0.034162192 0.034945230 0.998803853
126.330615044 2.391638120 -0.715420297 0.110444191 0.002046835 -0.033778262 0.034058061 0.998846779
126.483566284 2.402512524 -0.716487304 0.109929211 0.002366254 -0.033355071 0.033784100 0.998869598
126.538430929 2.413585380 -0.718471256 0.109730291 0.001028168 -0.032881942 0.033784554 0.998887544
126.689670801 2.424870588 -0.721221912 0.109216088 -0.001737824 -0.032313175 0.033912591 0.998900783
126.747231245 2.436116560 -0.723688803 0.108561667 -0.003198497 -0.031310657 0.033782650 0.998933504
126.902769327 2.447221127 -0.725173463 0.109045806 -0.002255960 -0.029814965 0.033308379 0.998997763
126.960153580 2.458391580 -0.726793857 0.109213250 -0.001513913 -0.028076750 0.032607599 0.999072644
127.115644217 2.469667721 -0.728556846 0.108864532 -0.001107323 -0.026138533 0.031701940 0.999154912
127.174628735 2.481134331 -0.730401317 0.108838689 -0.001522466 -0.024083136 0.030818403 0.999233662
127.338664770 2.492849766 -0.732372814 0.108740348 -0.002389783 -0.022065545 0.030287495 0.999294785
127.398499966 2.504786299 -0.734512411 0.108368859 -0.003647180 -0.020160660 0.030063372 0.999338001
127.557479858 2.516801232 -0.736446573 0.108562503 -0.004710378 -0.018251264 0.029943659 0.999373844
127.615211964 2.528857894 -0.738301172 0.108301409 -0.005908074 -0.016317982 0.029790162 0.999405505
127.774686098 2.540990064 -0.740194943 0.107887182 -0.008035173 -0.014550213 0.029697348 0.999420730
127.830806971 2.553212409 -0.742185136 0.106928067 -0.010854038 -0.012945119 0.029599126 0.999419084
127.995054960 2.565518252 -0.744404710 0.106146555 -0.014997802 -0.011579246 0.029502934 0.999385093
128.054675341 2.577831615 -0.746008298 0.105645438 -0.017796192 -0.010273609 0.029371278 0.999357332
128.216471672 2.589969228 -0.746881220 0.105365320 -0.018701125 -0.009154875 0.029409497 0.999350558
128.273947001 2.601667231 -0.747508469 0.105731363 -0.019081017 -0.008579391 0.030044520 0.999329593
128.438868046 2.612941760 -0.748305716 0.106549445 -0.019693597 -0.008408206 0.031099517 0.999286888
128.497077942 2.623763575 -0.748978315 0.107581652 -0.019433802 -0.008360291 0.032217245 0.999256965
128.660762548 2.634231705 -0.749773020 0.108420931 -0.019187565 -0.008412771 0.033147950 0.999230842
128.719008207 2.644593601 -0.750891432 0.108740762 -0.019443975 -0.008668884 0.033932140 0.999197374
128.885603666 2.654787515 -0.752072971 0.108831925 -0.019699745 -0.009085566 0.034620324 0.999165054
128.941150427 2.664800427 -0.753227729 0.109118666 -0.020059219 -0.009700673 0.035190543 0.999132199
129.103609324 2.674755714 -0.754450790 0.109752277 -0.020739933 -0.010688307 0.035876962 0.999083810
129.162013769 2.685182791 -0.755673459 0.110540777 -0.021365070 -0.011928465 0.036608591 0.999030058
129.328137398 2.694762799 -0.756403454 0.112269125 -0.021463264 -0.013118036 0.037033079 0.998997396
129.389304638 2.704308602 -0.757413735 0.113696227 -0.022372988 -0.014229666 0.037102208 0.998959655
129.551503897 2.713894075 -0.758307605 0.114783337 -0.023143424 -0.015325870 0.037049287 0.998927850
129.610902548 2.723571635 -0.759092043 0.115421961 -0.023844080 -0.016390872 0.036875865 0.998900881
129.773812771 2.733346891 -0.759204671 0.116082398 -0.023390751 -0.017464718 0.036824038 0.998895313
129.834586620 2.743216504 -0.759016948 0.116913515 -0.022691252 -0.018504366 0.036822820 0.998892775
129.995531559 2.753220539 -0.759152599 0.118018988 -0.023376166 -0.019459129 0.036585392 0.998867562
130.050854921 2.762749987 -0.759584693 0.118636038 -0.024460979 -0.020338138 0.036548564 0.998825422
130.209248781 2.772975941 -0.760187648 0.119120894 -0.025673854 -0.021278667 0.036816153 0.998765559
130.265309334 2.783262092 -0.760933230 0.119638673 -0.027237031 -0.022164438 0.037138968 0.998692935
130.420999050 2.793542156 -0.761326180 0.120576366 -0.028201957 -0.022948494 0.037414733 0.998638150
130.477125645 2.803754747 -0.761545751 0.121542152 -0.028683317 -0.023556671 0.037391960 0.998611131
130.631631613 2.813983462 -0.761662030 0.121987077 -0.028467395 -0.023950535 0.037089088 0.998619236
130.689026356 2.824167472 -0.761440421 0.122453909 -0.027063709 -0.024102662 0.036683257 0.998669593
130.843769312 2.834367065 -0.761278796 0.122808260 -0.025163296 -0.024115055 0.036355500 0.998730970
130.901531458 2.844785497 -0.761483258 0.123361025 -0.024015589 -0.023909328 0.036135008 0.998772175
131.058591366 2.855704717 -0.762182399 0.123833122 -0.023348962 -0.023577490 0.036674134 0.998776219
131.114215136 2.866919314 -0.763307931 0.124194561 -0.022448715 -0.023055187 0.038039020 0.998758002
131.270347118 2.878665373 -0.764777297 0.125111278 -0.021862577 -0.022298530 0.040467442 0.998692740
131.328105927 2.891044674 -0.766183232 0.125629539 -0.020555893 -0.021390906 0.043696222 0.998604288
131.483938456 2.903614318 -0.767238079 0.125149802 -0.017045842 -0.020320883 0.047357110 0.998525816
131.541003704 2.916372551 -0.768370887 0.124042609 -0.012554338 -0.019170187 0.051545078 0.998407731
131.697839737 2.929367908 -0.769813793 0.123484662 -0.008621200 -0.017890384 0.056300570 0.998216337
131.755148172 2.942476988 -0.772006820 0.123894091 -0.007288417 -0.016227844 0.061187538 0.997967746
131.915095329 2.955193606 -0.774501439 0.124414610 -0.007228909 -0.014189961 0.065434539 0.997729778
131.971994877 2.967520064 -0.776393734 0.125107425 -0.006852915 -0.012144342 0.068495870 0.997553943
132.131544590 2.979633565 -0.778029003 0.125112550 -0.006536783 -0.009905595 0.070503073 0.997440959
132.189894438 2.991630768 -0.779865253 0.124023628 -0.007291083 -0.007557493 0.071504468 0.997384999
132.356720209 3.003559781 -0.781510417 0.123008359 -0.008606075 -0.005421513 0.072370911 0.997325922
132.416580439 3.015462803 -0.783360829 0.122350312 -0.011209628 -0.003751102 0.073488572 0.997226004
132.582545519 3.027222079 -0.784512518 0.122582752 -0.011949493 -0.002702092 0.075238903 0.997090275
132.645982981 3.038714722 -0.785413606 0.123788490 -0.011721242 -0.002463977 0.077343798 0.996932534
132.814185619 3.050076276 -0.786618129 0.125028618 -0.011762519 -0.002883467 0.079503485 0.996761017
132.872234106 3.061381517 -0.788154052 0.125916405 -0.012175020 -0.003914507 0.081866892 0.996561216
133.038919210 3.072656430 -0.789778211 0.125736826 -0.012259046 -0.005354277 0.084486644 0.996334810
133.097729921 3.083838138 -0.791451417 0.125557284 -0.012680051 -0.007308094 0.087213006 0.996082175
133.260297775 3.094919311 -0.793182623 0.125297307 -0.013555256 -0.009585110 0.089879383 0.995814279
133.318222284 3.105913247 -0.794800778 0.125618048 -0.014176973 -0.012186134 0.092469714 0.995539986
133.480657339 3.116491191 -0.795797738 0.126144900 -0.013134011 -0.014487364 0.094364477 0.995345648
133.538406849 3.126660931 -0.796271983 0.126500794 -0.010818098 -0.016283417 0.095266034 0.995259866
133.701639175 3.137440803 -0.796763998 0.127178866 -0.008757943 -0.017750322 0.095300003 0.995251794
133.762304068 3.146908567 -0.797183995 0.128300816 -0.007010636 -0.018839712 0.095358855 0.995239974
133.927944422 3.156481158 -0.797797963 0.129069432 -0.005157674 -0.019939863 0.096372225 0.995132250
133.982738733 3.166747234 -0.798872988 0.129679749 -0.003574224 -0.020985513 0.098727597 0.994886775
134.145433903 3.177008802 -0.800110198 0.130930689 -0.002772034 -0.021572761 0.101612756 0.994586235
134.202129126 3.187270271 -0.800880656 0.131790282 -0.001416617 -0.022122824 0.103690208 0.994362567
134.361328840 3.197481478 -0.801049506 0.132410552 0.000795682 -0.022414013 0.104891392 0.994230745
134.418988943 3.207767667 -0.800928553 0.133211889 0.002517205 -0.022654935 0.105487207 0.994159377
134.579478264 3.218151526 -0.800689695 0.133553845 0.003902665 -0.022764982 0.105615405 0.994138779
134.634863853 3.228570081 -0.800314765 0.133602778 0.005167883 -0.022721985 0.105394083 0.994157478
134.793546677 3.239224837 -0.800297908 0.133652826 0.004894151 -0.022682137 0.104962902 0.994205390
134.849543571 3.250050495 -0.800632350 0.133240243 0.003414271 -0.022760655 0.104653046 0.994242443
135.009557962 3.260746712 -0.800474811 0.132886693 0.002825753 -0.022713950 0.104548062 0.994256403
135.066806078 3.271225981 -0.799846051 0.132839978 0.003013506 -0.022500783 0.104463116 0.994269627
135.223201036 3.281624766 -0.799262279 0.133373506 0.002420975 -0.022269071 0.104280634 0.994295618
135.280458212 3.292052184 -0.798803236 0.133629758 0.001343534 -0.022138307 0.104225888 0.994306318
135.438688517 3.302455904 -0.798530216 0.133536887 -0.000283855 -0.021988831 0.103927491 0.994341736
135.497229815 3.312877640 -0.798461835 0.133248959 -0.002821344 -0.021840194 0.103396311 0.994396424
135.657704592 3.323351677 -0.798676204 0.132579970 -0.006262543 -0.021726072 0.103033167 0.994420899
135.715985775 3.333506946 -0.797644285 0.132917702 -0.007222398 -0.021286851 0.102842763 0.994443600
135.880304098 3.343571840 -0.796016723 0.134101145 -0.006640892 -0.020538150 0.102705686 0.994477564
135.939618111 3.353767299 -0.794633916 0.134920980 -0.006673349 -0.019778925 0.102492739 0.994514705
136.102569103 3.363979546 -0.793093150 0.135394492 -0.006213616 -0.019007729 0.102452302 0.994536889
136.158916235 3.374182412 -0.791435141 0.135868015 -0.004484416 -0.018227801 0.102578050 0.994547827
136.320401669 3.384478171 -0.790244117 0.135969357 -0.002694643 -0.017493691 0.102641184 0.994560957
136.379127502 3.394909225 -0.789594802 0.136232990 -0.001349858 -0.017083177 0.103068479 0.994526637
136.538552284 3.405518723 -0.789332125 0.136786543 -0.000092485 -0.017220266 0.104512151 0.994374509
136.598797321 3.416489230 -0.789974462 0.138279795 -0.001116701 -0.017990289 0.107416203 0.994050734
136.757729292 3.427437945 -0.790886593 0.140443768 -0.002395122 -0.018983893 0.111505894 0.993579544
136.815993309 3.438479659 -0.792213927 0.142048585 -0.004159433 -0.020170882 0.116138609 0.993019465
136.975500107 3.449368196 -0.793572848 0.143934299 -0.006156120 -0.021388542 0.121348188 0.992360443
137.035637140 3.459892112 -0.794821022 0.146006144 -0.007858136 -0.022457697 0.127028065 0.991613721
137.196089983 3.470526338 -0.795911087 0.147559600 -0.009505691 -0.023243702 0.132478723 0.990867680
137.257842064 3.480179490 -0.795688806 0.148909336 -0.008235769 -0.024021566 0.135913456 0.990395209
137.420650005 3.489547521 -0.794876831 0.150160248 -0.007107701 -0.024682456 0.137275095 0.990199881
137.482424259 3.498931913 -0.793399572 0.150954058 -0.006277215 -0.025271304 0.137537187 0.990154271
137.657999992 3.508549371 -0.791441843 0.151228461 -0.005631263 -0.025899116 0.137517668 0.990144644
137.719361305 3.518266589 -0.789435646 0.151035429 -0.005193642 -0.026559747 0.137431027 0.990141565
137.882892847 3.528019787 -0.787691522 0.151322098 -0.005910712 -0.027253565 0.137102895 0.990164180
137.946661472 3.537842973 -0.786138962 0.151537822 -0.006780777 -0.027947718 0.136679418 0.990197800
138.105678082 3.547662954 -0.784448635 0.151745494 -0.006900535 -0.028616253 0.136413243 0.990214583
138.167047262 3.556912451 -0.782860716 0.151953250 -0.006926119 -0.029262670 0.136204711 0.990224218
138.323882341 3.566863848 -0.781425727 0.152262876 -0.007818586 -0.029978084 0.135862072 0.990243244
138.380097628 3.576912495 -0.780120027 0.152366092 -0.009096158 -0.030692950 0.135441802 0.990268005
138.536245823 3.587003447 -0.778722908 0.152050492 -0.010174624 -0.031336442 0.134990686 0.990298954
138.594739676 3.597161557 -0.777396352 0.151149841 -0.011601416 -0.031951022 0.134453121 0.990336760
138.749754667 3.607475925 -0.776452770 0.149634228 -0.013709813 -0.032663953 0.134061925 0.990339592
138.808590651 3.617503937 -0.774386397 0.149308627 -0.012190953 -0.033273663 0.133947749 0.990354605
138.967139721 3.627655089 -0.772743885 0.150049071 -0.010641234 -0.034485688 0.133408121 0.990403844
139.025415182 3.637962657 -0.771346776 0.151811039 -0.008683539 -0.035978690 0.132269171 0.990522587
139.180267096 3.648383923 -0.770291599 0.154660409 -0.006619263 -0.037701631 0.130349448 0.990728920
139.236966610 3.658963347 -0.769510337 0.158321203 -0.004226160 -0.039524078 0.127849314 0.990996741
139.388183355 3.669673852 -0.769984297 0.160373281 -0.003756385 -0.041379515 0.125128746 0.991270106
139.446817875 3.680606976 -0.771163293 0.160966321 -0.004493271 -0.043610396 0.122654631 0.991480603
139.600687504 3.691266513 -0.771761848 0.161645445 -0.004507065 -0.045691058 0.120543820 0.991645703
139.659366608 3.701828455 -0.772401615 0.162087257 -0.005566019 -0.047728463 0.118349470 0.991808659
139.812369347 3.712299254 -0.773130837 0.161856453 -0.007578516 -0.049622922 0.116106802 0.991967410
139.874027491 3.722515997 -0.773380329 0.162119101 -0.009166373 -0.050926358 0.113630519 0.992174677
140.032833815 3.732566255 -0.772735082 0.163035172 -0.008845517 -0.051518068 0.111638918 0.992373114
140.096767664 3.742238872 -0.771917396 0.164026679 -0.008224994 -0.051700245 0.110382126 0.992509557
140.254403830 3.751924700 -0.770880860 0.165039314 -0.007055937 -0.051599366 0.109599205 0.992610565
140.317907095 3.761668947 -0.770295721 0.165935101 -0.006858083 -0.051304637 0.108993113 0.992693962
140.477772474 3.771332679 -0.769727745 0.167016826 -0.006545320 -0.050598691 0.108304610 0.992807656
140.540134907 3.781010707 -0.769015553 0.168400326 -0.005954850 -0.049544097 0.107554181 0.992946132
140.694699526 3.790851466 -0.768439599 0.169367474 -0.005722997 -0.048461384 0.106910126 0.993070474
140.754299879 3.800442362 -0.768006762 0.170076459 -0.006200438 -0.047481139 0.106346336 0.993175489
140.906216145 3.810276255 -0.767626061 0.170583128 -0.007033087 -0.046509461 0.105771680 0.993277281
140.964058399 3.820380030 -0.767250618 0.170944561 -0.008297046 -0.045599165 0.105335620 0.993356070
141.117720127 3.830478480 -0.766673418 0.171202387 -0.009676661 -0.044713503 0.105063168 0.993412702
141.174533367 3.840570463 -0.765631802 0.171276179 -0.010452844 -0.043759420 0.104664804 0.993489371
141.330113888 3.850664484 -0.764222599 0.171207702 -0.010662242 -0.042729524 0.104181056 0.993582816
141.387545347 3.860642866 -0.762474382 0.171985373 -0.009590069 -0.041497321 0.104044528 0.993660273
141.542695999 3.870637555 -0.761135065 0.172776549 -0.008263559 -0.040337785 0.104214557 0.993702120
141.604199886 3.881120584 -0.759870195 0.173735841 -0.006259081 -0.039188803 0.104561974 0.993726248
141.763169289 3.890480587 -0.759250394 0.175643104 -0.005301178 -0.038548891 0.104765959 0.993735364
141.821010828 3.900513117 -0.759019623 0.177361439 -0.004566839 -0.038080737 0.104983358 0.993734117
141.976304770 3.910594200 -0.759127208 0.178736123 -0.004003557 -0.037755888 0.105342415 0.993710944
142.035472870 3.920685135 -0.759459562 0.179864554 -0.003779680 -0.037537661 0.105815644 0.993669808
142.193395138 3.930820463 -0.759871103 0.180997094 -0.004274847 -0.037519505 0.106455863 0.993600101
142.251430273 3.940848325 -0.759753560 0.182311576 -0.004211740 -0.037577877 0.107352924 0.993501643
142.411278009 3.950781437 -0.759021134 0.183515614 -0.003281474 -0.037686554 0.108211165 0.993407922
142.476147890 3.961474304 -0.758077361 0.184388359 -0.001974014 -0.037815886 0.108902055 0.993330964
142.636030912 3.971018293 -0.757342398 0.184946855 -0.000960886 -0.038002186 0.109300632 0.993281573
142.692269087 3.980671736 -0.756959862 0.185650387 -0.001011170 -0.038340483 0.109691569 0.993225425
142.845836878 3.990747536 -0.756556321 0.186431489 -0.001109585 -0.038719218 0.110106878 0.993164672
142.904368162 4.000754256 -0.755750302 0.187226477 -0.000292043 -0.038905882 0.110219834 0.993145425
143.059551477 4.010815489 -0.755073613 0.187813787 0.000078998 -0.039017484 0.109894679 0.993177119
143.116903543 4.020976825 -0.754668336 0.188356173 -0.000550086 -0.039071892 0.109211892 0.993250143
143.272386312 4.031180651 -0.754360280 0.188501719 -0.001407639 -0.039062786 0.108568959 0.993320139
143.330463886 4.041377844 -0.754181281 0.188529921 -0.002532273 -0.038961337 0.107974132 0.993386727
143.487665892 4.051996220 -0.753694349 0.189060947 -0.003147630 -0.038408927 0.106888484 0.993523879
143.545855045 4.061424784 -0.753319301 0.189478417 -0.003811085 -0.037734867 0.105767780 0.993667315
143.700632095 4.071515320 -0.753086059 0.189570782 -0.004767320 -0.036937112 0.104533741 0.993823737
143.760118008 4.081684752 -0.752717331 0.190407485 -0.005639040 -0.035884532 0.103108170 0.994006643
143.920497894 4.091530411 -0.752673500 0.190804204 -0.006858224 -0.034685398 0.101472022 0.994209896
143.978368044 4.101746719 -0.753239784 0.189834385 -0.009188875 -0.033496856 0.099753834 0.994405701
144.143324614 4.112149961 -0.752490952 0.190091934 -0.008647395 -0.031807912 0.098082804 0.994632215
144.202152967 4.121544214 -0.752034848 0.190916819 -0.008668599 -0.030445051 0.096760532 0.994804179
144.364554644 4.131696907 -0.751949135 0.192156039 -0.010233895 -0.029325830 0.095621077 0.994933100
144.422132015 4.141948172 -0.751833536 0.193376578 -0.012515539 -0.028579423 0.094928690 0.994995036
144.585086823 4.152228323 -0.751447134 0.194051409 -0.014470768 -0.028071578 0.094613898 0.995012962
144.643902063 4.162468605 -0.750935161 0.194762677 -0.016306735 -0.027749819 0.094504614 0.995003978
144.809249401 4.172603581 -0.750077708 0.195822368 -0.017506603 -0.027535171 0.094384688 0.995000937
144.869550228 4.182800443 -0.749179734 0.196853962 -0.018686783 -0.027595747 0.094582175 0.994959040
145.033137798 4.192985973 -0.748233629 0.197632518 -0.019550770 -0.027849714 0.094992020 0.994896315
145.091433287 4.203141359 -0.747398754 0.198063814 -0.020320702 -0.028220570 0.095328465 0.994838254
145.254486561 4.213218300 -0.746744065 0.198837194 -0.021596753 -0.028563429 0.095282222 0.994806016
145.311877966 4.223259449 -0.745780093 0.199831630 -0.022114131 -0.028885112 0.095230484 0.994790315
145.476320744 4.233288105 -0.744610460 0.200676434 -0.021746844 -0.029188330 0.095443502 0.994769146
145.533374071 4.243305117 -0.743480200 0.201143396 -0.020837988 -0.029378629 0.095689837 0.994759332
145.697108746 4.253343151 -0.742372159 0.201539145 -0.019339997 -0.029427499 0.095856007 0.994772141
145.755145311 4.263478421 -0.741620203 0.201705330 -0.018002519 -0.029498021 0.096057880 0.994775683
145.916979313 4.273745269 -0.741601848 0.202211852 -0.018023310 -0.029775032 0.096487853 0.994725440
145.975484848 4.284052983 -0.741765029 0.202808951 -0.018018530 -0.030205437 0.097324332 0.994631057
146.141701221 4.294151014 -0.741609339 0.203339347 -0.016852902 -0.030404262 0.097995188 0.994579561
146.205810785 4.304280875 -0.741315191 0.204085176 -0.015343916 -0.030346092 0.098242571 0.994581357
146.372404575 4.314244240 -0.741393582 0.204780556 -0.014793870 -0.030185910 0.098258798 0.994592962
146.429161549 4.324082322 -0.741823780 0.205300226 -0.015246796 -0.029979207 0.098106238 0.994607434
146.590452909 4.334113046 -0.742118607 0.205940830 -0.015592086 -0.029584495 0.097719569 0.994651964
146.648382664 4.344198713 -0.741949812 0.206918023 -0.015314146 -0.029087005 0.097384830 0.994703784
146.810267687 4.354298285 -0.741283785 0.208106136 -0.014114672 -0.028440699 0.097163785 0.994761832
146.868310928 4.364463836 -0.740631760 0.208959796 -0.012406032 -0.027569890 0.097030915 0.994822091
147.028231859 4.374698528 -0.740212746 0.209300936 -0.010716625 -0.026557882 0.096793125 0.994892418
147.085788727 4.385050119 -0.740459329 0.209992862 -0.010516309 -0.025691318 0.096521362 0.994943712
147.249199390 4.395388876 -0.740693318 0.211290542 -0.010334647 -0.025058817 0.096605955 0.994953537
147.307309389 4.405718176 -0.740727588 0.212476128 -0.009554576 -0.024658971 0.097040383 0.994929047
147.469093084 4.416019064 -0.740719647 0.213531369 -0.008753969 -0.024424474 0.097546260 0.994892728
147.527796984 4.426335447 -0.740769111 0.214531830 -0.008314363 -0.024328494 0.098011742 0.994853102
147.690595150 4.436728606 -0.740768976 0.215530457 -0.008141243 -0.024493055 0.098718884 0.994780575
147.749937296 4.447167535 -0.740744990 0.216167297 -0.008003211 -0.024893585 0.099700464 0.994673854
147.910359621 4.457649643 -0.740892222 0.216412105 -0.008241705 -0.025458620 0.100686256 0.994558299
147.968548298 4.468131900 -0.741023941 0.216371049 -0.008390050 -0.026030972 0.101351320 0.994474688
148.129307747 4.478510776 -0.740570708 0.216623346 -0.007358801 -0.026576862 0.101792232 0.994423381
148.190438271 4.488924125 -0.740239182 0.217138783 -0.007188225 -0.027267457 0.102039012 0.994380639
148.354842901 4.499410437 -0.739953766 0.217234779 -0.006936419 -0.028055124 0.102330671 0.994330544
148.416508913 4.509929918 -0.739707432 0.217050788 -0.006554493 -0.028882111 0.102522461 0.994289700
148.576786757 4.520399216 -0.739638527 0.217272934 -0.006542400 -0.029673706 0.102437227 0.994275255
148.636736631 4.530834508 -0.739826749 0.217953409 -0.007304372 -0.030420319 0.102012857 0.994291017
148.795869589 4.541261344 -0.740263776 0.218118019 -0.008320188 -0.031023909 0.101367569 0.994330381
148.855332375 4.551604129 -0.740979865 0.218278877 -0.009990518 -0.031486425 0.100421159 0.994396493
149.018805265 4.561869875 -0.741643403 0.218511743 -0.011663775 -0.031740428 0.099243661 0.994488410
149.079129457 4.572134211 -0.742297699 0.218607837 -0.013282972 -0.031699771 0.097738212 0.994618484
149.237410307 4.582418660 -0.742902292 0.218270659 -0.014530223 -0.031269909 0.095954418 0.994788327
149.296297789 4.592842712 -0.743575738 0.218123844 -0.015653441 -0.030603143 0.094055887 0.994973320
149.453201771 4.603441356 -0.743995866 0.218793085 -0.015950412 -0.029922155 0.092343302 0.995149719
149.512130260 4.614090383 -0.744367017 0.219382922 -0.015780657 -0.029111842 0.090994806 0.995300667
149.672092676 4.624734835 -0.744533597 0.219652435 -0.014544306 -0.028105756 0.089983220 0.995440380
149.731690884 4.635452949 -0.744882804 0.219438094 -0.013387980 -0.026894179 0.088879789 0.995589197
149.889651060 4.646038037 -0.746085455 0.219650187 -0.013702746 -0.025655704 0.086594276 0.995818985
149.948395014 4.656660207 -0.747320166 0.220378245 -0.012798516 -0.024302521 0.083123993 0.996160623
150.110870123 4.667159624 -0.748848346 0.220948304 -0.011671727 -0.022707757 0.079318942 0.996522270
150.171192884 4.677944903 -0.750544243 0.221006451 -0.010973273 -0.021386000 0.076390443 0.996788205
150.335865736 4.688887639 -0.752237547 0.221658720 -0.011364600 -0.020160944 0.074387771 0.996960802
150.396300554 4.699918948 -0.754059347 0.222461821 -0.012771486 -0.019027939 0.072875126 0.997077752
150.565351725 4.710907901 -0.755507480 0.222951969 -0.013476631 -0.017841844 0.071900785 0.997161133
150.625622511 4.721825936 -0.756859098 0.223525712 -0.014250344 -0.016629621 0.071485780 0.997201167
150.790099859 4.732717593 -0.757897840 0.223883307 -0.014530222 -0.015432574 0.071418762 0.997221173
150.851145744 4.743430243 -0.758237020 0.224357933 -0.013413681 -0.014088580 0.071252716 0.997268587
151.017638206 4.754189060 -0.758685333 0.224780139 -0.013413246 -0.012832343 0.070853465 0.997313994
151.078393459 4.765036697 -0.759301057 0.224735128 -0.013916884 -0.011662163 0.070475768 0.997348224
151.246669054 4.775915503 -0.759885530 0.225053056 -0.014309076 -0.010743003 0.070579514 0.997345662
151.305857658 4.786682459 -0.760225892 0.225805890 -0.013687739 -0.009889495 0.070899401 0.997340523
151.469178677 4.797382713 -0.760736761 0.226410347 -0.013114322 -0.008998524 0.071094961 0.997342743
151.529182434 4.808123404 -0.761635691 0.227014151 -0.013460404 -0.008334551 0.071414961 0.997321040
151.694995642 4.818850200 -0.762626657 0.227431989 -0.014161278 -0.007922037 0.072008794 0.997271996
151.753737926 4.829507122 -0.763584413 0.227339077 -0.014873062 -0.007624107 0.072650047 0.997217447
151.920397997 4.840087105 -0.764266763 0.227038368 -0.014807422 -0.007420231 0.073244226 0.997176496
151.981726408 4.850620318 -0.764948850 0.227514741 -0.014928429 -0.007522094 0.073895057 0.997125910
152.148516178 4.861222181 -0.765880198 0.228361702 -0.015060538 -0.008007261 0.074802856 0.997052454
152.208863497 4.871842259 -0.766856373 0.228879896 -0.014435858 -0.008634925 0.075813461 0.996980122
152.377344370 4.882418384 -0.767774615 0.229515641 -0.013297458 -0.009387337 0.076752130 0.996917332
152.436276197 4.892894375 -0.768600265 0.229987972 -0.011559922 -0.010077069 0.077378723 0.996883822
152.600246906 4.903279151 -0.769473892 0.230229909 -0.009753059 -0.010591082 0.077533572 0.996885777
152.658288717 4.913617185 -0.770342815 0.230384983 -0.007979468 -0.010819973 0.077066648 0.996935298
152.820842028 4.924040253 -0.771403744 0.231066652 -0.006736181 -0.011093205 0.076570990 0.996979663
152.881004810 4.934613108 -0.772715919 0.231810842 -0.006188963 -0.011519082 0.076339405 0.996996140
153.047612667 4.945375026 -0.774573579 0.232682922 -0.006582296 -0.012243996 0.075790929 0.997026827
153.110042572 4.956371344 -0.776862630 0.233940764 -0.006968093 -0.012933623 0.074425329 0.997118367
153.275492668 4.967324134 -0.779614701 0.235314572 -0.007945641 -0.013324119 0.072352118 0.997258495
153.334081650 4.978172840 -0.782006013 0.236050901 -0.007777731 -0.013462164 0.069976763 0.997427456
153.500510216 4.989103283 -0.784240989 0.236245925 -0.007799969 -0.013351256 0.067691261 0.997586486
153.560517311 5.000199970 -0.786355623 0.235932423 -0.008538600 -0.013108406 0.065418023 0.997735308
153.727904081 5.011337807 -0.787872777 0.235840642 -0.008929487 -0.012751909 0.063574793 0.997855650
153.788486481 5.022383844 -0.788906602 0.235892367 -0.008875535 -0.012409176 0.062493839 0.997928734
153.975570202 5.033285073 -0.790131627 0.236653676 -0.009283095 -0.012311919 0.060957321 0.998021265
154.036968231 5.044293142 -0.791813220 0.237801437 -0.009811338 -0.012367176 0.058559857 0.998159072
154.199300289 5.055266056 -0.794021093 0.239477167 -0.010854853 -0.012690493 0.055764655 0.998304276
154.259167433 5.066251530 -0.795789569 0.241640371 -0.009522889 -0.013130522 0.052757116 0.998475633
154.423000336 5.077343963 -0.798061385 0.243369978 -0.008278526 -0.013837941 0.049450893 0.998646377
154.481730938 5.088457244 -0.800839093 0.244368432 -0.007438070 -0.014654579 0.045951774 0.998808467
154.648920059 5.099278140 -0.803544125 0.245434370 -0.006568548 -0.015418140 0.042553751 0.998953609
154.708169937 5.110275076 -0.805867396 0.245765441 -0.005524634 -0.016504090 0.040295531 0.999036217
154.870702744 5.121433897 -0.806773192 0.246995730 -0.002528761 -0.017925741 0.039316246 0.999062814
154.929312706 5.132743621 -0.808162337 0.247469746 -0.000744454 -0.019622825 0.038598091 0.999061849
155.097714424 5.144197318 -0.810907314 0.246362832 -0.002216161 -0.021519436 0.038115527 0.999039143
155.159733534 5.155611361 -0.814446792 0.244774849 -0.006226352 -0.023734740 0.038232344 0.998967558
155.324258566 5.166893577 -0.815695357 0.243952787 -0.006325279 -0.026254646 0.040606734 0.998810181
155.387367725 5.176273479 -0.816179033 0.244305758 -0.005786702 -0.028478820 0.041940823 0.998697371
155.552247524 5.188090909 -0.816586457 0.245323573 -0.005426637 -0.031327336 0.041154111 0.998646829
155.611570358 5.202373328 -0.816450872 0.246786457 -0.006053645 -0.034596093 0.038132579 0.998655281
155.768820763 5.217898495 -0.817295952 0.247745552 -0.009441185 -0.038004894 0.033379490 0.998675273
155.827943802 5.232345744 -0.818959899 0.248050685 -0.013756667 -0.040826308 0.028829092 0.998655521
155.987495661 5.244182383 -0.820722219 0.248585765 -0.016875126 -0.042499738 0.025495870 0.998628541
156.047235966 5.254280787 -0.822294243 0.248831424 -0.017492743 -0.043471804 0.023458603 0.998626006
156.204659939 5.264529332 -0.823673399 0.248526003 -0.017514588 -0.044089380 0.021322613 0.998646440
156.261874199 5.275092805 -0.824740460 0.248704673 -0.016808322 -0.044335817 0.019450354 0.998685886
156.418166637 5.285914748 -0.826009481 0.248696429 -0.016653206 -0.044241213 0.017562253 0.998727667
156.476930857 5.296772940 -0.827622556 0.248283490 -0.016670924 -0.043869365 0.015567549 0.998776857
156.638192654 5.307411270 -0.829967494 0.248460188 -0.017515025 -0.043770543 0.013146858 0.998801544
156.695976019 5.318027959 -0.832664799 0.249424147 -0.017930677 -0.043919750 0.010124405 0.998822829
156.852585793 5.328546433 -0.835333324 0.251282329 -0.016718338 -0.044263720 0.006458295 0.998859105
156.912615299 5.338856663 -0.838367682 0.252958644 -0.014778369 -0.044811231 0.002304418 0.998883498
157.072853088 5.349025878 -0.842002014 0.254083136 -0.013777625 -0.045362480 -0.001474738 0.998874490
157.132369757 5.359086368 -0.845521519 0.255467333 -0.012812084 -0.046302457 -0.003707885 0.998838418
157.291783571 5.369059698 -0.849162626 0.257151292 -0.012974875 -0.047328569 -0.004579272 0.998784606
157.349671602 5.379014421 -0.852621570 0.258575594 -0.013826236 -0.048348637 -0.004715549 0.998723690
157.507301092 5.388926378 -0.855713256 0.259479709 -0.014896921 -0.049253911 -0.004673035 0.998664256
157.564616919 5.398807452 -0.858345533 0.260032757 -0.015830879 -0.050080194 -0.004464789 0.998609745
157.725977421 5.408801993 -0.860495359 0.260463164 -0.016000907 -0.050735398 -0.004663788 0.998573052
157.790245295 5.418615168 -0.861622062 0.261675585 -0.014394191 -0.051236480 -0.005005859 0.998570264
157.947793245 5.428232106 -0.862668247 0.263470909 -0.013057235 -0.051500912 -0.005348232 0.998573263
158.012245178 5.438576202 -0.864208794 0.265196420 -0.012287455 -0.051628893 -0.005650134 0.998574760
158.170799494 5.447748464 -0.865892379 0.266564028 -0.012208603 -0.051590402 -0.005982584 0.998575780
158.230113506 5.457530052 -0.867703914 0.267966662 -0.011939324 -0.051489656 -0.006251817 0.998582587
158.386032343 5.467385125 -0.869594393 0.269108057 -0.011441109 -0.051332625 -0.006453049 0.998595224
158.446756840 5.477311391 -0.871276703 0.270192016 -0.009973623 -0.051160765 -0.006600192 0.998618816
158.602202892 5.487362785 -0.873040041 0.271134265 -0.008449529 -0.051036051 -0.006553337 0.998639565
158.660989046 5.497397619 -0.875172759 0.272377282 -0.007920091 -0.050886590 -0.006591041 0.998651283
158.818004370 5.507454580 -0.877667788 0.273512104 -0.008265215 -0.050677233 -0.006809848 0.998657664
158.879345655 5.518259584 -0.880279280 0.274237910 -0.008221887 -0.050327958 -0.006998800 0.998674378
159.035171270 5.526777523 -0.881850392 0.277912836 -0.001927228 -0.049378157 -0.004291843 0.998769074
159.097276688 5.535166578 -0.885069484 0.280846073 0.003168533 -0.048448479 -0.000956647 0.998820199
159.253201723 5.543151066 -0.889630588 0.282176945 0.004576219 -0.047596761 0.001811690 0.998854506
159.310949326 5.551444891 -0.895759177 0.282495586 0.002666258 -0.046689763 0.004203198 0.998897037
159.467099905 5.559933537 -0.902613628 0.282102744 -0.001255380 -0.045970539 0.006551677 0.998920522
159.525020123 5.568427204 -0.909586185 0.282252215 -0.007254816 -0.045819212 0.009324851 0.998879880
159.681107044 5.576981516 -0.916087061 0.282419989 -0.013323251 -0.046257353 0.012534232 0.998762054
159.745559931 5.585953032 -0.920880368 0.283126256 -0.016073825 -0.047097651 0.015896374 0.998634442
159.909759283 5.594567696 -0.924088708 0.285027298 -0.017269578 -0.048321864 0.019013150 0.998501507
159.973954916 5.603040078 -0.926803527 0.286502893 -0.018407679 -0.049772842 0.021610616 0.998357052
160.136919498 5.611642277 -0.929020397 0.287476899 -0.019313321 -0.051273864 0.023348581 0.998224840
160.201360464 5.620457707 -0.930836482 0.288304443 -0.020356890 -0.052792285 0.024201324 0.998104638
160.362393141 5.629455728 -0.932626867 0.288796661 -0.021794966 -0.054309053 0.024616403 0.997982735
160.426923037 5.638603853 -0.934111027 0.289600983 -0.023667228 -0.055818189 0.024627060 0.997856553
160.588187695 5.647935143 -0.934815440 0.290604868 -0.024612667 -0.057149285 0.024004276 0.997773507
160.653802872 5.657553466 -0.935296965 0.291503297 -0.025497566 -0.058314055 0.023230641 0.997702201
160.813280582 5.667260229 -0.936196276 0.291885820 -0.027118444 -0.059319523 0.022201346 0.997623619
160.875574589 5.676997429 -0.937122386 0.292250109 -0.028671782 -0.060202267 0.021076762 0.997551696
161.037799597 5.686762745 -0.937591924 0.293270886 -0.029247640 -0.060799086 0.020079493 0.997519354
161.101958752 5.696616382 -0.938281371 0.294499219 -0.030515945 -0.061265771 0.019417723 0.997465906
161.260692358 5.706491337 -0.939015688 0.295402248 -0.031706525 -0.061595702 0.018887932 0.997418624
161.323672533 5.716331309 -0.939437344 0.296357481 -0.031914912 -0.061694781 0.018356032 0.997415785
161.481731176 5.726216607 -0.939956781 0.297430117 -0.032260683 -0.061549937 0.017809895 0.997423511
161.538256168 5.735572252 -0.940705894 0.298251900 -0.033192334 -0.061276000 0.017401738 0.997417014
161.690325260 5.745617758 -0.941560736 0.298558366 -0.034186402 -0.060915024 0.017194364 0.997409146
161.747820139 5.755734275 -0.942152962 0.298646749 -0.034849660 -0.060461908 0.017273026 0.997412403
161.902282715 5.765863700 -0.942816549 0.298504674 -0.036237924 -0.059871433 0.017473442 0.997395059
161.963376522 5.776204394 -0.942870723 0.298707717 -0.036010913 -0.058754939 0.017798352 0.997463929
162.124832630 5.786300787 -0.942669783 0.299655143 -0.034000708 -0.057146581 0.018481480 0.997615485
162.184699774 5.796281974 -0.942710026 0.300269644 -0.030977419 -0.055139952 0.019234477 0.997812618
162.339692593 5.805762809 -0.943065812 0.301163156 -0.028056532 -0.052974699 0.019679025 0.998007639
162.397594690 5.815982663 -0.944031018 0.302673792 -0.026491100 -0.050672278 0.019945754 0.998164670
162.552912712 5.826342378 -0.945319593 0.304038412 -0.026187766 -0.048457851 0.020307683 0.998275331
162.608747959 5.836825488 -0.946955743 0.305394489 -0.027542388 -0.046433951 0.020931673 0.998322178
162.769937754 5.847338680 -0.948424638 0.306098100 -0.028735821 -0.044410103 0.021786143 0.998362339
162.828638554 5.857848469 -0.949358321 0.306531874 -0.029201084 -0.042502339 0.022893534 0.998407098
162.992009878 5.868245655 -0.949688343 0.307576577 -0.028687443 -0.040710891 0.023784839 0.998475806
163.052135229 5.878676233 -0.950204053 0.308892291 -0.029034200 -0.039199681 0.024902655 0.998499003
163.215267420 5.889164269 -0.950817905 0.309932876 -0.029045843 -0.037862117 0.026030829 0.998521505
163.275981426 5.899669208 -0.951294012 0.311129726 -0.028318645 -0.036743717 0.026999247 0.998558458
163.436891317 5.910148964 -0.951803560 0.312419996 -0.027472122 -0.035811366 0.027753201 0.998595308
163.496285915 5.920716757 -0.952686588 0.313511572 -0.027547997 -0.035276846 0.028611725 0.998588014
163.660869360 5.931315890 -0.953581839 0.314313273 -0.027303438 -0.035060139 0.029528748 0.998575667
163.721486092 5.941889883 -0.954648771 0.314960925 -0.027147771 -0.035250797 0.030591395 0.998541209
163.888918400 5.952342091 -0.955950283 0.315683966 -0.027542015 -0.035778477 0.031701967 0.998477002
163.951447725 5.962648301 -0.957200463 0.316222327 -0.027795391 -0.036462643 0.032606470 0.998416101
164.120201349 5.972710886 -0.958158272 0.316981481 -0.027654409 -0.037261745 0.033056739 0.998375705
164.184382677 5.983342766 -0.959363423 0.318146867 -0.028881557 -0.038388039 0.033130994 0.998295824
164.352139950 5.992844191 -0.960408216 0.318984861 -0.030408769 -0.039477818 0.032928180 0.998214678
164.417179585 6.002430467 -0.961398590 0.319638292 -0.032556824 -0.040648984 0.032653916 0.998108929
164.585934877 6.011967235 -0.962284251 0.320121288 -0.035332122 -0.041922812 0.032453673 0.997968375
164.650973320 6.021508758 -0.962894205 0.320216992 -0.037954168 -0.043349641 0.032418410 0.997812275
164.819733858 6.031035638 -0.962454344 0.321169081 -0.038158035 -0.044664894 0.032585387 0.997741051
164.883213282 6.040778327 -0.962018104 0.322294026 -0.037321992 -0.045717261 0.032663814 0.997722445
165.054085970 6.050644445 -0.962084031 0.323555513 -0.036589822 -0.046723064 0.032733139 0.997700698
165.117934465 6.060363288 -0.962766801 0.325279383 -0.037138815 -0.047918698 0.032786106 0.997621962
165.285123348 6.070023944 -0.963820564 0.326719051 -0.038173375 -0.049131556 0.032849676 0.997521820
165.349041224 6.079595210 -0.965021480 0.328505678 -0.040028373 -0.050350342 0.032978400 0.997384077
165.514680147 6.089105280 -0.965952939 0.330611569 -0.041867750 -0.051499116 0.033009646 0.997248864
165.577194214 6.098595637 -0.966404297 0.332652756 -0.042880488 -0.052502723 0.032886277 0.997157571
165.742552519 6.108184855 -0.966750376 0.334023425 -0.043741843 -0.053409889 0.032697879 0.997078173
165.806072235 6.117879556 -0.966968628 0.334891383 -0.044676296 -0.054204508 0.032558261 0.996998425
165.969594002 6.127672976 -0.967031430 0.335406014 -0.045591324 -0.054868378 0.032349409 0.996927484
166.032039881 6.137368135 -0.966717217 0.336338020 -0.045723390 -0.055200520 0.032008936 0.996914090
166.191188812 6.146998939 -0.966778121 0.337304932 -0.046389149 -0.055309129 0.031768587 0.996885000
166.250645638 6.157024508 -0.967068342 0.338011660 -0.046995032 -0.055202610 0.031720088 0.996864070
166.409709692 6.167045515 -0.967322309 0.338924362 -0.047212130 -0.054846695 0.031828635 0.996869998
166.469808102 6.177118474 -0.967564032 0.339849962 -0.047079107 -0.054187658 0.031920791 0.996909383
166.629417419 6.187245865 -0.968127770 0.340321413 -0.047253517 -0.053207123 0.031821524 0.996957119
166.688525438 6.197438510 -0.968930616 0.340550136 -0.047629057 -0.051943047 0.031633194 0.997011903
166.849495173 6.207691151 -0.969374238 0.341058665 -0.046676427 -0.050372105 0.031517929 0.997141205
166.907795429 6.218158051 -0.970163632 0.341564224 -0.046610803 -0.048669912 0.031596734 0.997226313
167.067419052 6.228796874 -0.971121706 0.341998122 -0.047143337 -0.046815754 0.031832365 0.997282554
167.125857592 6.239520950 -0.972232410 0.341792858 -0.048010864 -0.044816900 0.032000701 0.997327608
167.285291910 6.250231371 -0.972815299 0.341422756 -0.047683491 -0.042700484 0.031934081 0.997438303
167.343192339 6.260966414 -0.972891584 0.341625057 -0.046250015 -0.040719478 0.031876891 0.997590459
167.505589962 6.271698428 -0.972879405 0.342975251 -0.045264914 -0.039031077 0.031990089 0.997699502
167.563449383 6.282372210 -0.972811295 0.344073732 -0.043629356 -0.037457484 0.031945536 0.997834104
167.727282286 6.293082148 -0.972819234 0.344700955 -0.041692924 -0.035967227 0.031835699 0.997975224
167.788265705 6.303896734 -0.973007228 0.344740464 -0.039810801 -0.034608211 0.031675926 0.998105209
167.954071760 6.314929925 -0.973367638 0.344934996 -0.038140472 -0.033790762 0.031899063 0.998191334
168.013821363 6.326180790 -0.973981955 0.345392194 -0.036591137 -0.033563024 0.032739541 0.998229800
168.182350636 6.337591673 -0.975281555 0.345873038 -0.036362111 -0.033664642 0.033963640 0.998193849
168.244135141 6.348956992 -0.976503649 0.346807844 -0.035803627 -0.033892865 0.035405286 0.998156220
168.414370537 6.360104127 -0.977736145 0.348109510 -0.035193209 -0.034297126 0.036717976 0.998116694
168.477322817 6.371015527 -0.979271461 0.349448305 -0.035513377 -0.034809201 0.037680404 0.998051756
168.643815279 6.381498879 -0.980451363 0.350845729 -0.035416527 -0.035230086 0.038070908 0.998025609
168.706259966 6.391604208 -0.981012106 0.351997162 -0.034264340 -0.035545364 0.037985314 0.998057913
168.876065493 6.402046392 -0.981702220 0.353450773 -0.034269545 -0.035898567 0.037449108 0.998065356
168.943336248 6.411607309 -0.982856779 0.355078598 -0.036366214 -0.036288608 0.036445230 0.998014219
169.117154598 6.420987905 -0.983833974 0.356512538 -0.038572065 -0.036683440 0.035214751 0.997961143
169.185672522 6.430365290 -0.984224463 0.357954402 -0.039765943 -0.037055722 0.034071754 0.997940208
169.358766556 6.439949637 -0.984086344 0.359257102 -0.039976157 -0.037557853 0.033522803 0.997931629
169.425040722 6.449716050 -0.983933816 0.360275347 -0.040586186 -0.038286430 0.033373717 0.997884315
169.608369350 6.459507915 -0.983820563 0.360826422 -0.041449231 -0.039181009 0.033220926 0.997819212
169.676501513 6.469110614 -0.984069729 0.361474670 -0.043631083 -0.040073396 0.032660674 0.997709242
169.848979473 6.478465431 -0.984596978 0.362238587 -0.046709301 -0.040820194 0.031595163 0.997573906
169.914319277 6.487634789 -0.985075106 0.363380394 -0.049875859 -0.041346002 0.030118149 0.997444637
170.089573383 6.496749790 -0.985559556 0.364653479 -0.053036646 -0.041697827 0.028577371 0.997312258
170.153994799 6.505783915 -0.985320537 0.366441628 -0.053824783 -0.042068178 0.027340017 0.997289168
170.324745417 6.514994997 -0.985042455 0.368384378 -0.053652551 -0.042612099 0.026777888 0.997290608
170.388671160 6.524389375 -0.984908563 0.369837907 -0.053450933 -0.043222537 0.026532007 0.997281737
170.558570862 6.534004074 -0.984658498 0.371063214 -0.052993239 -0.043879742 0.026402356 0.997280903
170.623847961 6.543841221 -0.984354079 0.372158078 -0.051869640 -0.044638307 0.026451043 0.997305021
170.792575598 6.553746543 -0.984285990 0.373065197 -0.050152535 -0.045492664 0.026473129 0.997353656
170.854698420 6.563345364 -0.984413396 0.373575860 -0.048834909 -0.046323869 0.026294924 0.997385496
171.016928434 6.573547424 -0.984729979 0.373704607 -0.047607471 -0.047279287 0.025941873 0.997409252
171.083472490 6.583619173 -0.985390956 0.374301189 -0.047516422 -0.048347681 0.025497724 0.997373830
171.246838570 6.592824189 -0.985709387 0.376204521 -0.047947099 -0.049345028 0.025138323 0.997313496
171.308705807 6.603246588 -0.986025426 0.378185318 -0.048914206 -0.050419396 0.024791032 0.997221485
171.477885246 6.613092635 -0.986265211 0.379400411 -0.049705081 -0.051390570 0.024564351 0.997138409
171.543965578 6.622974371 -0.986519000 0.380404247 -0.050795822 -0.052334572 0.024474334 0.997036551
171.710695267 6.632866558 -0.986671501 0.381638264 -0.052260254 -0.053219213 0.024494992 0.996913525
171.774448395 6.642904900 -0.986199649 0.383442780 -0.052685080 -0.054053712 0.024693944 0.996841355
171.938821077 6.652510281 -0.985746727 0.384842989 -0.052457051 -0.054627496 0.024938447 0.996816015
172.002871275 6.662384461 -0.985346627 0.386224690 -0.051280311 -0.054985943 0.025351718 0.996847113
172.164458752 6.671780139 -0.985225333 0.387172814 -0.049833023 -0.055221871 0.025664782 0.996899460
172.224900246 6.681793040 -0.985350336 0.387671074 -0.048186244 -0.055420281 0.025800274 0.996965909
172.383079767 6.691854176 -0.985580971 0.387915586 -0.046073385 -0.055623158 0.025906524 0.997051734
172.443919420 6.701920175 -0.986129084 0.387960397 -0.044277816 -0.055761678 0.026019623 0.997122404
172.604259968 6.711977992 -0.986992972 0.388394996 -0.043678621 -0.055688346 0.026098994 0.997150856
172.663481474 6.722047036 -0.987585763 0.388738625 -0.042235660 -0.055439291 0.026355539 0.997220146
172.823596001 6.732204900 -0.988359931 0.388743161 -0.041041334 -0.055106882 0.026775201 0.997277258
172.884669065 6.742547019 -0.989433339 0.388778069 -0.041101351 -0.054694852 0.027376518 0.997281143
173.045664072 6.752960675 -0.990012598 0.389067780 -0.040387130 -0.054305751 0.028224556 0.997307946
173.104758263 6.763268904 -0.989874910 0.389769735 -0.037106047 -0.054204651 0.029267547 0.997410852
173.264124870 6.773568356 -0.990326664 0.390389622 -0.034305716 -0.054229170 0.030350653 0.997477395
173.324826956 6.783893516 -0.991160937 0.391283753 -0.032845599 -0.054249978 0.031351555 0.997494454
173.488059759 6.794222032 -0.991417929 0.393115550 -0.030013588 -0.054479812 0.031967897 0.997551597
173.548347235 6.804428228 -0.991513288 0.396296445 -0.026005270 -0.054639695 0.032003044 0.997654266
173.709645510 6.814604716 -0.992206808 0.398750236 -0.022397585 -0.054584717 0.031557058 0.997758993
173.769281626 6.825080326 -0.993599990 0.399166603 -0.019911515 -0.054600508 0.031161293 0.997823276
173.926196098 6.835485620 -0.994551746 0.398874431 -0.016793509 -0.054596103 0.031369831 0.997874329
173.987401485 6.845756503 -0.995331617 0.399023235 -0.013668981 -0.054653850 0.031902569 0.997901970
174.144480705 6.855645817 -0.996970023 0.400519968 -0.013788450 -0.054580365 0.032236675 0.997893611
174.210698128 6.865860024 -0.998703777 0.402117312 -0.014371399 -0.054482841 0.032585101 0.997879399
174.377687216 6.875361865 -1.000176209 0.403210422 -0.014848524 -0.054393209 0.032908717 0.997866683
174.441419125 6.884676611 -1.001361236 0.404936483 -0.015934889 -0.054290833 0.033036183 0.997851289
174.605337381 6.893901722 -1.002436538 0.406687054 -0.017459784 -0.054191181 0.032910037 0.997835358
174.672112465 6.903137869 -1.003581349 0.407865571 -0.019307579 -0.054116210 0.032645436 0.997814075
174.835951805 6.912401554 -1.004183537 0.409271102 -0.020484504 -0.054080479 0.032382807 0.997801103
174.901798725 6.921820383 -1.004213069 0.411276239 -0.021086671 -0.054119711 0.032227856 0.997791448
175.066128016 6.931302901 -1.004335184 0.412962010 -0.022088260 -0.054126856 0.032090533 0.997773817
175.131397724 6.940817801 -1.004526997 0.414075914 -0.023076165 -0.054092212 0.031957811 0.997757597
175.298678875 6.950345285 -1.004820954 0.414702323 -0.024012780 -0.053988583 0.031733928 0.997748253
175.365919113 6.959905575 -1.005020703 0.415221606 -0.024374338 -0.053841237 0.031462363 0.997756049
175.532589436 6.969526745 -1.005441157 0.415965320 -0.025190581 -0.053688319 0.031156406 0.997753616
175.598541498 6.979107790 -1.006294929 0.417001261 -0.027193912 -0.053458335 0.030696429 0.997727632
175.763267279 6.988713835 -1.006850094 0.418273211 -0.028025263 -0.053346226 0.030320167 0.997722132
175.829274178 6.998392625 -1.007186223 0.420102451 -0.028002418 -0.053343260 0.029941969 0.997734353
175.995941639 7.008089260 -1.007598523 0.421717883 -0.027677140 -0.053108351 0.029547315 0.997767726
176.064391851 7.017870918 -1.008075200 0.423245712 -0.026998793 -0.052598006 0.029213797 0.997823165
176.228456736 7.027730525 -1.009011318 0.424420703 -0.026893922 -0.051974845 0.028807758 0.997870455
176.291434765 7.037473505 -1.010120267 0.425104146 -0.026604832 -0.051397263 0.028474996 0.997917671
176.450611830 7.047155681 -1.010947508 0.425762471 -0.025445218 -0.050914151 0.028276181 0.997978330
176.512070894 7.057341486 -1.011895470 0.426128979 -0.024077811 -0.050453078 0.028071636 0.998041447
176.669963121 7.067105526 -1.011559091 0.429917026 -0.018096394 -0.051162374 0.028409650 0.998122149
176.728391886 7.076832116 -1.012813618 0.433750018 -0.014305192 -0.052656504 0.028640002 0.998099396
176.885482550 7.086565556 -1.014518297 0.436866731 -0.011271815 -0.054535113 0.029516191 0.998011855
176.943733215 7.096125039 -1.016369863 0.440166044 -0.008177579 -0.056766672 0.030939967 0.997874436
177.099196196 7.105730662 -1.018375677 0.443161964 -0.005679646 -0.059041889 0.032536443 0.997708964
177.156276226 7.115380105 -1.020360824 0.445501363 -0.003192027 -0.061380690 0.033946359 0.997531887
177.309514761 7.125731594 -1.022264555 0.447937481 -0.000883965 -0.063901024 0.034866511 0.997346582
177.371267557 7.135126145 -1.023771981 0.449814187 0.000754519 -0.066133819 0.035179382 0.997190132
177.524621248 7.144733755 -1.025100807 0.451573145 0.002083570 -0.068396305 0.035121246 0.997037663
177.585015535 7.154374540 -1.026609726 0.453433450 0.001783915 -0.070570618 0.034719480 0.996900779
177.738265038 7.163879826 -1.028024675 0.455315960 0.000574641 -0.072680048 0.034342500 0.996763700
177.800932169 7.173862619 -1.029241470 0.456642471 -0.000782457 -0.074838474 0.034038704 0.996614247
177.956555843 7.183680041 -1.029855440 0.457747759 -0.002128800 -0.076848491 0.033694829 0.996470991
178.017068386 7.193563044 -1.030266311 0.458558008 -0.004450608 -0.078667227 0.033059236 0.996342685
178.169880390 7.203501349 -1.030145622 0.458980940 -0.006338613 -0.080267071 0.032406399 0.996226302
178.232230663 7.213289074 -1.029989418 0.458785703 -0.008287193 -0.081521049 0.031647702 0.996134561
178.378941059 7.222915876 -1.029726105 0.458177954 -0.009874055 -0.082344580 0.030872393 0.996076688
178.438179016 7.233497780 -1.029352062 0.457757070 -0.010504596 -0.082590977 0.030366432 0.996065391
178.583319187 7.242946557 -1.029196089 0.457584968 -0.010931453 -0.082314716 0.030154709 0.996090099
178.639896393 7.253086177 -1.028912862 0.457788065 -0.010879785 -0.081485176 0.029975625 0.996164273
178.786564350 7.263155264 -1.028430490 0.458189195 -0.008923600 -0.080022359 0.030064311 0.996299618
178.842412472 7.273228422 -1.028432811 0.458499444 -0.006560894 -0.078029451 0.030179833 0.996472547
178.991922617 7.283418451 -1.029134190 0.458160286 -0.004874741 -0.075636827 0.030096616 0.996669203
179.049515247 7.293728366 -1.030522280 0.457479741 -0.004327480 -0.072820932 0.029679305 0.996893938
179.202517509 7.304162129 -1.032140165 0.456162222 -0.003838938 -0.069587854 0.028864972 0.997150744
179.260422468 7.314756586 -1.033540280 0.455054213 -0.002445396 -0.065940982 0.027661428 0.997437042
179.416876316 7.325533589 -1.035574446 0.455048949 -0.002873435 -0.062367925 0.026429089 0.997699097
179.477185249 7.336398761 -1.038214584 0.455974219 -0.005471569 -0.059232347 0.025665740 0.997899224
179.633509398 7.347213704 -1.040643471 0.457407103 -0.007838785 -0.056338833 0.025370276 0.998058535
179.692713499 7.357928269 -1.042271256 0.459202392 -0.008687523 -0.053677380 0.025540764 0.998193836
179.851524830 7.368527158 -1.043726632 0.461458539 -0.010094737 -0.051486275 0.026214078 0.998278559
179.909324646 7.379115514 -1.044926729 0.463275151 -0.010932729 -0.049653409 0.027212128 0.998335873
180.071353197 7.389657900 -1.045666888 0.464672921 -0.010508778 -0.048138825 0.028080280 0.998390563
180.129991055 7.400147383 -1.046534191 0.465627941 -0.010484722 -0.046893211 0.028565543 0.998436331
180.291873455 7.410615501 -1.047664793 0.466624108 -0.011423418 -0.046021032 0.029080876 0.998451738
180.351713657 7.421043345 -1.049091045 0.467810238 -0.013332956 -0.045476864 0.029412757 0.998443277
180.511468887 7.431499263 -1.050597490 0.468638166 -0.015215527 -0.045195218 0.029661737 0.998421785
180.571979761 7.441951105 -1.051797037 0.469420639 -0.016615054 -0.045278528 0.030143637 0.998381268
180.737266541 7.452385641 -1.053039441 0.470022610 -0.018433220 -0.045735549 0.030826394 0.998307673
180.795103073 7.462755218 -1.054320404 0.470180465 -0.020292780 -0.046427551 0.031448201 0.998220264
180.958311319 7.473650962 -1.055230418 0.470680960 -0.021238450 -0.047176401 0.031700163 0.998157510
181.023234129 7.483239702 -1.056419559 0.471439548 -0.023078938 -0.047733757 0.031348267 0.998101266
181.191274881 7.492824959 -1.057413838 0.472520699 -0.024084571 -0.048314111 0.030967423 0.998061470
181.251730680 7.502215880 -1.058215747 0.474663578 -0.025196177 -0.049269240 0.031422981 0.997973091
181.414235592 7.511360058 -1.058207838 0.477980480 -0.024579356 -0.050489010 0.034775631 0.997816301
181.473846912 7.519066417 -1.058446815 0.483846471 -0.021461746 -0.051570276 0.037396464 0.997738144
181.633518696 7.525736864 -1.059527936 0.490173043 -0.018059752 -0.052765652 0.041495766 0.997580940
181.691169739 7.532804812 -1.061592021 0.493754763 -0.016607883 -0.054282844 0.046272969 0.997314576
181.851853371 7.540348323 -1.064968314 0.494986953 -0.017996223 -0.056202624 0.051674207 0.996918842
181.911163568 7.547952898 -1.069023346 0.493011911 -0.020109221 -0.058046677 0.056912078 0.996487440
182.082714081 7.555514582 -1.072696803 0.488646340 -0.022680066 -0.059859376 0.062939357 0.995962402
182.139865637 7.561924624 -1.074556606 0.485015988 -0.027184261 -0.061863389 0.070521318 0.995218911
182.297924042 7.568421880 -1.074599090 0.481878469 -0.030196738 -0.063679359 0.078843834 0.994392652
182.363477707 7.574700333 -1.072395493 0.483181024 -0.028118494 -0.064628786 0.084864369 0.993896629
182.523235083 7.581094070 -1.070087562 0.486294222 -0.025912303 -0.065062300 0.090238963 0.993454770
182.585111141 7.587915771 -1.068115530 0.488986392 -0.023175729 -0.065267839 0.095436665 0.993023080
182.750012875 7.594836203 -1.066954307 0.490882336 -0.021389352 -0.065230399 0.100137819 0.992602593
182.815211773 7.602199279 -1.066334858 0.492168047 -0.020606806 -0.064912606 0.104531393 0.992186928
182.971371412 7.610209477 -1.065630188 0.493304208 -0.019987304 -0.064216215 0.108559864 0.991812251
183.033547401 7.618343039 -1.065023289 0.493971133 -0.019872267 -0.063220661 0.111709117 0.991528776
183.192747593 7.626738445 -1.064500137 0.493810144 -0.020225352 -0.061920094 0.114078520 0.991333914
183.254664421 7.635427134 -1.063773294 0.493144690 -0.020124606 -0.060231270 0.115646964 0.991258278
183.419692755 7.644498893 -1.063337622 0.492695101 -0.021255976 -0.058307850 0.116496572 0.991250184
183.484564066 7.653783830 -1.062546179 0.493181089 -0.022137992 -0.056064845 0.116630338 0.991344545
183.647235632 7.663367447 -1.061804100 0.493859747 -0.023135108 -0.053777330 0.116569291 0.991455680
183.712229252 7.673202040 -1.061627153 0.494189979 -0.025348009 -0.051660144 0.116573043 0.991513708
183.875185013 7.683118859 -1.061306740 0.494300240 -0.027215559 -0.049666337 0.116754598 0.991544720
183.939113855 7.693033735 -1.060181201 0.494821013 -0.027068274 -0.047757145 0.117151144 0.991595771
184.101903200 7.702455125 -1.059081720 0.496066276 -0.026664919 -0.046486761 0.117921588 0.991575747
184.160479069 7.712406958 -1.057953467 0.497661745 -0.025558721 -0.045410390 0.118678115 0.991564498
184.323984146 7.722427543 -1.057177508 0.498969018 -0.023533712 -0.044731290 0.118795401 0.991631448
184.382523060 7.732291055 -1.056927995 0.501193453 -0.020994863 -0.044396786 0.117835922 0.991817945
184.545034170 7.741969486 -1.057140099 0.504139133 -0.017943569 -0.044250018 0.116155370 0.992082605
184.604588032 7.751584213 -1.058331895 0.506984948 -0.016066267 -0.044519318 0.113976555 0.992355405
184.768261909 7.761863724 -1.060794394 0.509021807 -0.015572536 -0.045060101 0.111089868 0.992666170
184.833171844 7.771018936 -1.063566881 0.509812431 -0.015370972 -0.045601352 0.107879896 0.992998579
184.994832754 7.780202324 -1.066744324 0.510369229 -0.015482238 -0.046303145 0.104051123 0.993372882
185.060000181 7.789087113 -1.069785290 0.511150540 -0.015239884 -0.047309125 0.100138783 0.993731260
185.223942757 7.797746272 -1.072413661 0.512428840 -0.013910633 -0.048640310 0.096086044 0.994086559
185.288275003 7.806220645 -1.075497735 0.513436839 -0.013136375 -0.050191756 0.091356719 0.994465773
185.450700283 7.814375069 -1.078708194 0.514350031 -0.012409998 -0.051706426 0.085736710 0.994897811
185.514498949 7.822239655 -1.082078265 0.515435781 -0.011807170 -0.053012077 0.079066178 0.995388793
185.675189018 7.829994838 -1.086143880 0.515797530 -0.012737348 -0.054289910 0.071765371 0.995861485
185.733843327 7.837148232 -1.089328574 0.516470738 -0.012211758 -0.055347103 0.064395405 0.996313607
185.889678001 7.844818435 -1.092450595 0.517897905 -0.010857704 -0.056496143 0.056433540 0.996747486
185.948572636 7.852636220 -1.095782450 0.518891985 -0.009376292 -0.057687429 0.048411137 0.997116145
186.104934931 7.860575245 -1.099666053 0.519568968 -0.008759095 -0.058756542 0.040157792 0.997425836
186.164245129 7.869442751 -1.103815520 0.519650697 -0.008182760 -0.059797220 0.032009155 0.997663645
186.328120708 7.878321309 -1.107623446 0.519562304 -0.007899797 -0.061106068 0.025594319 0.997771804
186.391554356 7.887553095 -1.111089183 0.520326956 -0.007881694 -0.062431312 0.020458841 0.997808422
186.550513744 7.896378732 -1.114552398 0.522035172 -0.009342331 -0.063533994 0.016292586 0.997802938
186.608587027 7.905806131 -1.118458270 0.523936668 -0.011913460 -0.064414281 0.011940894 0.997780680
186.764767885 7.915359862 -1.122287212 0.525089509 -0.014444400 -0.064965024 0.007471456 0.997755021
186.824313641 7.925177122 -1.126003246 0.525987265 -0.017237262 -0.065282361 0.003242521 0.997712672
186.978168249 7.935166346 -1.128892092 0.527237129 -0.018632649 -0.065376616 -0.000415382 0.997686599
187.036443949 7.943647553 -1.132010234 0.530655990 -0.022288983 -0.064634498 -0.004904930 0.997647996
187.190987825 7.950850707 -1.135481879 0.533674392 -0.026543883 -0.063444933 -0.011259284 0.997568740
187.250758886 7.958858374 -1.139318659 0.534206458 -0.029312130 -0.062217047 -0.018862119 0.997453788
187.408969164 7.966566189 -1.142233762 0.533121671 -0.028120012 -0.061078210 -0.025949905 0.997399278
187.468313456 7.974785033 -1.146306089 0.531845594 -0.026759535 -0.059480878 -0.032541033 0.997339979
187.625431299 7.982727128 -1.152526828 0.532404446 -0.029757656 -0.057330883 -0.037114479 0.997221223
187.683984756 7.991753070 -1.157783644 0.532734914 -0.030657753 -0.055948484 -0.040333313 0.997147478
187.841035366 8.001537174 -1.160763012 0.533700775 -0.028407344 -0.055597866 -0.040888454 0.997211128
187.899836540 8.011394856 -1.162703796 0.534829290 -0.025850365 -0.055621874 -0.040309864 0.997302903
188.056669474 8.021238075 -1.164498091 0.535870745 -0.024108530 -0.055931372 -0.039646823 0.997355799
188.114237070 8.031100688 -1.166063220 0.537204609 -0.023089041 -0.056611215 -0.038953521 0.997368884
188.272739410 8.041057616 -1.167673750 0.537955733 -0.022019500 -0.057567281 -0.038409486 0.997359444
188.332396984 8.051113583 -1.169422938 0.538237736 -0.020937660 -0.058833114 -0.037930946 0.997327189
188.490655661 8.061196742 -1.171514652 0.538200589 -0.020203780 -0.060345362 -0.037395820 0.997272178
188.549791336 8.071210143 -1.174428000 0.538289831 -0.020989077 -0.061978288 -0.036946150 0.997172569
188.708399534 8.081237321 -1.177733827 0.539664310 -0.022458348 -0.063659719 -0.037584176 0.997010779
188.767689228 8.091399566 -1.181417954 0.541482746 -0.023736529 -0.065372265 -0.039081630 0.996812756
188.921887159 8.101384002 -1.185012018 0.543749956 -0.023175611 -0.066686378 -0.041473150 0.996642261
188.979630232 8.111137121 -1.189358736 0.545576190 -0.023281812 -0.067779670 -0.044635521 0.996429397
189.134330511 8.120398727 -1.194449120 0.546530419 -0.024455095 -0.068516442 -0.048820203 0.996154623
189.191436529 8.129419188 -1.199213321 0.548145870 -0.024046680 -0.069082292 -0.053893151 0.995863908
189.344702482 8.138148782 -1.204396708 0.548810902 -0.024117730 -0.069441961 -0.059556216 0.995514543
189.401411772 8.146609246 -1.209658541 0.550143918 -0.023614564 -0.069288530 -0.066280268 0.995112244
189.553418875 8.155041218 -1.215422482 0.551197491 -0.022939556 -0.068764296 -0.073857867 0.994630717
189.609482050 8.163024057 -1.222046178 0.551516815 -0.023680988 -0.067648430 -0.082055357 0.994047192
189.765417814 8.170808442 -1.228210780 0.551966289 -0.022577013 -0.066142853 -0.090202098 0.993468159
189.825264692 8.178344256 -1.234411548 0.553483035 -0.022033526 -0.064563948 -0.097028849 0.992940795
189.982824802 8.185996904 -1.241082185 0.555392921 -0.023155753 -0.062800204 -0.103005716 0.992426203
190.039657593 8.194038847 -1.247207837 0.557065582 -0.023585587 -0.061281737 -0.107532476 0.992030763
190.197477818 8.202593084 -1.252722330 0.558517989 -0.023779983 -0.060009187 -0.110360394 0.991793322
190.255219221 8.211598081 -1.257376201 0.559835250 -0.023223801 -0.058841573 -0.112108471 0.991680400
190.414738178 8.220911463 -1.261545782 0.560912549 -0.022572995 -0.057590984 -0.113329771 0.991630022
190.473124981 8.230204868 -1.265878402 0.562380327 -0.023500749 -0.056154428 -0.114511414 0.991555107
190.629750967 8.239464329 -1.270481648 0.563773697 -0.025582079 -0.054665306 -0.115515009 0.991470395
190.689724445 8.248792468 -1.274671722 0.565002384 -0.027122720 -0.053262625 -0.116274002 0.991417070
190.853254795 8.258090693 -1.278715420 0.565716215 -0.028338210 -0.052185257 -0.117467135 0.991299711
190.914353371 8.267448073 -1.282476845 0.568167675 -0.028307653 -0.051500026 -0.119669051 0.991073026
191.078143120 8.276123481 -1.285817714 0.571703556 -0.026773389 -0.051292704 -0.122432227 0.990788875
191.135008097 8.285125427 -1.289603758 0.575440359 -0.024728661 -0.051260059 -0.125905957 0.990408294
191.295252323 8.294210214 -1.294013869 0.577535164 -0.023014057 -0.051098811 -0.129582737 0.989983626
191.354839087 8.303421582 -1.298582292 0.578643834 -0.022201944 -0.051323302 -0.132263399 0.989635986
191.519534349 8.312887226 -1.302544890 0.579511644 -0.021155155 -0.051745023 -0.133665687 0.989448531
191.578567505 8.322459207 -1.306215805 0.580681095 -0.021223668 -0.052196754 -0.134336885 0.989332429
191.739040136 8.331978284 -1.310164672 0.581638483 -0.023402011 -0.052520313 -0.134959222 0.989181465
191.798782825 8.341504020 -1.313754494 0.582305534 -0.025417856 -0.052808817 -0.135898968 0.988987680
191.964254856 8.350850598 -1.317706648 0.582984435 -0.028429967 -0.053303175 -0.137349058 0.988678787
192.025171757 8.360447545 -1.321566253 0.584213534 -0.030430355 -0.054378715 -0.139588526 0.988246929
192.184887409 8.370558007 -1.325189186 0.586122915 -0.030234102 -0.055880439 -0.143039569 0.987675532
192.242545128 8.380696554 -1.329040338 0.588610971 -0.029131025 -0.057568838 -0.147695710 0.986926132
192.400364637 8.390518320 -1.333490095 0.591232255 -0.028489269 -0.059063983 -0.153170769 0.986021563
192.458115339 8.399848946 -1.338547631 0.593910142 -0.029282767 -0.060195485 -0.159332776 0.984952836
192.617087603 8.408827440 -1.343895288 0.595585493 -0.030377046 -0.061042387 -0.166075589 0.983752998
192.675225496 8.417670953 -1.349529620 0.596500015 -0.030898495 -0.061578960 -0.173629867 0.982398078
192.830298901 8.426258124 -1.355796803 0.597295059 -0.032234670 -0.061612064 -0.181942395 0.980847513
192.890297890 8.434706751 -1.362253271 0.597710374 -0.034345080 -0.061398364 -0.190331814 0.979195822
193.045191050 8.443288888 -1.367912692 0.598673147 -0.035324873 -0.061281112 -0.198620016 0.977520776
193.103745461 8.451941609 -1.373155519 0.599639343 -0.036140742 -0.061166331 -0.206612206 0.975840111
193.258558512 8.460553459 -1.378279942 0.600942853 -0.037400326 -0.060980445 -0.214576586 0.974083923
193.316904783 8.468997068 -1.383499210 0.602439990 -0.038905276 -0.060581042 -0.222718581 0.972220526
193.473369837 8.477492673 -1.388945044 0.602666454 -0.040546603 -0.060045887 -0.230726918 0.970317244
193.533221245 8.485987262 -1.394314636 0.603037670 -0.042971100 -0.059436493 -0.238422982 0.968387975
193.689994335 8.495068647 -1.398699457 0.605007725 -0.042605012 -0.059560704 -0.246158823 0.966459088
193.747920513 8.504048216 -1.403183498 0.607347315 -0.041976808 -0.059718261 -0.254002386 0.964445159
193.903336287 8.513075032 -1.407439377 0.610006196 -0.040825060 -0.060115085 -0.261834453 0.962373218
193.961864471 8.522051369 -1.411682969 0.611905689 -0.039920742 -0.060592168 -0.269505893 0.960261161
194.119196653 8.531122700 -1.416260939 0.612596837 -0.038930219 -0.061002390 -0.276353636 0.958327613
194.177332401 8.540335139 -1.421013686 0.612896448 -0.037391755 -0.061862803 -0.281117337 0.956947174
194.332068920 8.549496888 -1.426265476 0.614015458 -0.036818478 -0.062784255 -0.283319417 0.956259716
194.389577866 8.558344607 -1.431758634 0.615573789 -0.036767122 -0.063944035 -0.284030679 0.955973803
194.543187380 8.566813618 -1.437301828 0.617287667 -0.037376258 -0.065180010 -0.284036645 0.955864931
194.601015568 8.575303594 -1.442820016 0.618783990 -0.037485579 -0.066603611 -0.283819844 0.955826912
194.763147831 8.584062249 -1.448348587 0.620630859 -0.036335564 -0.068547293 -0.283778856 0.955746073
194.820463419 8.592916792 -1.454301720 0.622918730 -0.035204454 -0.070783981 -0.284371625 0.955449137
194.973824978 8.601977771 -1.460322146 0.626112426 -0.032981200 -0.073403950 -0.285823576 0.954897368
195.031839848 8.610809011 -1.466870304 0.629004397 -0.031439021 -0.075921434 -0.287802371 0.954157911
195.183087111 8.619488060 -1.473696882 0.631963411 -0.030085504 -0.078515373 -0.290461100 0.953185474
195.237251282 8.627952553 -1.481262065 0.633496923 -0.029849351 -0.080747981 -0.293555657 0.952057696
195.388385534 8.635999107 -1.488597381 0.634556962 -0.029622647 -0.082596594 -0.296488654 0.950996729
195.443947792 8.643969419 -1.495514716 0.635367156 -0.028408799 -0.084660965 -0.297932828 0.950400700
195.592286587 8.651869140 -1.502025261 0.636645779 -0.026368366 -0.086633860 -0.298109447 0.950226310
195.647726059 8.659527929 -1.508603112 0.638341250 -0.025290777 -0.087912389 -0.298267076 0.950088701
195.796642065 8.667144456 -1.515330200 0.639460378 -0.024428847 -0.088650783 -0.298683943 0.949911665
195.851506948 8.674389676 -1.522442396 0.640601318 -0.024601014 -0.088419624 -0.299509221 0.949668883
196.003091812 8.681749499 -1.529780012 0.642139360 -0.024741078 -0.087825060 -0.301571663 0.949067527
196.058582067 8.689095423 -1.537591709 0.643572376 -0.024965294 -0.086952913 -0.304940487 0.948064990
196.205009937 8.696454190 -1.545661481 0.644758772 -0.024807558 -0.085886958 -0.309397014 0.946721450
196.257962227 8.703787604 -1.554148123 0.646088232 -0.025062420 -0.084490449 -0.314878135 0.945031745
196.404490471 8.711224358 -1.563129294 0.646867787 -0.025353213 -0.082827658 -0.321337500 0.942994700
196.457216740 8.718556893 -1.572696753 0.647215483 -0.026664218 -0.080628456 -0.328705377 0.940606638
196.609499931 8.725882748 -1.582629641 0.648006926 -0.028529818 -0.077949952 -0.336955854 0.937854257
196.662523985 8.733306801 -1.592930991 0.648216335 -0.030498625 -0.074887198 -0.345743448 0.934838601
196.814799547 8.740976871 -1.602820822 0.648100366 -0.031548755 -0.071823872 -0.353744586 0.932046552
196.870321035 8.749152362 -1.612339135 0.648734440 -0.031889189 -0.069141219 -0.360013683 0.929834781
197.022071600 8.758141985 -1.621274456 0.649644112 -0.030306819 -0.067349313 -0.364648428 0.928211770
197.078557253 8.767393627 -1.629876954 0.650768535 -0.027883854 -0.066084401 -0.368121927 0.927006790
197.232906818 8.775720418 -1.638924568 0.652523613 -0.028426277 -0.064160643 -0.371837445 0.925641547
197.290982962 8.783833325 -1.648094915 0.655490861 -0.029989686 -0.062090068 -0.376210671 0.923964812
197.446547270 8.792289382 -1.657147395 0.658674048 -0.030554959 -0.060710768 -0.381008706 0.922069934
197.501595020 8.800917759 -1.666162207 0.661510836 -0.030532449 -0.059754734 -0.385974420 0.920065698
197.656955957 8.809367938 -1.674876098 0.663994500 -0.029817071 -0.058933658 -0.390634612 0.918173386
197.710197687 8.817806203 -1.683353655 0.666145921 -0.028000595 -0.058654735 -0.394398042 0.916638300
197.867439032 8.825576617 -1.691922464 0.668652527 -0.026349721 -0.057961997 -0.396944016 0.915631775
197.918133974 8.832747510 -1.700618040 0.670808927 -0.024969819 -0.056813407 -0.398860775 0.914909190
198.073842287 8.839765646 -1.709344093 0.672321095 -0.023612309 -0.055576421 -0.400169953 0.914449413
198.126537323 8.846272930 -1.718329133 0.674230102 -0.023903239 -0.053592431 -0.401085633 0.914159068
198.280667067 8.852978571 -1.727003603 0.676377117 -0.023529916 -0.051837987 -0.401605723 0.914041580
198.335862398 8.860088781 -1.735425473 0.678249897 -0.022228840 -0.050629092 -0.401666727 0.914115099
198.486818552 8.867291854 -1.744056448 0.679586489 -0.020991813 -0.049683916 -0.401515795 0.914262500
198.540024281 8.874275946 -1.752891112 0.681256531 -0.020851277 -0.048439283 -0.401313719 0.914421215
198.692533970 8.881519557 -1.761623858 0.682607904 -0.020239319 -0.047586604 -0.400988519 0.914622377
198.746698380 8.888707898 -1.770441796 0.684015244 -0.019621963 -0.047078532 -0.400566358 0.914847082
198.898850679 8.895499195 -1.779484297 0.686109070 -0.020447444 -0.046075075 -0.400316274 0.914989547
198.950431585 8.902136361 -1.788700232 0.687973103 -0.022566428 -0.044334239 -0.400535970 0.914929597
199.101629734 8.909166661 -1.797803321 0.689046930 -0.024355301 -0.042580399 -0.401056017 0.914739198
199.153923273 8.916728675 -1.806350281 0.690582212 -0.024246911 -0.041635420 -0.401817287 0.914451446
199.306729555 8.924573421 -1.815025505 0.692056054 -0.023155467 -0.041475780 -0.402916593 0.914003175
199.360548019 8.932118661 -1.824435759 0.693809455 -0.023335843 -0.041183683 -0.404883194 0.913142345
199.514100790 8.940211290 -1.834014264 0.696185582 -0.022398096 -0.041970724 -0.407554011 0.911941068
199.566252232 8.948348546 -1.844063120 0.698833103 -0.021683632 -0.043009128 -0.410851355 0.910429129
199.720123529 8.956791610 -1.854445844 0.701026229 -0.020471168 -0.044546305 -0.414543177 0.908708156
199.773381233 8.964855371 -1.865503399 0.702450450 -0.020393612 -0.045657378 -0.418846650 0.906679099
199.925741434 8.971936555 -1.876874018 0.703603105 -0.022353314 -0.045579335 -0.424018875 0.904229422
199.978451014 8.979579688 -1.887476810 0.704238109 -0.021815219 -0.046605041 -0.428430520 0.902108284
200.134003401 8.986828288 -1.898279558 0.704673147 -0.021706821 -0.047566119 -0.431711822 0.900494964
200.185737610 8.993737390 -1.908935074 0.705793918 -0.020649877 -0.048771389 -0.434482957 0.899121512
200.338981628 9.000562280 -1.919424143 0.707254234 -0.017971724 -0.050607129 -0.436395720 0.898150717
200.389834881 9.006642250 -1.930432113 0.708191197 -0.016895562 -0.051300812 -0.438033531 0.897334604
200.542145014 9.012502647 -1.942031144 0.707732972 -0.017138957 -0.051007903 -0.439864187 0.896450750
200.593815804 9.018588508 -1.953519175 0.707185682 -0.016346069 -0.050824238 -0.441906582 0.895470980
200.744124889 9.024424586 -1.964642914 0.707897278 -0.014737829 -0.050656069 -0.443842412 0.894550542
200.793245792 9.029679826 -1.975922230 0.709247029 -0.014305137 -0.049621274 -0.445873121 0.893605199
200.943396807 9.035072405 -1.987233978 0.710005192 -0.013935462 -0.048296378 -0.447988642 0.892625027
200.992432356 9.040317452 -1.998810414 0.709893116 -0.014671886 -0.045916714 -0.450607299 0.891419908
201.147209167 9.046085064 -2.010114722 0.709819870 -0.014160453 -0.043733876 -0.453609540 0.890014165
201.196658134 9.052199287 -2.021420450 0.709652047 -0.012322171 -0.042170274 -0.456464722 0.888656170
201.353126526 9.058492431 -2.032643832 0.709048679 -0.008536850 -0.041613335 -0.458768937 0.887539585
201.403458595 9.064573505 -2.043799818 0.708695251 -0.003286257 -0.041643812 -0.460847313 0.886495769
201.560071945 9.069304079 -2.055324677 0.710306260 0.000250356 -0.040610960 -0.462978250 0.885438776
201.611986876 9.073250357 -2.067411080 0.712394408 0.001753814 -0.038403985 -0.465180981 0.884380412
201.773668528 9.077284796 -2.079729142 0.713756943 0.002901167 -0.035969704 -0.467267434 0.883379255
201.826876640 9.081795850 -2.091891677 0.714821848 0.004994949 -0.034112815 -0.469099118 0.882472314
201.989115238 9.086585126 -2.103572583 0.716477367 0.008240838 -0.032923971 -0.470788372 0.881593109
202.047565699 9.091021142 -2.115221817 0.718630899 0.010445920 -0.030967736 -0.472599183 0.880671275
202.212128401 9.095725596 -2.126832243 0.720244923 0.012572609 -0.028936865 -0.474177484 0.879863797
202.265743732 9.100777438 -2.138204079 0.721545546 0.015110903 -0.027055367 -0.475642213 0.879092801
202.426820040 9.106160665 -2.149084681 0.723144332 0.019444330 -0.026205473 -0.476961326 0.878318328
202.478755951 9.111248291 -2.159869540 0.724951245 0.024505711 -0.025845906 -0.477799139 0.877746798
202.641375780 9.115965937 -2.171106596 0.726462872 0.028286841 -0.024760855 -0.478641457 0.877205284
202.693506002 9.120659802 -2.182619987 0.727922532 0.031467584 -0.023475354 -0.479348370 0.876746166
202.853531122 9.125434043 -2.194449515 0.728964287 0.034247164 -0.022201101 -0.479904688 0.876370774
202.904712439 9.130311063 -2.206490628 0.729854887 0.036494803 -0.020910554 -0.480162829 0.876170381
203.070073605 9.135223747 -2.218670512 0.730920370 0.038322795 -0.019546191 -0.480404457 0.875991363
203.121111870 9.140361113 -2.230646147 0.732834030 0.040889942 -0.018779825 -0.480658464 0.875752689
203.283807993 9.145405603 -2.242890292 0.734657650 0.043193762 -0.018105152 -0.481032490 0.875450882
203.334113598 9.149882249 -2.255863240 0.735577115 0.043135500 -0.016257615 -0.481846441 0.875042300
203.504652739 9.154277151 -2.269377107 0.735923438 0.041937462 -0.014153089 -0.482985295 0.874509087
203.556177139 9.159280323 -2.282766239 0.737426134 0.041957109 -0.012888393 -0.484719775 0.873567530
203.719244719 9.164848766 -2.295833660 0.739242932 0.043273909 -0.012603154 -0.486176007 0.872697783
203.770718575 9.170682679 -2.308463760 0.741323906 0.045885732 -0.013420109 -0.487046610 0.872066511
203.935833693 9.176505764 -2.321057791 0.743438241 0.049380151 -0.015105684 -0.487757719 0.871450415
203.987395287 9.181980377 -2.334107185 0.745023845 0.052147024 -0.016872019 -0.488425886 0.870882413
204.155716896 9.187270051 -2.347468401 0.746638756 0.054384658 -0.018999484 -0.488767795 0.870509834
204.206128597 9.192111908 -2.361350230 0.747719129 0.054808925 -0.020623168 -0.489092356 0.870263945
204.371648312 9.196674753 -2.375713456 0.747734802 0.053508730 -0.021705916 -0.489354211 0.870171320
204.423434258 9.201172233 -2.390090053 0.748118079 0.051304429 -0.022817923 -0.489369772 0.870266870
204.590417147 9.205849440 -2.404143872 0.748761783 0.048711800 -0.024222056 -0.488917771 0.870631878
204.642596245 9.210659040 -2.418067085 0.748696916 0.045767074 -0.025707986 -0.488305829 0.871092356
204.803630352 9.215174256 -2.432275500 0.747960071 0.041080048 -0.026424281 -0.487738131 0.871622454
204.856145382 9.219964802 -2.446360222 0.747292446 0.036064638 -0.027348973 -0.486874483 0.872298466
205.016383886 9.225503567 -2.459506869 0.747451685 0.033087635 -0.029931662 -0.485385070 0.873161290
205.070117235 9.230977261 -2.472416209 0.747535793 0.030458681 -0.032949907 -0.483858770 0.873995002
205.225172043 9.236257256 -2.485597297 0.746763321 0.027057220 -0.035582951 -0.482501446 0.874753745
205.277574539 9.241725552 -2.498454369 0.746258122 0.024045525 -0.038690586 -0.481072267 0.875496616
205.432856560 9.247285315 -2.510823020 0.746944442 0.021936192 -0.042628946 -0.479438465 0.876264991
205.483237982 9.252560015 -2.523497531 0.747389807 0.019036327 -0.045980528 -0.478135162 0.876875234
205.632279873 9.257843863 -2.536438352 0.746747834 0.015878216 -0.048959892 -0.477383129 0.877186502
205.682885170 9.263084492 -2.549589622 0.745080215 0.012066653 -0.051334684 -0.477206621 0.877207493
205.831272364 9.268418932 -2.562570363 0.744026774 0.008346954 -0.053577809 -0.477281135 0.877076088
205.883110285 9.273954564 -2.575058899 0.744658831 0.006059680 -0.056552096 -0.477365120 0.876862408
206.028650761 9.279546386 -2.587479871 0.745490489 0.004815310 -0.060040398 -0.477804296 0.876398892
206.078897476 9.285069746 -2.599624208 0.747305131 0.005170089 -0.064457545 -0.478332860 0.875794594
206.224500418 9.289952701 -2.611896693 0.749640549 0.005134757 -0.068335183 -0.479033150 0.875117808
206.275129080 9.294511195 -2.624601087 0.750727916 0.004450163 -0.071427656 -0.479848272 0.874427768
206.419289827 9.298642681 -2.637887788 0.750708832 0.002126138 -0.073133204 -0.481251234 0.873524049
206.468776941 9.303095211 -2.650971669 0.750856493 0.000692576 -0.075082776 -0.482890533 0.872455632
206.612964392 9.307736705 -2.663345566 0.751938105 0.001566871 -0.077501205 -0.484265651 0.871480285
206.664598465 9.311894109 -2.675857344 0.752952012 0.002074420 -0.078859929 -0.485689060 0.870564728
206.806620121 9.315870130 -2.688368452 0.753978606 0.002724623 -0.079623863 -0.487122180 0.869692244
206.857986689 9.319793651 -2.700452968 0.755521354 0.004678377 -0.080264020 -0.488437839 0.868886803
207.002026558 9.322985591 -2.712896306 0.756856881 0.004844361 -0.079113501 -0.490426786 0.867870470
207.052970886 9.326205006 -2.725302403 0.757772757 0.004965431 -0.077200691 -0.492910780 0.866633925
207.199931622 9.329802968 -2.737605558 0.757764892 0.005658833 -0.075025207 -0.495799912 0.865171453
207.251876116 9.334104039 -2.749470132 0.757851478 0.008640763 -0.073574234 -0.498376671 0.863789826
207.398432016 9.338277251 -2.761567089 0.758133878 0.010523800 -0.071163516 -0.501157422 0.862360854
207.451399803 9.342631170 -2.773756214 0.758747960 0.012075158 -0.068508416 -0.503701318 0.861072454
207.598466158 9.347305152 -2.785628842 0.760311273 0.014174251 -0.066362755 -0.505378301 0.860225464
207.648902178 9.351967623 -2.797334355 0.762602485 0.015261802 -0.064092444 -0.506454427 0.859745980
207.792942286 9.356606890 -2.809174895 0.764521344 0.014881832 -0.061556560 -0.507000479 0.859616097
207.844817877 9.361276202 -2.820895645 0.766481048 0.013326516 -0.058848027 -0.507235136 0.859692870
207.992315054 9.366439360 -2.832669968 0.768225363 0.012039137 -0.056995700 -0.506844401 0.860067034
208.042332411 9.371975119 -2.844547241 0.770674184 0.011765059 -0.056456902 -0.505192395 0.861077723
208.189976215 9.377562804 -2.856837577 0.773125338 0.011670057 -0.056813004 -0.502680324 0.862524541
208.240319967 9.383100651 -2.869391122 0.775045445 0.011776702 -0.057821649 -0.499566684 0.864263325
208.384141445 9.388210238 -2.882261557 0.775886521 0.010993027 -0.058452312 -0.496476184 0.866010323
208.434339046 9.392437557 -2.895668651 0.776320235 0.007247992 -0.057938400 -0.493798769 0.867613614
208.579749584 9.396033172 -2.909335749 0.777624234 0.000899576 -0.056676399 -0.491340374 0.869121173
208.629963398 9.400859260 -2.922158561 0.780255414 -0.002456428 -0.058029121 -0.488319989 0.870729680
208.773735762 9.405861271 -2.934895493 0.783185947 -0.005750412 -0.060115274 -0.485747957 0.872010326
208.826141119 9.411144413 -2.948093915 0.784672281 -0.008599478 -0.062408077 -0.483840246 0.872885959
208.971153259 9.416383383 -2.961622814 0.785446270 -0.011802875 -0.064765033 -0.482708949 0.873303070
209.021876574 9.421955417 -2.975171758 0.786145180 -0.014313829 -0.067779227 -0.482235561 0.873298319
209.165431023 9.427801624 -2.988124706 0.786771854 -0.015361740 -0.071485943 -0.481859750 0.873192395
209.217991352 9.433288626 -3.000462301 0.787715146 -0.016288896 -0.075290208 -0.481470221 0.873070720
209.360958099 9.438723177 -3.012348472 0.788251400 -0.016262852 -0.079210754 -0.481106909 0.872924578
209.413897991 9.444082681 -3.023502810 0.789247066 -0.014329403 -0.083496255 -0.480394763 0.872951267
209.552704334 9.448806802 -3.034279012 0.791139885 -0.011909790 -0.087154853 -0.479447023 0.873151041
209.605772018 9.452858258 -3.045336391 0.793005269 -0.011319702 -0.089174656 -0.479144635 0.873120933
209.744949341 9.456932838 -3.056414937 0.794233130 -0.011279889 -0.090361083 -0.479525997 0.872790042
209.798675776 9.461307271 -3.067147349 0.795195338 -0.010431487 -0.091382855 -0.480280123 0.872279405
209.937398911 9.465655146 -3.077426059 0.796477179 -0.008719808 -0.091973917 -0.481388216 0.871625005
209.989627838 9.469873661 -3.087595650 0.797710669 -0.006821424 -0.091876495 -0.482699554 0.870926701
210.127042532 9.473963727 -3.098049904 0.798144293 -0.005143121 -0.091099631 -0.484121237 0.870230448
210.178136349 9.477807970 -3.108772769 0.798202324 -0.004304513 -0.089226132 -0.485944422 0.869412553
210.319537163 9.481630806 -3.119646699 0.797926393 -0.003772940 -0.086553014 -0.488039865 0.868511042
210.371802330 9.485784457 -3.130412185 0.797554486 -0.002461459 -0.083731956 -0.490038059 0.867666757
210.512458086 9.490212385 -3.140929237 0.797958686 -0.000248702 -0.080793161 -0.491573853 0.867079898
210.566721201 9.494797731 -3.151518796 0.798651560 0.002047722 -0.077555380 -0.492659141 0.866757141
210.708799124 9.499582296 -3.162298345 0.798847169 0.004202147 -0.074145070 -0.493351889 0.866653774
210.759346485 9.504087479 -3.173377208 0.799080240 0.004914063 -0.069671128 -0.494144501 0.866569673
210.900608540 9.508663582 -3.184577038 0.799640671 0.004856852 -0.064575302 -0.494921956 0.866521032
210.952539206 9.513758746 -3.195779103 0.799655848 0.005233449 -0.059638681 -0.495447458 0.866572360
211.100358725 9.519258028 -3.206927631 0.799181779 0.006362469 -0.055002114 -0.495921735 0.866600207
211.152781963 9.524558505 -3.218395218 0.800249129 0.006429427 -0.050156819 -0.496074215 0.866806397
211.296978951 9.530173838 -3.229677235 0.802917870 0.007504599 -0.046130977 -0.495761146 0.867200380
211.349054575 9.535770271 -3.241155465 0.805238398 0.008504496 -0.042283549 -0.495358886 0.867617052
211.493728638 9.541114016 -3.252846615 0.807975161 0.008541923 -0.038432765 -0.494851596 0.868085166
211.546174526 9.546457172 -3.264776470 0.810773065 0.008020185 -0.034966277 -0.494152273 0.868634887
211.694100142 9.552087222 -3.276916750 0.812915130 0.007686452 -0.032164113 -0.493187286 0.869294363
211.747010946 9.558168289 -3.289112643 0.813839408 0.008281564 -0.030307898 -0.491913300 0.870077096
211.896160364 9.564496507 -3.301323789 0.814108671 0.009907902 -0.029474254 -0.490514436 0.870878114
211.949831963 9.570145476 -3.313456131 0.816006829 0.010930260 -0.028850553 -0.489283060 0.871579177
212.101286411 9.575520661 -3.325748520 0.818219564 0.011232669 -0.028373362 -0.488018972 0.872299411
212.155106783 9.581192261 -3.337895074 0.819977836 0.012426213 -0.028575376 -0.486629746 0.873052420
212.304816246 9.587009985 -3.349700647 0.821397207 0.014725477 -0.029223910 -0.485414315 0.873671601
212.359550476 9.592333382 -3.361399150 0.822849957 0.016360085 -0.029283981 -0.484783036 0.873990964
212.510001659 9.597641234 -3.373192367 0.823990849 0.017605910 -0.029230912 -0.484306094 0.874232917
212.562939882 9.603214727 -3.385092359 0.824578195 0.019165932 -0.029635373 -0.483685915 0.874529787
212.709842920 9.609049680 -3.397064997 0.824571687 0.021210486 -0.030468769 -0.482889509 0.874893989
212.762850285 9.614669917 -3.408995259 0.824947362 0.022964665 -0.030865603 -0.482355777 0.875130186
212.911218882 9.619928236 -3.420865310 0.825947301 0.023859363 -0.030243698 -0.482382655 0.875113149
212.963180304 9.625478023 -3.432831004 0.826388887 0.025082712 -0.029594854 -0.482570648 0.874997469
213.119168043 9.631124994 -3.445047171 0.826544760 0.025893445 -0.028866021 -0.482737585 0.874906113
213.170770884 9.636772244 -3.457358701 0.826563625 0.025971194 -0.027797048 -0.482998061 0.874794658
213.320151091 9.642889509 -3.469374294 0.826406429 0.027105317 -0.027113221 -0.483444007 0.874535344
213.372321129 9.649184068 -3.481128913 0.826588677 0.029363235 -0.026835444 -0.484030229 0.874146668
213.521165609 9.655108717 -3.493363523 0.827213912 0.030523639 -0.026387250 -0.484398674 0.873916441
213.572300673 9.660828537 -3.506075434 0.828012688 0.030332248 -0.025909110 -0.484313144 0.873984812
213.722993612 9.666699032 -3.519173241 0.827753526 0.029723734 -0.025687130 -0.483870691 0.874257299
213.774490833 9.672484393 -3.532369130 0.828095726 0.028444759 -0.025663225 -0.483214264 0.874663518
213.924877882 9.678195653 -3.545586337 0.829833258 0.026458909 -0.026013204 -0.482303124 0.875218222
213.976939917 9.684000832 -3.558986166 0.831083561 0.024341001 -0.026707676 -0.481311880 0.875804253
214.129128933 9.689733409 -3.572569652 0.831551777 0.021650717 -0.027361001 -0.480281396 0.876420220
214.182425022 9.695592060 -3.586009875 0.832301117 0.018966752 -0.028242329 -0.479380393 0.876947588
214.332714558 9.701968294 -3.598917892 0.833140304 0.018045127 -0.030182295 -0.478515991 0.877374406
214.385031700 9.707999872 -3.611691883 0.833758621 0.016644288 -0.031460263 -0.478322272 0.877462833
214.533392668 9.713957046 -3.624177362 0.834379518 0.015157221 -0.032234372 -0.478706204 0.877252286
214.586838722 9.720496031 -3.636434313 0.834261120 0.015218860 -0.033781326 -0.479313805 0.876861155
214.739097118 9.726891468 -3.648479878 0.834246543 0.015702490 -0.035278257 -0.480225309 0.876294773
214.791799545 9.732674772 -3.660561492 0.834817785 0.015087994 -0.035441464 -0.481836471 0.875414114
214.941299200 9.738151150 -3.672778928 0.835663158 0.013489525 -0.034402342 -0.483675260 0.874467126
214.994534254 9.743924006 -3.684890865 0.835970993 0.012421506 -0.033196368 -0.485627252 0.873447124
215.143984079 9.749951483 -3.696770122 0.836103551 0.012503907 -0.032078797 -0.487605253 0.872385076
215.199078798 9.756092001 -3.708603276 0.835786992 0.013599653 -0.030962672 -0.489316621 0.871450289
215.349425077 9.761953051 -3.720591332 0.835161562 0.014611254 -0.029150534 -0.490794794 0.870664820
215.401294947 9.767598384 -3.732304255 0.835288959 0.016059205 -0.026598217 -0.492215451 0.869918724
215.551142216 9.773694644 -3.744021886 0.835356067 0.018977095 -0.024658089 -0.493426031 0.869231039
215.603074789 9.780119439 -3.755910825 0.835236473 0.022898840 -0.023224756 -0.494240984 0.868712900
215.751296520 9.786491954 -3.768052648 0.835174623 0.026936146 -0.021748682 -0.494711185 0.868367596
215.802284718 9.792505038 -3.780528021 0.835111002 0.029987783 -0.019621739 -0.495099976 0.868096616
215.954780817 9.798778302 -3.792993199 0.835204467 0.033324831 -0.017783403 -0.495326812 0.867885105
216.006134033 9.805650394 -3.805536543 0.835554828 0.037942208 -0.017151644 -0.495295285 0.867726219
216.157985210 9.812159410 -3.818870933 0.835788108 0.041238250 -0.016199124 -0.495243415 0.867623741
216.210707664 9.818306862 -3.833010203 0.835852350 0.042703213 -0.014789118 -0.494957385 0.867741266
216.365510702 9.824933236 -3.847315949 0.836134154 0.044689320 -0.014240893 -0.494050970 0.868166862
216.416737556 9.831221347 -3.862141719 0.837219232 0.045366364 -0.013356412 -0.493079166 0.868698127
216.577571392 9.837547252 -3.877543569 0.838093413 0.045379579 -0.012492058 -0.491922148 0.869366000
216.629657030 9.844344466 -3.892979177 0.838644842 0.046431584 -0.012503429 -0.490368101 0.870187852
216.786906242 9.850866824 -3.908722896 0.839307028 0.046708012 -0.012341198 -0.488728498 0.871097303
216.838629484 9.857790032 -3.924399403 0.839241944 0.048078363 -0.013043587 -0.486713347 0.872140157
216.994138241 9.864856228 -3.940246212 0.838505915 0.050101331 -0.014383152 -0.484677274 0.873138546
217.046239614 9.871782288 -3.956304976 0.837070292 0.052038043 -0.015756468 -0.482800574 0.874040835
217.202645302 9.877642118 -3.972428265 0.836671311 0.051781203 -0.015305631 -0.482000877 0.874505346
217.252856970 9.883288635 -3.987831358 0.837545041 0.051469250 -0.014217761 -0.482370477 0.874338318
217.406198263 9.888774112 -4.003114634 0.838241464 0.050641517 -0.012305613 -0.483711674 0.873674439
217.455566406 9.894549199 -4.018382572 0.837440962 0.050198234 -0.010274188 -0.485774596 0.872581011
217.610517979 9.900882916 -4.033883363 0.835313963 0.050786961 -0.008763330 -0.487786479 0.871440325
217.661520004 9.906650442 -4.049916327 0.832961648 0.049711361 -0.005798677 -0.490541219 0.869979579
217.818500757 9.912352988 -4.066334206 0.830274670 0.048069285 -0.002154342 -0.493598659 0.868357683
217.870314121 9.919245075 -4.082242533 0.827877390 0.049877174 -0.000416417 -0.496143702 0.866806507
218.031545877 9.926620316 -4.097627073 0.827549115 0.054899679 -0.000569328 -0.498223575 0.865308598
218.083668470 9.933138596 -4.113220303 0.829075893 0.059741132 -0.000556030 -0.500251594 0.863816549
218.244623423 9.939661120 -4.129070335 0.830823118 0.065575975 -0.001294924 -0.502125693 0.862303835
218.294565678 9.945447698 -4.145750066 0.831887824 0.069610118 -0.000995500 -0.504198030 0.860777432
218.486394644 9.950858567 -4.163274504 0.831912219 0.072146870 -0.000051578 -0.506280928 0.859345361
218.537259102 9.956028983 -4.181437222 0.831106540 0.073345534 0.001290151 -0.508140489 0.858144517
218.701497078 9.960503298 -4.200280353 0.830155293 0.071719986 0.003961921 -0.509963580 0.857191749
218.751808643 9.964847656 -4.219533441 0.828946253 0.068731431 0.006974893 -0.511397202 0.856563041
218.914055347 9.969206086 -4.239238895 0.826964022 0.064808841 0.010105578 -0.512500046 0.856178366
218.963353872 9.974371953 -4.258926610 0.824793002 0.062382184 0.011758402 -0.512893872 0.856101676
219.127211332 9.979866147 -4.278734748 0.822959182 0.060630756 0.012441868 -0.512981887 0.856165110
219.178816080 9.986009129 -4.298367037 0.821687867 0.060904288 0.011375528 -0.512890509 0.856215271
219.343621731 9.992171047 -4.318316590 0.819766343 0.061384158 0.009845173 -0.512952828 0.856162633
219.393465519 9.999072510 -4.337993908 0.817531886 0.064377878 0.006698530 -0.512835044 0.856043712
219.557951689 10.005955087 -4.357757020 0.814925084 0.067924684 0.003291150 -0.512779607 0.855822692
219.611463785 10.011890285 -4.378101038 0.812588557 0.069347325 0.001120893 -0.513100745 0.855521664
219.774806976 10.017062364 -4.398817166 0.811128746 0.068588566 0.000197231 -0.513732853 0.855204143
219.826295376 10.021984461 -4.419938652 0.809498347 0.066464898 0.000003577 -0.514503410 0.854908567
219.989265919 10.026681877 -4.441732727 0.806491422 0.062786852 0.000613278 -0.515330607 0.854688131
220.043113708 10.031476616 -4.463907818 0.802407875 0.058396934 0.001471477 -0.516163468 0.854495703
220.210778952 10.037517476 -4.485706052 0.798239553 0.057042403 0.000544099 -0.516722738 0.854250245
220.266322374 10.044824672 -4.506609445 0.795996773 0.060168512 -0.003030279 -0.516838213 0.853960672
220.431769848 10.051411277 -4.527412868 0.795653796 0.062918910 -0.006368171 -0.516973164 0.853662348
220.486401558 10.056457875 -4.548663788 0.796391460 0.062386835 -0.007785014 -0.517516840 0.853360180
220.649348736 10.060768674 -4.570360554 0.796810363 0.060022658 -0.008049091 -0.518196254 0.853114960
220.702305794 10.064757837 -4.592639484 0.795592147 0.056243844 -0.007551600 -0.518959671 0.852912928
220.867454529 10.068638179 -4.615354517 0.792882163 0.051334761 -0.006544169 -0.519728261 0.852762834
220.921599150 10.072771700 -4.637941236 0.789988507 0.046281555 -0.005679453 -0.520230515 0.852751999
221.084233999 10.077725534 -4.659678369 0.788542545 0.042939380 -0.006112089 -0.520185171 0.852951487
221.137724400 10.083365218 -4.680123230 0.789359989 0.041727323 -0.007800555 -0.519658443 0.853318864
221.299766064 10.089090314 -4.700316001 0.790345290 0.040755425 -0.009550911 -0.518965579 0.853769584
221.351710558 10.095033051 -4.720335552 0.790865050 0.040162262 -0.011388743 -0.518229492 0.854222151
221.511348724 10.101124987 -4.740624291 0.789991062 0.039523396 -0.013079579 -0.517506341 0.854666024
221.564879894 10.107185237 -4.761331248 0.787290801 0.038149377 -0.014302428 -0.516888629 0.855082576
221.727371216 10.113181408 -4.782321166 0.783484262 0.036070414 -0.014999610 -0.516491950 0.855400492
221.781579971 10.119679313 -4.802456951 0.780950501 0.035778753 -0.016366361 -0.516212015 0.855556649
221.944374323 10.126443422 -4.821203292 0.781398123 0.037720202 -0.018499623 -0.516057784 0.855522831
221.996634245 10.132620315 -4.839525636 0.783574700 0.039459255 -0.020254730 -0.516139775 0.855355157
222.153567553 10.138469462 -4.858010243 0.785496588 0.040676979 -0.021608823 -0.516351324 0.855137271
222.206112146 10.144083063 -4.876610835 0.786870478 0.041444748 -0.022653071 -0.516698425 0.854863679
222.363002777 10.149236976 -4.895888020 0.786740989 0.040551170 -0.022768232 -0.517291538 0.854544718
222.415462971 10.154240978 -4.915686893 0.785080805 0.038669625 -0.022365539 -0.517949233 0.854244130
222.574559450 10.159285503 -4.935983971 0.781421605 0.036271516 -0.021646669 -0.518686245 0.853920592
222.629323483 10.164757533 -4.956068324 0.777325954 0.035033896 -0.021447113 -0.519317636 0.853593487
222.788769484 10.171000283 -4.974561875 0.775969492 0.037711055 -0.023079529 -0.519278049 0.853460907
222.842750788 10.176265129 -4.992450613 0.777523989 0.039578004 -0.023939236 -0.519389031 0.853285139
223.005027056 10.181123320 -5.010073945 0.779563139 0.040763603 -0.024084957 -0.519596426 0.853098938
223.057358742 10.185519540 -5.027819060 0.781152583 0.040641585 -0.023154177 -0.520128537 0.852806221
223.216105938 10.189819158 -5.045832464 0.781433641 0.039903020 -0.021566771 -0.520977224 0.852364567
223.267947435 10.194197492 -5.063886844 0.780503395 0.039095229 -0.019453100 -0.522243232 0.851677842
223.430359840 10.198602780 -5.082021984 0.778341457 0.038050847 -0.016678558 -0.524069126 0.850661807
223.484541178 10.203340404 -5.099734954 0.776077497 0.037652026 -0.013746130 -0.526491494 0.849234994
223.645257235 10.208837417 -5.116508307 0.775237174 0.039465492 -0.011749128 -0.529163207 0.847520344
223.697971582 10.215102936 -5.132606058 0.775202704 0.043827752 -0.011286041 -0.531413051 0.845903022
223.863925457 10.220519674 -5.148636775 0.775478542 0.047037225 -0.009672497 -0.534115663 0.844046445
223.915667295 10.225954539 -5.164467601 0.775804520 0.050664959 -0.008096714 -0.537003755 0.842018095
224.081047773 10.231400490 -5.180373439 0.775586813 0.054327582 -0.006533815 -0.539790136 0.840019305
224.140585423 10.236676763 -5.196707726 0.774763965 0.057168363 -0.004587686 -0.542568401 0.838051467
224.303633451 10.241535657 -5.212936101 0.775294908 0.058718335 -0.002031920 -0.545588254 0.835991319
224.353731871 10.246456095 -5.229328889 0.775844509 0.059455356 0.000668318 -0.548423903 0.834083830
224.517454624 10.251902332 -5.245806394 0.776161070 0.060724611 0.002438490 -0.550715415 0.832477692
224.566220760 10.257123279 -5.262492043 0.776760326 0.060793170 0.004338543 -0.552697089 0.831150585
224.731539011 10.262174637 -5.279377001 0.777569818 0.059621587 0.006380344 -0.554485154 0.830030585
224.780607700 10.267449832 -5.296502498 0.777591307 0.058418441 0.007978690 -0.555899133 0.829156065
224.949516058 10.272526357 -5.313989437 0.777492019 0.055979103 0.009738406 -0.557082751 0.828510901
224.998408556 10.277918870 -5.331528453 0.777102755 0.053829193 0.010802268 -0.557939305 0.828063682
225.166444302 10.283706181 -5.349109819 0.776498545 0.052597585 0.010695876 -0.558490289 0.827772728
225.215438604 10.289501297 -5.367001007 0.775518190 0.051272237 0.010097816 -0.558934056 0.827563842
225.380040646 10.295318567 -5.385244444 0.773599244 0.049838591 0.009174147 -0.559381015 0.827360157
225.430719614 10.301535810 -5.403809970 0.770831774 0.049263359 0.007141751 -0.559706023 0.827194829
225.600804090 10.308464536 -5.422573717 0.767257514 0.050439705 0.003202975 -0.559567600 0.827242213
225.653752089 10.315819327 -5.441396413 0.764060477 0.053705679 -0.002283136 -0.558960665 0.827449976
225.826898575 10.321810437 -5.460667778 0.762948774 0.054645487 -0.005823195 -0.558380728 0.827762601
225.880056381 10.326774691 -5.480280710 0.763076630 0.053200737 -0.007205775 -0.557955368 0.828132577
226.046946287 10.331521976 -5.499929689 0.763140733 0.051399932 -0.007719026 -0.557553578 0.828512203
226.097564220 10.336341600 -5.519580267 0.762986011 0.049898346 -0.008297955 -0.556851577 0.829070335
226.261907816 10.341348140 -5.539258262 0.761912433 0.048969859 -0.009039888 -0.555768735 0.829844170
226.312916994 10.346630841 -5.558825373 0.760243054 0.049147053 -0.010294098 -0.554483520 0.830678412
226.479868174 10.352550253 -5.578121069 0.757987060 0.051626523 -0.012987430 -0.552689839 0.831685019
226.531584978 10.358614508 -5.597455518 0.755142481 0.055183229 -0.016114723 -0.550812620 0.832646735
226.697649479 10.363680922 -5.616981170 0.753253826 0.057271883 -0.017768185 -0.549649126 0.833240698
226.749393225 10.367159933 -5.636456530 0.753188400 0.056168753 -0.016529655 -0.549726350 0.833290335
226.916235447 10.370304804 -5.655624888 0.753742781 0.054100921 -0.014158772 -0.550754676 0.832791635
226.966694355 10.373904368 -5.674683816 0.753129431 0.052744730 -0.012026055 -0.552056018 0.832050191
227.135290623 10.377722128 -5.694005143 0.750705546 0.051445127 -0.009757003 -0.553628617 0.831115849
227.187503815 10.381624942 -5.712973831 0.748323685 0.050310111 -0.007144226 -0.555932068 0.829673061
227.365859270 10.385928116 -5.731463076 0.746249532 0.050324993 -0.004886669 -0.558631501 0.827873397
227.416507721 10.390683604 -5.749026687 0.745693762 0.052562200 -0.003713812 -0.561415799 0.825854542
227.587733507 10.395224866 -5.765887058 0.746050246 0.056041886 -0.003009535 -0.564254867 0.823690897
227.636457682 10.399833953 -5.782384883 0.746234564 0.060925511 -0.003148387 -0.566747024 0.821630076
227.806954861 10.404131055 -5.798828379 0.746208555 0.066092003 -0.003516609 -0.568982927 0.819681590
227.857411385 10.407549403 -5.815084784 0.746803094 0.070447641 -0.003057947 -0.571215819 0.817765410
228.028359413 10.410860372 -5.831430194 0.746657159 0.074759132 -0.002448906 -0.573304847 0.815920724
228.077548027 10.414204225 -5.847935752 0.745896786 0.079428410 -0.002093724 -0.575415842 0.813992232
228.250434160 10.417572197 -5.864627366 0.744753275 0.084322426 -0.001965543 -0.577371774 0.812113107
228.300621510 10.420750188 -5.881809115 0.743624573 0.088575534 -0.001647977 -0.579300055 0.810285817
228.472834826 10.423755639 -5.899509904 0.743173588 0.091963074 -0.001307058 -0.580841976 0.808803860
228.521421194 10.426410962 -5.917909787 0.743050445 0.093865009 -0.000537274 -0.582116936 0.807668833
228.698608637 10.429559629 -5.936844793 0.743393826 0.095841766 -0.001003551 -0.582528185 0.807139555
228.746521711 10.433176491 -5.956203318 0.743380262 0.098232065 -0.002210995 -0.581954841 0.807263362
228.919811964 10.436733524 -5.976259884 0.741753972 0.100037279 -0.003330500 -0.581032187 0.807702327
228.970272064 10.439517293 -5.997304709 0.738923412 0.099264308 -0.003124600 -0.580018004 0.808527025
229.150939465 10.441514794 -6.018877367 0.736613938 0.096073302 -0.002021522 -0.578545927 0.809969409
229.201370001 10.443740134 -6.039773651 0.736257728 0.093841167 -0.002545453 -0.575859209 0.812141322
229.377504587 10.445908095 -6.059793661 0.737465710 0.092992164 -0.004823268 -0.572237751 0.814784112
229.427549839 10.447239673 -6.079703749 0.738596332 0.091413127 -0.007053307 -0.568542289 0.817528933
229.607118607 10.447350798 -6.099700460 0.739488484 0.088006071 -0.008331463 -0.565085805 0.820282604
229.659477711 10.446488848 -6.120109154 0.739430628 0.082510462 -0.008788704 -0.562095933 0.822899110
229.831835747 10.445295908 -6.141091059 0.737274599 0.075980065 -0.008773413 -0.559313803 0.825419970
229.881019354 10.444718967 -6.162088326 0.733717704 0.070507687 -0.009846463 -0.556085093 0.828070699
230.052833319 10.445648012 -6.182568328 0.729521632 0.068541110 -0.013767390 -0.551766157 0.831063585
230.102363110 10.447302052 -6.202573128 0.725607405 0.069143167 -0.020029981 -0.546657093 0.834256582
230.277443171 10.447474225 -6.222857540 0.722628479 0.067166937 -0.025357184 -0.542114917 0.837231768
230.326123953 10.446315749 -6.243211322 0.721747512 0.062298939 -0.029885657 -0.537842790 0.840208797
230.495223761 10.444671322 -6.263827696 0.720865567 0.055835054 -0.034053897 -0.533536992 0.843244364
230.544473171 10.443583800 -6.284378029 0.718984996 0.049911555 -0.039045979 -0.528614221 0.846493505
230.710873842 10.443107403 -6.304829811 0.715974230 0.044735338 -0.044928840 -0.523111834 0.849902440
230.761788845 10.443784110 -6.324765001 0.712229524 0.041889932 -0.052537169 -0.516842679 0.853439350
230.922721386 10.445498105 -6.343791692 0.708853402 0.041833823 -0.061761136 -0.510471071 0.856653243
230.975766897 10.447637227 -6.361462939 0.708404224 0.044148479 -0.071804628 -0.504894228 0.859055776
231.137048721 10.448848456 -6.378898396 0.710189798 0.044552661 -0.080088824 -0.500501942 0.860870866
231.191420794 10.449093141 -6.396830012 0.712704018 0.041983656 -0.085812336 -0.497293865 0.862306458
231.350598097 10.449954646 -6.414555421 0.715194106 0.040828474 -0.091442892 -0.494846818 0.863190512
231.404453993 10.450836774 -6.432336178 0.717484240 0.039484599 -0.096120447 -0.493294917 0.863632996
231.555991888 10.451885815 -6.450302229 0.718555467 0.038099464 -0.100108251 -0.492576948 0.863651967
231.609821081 10.453218449 -6.468306076 0.718585577 0.036925055 -0.103559748 -0.492703382 0.863223781
231.760904312 10.454479540 -6.486501018 0.717664418 0.034785843 -0.105750085 -0.494036248 0.862284785
231.815658092 10.455743356 -6.504737314 0.716045162 0.032028070 -0.106778112 -0.496673843 0.860748356
231.965856314 10.457494479 -6.522130880 0.715165944 0.030497657 -0.107318700 -0.500750834 0.858371243
232.020840168 10.459624027 -6.538568743 0.715232751 0.030405323 -0.107455635 -0.505903027 0.855330889
232.170315027 10.461968890 -6.554383138 0.715688748 0.031508498 -0.107285500 -0.511597096 0.851918686
232.223699570 10.464227394 -6.569794660 0.716560010 0.032783855 -0.106305753 -0.517729866 0.848280668
232.374171734 10.466588049 -6.585213283 0.716652175 0.034118936 -0.104807553 -0.524083525 0.844504431
232.424772024 10.469079360 -6.600542142 0.716369816 0.035431736 -0.102768839 -0.530530011 0.840667036
232.576763868 10.471499961 -6.615571053 0.717131547 0.036418824 -0.099930761 -0.536831473 0.836958471
232.628202438 10.473842033 -6.630724817 0.717328327 0.036773495 -0.096322586 -0.543011584 0.833371519
232.780752897 10.476141863 -6.646159221 0.716359028 0.036074523 -0.091708748 -0.549229667 0.829840290
232.834961891 10.478673828 -6.661555519 0.714898864 0.035534117 -0.086785619 -0.555507178 0.826206607
232.999143362 10.481949649 -6.676405096 0.714455861 0.036343696 -0.082744280 -0.560934401 0.822912582
233.053048134 10.486282989 -6.690238091 0.715790786 0.039734914 -0.080760120 -0.564554557 0.820473700
233.211017132 10.490374088 -6.703833151 0.718304627 0.042481912 -0.078768532 -0.567271941 0.818653376
233.264103413 10.494088488 -6.717827579 0.721140352 0.042944010 -0.076137633 -0.569387778 0.817408362
233.425438166 10.497699590 -6.732441405 0.723507883 0.041698324 -0.073213804 -0.571171540 0.816494985
233.480211020 10.501272234 -6.747730093 0.725641537 0.039089960 -0.069797350 -0.573028176 0.815621858
233.638137102 10.504866810 -6.763553081 0.726844876 0.035486636 -0.066181490 -0.574996713 0.814702086
233.691830635 10.508891319 -6.779709685 0.727236624 0.031870839 -0.063016779 -0.576954450 0.813717824
233.852829218 10.513414337 -6.795684819 0.727800029 0.028831280 -0.060533271 -0.579232163 0.812400506
233.905547857 10.518654552 -6.811314095 0.729174215 0.027421418 -0.059478724 -0.581777665 0.810706541
234.066844225 10.524225875 -6.826652641 0.731211122 0.026782231 -0.059358521 -0.584671452 0.808652318
234.119738340 10.529886560 -6.841824201 0.733010617 0.026374346 -0.059679270 -0.588013234 0.806215365
234.277273417 10.535616771 -6.856905600 0.734221099 0.026355692 -0.060482346 -0.591676806 0.803471107
234.328323603 10.541477803 -6.871823746 0.735145954 0.027040168 -0.062055991 -0.595560927 0.800453038
234.489608765 10.546834271 -6.886432669 0.735920748 0.026562851 -0.063194963 -0.600159089 0.796937814
234.540786505 10.552162496 -6.900434481 0.737831605 0.026315667 -0.064903089 -0.605159608 0.793017606
234.703233480 10.557349521 -6.914279954 0.740031239 0.026265034 -0.067012170 -0.610182246 0.788984882
234.757231236 10.562116912 -6.928012140 0.742438834 0.026125060 -0.069152848 -0.615241077 0.784865455
234.914026260 10.566166721 -6.941831511 0.744192886 0.025017893 -0.070516700 -0.620485416 0.780640345
234.968083858 10.569589916 -6.955530215 0.745952867 0.023376885 -0.071218626 -0.625928742 0.776269694
235.127474546 10.572951281 -6.969168880 0.747715278 0.022909388 -0.072446709 -0.631233852 0.771861683
235.179703236 10.575803145 -6.982798125 0.749068164 0.022510669 -0.073163318 -0.636697585 0.767304753
235.334640265 10.578020369 -6.996304205 0.750971439 0.022715890 -0.073632926 -0.642204513 0.762650342
235.387297392 10.579833753 -7.009735698 0.753014083 0.023526944 -0.074049734 -0.647810299 0.757829094
235.542736053 10.581752283 -7.023455744 0.754386523 0.025779057 -0.075172154 -0.653266168 0.752946147
235.596317053 10.582508980 -7.037516595 0.754969527 0.026668700 -0.074625997 -0.658968431 0.747984189
235.750614405 10.582496183 -7.051969364 0.755911023 0.027649888 -0.073661293 -0.664702216 0.742953876
235.802973270 10.582037672 -7.066680613 0.756375050 0.028485002 -0.072112384 -0.670576573 0.737777384
235.962262869 10.581037781 -7.081411362 0.755747781 0.028173022 -0.069122018 -0.676829546 0.732345678
236.017630100 10.580084006 -7.096085981 0.754820566 0.027403612 -0.065562024 -0.683158107 0.726805107
236.175657749 10.580681435 -7.110636705 0.755408759 0.028663331 -0.064275557 -0.689052014 0.721286620
236.230593681 10.581837912 -7.125060519 0.757220539 0.030547504 -0.064058678 -0.694956170 0.715541234
236.387705564 10.583328975 -7.139525203 0.759069108 0.032071942 -0.064218991 -0.700816041 0.709721205
236.441520452 10.584814760 -7.154029577 0.760509857 0.032899501 -0.064261833 -0.706692796 0.703827630
236.599860191 10.586084735 -7.168573222 0.761786052 0.032655573 -0.063904339 -0.712728709 0.697759011
236.652855396 10.587949818 -7.183303695 0.762937396 0.032585449 -0.064583082 -0.718643647 0.691605757
236.809480667 10.589590274 -7.198174798 0.763101089 0.031728795 -0.064802660 -0.724755125 0.685218146
236.862268209 10.590960802 -7.212723826 0.763837841 0.030460228 -0.064969655 -0.730943526 0.678655052
237.015892029 10.593005999 -7.227266201 0.765538416 0.031014778 -0.067536994 -0.736431727 0.672417392
237.068193913 10.594387953 -7.241700026 0.766552979 0.031008933 -0.069480121 -0.741979881 0.666090696
237.222073793 10.594374132 -7.255768314 0.767543405 0.029862690 -0.069791424 -0.747386088 0.660038947
237.273433685 10.593750626 -7.269913339 0.768744056 0.029240030 -0.070447895 -0.752139671 0.654574693
237.428462744 10.593104601 -7.284465403 0.768594334 0.029092437 -0.071591694 -0.756542918 0.649362051
237.479680300 10.591091151 -7.298721825 0.768912894 0.027883537 -0.070887369 -0.760967285 0.644302941
237.631586313 10.588176145 -7.312981560 0.770562257 0.027310149 -0.070193734 -0.765217816 0.639350209
237.683458328 10.585555266 -7.327779025 0.772194714 0.029039567 -0.071692275 -0.769137472 0.634385112
237.835773945 10.582220651 -7.342631964 0.772576479 0.030026021 -0.071800689 -0.773213197 0.629352406
237.887830496 10.577940578 -7.357153743 0.772543558 0.029424069 -0.069552668 -0.777704950 0.624076647
238.038839579 10.573845561 -7.371779939 0.771932174 0.028937721 -0.067224683 -0.782338475 0.618538569
238.091681719 10.570465467 -7.386868688 0.770709689 0.030185270 -0.066685748 -0.786768856 0.612892019
238.243567228 10.566874046 -7.401863527 0.769734900 0.031768297 -0.066168112 -0.791186428 0.607154505
238.294701576 10.562465596 -7.416276307 0.770144846 0.032734444 -0.064474486 -0.795676022 0.601391025
238.448011398 10.558351381 -7.430906254 0.771601318 0.034745811 -0.064239357 -0.799793816 0.595815311
238.499670029 10.554561659 -7.445652071 0.773449734 0.037508474 -0.065083080 -0.803633685 0.590364470
238.649364233 10.550432823 -7.460226703 0.775075476 0.039807879 -0.065401289 -0.807477383 0.584908779
238.701169968 10.546102729 -7.474893688 0.775561818 0.040963495 -0.064625749 -0.811449965 0.579391456
238.850558996 10.542150398 -7.489856424 0.774810941 0.041565846 -0.063672657 -0.815449316 0.573812239
238.902972698 10.538667896 -7.504735739 0.773781606 0.042039993 -0.062965118 -0.819571628 0.567952798
239.059323788 10.535177102 -7.519143814 0.774553671 0.042852979 -0.062920506 -0.823676343 0.561926965
239.112113476 10.531593384 -7.533469602 0.776620018 0.044306091 -0.063870396 -0.827639549 0.555850987
239.265656948 10.527534719 -7.547623481 0.778287663 0.045784490 -0.064505863 -0.831671672 0.549604407
239.318639040 10.523423167 -7.562142960 0.779075248 0.047831054 -0.065966842 -0.835494011 0.543424625
239.469023943 10.519039738 -7.576528553 0.778871527 0.049339346 -0.066540020 -0.839465868 0.537061552
239.520422697 10.514073625 -7.590224140 0.778637504 0.050079033 -0.065442639 -0.843769900 0.530341124
239.670390368 10.508756699 -7.603760152 0.777516637 0.050677909 -0.063586300 -0.848185828 0.523420799
239.723674059 10.503188323 -7.617311862 0.775792494 0.051410517 -0.061596525 -0.852613308 0.516346177
239.877605915 10.497772042 -7.630981236 0.774656564 0.052599478 -0.060342262 -0.856974877 0.509103297
239.932122469 10.492547493 -7.644916954 0.774267124 0.054053741 -0.059896709 -0.861192026 0.501835503
240.086779118 10.487179319 -7.659034804 0.774404242 -0.054809518 0.058856589 0.865454705 -0.494489608
240.138339520 10.481567166 -7.673236360 0.774279670 -0.054715172 0.056741461 0.869754189 -0.487149163
240.295714140 10.476024676 -7.687764442 0.774100838 -0.054121355 0.054440315 0.873920403 -0.479969019
240.347831249 10.470625078 -7.702535377 0.773583666 -0.053015618 0.051917222 0.878097857 -0.472692394
240.504762411 10.465628774 -7.717561821 0.773109563 -0.052060405 0.050320730 0.882166555 -0.465338271
240.558995008 10.460912134 -7.732584848 0.773103082 -0.051376679 0.049867969 0.886153477 -0.457827082
240.713863611 10.456206846 -7.747387975 0.773464615 -0.050970521 0.050325009 0.889952255 -0.450393586
240.768078566 10.451161225 -7.761733686 0.774073923 -0.050629482 0.050972308 0.893537991 -0.443202367
240.920920849 10.445722823 -7.775532513 0.774966444 -0.050190004 0.051583216 0.897018414 -0.436094143
240.974358559 10.440065698 -7.789183233 0.775146843 -0.049924957 0.052387984 0.900249698 -0.429317458
241.126850128 10.433848476 -7.802116625 0.775463268 -0.049595286 0.052695014 0.903271185 -0.422923999
241.179854631 10.427245595 -7.814576330 0.775824874 -0.049603599 0.053161770 0.906008965 -0.416966504
241.343728304 10.420211332 -7.826657257 0.776486909 -0.049772190 0.053597366 0.908596046 -0.411221687
241.397085667 10.412889920 -7.838502860 0.777319773 -0.050216303 0.054343628 0.911079750 -0.405535181
241.549826622 10.405209557 -7.850183884 0.777615072 -0.050671254 0.054826581 0.913484418 -0.399965858
241.602045774 10.397164389 -7.861591622 0.778218127 -0.051158302 0.055118229 0.915848291 -0.394419469
241.749636173 10.388903606 -7.872725777 0.777910197 -0.050990011 0.053903632 0.918400785 -0.388631465
241.802343130 10.380616474 -7.883649257 0.776287209 -0.049849283 0.050541543 0.921234889 -0.382474679
241.953247070 10.372832358 -7.895059301 0.775308123 -0.049627923 0.048994849 0.923966527 -0.376061738
242.006123781 10.365058597 -7.906733562 0.774917749 -0.050219791 0.048969556 0.926608134 -0.369428371
242.155412436 10.357043950 -7.918155886 0.775358552 -0.050963249 0.048939884 0.929358387 -0.362354279
242.207933664 10.348832740 -7.929529759 0.775203756 -0.051554795 0.048388193 0.932175219 -0.355035275
242.360184193 10.340116474 -7.940625243 0.774721791 -0.051736222 0.046731093 0.934984985 -0.347768092
242.411099911 10.331178597 -7.951552986 0.773886513 -0.051626732 0.044169145 0.937856292 -0.340307718
242.561711550 10.322312816 -7.962829085 0.771793363 -0.051679510 0.041828295 0.940644868 -0.332816548
242.612722397 10.313120441 -7.973827270 0.770113490 -0.051633333 0.038922872 0.943369314 -0.325381847
242.763672113 10.303787293 -7.984579106 0.768616904 -0.051602979 0.035588231 0.946041256 -0.317925388
242.814474821 10.294563243 -7.995636824 0.766794139 -0.051759623 0.032716185 0.948622369 -0.310429048
242.966079235 10.285480923 -8.006926405 0.766211227 -0.052133213 0.030805394 0.951131155 -0.302791484
243.017744064 10.276725958 -8.018605404 0.765509141 -0.052808791 0.029905017 0.953650810 -0.294732174
243.171000004 10.267896418 -8.030399821 0.764530394 -0.053334163 0.029132064 0.956187344 -0.286378339
243.223787069 10.259094508 -8.042165549 0.763473181 -0.053479003 0.027829022 0.958858160 -0.277410475
243.376339436 10.250605036 -8.054385765 0.762335766 -0.053984402 0.027888795 0.961440727 -0.268215637
243.427117109 10.242050707 -8.066627215 0.761268287 -0.054558856 0.028391749 0.963875070 -0.259156494
243.583001614 10.233275717 -8.078162726 0.761175448 -0.055170641 0.028615932 0.966164785 -0.250325662
243.631229162 10.224298024 -8.089359965 0.760945726 -0.055776046 0.028429643 0.968312301 -0.241768640
243.786208630 10.215051598 -8.100115702 0.760373656 -0.056115632 0.027083352 0.970366132 -0.233467551
243.835148335 10.205670308 -8.110691107 0.759520929 -0.056419536 0.025262580 0.972351946 -0.225189544
243.992919445 10.196142158 -8.121369745 0.757776188 -0.056697037 0.023349488 0.974246302 -0.216989377
244.043433189 10.186368628 -8.131742902 0.756113621 -0.056945684 0.021030069 0.976040149 -0.208951078
244.202823639 10.176439939 -8.142087870 0.755036743 -0.057408791 0.019350229 0.977758403 -0.200794187
244.253696203 10.166424228 -8.152538266 0.754535600 -0.058116908 0.018584740 0.979444330 -0.192265018
244.416060925 10.156329354 -8.163301339 0.753217406 -0.058950447 0.018527509 0.981067426 -0.183543677
244.465676069 10.146038183 -8.173642694 0.751274413 -0.059470594 0.017277290 0.982698061 -0.174554473
244.623852491 10.135711057 -8.183493322 0.749347708 -0.059813030 0.014927115 0.984281920 -0.165495269
244.674282312 10.125378161 -8.193495830 0.746989550 -0.060326915 0.013338473 0.985736789 -0.156543064
244.831086397 10.115110694 -8.203943650 0.745129435 -0.061265732 0.013779039 0.987042662 -0.147659850
244.881597042 10.104728109 -8.213673647 0.744300044 -0.062318180 0.014009480 0.988239975 -0.138931386
245.044420719 10.094272633 -8.223059816 0.743763625 -0.063546091 0.014439711 0.989276645 -0.130710019
245.096333027 10.083691331 -8.232291631 0.743041948 -0.065023045 0.015340106 0.990144593 -0.123086836
245.256408453 10.072931656 -8.241040528 0.742186163 -0.066500934 0.015397215 0.990930327 -0.115748168
245.305587769 10.062030280 -8.249574715 0.741716774 -0.068298855 0.016086190 0.991587727 -0.108767095
245.469208956 10.050915060 -8.257577219 0.740665324 -0.070123218 0.015944951 0.992174188 -0.102072885
245.520617008 10.039723264 -8.265053246 0.739070003 -0.071843849 0.014262553 0.992756865 -0.095230497
245.684155703 10.028234668 -8.272334926 0.737821113 -0.073640419 0.012839789 0.993278377 -0.088375865
245.735762835 10.016578894 -8.279646066 0.736807495 -0.075618716 0.012204693 0.993737206 -0.081358594
245.900422096 10.005151753 -8.286960430 0.735869346 -0.077507451 0.011678759 0.994162000 -0.074149308
245.952785969 9.993686082 -8.294570049 0.734744818 -0.079025995 0.012167184 0.994512392 -0.067468166
246.117742300 9.982132762 -8.302240752 0.734228485 -0.080330993 0.013723995 0.994792762 -0.061204119
246.167999029 9.970491852 -8.309604786 0.733730709 -0.081135090 0.015000462 0.995083946 -0.054772472
246.335704088 9.958940774 -8.316398715 0.732161771 -0.081388572 0.014423399 0.995440931 -0.047594320
246.388892651 9.947358449 -8.323078206 0.730032257 -0.081191832 0.012867485 0.995866453 -0.038630584
246.556113243 9.935535231 -8.330368654 0.728667957 -0.080349197 0.012977423 0.996284463 -0.028157804
246.608459949 9.923730500 -8.338000316 0.727234769 -0.079246398 0.013707060 0.996608117 -0.017446676
246.770686388 9.911893840 -8.345295192 0.725959614 -0.077834508 0.013845777 0.996847242 -0.006757232
246.822464705 9.900037459 -8.352421580 0.724403793 -0.076182850 0.013478170 0.996995501 0.003805717
246.991154194 9.888154904 -8.359551888 0.722698301 -0.074262042 0.013117683 0.997047392 0.014476642
247.043812037 9.876340548 -8.366873237 0.721022826 -0.072132011 0.013421456 0.996980705 0.025422638
247.207435131 9.864486448 -8.373835304 0.720000979 -0.069872009 0.014388034 0.996789235 0.036360805
247.259219170 9.852680096 -8.380662999 0.718060145 -0.067752212 0.015944619 0.996475197 0.046825085
247.425677538 9.841261805 -8.386185918 0.715500810 -0.065934749 0.014933995 0.996089267 0.056883720
247.476640701 9.830091633 -8.390348009 0.712956227 -0.064563334 0.011097609 0.995660419 0.066096520
247.640894651 9.818983002 -8.394131544 0.710050753 -0.063579438 0.006477559 0.995160766 0.074637425
247.692794323 9.807164552 -8.398146839 0.709992773 -0.063077920 0.004517821 0.994543356 0.082971554
247.859283447 9.795522113 -8.402246757 0.709444535 -0.063010339 0.003028191 0.993891611 0.090553814
247.912369251 9.783852595 -8.407049796 0.707947066 -0.062740409 0.003577749 0.993287095 0.097116360
248.077097416 9.772249127 -8.411207786 0.706536747 -0.062721279 0.002879121 0.992781406 0.102190178
248.130308390 9.760581272 -8.415105135 0.705545616 -0.062739429 0.002012670 0.992352605 0.106282743
248.295557261 9.749049705 -8.418886746 0.704230651 -0.062948441 0.001546341 0.992022419 0.109209082
248.348134279 9.737917928 -8.422016631 0.701688270 -0.063493341 -0.000305572 0.991793109 0.110972658
248.516869068 9.727033411 -8.424684768 0.699687916 -0.064287489 -0.001080623 0.991732973 0.111048013
248.568735361 9.716099371 -8.427493225 0.698538030 -0.065073597 0.001088915 0.991791194 0.110065750
248.736205101 9.705191477 -8.430188012 0.696638108 -0.065868996 0.003700366 0.991855322 0.108952295
248.789991140 9.694359469 -8.432191241 0.694223302 -0.066741498 0.005924551 0.991931003 0.107626010
248.960416079 9.684640550 -8.433069736 0.694168655 -0.067033700 0.010105681 0.992040234 0.106115658
249.017887115 9.676249632 -8.433122285 0.694827413 -0.066577036 0.014956443 0.992089481 0.105367281
249.186978817 9.667913388 -8.432104395 0.693967071 -0.066132425 0.016052734 0.992205617 0.104387866
249.243875504 9.659053708 -8.430928008 0.692022801 -0.065589352 0.015882701 0.992345788 0.103419599
249.414196014 9.649572346 -8.430054868 0.690152857 -0.064916843 0.016653712 0.992436664 0.102849042
249.466529131 9.639337486 -8.429878418 0.689858039 -0.063124273 0.021060332 0.992398130 0.103526522
249.630634546 9.629584170 -8.429881606 0.689477471 -0.060703040 0.025838056 0.992297321 0.104850189
249.680539131 9.619638994 -8.428709302 0.687488777 -0.058596504 0.026464036 0.992294493 0.105913851
249.844692230 9.609083121 -8.428049822 0.686375241 -0.055941948 0.028279359 0.992320804 0.106631135
249.899034977 9.599582511 -8.426306351 0.685263259 -0.053789448 0.027425793 0.992370335 0.107497156
250.066882610 9.590454659 -8.424398934 0.684277692 -0.051708847 0.026496600 0.992388152 0.108581218
250.123253822 9.581550615 -8.421957642 0.683445481 -0.049880283 0.024910947 0.992340973 0.110230643
250.288286924 9.572882470 -8.419727716 0.682038263 -0.048379568 0.023168357 0.992249540 0.112086999
250.344468594 9.564149760 -8.417775035 0.680319516 -0.047190298 0.021762097 0.992090311 0.114264172
250.508700132 9.555744179 -8.416355820 0.678447374 -0.046389359 0.020113617 0.991973138 0.115899800
250.562183380 9.547238732 -8.414883688 0.676768437 -0.046294256 0.016710567 0.991862757 0.117413241
250.726449966 9.538427397 -8.413990686 0.675691474 -0.046810358 0.013670794 0.991716428 0.118829403
250.780317068 9.529318737 -8.413556994 0.675059719 -0.047861843 0.011014720 0.991555359 0.120024536
250.945053816 9.520014587 -8.413525073 0.673977604 -0.049287222 0.008730127 0.991398182 0.120930553
251.000462770 9.510720480 -8.413447094 0.671693889 -0.051167316 0.005433190 0.991282076 0.121293992
251.166921616 9.501041222 -8.413585369 0.668832878 -0.053542811 0.001919433 0.991190584 0.121122707
251.218026161 9.491882783 -8.414413746 0.666761856 -0.055922260 0.000687809 0.991111633 0.120706085
251.384000063 9.481607605 -8.415811816 0.665071959 -0.058770209 0.001000392 0.991041996 0.119920073
251.435567141 9.471274494 -8.417294461 0.662932724 -0.061846288 0.001514620 0.990999268 0.118714756
251.601254940 9.460690640 -8.419221237 0.660548718 -0.064838875 0.003598218 0.990941856 0.117546636
251.654436588 9.449935723 -8.421295183 0.658011123 -0.067721130 0.006527212 0.990827872 0.116753465
251.824271202 9.439169902 -8.422218842 0.656338981 -0.070697558 0.007652784 0.990668964 0.116268198
251.877389193 9.428235063 -8.422828015 0.655003807 -0.073187661 0.009360101 0.990419532 0.116726623
252.052058220 9.417352566 -8.423117184 0.653626852 -0.075220041 0.010979172 0.990102147 0.117979412
252.106906414 9.406673744 -8.422836204 0.652116270 -0.076998072 0.011098327 0.989769512 0.119601158
252.280106068 9.396181590 -8.421915683 0.650802718 -0.078389226 0.009720606 0.989477751 0.121220539
252.333093405 9.385766171 -8.420824966 0.648849313 -0.079495526 0.006937099 0.989264683 0.122424362
252.512041330 9.374975442 -8.421015996 0.647450925 -0.079653617 0.006606489 0.989133377 0.123396991
252.563147068 9.363873084 -8.422252385 0.647301806 -0.078785179 0.008559950 0.989063151 0.124393356
252.738588810 9.352977344 -8.423195504 0.647054983 -0.077658532 0.009245547 0.989045409 0.125191255
252.788985968 9.342249480 -8.424414319 0.646621833 -0.076070386 0.010700509 0.989074637 0.125817953
252.961371422 9.331656487 -8.425815370 0.646143533 -0.073926953 0.013164841 0.989108329 0.126594656
253.013570786 9.321386259 -8.426802726 0.645423683 -0.071535500 0.015164978 0.989138574 0.127505202
253.190064907 9.310883367 -8.426481804 0.644135728 -0.069187540 0.014282809 0.989207215 0.128367333
253.248294115 9.301743408 -8.425511801 0.643183359 -0.066946896 0.012387966 0.989292942 0.129089604
253.423448324 9.292593795 -8.424193128 0.641973792 -0.064530988 0.009886519 0.989418306 0.129574006
253.481692076 9.283439655 -8.422891837 0.640766000 -0.061928486 0.007764174 0.989576481 0.129780464
253.656966686 9.274185732 -8.421955668 0.639837089 -0.058976638 0.006857586 0.989758771 0.129816428
253.713327646 9.265002732 -8.421258552 0.638464569 -0.055949886 0.005877031 0.989978251 0.129530432
253.887446880 9.256121505 -8.421140346 0.637766050 -0.052813553 0.006097152 0.990234411 0.128877326
253.942445278 9.248797717 -8.422269542 0.640210879 -0.050155175 0.010543430 0.990783752 0.125382820
254.112544060 9.242380170 -8.422984639 0.640831142 -0.047943192 0.012493769 0.991452424 0.120695680
254.170717955 9.235571440 -8.423428453 0.639844526 -0.046118651 0.011362021 0.992207526 0.115187671
254.340991974 9.227759699 -8.424740769 0.641233221 -0.044359578 0.013253754 0.992751477 0.110910194
254.392279625 9.218349815 -8.426683054 0.643521771 -0.042247422 0.019027380 0.993189273 0.106902677
254.554915190 9.210036814 -8.428889023 0.643234739 -0.040398677 0.024187258 0.993579583 0.102871449
254.604262352 9.201335065 -8.430880829 0.644303587 -0.039056395 0.030430548 0.993992753 0.097606287
254.767929554 9.192254038 -8.431886345 0.644997575 -0.038328292 0.033654469 0.994486033 0.091628862
254.819631577 9.182686720 -8.432661644 0.645812963 -0.038040052 0.036681022 0.994798323 0.087084755
254.983047247 9.173052812 -8.433370135 0.645159376 -0.038023891 0.039264228 0.995081259 0.082618351
255.037351370 9.164063833 -8.433788190 0.642170587 -0.038594649 0.038566997 0.995438162 0.078268162
255.202743292 9.155546904 -8.434841595 0.638555937 -0.039903530 0.036525220 0.995773595 0.074219697
255.258316517 9.147452625 -8.436309053 0.635833510 -0.041879876 0.034214775 0.996118680 0.069447819
255.418754816 9.139773329 -8.436940064 0.631451725 -0.043969090 0.027762053 0.996551569 0.064660334
255.470651627 9.130565645 -8.439110867 0.627189403 -0.045763982 0.022311231 0.996685105 0.063456035
255.640383959 9.119831556 -8.442067860 0.623796970 -0.047115200 0.017660138 0.996590860 0.065382986
255.693062782 9.108763307 -8.445530835 0.622804654 -0.047664316 0.014749585 0.996373510 0.068923083
255.860702276 9.096807475 -8.450413476 0.622665290 -0.047163071 0.015702464 0.996021109 0.073966397
255.913055897 9.085085914 -8.454680266 0.621800327 -0.046793546 0.014154215 0.995637777 0.079469742
256.075867653 9.073504054 -8.458948179 0.620478470 -0.046622245 0.012735736 0.995227934 0.084767481
256.129422426 9.062300578 -8.462931968 0.618629191 -0.046361383 0.010929049 0.994859844 0.089359215
256.298029661 9.051248397 -8.466782526 0.616673694 -0.045574653 0.009026682 0.994437488 0.094528047
256.350981474 9.039438270 -8.471278549 0.615771407 -0.043659964 0.010142427 0.993796141 0.101784914
256.514849424 9.027845599 -8.474925277 0.614996645 -0.041832403 0.008994848 0.993058793 0.109559918
256.567273617 9.016729264 -8.477850569 0.613988713 -0.040223257 0.005470512 0.992245695 0.117476145
256.732332945 9.005758113 -8.480755726 0.614345500 -0.038133934 0.001547582 0.991294765 0.126008317
256.783744812 8.994578775 -8.484932834 0.614279832 -0.035229387 0.000578676 0.990200649 0.135134119
256.945658445 8.983600155 -8.489217888 0.613375140 -0.032121443 0.000017781 0.988998639 0.144394959
256.997670889 8.973398480 -8.491888167 0.612604648 -0.029667236 -0.003932865 0.987768046 0.153031615
257.159060478 8.963784628 -8.494257629 0.611744063 -0.027463439 -0.008305446 0.986604483 0.160587587
257.214342117 8.954037839 -8.496624172 0.611869381 -0.024760066 -0.012096641 0.985640512 0.166593490
257.380099297 8.945120276 -8.498339868 0.612730780 -0.022260363 -0.015430354 0.984994622 0.170446398
257.435742617 8.936455818 -8.499648399 0.614049210 -0.019985986 -0.018528166 0.984558799 0.172919745
257.598492622 8.928009280 -8.500956242 0.615120494 -0.017817425 -0.020986869 0.984254765 0.174598533
257.654481888 8.919573796 -8.503048515 0.615905378 -0.015114646 -0.020359121 0.984039551 0.176134084
257.815928936 8.911358187 -8.504919738 0.616645327 -0.012366261 -0.019155529 0.983940498 0.177034566
257.871256351 8.903358133 -8.506078567 0.617128021 -0.009917010 -0.018689033 0.983914737 0.177381408
258.040620565 8.895398584 -8.507138550 0.616948499 -0.007490541 -0.017598291 0.983949784 0.177417626
258.099263430 8.887481622 -8.507847613 0.616133561 -0.005306248 -0.016618030 0.984080891 0.176862897
258.258185625 8.879407366 -8.508486816 0.615104590 -0.002974598 -0.014722091 0.984266900 0.176048521
258.314926863 8.871263473 -8.509395931 0.613874189 -0.000430849 -0.011166013 0.984526162 0.174881018
258.474546432 8.863430823 -8.509755903 0.613711087 0.001909685 -0.008080660 0.984791262 0.173543153
258.535274506 8.855830482 -8.509799915 0.614443167 0.003616163 -0.006298114 0.984945295 0.172713704
258.693279982 8.848254578 -8.510705668 0.614982267 0.005163618 -0.002923068 0.984995006 0.172480814
258.747539043 8.840840240 -8.511248192 0.615839519 0.006023497 -0.000598719 0.984998326 0.172457698
258.898720503 8.833559666 -8.511899831 0.616137131 0.006520165 0.001703129 0.984931763 0.172812062
258.958205223 8.826132190 -8.512235832 0.615654689 0.006298608 0.002235282 0.984889446 0.173055226
259.114197016 8.818906421 -8.512787438 0.614113495 0.005683307 0.002533304 0.984816036 0.173489648
259.169713974 8.811133152 -8.513441688 0.612999568 0.004776670 0.004019381 0.984626756 0.174559960
259.326674223 8.803271205 -8.513934331 0.612203809 0.003499437 0.005767129 0.984344097 0.176128340
259.382318974 8.795205277 -8.514131302 0.611798306 0.001852241 0.007471585 0.983968843 0.178174241
259.537178755 8.787123327 -8.514335841 0.610565068 -0.000027067 0.009038727 0.983501531 0.180673848
259.594969749 8.779365880 -8.513817292 0.609201720 -0.002546664 0.008469009 0.982966030 0.183574437
259.752008200 8.771226700 -8.513414830 0.608375787 -0.004778708 0.008838953 0.982147456 0.187844112
259.809455872 8.763066206 -8.513013020 0.607499294 -0.006708747 0.008835197 0.981053561 0.193418826
259.971923828 8.754708231 -8.512826801 0.607112854 -0.008143588 0.009114552 0.979693938 0.200125945
260.027925014 8.746291087 -8.512889336 0.606866637 -0.009095416 0.009190116 0.978106636 0.207702246
260.183511257 8.738109576 -8.513149631 0.606918040 -0.009431187 0.009841196 0.976427118 0.215416543
260.236329317 8.729261717 -8.513489073 0.606904969 -0.009413101 0.010779733 0.974441415 0.224185457
260.395858288 8.720405593 -8.513674279 0.606602218 -0.009204358 0.011026427 0.972422462 0.232783706
260.453539371 8.711176700 -8.513445046 0.605992709 -0.008611545 0.009503936 0.970582329 0.240427660
260.620994091 8.703311897 -8.512693103 0.605438369 -0.008238440 0.006627992 0.969272793 0.245760963
260.680316448 8.695601087 -8.511482651 0.604986765 -0.007883966 0.003386411 0.968219163 0.249956052
260.850017071 8.688109508 -8.509961636 0.604710604 -0.007576082 0.000445208 0.967450942 0.252944816
260.909847260 8.680514550 -8.508947624 0.604165076 -0.006873218 -0.000546589 0.966797314 0.255451391
261.074684858 8.672945036 -8.507961284 0.603601559 -0.006092764 -0.000698822 0.966299028 0.257349138
261.132692814 8.665442191 -8.506717433 0.603181915 -0.005442337 -0.000912937 0.965958179 0.258639408
261.296947002 8.657982200 -8.505203003 0.603185475 -0.004993127 -0.001027979 0.965770601 0.259347564
261.354395628 8.650535058 -8.503625102 0.603487344 -0.004695079 -0.000302545 0.965712788 0.259570174
261.515877962 8.642979615 -8.502323720 0.603284714 -0.004509420 0.001560920 0.965775493 0.259335546
261.579829454 8.635846559 -8.501133491 0.603236723 -0.004704657 0.003741398 0.965958317 0.258627912
261.751004457 8.628854841 -8.499568696 0.603359449 -0.005552610 0.004889647 0.966255491 0.257479292
261.816181898 8.621884188 -8.498341871 0.603276815 -0.006643711 0.006447994 0.966564858 0.256255068
261.986599684 8.614932044 -8.497315298 0.602744952 -0.007919660 0.008143409 0.966900916 0.254899160
262.052737474 8.608146436 -8.495711658 0.601922328 -0.009814252 0.008032846 0.967340298 0.253163786
262.226682186 8.601136547 -8.493791856 0.601102943 -0.012170821 0.006898773 0.967783605 0.251394456
262.285528898 8.594857590 -8.491226228 0.601295287 -0.014819742 0.002650824 0.968082713 0.250178353
262.446707726 8.587697468 -8.488333905 0.604320673 -0.017319839 -0.005459591 0.968393466 0.248765574
262.503503084 8.579745172 -8.487533729 0.605505089 -0.018793601 -0.008638409 0.968495823 0.248169334
262.670897484 8.571603927 -8.486214690 0.606155110 -0.020005951 -0.012676395 0.968516978 0.247818348
262.726328373 8.562546023 -8.484858326 0.607564210 -0.020421403 -0.015549428 0.968528949 0.247573941
262.885644436 8.553221146 -8.484713419 0.607824748 -0.020254657 -0.015043716 0.968680638 0.247024811
262.938596487 8.544182250 -8.482851013 0.607760668 -0.020300946 -0.017000596 0.968994619 0.245658870
263.094317198 8.534182313 -8.481269239 0.607187428 -0.019870300 -0.016688244 0.969523507 0.243620286
263.148002148 8.523790831 -8.479718435 0.606590915 -0.019231594 -0.015083959 0.970184765 0.241130965
263.309140921 8.514210093 -8.477959408 0.606013058 -0.018616551 -0.013506340 0.970818342 0.238710598
263.364338398 8.504602265 -8.476722658 0.605496505 -0.017686217 -0.009765062 0.971509653 0.236137325
263.523130894 8.495154095 -8.475818648 0.604915296 -0.016584998 -0.004805881 0.972216064 0.233447566
263.577692509 8.486153682 -8.474556684 0.604070815 -0.015579663 -0.000193116 0.972841176 0.230948658
263.735719204 8.477400669 -8.472866440 0.603031120 -0.014676539 0.004300741 0.973371132 0.228724164
263.791165829 8.468828792 -8.471557022 0.601657505 -0.013867047 0.009913195 0.973890690 0.226376581
263.951025724 8.460819198 -8.469657738 0.600772048 -0.013902722 0.013796855 0.974469125 0.223665567
264.007855415 8.453177732 -8.467669312 0.599911030 -0.014794974 0.016286867 0.975065735 0.220822687
264.170803547 8.445650403 -8.465773564 0.599104862 -0.016401007 0.017805316 0.975651515 0.217986465
264.227670908 8.438206323 -8.464094572 0.598134470 -0.018627910 0.018517233 0.976230368 0.215138051
264.393398762 8.430687687 -8.462714903 0.597067733 -0.021332609 0.018749259 0.976754498 0.212471261
264.449664116 8.423033348 -8.461716912 0.595568395 -0.024313268 0.018986659 0.977168954 0.210212289
264.613836050 8.415248162 -8.460575992 0.594375838 -0.027820226 0.018267973 0.977488068 0.208349208
264.669344664 8.407279593 -8.459223918 0.593511727 -0.031869908 0.016564829 0.977747021 0.206689810
264.838175535 8.399876277 -8.458117524 0.592721775 -0.036313352 0.014043976 0.978252720 0.203729533
264.895144701 8.393028146 -8.458061474 0.592150427 -0.041162256 0.011395693 0.978984746 0.199410817
265.060677528 8.386154495 -8.458530439 0.591766825 -0.046258828 0.008498720 0.979805419 0.194343082
265.113917589 8.379296396 -8.459398798 0.591136444 -0.051020296 0.005781338 0.980600341 0.189173141
265.280957222 8.371590920 -8.460527837 0.590200310 -0.055775579 0.003353318 0.981486117 0.183201644
265.334460735 8.363187764 -8.461578291 0.589619677 -0.060012355 0.001428432 0.982345213 0.177184536
265.511789083 8.354094755 -8.462143693 0.589466052 -0.063592041 -0.000300635 0.982927348 0.172655119
265.566590309 8.344530288 -8.462357955 0.589591716 -0.065846285 -0.001333520 0.983175533 0.170377108
265.738508463 8.335114567 -8.462709039 0.589218900 -0.067340337 -0.001531928 0.983233567 0.169454080
265.789374828 8.324973731 -8.462715508 0.588520653 -0.068594786 -0.001876664 0.983160768 0.169369827
265.963547468 8.314685640 -8.462749786 0.587221288 -0.069424420 -0.001340691 0.983005639 0.169936361
266.014814854 8.304383745 -8.462743230 0.585573667 -0.069898634 -0.000168869 0.982807108 0.170892778
266.183205128 8.294245008 -8.462382549 0.583483697 -0.070152551 0.000610437 0.982597331 0.171990497
266.234923363 8.284128246 -8.462240534 0.581148312 -0.069897398 0.002841629 0.982388690 0.173259171
266.409102678 8.274086919 -8.462378026 0.578469905 -0.069184746 0.006232894 0.982180038 0.174633886
266.463950634 8.264016082 -8.460830840 0.576739730 -0.068516835 0.006266991 0.982037483 0.175694481
266.646190166 8.254293744 -8.458814141 0.575722635 -0.067667980 0.005750367 0.982018251 0.176148039
266.702753305 8.244839300 -8.457034242 0.574463455 -0.066513741 0.005641264 0.982015225 0.176607464
266.883239031 8.235487074 -8.455080599 0.573486884 -0.065200952 0.005110749 0.982051069 0.176913577
266.939733744 8.226113096 -8.453068111 0.572954231 -0.063750961 0.004739250 0.982136846 0.176976186
267.115744591 8.216697329 -8.451407085 0.572114261 -0.062042096 0.005030888 0.982216328 0.177134280
267.171593666 8.207305794 -8.450009892 0.570925493 -0.060011116 0.005652100 0.982269501 0.177519993
267.349538565 8.197966281 -8.448884150 0.569547582 -0.057774062 0.006889405 0.982323167 0.177921023
267.407366514 8.188732390 -8.447908089 0.568616315 -0.055461996 0.008955091 0.982392678 0.178180808
267.586354733 8.179890092 -8.446061308 0.568261102 -0.053552972 0.009017832 0.982473364 0.178316704
267.642607450 8.171166184 -8.443833422 0.568050544 -0.051851716 0.008218232 0.982533175 0.178528488
267.820623875 8.162477041 -8.441780642 0.567807824 -0.050223025 0.007668065 0.982561365 0.178863114
267.879299164 8.153815496 -8.439868896 0.567953622 -0.048643072 0.007407510 0.982549592 0.179374690
268.057369232 8.145288238 -8.438120078 0.567988591 -0.047141533 0.006924150 0.982518110 0.179966374
268.117434502 8.136906886 -8.436593546 0.567768557 -0.045697208 0.005974521 0.982453238 0.180725499
268.296020985 8.128576708 -8.435100696 0.567589405 -0.044307043 0.004321884 0.982360707 0.181619515
268.354061127 8.120171096 -8.433834700 0.567520450 -0.043002962 0.002997747 0.982256684 0.182520041
268.526098013 8.111676767 -8.432729450 0.567236533 -0.041748909 0.002245855 0.982158296 0.183349573
268.584779501 8.103199403 -8.431432998 0.566809661 -0.040614192 0.001246942 0.982057959 0.184149662
268.760418653 8.094724064 -8.429802635 0.566197004 -0.039585470 -0.000693735 0.981948728 0.184957303
268.820025921 8.086009466 -8.428489707 0.565854339 -0.038312921 -0.001693529 0.981810023 0.185952498
268.994587898 8.077108326 -8.427646643 0.565838090 -0.036727896 -0.001317590 0.981629314 0.187225039
269.053892851 8.068320165 -8.427139290 0.565340383 -0.034997749 -0.000517501 0.981413592 0.188685586
269.225533724 8.059713847 -8.426434804 0.564684656 -0.033275753 -0.000230771 0.981178103 0.190216197
269.282163858 8.051209056 -8.425362792 0.564061458 -0.031698031 -0.000439593 0.981005535 0.191371841
269.454095125 8.042647392 -8.423840581 0.563973897 -0.030115595 -0.000927679 0.980856461 0.192387093
269.513215542 8.034024387 -8.421971968 0.564162254 -0.028485279 -0.001672532 0.980716076 0.193343660
269.681839228 8.025424450 -8.419916919 0.564176780 -0.026825498 -0.002869939 0.980613773 0.194084478
269.740638494 8.016852452 -8.418027177 0.563963633 -0.024939100 -0.004135339 0.980504724 0.194862584
269.908484697 8.008228564 -8.416582957 0.563678568 -0.022730594 -0.004570557 0.980384593 0.195725523
269.966698885 7.999610139 -8.415308653 0.563479338 -0.020258503 -0.004575501 0.980256758 0.196635056
270.133998632 7.991056663 -8.414244540 0.563114335 -0.017597066 -0.004242397 0.980116689 0.197594590
270.189463139 7.982638130 -8.413183039 0.562837434 -0.014798000 -0.004218445 0.980010498 0.198349814
270.355154991 7.974398839 -8.412030341 0.562476863 -0.011703597 -0.004879892 0.979888575 0.199142143
270.413454771 7.966237762 -8.411103579 0.562216673 -0.008072022 -0.005224335 0.979734735 0.200068480
270.576697826 7.958099587 -8.410452200 0.562103255 -0.004184364 -0.005074839 0.979626734 0.200719204
270.635598898 7.950029286 -8.409675924 0.562511252 -0.000305048 -0.005377873 0.979580334 0.200980982
270.798328638 7.941968248 -8.408562198 0.563169230 0.003471842 -0.006384489 0.979635325 0.200653468
270.854728937 7.933819612 -8.407346764 0.563499744 0.007189115 -0.007631777 0.979703669 0.200176906
271.011466742 7.925497578 -8.406118842 0.563473242 0.010818587 -0.008750348 0.979760344 0.199689905
271.067741871 7.917042005 -8.404828579 0.563074458 0.014315336 -0.009698833 0.979797288 0.199244268
271.225504637 7.908542915 -8.403245220 0.562527065 0.017574657 -0.010981007 0.979813407 0.198837212
271.282991171 7.899883794 -8.401499981 0.562338688 0.020496537 -0.012265005 0.979857526 0.198264192
271.436830759 7.891231276 -8.399990221 0.562242839 0.023170497 -0.013402650 0.979948452 0.197444999
271.493082285 7.882728594 -8.398543600 0.562183874 0.025503325 -0.014876530 0.980109319 0.196249820
271.643223286 7.874207619 -8.397145319 0.562150176 0.027563301 -0.016454932 0.980304074 0.194867705
271.699569225 7.865630850 -8.396034951 0.562051249 0.029497111 -0.017240524 0.980515467 0.193447934
271.852235556 7.857055765 -8.395240225 0.562133988 0.031149653 -0.017143835 0.980800003 0.191747602
271.909187078 7.848503081 -8.394580585 0.562499090 0.032487716 -0.016466917 0.981149186 0.189788472
272.058341503 7.840097712 -8.393808688 0.562883596 0.033339077 -0.016172517 0.981577219 0.187438304
272.113943577 7.831609510 -8.393447150 0.563431799 0.033991994 -0.014559145 0.982059937 0.184907694
272.260773182 7.823283011 -8.393396794 0.563821502 0.034317372 -0.012179135 0.982643050 0.181897288
272.315658331 7.815036875 -8.393340326 0.564415927 0.034223542 -0.009522598 0.983336278 0.178291428
272.457223654 7.806913033 -8.393034838 0.564350806 0.033667932 -0.007621320 0.984117144 0.174131652
272.512140512 7.798570540 -8.392942682 0.563794129 0.032892801 -0.004890308 0.984938685 0.169675969
272.660058975 7.790406373 -8.392670516 0.562641545 0.031676159 -0.003212577 0.985928305 0.164108737
272.713620424 7.782797791 -8.392704599 0.561854840 0.029676333 -0.002659077 0.987095498 0.157336337
272.856751442 7.775406572 -8.393322513 0.561162844 0.027145660 -0.002566433 0.988285153 0.150163189
272.907599688 7.767483141 -8.394333232 0.560744336 0.023985527 -0.003266531 0.989550040 0.142143384
273.053339720 7.759299096 -8.396034414 0.559826977 0.020591345 -0.003475992 0.990767456 0.133954327
273.104373455 7.750834454 -8.397679240 0.559515489 0.016535918 -0.005017436 0.991962237 0.125348750
273.265815496 7.742180776 -8.399793855 0.558401937 0.012204093 -0.006017490 0.993019947 0.117159019
273.318435192 7.733539383 -8.401215192 0.557695324 0.008080772 -0.008359965 0.993833784 0.110268863
273.476090193 7.723772994 -8.402847005 0.558049358 0.004403724 -0.008910387 0.994372972 0.105468497
273.533423424 7.714229748 -8.403842770 0.558139936 0.001748856 -0.009858699 0.994602557 0.103273915
273.693808317 7.704485044 -8.404823918 0.557899480 -0.000080692 -0.010756471 0.994610140 0.103125950
273.748158455 7.694174139 -8.406608028 0.558392737 -0.001081977 -0.009805708 0.994441759 0.104824923
273.907849789 7.685061123 -8.407519644 0.558076022 -0.002068259 -0.011270057 0.994190480 0.107023351
273.964383364 7.675090515 -8.407649616 0.558005066 -0.002635025 -0.014102423 0.993939471 0.108988564
274.124258518 7.665557752 -8.408055640 0.558190283 -0.002243001 -0.015524789 0.993684637 0.111107119
274.180474758 7.656140050 -8.408988260 0.557766474 -0.001050758 -0.015665955 0.993385803 0.113745861
274.343573093 7.646931280 -8.409947310 0.556776707 0.000663528 -0.015808997 0.993037425 0.116731778
274.401889086 7.638005220 -8.410999695 0.555268944 0.002788159 -0.015953504 0.992657890 0.119866697
274.564815283 7.629515206 -8.411367580 0.555225288 0.005252717 -0.018439278 0.992212858 0.123069277
274.623178244 7.621277336 -8.412171536 0.556455218 0.008048198 -0.019985692 0.991813300 0.125865710
274.779766083 7.613403582 -8.413240223 0.557700233 0.010891908 -0.020732243 0.991447646 0.128386550
274.836459398 7.605417300 -8.414871211 0.558497559 0.014004622 -0.019058521 0.991111330 0.130915907
274.993035555 7.597327766 -8.417042921 0.558876020 0.017189795 -0.015183853 0.990753036 0.133725028
275.051058769 7.589686191 -8.418974975 0.560342879 0.019907885 -0.010602990 0.990359962 0.136668936
275.212106228 7.582632314 -8.420089993 0.561351256 0.022031443 -0.007462927 0.990011099 0.139057339
275.277572155 7.575636234 -8.420191805 0.561792924 0.023901516 -0.006450579 0.989793164 0.140344573
275.436774015 7.568469601 -8.419449331 0.562187623 0.025412839 -0.007549219 0.989665090 0.140926243
275.492550850 7.560569669 -8.418587730 0.562836097 0.026940804 -0.008428573 0.989514354 0.141649200
275.642998457 7.552568227 -8.417623668 0.563491745 0.028350638 -0.009325693 0.989391727 0.142173429
275.698786497 7.544418680 -8.416594024 0.564183578 0.029550116 -0.010607321 0.989311752 0.142395689
275.848648548 7.536121795 -8.415958379 0.564532106 0.030704212 -0.011014278 0.989247452 0.142567234
275.904600382 7.527820048 -8.415667698 0.564881765 0.031667171 -0.010601859 0.989233130 0.142487209
276.053960800 7.519616377 -8.415062758 0.565423902 0.032194950 -0.011762446 0.989261079 0.142083240
276.110231400 7.511238858 -8.414670640 0.565596526 0.032519302 -0.013137473 0.989317907 0.141491983
276.258884668 7.502790717 -8.414791725 0.565032706 0.032642609 -0.014070114 0.989428001 0.140601291
276.314341068 7.494213040 -8.415371892 0.564610287 0.032518798 -0.014091466 0.989608193 0.139354164
276.463960886 7.485558495 -8.416660323 0.564315181 0.032244903 -0.012372321 0.989842270 0.137911104
276.520110607 7.477058403 -8.417746291 0.563233860 0.031582918 -0.011604398 0.990117920 0.136140962
276.670987129 7.468526537 -8.418617339 0.561614735 0.030537868 -0.011700031 0.990423512 0.134133572
276.726982117 7.459946223 -8.419841149 0.559962558 0.029186588 -0.011385680 0.990767792 0.131900313
276.877967834 7.451429887 -8.421229734 0.558393838 0.027460940 -0.011403755 0.991144695 0.129414241
276.935168743 7.442747721 -8.422792261 0.558142406 0.025423956 -0.010935706 0.991530541 0.126890578
277.088918209 7.433975404 -8.424978443 0.558294443 0.023277433 -0.008890070 0.991903604 0.124524565
277.145275116 7.425363042 -8.427326185 0.558443111 0.020836334 -0.006771047 0.992270230 0.122146594
277.300778866 7.416875600 -8.429835333 0.558565001 0.018144945 -0.004321026 0.992637814 0.119675647
277.358544111 7.408416743 -8.432544932 0.558593939 0.015362347 -0.001071554 0.992956175 0.117477169
277.515460491 7.400104144 -8.434373199 0.557918836 0.012432501 -0.000060007 0.993208576 0.115681263
277.572323799 7.391733415 -8.435257070 0.557436335 0.009256994 -0.001771850 0.993434511 0.114013339
277.732397318 7.383045917 -8.436631740 0.557556558 0.006317065 -0.002397932 0.993555505 0.113145054
277.790078163 7.374041659 -8.438433710 0.557759730 0.003912355 -0.001297071 0.993535260 0.113449096
277.953075171 7.364963487 -8.440242513 0.557195080 0.001856848 0.000300581 0.993394664 0.114732311
278.010992527 7.355985398 -8.441563850 0.555880638 -0.000045188 0.000845646 0.993154840 0.116802165
278.177515984 7.346970316 -8.441698410 0.554867211 -0.002006954 -0.002061589 0.992895074 0.118958373
278.233860731 7.337567823 -8.441992298 0.555297441 -0.003319150 -0.004660118 0.992577049 0.121482794
278.398737669 7.328142740 -8.443024390 0.556073801 -0.004085072 -0.005917425 0.992206016 0.124400633
278.456022739 7.318943886 -8.444143637 0.556037995 -0.004677281 -0.007554427 0.991803903 0.127460082
278.620126724 7.309848960 -8.445456819 0.555613025 -0.004866000 -0.008796497 0.991337848 0.130951193
278.678156614 7.301038611 -8.445983347 0.555593514 -0.005065996 -0.012393593 0.990833073 0.134426765
278.843861580 7.292299845 -8.446487738 0.556425342 -0.005068139 -0.016391476 0.990301589 0.137870944
278.901659012 7.283742174 -8.447367505 0.557311573 -0.004773159 -0.019800491 0.989737506 0.141438423
279.066126347 7.275235830 -8.448887701 0.557752048 -0.003982995 -0.021739617 0.989121055 0.145434051
279.123510122 7.266827897 -8.450689028 0.557738015 -0.002741832 -0.022806541 0.988428585 0.149937573
279.284661770 7.258692693 -8.452209608 0.557344272 -0.001307021 -0.024384417 0.987661639 0.154687357
279.340436220 7.250904082 -8.453065155 0.557299451 0.000073156 -0.027396460 0.986878929 0.159120734
279.501267195 7.243272769 -8.453648999 0.557770562 0.001327377 -0.031449943 0.986177575 0.162674308
279.557853937 7.235584348 -8.454758748 0.558113979 0.002901274 -0.034331027 0.985517429 0.166037223
279.716288090 7.228064659 -8.456107534 0.558424918 0.004612874 -0.036668097 0.984915021 0.169046067
279.772931814 7.220704051 -8.457886425 0.559473432 0.006330856 -0.037438921 0.984514129 0.171143732
279.932233334 7.213542177 -8.459744133 0.561051960 0.007836666 -0.037594862 0.984322570 0.172146134
279.988239288 7.206411619 -8.462543648 0.562748234 0.009479219 -0.035268799 0.984301206 0.172677133
280.143291950 7.199448660 -8.465726909 0.563894354 0.011031013 -0.032154606 0.984378864 0.172750253
280.200094461 7.192856790 -8.468895879 0.564384609 0.012270283 -0.029114447 0.984563619 0.172151881
280.362604141 7.186255023 -8.471316181 0.564793183 0.012858309 -0.028060991 0.984896953 0.170367944
280.423862219 7.179712568 -8.473754486 0.564903086 0.013159948 -0.026839696 0.985321722 0.168070079
280.583665133 7.173209884 -8.476512781 0.564279743 0.013162147 -0.025463383 0.985804733 0.165430961
280.645530224 7.166676174 -8.478999223 0.563535634 0.012648909 -0.025018204 0.986341848 0.162307899
280.802471161 7.159890478 -8.481629280 0.563166875 0.011933147 -0.023592740 0.986895357 0.159180832
280.860374212 7.152487210 -8.484068240 0.562744917 0.010724207 -0.022818023 0.987492705 0.155635751
281.016824722 7.145168195 -8.485972487 0.562327112 0.009238233 -0.022776284 0.988035145 0.152257832
281.072122097 7.137179534 -8.487886601 0.562169977 0.007647221 -0.022017513 0.988545366 0.149113408
281.226237297 7.128975351 -8.489851636 0.562097611 0.006003452 -0.020739787 0.989001788 0.146319114
281.282190561 7.120644662 -8.491787230 0.561644412 0.004392438 -0.019432945 0.989357030 0.144137898
281.439785719 7.112084816 -8.493440274 0.561200932 0.002816295 -0.017809085 0.989614521 0.142611377
281.496147156 7.103386084 -8.494476727 0.560935593 0.001000524 -0.017012045 0.989824482 0.141269546
281.656340599 7.094457263 -8.495555606 0.560326664 -0.000539829 -0.015702516 0.989941935 0.140599092
281.712650299 7.085407369 -8.496197825 0.559822762 -0.001938255 -0.015113442 0.989979278 0.140388237
281.873833179 7.076209451 -8.496260337 0.559661603 -0.003328755 -0.015700252 0.989943078 0.140552925
281.931324959 7.066715844 -8.496477240 0.559657652 -0.004334317 -0.015162555 0.989866091 0.141125590
282.092837334 7.057245480 -8.497032439 0.558842429 -0.005156318 -0.013879871 0.989839992 0.141412698
282.148675919 7.047881318 -8.497647033 0.557382307 -0.005965762 -0.012455342 0.989897086 0.141113550
282.309106827 7.038521902 -8.498085821 0.555813932 -0.006707230 -0.011051079 0.990016583 0.140356876
282.366130352 7.029147201 -8.498593458 0.554069631 -0.007291758 -0.009138687 0.990171722 0.139367410
282.530778646 7.019768236 -8.499228219 0.553261106 -0.007490092 -0.005861093 0.990321001 0.138469715
282.588992834 7.010618638 -8.499596493 0.553461156 -0.007785122 -0.003021359 0.990507794 0.137202674
282.752634048 7.001707879 -8.500113927 0.553629593 -0.008161297 -0.000029161 0.990730110 0.135599563
282.810252905 6.993130134 -8.500130877 0.554084787 -0.008762156 0.001300005 0.990958478 0.133876169
282.989358902 6.984639632 -8.500090728 0.554550657 -0.009166844 0.002224289 0.991110993 0.132702758
283.053008556 6.976130664 -8.500246565 0.555211310 -0.009228560 0.003686689 0.991180664 0.132144365
283.217593431 6.967777862 -8.500111285 0.556536486 -0.009206104 0.004657658 0.991225231 0.131780484
283.274317026 6.959527331 -8.499972504 0.557810453 -0.009171876 0.005335650 0.991274793 0.131383759
283.470277071 6.951318765 -8.500105133 0.558463998 -0.009090575 0.006092723 0.991331590 0.130927148
283.523756504 6.943104876 -8.500381485 0.558462682 -0.008973871 0.006981575 0.991389007 0.130455217
283.687122107 6.934846708 -8.500691789 0.557858068 -0.008718527 0.007938184 0.991411960 0.130243227
283.741749525 6.926534069 -8.500579088 0.556928893 -0.008369757 0.007799605 0.991405674 0.130322301
283.903836012 6.917798005 -8.499555091 0.557566651 -0.007824085 0.005642817 0.991382411 0.130644011
283.958627462 6.908817679 -8.498974989 0.558783722 -0.007043330 0.004630306 0.991356922 0.130921367
284.118802309 6.899963358 -8.498896881 0.559520825 -0.006200845 0.004362545 0.991345938 0.131056279
284.173398018 6.891178130 -8.499020899 0.559983175 -0.005311003 0.004779086 0.991353981 0.131019993
284.336042166 6.882423520 -8.499021123 0.560133627 -0.004427287 0.005279866 0.991376064 0.130866425
284.390423536 6.873667663 -8.499115137 0.560059320 -0.003509153 0.006548376 0.991401476 0.130644245
284.550118208 6.865009661 -8.498937037 0.559276600 -0.002660618 0.007414293 0.991439156 0.130331690
284.603430271 6.856271108 -8.498470131 0.558180289 -0.001837854 0.008115971 0.991468201 0.130082896
284.764298201 6.847404229 -8.497642580 0.556827063 -0.001045217 0.008320148 0.991495328 0.129871848
284.818037510 6.838420152 -8.496278973 0.555468338 -0.000272108 0.006931383 0.991526743 0.129717386
284.977056503 6.829262795 -8.495238074 0.553753641 0.000624763 0.005550965 0.991545785 0.129637000
285.031589508 6.820201647 -8.494549926 0.551587742 0.001589847 0.004067223 0.991568576 0.129509414
285.194290876 6.811132310 -8.494385436 0.549550948 0.002682146 0.003219127 0.991580274 0.129425670
285.250441313 6.801884860 -8.495155327 0.549544389 0.003988237 0.005241758 0.991544450 0.129600238
285.410998344 6.792761745 -8.496531957 0.550002855 0.005245280 0.008916276 0.991487845 0.129787674
285.466467857 6.784047551 -8.497393056 0.550157388 0.005977023 0.011031586 0.991503081 0.129476712
285.627592564 6.775488354 -8.497098460 0.550492445 0.006305246 0.010119946 0.991595072 0.128829511
285.683322668 6.766637647 -8.496526272 0.551411854 0.006761644 0.008643398 0.991634484 0.128610351
285.841261864 6.757634440 -8.496188290 0.553037606 0.007309064 0.008365751 0.991645230 0.128515876
285.897050858 6.748674673 -8.495924032 0.554355406 0.007790277 0.008479501 0.991663656 0.128337848
286.052186728 6.739665117 -8.495652858 0.555233427 0.008170692 0.009132455 0.991691239 0.128055946
286.106659889 6.730612456 -8.495352439 0.555734991 0.008426745 0.010029357 0.991723231 0.127724058
286.264849663 6.721583861 -8.495135017 0.555397664 0.008557890 0.010928897 0.991756477 0.127382933
286.320235968 6.712507469 -8.494823381 0.554413457 0.008598985 0.011592665 0.991781723 0.127124669
286.476180792 6.703487269 -8.494241844 0.553327893 0.008379376 0.011521281 0.991809098 0.126932108
286.531601429 6.694587355 -8.493506742 0.552210779 0.007741983 0.010372854 0.991855080 0.126712141
286.688006163 6.685657856 -8.492791308 0.551480440 0.006808906 0.008520529 0.991910061 0.126473198
286.745520115 6.676626549 -8.492740113 0.552494129 0.005649059 0.008029732 0.991946120 0.126279478
286.906888008 6.667688201 -8.493281453 0.553362209 0.004293547 0.008226560 0.991969993 0.126132555
286.963517189 6.658867407 -8.493754847 0.553695561 0.002672834 0.007538030 0.992007310 0.125926687
287.120141029 6.650019433 -8.494200641 0.553711733 0.000738815 0.006530147 0.992058886 0.125602458
287.176749945 6.641167170 -8.494767656 0.553043905 -0.001533496 0.005423752 0.992133645 0.125056234
287.338301659 6.632262571 -8.495363149 0.551318834 -0.004052733 0.003863754 0.992225414 0.124327690
287.404355764 6.622997980 -8.496037386 0.549857162 -0.006695219 0.002763445 0.992300799 0.123639237
287.569127321 6.613413030 -8.496776022 0.549078858 -0.009326913 0.002263233 0.992342466 0.123143478
287.626735687 6.603688680 -8.497260066 0.548551216 -0.011852252 0.001344401 0.992348218 0.122893172
287.794938326 6.593940513 -8.497618813 0.547490920 -0.014193587 -0.000154812 0.992300138 0.123040457
287.853328705 6.584063321 -8.498071862 0.546642243 -0.016149501 -0.001400728 0.992174261 0.123804151
288.018384457 6.573865870 -8.498852611 0.546218705 -0.017596703 -0.001255416 0.991985090 0.125117388
288.070735216 6.564714491 -8.499666952 0.545265553 -0.018571225 -0.000789368 0.991786208 0.126548819
288.236999035 6.554395765 -8.500483570 0.544123107 -0.019059595 0.000066817 0.991493710 0.128751508
288.294514418 6.544436598 -8.500630204 0.543312014 -0.019116853 -0.000240195 0.991150274 0.131360655
288.467406988 6.534953583 -8.500237378 0.542834691 -0.019159251 -0.002347743 0.990867654 0.133449253
288.525086403 6.525573360 -8.499685021 0.542391306 -0.019065411 -0.005179681 0.990639654 0.135065754
288.693233967 6.516132601 -8.499364718 0.541813029 -0.018691938 -0.007332832 0.990429504 0.136551234
288.750827789 6.506609657 -8.499278499 0.541539943 -0.017981393 -0.008421110 0.990216261 0.138121361
288.922457933 6.497217506 -8.499365587 0.540592070 -0.017246314 -0.009414347 0.990011001 0.139614297
288.979639530 6.487901460 -8.499931059 0.538949246 -0.016438899 -0.009527659 0.989865599 0.140730528
289.146642208 6.478475269 -8.501033832 0.538257077 -0.015279878 -0.007708379 0.989781369 0.141562523
289.204378128 6.469322897 -8.501449443 0.538474105 -0.014435537 -0.007032334 0.989786884 0.141647751
289.371464491 6.460217330 -8.501161208 0.539003683 -0.013832354 -0.007386520 0.989833354 0.141364906
289.426455259 6.451095984 -8.501021286 0.538935034 -0.013078439 -0.007212353 0.989852429 0.141312086
289.594542265 6.442065033 -8.500288926 0.539116869 -0.012507652 -0.008247345 0.989858998 0.141261119
289.653512955 6.433053948 -8.499641630 0.539686313 -0.011921890 -0.009408233 0.989830317 0.141440086
289.817724228 6.424091532 -8.499627492 0.540468104 -0.011124361 -0.009163577 0.989814105 0.141634445
289.874669552 6.415392699 -8.499883137 0.540804884 -0.010413442 -0.008731878 0.989852429 0.141447808
290.042001486 6.407248330 -8.499956976 0.540861661 -0.010084217 -0.010059942 0.990010805 0.140270140
290.102063894 6.399827433 -8.500400284 0.541706301 -0.010276647 -0.012205620 0.990343627 0.137713160
290.276615620 6.392920437 -8.501672742 0.542307530 -0.010919136 -0.013705690 0.990789388 0.134273283
290.341296673 6.386038026 -8.503308537 0.542983635 -0.011739145 -0.014649987 0.991230579 0.130803328
290.506475925 6.378868339 -8.505155070 0.543797066 -0.012225103 -0.014469865 0.991624659 0.127756430
290.562046051 6.371231350 -8.507290413 0.544407742 -0.012692362 -0.013671326 0.992034754 0.124575459
290.730201483 6.363565014 -8.509803341 0.544716001 -0.012916542 -0.011734331 0.992425955 0.121598484
290.786633492 6.355826879 -8.512698627 0.544663355 -0.013008532 -0.008622703 0.992821933 0.118579242
290.951936483 6.348255753 -8.515628640 0.544123805 -0.013341865 -0.005449735 0.993222519 0.115331364
291.007993221 6.340830984 -8.517451724 0.543935545 -0.014298242 -0.004998694 0.993655214 0.111444554
291.173610210 6.333063186 -8.518830651 0.544046657 -0.015360121 -0.005379243 0.994052318 0.107680641
291.230445862 6.324753530 -8.520451385 0.544634364 -0.016236665 -0.004378535 0.994398543 0.104349110
291.395870686 6.316255343 -8.522245258 0.544340937 -0.017139926 -0.002813384 0.994723888 0.101107344
291.451507092 6.307540447 -8.523737753 0.543271799 -0.018128859 -0.001513824 0.995025445 0.097945989
291.616672039 6.298621668 -8.524913910 0.541643700 -0.019037777 -0.000224375 0.995286711 0.095088783
291.674001932 6.289478999 -8.526209542 0.540520381 -0.019500258 0.002923814 0.995456044 0.093158231
291.841638803 6.280414470 -8.527119317 0.539532040 -0.020055712 0.005472460 0.995565918 0.091740520
291.898504496 6.271369301 -8.527474417 0.538629071 -0.020809967 0.006306491 0.995661009 0.090478334
292.068600178 6.262151734 -8.527175387 0.538447714 -0.021595027 0.005325706 0.995736984 0.089516203
292.124121428 6.252784377 -8.527090714 0.538847824 -0.021796248 0.004756213 0.995800044 0.088795124
292.286941767 6.243544863 -8.527469978 0.539585420 -0.021312515 0.005870714 0.995825796 0.088556739
292.342985392 6.234567714 -8.527911473 0.540198142 -0.020426445 0.007614748 0.995824615 0.088645997
292.510966778 6.225825169 -8.528210467 0.540390660 -0.019323918 0.009059690 0.995822080 0.088785655
292.570486069 6.217238589 -8.528391705 0.540338477 -0.017954773 0.010359962 0.995815261 0.089007100
292.741750002 6.208764292 -8.528531310 0.540195390 -0.016110636 0.011956312 0.995770515 0.089658101
292.801944494 6.200450491 -8.528632093 0.539917616 -0.013788017 0.013534719 0.995690030 0.090708694
292.968527317 6.192262914 -8.528533050 0.539606757 -0.011175835 0.014379314 0.995620640 0.091694473
293.024698734 6.184081041 -8.528237909 0.539757195 -0.008255241 0.014918485 0.995560258 0.092569232
293.188310385 6.175752375 -8.527363686 0.540950431 -0.005126168 0.014232684 0.995528636 0.093241022
293.243307829 6.167199038 -8.526500886 0.541970969 -0.001868629 0.012888573 0.995503852 0.093821503
293.413337231 6.158499464 -8.525746200 0.542344811 0.001562692 0.011359710 0.995487399 0.094198479
293.471391916 6.149680840 -8.525008110 0.542409512 0.005241136 0.009803212 0.995487882 0.094235371
293.632217884 6.140872586 -8.524318803 0.542161042 0.009084514 0.008014705 0.995510753 0.093870000
293.689764023 6.132110002 -8.524186459 0.541865068 0.013071311 0.007003643 0.995531579 0.093257517
293.849755764 6.123426938 -8.524783739 0.541745390 0.017037942 0.007117485 0.995536267 0.092555878
293.908140182 6.114826472 -8.525511680 0.542099407 0.020601908 0.006953879 0.995575451 0.091415135
294.065640450 6.106181817 -8.526534094 0.542625408 0.023829090 0.007170866 0.995633352 0.089972114
294.125034332 6.097530273 -8.527686551 0.542863495 0.026804437 0.007452007 0.995696844 0.088395620
294.280458927 6.088915525 -8.528660823 0.543054855 0.029750313 0.007384449 0.995744745 0.086906801
294.338659763 6.080289820 -8.529400436 0.543528301 0.032659453 0.007198092 0.995767078 0.085612348
294.488624573 6.071661942 -8.531046847 0.544515398 0.035428793 0.009365169 0.995751947 0.084469848
294.542855501 6.063169156 -8.532910794 0.545839206 0.037729242 0.011973244 0.995773476 0.082875389
294.689506531 6.054815602 -8.534137295 0.546458978 0.039512383 0.012578799 0.995885329 0.080578880
294.742604733 6.046205930 -8.534813526 0.546518484 0.040881352 0.011403083 0.996063173 0.077825701
294.887400627 6.037290890 -8.535863391 0.546024930 0.041987400 0.010673584 0.996220946 0.075279214
294.942572594 6.028510826 -8.537204187 0.545101272 0.042696688 0.009863874 0.996383403 0.072799795
295.087897062 6.019790921 -8.538982691 0.545041269 0.042947253 0.009836607 0.996525694 0.070677547
295.142778635 6.011023027 -8.541121381 0.545699250 0.042784361 0.010890836 0.996649846 0.068847463
295.287199020 6.002453786 -8.543138537 0.545947243 0.042103609 0.011072745 0.996806174 0.066948721
295.342668295 5.993874820 -8.544501320 0.545719493 0.040873158 0.008825884 0.997022764 0.064785010
295.487186670 5.984906532 -8.546149568 0.545222595 0.039330053 0.006636072 0.997226892 0.062830210
295.540929079 5.975973826 -8.548670176 0.545025747 0.037370078 0.005965393 0.997425216 0.060916582
295.685928583 5.967128501 -8.551643805 0.544908333 0.034978042 0.005978145 0.997634971 0.058866482
295.743194580 5.958316772 -8.554838351 0.543591967 0.032278497 0.005886940 0.997853825 0.056667340
295.891600132 5.949457484 -8.557949881 0.541562615 0.029206745 0.005257022 0.998081443 0.054339337
295.948092699 5.940485796 -8.560800949 0.539548392 0.025745573 0.003924502 0.998318507 0.051787272
296.100129366 5.931220830 -8.563607213 0.539319012 0.021999940 0.003261115 0.998551531 0.048991924
296.154284716 5.921585651 -8.566259098 0.538828589 0.018343656 0.002749234 0.998737089 0.046692396
296.307327032 5.912228071 -8.568350688 0.537474620 0.015097025 0.001912214 0.998864093 0.045154703
296.363114834 5.902142466 -8.570724082 0.536007245 0.011697542 0.002555641 0.998968116 0.043810277
296.515997648 5.892061447 -8.573546916 0.535050761 0.008200908 0.005535510 0.999056066 0.042297521
296.570681095 5.881752921 -8.576456370 0.534729345 0.004995219 0.010243212 0.999081701 0.041302278
296.727237463 5.871192315 -8.579358219 0.534031276 0.002305795 0.014985358 0.999017008 0.041655011
296.780989647 5.861104040 -8.581440236 0.532943016 -0.000512247 0.016566504 0.998936211 0.043031779
296.937934160 5.850707886 -8.583114547 0.534012236 -0.002884509 0.016721518 0.998797096 0.046004698
296.994427204 5.839948801 -8.584184122 0.534764008 -0.005566646 0.013370322 0.998652183 0.049840385
297.153870106 5.829992574 -8.585930110 0.535589635 -0.007738244 0.011485521 0.998428384 0.054304364
297.205959320 5.820629712 -8.588284484 0.535965396 -0.009301499 0.011351520 0.998123324 0.059451286
297.361614227 5.810681899 -8.591132516 0.536525859 -0.010450423 0.011161764 0.997683557 0.066285168
297.414098978 5.800990633 -8.594221824 0.537019997 -0.011216864 0.011399660 0.997114673 0.074206193
297.572173119 5.792048853 -8.596924829 0.536610635 -0.012115433 0.009852133 0.996474832 0.082426094
297.625504494 5.783536934 -8.600136902 0.536394792 -0.012820395 0.009285118 0.995730195 0.090943950
297.780057430 5.775167376 -8.603238050 0.536465306 -0.013274317 0.009088965 0.994868270 0.099891489
297.834090948 5.767102154 -8.606254587 0.536360678 -0.013747573 0.008399366 0.993933831 0.108793355
297.990837812 5.759006335 -8.609774954 0.538069263 -0.013947331 0.010730712 0.992890056 0.117727058
298.043046951 5.751019438 -8.613039167 0.539630938 -0.014080037 0.013381213 0.991730154 0.126862118
298.199332237 5.743102718 -8.616540411 0.541544530 -0.014131288 0.017778115 0.990452559 0.135970489
298.250848770 5.735460270 -8.619736239 0.542877845 -0.014374609 0.021748264 0.989076600 0.145078814
298.409130812 5.728046817 -8.621922125 0.543233608 -0.014959556 0.022835996 0.987804107 0.153289838
298.466509581 5.720413738 -8.623152224 0.543085813 -0.015526943 0.021075583 0.986725933 0.160270608
298.629618883 5.713701304 -8.623243859 0.543363579 -0.016358197 0.017718259 0.986001607 0.164982738
298.693957567 5.706624264 -8.623040683 0.543518966 -0.017193237 0.014914796 0.985387936 0.168797385
298.863420010 5.699485744 -8.622777530 0.543352442 -0.017881899 0.013049072 0.984879017 0.171823404
298.926642179 5.692238789 -8.622457534 0.542706600 -0.018479177 0.011536750 0.984513367 0.173950724
299.099298954 5.685597446 -8.622046403 0.542108284 -0.019077711 0.010059869 0.984597035 0.173503658
299.161772013 5.679572404 -8.622306891 0.541612792 -0.019688326 0.009710560 0.985081204 0.170684201
299.332228184 5.673591622 -8.622886817 0.540851564 -0.020289358 0.010032872 0.985720979 0.166858726
299.393978596 5.666909639 -8.623116846 0.540425756 -0.020814413 0.010689248 0.986249503 0.163598342
299.566588879 5.659651735 -8.622802314 0.539921891 -0.021025597 0.010716348 0.986634864 0.161228810
299.624181032 5.652128768 -8.622765967 0.539322411 -0.020963346 0.011657547 0.986876335 0.159686375
299.788858175 5.644069983 -8.623248977 0.538831791 -0.020713656 0.014131042 0.987016351 0.158650496
299.845895290 5.636207252 -8.622848710 0.538899541 -0.020671972 0.014564587 0.987118931 0.157977084
300.011999369 5.628107906 -8.622331013 0.539087242 -0.020600879 0.014633373 0.987179378 0.157601854
300.067595005 5.619806512 -8.622168118 0.539371547 -0.020412222 0.015799019 0.987182539 0.157494022
300.230501652 5.611523239 -8.621939789 0.539202602 -0.020242313 0.016714452 0.987167816 0.157513740
300.287877560 5.603231281 -8.621290969 0.539320783 -0.020242097 0.016772440 0.987139095 0.157687506
300.453868389 5.595179486 -8.620671570 0.538865971 -0.020205807 0.016236389 0.986983492 0.158718909
300.510808468 5.587418765 -8.620420797 0.538236951 -0.020219677 0.015722295 0.986623276 0.160992188
300.678212166 5.579536717 -8.620802488 0.538336198 -0.020034430 0.016975583 0.986022718 0.164528569
300.736652851 5.571544917 -8.621106277 0.539134909 -0.019773163 0.018476986 0.985210657 0.169196880
300.901732206 5.563721330 -8.621279584 0.539740848 -0.019699485 0.019712725 0.984254065 0.174548774
300.962513208 5.556394393 -8.621037357 0.539275130 -0.019880345 0.019299996 0.983403936 0.179301366
301.133174419 5.548743885 -8.620109447 0.538636035 -0.019851168 0.017937048 0.982805419 0.182695652
301.190850019 5.540865740 -8.618220591 0.538700237 -0.019754004 0.015868613 0.982497771 0.184542939
301.357989550 5.532666604 -8.616000875 0.538789117 -0.019442891 0.014855941 0.982268248 0.185877283
301.415185213 5.524336983 -8.613463084 0.539046663 -0.018993949 0.013784844 0.982119447 0.186790258
301.579667807 5.515846317 -8.610831025 0.539267448 -0.018466895 0.012255552 0.982040910 0.187361753
301.637699127 5.507331609 -8.608381877 0.538886488 -0.017886139 0.010705215 0.982010066 0.187674490
301.801863432 5.498735114 -8.606201085 0.538582041 -0.017232893 0.010027879 0.982025287 0.187693378
301.859153509 5.490164562 -8.604305616 0.538392262 -0.016553983 0.010234810 0.982072720 0.187495031
302.023657084 5.481733503 -8.602397789 0.537746327 -0.015943606 0.009882024 0.982115223 0.187344162
302.081158161 5.473230648 -8.600481389 0.537105252 -0.015259309 0.009689181 0.982128210 0.187343139
302.244775057 5.464547781 -8.598289381 0.537123557 -0.014558431 0.009992223 0.982128750 0.187380164
302.303091526 5.455880493 -8.595963981 0.536856933 -0.013934447 0.010282999 0.982132491 0.187392268
302.467803478 5.447232154 -8.593566067 0.536092388 -0.013443792 0.010452391 0.982141891 0.187369469
302.525760651 5.438561729 -8.590934243 0.535040040 -0.013081733 0.010179856 0.982134860 0.187446941
302.687463045 5.429759098 -8.588049223 0.533712678 -0.012903456 0.009181431 0.982125843 0.187558070
302.745944023 5.420743087 -8.585129503 0.532195177 -0.012911559 0.007530297 0.982115958 0.187682792
302.906741858 5.411627688 -8.582395719 0.530244573 -0.013007168 0.005625570 0.982080474 0.187928467
302.965888977 5.402609566 -8.580256004 0.528234265 -0.012981867 0.004117609 0.981926195 0.188773579
303.132703304 5.393045363 -8.579086546 0.528689031 -0.012662946 0.006089411 0.981503521 0.190927753
303.192974806 5.383534509 -8.578192329 0.530099137 -0.012591503 0.009389250 0.980884207 0.193957389
303.358184338 5.374566821 -8.577181267 0.530575546 -0.012879287 0.011310485 0.980204887 0.197242432
303.419788361 5.365937222 -8.575489074 0.530689983 -0.013200937 0.010406618 0.979619301 0.200158594
303.586163521 5.357252418 -8.573460848 0.531167823 -0.013493706 0.008635534 0.979197231 0.202277358
303.644266129 5.348515209 -8.571307653 0.531425792 -0.013671672 0.006692561 0.978930793 0.203624156
303.806443691 5.339858212 -8.568932141 0.531230014 -0.013846733 0.004367531 0.978769735 0.204448034
303.863246679 5.331147494 -8.566270995 0.530770063 -0.014036776 0.001492029 0.978645802 0.205068615
304.029460192 5.322199234 -8.563454753 0.530177383 -0.014117126 -0.001537804 0.978538735 0.205573065
304.089702129 5.313077886 -8.560579675 0.529828142 -0.014008522 -0.003847060 0.978483967 0.205810804
304.255204916 5.303945463 -8.557755853 0.529491840 -0.013771259 -0.006048058 0.978447340 0.205947994
304.315857649 5.294854050 -8.555491560 0.528778903 -0.013360525 -0.007622974 0.978420123 0.206052055
304.483422041 5.285798805 -8.553888095 0.528253342 -0.012709414 -0.007860316 0.978423437 0.206068589
304.542974949 5.276956052 -8.552556148 0.527608461 -0.012019252 -0.007612710 0.978476763 0.205865995
304.708357334 5.268389877 -8.551082665 0.526853024 -0.011368730 -0.007694090 0.978537530 0.205610931
304.768566370 5.259912444 -8.549312549 0.526784538 -0.010653032 -0.008073743 0.978554784 0.205552577
304.934081316 5.251490582 -8.547757810 0.526876195 -0.009769794 -0.007601370 0.978590118 0.205446226
304.993056297 5.243326758 -8.545894292 0.526912158 -0.008982329 -0.008130564 0.978616080 0.205338208
305.156578541 5.235181856 -8.543753982 0.527043511 -0.008232754 -0.009520507 0.978631330 0.205237186
305.214603186 5.226962724 -8.541828405 0.526862801 -0.007478591 -0.010526119 0.978688104 0.204946007
305.378663301 5.218611104 -8.540058970 0.526815347 -0.006847048 -0.010847406 0.978894444 0.203963525
305.436077833 5.210307038 -8.538552282 0.526368748 -0.006398353 -0.010464033 0.979250599 0.202281558
305.603038073 5.202158076 -8.537203456 0.525450075 -0.006086394 -0.009958785 0.979642171 0.200412063
305.660703659 5.193966472 -8.536408453 0.525253186 -0.005650260 -0.007839641 0.980008010 0.198723213
305.825032949 5.185932943 -8.535592407 0.526242248 -0.005442758 -0.005417892 0.980357612 0.197078600
305.881039619 5.178136044 -8.534438140 0.527700841 -0.005656881 -0.004122551 0.980708506 0.195350535
306.047064066 5.170436312 -8.533232772 0.528992577 -0.006111317 -0.003433274 0.981055621 0.193599413
306.102273464 5.162696307 -8.532299717 0.529914221 -0.006660707 -0.002437624 0.981400667 0.191839577
306.264437675 5.154872940 -8.531618457 0.530530536 -0.007205329 -0.000785595 0.981724813 0.190167974
306.318987846 5.146925920 -8.530785286 0.530735853 -0.007741180 0.000547508 0.981972677 0.188863540
306.479136229 5.138760006 -8.529853365 0.530797897 -0.008200917 0.001798294 0.982138587 0.187971560
306.534011602 5.130358001 -8.528865362 0.530798826 -0.008617926 0.003324745 0.982232505 0.187440611
306.693482161 5.122004056 -8.527940510 0.530031739 -0.009016145 0.004773129 0.982163094 0.187754049
306.748283386 5.114254147 -8.526824600 0.528716813 -0.009774807 0.004428496 0.981838726 0.189413719
306.913293600 5.107320661 -8.525697736 0.526989259 -0.010838698 0.001929874 0.981337555 0.191977607
306.968874693 5.099328829 -8.524524598 0.524961977 -0.012034553 -0.001334348 0.980878053 0.194246325
307.135408401 5.091031108 -8.523319599 0.524080915 -0.012765699 -0.002912338 0.980599628 0.195583550
307.191509247 5.082467339 -8.521687139 0.523928066 -0.013531046 -0.004796605 0.980449817 0.196244897
307.355812073 5.073597677 -8.519959182 0.523751267 -0.014253708 -0.006563655 0.980374884 0.196516759
307.413064003 5.064606408 -8.518289508 0.523150981 -0.015000886 -0.008111445 0.980340009 0.196577325
307.578440428 5.055470853 -8.516772101 0.522533112 -0.015759312 -0.009292822 0.980330455 0.196513322
307.635940313 5.046278685 -8.515346842 0.521626668 -0.016491479 -0.010393211 0.980349602 0.196302496
307.800027370 5.037003430 -8.513728244 0.520419600 -0.017126497 -0.011787171 0.980371102 0.196061846
307.857495785 5.027510796 -8.512177984 0.519339955 -0.017386914 -0.012525324 0.980322706 0.196235072
308.027426958 5.017922950 -8.511078996 0.518575855 -0.017204810 -0.012163723 0.980083278 0.197465963
308.083762169 5.008232557 -8.510593802 0.518338092 -0.016858475 -0.010403538 0.979619110 0.199884859
308.250228167 4.998468466 -8.510619825 0.518720830 -0.016385703 -0.007071149 0.978992237 0.203115010
308.307028055 4.989192251 -8.510621046 0.519214182 -0.016538192 -0.004164888 0.978273704 0.206614865
308.476159573 4.980804965 -8.509573641 0.518982471 -0.017681590 -0.004544833 0.977603251 0.209663037
308.532307386 4.972411006 -8.507881665 0.518219258 -0.018917665 -0.006001696 0.977107563 0.211818111
308.698891878 4.963805065 -8.506162849 0.516914211 -0.020124580 -0.006797566 0.976767094 0.213248301
308.754405737 4.955162259 -8.504183336 0.514974712 -0.021581425 -0.007936870 0.976582894 0.213909091
308.922445774 4.946173670 -8.502145541 0.513056111 -0.022873634 -0.008365903 0.976432837 0.214442823
308.978986025 4.936966794 -8.500011174 0.511789565 -0.023941534 -0.008081189 0.976301314 0.214935437
309.147982836 4.927812897 -8.497963682 0.511109272 -0.024882350 -0.007397433 0.976178394 0.215410979
309.205053806 4.918847130 -8.496045570 0.510286942 -0.025817771 -0.006886637 0.976026101 0.216007099
309.376257658 4.909931565 -8.493999395 0.509913417 -0.026548622 -0.006533689 0.975834361 0.216794331
309.432568550 4.901010569 -8.491622598 0.510045047 -0.026936464 -0.006832351 0.975585882 0.217853009
309.602385044 4.892078215 -8.489364913 0.509603364 -0.026850543 -0.007337774 0.975298964 0.219128127
309.659248590 4.883156669 -8.487312301 0.509064630 -0.026272908 -0.007474284 0.974974412 0.220632646
309.828619957 4.874289892 -8.485469604 0.508702657 -0.025098549 -0.006993851 0.974577678 0.222529771
309.886888504 4.865765666 -8.483286806 0.508312147 -0.023917928 -0.007801281 0.974145719 0.224515460
310.054624319 4.857059928 -8.481805017 0.507270384 -0.022107983 -0.007247709 0.973585269 0.227135273
310.113459349 4.848392950 -8.480875772 0.506889901 -0.019818362 -0.005447905 0.972768953 0.230863847
310.280088663 4.840318458 -8.479786827 0.507084953 -0.017798398 -0.004906401 0.971766417 0.235221545
310.336200237 4.832551938 -8.478811581 0.507463901 -0.016038573 -0.005214751 0.970569476 0.240230022
310.506241322 4.825163872 -8.477712249 0.507573577 -0.014671984 -0.006394372 0.969350854 0.245158658
310.570522308 4.817876338 -8.476197218 0.507605018 -0.013465129 -0.008603154 0.968328171 0.249169078
310.735240221 4.810737741 -8.474297105 0.507905328 -0.012639564 -0.011661296 0.967532720 0.252160051
310.791312695 4.803390750 -8.472000980 0.508773084 -0.012397563 -0.016101501 0.966875513 0.254438174
310.955529451 4.796109759 -8.470278740 0.509926215 -0.012395512 -0.019826461 0.966341312 0.256198615
311.010396004 4.788902737 -8.469273323 0.511321793 -0.012487934 -0.022373797 0.965903704 0.257630546
311.178416491 4.781503312 -8.468646859 0.512327466 -0.012857666 -0.024772416 0.965534578 0.258774005
311.239031792 4.774451293 -8.468150678 0.513648919 -0.013896076 -0.027615927 0.965304410 0.259290679
311.407432318 4.767164963 -8.468521178 0.514787362 -0.014929060 -0.028698534 0.965206696 0.259479384
311.467803955 4.759636856 -8.469733416 0.515132411 -0.015978263 -0.028234504 0.965268761 0.259236815
311.635004282 4.752311650 -8.471085570 0.514282598 -0.017246422 -0.027599637 0.965483201 0.258424089
311.690300941 4.744970827 -8.472433425 0.513047352 -0.018635642 -0.026308242 0.965848572 0.257093611
311.852863073 4.737616410 -8.472008476 0.511992780 -0.020317779 -0.026053138 0.965611187 0.257882644
311.911283970 4.731412459 -8.468561151 0.511741522 -0.022218938 -0.027033158 0.964190354 0.262892540
312.073903084 4.725344637 -8.464502062 0.510965946 -0.024099012 -0.027368538 0.962471110 0.268922970
312.134378672 4.719368975 -8.460953554 0.510030512 -0.025852830 -0.026322480 0.961173647 0.273466596
312.304659128 4.712918822 -8.457479384 0.508601822 -0.027663360 -0.024247538 0.960121819 0.277151382
312.360159874 4.706412323 -8.453890966 0.507135667 -0.029536713 -0.022354154 0.959431504 0.279497877
312.522699118 4.699818061 -8.448782855 0.505516442 -0.031843729 -0.021563617 0.959028933 0.280685754
312.576264620 4.692309428 -8.442075083 0.504568809 -0.033091769 -0.019695052 0.958326867 0.283066521
312.736531496 4.683943188 -8.433008997 0.503762067 -0.033436009 -0.018792239 0.957058451 0.287346491
312.788428307 4.674585155 -8.422950164 0.502688472 -0.033227688 -0.018098009 0.955724096 0.291821582
312.949432135 4.665288189 -8.414359801 0.502197048 -0.032870631 -0.017684828 0.954479678 0.295931264
312.999705553 4.656093656 -8.407457869 0.502014851 -0.032075780 -0.016899368 0.953613600 0.298842196
313.165261745 4.646929701 -8.401718029 0.501964942 -0.031114942 -0.015734946 0.953086264 0.300683964
313.214998960 4.638256321 -8.396267034 0.502527071 -0.030317061 -0.015141562 0.952809921 0.301670123
313.380297184 4.629485327 -8.390686945 0.502768648 -0.029684865 -0.014565032 0.952783123 0.301845970
313.437399626 4.621465755 -8.385544846 0.502335298 -0.029234186 -0.014262912 0.952900039 0.301535152
313.601497173 4.613646569 -8.381162910 0.501288220 -0.028765669 -0.013959261 0.953354363 0.300155182
313.657716513 4.606053150 -8.377339862 0.501226366 -0.028780575 -0.014744211 0.954312807 0.297054461
313.820144176 4.598508320 -8.374495465 0.501864732 -0.028930265 -0.015531087 0.955608803 0.292803074
313.874589205 4.591063832 -8.372078831 0.502367166 -0.029375667 -0.017362850 0.957175565 0.287490070
314.038625717 4.583474907 -8.370780222 0.501914950 -0.029422486 -0.017698078 0.958934769 0.281540767
314.092655420 4.576372093 -8.370400397 0.501056105 -0.029212724 -0.016475265 0.960793779 0.275228082
314.250930071 4.569009626 -8.370318065 0.499669782 -0.029164044 -0.014928297 0.962990358 0.267537239
314.302261591 4.561654971 -8.370178601 0.498542794 -0.029247264 -0.013294540 0.965306526 0.259135416
314.468314886 4.554277598 -8.370114117 0.497178129 -0.029354371 -0.011260464 0.967610290 0.250483232
314.519335508 4.546819016 -8.369853129 0.495887749 -0.029636808 -0.009405051 0.969781127 0.241987128
314.688936472 4.538564694 -8.369524095 0.494696395 -0.029871154 -0.006603945 0.971659757 0.234395857
314.746684790 4.530678747 -8.367994894 0.494666111 -0.029606089 -0.005123447 0.972875826 0.229368389
314.919372797 4.522779515 -8.366245808 0.495154586 -0.028865925 -0.003221735 0.973685093 0.226039196
314.976285696 4.514910079 -8.364515851 0.495528367 -0.027747234 -0.000801778 0.974237539 0.223809439
315.148440123 4.507102109 -8.362843577 0.496164806 -0.026093943 0.001929696 0.974543401 0.222666885
315.203872919 4.499604280 -8.361198800 0.496519641 -0.024345928 0.004115013 0.974584962 0.222653305
315.375509262 4.492419992 -8.359544219 0.496728807 -0.022374355 0.005952671 0.974287301 0.224116506
315.438138962 4.485344616 -8.357313143 0.496086327 -0.020624054 0.005629843 0.973827035 0.226282698
315.609882593 4.477956479 -8.354983377 0.494763351 -0.018322067 0.004711615 0.973378536 0.228421384
315.666005135 4.470261645 -8.352382625 0.493896057 -0.015888264 0.003515456 0.973014173 0.230170858
315.836512089 4.462409026 -8.349472346 0.493824736 -0.013290696 0.002301635 0.972724838 0.231569534
315.892673492 4.454756976 -8.346244430 0.494121800 -0.011120493 0.000165935 0.972571938 0.232336248
316.058629036 4.447125514 -8.343168867 0.494986835 -0.009314902 -0.002230367 0.972447967 0.232923185
316.113313198 4.439549882 -8.340385007 0.495700735 -0.007777153 -0.004603949 0.972340330 0.233393662
316.281095743 4.431952819 -8.338094486 0.495731431 -0.006216467 -0.006367760 0.972218042 0.233907859
316.336680651 4.424426512 -8.335818343 0.496090405 -0.004921374 -0.008288401 0.972147601 0.234171144
316.501373768 4.416767065 -8.333987173 0.497191870 -0.003668369 -0.009080702 0.972132869 0.234225894
316.557482958 4.409298714 -8.332436669 0.498175107 -0.002562165 -0.009792513 0.972171901 0.234049858
316.719000578 4.401803843 -8.330725972 0.499500599 -0.001713931 -0.010793046 0.972272039 0.233597208
316.773653746 4.394094169 -8.329468620 0.501253089 -0.000848431 -0.010091584 0.972468484 0.232814276
316.937241793 4.386642205 -8.329658649 0.504025703 0.000528363 -0.004653124 0.973026656 0.230645172
316.996527672 4.379729241 -8.329627672 0.504947399 0.001300014 -0.000933893 0.973692851 0.227858883
317.162689924 4.372528859 -8.329539479 0.505845858 0.001788405 0.003158625 0.974425574 0.224681163
317.220272303 4.365732026 -8.329195768 0.506382695 0.001874288 0.006871976 0.975245391 0.221010610
317.384492874 4.359760790 -8.328552851 0.504380418 0.001129592 0.007552289 0.976208594 0.216699024
317.440002680 4.353992192 -8.327645644 0.501070466 -0.000701307 0.004806087 0.977281193 0.211891198
317.606700182 4.346129248 -8.327150510 0.502135017 -0.002022440 0.007695066 0.977870850 0.209058115
317.656189919 4.337793261 -8.326417552 0.504741771 -0.002876145 0.014666432 0.978407310 0.206144998
317.821829557 4.330421313 -8.325559000 0.504623526 -0.004149604 0.019064919 0.978986627 0.202988900
317.881515980 4.323511635 -8.324045819 0.502779581 -0.006474076 0.019569993 0.979719483 0.199310903
318.056056976 4.316274687 -8.323081643 0.500922324 -0.009248742 0.019893936 0.980379911 0.195892629
318.109566450 4.308620729 -8.323323449 0.500793793 -0.011398681 0.024427065 0.980795322 0.193168126
318.288212538 4.301212512 -8.322191396 0.500000187 -0.014461786 0.024456585 0.981295772 0.190397845
318.343394756 4.293845332 -8.320661782 0.498375736 -0.017499501 0.022455123 0.981771247 0.187922200
318.512892008 4.285003727 -8.319144351 0.498125134 -0.019321315 0.022654594 0.981780126 0.187673229
318.564371824 4.274481776 -8.317304597 0.499564946 -0.020635210 0.025640439 0.981529583 0.188458044
318.736165047 4.265511285 -8.315677782 0.500699390 -0.022246862 0.027982293 0.981538192 0.187895837
318.790110826 4.256634867 -8.313494118 0.500342741 -0.024112039 0.027691734 0.981638699 0.187182377
318.965377808 4.247530699 -8.311230539 0.499394677 -0.025502730 0.026889771 0.981707238 0.186755055
319.022184849 4.238138260 -8.309033282 0.498420651 -0.026273234 0.026401627 0.981672313 0.186901422
319.194993258 4.228691369 -8.306644249 0.497251046 -0.026662739 0.025449713 0.981580590 0.187459211
319.250051260 4.219158205 -8.304405513 0.496032012 -0.026329920 0.025312146 0.981378441 0.188579918
319.426207781 4.209871518 -8.301941974 0.494698185 -0.025673824 0.024737042 0.981171980 0.189816962
319.481080055 4.200791751 -8.299509384 0.492876689 -0.024860021 0.023511565 0.981057558 0.190670539
319.654932022 4.191768393 -8.297232686 0.491001297 -0.023764323 0.021816222 0.981031433 0.191145590
319.709209442 4.182790484 -8.295100732 0.489296077 -0.022488062 0.019468395 0.981062639 0.191393227
319.882596493 4.173724014 -8.293672232 0.487529438 -0.020659513 0.017914441 0.980987849 0.192133020
319.935744286 4.164488651 -8.292877357 0.487705877 -0.018308852 0.017379391 0.980677995 0.193993330
320.104414225 4.155337164 -8.292870521 0.490090404 -0.015125472 0.018918683 0.980156766 0.196738448
320.155063868 4.145671275 -8.293400086 0.493604487 -0.011285149 0.021438328 0.979489605 0.200032890
320.323597193 4.135912682 -8.293844532 0.496798779 -0.007446419 0.022393453 0.978797816 0.203464786
320.378425598 4.127642353 -8.294371357 0.498267539 -0.004343595 0.021961090 0.978174501 0.206575628
320.547823906 4.119784684 -8.294860961 0.497962356 -0.001552897 0.020116633 0.977524728 0.209853083
320.602027893 4.112415671 -8.294747285 0.497329333 0.001181876 0.016749741 0.976947899 0.212816475
320.768493891 4.107710220 -8.296568454 0.500981961 0.004211661 0.019730947 0.977623368 0.209393176
320.820642710 4.103874990 -8.298843104 0.503848391 0.007058322 0.022287138 0.978899978 0.202998266
320.984947205 4.100788839 -8.300496741 0.504025966 0.008952900 0.021536600 0.980209517 0.196584140
321.032487392 4.097943859 -8.301899382 0.502283934 0.010075116 0.017331076 0.981688818 0.189433868
321.187093496 4.095557077 -8.303097459 0.499601895 0.010072408 0.009145842 0.983237873 0.181819099
321.234884977 4.093382278 -8.305366617 0.497292967 0.009666867 0.000867931 0.984793742 0.173456290
321.395217896 4.090946160 -8.311077370 0.498108259 0.010399983 0.002013997 0.986410419 0.163958131
321.444824934 4.088641202 -8.316946325 0.499625817 0.011208600 0.004220173 0.988076463 0.153497429
321.603464842 4.086842463 -8.322045868 0.499657159 0.011551369 0.003628873 0.989639189 0.143065274
321.650270939 4.086052153 -8.327145522 0.497811040 0.011367950 0.000892069 0.991009770 0.133302698
321.812756777 4.085159740 -8.332549251 0.495113773 0.011026479 -0.001249072 0.992186250 0.124271079
321.864790678 4.083002512 -8.338449085 0.494588049 0.011202999 0.000762888 0.993008690 0.117505966
322.032228947 4.079845479 -8.343836310 0.496279146 0.011879606 0.005302945 0.993482646 0.113238619
322.091121912 4.077030175 -8.348216026 0.497238072 0.012422094 0.008137979 0.993883653 0.109429196
322.261189461 4.074964130 -8.351156865 0.496544289 0.012486890 0.007410479 0.994337392 0.105272563
322.324683666 4.072886787 -8.353746492 0.494683358 0.012314911 0.005191258 0.994760703 0.101353524
322.512408257 4.069668820 -8.356314525 0.494374999 0.012814438 0.005681470 0.994868268 0.100202992
322.576304913 4.065252538 -8.359163802 0.494899465 0.014127615 0.008657265 0.994695535 0.101519723
322.765035391 4.061081309 -8.361058202 0.495024246 0.015174605 0.009538145 0.994495764 0.103232408
322.839728117 4.056606420 -8.362583488 0.495313218 0.016192008 0.009374114 0.994187799 0.106021527
323.018010378 4.051715504 -8.364049428 0.495686996 0.017280760 0.008964736 0.993740043 0.110007889
323.072704792 4.046306835 -8.365462848 0.496763699 0.018492774 0.009464522 0.993124574 0.115204253
323.231277943 4.042414964 -8.368838189 0.501388793 0.019537020 0.016594583 0.992651460 0.118262437
323.278719187 4.039947647 -8.373521007 0.506190830 0.020579448 0.026926622 0.992256166 0.119495372
323.440425873 4.038065716 -8.377276992 0.508570730 0.020957919 0.033014584 0.991994660 0.120072469
323.521632433 4.036775862 -8.379349345 0.508610892 0.020538233 0.033438391 0.992063987 0.119453340
323.691872597 4.035329582 -8.380660520 0.506863540 0.019570793 0.029677862 0.992418298 0.117652579
323.743636847 4.033478258 -8.382601510 0.503600109 0.018265216 0.023864316 0.992838887 0.115619296
323.901838779 4.031393768 -8.385186750 0.499628002 0.016489918 0.016244033 0.993291859 0.113293848
323.955013037 4.030559248 -8.392083455 0.501543854 0.014767061 0.019727001 0.993795156 0.108461823
324.116092920 4.030996080 -8.399554025 0.504891623 0.013280630 0.026350555 0.994299265 0.102460942
324.164298296 4.031900429 -8.406237483 0.506072476 0.011277600 0.028909960 0.994951852 0.095435015
324.324203014 4.033208061 -8.412089741 0.504820092 0.008752308 0.027503877 0.995734306 0.087636326
324.372305632 4.034915713 -8.417495972 0.501973764 0.005524251 0.022023814 0.996564028 0.079652819
324.537473202 4.036054648 -8.423456527 0.498864583 0.002420148 0.016400586 0.997247641 0.072265524
324.595625162 4.034482105 -8.430865593 0.499159481 0.001453287 0.017305502 0.997461786 0.069053549
324.771368504 4.031120601 -8.437459272 0.501346178 0.002357280 0.021665982 0.997263582 0.070642591
324.831421614 4.027965857 -8.443079270 0.502684619 0.003131800 0.023499634 0.997081022 0.072576825
325.009151936 4.024953708 -8.448310354 0.502516956 0.003774876 0.023339453 0.996934981 0.074576562
325.069264889 4.021957335 -8.452735758 0.501105766 0.004333785 0.020617603 0.996828385 0.076741799
325.244163036 4.017620903 -8.457208251 0.501014736 0.006044448 0.020444958 0.996489528 0.080957323
325.296082258 4.012251284 -8.461533269 0.501866929 0.008629322 0.021457594 0.995962209 0.086743210
325.459692717 4.005768189 -8.465292818 0.503931404 0.012123140 0.023001199 0.995200346 0.094341111
325.507063389 3.999714665 -8.468085659 0.504002486 0.015071170 0.021071804 0.994507988 0.101403654
325.669305563 3.992372743 -8.471073071 0.505190217 0.019163066 0.021227512 0.993554281 0.109690747
325.716597795 3.984924188 -8.473493672 0.505431509 0.023352305 0.020132521 0.992502317 0.118272997
325.877789974 3.977585496 -8.475182383 0.504920554 0.027439043 0.017070793 0.991419171 0.126663784
325.925441980 3.969651933 -8.477335592 0.504698889 0.032358052 0.015742927 0.990122379 0.135509374
326.079907656 3.961611760 -8.479710978 0.503550188 0.037643756 0.015023890 0.988635701 0.144764226
326.129204988 3.954219188 -8.481169441 0.502214032 0.042545456 0.011910331 0.987154036 0.153541324
326.280328512 3.947364282 -8.481972133 0.502607999 0.047304617 0.008075740 0.985675910 0.161678870
326.329473972 3.940857016 -8.483219868 0.504412879 0.052171524 0.007095907 0.984151205 0.169334539
326.480709314 3.934657956 -8.484968327 0.507821141 0.057185535 0.010024956 0.982606525 0.176390849
326.529752970 3.929021883 -8.486508369 0.511910318 0.061944238 0.014451124 0.981102864 0.182732717
326.677328825 3.924077047 -8.487507095 0.515650332 0.066207979 0.018398698 0.979654343 0.188561290
326.728436947 3.919828739 -8.487699892 0.518715093 0.069901978 0.020888946 0.978306413 0.193891538
326.882767916 3.916359396 -8.487240950 0.520498092 0.072944677 0.021670339 0.977101336 0.198701914
326.941176414 3.913618670 -8.485807683 0.521120023 0.075165541 0.019865601 0.976147957 0.202708325
327.094049215 3.910567492 -8.484046734 0.521674106 0.076953743 0.018272439 0.975250783 0.206470700
327.152081966 3.906774089 -8.481834498 0.523275491 0.078666083 0.018161933 0.974245774 0.210539696
327.303973436 3.902578608 -8.478938708 0.525071199 0.080274837 0.017139939 0.973222413 0.214709824
327.360707283 3.898103244 -8.475788988 0.526636515 0.081699821 0.016230045 0.972127134 0.219158756
327.510393381 3.893463708 -8.472218618 0.528081575 0.082838598 0.015210273 0.971000410 0.223751243
327.567636728 3.888686998 -8.468192633 0.529420509 0.083553826 0.013484486 0.969906031 0.228296336
327.715914488 3.883693782 -8.464078111 0.530263356 0.083986947 0.011499512 0.968807355 0.232865334
327.771524906 3.878455279 -8.459919484 0.530277656 0.084280444 0.009668454 0.967747874 0.237207463
327.921237230 3.872914450 -8.455810135 0.529489657 0.084483321 0.008200065 0.966796117 0.241040649
327.978704214 3.867054334 -8.451996010 0.528500710 0.084651343 0.007676813 0.966037624 0.244021566
328.127079964 3.861030126 -8.448515301 0.527790417 0.084717739 0.008210203 0.965508165 0.246068042
328.184598207 3.854968766 -8.444766540 0.527153543 0.084259018 0.007903211 0.965290519 0.247087377
328.330826759 3.848723327 -8.441244463 0.525900159 0.083519794 0.007470173 0.965233997 0.247572154
328.388413191 3.842306610 -8.438160039 0.524655288 0.082603756 0.007748863 0.965283320 0.247678594
328.535432816 3.835758154 -8.435386079 0.525115689 0.081599238 0.009854488 0.965479291 0.247172392
328.592374802 3.829308221 -8.432472027 0.525806289 0.080196120 0.011712962 0.965849521 0.246101792
328.738548279 3.823033716 -8.429602157 0.526305812 0.078294050 0.013016513 0.966361088 0.244636178
328.798192263 3.816760649 -8.427432519 0.526896977 0.076328094 0.015911635 0.966833934 0.243213868
328.949882030 3.810720062 -8.425633761 0.527066452 0.074322951 0.019864741 0.967147773 0.242294607
329.007418156 3.805382619 -8.423956028 0.526906243 0.071823926 0.023902944 0.967269087 0.242199269
329.159080982 3.801214218 -8.421809030 0.525575461 0.068267662 0.025384778 0.967383774 0.242618574
329.218240023 3.797469255 -8.419763712 0.523143643 0.064006266 0.025439407 0.967397671 0.243716600
329.373486280 3.793339912 -8.417696426 0.521291728 0.059583767 0.026395413 0.967093472 0.245933472
329.428421497 3.788879730 -8.415293497 0.519682323 0.055006008 0.027903848 0.966460919 0.249297025
329.580703735 3.783974470 -8.412471773 0.518399604 0.050453460 0.030111295 0.965486509 0.253739156
329.632610798 3.779054787 -8.409454155 0.517484541 0.046299015 0.032647086 0.964285860 0.258734128
329.778542280 3.773934050 -8.406229484 0.517034003 0.042492323 0.035708425 0.962845259 0.264288323
329.827608585 3.768413819 -8.402803132 0.517577064 0.039506768 0.040243191 0.961060414 0.270522791
329.977145433 3.762965227 -8.398959517 0.518632717 0.037038506 0.045028026 0.959060195 0.277135648
330.026375771 3.758192332 -8.394395790 0.519020320 0.034298613 0.048045445 0.957066892 0.283792537
330.177793264 3.753770284 -8.389470404 0.518874301 0.031615393 0.050256246 0.955090021 0.290306440
330.227091074 3.748958969 -8.384224462 0.518372828 0.029188934 0.052730865 0.952879062 0.297302802
330.385255575 3.745499351 -8.382044045 0.521276890 0.027321686 0.052239797 0.951166597 0.302996095
330.436825275 3.742197707 -8.381520055 0.524738669 0.026093361 0.052703004 0.948868329 0.310145811
330.589244604 3.738830283 -8.381929194 0.526338162 0.025777143 0.055248846 0.946398465 0.317195601
330.638652563 3.735742271 -8.381631148 0.527185705 0.024797561 0.055367227 0.944005286 0.324304750
330.798310280 3.732402753 -8.381062646 0.528242917 0.024409383 0.055632203 0.941845012 0.330510535
330.850271463 3.728781797 -8.380958088 0.527811086 0.024904313 0.057206444 0.939595306 0.336552907
331.011045933 3.725159785 -8.380462820 0.526653941 0.025714717 0.058610767 0.937425457 0.342252893
331.070479155 3.721497339 -8.378219296 0.526150617 0.025965397 0.057136170 0.935980271 0.346413319
331.236447334 3.717227804 -8.375138471 0.526596910 0.026731230 0.055413289 0.934983423 0.349314767
331.294207573 3.712767623 -8.371163532 0.527304415 0.027290011 0.051990959 0.934530508 0.351005590
331.458648205 3.707993826 -8.367290663 0.527484953 0.028309512 0.048895716 0.934118003 0.352464659
331.517179251 3.702713660 -8.363146380 0.527626519 0.029811515 0.045902769 0.933800953 0.353581660
331.676799059 3.696761660 -8.358410834 0.527832531 0.031914218 0.042884623 0.933615049 0.354267318
331.729577780 3.690577239 -8.353382029 0.527899014 0.034188844 0.039506922 0.933654640 0.354343532
331.884387016 3.683723697 -8.348086140 0.527656704 0.036592671 0.035556109 0.933801947 0.354133680
331.936533451 3.676446798 -8.342801560 0.527024944 0.039143345 0.031343966 0.933910600 0.353972239
332.085838318 3.669027617 -8.337517669 0.525940988 0.041882050 0.026966274 0.933932426 0.353961773
332.139058113 3.661784047 -8.332480001 0.525271543 0.045089127 0.023676770 0.933846614 0.354029494
332.288774967 3.655063437 -8.328584106 0.526488731 0.048761256 0.023912608 0.933981194 0.353170861
332.347915649 3.649079583 -8.325175081 0.527829217 0.052261817 0.025009645 0.934348510 0.351619228
332.501791239 3.643639611 -8.321963093 0.529579238 0.055609705 0.027003380 0.934910951 0.349456567
332.559871435 3.638801376 -8.318738049 0.531185000 0.058468413 0.028736476 0.935669634 0.346811181
332.710025311 3.634371234 -8.315792491 0.532227512 0.061053683 0.030629517 0.936559529 0.343788494
332.768167019 3.630307096 -8.312912445 0.533645633 0.063192498 0.032485901 0.937693716 0.340120375
332.917296648 3.626489107 -8.310010625 0.535410519 0.064857819 0.034137337 0.938936379 0.336194262
332.974985361 3.622782460 -8.307230034 0.536708482 0.066215451 0.035748262 0.940207881 0.332184762
333.123656034 3.619204751 -8.304298519 0.537481932 0.066970647 0.036321878 0.941599925 0.328001881
333.179140091 3.616109014 -8.300999441 0.536849831 0.066460659 0.033788296 0.943318328 0.323406655
333.320291519 3.613392472 -8.297986840 0.535443664 0.065119988 0.029799650 0.945046555 0.318995889
333.381018400 3.609538077 -8.295848805 0.535865721 0.064212169 0.029050080 0.946368416 0.315308914
333.539219379 3.604909792 -8.294211308 0.537133075 0.064145818 0.032039479 0.947056817 0.312957139
333.607036114 3.601091610 -8.292427299 0.537757048 0.063584910 0.034505857 0.947485462 0.311508596
333.766871691 3.598339554 -8.290707971 0.536855757 0.061980785 0.035070702 0.947825508 0.310733381
333.835682869 3.596032564 -8.289366186 0.534339676 0.059363851 0.033549535 0.948184995 0.310315287
334.000344753 3.593238506 -8.288160876 0.532011164 0.056489070 0.032322885 0.948400535 0.310323446
334.074109554 3.589919525 -8.286512007 0.530581891 0.053711552 0.032450522 0.948380353 0.310864503
334.233872414 3.586054433 -8.284338579 0.530790690 0.051342474 0.035267847 0.947809397 0.312693902
334.293645144 3.582500872 -8.281809657 0.531470222 0.049233890 0.038939197 0.946946914 0.315200422
334.441665649 3.578756830 -8.278429633 0.532001401 0.046816585 0.043539886 0.945690176 0.318720217
334.495294571 3.575704912 -8.274830827 0.530916320 0.043997248 0.047114557 0.944445404 0.322284562
334.651749849 3.573253859 -8.270694519 0.528306011 0.040069641 0.047931861 0.943496758 0.325439440
334.707511187 3.570251405 -8.266792130 0.525691383 0.035965105 0.048558857 0.942415786 0.328939257
334.860854149 3.565838722 -8.262202852 0.525359390 0.032935060 0.052745260 0.940572579 0.333850928
334.910786867 3.561798310 -8.257746673 0.525740846 0.030874026 0.057674965 0.938568617 0.338835275
335.059678555 3.557591867 -8.252672408 0.525462432 0.028800362 0.062900697 0.936180905 0.344643808
335.110248566 3.553804417 -8.246764589 0.524476144 0.026263512 0.066847050 0.933750451 0.350644828
335.265450239 3.550444375 -8.240432643 0.522955758 0.023609775 0.069560505 0.931433890 0.356419449
335.317930460 3.546947264 -8.233933778 0.521462713 0.021347312 0.072217652 0.928992917 0.362354885
335.478364468 3.543742049 -8.227176790 0.519727013 0.019035334 0.074130338 0.926519399 0.368380446
335.532844782 3.540448273 -8.220444708 0.518116776 0.016992914 0.076115986 0.923894327 0.374615630
335.691456079 3.537332485 -8.213629862 0.516492154 0.015022808 0.077810562 0.921208812 0.380912269
335.746118069 3.534245555 -8.206854580 0.515013749 0.013357522 0.079861392 0.918449121 0.387162688
335.907472372 3.531283586 -8.200065541 0.513763353 0.011976314 0.082011127 0.915675265 0.393280500
335.961685419 3.528148557 -8.193393331 0.513129561 0.010977492 0.084791406 0.912870614 0.399195633
336.127042294 3.525401062 -8.186914376 0.511991882 0.009515626 0.086269483 0.910590443 0.404094141
336.182352304 3.522519612 -8.179844870 0.509976628 0.007594264 0.086071993 0.908722632 0.408359054
336.347690582 3.519383260 -8.172992968 0.509533729 0.005457853 0.084384607 0.907661867 0.411095348
336.402562380 3.515323583 -8.166508877 0.510694940 0.004028906 0.083422145 0.906912280 0.412958388
336.570179224 3.510809535 -8.160310635 0.511458027 0.003115442 0.082869405 0.906312920 0.414390935
336.624552250 3.505581366 -8.154441185 0.511764833 0.003308145 0.083615512 0.905646578 0.415694333
336.788113117 3.500366928 -8.148469269 0.511240563 0.003766156 0.084092586 0.905049439 0.416892990
336.841949224 3.495141444 -8.142078026 0.510545531 0.004243302 0.083674082 0.904756804 0.417607194
337.007265568 3.489842469 -8.135664464 0.509410830 0.004804315 0.082882543 0.904716069 0.417847146
337.062209368 3.484399604 -8.129348929 0.507694535 0.005634160 0.082066436 0.904788940 0.417840078
337.228651762 3.478835924 -8.122844375 0.506190971 0.006849025 0.081229610 0.904898327 0.417748559
337.285544634 3.473361480 -8.116064883 0.505384359 0.008010130 0.079631074 0.905049734 0.417707683
337.451737881 3.467944301 -8.109477187 0.505011539 0.009455229 0.078370390 0.905187575 0.417617211
337.508684874 3.462575280 -8.103269116 0.504312286 0.011504724 0.078183316 0.905230852 0.417507023
337.674595594 3.457597373 -8.097028571 0.503660425 0.013340425 0.077693172 0.905312898 0.417365978
337.730609179 3.453016343 -8.090877884 0.503750793 0.014855903 0.077187466 0.905484041 0.417037227
337.903850317 3.448900953 -8.084923665 0.504533372 0.016019589 0.076831468 0.905754669 0.416471822
337.965778112 3.444922035 -8.079407074 0.505467822 0.017385210 0.077534713 0.906017858 0.415713561
338.134135723 3.441399552 -8.073858655 0.506744141 0.018221428 0.077938493 0.906458889 0.414639425
338.195670843 3.438141842 -8.068661798 0.507477690 0.018773482 0.078590719 0.906859983 0.413613377
338.366882086 3.435048263 -8.064117559 0.506951447 0.019506269 0.080250788 0.906944784 0.413074419
338.443043709 3.433016824 -8.060510452 0.506617487 0.019517628 0.082290205 0.906597257 0.413435361
338.619553804 3.431539941 -8.056974356 0.506459121 0.018929965 0.084383984 0.905936158 0.414488452
338.693906307 3.430473735 -8.053561306 0.505166751 0.017403353 0.085177760 0.905190822 0.416018567
338.875579357 3.429618456 -8.050203871 0.503096412 0.015070761 0.084842415 0.904355818 0.417989464
338.943128347 3.427965092 -8.046462699 0.502714997 0.013527074 0.086453987 0.902891669 0.420867390
339.115132809 3.426736918 -8.042263808 0.503518974 0.011314660 0.087490128 0.900840792 0.425092134
339.170250177 3.425958928 -8.038457321 0.504453219 0.008832231 0.087949167 0.898371242 0.430251144
339.333483219 3.425185085 -8.034936208 0.503574009 0.006570314 0.088797893 0.895627797 0.435801118
339.389912128 3.424338731 -8.031312892 0.501527470 0.004559039 0.089620938 0.892774634 0.441475658
339.559617281 3.423139136 -8.026852027 0.500871756 0.002794957 0.090059307 0.889888319 0.447191557
339.617039919 3.421182703 -8.022026530 0.501116790 0.002239898 0.091487265 0.886807956 0.452986438
339.783592701 3.419109878 -8.016922897 0.501661913 0.002241773 0.093374727 0.883704186 0.458631712
339.838783026 3.417822968 -8.011578377 0.501331808 0.001526172 0.093746742 0.880642985 0.464410543
340.008151293 3.416652663 -8.006309395 0.500634543 0.000920923 0.093827743 0.877370061 0.470549978
340.064168215 3.415832452 -8.000795253 0.498878442 -0.000363885 0.092276887 0.874500740 0.476165201
340.232493401 3.414371187 -7.995061505 0.497459124 -0.001090580 0.091334859 0.871519678 0.481778170
340.288333178 3.413086940 -7.988911936 0.496822385 -0.001467559 0.091090070 0.868254997 0.487681972
340.455878496 3.412064599 -7.982731439 0.496397889 -0.001685902 0.091328517 0.864760951 0.493806396
340.509192228 3.411235722 -7.976581133 0.496233287 -0.001538778 0.092152752 0.860978412 0.500221627
340.676126242 3.410818532 -7.970104566 0.496311370 -0.001543815 0.092908759 0.857121125 0.506664540
340.732865810 3.410736167 -7.963556250 0.495801356 -0.002226779 0.092612543 0.853887074 0.512147267
340.910547018 3.410307102 -7.956586986 0.495094639 -0.002661654 0.091801349 0.851299887 0.516579064
340.966881752 3.410076454 -7.949199021 0.496010982 -0.004491345 0.088780240 0.849798394 0.519558069
341.132335663 3.409540922 -7.940699063 0.497218105 -0.007389711 0.084320200 0.848454728 0.522455807
341.185346603 3.407632685 -7.932403110 0.498263756 -0.009724761 0.080947969 0.847291062 0.524833985
341.352914095 3.405536095 -7.924121676 0.499403357 -0.013170015 0.076234509 0.846136238 0.527321835
341.404332161 3.402605820 -7.916276547 0.499281575 -0.015673884 0.073114730 0.844963531 0.529570766
341.571345806 3.399224649 -7.908044624 0.499406474 -0.018300094 0.069839223 0.844253176 0.531059473
341.625112534 3.395192180 -7.900627561 0.498757544 -0.019847833 0.068402606 0.843262523 0.532762109
341.793199539 3.391237223 -7.892930503 0.498186017 -0.021230174 0.067261572 0.842477097 0.534095031
341.846501350 3.387289380 -7.885723999 0.496304477 -0.021783468 0.067417032 0.841507911 0.535578994
342.015064955 3.382768852 -7.879387710 0.492421809 -0.020401984 0.070446487 0.840052768 0.537524324
342.067904949 3.379382587 -7.871096683 0.490865772 -0.020911949 0.071191718 0.839840059 0.537738882
342.231341362 3.375543664 -7.861779499 0.489725917 -0.021535815 0.071424854 0.840170603 0.537166693
342.280599833 3.371711486 -7.853161876 0.488164392 -0.021396676 0.072334828 0.840658958 0.536285718
342.448404789 3.368184210 -7.844109482 0.487884827 -0.020851142 0.074290852 0.839957348 0.537138486
342.503600359 3.365823089 -7.837454878 0.489035314 -0.019433099 0.078574834 0.837110272 0.541012700
342.665526628 3.363228611 -7.832096291 0.489284921 -0.015942683 0.085421764 0.833706617 0.545327635
342.712701321 3.362824603 -7.826590681 0.490237435 -0.013289418 0.091420309 0.829363399 0.551019121
342.879729509 3.363779858 -7.819834485 0.490047351 -0.011714134 0.095463053 0.825721323 0.555818209
342.932065964 3.365246211 -7.812587279 0.489375732 -0.011043929 0.097761911 0.822507589 0.560180245
343.098225594 3.367123091 -7.805929292 0.487404346 -0.011245893 0.098746758 0.819214707 0.564809589
343.156256437 3.368629933 -7.799086871 0.485102757 -0.012077612 0.098600034 0.816127617 0.569269599
343.330968142 3.369226245 -7.792365991 0.483377510 -0.011955078 0.099178773 0.812834756 0.573864362
343.389878511 3.369402706 -7.785849867 0.481526531 -0.011295384 0.099716279 0.809714295 0.578179763
343.569478750 3.369352568 -7.779225173 0.480183149 -0.010119891 0.100140876 0.806902741 0.582045840
343.622173786 3.368523584 -7.771392864 0.477818982 -0.008736196 0.099865872 0.806237334 0.583036746
343.796758890 3.366630624 -7.762966729 0.474865370 -0.006483776 0.099475461 0.806504473 0.582763355
343.850497484 3.364176035 -7.753777780 0.471272262 -0.003707114 0.098727604 0.807227668 0.581912889
344.021782875 3.361725600 -7.744425555 0.467374646 -0.000521282 0.097417775 0.808063949 0.580983786
344.075058460 3.359384772 -7.734370770 0.463588463 0.002797730 0.095119129 0.809100273 0.579914884
344.249936104 3.357760585 -7.725551176 0.461032927 0.004885320 0.092204639 0.809745877 0.579470494
344.306106567 3.356168440 -7.716847276 0.459834338 0.006476100 0.089292289 0.809909097 0.579682847
344.479745865 3.354571120 -7.708406114 0.458965113 0.007749211 0.086645976 0.809704990 0.580353559
344.537556171 3.353059297 -7.700091187 0.458203121 0.008497714 0.084025022 0.809266932 0.581338643
344.708449364 3.351387023 -7.691837692 0.457618658 0.009201135 0.082031398 0.808556612 0.582599686
344.763856649 3.349695099 -7.683644575 0.456851649 0.010099019 0.080796762 0.807828048 0.583766852
344.935566664 3.348135895 -7.675478343 0.456368635 0.011089867 0.080376296 0.807032837 0.584905690
344.991550446 3.346831812 -7.667272876 0.455902313 0.011977150 0.080310763 0.806304886 0.585900299
345.162594080 3.345856494 -7.659046767 0.454993319 0.012454885 0.079986256 0.805744865 0.586704599
345.219039440 3.345306982 -7.650822556 0.453694894 0.012112757 0.078905983 0.805296351 0.587473330
345.390525818 3.344963944 -7.642807374 0.451802356 0.011398206 0.077637028 0.804772427 0.588373957
345.448377132 3.344003108 -7.634770441 0.450215786 0.011658043 0.077716812 0.804079688 0.589304711
345.617917538 3.343204503 -7.626342396 0.450015413 0.011621038 0.077506425 0.803545710 0.590061011
345.674953461 3.342774578 -7.617985577 0.450302043 0.011189770 0.077057936 0.802969397 0.590912016
345.847378969 3.342422243 -7.610063011 0.449763729 0.011110805 0.077004100 0.801918042 0.592346497
345.908380032 3.342260701 -7.602861733 0.448979951 0.011393349 0.077809194 0.800129314 0.594650319
346.088634253 3.342297884 -7.595636564 0.447549522 0.011488557 0.078519081 0.798260921 0.597061361
346.145209312 3.342642284 -7.587861902 0.446841751 0.010818342 0.077470258 0.797188454 0.598641706
346.320561886 3.343053193 -7.579867244 0.446616827 0.009526549 0.075444681 0.796464445 0.599884766
346.375821114 3.343461604 -7.571942125 0.446279915 0.008054688 0.072914700 0.795951092 0.600899682
346.550278902 3.343497203 -7.564102131 0.445876281 0.006961795 0.070726792 0.795540169 0.601718451
346.607096434 3.342988160 -7.556373652 0.445062476 0.006778956 0.069560048 0.795102334 0.602434830
346.780710697 3.342317965 -7.548419125 0.444313021 0.006734978 0.068396770 0.794753278 0.603028812
346.837324142 3.341910343 -7.540386329 0.443609919 0.006147737 0.066474835 0.794547639 0.603520796
347.009788513 3.341327857 -7.532443117 0.443027487 0.005824565 0.065084718 0.794278585 0.604029455
347.063117027 3.340489389 -7.524485702 0.442253678 0.005974373 0.064415048 0.793948790 0.604533148
347.235341549 3.339729127 -7.516281673 0.441379471 0.005749629 0.063361449 0.793684948 0.604992951
347.289752245 3.338938893 -7.508038129 0.440513688 0.005314763 0.062428241 0.793336615 0.605550562
347.466572285 3.338344483 -7.500016096 0.439119951 0.004622247 0.061809426 0.792950821 0.606124761
347.522577047 3.337715474 -7.492099083 0.438069325 0.004083625 0.062101624 0.792415801 0.606798080
347.700687408 3.337163562 -7.484056890 0.437449048 0.003584971 0.062866113 0.791847462 0.607464071
347.758823633 3.336791344 -7.475957445 0.436664105 0.002814478 0.063625057 0.791317562 0.608079309
347.931736946 3.336390121 -7.468054880 0.435593865 0.002372083 0.065097401 0.790720508 0.608701716
347.989241600 3.336016257 -7.460220921 0.434806237 0.002445419 0.067345036 0.790172670 0.609168136
348.163608551 3.336079684 -7.452222812 0.434239842 0.002149552 0.069083189 0.789904107 0.609322899
348.220712423 3.336524915 -7.444162839 0.433418174 0.001378433 0.069889469 0.790013486 0.609091334
348.395974398 3.337013853 -7.436333447 0.432066066 0.000845530 0.070857846 0.790195498 0.608744220
348.453830004 3.337299646 -7.428526888 0.430346199 0.000927038 0.072156447 0.790498400 0.608198050
348.632217646 3.337889784 -7.420274642 0.429936239 0.000556930 0.072099608 0.791163149 0.607340273
348.691709280 3.338945153 -7.412105570 0.429900652 -0.000404074 0.070934033 0.792006285 0.606377972
348.874204636 3.339695610 -7.404284005 0.429454874 -0.000970267 0.070274127 0.792647986 0.605615204
348.932353735 3.340112094 -7.396577993 0.428572140 -0.001288712 0.069767378 0.793223027 0.604919897
349.109160900 3.340224692 -7.388856542 0.428164632 -0.001381638 0.069323380 0.793708676 0.604333433
349.167905569 3.340561963 -7.381083369 0.428360188 -0.001945699 0.068011703 0.794149062 0.603902218
349.347564220 3.340696458 -7.373395638 0.427957968 -0.002032469 0.066919945 0.794696911 0.603302918
349.408225298 3.340310449 -7.366188054 0.427448262 -0.001235598 0.066633129 0.795279219 0.602569052
349.628740788 3.340018226 -7.358619349 0.427564868 -0.000730569 0.065702284 0.795701748 0.602114112
349.689254284 3.339552219 -7.352922794 0.430169953 -0.001889019 0.061374257 0.797389789 0.600332538
349.871464968 3.338854913 -7.349524305 0.432743085 -0.002944402 0.056898616 0.798216598 0.599670026
349.940992832 3.337932000 -7.346234629 0.433490804 -0.003034083 0.053419793 0.799427175 0.598375561
350.113152027 3.337496313 -7.340791941 0.434931076 -0.003500908 0.047574653 0.801753141 0.595748519
350.167870522 3.336471704 -7.334951400 0.435595686 -0.002738724 0.043042967 0.804085623 0.592946974
350.338561535 3.334346462 -7.328707172 0.437196800 -0.000600085 0.039533160 0.806680943 0.589663145
350.391338348 3.331093253 -7.323119595 0.438841397 0.003166711 0.038367087 0.808965158 0.586594675
350.559247971 3.327096140 -7.317637862 0.438719044 0.009050334 0.040198988 0.810678958 0.584039176
350.607228994 3.323299849 -7.312867267 0.437236225 0.015862220 0.044316924 0.811827653 0.581996788
350.765946388 3.319649267 -7.307658349 0.434453794 0.023717558 0.049885598 0.812884271 0.579800023
350.817710638 3.317401577 -7.301170234 0.432438903 0.030365116 0.054556399 0.814064419 0.577408590
350.990763903 3.316403179 -7.293913596 0.431287666 0.033710999 0.055725488 0.815234723 0.575456849
351.050931215 3.315588518 -7.286513001 0.430924308 0.035110520 0.055275611 0.815927229 0.574434170
351.214399338 3.314152817 -7.279098525 0.430277835 0.036564146 0.055535568 0.815995451 0.574221462
351.272331715 3.312357436 -7.271285339 0.428690172 0.038128094 0.056335407 0.815756350 0.574381535
351.434437037 3.310496889 -7.263036417 0.426868884 0.038975459 0.056699814 0.815474648 0.574688736
351.490003586 3.308486988 -7.254594628 0.424580083 0.039437255 0.057057442 0.815150810 0.575081132
351.651920080 3.306469864 -7.245958083 0.422401038 0.039147056 0.057074713 0.814816550 0.575572737
351.706756592 3.304474160 -7.237150595 0.421022933 0.038024906 0.056858412 0.814279322 0.576429018
351.867932796 3.302567121 -7.228519959 0.419198980 0.036443971 0.056706458 0.813501813 0.577642635
351.923586607 3.301018080 -7.219917661 0.417269640 0.033823647 0.055806292 0.812612046 0.579140122
352.086956501 3.299803459 -7.211338752 0.415540014 0.029975191 0.053836186 0.811756409 0.580736330
352.143698931 3.298482902 -7.203279070 0.413334981 0.026292145 0.052625606 0.810712943 0.582480723
352.309743166 3.295656464 -7.195354599 0.411583651 0.023253243 0.052611240 0.810692684 0.582639439
352.371104956 3.291720727 -7.187308687 0.410371079 0.020029742 0.052465353 0.812242310 0.580610563
352.546442986 3.288534159 -7.179363586 0.410159052 0.016501267 0.052083885 0.813408109 0.579121943
352.599646568 3.287738434 -7.172816736 0.415459630 0.010347785 0.046489141 0.813894287 0.579057659
352.768289566 3.286351967 -7.167501001 0.420444047 0.005359684 0.042634091 0.814269302 0.578894734
352.827991486 3.284261105 -7.163272756 0.423371054 0.002661989 0.042341473 0.814296272 0.578896964
353.009779215 3.281490488 -7.159663315 0.424423675 0.001890708 0.045309680 0.813988564 0.579108000
353.070887804 3.278626430 -7.156845144 0.423009255 0.002497623 0.050324861 0.813377484 0.579550031
353.243981838 3.278646979 -7.152942656 0.423265237 -0.000593934 0.047592826 0.813561539 0.579527560
353.292658329 3.280317576 -7.148451076 0.427425592 -0.006033851 0.038549477 0.814670742 0.578609637
353.465250969 3.280449900 -7.144368437 0.430249871 -0.008897356 0.033357292 0.815001693 0.578429226
353.537882090 3.279392964 -7.141272148 0.431001549 -0.009077825 0.032659389 0.814522223 0.579141180
353.719071150 3.277726854 -7.138375004 0.429588308 -0.007509302 0.034870278 0.813365527 0.580658413
353.771037579 3.275806472 -7.135568455 0.426713869 -0.004050893 0.040046112 0.811671199 0.582726148
353.934854031 3.274248067 -7.132352450 0.422645463 0.000181047 0.046050652 0.809973447 0.584655728
353.985541105 3.274830051 -7.122751692 0.425495605 0.000145478 0.039961278 0.812239734 0.581953340
354.154826880 3.274611738 -7.116403955 0.427815902 0.001846465 0.037143282 0.812267046 0.582098972
354.212485075 3.273720182 -7.110711594 0.427597042 0.005136726 0.036628206 0.811592840 0.583051499
354.378526211 3.272557063 -7.104597003 0.425701947 0.009447815 0.037327734 0.810851023 0.583984587
354.429555416 3.271318084 -7.095761360 0.426843908 0.013096944 0.034334143 0.811839145 0.582723638
354.590738058 3.268800183 -7.087490160 0.426252643 0.019061031 0.034615811 0.812146280 0.582114114
354.641711235 3.266428810 -7.078635037 0.424172917 0.025641206 0.035480965 0.812520884 0.581286025
354.792387009 3.264133497 -7.069781484 0.422535206 0.032099819 0.036095426 0.813215284 0.579954846
354.840738773 3.261821710 -7.059995003 0.420259664 0.039277511 0.036770759 0.814135132 0.578177459
354.994106770 3.259786917 -7.050013505 0.417683068 0.046343360 0.037444068 0.814982306 0.576414847
355.047812462 3.258778275 -7.040735259 0.417088013 0.050839093 0.036250577 0.815516776 0.575355256
355.200252056 3.258358608 -7.031895798 0.417180779 0.053524687 0.033813910 0.815661326 0.575055066
355.253453255 3.258717847 -7.023391959 0.416613997 0.054483553 0.029697997 0.815726120 0.575100398
355.405256748 3.258191652 -7.015415296 0.416750227 0.056054033 0.027453187 0.815192791 0.575816796
355.458752394 3.257073782 -7.007385728 0.417648221 0.057973214 0.026322733 0.814490876 0.576672205
355.612110615 3.255924243 -6.999451534 0.418178743 0.059602598 0.025346470 0.813801688 0.577522207
355.665413141 3.254965740 -6.992037931 0.418763392 0.060837223 0.024652047 0.812699879 0.578973242
355.814761877 3.255911508 -6.985467612 0.421147061 0.058877102 0.021130531 0.810215182 0.582784992
355.866921425 3.254446459 -6.980391991 0.424264296 0.057578761 0.019310020 0.807038489 0.587367591
356.019023418 3.252934473 -6.975859349 0.425539547 0.056088724 0.017476767 0.803997640 0.591723257
356.075897217 3.251351937 -6.972046656 0.424874146 0.055336466 0.016945697 0.800915241 0.595974409
356.223017693 3.249538975 -6.968668397 0.423112903 0.056003471 0.018902965 0.797401322 0.600547601
356.275246382 3.249534898 -6.965280740 0.422366401 0.055021425 0.019515460 0.793652499 0.605563787
356.422380686 3.249361556 -6.962514947 0.421157749 0.055483370 0.022518817 0.789616061 0.610672560
356.477412939 3.250182263 -6.958952174 0.420254310 0.054985143 0.024820803 0.786207630 0.615010670
356.628732681 3.252507332 -6.955169990 0.420879476 0.052014735 0.024640794 0.782913863 0.619462009
356.678327799 3.254718221 -6.951471551 0.420793285 0.048885780 0.024614830 0.779530420 0.623968441
356.827379227 3.255950143 -6.948638856 0.418398318 0.047638094 0.027112849 0.775819566 0.628569412
356.877621651 3.256414497 -6.946714864 0.415556973 0.046752550 0.030374505 0.771734372 0.633496368
357.025946617 3.257049319 -6.944503558 0.412754505 0.045480181 0.033882491 0.767262038 0.638821176
357.080415249 3.258788736 -6.940880790 0.411053727 0.041785179 0.035029515 0.763932504 0.642988384
357.232164383 3.261217559 -6.936745108 0.410661808 0.036524860 0.034215672 0.761955816 0.645692308
357.278579235 3.260175348 -6.932669981 0.414031877 0.028697723 0.031682522 0.759908758 0.648622647
357.427262783 3.258630999 -6.929166309 0.416200667 0.019044543 0.026936382 0.757970802 0.651453758
357.473922253 3.256940466 -6.926259014 0.415416936 0.010550105 0.023262163 0.755942324 0.654139718
357.631404161 3.254331748 -6.923582493 0.413143719 0.004527916 0.023200248 0.753403935 0.657132983
357.683089972 3.251223778 -6.921296752 0.409570158 0.001230599 0.026648178 0.750594516 0.660224381
357.844164133 3.248188931 -6.919627583 0.404253714 -0.000409206 0.031685794 0.747691164 0.663290107
357.894581556 3.244752106 -6.918082663 0.397429834 -0.000101924 0.039772498 0.744160308 0.666815997
358.057063818 3.242564360 -6.915718324 0.393248204 0.000991529 0.048549843 0.740292095 0.670529301
358.114192724 3.244034665 -6.911104953 0.394782399 -0.002607021 0.049634100 0.737436353 0.673585395
358.291865110 3.246274635 -6.905632528 0.399011541 -0.007408391 0.047801810 0.735014654 0.676323562
358.347070456 3.248488038 -6.900538934 0.402488922 -0.011898243 0.045577866 0.732860812 0.678745991
358.527986288 3.250383272 -6.895397719 0.405543896 -0.015734183 0.043459428 0.730963748 0.680849259
358.588432312 3.252192033 -6.890350147 0.407545405 -0.019261029 0.041237867 0.729328352 0.682648231
358.763549805 3.254090483 -6.885360941 0.408376807 -0.022879892 0.038222224 0.728284971 0.683824958
358.831574678 3.255283278 -6.880506682 0.407459215 -0.024725043 0.036725612 0.727146723 0.685052951
359.011971474 3.255815443 -6.875693640 0.405740616 -0.024502724 0.036690335 0.725797690 0.686491915
359.074594021 3.256034416 -6.870382157 0.404087624 -0.022615962 0.037349021 0.724456440 0.687936360
359.255463362 3.255752733 -6.864244128 0.404101914 -0.020004949 0.037391573 0.722966769 0.689580106
359.314312220 3.255429259 -6.857901751 0.405381313 -0.018405926 0.035475956 0.721080585 0.691697526
359.492441893 3.253502621 -6.851775574 0.406174538 -0.017346710 0.032792582 0.718573595 0.694460746
359.552934408 3.252030783 -6.845532600 0.405631479 -0.016723837 0.029485528 0.716516444 0.696746081
359.727665424 3.251135452 -6.838694104 0.405084021 -0.015005510 0.026979675 0.715081762 0.698358795
359.787446976 3.250795261 -6.831559980 0.404722243 -0.012659107 0.024842609 0.714312599 0.699271122
359.957805395 3.250653209 -6.824613591 0.406716225 -0.012972295 0.020401158 0.711627278 0.702141104
360.006856441 3.249324135 -6.820086396 0.407238402 -0.012362565 0.017864971 0.706693131 0.707186559
360.171415567 3.248084706 -6.816405466 0.405358119 -0.010599649 0.016599179 0.702040877 0.711864258
360.229325056 3.247043489 -6.813104154 0.403608831 -0.009616529 0.015193697 0.697970298 0.715900926
360.401820898 3.245979097 -6.810843502 0.401963934 -0.007539552 0.015402780 0.695444448 0.718375201
360.460722446 3.244531350 -6.809327362 0.399706359 -0.003755336 0.017665146 0.693073282 0.720640871
360.637643576 3.244018322 -6.807830939 0.397793805 -0.000860072 0.019062950 0.691248739 0.722364898
360.693225145 3.244330762 -6.804603643 0.401101118 -0.005370530 0.013826244 0.690716065 0.722973935
360.857451916 3.243430962 -6.801142624 0.404162083 -0.009562812 0.008832043 0.690660253 0.723062212
360.922076464 3.242010367 -6.798489894 0.405090882 -0.011788089 0.006007058 0.690754736 0.722968084
361.107112169 3.240344153 -6.796353124 0.404441947 -0.011581697 0.005626740 0.690763815 0.722965806
361.177361488 3.238759046 -6.794652636 0.402313433 -0.009136542 0.007517850 0.690689106 0.723055021
361.343550682 3.237434459 -6.793308017 0.398951832 -0.004862218 0.011328832 0.690505305 0.723222262
361.433711767 3.237079592 -6.791013741 0.398196841 -0.004226081 0.011958292 0.690431726 0.723286369
361.621473789 3.237217110 -6.787895672 0.397952380 -0.004761678 0.010800742 0.691269216 0.722500894
361.669156551 3.236583626 -6.782720166 0.402560284 -0.010264188 0.005079623 0.693372925 0.720487911
361.827653170 3.234651654 -6.778003620 0.406151254 -0.014974362 0.000146279 0.695123248 0.718734595
361.889736414 3.231980043 -6.773634259 0.407962740 -0.017643087 -0.002739587 0.696929199 0.716917644
362.074564219 3.229128733 -6.770022004 0.407778727 -0.017511994 -0.003006848 0.698052297 0.715826292
362.133862495 3.225896559 -6.766632603 0.406170434 -0.014196533 -0.000995333 0.698374969 0.715590575
362.297442198 3.222264084 -6.763396979 0.402771376 -0.008307717 0.003290471 0.698144223 0.715901389
362.347167730 3.218442780 -6.760492077 0.399037412 0.000664526 0.010420664 0.697209498 0.716791381
362.506993771 3.215169741 -6.757334130 0.395272018 0.012055664 0.019566231 0.695626855 0.718035586
362.562248945 3.216647809 -6.751775537 0.395166527 0.018884259 0.022516603 0.695220982 0.718195080
362.728782892 3.219305929 -6.745336033 0.395850761 0.024380003 0.023502888 0.695723104 0.717511388
362.789039850 3.222216765 -6.739118733 0.396155860 0.029542958 0.024561383 0.696156763 0.716861014
362.953187704 3.225858674 -6.732669162 0.397378560 0.033608778 0.024589683 0.696329320 0.716513277
363.008010864 3.230452986 -6.726666729 0.399730930 0.034903929 0.022186485 0.696176792 0.716677996
363.167237759 3.235116131 -6.721011297 0.401562121 0.035550833 0.019457154 0.695325640 0.717551261
363.227636814 3.238762694 -6.715026928 0.402390361 0.037591246 0.018110707 0.693532899 0.719215557
363.390239000 3.240082593 -6.708303009 0.402377619 0.040444768 0.017755523 0.690953911 0.721548096
363.449018002 3.241698679 -6.701043550 0.402352687 0.041743053 0.015798600 0.688538116 0.723825383
363.604536295 3.243372508 -6.693423280 0.402154842 0.042362429 0.013140920 0.686328220 0.725938231
363.658347607 3.244130074 -6.685512139 0.402109923 0.042730064 0.010222937 0.684726126 0.727474925
363.812527895 3.244040676 -6.677283957 0.402084640 0.043136675 0.007640667 0.684053735 0.728114918
363.866187572 3.245031858 -6.669598792 0.402972700 0.041728541 0.004133183 0.684959633 0.727373321
364.020975351 3.244856246 -6.662731376 0.403062688 0.041448769 0.002223681 0.685845695 0.726562274
364.075744867 3.243817862 -6.654644553 0.403422009 0.040691456 0.000054242 0.687183392 0.725343496
364.226100922 3.242468446 -6.645788805 0.403616744 0.040026167 -0.001959818 0.688619893 0.724014301
364.278558254 3.242182300 -6.637032727 0.404003349 0.038119894 -0.004684637 0.690402504 0.722405226
364.430251598 3.239296952 -6.627887367 0.403410035 0.040097612 -0.003623817 0.692449055 0.720342527
364.479429722 3.237885512 -6.617608239 0.402662716 0.039753980 -0.004592511 0.696248368 0.716684547
364.627318382 3.237487004 -6.607675850 0.402677798 0.038835150 -0.005764983 0.701115707 0.711965843
364.676477671 3.236848110 -6.597323248 0.402006174 0.038442047 -0.006071358 0.706829247 0.706312794
364.825156450 3.235404784 -6.587959483 0.400763482 0.039494923 -0.004218883 0.712754033 0.700288540
364.875079632 3.234010034 -6.579249684 0.399538962 0.039900437 -0.002113527 0.718903320 0.693960737
365.028841496 3.232809753 -6.570685225 0.397953748 0.038935103 -0.000383259 0.724609901 0.688058429
365.083361149 3.231875590 -6.562957148 0.395795389 0.037844552 0.000914376 0.728735970 0.683747643
365.242328167 3.231574407 -6.555309037 0.394020437 0.036174290 0.001562335 0.731711380 0.680652213
365.299008369 3.231556960 -6.547265582 0.393948607 0.035214306 0.002531386 0.733553603 0.678713973
365.460718393 3.231913713 -6.538950473 0.395079373 0.034685614 0.003200592 0.735003593 0.677167913
365.520606518 3.232692856 -6.530872348 0.395899918 0.033919049 0.003066948 0.736370215 0.675721095
365.679632902 3.233562469 -6.523087380 0.396728367 0.033260367 0.002624111 0.737702204 0.674301357
365.737971544 3.234200351 -6.515435423 0.397746311 0.033291490 0.002323440 0.738958289 0.672924160
365.898522139 3.234877781 -6.507947477 0.398212683 0.033857327 0.001827193 0.740282206 0.671440689
365.963008881 3.235582793 -6.500666865 0.398096155 0.034948439 0.001267818 0.741633261 0.669893354
366.130427122 3.236475762 -6.493554496 0.397444603 0.036209769 0.000249129 0.742994499 0.668317263
366.197986603 3.237124499 -6.486679893 0.397026888 0.038039212 -0.000493607 0.744233288 0.666835503
366.363183022 3.238060022 -6.479922808 0.397896427 0.039022512 -0.002242813 0.745356759 0.665518982
366.424762726 3.240051697 -6.473351250 0.399546463 0.037128821 -0.007054175 0.746651063 0.664141461
366.583557367 3.241908170 -6.467596056 0.400639853 0.034788902 -0.012045205 0.748100127 0.662563843
366.656453371 3.242081471 -6.462832044 0.401195506 0.034933054 -0.013771181 0.749472128 0.660970170
366.830045938 3.241652618 -6.459067803 0.400634316 0.035868355 -0.014062150 0.750679053 0.659542779
366.909656525 3.241270144 -6.455581473 0.399829314 0.036582559 -0.014084354 0.751982688 0.658016249
367.087787867 3.241392595 -6.451737975 0.400836013 0.035753721 -0.015526538 0.753389797 0.656417864
367.167644501 3.241003376 -6.447842650 0.402544604 0.036530504 -0.015674042 0.754450509 0.655152102
367.342073202 3.240741753 -6.444011216 0.404537651 0.037584145 -0.015444149 0.755528126 0.653854848
367.419114828 3.240512818 -6.440554323 0.405614739 0.039268118 -0.014513772 0.756478405 0.652677400
367.600060940 3.240566925 -6.437378368 0.405919932 0.041176207 -0.013425047 0.757308438 0.651619688
367.681062698 3.240885971 -6.434534824 0.405404762 0.043348838 -0.012112485 0.757975160 0.650728686
367.855628252 3.242124131 -6.431618439 0.404854569 0.043928788 -0.012754208 0.758906550 0.649590979
367.932583570 3.243885380 -6.428529952 0.404472368 0.042797169 -0.015395372 0.760071245 0.648246163
368.108264446 3.244737979 -6.425269793 0.404386571 0.042942804 -0.016919750 0.760912296 0.647211028
368.187707186 3.245193045 -6.421154571 0.405875641 0.043400187 -0.018313495 0.761592120 0.646342387
368.351478577 3.246166986 -6.417093540 0.407985736 0.042409813 -0.021337122 0.762632646 0.645087267
368.415930510 3.247140120 -6.413136553 0.410432863 0.040505513 -0.025306964 0.764329493 0.643054653
368.572885513 3.247310818 -6.409515395 0.412895664 0.039087489 -0.028492851 0.766405218 0.640533659
368.650110722 3.246525473 -6.406879704 0.413250187 0.039963059 -0.028930511 0.767841749 0.638737057
368.809323072 3.245445633 -6.404710479 0.411559825 0.042814984 -0.027170217 0.768755716 0.637529062
368.888010263 3.245439111 -6.401651798 0.410993964 0.044242842 -0.026961877 0.770041798 0.635886198
369.043159485 3.245746404 -6.397770155 0.412713114 0.043430754 -0.029045263 0.771997248 0.633474854
369.105586052 3.245926743 -6.394018221 0.414593457 0.042300995 -0.031347158 0.774007530 0.630983617
369.268741369 3.245479952 -6.390789989 0.415262064 0.042550645 -0.031998025 0.775648239 0.628916034
369.341347456 3.244579719 -6.388263255 0.413855208 0.044530371 -0.030532746 0.776674097 0.627584372
369.505082369 3.244248400 -6.385118242 0.412450607 0.046106144 -0.029622665 0.777856723 0.626047634
369.582309246 3.244377666 -6.381092527 0.412863963 0.046300656 -0.030309419 0.779679042 0.623729252
369.734086990 3.244773090 -6.376723956 0.414015886 0.045616115 -0.032051277 0.781996269 0.620784762
369.795013428 3.245089079 -6.372681790 0.415133331 0.045051327 -0.033592384 0.784250936 0.617893518
369.956900120 3.245151649 -6.368929930 0.415116359 0.045405776 -0.033983611 0.786312233 0.615220694
370.032537460 3.244788932 -6.365381509 0.415019658 0.046999732 -0.032764163 0.787984785 0.613023257
370.198990345 3.244399176 -6.361233173 0.416121152 0.048354520 -0.032384718 0.789817749 0.610574315
370.272907734 3.244027947 -6.357086871 0.417418353 0.049234030 -0.032459956 0.791862905 0.607844965
370.438133955 3.243629197 -6.353038779 0.418056254 0.049715776 -0.032855448 0.794072639 0.604894623
370.509132624 3.243239394 -6.348996998 0.418622610 0.049475046 -0.033976864 0.796190361 0.602062041
370.656740665 3.243178198 -6.345332088 0.418362476 0.048229197 -0.036073293 0.798169452 0.599414871
370.725347042 3.242667581 -6.341847529 0.418109034 0.047332890 -0.037461094 0.799892367 0.597100046
370.889529467 3.241149066 -6.338246919 0.418741472 0.048417313 -0.036289935 0.801004916 0.595592083
370.961943626 3.239976246 -6.334474658 0.419714065 0.048950432 -0.035515338 0.801992769 0.594264348
371.124784946 3.238552860 -6.330785289 0.421177036 0.050152971 -0.033385691 0.802671434 0.593370580
371.193513870 3.237390171 -6.327238098 0.422004330 0.051138180 -0.031173378 0.803499949 0.592284509
371.351283789 3.236449009 -6.323725508 0.422221896 0.051889322 -0.028928330 0.804314316 0.591226802
371.420265436 3.236097980 -6.320028281 0.422039914 0.051298103 -0.028136298 0.805335421 0.589925176
371.571710587 3.236464177 -6.316075426 0.421015637 0.048534197 -0.029945828 0.806738801 0.588149799
371.631177664 3.236568364 -6.312311849 0.419301940 0.045188824 -0.032385774 0.808172270 0.586316224
371.793143272 3.234574525 -6.308287876 0.419427259 0.045094738 -0.030630530 0.808732563 0.585644838
371.850089550 3.232463413 -6.303330100 0.420732608 0.045694037 -0.028105457 0.809110459 0.585202873
372.000551701 3.230536720 -6.297911246 0.421800289 0.046464063 -0.025630508 0.809436421 0.584804966
372.060224533 3.228757027 -6.292304403 0.422213623 0.047309599 -0.023303393 0.809838855 0.584277146
372.208664417 3.227010793 -6.286543098 0.421837273 0.048375375 -0.021014525 0.810315073 0.583616051
372.266195059 3.225308120 -6.280622199 0.420677865 0.049617555 -0.018893872 0.810873441 0.582808187
372.418372631 3.223643687 -6.274853570 0.418548039 0.051269399 -0.016470469 0.811400078 0.582005228
372.477436304 3.222349784 -6.268594740 0.417083080 0.051932131 -0.015754831 0.812144951 0.580926344
372.627900362 3.220860183 -6.262099837 0.416848503 0.052079001 -0.016042514 0.812803094 0.579984091
372.685838223 3.219475160 -6.255534641 0.417661290 0.051793505 -0.017214091 0.813201883 0.579416781
372.832841873 3.218220879 -6.249060190 0.418847366 0.050857452 -0.019561086 0.813524855 0.578971669
372.892112732 3.216687812 -6.242862723 0.420419643 0.049982016 -0.022170631 0.813753941 0.578631822
373.040684223 3.214827524 -6.236911735 0.422322496 0.049623845 -0.024246641 0.813813683 0.578495345
373.099828243 3.213127596 -6.231285266 0.424046115 0.049075410 -0.026496420 0.813846129 0.578397806
373.250161886 3.211437059 -6.225959116 0.425849482 0.048501118 -0.028653509 0.813801881 0.578405668
373.307054281 3.209852421 -6.220720807 0.427211524 0.047823690 -0.031212561 0.813729158 0.578431957
373.457374811 3.208389557 -6.215687503 0.428362908 0.047030708 -0.034165063 0.813588154 0.578528458
373.516193390 3.206749762 -6.210942904 0.429381876 0.046821745 -0.036397632 0.813391942 0.578685135
373.673975945 3.204927678 -6.206497769 0.430494542 0.047219249 -0.037529642 0.813327503 0.578671100
373.742614031 3.203066271 -6.202110851 0.431326021 0.047925562 -0.038048654 0.813389442 0.578492054
373.895714760 3.201160471 -6.197561471 0.432174299 0.048963128 -0.037974501 0.813548175 0.578186748
373.962676764 3.199260978 -6.192890403 0.432470439 0.050100312 -0.037408631 0.813978799 0.577519756
374.111196280 3.197460826 -6.188205029 0.432795648 0.051211736 -0.036415663 0.814702029 0.576464970
374.168578386 3.195804925 -6.183346323 0.433107438 0.051918405 -0.035623663 0.815846994 0.574829642
374.313890457 3.194412052 -6.178424464 0.433425315 0.051731908 -0.035667540 0.817219287 0.572891153
374.371723890 3.192494734 -6.173494481 0.433567915 0.052084971 -0.034558707 0.818397031 0.571243513
374.517643452 3.190421156 -6.168061574 0.433684298 0.052199470 -0.033504494 0.819670803 0.569466802
374.575880766 3.188191887 -6.162143266 0.433292827 0.051568526 -0.033314270 0.821164312 0.567379960
374.725391150 3.185629686 -6.156028355 0.431931799 0.050423310 -0.033679410 0.822794596 0.565094895
374.782855988 3.182411895 -6.149790643 0.430516179 0.049747974 -0.033084475 0.824282396 0.563017840
374.932218552 3.178794223 -6.143530256 0.429512237 0.050014485 -0.030794350 0.825454978 0.561403900
374.992205143 3.175753428 -6.137292345 0.428858703 0.049993467 -0.028665563 0.826302576 0.560270462
375.141372681 3.172989570 -6.131333628 0.428731860 0.050158190 -0.026056448 0.826637047 0.559889641
375.200397968 3.170189401 -6.125870319 0.428500938 0.051114108 -0.022039537 0.826210408 0.560605003
375.349049807 3.168445328 -6.120834668 0.427487581 0.051101298 -0.019151091 0.825311395 0.562034692
375.421383858 3.167839286 -6.116286551 0.426452708 0.049838665 -0.018010155 0.824016042 0.564082710
375.574739695 3.167132004 -6.111541667 0.425756190 0.049284035 -0.016168955 0.822093905 0.566984355
375.635727406 3.166717400 -6.106924553 0.425593900 0.049084104 -0.014136577 0.819864016 0.570275287
375.787037611 3.166669630 -6.102192752 0.425747986 0.048876333 -0.012061267 0.817317537 0.573984036
375.849262953 3.167115515 -6.097499753 0.425601945 0.048093771 -0.010583588 0.814770057 0.577689129
376.000915527 3.167680482 -6.092800822 0.425314440 0.047074774 -0.009388246 0.812288004 0.581277925
376.063039064 3.168014661 -6.088036605 0.425024026 0.046315605 -0.008167255 0.809869865 0.584721269
376.213842154 3.167727016 -6.083312486 0.425488876 0.046880383 -0.005657065 0.807331326 0.588206050
376.275577307 3.167660585 -6.078749142 0.426034482 0.047391297 -0.003834106 0.804938789 0.591449838
376.439163923 3.167856723 -6.074252202 0.426317932 0.047574520 -0.003148848 0.802783573 0.594361241
376.514138460 3.168378324 -6.070139166 0.426017531 0.047056323 -0.003626477 0.800955931 0.596860241
376.677585840 3.169144097 -6.065958727 0.425902063 0.045559937 -0.005538930 0.799460930 0.598962298
376.755292892 3.169197088 -6.061529505 0.427030840 0.044918111 -0.006961643 0.797897018 0.601077572
376.922330856 3.169278955 -6.056963246 0.428595684 0.043953232 -0.008912083 0.796470531 0.603011925
376.997412443 3.169146327 -6.052639937 0.429793622 0.043424460 -0.010354797 0.794973031 0.604999978
377.164469004 3.168774706 -6.048573807 0.430722300 0.043495436 -0.010963053 0.793424454 0.607013669
377.237151384 3.168518607 -6.044392533 0.431332072 0.043527254 -0.011796419 0.792046681 0.608792476
377.398619175 3.168345094 -6.039943522 0.431519730 0.043493404 -0.012891988 0.791005633 0.610124748
377.471902132 3.168125312 -6.035406541 0.431773190 0.043471305 -0.013819536 0.790266847 0.611062661
377.641207933 3.167633095 -6.030679409 0.432304750 0.043685449 -0.014351532 0.789910465 0.611495766
377.712979794 3.166737695 -6.025923098 0.432717728 0.044749856 -0.013763977 0.789764611 0.611620685
377.874704123 3.165732489 -6.021359660 0.432894784 0.046250332 -0.012226042 0.790003483 0.611233120
377.942591429 3.164911076 -6.016837538 0.433505161 0.047429027 -0.010553990 0.790806373 0.610134723
378.087200642 3.163968797 -6.011789693 0.434957804 0.048153787 -0.008945943 0.792186709 0.608310283
378.153324842 3.162984132 -6.006967668 0.435956911 0.048822623 -0.006944156 0.793703085 0.606303178
378.311974525 3.162243310 -6.002475437 0.436389823 0.048873281 -0.005378375 0.795367328 0.604130193
378.381430387 3.161689592 -5.998047460 0.435848702 0.048182460 -0.004409986 0.797224723 0.601740595
378.538478136 3.161077501 -5.993744497 0.434934890 0.046804899 -0.003876945 0.799307385 0.599084281
378.595395803 3.160553838 -5.989494336 0.433193874 0.044298404 -0.004485774 0.801588257 0.596216233
378.748386145 3.158756999 -5.985348377 0.432153208 0.043265773 -0.002530834 0.803405070 0.593853485
378.808177710 3.156653473 -5.981287030 0.431876023 0.043248458 0.001062458 0.804681437 0.592128556
378.971637726 3.155173273 -5.976964594 0.431232894 0.042313026 0.003885466 0.805821815 0.590631623
379.047616720 3.154082471 -5.972848510 0.431037546 0.040762895 0.006170532 0.806680865 0.589547532
379.216019154 3.153187530 -5.968829923 0.430824304 0.039135948 0.008550832 0.807160699 0.588971024
379.291030884 3.152660732 -5.964756054 0.430516867 0.037270324 0.010011889 0.807427820 0.588702811
379.458027363 3.152072828 -5.960840551 0.429665489 0.035888227 0.011174383 0.807194851 0.589087125
379.532563686 3.151450592 -5.956993425 0.428980148 0.034576374 0.011371651 0.806513226 0.590094549
379.699778557 3.150526307 -5.952934728 0.428751998 0.034211959 0.011560184 0.805210058 0.591889065
379.771395683 3.149576928 -5.948782409 0.429057877 0.034433890 0.011772253 0.803306038 0.594453640
379.927597284 3.148986374 -5.944465526 0.429516854 0.034704776 0.011882308 0.800742224 0.597884839
379.989156961 3.149013904 -5.940366867 0.429849741 0.034347376 0.011490696 0.798077152 0.601465777
380.146942854 3.149452729 -5.936214268 0.430540748 0.033089253 0.010299952 0.795485292 0.604981125
380.209118128 3.149755087 -5.931843492 0.432664090 0.032179260 0.009265554 0.792882999 0.608453116
380.362699509 3.150258736 -5.927703572 0.434898505 0.031151334 0.008186274 0.790452365 0.611676089
380.424121141 3.150791685 -5.923797846 0.436503833 0.030328292 0.007587894 0.788108677 0.614741679
380.585267305 3.151137540 -5.920413749 0.436880257 0.030212687 0.008101917 0.785921569 0.617534484
380.642326593 3.151052125 -5.917826731 0.435563713 0.031608473 0.010918622 0.783577232 0.620393754
380.787251949 3.151058444 -5.915621613 0.433457914 0.033727568 0.014956692 0.781276420 0.623093816
380.858834743 3.152647946 -5.912280785 0.433215955 0.032951599 0.015678162 0.779931298 0.624800414
381.024126530 3.153787818 -5.908692339 0.433708220 0.031895230 0.015744031 0.778977274 0.626042512
381.095748425 3.154020981 -5.905233820 0.434128735 0.031573178 0.016719598 0.778003637 0.627243119
381.265754700 3.153836667 -5.901899092 0.434315627 0.030910030 0.017259644 0.777319173 0.628109527
381.337728024 3.153590494 -5.898782480 0.433764322 0.029102232 0.016502844 0.777141728 0.628435718
381.506516933 3.153258453 -5.895173482 0.433444932 0.026470814 0.014722953 0.777519742 0.628128635
381.580527067 3.152210464 -5.890740201 0.434074116 0.024793461 0.013625166 0.777655256 0.628054091
381.738621235 3.151026220 -5.885819990 0.434748388 0.023558675 0.012994518 0.777698554 0.628061375
381.800595760 3.149782868 -5.880195413 0.434981371 0.022365763 0.012349648 0.777857504 0.627921144
381.959815741 3.148419823 -5.874267830 0.434908233 0.021701125 0.012194982 0.778162022 0.627570085
382.020196199 3.146926999 -5.867828724 0.434731228 0.021576992 0.012669124 0.778431817 0.627230287
382.175420761 3.145380544 -5.861068877 0.433817430 0.022082954 0.013880976 0.778551633 0.627038290
382.236597300 3.144162713 -5.853995742 0.432809418 0.022442500 0.014696987 0.779037910 0.626402640
382.388852119 3.143058871 -5.846840675 0.432470786 0.022594197 0.015081417 0.779765593 0.625481953
382.445404053 3.141615098 -5.839017991 0.432320165 0.023309524 0.016380930 0.780339757 0.624706486
382.602692127 3.140472599 -5.832129797 0.431900027 0.024126312 0.018046950 0.780891258 0.623939959
382.662950039 3.139535467 -5.825203794 0.431632588 0.024980413 0.019788680 0.781664446 0.622884484
382.820473909 3.138791152 -5.818224004 0.432309692 0.025696798 0.021513402 0.782593902 0.621629820
382.881449699 3.138525374 -5.811526188 0.432607719 0.025801651 0.022654928 0.783529438 0.620405230
383.039942026 3.138487402 -5.805120802 0.432906371 0.025683545 0.023782435 0.784232732 0.619478630
383.100083828 3.138814815 -5.798812995 0.433257990 0.024912647 0.024234990 0.784848868 0.618711790
383.257124662 3.139504144 -5.792547234 0.433583179 0.023376830 0.023696429 0.785411674 0.618078073
383.317646027 3.140044192 -5.786587777 0.433833826 0.021898305 0.023564958 0.785735713 0.617725300
383.474763155 3.140531768 -5.780683774 0.434711289 0.020232912 0.023501939 0.785766924 0.617744793
383.535336494 3.140976140 -5.774849437 0.434877352 0.018573076 0.023433772 0.785555305 0.618068574
383.693293571 3.141516761 -5.768830835 0.434644956 0.016405866 0.022619191 0.785215847 0.618591378
383.754657984 3.141928894 -5.762657935 0.434086190 0.013958070 0.021464861 0.784739881 0.619296174
383.918410063 3.141719975 -5.756422722 0.433666179 0.012222762 0.021479521 0.783949586 0.620332395
383.979243279 3.141411661 -5.750050784 0.432946700 0.010671413 0.021935251 0.783085741 0.621435184
384.146041632 3.141195814 -5.743343211 0.431843668 0.008826935 0.022028085 0.782334685 0.622406049
384.207887411 3.140731927 -5.736355783 0.430751250 0.007205175 0.022318737 0.781653923 0.623271293
384.371071100 3.140107490 -5.729047840 0.430258046 0.005919245 0.022787155 0.781098403 0.623963936
384.425822258 3.139325540 -5.721855688 0.430409262 0.004928999 0.023321250 0.780735417 0.624406945
384.580686808 3.138273732 -5.713960324 0.430737838 0.004681381 0.024441856 0.780324162 0.624879895
384.634147644 3.137579236 -5.706286876 0.430995014 0.004311258 0.024698751 0.780112910 0.625136171
384.790777922 3.136923042 -5.698734988 0.431171661 0.004134381 0.024925894 0.780077775 0.625172194
384.846954346 3.136235829 -5.691254296 0.431799967 0.004305273 0.025260565 0.780152908 0.625063844
385.007303953 3.135715741 -5.683930868 0.432022239 0.004619566 0.025254062 0.780425374 0.624721640
385.069192886 3.135332262 -5.676678579 0.431806657 0.004841102 0.024719468 0.780767958 0.624313149
385.231118679 3.134966196 -5.669530548 0.431674396 0.005215743 0.024073271 0.781114140 0.623902215
385.292829037 3.134698223 -5.662501306 0.431747270 0.005548945 0.023086400 0.781593371 0.623336209
385.452701330 3.134311163 -5.655777778 0.431796828 0.006196790 0.022516497 0.782149477 0.622653036
385.513653278 3.133768293 -5.649297493 0.432279096 0.007389099 0.022865949 0.782640812 0.622009573
385.676233530 3.133596157 -5.642968018 0.432820193 0.008259063 0.022798822 0.783263106 0.621217279
385.735468626 3.133856034 -5.636958330 0.432759636 0.008417870 0.022024388 0.784025632 0.620280480
385.895335913 3.134440092 -5.631228262 0.432839496 0.007681036 0.020564408 0.784913404 0.619216484
385.955835342 3.134405181 -5.625772355 0.433334289 0.007840072 0.020728704 0.785554780 0.618395134
386.117156029 3.134568560 -5.620332232 0.433975376 0.007680538 0.020788997 0.786221639 0.617547052
386.176791191 3.135060970 -5.614901247 0.434891455 0.006572640 0.019928382 0.787122763 0.616439304
386.338328600 3.135373383 -5.609679507 0.435622407 0.005503863 0.019546767 0.787887967 0.615483698
386.398993969 3.135289042 -5.604565513 0.435961140 0.005128181 0.020362532 0.788412099 0.614788933
386.558555841 3.135362480 -5.599436419 0.435810933 0.004411101 0.021048400 0.788972808 0.614051638
386.617207766 3.135503434 -5.594088830 0.435732935 0.003209127 0.021484674 0.789515271 0.613346352
386.780078650 3.135611200 -5.588578176 0.435124435 0.001691117 0.021834284 0.789967012 0.612758129
386.840973139 3.135758202 -5.582943894 0.433746400 -0.000355396 0.021911028 0.790367266 0.612241264
387.002862453 3.135555429 -5.576958598 0.432534901 -0.002397221 0.022253281 0.790829831 0.611626703
387.063389301 3.134742706 -5.570399498 0.431775999 -0.003772687 0.023465976 0.791213202 0.611078378
387.230639458 3.133836803 -5.563367361 0.430617011 -0.005272291 0.024443336 0.791638253 0.610478175
387.285606861 3.132865851 -5.555851149 0.430099214 -0.006841830 0.024676639 0.792090010 0.609866928
387.442800760 3.131589969 -5.547702941 0.429328495 -0.007881330 0.024710307 0.792629170 0.609152103
387.499452591 3.130127217 -5.539683598 0.428359799 -0.008210265 0.025083077 0.793145486 0.608460080
387.660385132 3.128818894 -5.531557997 0.427744889 -0.008670174 0.024849612 0.793736657 0.607691899
387.714661121 3.127560698 -5.523449312 0.427137274 -0.009268188 0.024030226 0.794383597 0.606870126
387.876195431 3.126002706 -5.515514189 0.426702653 -0.008913214 0.023942775 0.794822138 0.606304434
387.930678844 3.124342883 -5.507638211 0.426786314 -0.007665884 0.024568669 0.795021402 0.606035135
388.095163822 3.122999965 -5.499737440 0.427135101 -0.006593927 0.024583199 0.795209173 0.605800757
388.151425600 3.121518860 -5.492093269 0.427486716 -0.004947200 0.025197348 0.795346225 0.605611262
388.314758539 3.120196280 -5.484818045 0.427610282 -0.002934439 0.026063636 0.795413776 0.605498968
388.377796412 3.119375297 -5.477428252 0.427257279 -0.001217520 0.026051750 0.795498343 0.605394261
388.544506073 3.119011171 -5.470275516 0.427408403 -0.000410082 0.024701641 0.795655180 0.605245813
388.608159065 3.118667931 -5.463469827 0.428046015 0.000224203 0.023189362 0.795709278 0.605234623
388.771318197 3.118025309 -5.456954412 0.428595958 0.001375923 0.022307065 0.795635054 0.605363827
388.833648205 3.117206243 -5.450310202 0.429330825 0.002550217 0.021480098 0.795535437 0.605520825
388.996158838 3.116454601 -5.443582344 0.430428535 0.003252398 0.020194536 0.795568662 0.605518048
389.058877707 3.115769667 -5.437062272 0.431134628 0.003750621 0.018703423 0.795612151 0.605505921
389.220729828 3.115018757 -5.430757484 0.431248934 0.004234334 0.017332782 0.795527191 0.605655127
389.281507730 3.114151744 -5.424552064 0.431313657 0.004580982 0.016073107 0.795381552 0.605878583
389.442672014 3.113044784 -5.418311657 0.431746007 0.005130390 0.015349173 0.795136023 0.606215132
389.504179716 3.112080397 -5.411958161 0.432357525 0.005020915 0.014227746 0.794897677 0.606555888
389.663291931 3.110838485 -5.405675190 0.432389921 0.005202199 0.013907665 0.794537765 0.607033157
389.724586487 3.109589382 -5.399244882 0.431860271 0.005233887 0.013776375 0.794086653 0.607625876
389.880702734 3.108039240 -5.392566922 0.431288498 0.005686158 0.014588315 0.793510161 0.608355549
389.942077875 3.106864760 -5.385747935 0.430606838 0.005420438 0.014746288 0.793016928 0.608996977
390.104721785 3.105877366 -5.378640216 0.430144893 0.004187621 0.013755019 0.792752163 0.609374492
390.165782452 3.104531337 -5.371501863 0.429199239 0.003211971 0.012992892 0.792517761 0.609701948
390.325634956 3.102665339 -5.364363664 0.428413934 0.003195683 0.013360186 0.792226809 0.610072108
390.381176710 3.100983603 -5.356934788 0.427827113 0.002960738 0.013416997 0.792063129 0.610284538
390.537319422 3.099650903 -5.349260821 0.427573662 0.001839367 0.012055180 0.792093043 0.610278543
390.590835810 3.098225520 -5.341859687 0.426563992 0.000998255 0.010679799 0.792104893 0.610290737
390.745599270 3.096164064 -5.334449623 0.425954011 0.001569746 0.010688350 0.791910127 0.610542091
390.799659729 3.094217978 -5.327056977 0.425574032 0.002462738 0.010903744 0.791784262 0.610698556
390.953225136 3.092359934 -5.319586471 0.426004047 0.003676908 0.011317225 0.791741609 0.610740227
391.007833719 3.090733758 -5.312513095 0.426428560 0.004927941 0.011953334 0.791602517 0.610899573
391.165771484 3.089347199 -5.305489732 0.426429176 0.006156058 0.012533442 0.791409110 0.611127349
391.225077391 3.088418300 -5.298672946 0.426608151 0.006973238 0.012264003 0.791254790 0.611323830
391.381896019 3.087442423 -5.292041338 0.427716683 0.008027006 0.012118911 0.791043996 0.611586540
391.441767931 3.086625733 -5.285642892 0.428742403 0.009155081 0.011932683 0.790903267 0.611756339
391.598138094 3.085985744 -5.279237506 0.429947524 0.010182737 0.011354757 0.790868523 0.611796012
391.657310963 3.085510302 -5.272933811 0.431101346 0.010966729 0.010427163 0.790706660 0.612008155
391.811686754 3.085094608 -5.266783013 0.431647381 0.011725838 0.009499507 0.790402861 0.612401487
391.870575428 3.084718122 -5.260823623 0.432222332 0.012410027 0.008627365 0.790094698 0.612798439
392.022649288 3.084096444 -5.254974681 0.432487658 0.013609841 0.008620513 0.789618516 0.613386548
392.080455303 3.083606775 -5.249076117 0.432498167 0.014568675 0.008652583 0.788958330 0.614213025
392.230890036 3.083301640 -5.243023808 0.432162709 0.015104741 0.008285791 0.788236758 0.615130885
392.289658308 3.083094717 -5.236865884 0.431603889 0.015295585 0.007651348 0.787418604 0.616181341
392.442007780 3.083054157 -5.230576817 0.431085305 0.014826824 0.006426686 0.786469717 0.617417401
392.499747276 3.082960772 -5.224278535 0.430227168 0.014253779 0.005187673 0.785292180 0.618939504
392.651501417 3.082925598 -5.217561059 0.429772805 0.012952895 0.003027025 0.784115408 0.620472470
392.708664894 3.082628832 -5.210619721 0.429485166 0.011339520 0.000781330 0.782598059 0.622423556
392.859583855 3.082133109 -5.203383487 0.429093858 0.009969200 -0.001153992 0.780938005 0.624527914
392.915105820 3.081529427 -5.195711485 0.428567765 0.008531489 -0.003105715 0.779357140 0.626514179
393.059072256 3.080846167 -5.188017496 0.428300747 0.007042141 -0.004991458 0.778128378 0.628045954
393.111125946 3.079863320 -5.180057183 0.428046694 0.005871359 -0.006347805 0.777035771 0.629397048
393.258282185 3.079111786 -5.172163764 0.426712865 0.004307367 -0.008184400 0.776198129 0.630421229
393.310570240 3.078724848 -5.164384701 0.424402919 0.001424973 -0.011619726 0.775785352 0.630888293
393.457203865 3.077307330 -5.156590421 0.423459195 -0.000330528 -0.013400404 0.775432708 0.631287918
393.510296822 3.075412232 -5.148736921 0.423411163 -0.000802030 -0.013315522 0.775172965 0.631608208
393.656469822 3.073577029 -5.140950636 0.423520239 -0.000336626 -0.012001987 0.774996794 0.631851097
393.707883596 3.072207400 -5.133162528 0.423109120 0.000290591 -0.010715763 0.774984453 0.631889378
393.854447603 3.071255373 -5.125500656 0.422230954 0.000803788 -0.009612747 0.775190281 0.631654160
393.908832550 3.070331441 -5.118033878 0.421905935 0.001890447 -0.007598678 0.775655240 0.631108260
394.058833361 3.069761620 -5.110426147 0.422316974 0.002803921 -0.005609743 0.776440439 0.630159435
394.118857145 3.069661718 -5.103191648 0.422153956 0.003270989 -0.004415379 0.777500019 0.628858907
394.273655891 3.069374299 -5.096080488 0.421821578 0.004576344 -0.002212725 0.778746867 0.627317685
394.333661318 3.069323789 -5.088935089 0.422118410 0.005945792 0.000182640 0.780148874 0.625565623
394.488443136 3.069836593 -5.081886538 0.422630731 0.006028611 0.001188453 0.781796427 0.623503481
394.547076941 3.070221129 -5.075147730 0.422619150 0.006037905 0.002294484 0.783454884 0.621415098
394.700833559 3.070309326 -5.068571971 0.422271816 0.006338925 0.003848653 0.785111013 0.619310667
394.759973049 3.070314575 -5.061910350 0.421814455 0.006371687 0.005023048 0.786730628 0.617243136
394.915416718 3.070416428 -5.055159389 0.421694566 0.005499958 0.005168362 0.788133090 0.615458586
394.974642038 3.069951812 -5.048463584 0.421506620 0.005015716 0.006070071 0.789086072 0.614232178
395.129092932 3.069265508 -5.041603095 0.420987316 0.004622514 0.007095566 0.789825248 0.613273481
395.187144279 3.068645321 -5.034563976 0.420279425 0.003744771 0.007555990 0.790439897 0.612481553
395.342681885 3.068356505 -5.027227399 0.419623958 0.001426845 0.006072922 0.791198288 0.611527884
395.402768373 3.067544612 -5.019950611 0.418876088 -0.000563688 0.004968251 0.791869404 0.610669998
395.559458733 3.066099340 -5.012743714 0.417788214 -0.001554324 0.005016257 0.792484756 0.609869111
395.617461681 3.064794402 -5.005544581 0.416974743 -0.002674372 0.004566353 0.793163116 0.608986262
395.769140244 3.063292289 -4.997981383 0.416610772 -0.003535835 0.004068287 0.793820210 0.608128622
395.822944403 3.061527360 -4.990662019 0.416209560 -0.003373852 0.004574984 0.794343205 0.607442639
395.975713253 3.059817457 -4.983564464 0.415579104 -0.002541743 0.005779527 0.794663756 0.607017011
396.036648273 3.058493784 -4.976270237 0.414662146 -0.001864923 0.006701394 0.794842642 0.606775731
396.198864222 3.057745368 -4.969065658 0.414822900 -0.002016981 0.006414085 0.794943952 0.606645617
396.260113955 3.056787221 -4.962284299 0.414976388 -0.001426443 0.007348163 0.794965675 0.606608231
396.417466640 3.056228611 -4.955756449 0.415068503 -0.001195435 0.008124821 0.794929588 0.606646115
396.477306366 3.056342363 -4.949309485 0.415572873 -0.002282750 0.007479389 0.795018676 0.606534544
396.632114172 3.056480268 -4.943071666 0.416187271 -0.003740536 0.006647159 0.795022653 0.606531784
396.692112923 3.056391664 -4.937023368 0.417554199 -0.005269984 0.006125804 0.794726826 0.606913481
396.851778030 3.056246284 -4.931121680 0.418729273 -0.007011030 0.005631673 0.794290634 0.607471414
396.910964966 3.056080885 -4.925543418 0.419016313 -0.008811301 0.005383133 0.793757570 0.608146614
397.067616940 3.055857637 -4.920125122 0.419042808 -0.010661822 0.005410516 0.793086783 0.608991302
397.125059366 3.055317179 -4.914432546 0.419640625 -0.012178141 0.006042784 0.792271789 0.610016876
397.282571554 3.054671588 -4.908537438 0.419884820 -0.013601475 0.006817953 0.791405160 0.611102600
397.340997458 3.054098343 -4.902415649 0.419628223 -0.015329874 0.007273423 0.790670686 0.612006502
397.499347925 3.053166084 -4.896305487 0.418460026 -0.016337957 0.008617100 0.789930597 0.612917995
397.557941437 3.052046059 -4.889659270 0.417068164 -0.016972657 0.010312795 0.789250169 0.613750557
397.713972330 3.050690277 -4.882203117 0.415744921 -0.016967396 0.012656024 0.788564065 0.614588193
397.767280102 3.049774059 -4.874233742 0.414953912 -0.018151623 0.013264785 0.788243513 0.614952623
397.921147108 3.048754484 -4.865907954 0.414096856 -0.020151236 0.012826810 0.787950085 0.615275601
397.971570253 3.047220362 -4.857698268 0.412527221 -0.021489783 0.012921478 0.787550270 0.615740040
398.127062559 3.045328379 -4.849261985 0.411105534 -0.022427045 0.013136494 0.787183484 0.616170937
398.180811405 3.043582518 -4.840606983 0.410692683 -0.023802085 0.012819324 0.786872654 0.616522953
398.334319115 3.041841436 -4.832284414 0.409701932 -0.025136101 0.012572684 0.786432756 0.617036161
398.386841536 3.040036468 -4.824068000 0.408281295 -0.026283568 0.012399378 0.785863215 0.617717117
398.546447039 3.038004131 -4.815676407 0.407457090 -0.026908331 0.012598101 0.785084588 0.618675536
398.600068569 3.036401432 -4.807099694 0.407356914 -0.028371044 0.011814242 0.784370007 0.619531435
398.758087158 3.034963885 -4.798663954 0.407212277 -0.030506038 0.010429027 0.783724066 0.620271880
398.810585737 3.033106699 -4.790370643 0.406484342 -0.032001523 0.009855374 0.783101523 0.620991771
398.969450474 3.031066310 -4.781627143 0.406191429 -0.033055760 0.009700018 0.782672546 0.621479615
399.020268440 3.029125764 -4.772713000 0.405648252 -0.034468739 0.009188869 0.782505642 0.621620777
399.178389788 3.027080571 -4.763843587 0.404544504 -0.035963702 0.008731723 0.782394062 0.621683120
399.231821299 3.024535472 -4.755043242 0.403699042 -0.036419125 0.009660642 0.782234900 0.621843132
399.392107964 3.022307458 -4.746386998 0.403101647 -0.036834502 0.011020723 0.782252172 0.621774318
399.444971323 3.020522465 -4.737773821 0.402798481 -0.038148145 0.011669355 0.782363916 0.621542635
399.603413105 3.018549449 -4.729335843 0.402530782 -0.039100554 0.012993603 0.782274266 0.621570017
399.656530142 3.016788853 -4.720723881 0.402751470 -0.040430769 0.014062876 0.782088718 0.621695122
399.818211794 3.015158393 -4.711964815 0.402855954 -0.042155713 0.014601315 0.781865702 0.621848632
399.870128870 3.013422648 -4.703211686 0.402280760 -0.043792710 0.015187996 0.781579045 0.622081763
400.033082485 3.011419835 -4.694708036 0.401107073 -0.044908302 0.016613940 0.781344737 0.622260093
400.085367441 3.009315324 -4.686229857 0.400158201 -0.045591016 0.018844467 0.781131987 0.622413981
400.246024132 3.007475079 -4.677654761 0.398945773 -0.046454218 0.020891311 0.780866271 0.622618202
400.298305511 3.005899539 -4.668721089 0.397936638 -0.047826296 0.022241677 0.780664209 0.622720922
400.461738348 3.004323699 -4.659541086 0.396575994 -0.049576647 0.023106880 0.780593308 0.622641402
400.516293764 3.002505639 -4.650196171 0.394568540 -0.051295756 0.023984661 0.780600651 0.622459721
400.683905363 3.000405760 -4.640878456 0.392490499 -0.052498865 0.025516911 0.780434183 0.622507223
400.738132954 2.998353173 -4.631375617 0.391582995 -0.053229325 0.027571700 0.780052903 0.622835378
400.904698133 2.996492028 -4.621667446 0.391081578 -0.053731853 0.029705900 0.779516978 0.623364843
400.953749895 2.994828650 -4.612244098 0.390048446 -0.053838870 0.031651357 0.778941629 0.623978770
401.120335579 2.993307434 -4.602615555 0.388349969 -0.053665413 0.033431602 0.778429333 0.624539930
401.169466496 2.991780583 -4.592754210 0.386450069 -0.053235614 0.034982699 0.778036374 0.624981265
401.334568501 2.990317834 -4.582890971 0.384428777 -0.052624107 0.036286396 0.777747289 0.625318443
401.383744001 2.988946834 -4.572898285 0.382939299 -0.052214158 0.036904368 0.777516043 0.625604149
401.552353859 2.987336700 -4.562793758 0.381705658 -0.051557264 0.038044161 0.777290364 0.625870738
401.607860327 2.986028545 -4.553105890 0.380241581 -0.051327931 0.038978655 0.777082174 0.626090571
401.777806997 2.984715262 -4.543594231 0.379722234 -0.051588031 0.039608682 0.776784195 0.626399346
401.832323313 2.983165312 -4.533941197 0.378999390 -0.051413821 0.040650898 0.776297549 0.626949950
401.997454643 2.981658963 -4.523836168 0.377790356 -0.050927220 0.041864132 0.775675608 0.627679189
402.048993826 2.980230002 -4.513994263 0.376126716 -0.050106616 0.043359001 0.775179084 0.628256884
402.213447809 2.978923403 -4.504829142 0.375077490 -0.049143300 0.044863406 0.774876192 0.628600905
402.262855768 2.977512121 -4.494618996 0.374291494 -0.048388357 0.046234204 0.774400267 0.629146399
402.432769060 2.976549172 -4.484435368 0.372763720 -0.048119690 0.046926848 0.773494164 0.630229438
402.481351137 2.975798149 -4.474185913 0.371095738 -0.047980617 0.047738386 0.771888550 0.632144741
402.647219419 2.975138187 -4.463866915 0.370249850 -0.047530387 0.048935350 0.769701909 0.634748112
402.696764946 2.974895210 -4.453641024 0.369462174 -0.047385385 0.049921305 0.767105346 0.637818059
402.863727570 2.974922736 -4.443598255 0.368108026 -0.047348832 0.050887834 0.764166011 0.641263460
402.913390398 2.975381075 -4.433532779 0.366968427 -0.047868511 0.050997288 0.760868031 0.645126128
403.082616091 2.976077001 -4.423539020 0.365050545 -0.048454955 0.050996551 0.757180015 0.649407341
403.139701128 2.977216414 -4.413561291 0.361992566 -0.049581109 0.050170235 0.753225904 0.653968959
403.311855316 2.978259481 -4.404377927 0.360611519 -0.050798004 0.049124713 0.749256840 0.658498682
403.369492292 2.979006928 -4.395311501 0.358739382 -0.051314879 0.048826602 0.744990476 0.663303805
403.546236992 2.979962716 -4.386291929 0.357081853 -0.052078093 0.048389403 0.741361716 0.667329861
403.603280783 2.981073651 -4.377222886 0.355174494 -0.053008478 0.047615763 0.738582125 0.670387414
403.779024601 2.981769326 -4.368131362 0.353038782 -0.053296361 0.047625559 0.736478690 0.672674099
403.837819338 2.981978962 -4.358818273 0.351084752 -0.052836356 0.047920608 0.735367440 0.673904046
404.016860008 2.981956717 -4.349117336 0.350108448 -0.052272011 0.048133021 0.735089450 0.674236123
404.075826883 2.981980013 -4.339590825 0.349062459 -0.051913667 0.048208257 0.734921739 0.674441230
404.255697966 2.981910667 -4.330166259 0.348165345 -0.051386233 0.048425398 0.734727221 0.674677958
404.309836864 2.982376072 -4.319479846 0.348566336 -0.052037888 0.046037091 0.735869319 0.673549545
404.477777243 2.981922961 -4.309791700 0.347395858 -0.050949738 0.045762925 0.736803801 0.672629198
404.531174898 2.981501133 -4.298828974 0.346437825 -0.049810384 0.045018778 0.738073289 0.671371772
404.705299377 2.980827854 -4.288263123 0.344767659 -0.048045153 0.044938956 0.738979546 0.670508302
404.760672808 2.980556887 -4.278015304 0.343328680 -0.047272893 0.043977005 0.739229650 0.670351267
404.934024334 2.980044905 -4.269136489 0.343305976 -0.047690086 0.041429703 0.739544075 0.670137148
404.989430189 2.979019633 -4.260374295 0.343952917 -0.047967288 0.038370017 0.739862634 0.669947882
405.164717436 2.977698496 -4.251438770 0.344401424 -0.047560237 0.035623177 0.739910295 0.670075943
405.221411467 2.976341919 -4.241951611 0.344209456 -0.046804014 0.033086472 0.740109977 0.670038724
405.399595499 2.975187745 -4.232492386 0.343317984 -0.046124398 0.030787633 0.740203811 0.670091770
405.455625057 2.974366925 -4.223303649 0.342270991 -0.046246837 0.028160009 0.740094548 0.670319554
405.626882315 2.973526701 -4.214246676 0.340808426 -0.046367661 0.025918218 0.740035830 0.670466447
405.683004141 2.972519425 -4.204856930 0.338930509 -0.046066720 0.024220525 0.740327017 0.670229164
405.850262403 2.971481284 -4.195560756 0.337024609 -0.045314008 0.023176681 0.740446737 0.670185132
405.904426336 2.970578161 -4.186387902 0.335786345 -0.044273999 0.022982180 0.740443884 0.670264490
406.074081898 2.970004840 -4.177646295 0.335051564 -0.043265557 0.023296081 0.740047244 0.670757378
406.129384995 2.969721585 -4.169174970 0.334658586 -0.042299220 0.024172252 0.738983938 0.671959238
406.296888828 2.969485363 -4.160897339 0.334834548 -0.040845191 0.026297213 0.737249027 0.673872391
406.351027250 2.969893994 -4.152845999 0.334836596 -0.039959078 0.028348308 0.735095929 0.676190521
406.519769669 2.971199191 -4.145237204 0.334102075 -0.040278159 0.029667982 0.732477430 0.678950878
406.578603745 2.973098211 -4.138087380 0.332976106 -0.041319025 0.030596556 0.729185135 0.682382318
406.744707108 2.975437746 -4.131443685 0.331817858 -0.043077648 0.031070949 0.725242259 0.686441970
406.799162388 2.977473076 -4.124815231 0.330408950 -0.043801963 0.032673765 0.720590785 0.691203830
406.968462467 2.979939413 -4.118232661 0.328925136 -0.044779012 0.033913702 0.715825930 0.696015761
407.024523020 2.982587339 -4.111436198 0.327952171 -0.045366290 0.035433079 0.710953117 0.700879492
407.194793940 2.985072065 -4.104506912 0.327443262 -0.045169234 0.037409983 0.706103287 0.705675833
407.248730659 2.987853365 -4.097682379 0.326995602 -0.045037233 0.039277211 0.701543556 0.710116601
407.416433811 2.990026264 -4.090950879 0.325537712 -0.043657315 0.042181346 0.697780224 0.713734917
407.471482515 2.991796636 -4.083574058 0.325101051 -0.041915462 0.044571898 0.696029450 0.715401597
407.638684273 2.993770602 -4.074564052 0.325466715 -0.040918775 0.045983417 0.695687000 0.715702995
407.692981482 2.995509499 -4.065446463 0.325571454 -0.040623754 0.046531230 0.696037432 0.715343587
407.863755703 2.997190502 -4.056300632 0.324693106 -0.041025917 0.046359551 0.696636583 0.714748303
407.917115927 2.998867621 -4.047195099 0.322886216 -0.042277805 0.045404999 0.697340251 0.714050102
408.082712412 3.000682440 -4.038349654 0.319707578 -0.044580507 0.043580905 0.698075543 0.713304857
408.136819839 3.001403964 -4.029225496 0.316648498 -0.046007514 0.042388790 0.698752992 0.712622449
408.308610678 3.001611582 -4.019808496 0.314636557 -0.046639173 0.041348912 0.699373123 0.712033911
408.362688541 3.001251348 -4.010241579 0.314169249 -0.045593089 0.041053735 0.700090779 0.711413215
408.534327984 3.000947002 -4.000891943 0.314157040 -0.043490133 0.040954957 0.700895189 0.710758211
408.588587046 3.001146393 -3.991881539 0.313667477 -0.041469426 0.040260620 0.701545473 0.710276931
408.759014130 3.001718156 -3.983070682 0.312356780 -0.039781531 0.038882225 0.702140966 0.709861724
408.815569401 3.002374773 -3.974248101 0.311270791 -0.038384364 0.037031007 0.702736859 0.709447851
408.979894400 3.003081761 -3.965546445 0.310696426 -0.036944803 0.034934950 0.703110135 0.709260720
409.035790443 3.002716433 -3.956832065 0.310639824 -0.032754462 0.035042074 0.702902342 0.709667172
409.201771021 3.003205902 -3.948816041 0.309854534 -0.029689649 0.034227584 0.702519817 0.710220321
409.257404089 3.004218966 -3.940919038 0.309575932 -0.027391895 0.032676244 0.701854054 0.711043482
409.418711185 3.005726562 -3.932974432 0.309636413 -0.025946073 0.030175087 0.700699391 0.712345863
409.472370625 3.008053716 -3.925671190 0.308451171 -0.026165844 0.026328252 0.699113242 0.714046810
409.638922930 3.010473671 -3.918807716 0.306368589 -0.026830629 0.022255450 0.696848624 0.716370580
409.701732159 3.012376930 -3.912208342 0.304438624 -0.026958691 0.018919683 0.694069459 0.719154267
409.867660761 3.013841659 -3.904610605 0.303787484 -0.026110915 0.016336834 0.690462563 0.722712098
409.921178818 3.015936662 -3.897387461 0.302786862 -0.026455866 0.013067979 0.686762806 0.726282427
410.083085299 3.017667826 -3.889666012 0.302729053 -0.025283557 0.011549726 0.682617026 0.730247452
410.136501789 3.020224682 -3.882110129 0.302700221 -0.024769628 0.010028001 0.678159773 0.734428504
410.296046972 3.023336401 -3.875112640 0.301910017 -0.024765837 0.008544588 0.673327994 0.738879595
410.351796627 3.026631851 -3.868000683 0.301767425 -0.023859725 0.008345611 0.668018072 0.743715618
410.509212494 3.031084513 -3.861396813 0.300732740 -0.024711765 0.007009759 0.662556492 0.748571364
410.561596632 3.034975533 -3.855165630 0.300439940 -0.024464219 0.006884114 0.657087223 0.753386018
410.717200279 3.039425270 -3.849479886 0.300419375 -0.025319038 0.006184397 0.650473861 0.759081323
410.764717340 3.043067340 -3.845182646 0.301346608 -0.025327635 0.006673246 0.642607669 0.765747584
410.917670250 3.046804193 -3.841400003 0.300811420 -0.024853910 0.007543242 0.634602400 0.772402212
410.968633175 3.051001075 -3.837341664 0.300475071 -0.024567243 0.008456642 0.627263457 0.778373619
411.124153376 3.055847484 -3.832678981 0.300639433 -0.025009774 0.009028322 0.620879136 0.783455231
411.177586555 3.061122993 -3.827422948 0.300999026 -0.027010875 0.008038232 0.616354130 0.786964666
411.333591938 3.065782748 -3.820206765 0.303079815 -0.030721548 0.005714255 0.613434906 0.789126827
411.386677980 3.069018191 -3.811777510 0.305293972 -0.034390753 0.003420375 0.610941842 0.790920756
411.540584564 3.071680269 -3.802716728 0.307441470 -0.038566778 0.000762842 0.609165955 0.792104072
411.593174219 3.073957044 -3.792976097 0.308800648 -0.042670686 -0.001705843 0.607880414 0.792879376
411.748052597 3.075833271 -3.783486081 0.309528888 -0.045926778 -0.003515654 0.607587968 0.792915653
411.795055151 3.077632270 -3.773414010 0.310447627 -0.048957957 -0.004871091 0.607447552 0.792834700
411.949091911 3.079492093 -3.763293829 0.310543320 -0.050446161 -0.004997032 0.606973992 0.793103264
412.001520157 3.081964778 -3.753808625 0.310662123 -0.051352625 -0.004381018 0.606326777 0.793543669
412.161037683 3.085295569 -3.744189974 0.310547039 -0.051076023 -0.002766910 0.606103651 0.793739219
412.209289551 3.088553948 -3.735284116 0.309285010 -0.049817500 -0.000690681 0.606199301 0.793750684
412.363754272 3.092733666 -3.725487226 0.308272862 -0.049725971 0.000951996 0.606541231 0.793494900
412.412698030 3.096853275 -3.714659462 0.306820919 -0.050115835 0.002342118 0.607282098 0.792900606
412.567937374 3.100419811 -3.704240542 0.304659576 -0.050412493 0.004183738 0.607479106 0.792723289
412.616693020 3.103620713 -3.694346183 0.300732932 -0.049171916 0.007356808 0.607478416 0.792778641
412.778165102 3.106804259 -3.684840740 0.297094076 -0.047210491 0.011829176 0.607774966 0.792616447
412.827399015 3.109798455 -3.675386041 0.293498654 -0.043537469 0.018263478 0.608644573 0.792037069
412.985256672 3.112893971 -3.666358370 0.289254819 -0.038360828 0.026231280 0.609479031 0.791438992
413.036923170 3.117086830 -3.657623024 0.285577033 -0.033888898 0.033450299 0.609982932 0.790982581
413.202416658 3.122969183 -3.649442620 0.284508298 -0.032724759 0.036430517 0.609967974 0.790911486
413.258679867 3.129373331 -3.641134069 0.285618101 -0.032528099 0.037901364 0.609779593 0.790995738
413.427910805 3.135165328 -3.634098602 0.287306914 -0.032605815 0.038332306 0.609347899 0.791304387
413.480741262 3.141076333 -3.627307922 0.288303796 -0.032635938 0.038201871 0.608757507 0.791763734
413.646724224 3.147465682 -3.621074439 0.288888834 -0.033862415 0.036274419 0.608383697 0.792090134
413.701543808 3.153540864 -3.615285217 0.288892603 -0.034870198 0.034234480 0.607875115 0.792527548
413.868394613 3.158895833 -3.609605266 0.287787365 -0.034974110 0.032918301 0.607240791 0.793064827
413.923558235 3.163223667 -3.603220399 0.287635028 -0.034178936 0.030947829 0.607965951 0.792623135
414.087238550 3.166360341 -3.595814485 0.288236118 -0.031301633 0.029736027 0.609019480 0.791979324
414.141086102 3.169364494 -3.588055193 0.288127604 -0.027727372 0.028607417 0.609661318 0.791660209
414.303287506 3.172413524 -3.579772014 0.287475596 -0.023820691 0.027207381 0.609898237 0.791654264
414.357428074 3.175480110 -3.571399187 0.286274466 -0.020079444 0.025323875 0.609931143 0.791795124
414.524862528 3.178416260 -3.563042514 0.285127888 -0.016535955 0.023152330 0.609933735 0.791941520
414.580940485 3.181520206 -3.554956873 0.284599543 -0.014215986 0.020127491 0.610162635 0.791892889
414.739830732 3.184588901 -3.547181441 0.284681186 -0.012525614 0.017069912 0.610181048 0.791979050
414.793725014 3.187589053 -3.539740774 0.284401337 -0.010878544 0.014327828 0.610029636 0.792174358
414.949428558 3.190450116 -3.532366431 0.284367550 -0.008976109 0.012148096 0.609644915 0.792530713
415.004928589 3.192972573 -3.524850397 0.284731643 -0.006052807 0.011185844 0.608774822 0.793241108
415.163006544 3.196153915 -3.517617622 0.284892527 -0.004214247 0.009908128 0.607630410 0.794146935
415.218140125 3.199903085 -3.510526761 0.285596327 -0.004180015 0.007699681 0.606285371 0.795198900
415.374621391 3.203541574 -3.503407885 0.286110840 -0.004567621 0.005329798 0.604823152 0.796328880
415.429966688 3.206874222 -3.496153639 0.286326786 -0.004866332 0.003215261 0.603131527 0.797620425
415.632375479 3.210055751 -3.488890737 0.285938650 -0.004445528 0.002028677 0.600835796 0.799357535
415.685782671 3.213778216 -3.481762236 0.285731045 -0.004882679 0.000625961 0.598408751 0.801175845
415.839940071 3.217771301 -3.474867589 0.285473017 -0.006203775 -0.001055605 0.596040917 0.802929402
415.894750834 3.221470146 -3.467951909 0.285010718 -0.007081485 -0.002003054 0.593518674 0.804786570
416.046870470 3.224978737 -3.460951782 0.284494711 -0.007090238 -0.001854811 0.590709798 0.806850806
416.099839926 3.228973197 -3.453994638 0.283725810 -0.007973694 -0.002120436 0.588155655 0.808705663
416.253767729 3.233079755 -3.446789996 0.282770650 -0.009922636 -0.003155448 0.586330961 0.810004685
416.306971788 3.236435938 -3.438751325 0.282390013 -0.010423794 -0.003022048 0.584959842 0.810989639
416.457604885 3.239915534 -3.430200926 0.281586017 -0.010274278 -0.002392284 0.584171246 0.811561872
416.508843660 3.243275009 -3.421416801 0.280269780 -0.009812303 -0.001728293 0.584157608 0.811579091
416.663260221 3.247111019 -3.412441544 0.278611236 -0.010323324 -0.001443626 0.584103007 0.811612606
416.717655659 3.251477423 -3.403545018 0.277230674 -0.012357068 -0.001717079 0.583788531 0.811809895
416.879372120 3.255422931 -3.395085319 0.276168412 -0.013945857 -0.001309521 0.583195934 0.812210749
416.934351444 3.259522765 -3.386674754 0.275498442 -0.015994502 -0.000897542 0.582479855 0.812687264
417.090186596 3.263595867 -3.378248637 0.275112887 -0.018194112 -0.000455084 0.581748658 0.813164969
417.145879030 3.267301693 -3.369426294 0.274891374 -0.019356534 0.000676747 0.581028304 0.813652860
417.302658558 3.271196880 -3.360484843 0.274171452 -0.020636047 0.001538866 0.580558479 0.813955550
417.359557152 3.275021169 -3.351555521 0.272768847 -0.021801941 0.002441479 0.580117786 0.814237109
417.520292044 3.278921763 -3.342694909 0.271086633 -0.023207523 0.003191680 0.579549405 0.814600339
417.576187134 3.283148894 -3.334072171 0.269509323 -0.025639078 0.003194314 0.578977908 0.814933749
417.738981962 3.287111912 -3.325447485 0.268268694 -0.027393055 0.003440977 0.578322561 0.815340908
417.795753241 3.290852203 -3.316631863 0.268169397 -0.028621637 0.003669086 0.577623731 0.815792967
417.958643198 3.294343432 -3.307729934 0.268580066 -0.029037248 0.003973485 0.577000102 0.816218067
418.014157534 3.297844438 -3.299024984 0.268551667 -0.029130008 0.004257674 0.576348287 0.816673721
418.179863691 3.301611540 -3.290552845 0.268210022 -0.029803762 0.003950421 0.575774416 0.817055660
418.234686613 3.305525280 -3.282298808 0.267709481 -0.030990369 0.003170916 0.575157552 0.817449284
418.400500774 3.309363857 -3.274156324 0.267271568 -0.032214192 0.002280901 0.574387859 0.817945983
418.456569195 3.313210548 -3.266163986 0.266778957 -0.033551658 0.001032298 0.573675517 0.818394540
418.618101597 3.316844663 -3.258066000 0.266185219 -0.034131549 -0.000318213 0.573345020 0.818602727
418.674140215 3.320138432 -3.249622813 0.266089379 -0.033343000 -0.001167227 0.573363439 0.818621554
418.835814238 3.323560138 -3.241229716 0.266025811 -0.032403828 -0.002097900 0.573557086 0.818521753
418.890505075 3.326917632 -3.233116833 0.265801830 -0.031515548 -0.002810768 0.573736851 0.818428308
419.048186541 3.329989395 -3.225311060 0.266087720 -0.030275598 -0.002757628 0.573969804 0.818311950
419.103621006 3.333083203 -3.217857794 0.266244436 -0.028962140 -0.002327744 0.574353585 0.818091520
419.264254570 3.336502141 -3.210679056 0.266423281 -0.028556092 -0.002253059 0.574758397 0.817821654
419.318636417 3.339910411 -3.203626350 0.266823584 -0.028655913 -0.002198387 0.575002949 0.817646387
419.479024172 3.343079885 -3.196590384 0.267583221 -0.028309523 -0.001442575 0.575173710 0.817540025
419.533287525 3.346609692 -3.189899152 0.268394018 -0.029147959 -0.001117611 0.575352890 0.817384977
419.696514130 3.350096204 -3.183468564 0.268790806 -0.030427791 -0.000627873 0.575356325 0.817336439
419.756813288 3.353388671 -3.177250800 0.268612509 -0.031586079 0.000464656 0.575214392 0.817392505
419.928186178 3.356397724 -3.171099381 0.267924916 -0.031850704 0.002606457 0.574968266 0.817551363
419.989741802 3.359775016 -3.165088346 0.267064284 -0.032466545 0.004761364 0.574801832 0.817634458
420.161144495 3.363512918 -3.159041197 0.266740418 -0.034097302 0.006504173 0.574683728 0.817639090
420.221858501 3.367379891 -3.153229967 0.265922619 -0.036244813 0.008211212 0.574390824 0.817737165
420.394736528 3.371069696 -3.147461025 0.264496023 -0.037733234 0.010543422 0.573908765 0.817981521
420.457280397 3.374586357 -3.141354223 0.263178804 -0.038069504 0.013733541 0.573209945 0.818408493
420.630662680 3.378780408 -3.134686049 0.262923642 -0.039441043 0.016158804 0.572634067 0.818702340
420.685492754 3.383324349 -3.128155300 0.262616589 -0.041758877 0.017341932 0.572463536 0.818682450
420.857384920 3.387877947 -3.121098575 0.262528311 -0.043548458 0.018255642 0.572724449 0.818386809
420.912766695 3.392401756 -3.113627283 0.262890752 -0.044940808 0.018659347 0.573354842 0.817860854
421.081427574 3.396816821 -3.105758752 0.263131818 -0.045491262 0.018737635 0.574471635 0.817044544
421.136379719 3.401124101 -3.097786184 0.262710815 -0.045434210 0.018673287 0.575614874 0.816244178
421.306401730 3.405438769 -3.089827419 0.261801846 -0.045249332 0.018220936 0.576609138 0.815562626
421.362022877 3.409654646 -3.081848991 0.260743402 -0.045066467 0.017328819 0.577294688 0.815107090
421.530160427 3.413765287 -3.073812652 0.260033664 -0.045307963 0.015652233 0.577739552 0.814812375
421.585458279 3.417406409 -3.065519712 0.259280846 -0.044468175 0.014205601 0.578116970 0.814617426
421.754665852 3.420953197 -3.057128856 0.258888370 -0.043615287 0.012607389 0.578369377 0.814510665
421.809257507 3.424392477 -3.048763475 0.258857548 -0.042732646 0.011120472 0.578580003 0.814429516
421.979365110 3.427864897 -3.040450251 0.258801239 -0.041646885 0.009831733 0.578860425 0.814303066
422.033603430 3.431503390 -3.032258677 0.258684127 -0.041152836 0.008370792 0.579073766 0.814192820
422.200012922 3.435288051 -3.024322619 0.258256307 -0.041297808 0.006759996 0.579214652 0.814100228
422.252112865 3.438883096 -3.016326525 0.257987476 -0.041355794 0.005448329 0.579217120 0.814105363
422.418426514 3.442360986 -3.008066507 0.258139254 -0.041921745 0.004131641 0.579163777 0.814122114
422.473307610 3.445755504 -2.999719504 0.257893555 -0.042483069 0.003183120 0.579153795 0.814104378
422.638204098 3.449040469 -2.991173034 0.257417655 -0.042757029 0.002718873 0.579232252 0.814035897
422.694260597 3.452243196 -2.982402283 0.256819961 -0.041970225 0.003234856 0.579347435 0.813992988
422.859627962 3.455755560 -2.973676641 0.255739761 -0.041197506 0.003808379 0.579505213 0.813917667
422.913902998 3.459443489 -2.965090602 0.254096207 -0.040465421 0.004447302 0.579681190 0.813825834
423.083306789 3.463300437 -2.956641723 0.252524728 -0.039799060 0.005216144 0.579857905 0.813728232
423.138487101 3.467550846 -2.948393092 0.251593225 -0.040126515 0.005439000 0.580090112 0.813545169
423.310066700 3.471775973 -2.940313631 0.250955625 -0.040376692 0.005885377 0.580246109 0.813418428
423.365578175 3.476012512 -2.932202299 0.251334000 -0.040663121 0.006306246 0.580433108 0.813267575
423.533234119 3.480107481 -2.924043878 0.252046299 -0.040471593 0.006979952 0.580469933 0.813245342
423.586816311 3.484323203 -2.916062604 0.251958911 -0.040361288 0.007536662 0.580475635 0.813241786
423.753873348 3.488526217 -2.908099847 0.251236913 -0.040130728 0.008170697 0.580450265 0.813265180
423.807331800 3.492831839 -2.900127771 0.249892170 -0.040017070 0.008663935 0.580383804 0.813313107
423.975693464 3.497765565 -2.892423275 0.248497520 -0.041878245 0.007652975 0.580636220 0.813049337
424.030615330 3.502463873 -2.884768357 0.247463238 -0.043875722 0.006573577 0.580884262 0.812776219
424.199545860 3.506341692 -2.876594109 0.247369516 -0.044310152 0.006461095 0.581213947 0.812517823
424.252473116 3.509951479 -2.867926076 0.247652371 -0.044154504 0.006559775 0.581740054 0.812148914
424.418361664 3.513551764 -2.859068142 0.247235483 -0.043766928 0.006605509 0.582358579 0.811726129
424.472395182 3.517049048 -2.849992388 0.246533094 -0.042970305 0.006770834 0.582848651 0.811415528
424.638322830 3.520647519 -2.840884113 0.245622681 -0.041882560 0.007158443 0.583061207 0.811316360
424.691657543 3.524372678 -2.831913132 0.244188466 -0.040829056 0.007507938 0.583158397 0.811297050
424.859133244 3.528545959 -2.823286331 0.242877821 -0.040963624 0.007098001 0.583197739 0.811265676
424.911115646 3.533040179 -2.815065392 0.241902568 -0.042249925 0.006158275 0.583213492 0.811196057
425.080202341 3.537056048 -2.806721895 0.241835432 -0.043128060 0.005866413 0.583145317 0.811201020
425.133915186 3.540651027 -2.797971104 0.242555677 -0.043420566 0.006130385 0.583190880 0.811150707
425.300828218 3.544156699 -2.788928669 0.242928638 -0.043130210 0.006756522 0.583373770 0.811029703
425.354551554 3.547728163 -2.779658171 0.242738243 -0.042570555 0.007487186 0.583630409 0.810868199
425.516134501 3.551429920 -2.770191754 0.241767919 -0.042061970 0.008123863 0.583955778 0.810654330
425.564707756 3.554876758 -2.761765949 0.240272907 -0.041945627 0.008486553 0.584213360 0.810471031
425.730947733 3.558931881 -2.752478200 0.238021626 -0.042250804 0.008776395 0.584351181 0.810352727
425.784554720 3.563149696 -2.743725828 0.235819569 -0.043535507 0.008819152 0.584212980 0.810383907
425.953506708 3.567091698 -2.735273122 0.234399610 -0.044918370 0.009300654 0.583776487 0.810617574
426.008986473 3.570645373 -2.726598813 0.234079346 -0.044835368 0.011193440 0.583210179 0.811005785
426.179517031 3.574543382 -2.717896495 0.234390438 -0.044745244 0.013157178 0.582805146 0.811272404
426.234068871 3.578728415 -2.709338504 0.233896017 -0.044741055 0.014913383 0.582544978 0.811429096
426.405223370 3.583066486 -2.700789130 0.232921290 -0.044726053 0.016503910 0.582460344 0.811459888
426.460122585 3.587646719 -2.692313047 0.231904945 -0.045305113 0.017450576 0.582546389 0.811346183
426.633644342 3.592252189 -2.684127091 0.230884041 -0.046181686 0.018028378 0.582581374 0.811259004
426.689311981 3.596339145 -2.675823520 0.230692440 -0.045952060 0.019041609 0.582626802 0.811216269
426.861540079 3.600154539 -2.667363670 0.230876924 -0.044658694 0.020477645 0.582571830 0.811292999
426.914081335 3.604178543 -2.658932727 0.230892444 -0.043449966 0.021630877 0.582509078 0.811373761
427.082042217 3.608472705 -2.650723512 0.230456800 -0.042863373 0.022089268 0.582492159 0.811404757
427.135662079 3.612959180 -2.642785435 0.229960710 -0.043078205 0.021717186 0.582509430 0.811391025
427.309346199 3.617329408 -2.635145782 0.229033574 -0.043426848 0.021071605 0.582484228 0.811407555
427.362744570 3.621432777 -2.627576999 0.228095077 -0.043416940 0.020391594 0.582461291 0.811441925
427.531576633 3.625559665 -2.620102624 0.228026619 -0.044368114 0.018958924 0.582247871 0.811578368
427.582401752 3.629239192 -2.612518701 0.228341027 -0.045119378 0.017603166 0.581822960 0.811872166
427.754099607 3.632716242 -2.604805385 0.228385780 -0.045579880 0.016346478 0.581343236 0.812216295
427.805654526 3.636413353 -2.597143580 0.228193030 -0.046955163 0.014461799 0.580864081 0.812516454
427.974795580 3.640389461 -2.589792937 0.227327112 -0.049461902 0.011811652 0.580444543 0.812710365
428.026611805 3.643464992 -2.581822983 0.227331521 -0.050110599 0.010119528 0.580134996 0.812914454
428.197838068 3.646489532 -2.573475213 0.228346043 -0.050719209 0.008236707 0.580038792 0.812966616
428.249017715 3.649388341 -2.564801947 0.229551419 -0.050880547 0.006405660 0.580053504 0.812962527
428.417770863 3.652383888 -2.555924804 0.230377150 -0.051036433 0.004387808 0.580152232 0.812895699
428.467962265 3.655376049 -2.546865616 0.230682131 -0.051094370 0.002284251 0.580259095 0.812824415
428.637370586 3.658430501 -2.537735540 0.230383521 -0.051209301 0.000038514 0.580379676 0.812734297
428.689202070 3.661486987 -2.528615146 0.229575022 -0.051325425 -0.002232858 0.580532508 0.812614744
428.858884573 3.664585038 -2.519774722 0.228374865 -0.051356583 -0.004385642 0.580696061 0.812487140
428.910940886 3.667613220 -2.511237365 0.227546087 -0.050696605 -0.005853678 0.580887636 0.812382387
429.079335213 3.670939302 -2.503021369 0.227533553 -0.050242973 -0.007229531 0.581126460 0.812228672
429.131226301 3.674513570 -2.495172748 0.227259318 -0.050024767 -0.008621156 0.581343043 0.812073559
429.297571659 3.678022721 -2.487348583 0.227221437 -0.049354934 -0.009687672 0.581492986 0.811995165
429.348930597 3.681546083 -2.479405562 0.227398268 -0.048525942 -0.010771906 0.581624316 0.811937407
429.512593985 3.685298889 -2.471435546 0.227697717 -0.048553263 -0.012396302 0.581814185 0.811776549
429.565542936 3.689024145 -2.463509091 0.227331672 -0.048746705 -0.013921549 0.582008499 0.811600922
429.731574059 3.692544485 -2.455365518 0.226662089 -0.048274212 -0.014728393 0.582233151 0.811453777
429.782246828 3.696088561 -2.447040202 0.225757686 -0.047174668 -0.014948813 0.582463325 0.811349221
429.943919897 3.699766157 -2.438790834 0.224318027 -0.045781024 -0.015116375 0.582754872 0.811216588
429.994821310 3.703492328 -2.430479317 0.223082885 -0.044242243 -0.015425843 0.583024984 0.811102050
430.164773703 3.707284622 -2.422117676 0.222311001 -0.043116005 -0.016064007 0.583285500 0.810962998
430.215202093 3.710908133 -2.413705544 0.221438073 -0.041161607 -0.016213404 0.583446248 0.810945943
430.377779484 3.715104467 -2.405453011 0.221237427 -0.040189148 -0.016963579 0.583565927 0.810893260
430.429700851 3.719683804 -2.397483921 0.221525653 -0.040553299 -0.018283282 0.583778073 0.810693723
430.593963861 3.723848698 -2.389594429 0.221110455 -0.039870759 -0.018492052 0.583876032 0.810652297
430.646340370 3.728011098 -2.381599052 0.220396954 -0.038967067 -0.018230166 0.583921036 0.810669756
430.809305191 3.732173075 -2.373485644 0.219255153 -0.038032852 -0.017858439 0.583987465 0.810674545
430.860967398 3.736154470 -2.364917647 0.218947931 -0.036815438 -0.017321644 0.584061694 0.810688918
431.025022507 3.740315583 -2.356271834 0.218945809 -0.035955729 -0.017053453 0.584252148 0.810595949
431.077101946 3.744455488 -2.347721899 0.218606370 -0.034824743 -0.016600944 0.584448202 0.810513384
431.241102457 3.748579109 -2.339179783 0.217996924 -0.033622442 -0.015976167 0.584635059 0.810441942
431.293340445 3.752654041 -2.330512113 0.217175882 -0.032334377 -0.015076720 0.584785724 0.810402886
431.456744194 3.756825254 -2.321747871 0.216164357 -0.031486369 -0.014140072 0.584953389 0.810332154
431.509295940 3.761078461 -2.312972935 0.214954957 -0.031276193 -0.013242232 0.585179328 0.810192321
431.675124168 3.765267214 -2.304307170 0.213167669 -0.031028408 -0.012130960 0.585448296 0.810024920
431.728952885 3.769161903 -2.295649022 0.211232268 -0.029900647 -0.010343008 0.585810023 0.809830593
431.895183325 3.772784928 -2.286789702 0.210064490 -0.027230677 -0.007388233 0.586309782 0.809595420
431.948481083 3.776755714 -2.278062994 0.209364324 -0.024645261 -0.004215547 0.586983145 0.809212968
432.115513563 3.781114667 -2.269666665 0.208757238 -0.022658695 -0.001131731 0.587618584 0.808819945
432.168473005 3.786117729 -2.261782668 0.207873295 -0.022223170 0.001235009 0.588245423 0.808376105
432.335419178 3.791491536 -2.254171639 0.206805311 -0.023130704 0.002881463 0.588915575 0.807858350
432.388600111 3.795993372 -2.246142823 0.205904604 -0.022482847 0.005589606 0.589546482 0.807402145
432.559852362 3.799996433 -2.237674325 0.205065059 -0.020627832 0.009071229 0.590044064 0.807056509
432.613984346 3.804120483 -2.229054230 0.203917070 -0.018354168 0.012533579 0.590345718 0.806844450
432.785561085 3.808990583 -2.220660556 0.203267476 -0.017531261 0.014514598 0.590486109 0.806726804
432.840072632 3.814452806 -2.212817505 0.203282434 -0.018411102 0.014808121 0.590610674 0.806610676
433.013098478 3.819942312 -2.205342016 0.203676014 -0.019932440 0.014153046 0.590933775 0.806349591
433.067102432 3.824661499 -2.197756938 0.204318044 -0.020272539 0.013694911 0.591669169 0.805809573
433.236635685 3.828776996 -2.190075921 0.204701357 -0.019594043 0.013509723 0.592617656 0.805132210
433.289089203 3.832690677 -2.182299996 0.204949348 -0.018268949 0.013294139 0.593746148 0.804335144
433.459305286 3.836758643 -2.174691327 0.204771294 -0.017043613 0.012623483 0.594907088 0.803514604
433.512890100 3.840887916 -2.167308675 0.204180859 -0.015839254 0.011768120 0.595653218 0.802999298
433.679285288 3.845333126 -2.160101725 0.203832007 -0.015541583 0.010068134 0.596039199 0.802741780
433.733045816 3.850027537 -2.153084604 0.203758944 -0.016276336 0.007506117 0.596294082 0.802565952
433.899128914 3.854244094 -2.145998572 0.204147347 -0.016546106 0.005267778 0.596363265 0.802526843
433.952546358 3.857911009 -2.138709996 0.204372767 -0.015792820 0.003821476 0.596313308 0.802587330
434.114807844 3.861408790 -2.131212796 0.203899573 -0.014620416 0.002759560 0.596238977 0.802669116
434.168512106 3.864700994 -2.123337148 0.202892515 -0.012612501 0.002505171 0.595907598 0.802950051
434.334455013 3.868317952 -2.115066736 0.201982108 -0.010606190 0.002450162 0.595420943 0.803340156
434.389234304 3.872559242 -2.106914941 0.201390494 -0.009849184 0.001661683 0.594946060 0.803703563
434.553824902 3.877167261 -2.099086700 0.201259758 -0.010150168 0.000339214 0.594540778 0.804001320
434.607754946 3.881768169 -2.091477142 0.201512096 -0.010670667 -0.000963293 0.594183841 0.804257902
434.778038263 3.886074746 -2.083963758 0.201734609 -0.010603632 -0.001771423 0.593753275 0.804575338
434.832894087 3.889887995 -2.076387117 0.201264877 -0.009079270 -0.001481017 0.593225706 0.804983624
434.996814728 3.893870931 -2.068599948 0.200574411 -0.007356940 -0.000977404 0.592728319 0.805368276
435.051296234 3.898464043 -2.061187656 0.199021835 -0.006720990 -0.000988131 0.592195670 0.805765562
435.215402365 3.903475784 -2.054034628 0.197907534 -0.007107356 -0.001564968 0.591702291 0.806123709
435.267624140 3.908145180 -2.046733887 0.197850249 -0.006899994 -0.001801254 0.591516267 0.806261528
435.430008650 3.912451993 -2.039169621 0.198292149 -0.005891261 -0.001614431 0.591744633 0.806102336
435.484871387 3.916494438 -2.031439721 0.198346128 -0.004090200 -0.000742197 0.591982236 0.805940290
435.648999214 3.920558646 -2.023745096 0.197933954 -0.001874258 0.000572234 0.592367865 0.805665236
435.703672647 3.924920647 -2.016256926 0.197418098 0.000060601 0.001754900 0.592860222 0.805303467
435.868804932 3.930087081 -2.009295490 0.197270440 0.000225099 0.001666845 0.593516782 0.804819856
435.923054695 3.935334491 -2.002604108 0.197585364 0.000055480 0.001238780 0.594400330 0.804168334
436.084570169 3.940325999 -1.995988147 0.198507322 0.000311194 0.001292467 0.595329234 0.803480763
436.138362169 3.945151553 -1.989538857 0.198740406 0.001139846 0.001869249 0.596321879 0.802742439
436.302092552 3.950083025 -1.983354802 0.198046145 0.001929884 0.002416582 0.597348457 0.801975845
436.356764555 3.955170806 -1.977421289 0.197700524 0.002283360 0.002413724 0.598498023 0.801117393
436.524250746 3.959889915 -1.971342492 0.198787905 0.002984431 0.002593086 0.599598007 0.800291572
436.580358028 3.964662606 -1.965302513 0.200088617 0.003124222 0.002442570 0.600697184 0.799466801
436.743231297 3.969799928 -1.959645157 0.199847457 0.002383725 0.001752853 0.601842341 0.798609443
436.807452917 3.974333476 -1.953803209 0.199126663 0.003328337 0.002214841 0.602891262 0.797813351
436.974823475 3.978189993 -1.948150000 0.199913631 0.004863727 0.003019992 0.603658897 0.797222152
437.027348995 3.983077648 -1.942040364 0.201002425 0.004392796 0.002323572 0.604608189 0.796507528
437.194258451 3.987578383 -1.936380334 0.201489830 0.003501015 0.001506887 0.605308155 0.795982104
437.254038811 3.991924115 -1.930427779 0.201063154 0.003031062 0.000971842 0.605978872 0.795474371
437.422275782 3.995599444 -1.924167247 0.200689380 0.003887426 0.001095178 0.606581369 0.795011152
437.477590322 3.999274772 -1.917723990 0.201174804 0.004100524 0.000684504 0.606917024 0.794754329
437.638468981 4.003130700 -1.910891094 0.201558133 0.003388779 -0.000284151 0.606942655 0.794738353
437.693254709 4.006837936 -1.904100678 0.201233836 0.002296955 -0.001348826 0.606694555 0.794930577
437.857769728 4.010197490 -1.897136892 0.200518067 0.001697367 -0.002031545 0.606422686 0.795138049
437.912394285 4.013069497 -1.889973256 0.200191258 0.002311709 -0.001791421 0.606080468 0.795397959
438.073190451 4.016245134 -1.882814521 0.200492521 0.002296446 -0.002020735 0.605683803 0.795699550
438.125513077 4.019742649 -1.875835267 0.200461623 0.001329422 -0.003008079 0.605228216 0.796045219
438.286352873 4.023207479 -1.869023450 0.199819493 0.000120367 -0.004155068 0.604562620 0.796546772
438.341181755 4.026101620 -1.862034790 0.199566744 0.000182403 -0.004366045 0.603465519 0.797377120
438.505786419 4.029008843 -1.855132622 0.200077363 0.000204605 -0.004777945 0.602686950 0.797963389
438.558750153 4.031723398 -1.848033398 0.201862814 0.000595077 -0.005152685 0.602260856 0.798282504
438.719122648 4.034354880 -1.840967343 0.203768893 0.001270501 -0.005436735 0.602203461 0.798323129
438.775871754 4.036774356 -1.834163838 0.204973450 0.002774474 -0.005042162 0.602114312 0.798389149
438.940336704 4.039515608 -1.827376780 0.205146126 0.004523554 -0.004515217 0.602059280 0.798425810
438.999650002 4.042590635 -1.821046770 0.204540712 0.005805292 -0.004458097 0.602013990 0.798451989
439.164514780 4.045851048 -1.814573895 0.205000201 0.006593612 -0.004733714 0.601846056 0.798570874
439.223919153 4.049306972 -1.808068059 0.206053987 0.006888306 -0.005158358 0.601527247 0.798805930
439.388864517 4.052783940 -1.801732442 0.206626440 0.007222289 -0.005307708 0.601113434 0.799113450
439.447550058 4.056314735 -1.795618094 0.205908382 0.007762046 -0.005208874 0.600557495 0.799526931
439.612586021 4.060138961 -1.789460205 0.205186901 0.007535381 -0.005760911 0.600280107 0.799733595
439.668129921 4.063885389 -1.783070835 0.205662027 0.006667837 -0.006698813 0.600058646 0.799900174
439.825643063 4.067701943 -1.776122573 0.206463759 0.005455401 -0.007737236 0.599752170 0.800129807
439.878578186 4.071267201 -1.769214173 0.206244776 0.004529361 -0.008371357 0.599164922 0.800569049
440.037104130 4.074755050 -1.762121766 0.205278318 0.003862996 -0.008899813 0.598227424 0.801267633
440.089353800 4.078391847 -1.754783094 0.204546987 0.002454058 -0.010217774 0.597435914 0.801847805
440.245942593 4.082142980 -1.747374493 0.204015899 0.000256960 -0.012240297 0.597256977 0.801956490
440.297788858 4.085419812 -1.739713568 0.203805304 -0.001351797 -0.013696927 0.597204217 0.801971128
440.465024233 4.088357255 -1.731816255 0.203423885 -0.002159349 -0.014372597 0.597104415 0.802031847
440.516802311 4.091334750 -1.723736398 0.202469820 -0.002711946 -0.014857560 0.597151617 0.801986187
440.675279379 4.094191413 -1.715366911 0.201303257 -0.002522487 -0.014818981 0.597122349 0.802009311
440.729376078 4.097155029 -1.706752449 0.199985298 -0.001647548 -0.014452678 0.597018927 0.802095260
440.887906313 4.100588991 -1.698172290 0.199057289 -0.001365743 -0.014868439 0.597217560 0.801940303
440.942370415 4.104002592 -1.689886170 0.198900360 -0.001091459 -0.015394750 0.597562961 0.801673448
441.101984262 4.106885266 -1.681804982 0.199640945 0.000528852 -0.014668959 0.597758431 0.801541889
441.153792620 4.109605520 -1.673955474 0.200681164 0.003304549 -0.012965108 0.597909858 0.801451675
441.311653376 4.112766144 -1.666466743 0.201338155 0.005949041 -0.011288631 0.598134716 0.801293977
441.366123915 4.116709629 -1.659591054 0.201515681 0.007092723 -0.010673674 0.598482650 0.801033260
441.523375988 4.120968838 -1.653204317 0.202143804 0.006916073 -0.010872888 0.598786548 0.800804981
441.574694395 4.124634000 -1.646686718 0.204029023 0.007324026 -0.010447192 0.598787027 0.800806662
441.734107256 4.128215172 -1.640278719 0.205447115 0.008093618 -0.009599136 0.598668272 0.800898651
441.794700146 4.131959153 -1.634123456 0.205983940 0.008653299 -0.008775987 0.598487423 0.801037394
441.957153559 4.135962929 -1.628258433 0.206389054 0.008315892 -0.008510046 0.598270689 0.801205721
442.015631437 4.139798427 -1.622353630 0.207379265 0.007694666 -0.008281634 0.598112116 0.801332705
442.177162886 4.143173546 -1.616184201 0.208444194 0.007972752 -0.007220684 0.597667365 0.801672014
442.235105038 4.146677782 -1.609984362 0.208736011 0.008289523 -0.006110981 0.596977865 0.802191603
442.397246599 4.150532022 -1.603896798 0.208517103 0.007734097 -0.005634274 0.596232923 0.802754471
442.456132412 4.154802385 -1.597929256 0.208240969 0.005698492 -0.006286526 0.595683728 0.803174267
442.620708227 4.158761513 -1.591858209 0.208050447 0.003826624 -0.006828560 0.595287299 0.803474803
442.679220676 4.162322864 -1.585529983 0.208061918 0.002732718 -0.006945796 0.594807695 0.803833375
442.844925642 4.165623625 -1.578979220 0.208418715 0.002368954 -0.006630061 0.594089185 0.804368367
442.894454718 4.169345040 -1.572476819 0.210818656 0.000070712 -0.008935497 0.594441607 0.804089129
443.047183037 4.173902723 -1.565133194 0.214735593 -0.003954041 -0.014301898 0.596358781 0.802580853
443.095303774 4.177539711 -1.558722534 0.215676906 -0.005988772 -0.017845857 0.597902978 0.801347421
443.243802547 4.181375376 -1.550930917 0.217021771 -0.007255056 -0.021823333 0.599942364 0.799712615
443.291435003 4.184443859 -1.542788512 0.218045629 -0.006648601 -0.024862493 0.601704968 0.798303692
443.440855742 4.186675409 -1.534757035 0.216514799 -0.003344180 -0.025757095 0.602802032 0.797467930
443.488664865 4.188084842 -1.527341874 0.213283919 0.002324414 -0.024356530 0.603338501 0.797109785
443.634400606 4.189448645 -1.519567227 0.209948517 0.010458087 -0.020871451 0.602789584 0.797558605
443.683888197 4.191906020 -1.515152572 0.210595274 0.016243057 -0.017741022 0.598535357 0.800735191
443.839780807 4.194278393 -1.511423192 0.213486853 0.020053853 -0.015681288 0.595766688 0.802754006
443.904694080 4.197018300 -1.508496742 0.215612994 0.022882111 -0.014224093 0.593176086 0.804621784
444.068862677 4.200406207 -1.505990662 0.215919215 0.023527979 -0.014393465 0.591432420 0.805882718
444.135374069 4.203880203 -1.503800821 0.214702939 0.022278601 -0.015906479 0.589964432 0.806965065
444.293072939 4.207236334 -1.501793079 0.212747543 0.019797704 -0.018002967 0.587712991 0.808626851
444.358964920 4.209733733 -1.499064065 0.211017328 0.017671845 -0.019747755 0.585676022 0.810111924
444.528018951 4.211724769 -1.495067544 0.210987269 0.017600464 -0.019805981 0.582887308 0.812120886
444.587795734 4.214225266 -1.490369041 0.211950212 0.018639488 -0.018857064 0.578818994 0.815024879
444.743474722 4.217546604 -1.486131165 0.212216740 0.018525294 -0.018572950 0.574381903 0.818167030
444.797332525 4.221517195 -1.482159245 0.211345898 0.016839844 -0.019272896 0.569662990 0.821479795
444.947045565 4.225487834 -1.478460980 0.210008640 0.013966011 -0.020575128 0.564576243 0.825006231
444.997247458 4.229474286 -1.474151134 0.209232303 0.011572995 -0.021374092 0.558766180 0.828968980
445.148511171 4.233596085 -1.469324923 0.209130410 0.009785470 -0.021723889 0.552522394 0.833157441
445.197424412 4.238136458 -1.464082838 0.209180438 0.008301975 -0.021786266 0.545782183 0.837602677
445.345101357 4.242833926 -1.458638798 0.209789747 0.007624911 -0.021175757 0.538900338 0.842068806
445.394303799 4.248128220 -1.453528243 0.210046088 0.006506657 -0.020682864 0.531960309 0.846491649
445.545791864 4.253433602 -1.448328231 0.210331048 0.005714273 -0.019940023 0.525106579 0.850783653
445.598151445 4.259021784 -1.443318847 0.210296315 0.004616910 -0.019349759 0.518308877 0.854962092
445.754039049 4.264689487 -1.438475652 0.209873346 0.003183727 -0.018999460 0.511574548 0.859022914
445.806261778 4.270265619 -1.433551463 0.209831513 0.001991943 -0.018666427 0.504985306 0.862923773
445.968996048 4.275763449 -1.428364001 0.210119563 0.001292234 -0.018258018 0.498401356 0.866753173
446.027689695 4.280481243 -1.423428931 0.211046899 0.001651922 -0.017581313 0.492526505 0.870118274
446.191302061 4.285005017 -1.418894247 0.211508769 0.001855903 -0.017225274 0.487434719 0.872987537
446.258557796 4.290027388 -1.414005199 0.212209436 0.001470163 -0.017336060 0.483515271 0.875163003
446.432238579 4.295518182 -1.409223342 0.213052719 -0.000148620 -0.018577299 0.480577033 0.876755711
446.496457815 4.301240017 -1.404751254 0.213626708 -0.002761701 -0.020461456 0.478044552 0.878092881
446.667848825 4.306921412 -1.400282447 0.214283813 -0.005696366 -0.022723829 0.475898451 0.879188173
446.734685183 4.312067950 -1.395261681 0.214801800 -0.007116610 -0.024489581 0.474322404 0.879981745
446.906044006 4.317183363 -1.390122353 0.215227524 -0.008319065 -0.026030783 0.473085189 0.880592752
446.970434904 4.322047621 -1.384694154 0.215995573 -0.008590406 -0.026793771 0.471972529 0.881164134
447.134767532 4.326860547 -1.379256917 0.216572843 -0.007985720 -0.026746187 0.471078154 0.881649728
447.197958469 4.331768276 -1.374031992 0.217182523 -0.006931236 -0.025971330 0.470149416 0.882177406
447.363748312 4.336464217 -1.369437457 0.217945378 -0.005572026 -0.024701856 0.468106442 0.883309192
447.426941395 4.341256279 -1.365898392 0.218593163 -0.004136710 -0.022927498 0.464767039 0.885126441
447.598072767 4.346425568 -1.362833792 0.219051367 -0.002791828 -0.020993758 0.460709763 0.887298136
447.658740282 4.351795062 -1.359988242 0.219351388 -0.001748946 -0.019206421 0.456216984 0.889659552
447.820169687 4.357923628 -1.357301447 0.219113938 -0.002345700 -0.018201553 0.451072182 0.892298766
447.878510952 4.364161027 -1.354808145 0.218431346 -0.003976849 -0.017861899 0.445740349 0.894975239
448.044275284 4.370072191 -1.351632344 0.218023607 -0.004687256 -0.017339796 0.440211629 0.897714366
448.102070093 4.375913738 -1.347875400 0.218339465 -0.003995499 -0.016454092 0.434623446 0.900453085
448.264612436 4.382177549 -1.344791167 0.217853997 -0.004716611 -0.016368613 0.429174956 0.903060728
448.323345423 4.388318166 -1.341644126 0.217034750 -0.005796437 -0.016629914 0.423530029 0.905710860
448.490584612 4.394404103 -1.338100035 0.216885730 -0.005959140 -0.016740199 0.417584214 0.908464462
448.548580170 4.400247502 -1.334372588 0.217383420 -0.005261936 -0.016794001 0.411761626 0.911121637
448.715552568 4.405995488 -1.330724115 0.218234094 -0.004004088 -0.016768032 0.406098521 0.913666674
448.770636082 4.411933449 -1.327735305 0.218563944 -0.003382104 -0.017036582 0.400595504 0.916090366
448.935841084 4.418001555 -1.325201644 0.218770300 -0.002976997 -0.017377583 0.394946868 0.918534773
448.994070053 4.423709167 -1.322463500 0.219832522 -0.001380043 -0.017343795 0.389795911 0.920736898
449.172003269 4.429890009 -1.319389148 0.220910512 0.000272588 -0.017591955 0.385697966 0.922457331
449.237724543 4.436623583 -1.316215555 0.221753020 0.000885540 -0.018908398 0.382985835 0.923560252
449.407980204 4.443702984 -1.312984092 0.222832271 0.000482940 -0.020763440 0.381032444 0.924328363
449.468526840 4.450760132 -1.309523453 0.223383582 0.000286044 -0.022695151 0.379625330 0.924861858
449.631699800 4.457844018 -1.305874452 0.223926830 -0.000141820 -0.024705521 0.378472718 0.925282670
449.693313360 4.464727363 -1.301682076 0.223924716 0.000500944 -0.026287657 0.377583438 0.925602212
449.864046812 4.471686870 -1.296750536 0.224508431 0.001490861 -0.027655860 0.377017154 0.925792091
449.923215151 4.478850079 -1.291654353 0.224895567 0.002131377 -0.029047314 0.376653486 0.925896248
450.089789391 4.485946727 -1.286468408 0.224559991 0.003345007 -0.030131393 0.376242188 0.926025230
450.150165558 4.493121289 -1.281965776 0.224008879 0.004069461 -0.031219789 0.374866847 0.926543907
450.318923712 4.500098263 -1.278210071 0.223694925 0.004662907 -0.031809329 0.372266018 0.927569100
450.379498720 4.507044422 -1.275022019 0.224074218 0.005193091 -0.031957584 0.368780359 0.928952524
450.542780876 4.514279211 -1.272368155 0.224896354 0.005471956 -0.031756610 0.364625105 0.930596641
450.601152658 4.521733871 -1.270322408 0.225489512 0.005452261 -0.031260154 0.359878121 0.932459551
450.763077736 4.529122160 -1.268213715 0.226620963 0.006872709 -0.029817374 0.354149452 0.934688106
450.824251890 4.536876137 -1.266234145 0.227680764 0.008934415 -0.027906169 0.347666725 0.937160216
450.988208532 4.544838396 -1.264790817 0.228522937 0.009741035 -0.026409616 0.341337420 0.939519244
451.050570488 4.553286201 -1.263858290 0.228541616 0.009600043 -0.025100976 0.334798373 0.941906486
451.212612629 4.561829712 -1.263278163 0.227775776 0.008887792 -0.023851690 0.328086070 0.944304842
451.271101952 4.570366961 -1.262313718 0.227217576 0.008042573 -0.022555143 0.321359179 0.946654562
451.435487032 4.579438910 -1.260655440 0.226306901 0.006712394 -0.021473210 0.315884548 0.948530863
451.497654676 4.588515876 -1.258222888 0.225371386 0.004778031 -0.021384900 0.312990129 0.949503573
451.665757656 4.597642281 -1.254889062 0.224909628 0.002881603 -0.021577897 0.311785586 0.949903068
451.727488279 4.606436152 -1.250550792 0.224608699 0.002291399 -0.021510699 0.311391019 0.950035616
451.898864508 4.615174966 -1.245874334 0.224051573 0.002044571 -0.021584448 0.311677452 0.949940576
451.959410906 4.623788008 -1.240999407 0.223493179 0.002189746 -0.021841125 0.312553738 0.949646424
452.128257036 4.632242162 -1.236095352 0.223418713 0.002464737 -0.022202300 0.313380887 0.949364736
452.188185215 4.640627314 -1.231458643 0.223463886 0.002665451 -0.022514528 0.313635079 0.949272895
452.359135151 4.649046099 -1.227443448 0.223618548 0.002732289 -0.022822432 0.312810425 0.949537418
452.420003891 4.657569525 -1.224238015 0.224072347 0.002150931 -0.023097883 0.310902213 0.950158763
452.588279724 4.665935479 -1.221167834 0.224807307 0.001398526 -0.023588804 0.308844088 0.950819090
452.646533728 4.674342378 -1.217734488 0.225248398 0.000621303 -0.024575646 0.307728001 0.951156732
452.817340374 4.682694420 -1.213999622 0.225459114 -0.000033399 -0.025650096 0.307335484 0.951255471
452.878453493 4.690832576 -1.210081537 0.225581676 -0.000098256 -0.026545216 0.306950595 0.951355178
453.046697140 4.698414483 -1.206487071 0.225630034 0.000578400 -0.027187379 0.305523174 0.951796250
453.108843327 4.705540126 -1.203592812 0.226892768 0.001824133 -0.027471162 0.302812334 0.952652454
453.277659893 4.712543834 -1.201211904 0.228887812 0.003554839 -0.027624271 0.299538011 0.953677746
453.337322950 4.719818996 -1.199665637 0.231321636 0.004116127 -0.028143711 0.295784594 0.954831118
453.500747919 4.727453035 -1.199182217 0.232806067 0.002979233 -0.029058891 0.291575027 0.956101830
453.562677622 4.735140262 -1.199228862 0.232758515 0.001699372 -0.029841919 0.286908208 0.957491646
453.725977182 4.742721913 -1.199526011 0.232399254 -0.000283358 -0.030668772 0.281836083 0.958972246
453.787067175 4.749877662 -1.198686914 0.233094477 0.000053416 -0.030825812 0.276387230 0.960551855
453.950743675 4.756661249 -1.197375385 0.234503828 0.001926944 -0.030504504 0.271003116 0.962093069
454.015909910 4.763338146 -1.196546674 0.235199700 0.002654974 -0.030567051 0.266018614 0.963479477
454.185449600 4.770303307 -1.196278734 0.235204013 0.001843243 -0.031033805 0.261008795 0.964835693
454.254445314 4.776588460 -1.195642957 0.235612712 0.002154932 -0.031101483 0.256413134 0.966064366
454.426187515 4.782376549 -1.194676337 0.236115571 0.002985626 -0.031024576 0.252179237 0.967178471
454.494874954 4.787648315 -1.192842457 0.237712699 0.005598983 -0.030337584 0.248798892 0.968063734
454.667784691 4.793482909 -1.190643015 0.239541763 0.007932135 -0.029931943 0.247407572 0.968416570
454.730436802 4.800506995 -1.188266118 0.241545327 0.009465706 -0.030410627 0.247660591 0.968323203
454.892229080 4.808196497 -1.186420826 0.242877294 0.009235101 -0.031391636 0.248610048 0.968050785
454.953326702 4.816029104 -1.184727970 0.243451467 0.008684481 -0.032432319 0.249723047 0.967735049
455.112295151 4.823818069 -1.182380451 0.244385993 0.009225005 -0.033183499 0.250927326 0.967393008
455.174789429 4.831701626 -1.179656108 0.245700155 0.009884370 -0.033872898 0.251966244 0.967092518
455.333606720 4.839513910 -1.177469177 0.246430311 0.010149458 -0.034546702 0.251791021 0.967111573
455.395521402 4.847413681 -1.176184882 0.247347223 0.009297660 -0.035149287 0.250386522 0.967463007
455.563435555 4.855311690 -1.175073764 0.249239595 0.008644993 -0.035461876 0.247456977 0.968211115
455.623565435 4.863302588 -1.174042638 0.251418838 0.008113596 -0.035818815 0.243559465 0.969190368
455.781433344 4.871545140 -1.173890947 0.251518051 0.006338988 -0.036549609 0.239626885 0.970156121
455.844386101 4.879804538 -1.174210054 0.250884779 0.003061219 -0.037740551 0.235771372 0.971070615
456.004414320 4.887602093 -1.173356730 0.250528991 0.002228148 -0.038380190 0.231517891 0.972070709
456.067285299 4.895397518 -1.172135644 0.250722146 0.001700874 -0.039046364 0.226581621 0.973207716
456.226641893 4.903621902 -1.171401504 0.250969182 0.000539655 -0.039707472 0.220688340 0.974535624
456.290075779 4.912257758 -1.171393608 0.250428962 -0.001941367 -0.040580807 0.214284022 0.975926118
456.447817564 4.921156387 -1.171456329 0.249805499 -0.003988663 -0.041101924 0.206908578 0.977488395
456.508054018 4.929662747 -1.171136574 0.250209615 -0.004847647 -0.041156418 0.199597619 0.979001246
456.665054321 4.937923674 -1.170267716 0.251022417 -0.003889669 -0.040780125 0.192771233 0.980388241
456.729830742 4.946883357 -1.169488548 0.252096220 -0.003032913 -0.040244712 0.185820868 0.981754434
456.891044617 4.955608068 -1.169046799 0.252755669 -0.002814907 -0.039635410 0.180224640 0.982822563
456.955494165 4.964838429 -1.168552670 0.253191790 -0.003071614 -0.039379598 0.176326873 0.983538838
457.118821859 4.974444351 -1.167585619 0.253646716 -0.003397449 -0.039379696 0.174332412 0.983893240
457.183089256 4.984260841 -1.166753469 0.254238545 -0.004363726 -0.039561954 0.172969726 0.984122596
457.346219301 4.994135184 -1.165885588 0.254794881 -0.005393474 -0.039769830 0.172118141 0.984258410
457.411070824 5.004010178 -1.164787685 0.254840760 -0.005716951 -0.039818185 0.171817660 0.984307127
457.574109793 5.013684187 -1.162985066 0.254812129 -0.003904860 -0.039200203 0.171546196 0.984388134
457.634321928 5.022996814 -1.161702297 0.254548890 -0.002765193 -0.038405226 0.171113349 0.984498661
457.792464733 5.033068757 -1.160741871 0.254310198 -0.002210051 -0.037462843 0.170724807 0.984603825
457.852316618 5.043289173 -1.160039030 0.254668744 -0.002614228 -0.036659899 0.170546572 0.984663945
458.013466597 5.053509049 -1.159423653 0.255700810 -0.003171989 -0.036086822 0.169964940 0.984784037
458.071205854 5.063808019 -1.159735404 0.255991196 -0.005257887 -0.035863181 0.168901085 0.984966299
458.231169939 5.074220831 -1.161057036 0.256184388 -0.009206175 -0.035930038 0.167511116 0.985172221
458.290152311 5.084708291 -1.162900008 0.256018016 -0.013839549 -0.036212843 0.165859008 0.985387176
458.447717667 5.095068884 -1.164584062 0.255798856 -0.017632741 -0.036405753 0.163836711 0.985657770
458.508199930 5.105710668 -1.164643255 0.256510548 -0.016791196 -0.035597700 0.160436233 0.986261159
458.672521353 5.115430430 -1.164417638 0.257368632 -0.015655693 -0.034761988 0.157366108 0.986804140
458.734973431 5.125493211 -1.163890772 0.258826751 -0.015809051 -0.034767273 0.155703139 0.987065268
458.900660276 5.135132509 -1.162933090 0.259633032 -0.015547939 -0.034852200 0.154864951 0.987198274
458.966029167 5.144960425 -1.161539725 0.260040539 -0.015223803 -0.035072028 0.154551467 0.987244667
459.129596472 5.154714491 -1.159967471 0.260319422 -0.015059807 -0.035443840 0.154537119 0.987236150
459.194650412 5.164317805 -1.158471265 0.261087335 -0.015701528 -0.036143153 0.154865339 0.987149361
459.360255480 5.173724557 -1.156925569 0.261882978 -0.015990573 -0.036779603 0.154974620 0.987104062
459.422709703 5.183101685 -1.155434333 0.263011470 -0.016690280 -0.037631553 0.155064035 0.987046324
459.587132454 5.192482326 -1.154219207 0.264131457 -0.018582736 -0.038811601 0.154996184 0.986977469
459.652368069 5.201778527 -1.153145207 0.264772981 -0.020733545 -0.039963984 0.154641307 0.986944308
459.818368196 5.210962078 -1.152059207 0.265290696 -0.022670390 -0.040959854 0.154173052 0.986934149
459.883008003 5.220009628 -1.150958601 0.266409112 -0.024478327 -0.041796103 0.153871999 0.986902885
460.047089815 5.228977540 -1.149655879 0.267619831 -0.025526638 -0.042359330 0.153411196 0.986924051
460.112689972 5.238011614 -1.148313623 0.268450499 -0.026372314 -0.042787271 0.152761390 0.986984148
460.275368929 5.247092794 -1.146715509 0.269369711 -0.026652259 -0.043074282 0.152063216 0.987071954
460.339839935 5.256264526 -1.145086572 0.270667659 -0.027061039 -0.043406773 0.151439228 0.987142195
460.502734661 5.265489359 -1.143720204 0.272080414 -0.028271407 -0.043773548 0.151000013 0.987159359
460.566763639 5.274778592 -1.142490303 0.272891780 -0.029906428 -0.044115302 0.150895948 0.987111877
460.733729839 5.284043028 -1.140965046 0.273418705 -0.031167836 -0.044282139 0.151078970 0.987037387
460.798221350 5.293319072 -1.138851513 0.274007143 -0.031167805 -0.044150223 0.151420422 0.986990973
460.959294319 5.302780550 -1.136674729 0.274215657 -0.030570050 -0.043841116 0.151740668 0.986974264
461.022969961 5.312336459 -1.134728608 0.274667391 -0.030454181 -0.043551516 0.152084158 0.986937798
461.187003136 5.321878168 -1.132809416 0.275998206 -0.030406004 -0.043221006 0.152569626 0.986878883
461.252773523 5.331476358 -1.131051990 0.277223031 -0.030438522 -0.042869552 0.152934998 0.986836655
461.416589499 5.341091305 -1.129401130 0.278560018 -0.030701706 -0.042418326 0.153123057 0.986818839
461.480041742 5.350855125 -1.128028414 0.279769900 -0.031922870 -0.042016374 0.153349194 0.986762170
461.642704010 5.360945613 -1.126617711 0.280304758 -0.033338682 -0.041629654 0.153814641 0.986659293
461.704535961 5.369987088 -1.124721120 0.280558574 -0.033594067 -0.041076181 0.154316972 0.986595387
461.864713430 5.379829986 -1.122175768 0.280740921 -0.033176139 -0.040435241 0.154892805 0.986545769
461.926519871 5.389749982 -1.119697054 0.280548046 -0.032909003 -0.039945591 0.155543518 0.986472281
462.088295937 5.399732939 -1.117344162 0.280059579 -0.032542962 -0.039613022 0.156162324 0.986400067
462.149840832 5.409660546 -1.114919040 0.280513287 -0.031872705 -0.039459304 0.156831357 0.986321965
462.311592340 5.419606671 -1.112641312 0.281204922 -0.030944960 -0.039575725 0.157762328 0.986198367
462.373933554 5.429486899 -1.110703216 0.282031373 -0.030424433 -0.039773850 0.158608104 0.986070922
462.533344984 5.439229348 -1.108780337 0.283537289 -0.030405868 -0.040081149 0.159275131 0.985951529
462.597061872 5.449456214 -1.106435353 0.284874154 -0.029724889 -0.040457384 0.159986530 0.985841742
462.760688305 5.459005185 -1.104078688 0.285562804 -0.028862103 -0.040937162 0.160532293 0.985758850
462.826769114 5.468596874 -1.101783141 0.285715601 -0.028186196 -0.041569573 0.160956174 0.985682819
462.995468616 5.478293261 -1.099837224 0.285657184 -0.028208010 -0.042449411 0.161541214 0.985548980
463.063024998 5.488031126 -1.098104027 0.285856990 -0.028612101 -0.043502647 0.162333050 0.985361278
463.234856844 5.497574982 -1.095981674 0.286686961 -0.027805874 -0.044296906 0.162965175 0.985244624
463.302956104 5.507074541 -1.094121434 0.287206223 -0.027069512 -0.044951026 0.163251229 0.985188146
463.469238758 5.516538655 -1.092434550 0.287303069 -0.026267974 -0.045533753 0.163293364 0.985176100
463.532975674 5.525992671 -1.091026376 0.287117077 -0.025950929 -0.046293644 0.163254385 0.985155548
463.698594570 5.535407701 -1.089798799 0.287186851 -0.026524173 -0.047435719 0.163285284 0.985080828
463.764363289 5.544777264 -1.088865489 0.288121045 -0.028878062 -0.049272759 0.163395898 0.984906104
463.927497387 5.553997053 -1.087799865 0.288827248 -0.031482739 -0.051445562 0.163588390 0.984683213
463.994952440 5.563031591 -1.086498458 0.289276309 -0.034167657 -0.053792255 0.163768573 0.984438327
464.160764933 5.571888984 -1.084775975 0.289621273 -0.036397920 -0.056152991 0.163922550 0.984200910
464.228248596 5.580578937 -1.082364824 0.290404898 -0.037633320 -0.058397283 0.163884218 0.984030210
464.392662525 5.589336874 -1.079658386 0.291280394 -0.037973552 -0.060424993 0.163591674 0.983943389
464.460062265 5.598102213 -1.077404674 0.292441035 -0.039209614 -0.062296905 0.162802800 0.983909015
464.625266790 5.606816771 -1.075477342 0.293515830 -0.040850349 -0.064059508 0.161734880 0.983905207
464.692444086 5.615344384 -1.073314965 0.294643679 -0.041066993 -0.065453338 0.160696972 0.983974515
464.858524561 5.623828143 -1.071276376 0.296257928 -0.041023402 -0.066525901 0.159827717 0.984045977
464.924485207 5.632254026 -1.069410577 0.297983592 -0.041045879 -0.067286998 0.158980753 0.984130487
465.103501797 5.640710511 -1.067533211 0.299418332 -0.040345336 -0.067621879 0.158126093 0.984274186
465.170622349 5.649303124 -1.065898188 0.300541085 -0.039659230 -0.067772377 0.157201676 0.984439781
465.335327148 5.657970221 -1.064857380 0.301570720 -0.040167189 -0.067932324 0.156059220 0.984589923
465.400692463 5.666528650 -1.064379920 0.302963457 -0.042145070 -0.067981969 0.154645125 0.984726932
465.561420679 5.674808160 -1.063758629 0.304497592 -0.043329914 -0.067478059 0.152997094 0.984967573
465.628246307 5.682930919 -1.063637852 0.306550375 -0.045714120 -0.066644272 0.151083833 0.985211874
465.790548801 5.690830746 -1.063823952 0.309024688 -0.048925366 -0.065376239 0.148756681 0.985496680
465.855817795 5.698763148 -1.063660394 0.310393057 -0.050811049 -0.063717925 0.146208841 0.985891088
466.018424749 5.706864570 -1.063185658 0.311736991 -0.052275872 -0.061693553 0.143476832 0.986344533
466.082896233 5.715301242 -1.062794932 0.312903831 -0.054277526 -0.059389865 0.141018042 0.986732337
466.244410753 5.723857856 -1.062583739 0.313710634 -0.056909195 -0.056750405 0.138584541 0.987084120
466.308593035 5.732426563 -1.062280918 0.313835942 -0.058950627 -0.053648658 0.136043986 0.987491103
466.477080584 5.740940580 -1.061655851 0.313217674 -0.058938661 -0.050079889 0.133012140 0.988092106
466.542872906 5.749157591 -1.061263939 0.312725311 -0.057959139 -0.045948846 0.128957649 0.988887944
466.704724550 5.756820366 -1.060959119 0.312887493 -0.055396920 -0.041809728 0.124014687 0.989850234
466.766802311 5.765206628 -1.060760099 0.313537879 -0.050886932 -0.037177544 0.118084999 0.991001657
466.931855440 5.773922030 -1.061746945 0.314236785 -0.047591651 -0.032680945 0.111524367 0.992083316
466.993454933 5.782728895 -1.063511660 0.314964578 -0.045904832 -0.028437385 0.104254701 0.993083591
467.161567211 5.792470552 -1.065130390 0.316877020 -0.045042622 -0.024916059 0.096802352 0.993971658
467.224590063 5.801881808 -1.066246410 0.319372396 -0.044758675 -0.022635332 0.090608440 0.994622749
467.387349129 5.811060948 -1.066952781 0.322062727 -0.044247888 -0.021360906 0.085179410 0.995153407
467.443388939 5.821087146 -1.067423575 0.324462328 -0.043469980 -0.020712780 0.079769612 0.995649612
467.608566761 5.831439759 -1.067937711 0.326271558 -0.043004346 -0.020819055 0.074588292 0.996069164
467.664276600 5.841933012 -1.068906212 0.327671358 -0.044209896 -0.021667663 0.069769208 0.996347457
467.829107523 5.852230214 -1.069308778 0.328111482 -0.044605983 -0.022775110 0.065944776 0.996565546
467.887203693 5.862559238 -1.068751315 0.327436195 -0.043678531 -0.024573684 0.064185095 0.996678782
468.058404446 5.872960980 -1.067793824 0.326939718 -0.043671651 -0.027260152 0.064130341 0.996612748
468.124525547 5.882779539 -1.066768957 0.326135696 -0.044202625 -0.030465923 0.064551355 0.996469306
468.300650120 5.892273758 -1.065692591 0.325460199 -0.044554698 -0.034063247 0.065134084 0.996299215
468.368077040 5.901731728 -1.064763535 0.324676560 -0.044049598 -0.037911851 0.065589697 0.996152757
468.536700964 5.911008357 -1.063936453 0.323999548 -0.042882180 -0.041526731 0.066063738 0.996028228
468.599861145 5.919956943 -1.062967048 0.324434847 -0.039763702 -0.044406781 0.066545272 0.996001312
468.764853477 5.928922378 -1.062555880 0.325313104 -0.036758740 -0.046999605 0.066964096 0.995969699
468.827911139 5.937955146 -1.062736665 0.326477333 -0.035070517 -0.049545655 0.067274642 0.995886243
468.988864183 5.946994751 -1.062877474 0.327346827 -0.032892172 -0.051980475 0.067544776 0.995818175
469.053910494 5.956060996 -1.063222955 0.328783654 -0.031533501 -0.054300616 0.067473431 0.995743148
469.216723204 5.965140195 -1.064030949 0.330868112 -0.031286541 -0.056383720 0.066419598 0.995706014
469.281269550 5.974166775 -1.064512035 0.333406797 -0.029114580 -0.057679805 0.064104985 0.995849352
469.443454981 5.983170227 -1.065566272 0.336173476 -0.027628560 -0.058524330 0.060432318 0.996072036
469.508620739 5.992155227 -1.067202807 0.338496302 -0.026720303 -0.059190419 0.055901722 0.996321995
469.666812420 6.001031301 -1.069455809 0.340964550 -0.027286448 -0.059698258 0.050472750 0.996566139
469.728393078 6.009870494 -1.072151113 0.342438280 -0.028533268 -0.059914357 0.044083742 0.996821321
469.894158840 6.018775399 -1.074615954 0.342627871 -0.028578869 -0.059791691 0.037515796 0.997096167
469.958735943 6.027876639 -1.076879964 0.343217358 -0.030094871 -0.060127316 0.032402973 0.997210636
470.123569250 6.037403804 -1.078359004 0.343667540 -0.031762690 -0.060557482 0.028913147 0.997240168
470.183400393 6.046974566 -1.079307411 0.344119335 -0.033908371 -0.061012328 0.026710466 0.997203224
470.338881969 6.056912092 -1.079554122 0.344750951 -0.035644675 -0.061359000 0.025178896 0.997161247
470.398554564 6.067020583 -1.079508445 0.345254648 -0.036882156 -0.061589798 0.024018019 0.997130652
470.553940535 6.077166598 -1.079538588 0.345112847 -0.038115017 -0.061716758 0.023187467 0.997096098
470.612663269 6.087338324 -1.079870155 0.344552047 -0.040021050 -0.061739730 0.022501611 0.997035706
470.767534256 6.097541724 -1.080725670 0.343585901 -0.043241046 -0.061582050 0.021786778 0.996926878
470.828109264 6.108210077 -1.081131480 0.343169169 -0.045241307 -0.060853377 0.020926594 0.996901283
470.984842300 6.117609649 -1.080939867 0.344128369 -0.044474018 -0.059826568 0.020371397 0.997009453
471.043046236 6.127789948 -1.081615146 0.345816180 -0.045436552 -0.058863299 0.019867092 0.997033565
471.197953939 6.138102004 -1.082449517 0.347244609 -0.046229620 -0.058096962 0.019607096 0.997047204
471.257341146 6.148414207 -1.083152988 0.348176147 -0.046333719 -0.057410942 0.019553894 0.997083154
471.413501978 6.158673357 -1.083632690 0.349699255 -0.046373053 -0.056936818 0.019696420 0.997105706
471.471527576 6.168995795 -1.084300046 0.351584051 -0.047515033 -0.056805828 0.020093481 0.997051489
471.627250433 6.179337459 -1.084731600 0.353102711 -0.048111825 -0.056856020 0.020894103 0.997003552
471.683372736 6.189551797 -1.085002738 0.354170390 -0.048086266 -0.057041707 0.021794833 0.996974894
471.839590073 6.199575015 -1.084980595 0.355074226 -0.047009868 -0.057169648 0.022322870 0.997007218
471.897011042 6.209670974 -1.085080111 0.355792346 -0.045274967 -0.057175274 0.022345889 0.997086670
472.051438808 6.219862999 -1.085565953 0.355983278 -0.043907953 -0.057079207 0.022322446 0.997153832
472.107722521 6.230073505 -1.086248931 0.356283104 -0.042831538 -0.056909145 0.022485678 0.997206700
472.264063358 6.240290219 -1.087159956 0.357041656 -0.042369114 -0.056659638 0.022911348 0.997230973
472.320275307 6.250364779 -1.088217979 0.357816436 -0.041874424 -0.055978713 0.023133096 0.997285203
472.478071690 6.260362615 -1.089741990 0.358403314 -0.042341299 -0.054786705 0.022848968 0.997338235
472.535716295 6.270359173 -1.091351276 0.358383996 -0.042945225 -0.053140966 0.022033191 0.997419813
472.694658995 6.280398114 -1.092968384 0.358214851 -0.043582261 -0.051029447 0.020903927 0.997526745
472.757572889 6.290677475 -1.094741969 0.358619292 -0.045169509 -0.048021933 0.019455972 0.997634740
472.923942327 6.299698991 -1.096401528 0.358001196 -0.046422709 -0.043412727 0.017391133 0.997826546
472.990088701 6.307395498 -1.098069786 0.356671861 -0.046970909 -0.037676682 0.015193046 0.998069824
473.166398048 6.314314133 -1.100090273 0.357140294 -0.048838345 -0.032139149 0.013553314 0.998197475
473.239439487 6.320817179 -1.101927068 0.359479061 -0.050736593 -0.027307584 0.013007728 0.998253922
473.420503616 6.326571921 -1.103216244 0.362263049 -0.050419460 -0.023067301 0.013370869 0.998372174
473.492692471 6.332204984 -1.104732197 0.365106302 -0.049552019 -0.019177498 0.014283426 0.998485255
473.674663782 6.337814135 -1.106689929 0.367611679 -0.048662181 -0.015815566 0.015651626 0.998567417
473.746004343 6.343337374 -1.109273816 0.369828844 -0.048451471 -0.013029273 0.017506106 0.998587117
473.928569555 6.348647486 -1.112260652 0.371629376 -0.048375038 -0.010770599 0.019868084 0.998573537
473.998656034 6.353470737 -1.115315900 0.372776016 -0.047674081 -0.008930581 0.022863817 0.998561301
474.183299065 6.357702672 -1.118497766 0.373819420 -0.046943874 -0.007606974 0.026535057 0.998516048
474.253412962 6.361412764 -1.121686451 0.374020695 -0.045756926 -0.006632801 0.030757323 0.998456958
474.436280251 6.364453000 -1.125050569 0.373974577 -0.044915747 -0.006126278 0.035240794 0.998350205
474.505356550 6.366891389 -1.128537180 0.374275348 -0.044935705 -0.006245777 0.039880817 0.998173979
474.688060999 6.368996659 -1.131950112 0.374308351 -0.045027305 -0.006898202 0.044850559 0.997954600
474.758284092 6.370781960 -1.135366731 0.373986444 -0.045352154 -0.008093673 0.049972755 0.997687525
474.944240093 6.372231770 -1.138618923 0.373393086 -0.045481597 -0.009843209 0.055082458 0.997396841
475.016679764 6.373458198 -1.141777840 0.372488323 -0.045501924 -0.012165056 0.060030911 0.997084689
