#timestamp [ns],p_RS_R_x [m],p_RS_R_y [m],p_RS_R_z [m],q_RS_w [],q_RS_x [],q_RS_y [],q_RS_z []
1750194798766912256,0.0,-8.881784197001252e-16,-4.440892098500626e-16,1.0,7.281048946488932e-19,-2.9007765082596586e-18,-1.1881320882697957e-17
1750194798890418688,1.1992601087307264e-05,-5.6771666161026246e-05,-3.319452208216944e-06,0.9999999999386212,-2.3858361523551037e-06,4.068960857780892e-07,-1.0812027311083985e-05
1750194799117621760,2.227269748722449e-05,-9.678901604281975e-05,-5.516661533366829e-06,0.999999999734769,-6.102852703743127e-06,2.1098868061536443e-06,-2.2108043620488527e-05
1750194799240799488,2.6470302813663693e-05,-0.0001439554054369907,-1.379720064509371e-05,0.9999999995428948,-1.262446752292526e-05,6.2882224681175216e-06,-2.6744938328137734e-05
1750194799468805376,3.818876889116751e-05,-0.00018520973061164625,-1.7315116664917696e-05,0.9999999987633634,-1.3708703964537023e-05,8.673204839951153e-06,-4.701191304872061e-05
1750194799591987968,4.583108743982933e-05,-0.00022250942781809613,-2.2778454621619204e-05,0.999999998018843,-1.1501913957981498e-05,1.5973359620703016e-05,-5.9790232370677105e-05
1750194799818702592,5.725664013844778e-05,-0.0002678793973327487,-2.8614123962267257e-05,0.9999999962851663,-1.4331101143738608e-05,2.206751120725315e-05,-8.20811320060799e-05
1750194799940247808,7.175819523030924e-05,-0.0003258894969668802,-2.9977985928297812e-05,0.9999999950814139,-1.968337623789966e-05,2.029320650300727e-05,-9.506799048236242e-05
1750194800166381312,7.973250116855013e-05,-0.0003790411289097406,-3.198278242244612e-05,0.9999999941117069,-1.9961447255713372e-05,1.932371490459122e-05,-0.00010490338812447355
1750194800286584064,8.718205004765167e-05,-0.00042773477433755147,-3.671155476192567e-05,0.9999999935792129,-2.4745752067352782e-05,2.384319965203041e-05,-0.00010798483175398253
1750194800517474304,9.916816368882309e-05,-0.0004710038478297207,-3.658759761338004e-05,0.9999999914565623,-3.084813265226267e-05,2.1147765576047397e-05,-0.0001252519065250501
1750194800640202240,0.00010900623393972353,-0.0005250249519166417,-3.897624828663737e-05,0.9999999905310071,-2.828552901579243e-05,1.972520518237821e-05,-0.0001332247362985497
1750194800872670208,0.00011824833257367828,-0.0005715058300266307,-3.986555704971195e-05,0.9999999887550812,-3.1999202101384886e-05,1.7381968589325385e-05,-0.00014547768137535442
1750194800994443776,0.00012582514272807543,-0.000616773066220766,-4.581418221727418e-05,0.9999999866562194,-3.128985746851413e-05,2.0427535690086788e-05,-0.0001590321408377801
1750194801221918976,0.00013282666419023315,-0.0006698431012113204,-5.183854353640882e-05,0.9999999859114653,-4.29232073217975e-05,2.4770306736122913e-05,-0.00016037798850517416
1750194801343076608,0.00014359990937240497,-0.0007236614423389298,-5.369989275383347e-05,0.9999999839915845,-4.2548597530648e-05,2.3555253104233204e-05,-0.00017219639229555675
1750194801570875392,0.00015036558854841786,-0.0007787289012028964,-6.004712535245815e-05,0.9999999828926168,-4.51771897857316e-05,2.9104375064107767e-05,-0.0001769935676062951
1750194801690702592,0.00016122458496159453,-0.0008246299371856836,-6.165537307767366e-05,0.9999999815769338,-4.983707897601549e-05,2.4915410053411464e-05,-0.0001836889223360334
1750194801917871360,0.00016895182736575975,-0.0008629770779355894,-6.492614050612744e-05,0.9999999803401811,-5.093921417648683e-05,2.51385253109e-05,-0.00018998128361136083
1750194802039821568,0.0001771196842597078,-0.0009071875758754899,-6.640030700877375e-05,0.9999999796137994,-5.6949762453805224e-05,2.4356058238288834e-05,-0.00019218716884723494
1750194802270497024,0.00018270844305678935,-0.0009400502662000321,-6.98199935289523e-05,0.9999999784550165,-6.162606061411207e-05,2.7054633147445147e-05,-0.0001963676196909712
1750194802396704256,0.00019563465650573875,-0.0009917135409649447,-7.514253549922856e-05,0.9999999745799704,-6.75026431948006e-05,3.079027353352861e-05,-0.00021292113775473533
1750194802628622080,0.00021243828670947096,-0.0010296229292832138,-9.338509792744532e-05,0.9999999709158645,-7.712344054449433e-05,6.430113747670445e-05,-0.0002192843107270513
1750194802754268416,0.00022142722243767565,-0.0010664495422867404,-0.00010152639170257771,0.9999999689878868,-8.41575228049406e-05,7.75465224329045e-05,-0.00022119736391519536
1750194802988239104,0.00022968209802698425,-0.0011090707773240283,-0.00010602981809126888,0.9999999677729273,-8.474428123630155e-05,8.015539696417798e-05,-0.0002254942646586824
1750194803113946112,0.00024018584389562392,-0.0011654486905943173,-0.00010858498855625953,0.9999999650455418,-9.057961133720963e-05,7.791360059655771e-05,-0.00023586801426156448
1750194803346374656,0.00024999869442066114,-0.0012141826244294052,-0.00011285418402806613,0.9999999619404164,-9.513995220370367e-05,7.684558133938131e-05,-0.0002473101533780317
1750194803471530240,0.00025875330434477206,-0.0012693298526516017,-0.00011558329321958993,0.9999999603155081,-9.465625553790397e-05,7.58231138548273e-05,-0.0002542833680295157
1750194803702735104,0.0002677948263807295,-0.0013107340718914173,-0.00011709879672139323,0.9999999581899356,-9.20701130634614e-05,7.319986368037978e-05,-0.0002641685095966199
1750194803828166912,0.0002807444538959203,-0.0013608412744599008,-0.00012079740661841143,0.9999999547399759,-9.402865389402628e-05,7.560031376522242e-05,-0.0002756143154843381
1750194804063665408,0.00029070193240432474,-0.0014063829251309556,-0.00012256200583138366,0.9999999518689429,-0.00010087214386812703,7.463852763641248e-05,-0.0002837534362647532
1750194804189973504,0.0003050739804724145,-0.0014456834006164598,-0.00012161973535063098,0.9999999475884341,-9.902915661759457e-05,7.030279119266571e-05,-0.00030012309634276706
1750194804418647808,0.00031405365152359366,-0.0014973240808338062,-0.00012631196525925148,0.9999999455616859,-0.00010480820339843116,7.121730715303279e-05,-0.00030466368508080577
1750194804544793856,0.00032450666876115974,-0.0015526076024956481,-0.00012714978218175688,0.9999999427717537,-0.0001040529633696523,6.853368151163463e-05,-0.0003145355381865495
1750194804774429696,0.0003324825833601608,-0.0015992472999659668,-0.00012982885210277573,0.999999941113458,-0.00011022529439015406,6.813755315344903e-05,-0.0003177746667756243
1750194804898276352,0.000340226069993399,-0.0016482157292854183,-0.00013324845400575214,0.9999999401166354,-0.00011483627934080171,6.86292036675568e-05,-0.00031916984012025234
1750194805127878400,0.0003488868786698518,-0.0016928720415494425,-0.00013531764655194678,0.9999999374185005,-0.00011751433263782004,6.86193228387767e-05,-0.0003265651007936581
1750194805253262592,0.00035651836997097064,-0.00174008017753291,-0.00013986231186091658,0.9999999374303157,-0.0001254620680622476,6.904884291222275e-05,-0.00032346698620430096
1750194805481344512,0.00036404762272379543,-0.001782646716080194,-0.000142237465694528,0.9999999351786564,-0.00012367817862459404,6.701741417159741e-05,-0.0003314438976162091
1750194805605772288,0.00037479438071486015,-0.0018248498447137607,-0.00014269699833180383,0.9999999320603252,-0.0001274561124345673,6.555952422526635e-05,-0.0003396118855886047
1750194805832500736,0.00038149776881635233,-0.001874860973619441,-0.00015087806499414214,0.9999999282574977,-0.00013483924350651873,6.993694078903354e-05,-0.00034700461374688365
1750194805957757184,0.00039095878311723453,-0.0019344030927195277,-0.0001565118439077473,0.9999999263375671,-0.00013709002111218446,6.444680237294959e-05,-0.00035267236393886884
1750194806187534592,0.00039941365101991977,-0.0019930033493276156,-0.00016072338501604833,0.9999999246799361,-0.00013455432384459326,6.026595918461291e-05,-0.00035903101553482337
1750194806311902208,0.0004070201195958134,-0.002048279491980054,-0.00016621770897184973,0.9999999217622031,-0.00013928965319618102,5.943290055864579e-05,-0.0003654335928973042
1750194806539580416,0.00041309144301671097,-0.0021067892263415544,-0.0001706566412296162,0.9999999227580746,-0.00013784106683864357,5.430266859223192e-05,-0.00036405343767557035
1750194806662142208,0.0004212387158810671,-0.0021637894671560076,-0.00017450670996632667,0.9999999239598717,-0.00014692807231573437,4.7104954725874945e-05,-0.00035815292222538014
1750194806891367424,0.00043016370578463636,-0.0022134892475831336,-0.0001806028997339837,0.9999999229577294,-0.00015395935538894604,4.12504743246143e-05,-0.0003587191806141422
1750194807014194432,0.0004379307975579394,-0.0022661992465389247,-0.00019275887914771417,0.9999999196336217,-0.00016658469427631073,4.552870846521665e-05,-0.00036181407792965157
1750194807243644416,0.00044879208581161123,-0.002322818752995559,-0.00019865807113639278,0.9999999188242226,-0.00017485576385706012,3.8891589499571984e-05,-0.00036092167335015346
1750194807369250304,0.00045679668054621203,-0.002363659365784976,-0.00020307892160609242,0.9999999201838788,-0.00018099162340662155,3.267915063791639e-05,-0.0003546918962198528
1750194807601322240,0.0004665146073437043,-0.0024122895461617944,-0.00021056148399356545,0.9999999194135574,-0.00019059153715516238,2.8593600339427176e-05,-0.00035217914611105705
1750194807726009856,0.0004733957422615731,-0.00245803104342901,-0.00021940597853298272,0.9999999183477355,-0.0002078493851804519,2.5318323108251052e-05,-0.0003456329527818299
1750194807951603712,0.0004834591167304225,-0.002510483213524317,-0.0002260315284177139,0.9999999165211493,-0.00021783679926442188,1.8583557202102317e-05,-0.0003451948353865981
1750194808076475136,0.0004903318143467672,-0.0025620740293135214,-0.00023336642812665787,0.9999999167950341,-0.00022654668818879642,1.1502136824806364e-05,-0.00033904899909005314
1750194808304156160,0.0004988166298511842,-0.0026212032434855814,-0.00024260211116233776,0.9999999119275937,-0.00023904002623534245,1.21635741776079e-05,-0.0003447560266275799
1750194808426401024,0.0005072489110622413,-0.002672394823600044,-0.00025037705337993543,0.9999999111953721,-0.00024181890047465863,4.459649964927931e-06,-0.00034512748198983973
1750194808655401216,0.0005137461613893279,-0.002722994719928984,-0.0002616313547556537,0.999999906399448,-0.00024821721434529684,7.664918140753184e-06,-0.00035430291891261416
1750194808778999808,0.0005199085021114769,-0.0027693441366585247,-0.000269182898143594,0.9999999040085041,-0.00025455515133832035,9.383657721394773e-06,-0.0003565061067924532
1750194809005739520,0.0005264414582173416,-0.002828162741179696,-0.0002820834153207663,0.9999998990348579,-0.0002603951206942532,1.1470427991104327e-05,-0.00036605065812307343
1750194809128335616,0.0005362030419133745,-0.0028752870832011723,-0.00028817423135318876,0.9999998964790683,-0.00026817955687804363,6.397770152690517e-06,-0.0003675331906669892
1750194809358833920,0.0005392404572690523,-0.002914745220650161,-0.00029822361584841417,0.9999998922218688,-0.0002775317356674804,9.810363585560496e-06,-0.00037207007808243636
1750194809480673792,0.0005484230948642477,-0.0029674034394808757,-0.00030169872883556437,0.9999998918025929,-0.00028354611034101445,2.2160213947509165e-07,-0.0003687768388547258
1750194809707045888,0.0005550925828474718,-0.003016039102642587,-0.0003079769669720456,0.9999998894701067,-0.00029044096423018397,2.5991770865003596e-07,-0.0003697347070137063
1750194809831067904,0.0005624834980624271,-0.0030619453401010688,-0.00031723101257075115,0.9999998867131896,-0.000297309150409845,5.819047591080257e-06,-0.00037168133600108916
1750194810055930368,0.0005692436621504982,-0.0031112606623491246,-0.0003292299497892337,0.9999998821416475,-0.00030556656926855716,4.920572959534481e-06,-0.00037725528596107487
1750194810177337344,0.0005763460045757896,-0.003180781871080285,-0.0003471098587417565,0.9999998724263218,-0.000314338235909485,1.607876202931193e-05,-0.00039506997707699354
1750194810406886400,0.0005835026400742294,-0.0032335911608480927,-0.000354156384401616,0.9999998681752619,-0.00032104231734159957,1.2462531537877563e-05,-0.00040053211416246783
1750194810532125952,0.0005889566726535733,-0.003283480034979469,-0.00036394173723808265,0.999999863074269,-0.00032769330589859714,1.4997729168079541e-05,-0.0004077298226061363
1750194810758484736,0.0005982439387439697,-0.00333672073099045,-0.0003689954395182937,0.9999998611946307,-0.00033716387953693224,7.76497784903026e-06,-0.00040480976145717916
1750194810883134208,0.0006056009538397689,-0.0033812515027049628,-0.0003763466565911422,0.9999998593027596,-0.0003406507427607184,5.366442688695458e-06,-0.00040659898387749736
1750194811111499264,0.0006142251773466612,-0.003430013883288119,-0.0003829166953912555,0.9999998597200813,-0.00034616729523163827,7.540645905661341e-08,-0.0004009089867659462
1750194811236302080,0.0006232989908419029,-0.0034793055027444453,-0.00038566075399293354,0.9999998591448744,-0.0003536831394967489,-6.115517424580955e-06,-0.00039570325835699456
1750194811462651648,0.0006305085018274426,-0.003527212449852435,-0.00039155993251860366,0.9999998586237895,-0.0003590156104411291,-9.430165456430047e-06,-0.00039213679288931954
1750194811587026688,0.0006397529383921352,-0.0035729942355278155,-0.00039994485019079207,0.9999998538127514,-0.0003654853807992467,-9.434353390244544e-06,-0.0003983790977467727
1750194811816241408,0.0006479072829872479,-0.003632594706306058,-0.00040690401882503835,0.999999853771827,-0.0003698114209950017,-1.0714463525278774e-05,-0.0003944376221053542
1750194811939452160,0.0006523301464422815,-0.003689609724617071,-0.00041621679250347654,0.9999998465606088,-0.00037902203055352305,-8.974750065525714e-06,-0.0004039065649176277
1750194812165776128,0.0006523140018970253,-0.0037500315620784264,-0.0004288517850641327,0.9999998368174564,-0.00038245445496311694,-2.5348323227074457e-06,-0.000424366851818321
1750194812289733632,0.0006562166450931883,-0.0037925327393502073,-0.0004374329117280418,0.9999998319487335,-0.00038887499466020754,2.0478306205460163e-06,-0.0004299704057513377
1750194812518141696,0.0006656650725762603,-0.0038437224918705937,-0.0004456092953630808,0.9999998267747129,-0.0004011156502294659,7.3231475737956645e-06,-0.0004307007669862695
1750194812641742592,0.0006734411398463536,-0.0038910983725095605,-0.00045573589550462756,0.999999821886259,-0.0004070145232470034,8.52264533339558e-06,-0.00043645617480796985
1750194812869812224,0.0006857491369727242,-0.003957883126466832,-0.000469347255463326,0.999999813266488,-0.0004175809364042152,1.90749468549642e-05,-0.0004457906427555715
1750194812992402432,0.0006886731914264033,-0.004004030519065616,-0.0004821212084320514,0.9999998081196638,-0.0004234129346650967,2.707787341995878e-05,-0.00045138554572343156
1750194813220525312,0.000699008160048642,-0.004051286410570398,-0.0004932747674835092,0.9999997998418215,-0.0004359772768912121,3.4357308291321775e-05,-0.00045723047391681913
1750194813344010496,0.000702522236868397,-0.0040919866366850854,-0.0005005656789029977,0.9999997950292464,-0.0004441815556755209,3.8189889091932316e-05,-0.00045954949991546684
1750194813572112128,0.0007139758854162181,-0.004142459884221239,-0.0005084774382502211,0.999999794230151,-0.0004510204273390231,4.089967846012867e-05,-0.00045436488251594006
1750194813696752384,0.0007199328696509966,-0.0041918508825924405,-0.0005178370207419292,0.9999997880361363,-0.00045528211203426023,4.526405551008593e-05,-0.00046324620464678677
1750194813924554752,0.0007292456446457152,-0.004240898799960036,-0.0005264886213631748,0.9999997832666654,-0.00046187829094727136,4.917895780622028e-05,-0.00046660100372515395
1750194814047890944,0.000735473152569277,-0.004292120654418419,-0.0005361629654920819,0.9999997765358354,-0.0004674112176050101,5.278249377282563e-05,-0.00047504635674976365
1750194814276243712,0.0007468855341628,-0.004340040620054886,-0.0005448755490125023,0.9999997756439115,-0.00047043775230245724,5.841083202148847e-05,-0.0004732743629978194
1750194814400031744,0.000751036068267652,-0.004388381539829567,-0.0005541301737777005,0.9999997691496537,-0.0004750024684493637,6.448872668539911e-05,-0.00048157501852161494
1750194814626690304,0.0007604931300519979,-0.004447077150748768,-0.0005628852660923833,0.9999997624356735,-0.0004795578188411995,6.712457801097253e-05,-0.0004905580351116751
1750194814751469568,0.0007673368524265811,-0.0045058894650269465,-0.0005742911378492366,0.9999997548603621,-0.0004891050239083434,7.397560371403614e-05,-0.000495563418202112
1750194814977596160,0.0007782123822481779,-0.004552931840682284,-0.0005815266631876703,0.9999997501410717,-0.0004975924487761566,7.689627843267709e-05,-0.0004961920104914256
1750194815101044736,0.0007844869613915506,-0.004602979164761045,-0.0005902269216631062,0.9999997413849936,-0.0005104368757289825,7.808718389130377e-05,-0.0005005861899725632
1750194815333250048,0.000791347072190085,-0.004646217613969661,-0.0006001044260939281,0.9999997346708881,-0.000512214790091105,8.424123125363839e-05,-0.0005110749235390426
1750194815455624448,0.000800308010962425,-0.004706073716601367,-0.0006101206101565282,0.999999725509345,-0.0005220713999136154,8.785369369984568e-05,-0.000518367067450311
1750194815680117504,0.0008112316363799721,-0.004756331990106943,-0.0006173906327262557,0.9999997174468374,-0.0005298559662637253,9.014602067476022e-05,-0.0005255783437791574
1750194815804237312,0.0008172827630561486,-0.004803373927718013,-0.0006248020439110213,0.9999997089630467,-0.0005359386376257448,9.306333100281407e-05,-0.0005349605733077741
1750194816031112960,0.0008278598183215635,-0.004860197374004116,-0.0006368023625449304,0.9999996998072386,-0.0005425092747785762,9.948612815555971e-05,-0.000544216528574535
1750194816155659520,0.0008378574873955102,-0.004907261906165417,-0.0006448440857913518,0.9999996942733923,-0.0005458930535001405,0.00010311550730483916,-0.0005502918209567795
1750194816388034048,0.0008496497549748128,-0.004960894527469506,-0.0006510635112313423,0.9999996900554396,-0.0005546255296331017,0.00010450542600055779,-0.0005489609845077537
1750194816512317696,0.0008593269009962157,-0.005010846653972223,-0.0006638944547798786,0.9999996811257716,-0.00056067297154277,0.00011275007043912334,-0.0005573881907798755
1750194816744429824,0.0008689075666454826,-0.005063846933668792,-0.0006711779607271318,0.9999996766323913,-0.0005677213514334198,0.00011688372614471215,-0.000557463697796678
1750194816870131712,0.0008770178142505358,-0.005109660451869225,-0.0006781859833746573,0.9999996690455628,-0.0005770182701590452,0.00011731618117513391,-0.0005614228303970333
1750194817100174848,0.0008857658847123417,-0.005154665115243873,-0.0006855582143008299,0.9999996634304705,-0.0005855972346481473,0.00011994058667137185,-0.0005619867257282037
1750194817224833792,0.0008934785904424203,-0.005204011800603148,-0.0006933054009761186,0.999999656628596,-0.0005900006125770388,0.00012369494509844822,-0.0005686312754525566
1750194817455835392,0.0008989796942433514,-0.005252726144354902,-0.000702116668159114,0.9999996464706127,-0.0005965832038338126,0.00012660657578950717,-0.0005788936909318193
1750194817579862016,0.0009030963282299354,-0.005299691598386502,-0.0007094684643980109,0.9999996403208796,-0.0006026787363027766,0.00012883744782125458,-0.0005826983475451199
1750194817807401216,0.000910126529828581,-0.0053469625486952665,-0.0007172346062658264,0.9999996334442476,-0.00060612881584613,0.00013153617057330973,-0.0005902689766810563
1750194817929579264,0.0009205458380225906,-0.005406168246448573,-0.000726529904247375,0.9999996222071673,-0.0006153666328936292,0.00013626745075155517,-0.000598615579084565
1750194818159870976,0.000925814855052387,-0.005444371345332932,-0.0007334736154596122,0.9999996151703994,-0.0006235165096413166,0.00013731629678959947,-0.0006016896626124496
1750194818284080384,0.0009375626844461138,-0.005497056990774851,-0.0007423499828642655,0.9999996140150209,-0.0006294590808500173,0.0001391249945760773,-0.0005969885347154805
1750194818513307136,0.0009444132354614609,-0.005556531921003582,-0.0007545911760256097,0.9999996034598372,-0.0006322959867315995,0.00014559561015767448,-0.0006099867798900822
1750194818637270784,0.0009545275816522647,-0.0056120160967205734,-0.0007652078579463151,0.999999590863989,-0.0006446601864096122,0.0001484260040744987,-0.0006169723007916789
1750194818870176512,0.0009651866846480672,-0.005670070878780464,-0.0007710589712464078,0.9999995909090004,-0.0006455945668371777,0.000149244880519419,-0.0006157235197577028
1750194818991601664,0.0009707424695966083,-0.005720726122321551,-0.0007784662785703667,0.999999581833131,-0.0006549067112860133,0.0001510315391189612,-0.0006201775849510065
1750194819222351616,0.0009780355849571265,-0.005766712498550319,-0.0007869770562805023,0.9999995739407723,-0.000663559005484143,0.00015455057546985847,-0.0006228337177672978
1750194819356968448,0.0009895980576066776,-0.005820552345460861,-0.0007956198700136419,0.9999995697273666,-0.0006689255017041419,0.00015631807349165812,-0.0006234167262527361
1750194819598195200,0.0010023470104183474,-0.0058803604798898235,-0.0008048265410947053,0.9999995669400297,-0.0006731227660365707,0.00015607485004103398,-0.0006234309395890422
1750194819720624896,0.0010055150552803482,-0.005928141078990201,-0.0008133087744757184,0.9999995600814823,-0.0006745557688676582,0.00015728514510160164,-0.0006325130352459347
1750194819949700864,0.0010133692177642928,-0.005975901787222959,-0.0008204074826845265,0.999999555182895,-0.0006786973031647478,0.00015943627093059396,-0.0006352826605870036
1750194820071247104,0.0010207275003253358,-0.00602676060118057,-0.0008310410611356289,0.9999995461689781,-0.0006849398853210337,0.00016418912651032703,-0.0006415302971454468
1750194820299439360,0.0010290850545544572,-0.0060893162245871935,-0.0008390568913432261,0.9999995392863466,-0.0006890591339710614,0.0001670196505078381,-0.000647092760630059
1750194820422203904,0.0010361199379396169,-0.006143246525115664,-0.000850523055291319,0.9999995327338848,-0.0006885960751408451,0.00017178207256501936,-0.000656398032195205
1750194820648812288,0.0010410818000217148,-0.006195142399141318,-0.0008584481864746252,0.9999995197051457,-0.0006953187999102643,0.00017496978030262395,-0.0006682116582912674
1750194820767022080,0.0010476925562343808,-0.006255768245062576,-0.0008741335643165371,0.999999510232992,-0.0006925032158659024,0.00018500908611497732,-0.0006824549143096992
1750194820993058816,0.001057522137167588,-0.006318998695491906,-0.0008830991512502884,0.9999994968878703,-0.0006968539887080621,0.0001859265075720098,-0.0006971727606455792
1750194821111370240,0.0010661121193624723,-0.0063792255870493975,-0.0008903744494754839,0.9999994941685395,-0.000700056514024452,0.00018525132336955617,-0.0006980440455587653
1750194821339473920,0.0010723614787799818,-0.006423985740876326,-0.0009009552527494691,0.9999994859397343,-0.0007036900138578896,0.00019091058090114392,-0.0007046231486750329
1750194821458259200,0.001083508313576509,-0.0064753117868363574,-0.0009072403441159338,0.9999994822643928,-0.0007098566700009706,0.00019281942239215817,-0.0007031323662241598
1750194821683622656,0.0010928828414513703,-0.006528900833957074,-0.0009175970847761228,0.9999994796033703,-0.0007170938567508848,0.00019481023214143627,-0.0006990124194515979
1750194821804547840,0.0010978851892033958,-0.006580897175663125,-0.000925986587396288,0.9999994763408482,-0.0007182864673827345,0.00019804600707983637,-0.0007015414165453027
1750194822028173824,0.0011066965751149738,-0.006635348597225921,-0.0009325335671430679,0.9999994705224005,-0.0007247100266107557,0.0001959742954642175,-0.0007038070556985806
1750194822148817408,0.0011134360101898721,-0.006680738457608193,-0.0009397527616550327,0.9999994612551442,-0.0007297495654571487,0.00019909428552239056,-0.0007108561448659471
1750194822373408256,0.0011222143233586834,-0.006724849664736965,-0.00094633638191155,0.9999994531740365,-0.0007350500870356848,0.00019891800322284958,-0.0007167877128934018
1750194822494607104,0.0011307657697390283,-0.006765624177423213,-0.0009512134941753736,0.9999994506583407,-0.0007367670389896835,0.00020052974563867064,-0.000718084373924291
1750194822720101376,0.0011358982088012226,-0.006825427780575488,-0.0009615748197839835,0.99999943731981,-0.0007447116931139818,0.00020368370156582884,-0.0007275146095312962
1750194822841707008,0.0011399700634076027,-0.006884286235459669,-0.0009741916459398148,0.9999994225539203,-0.0007441973186960864,0.00020942133549061386,-0.0007464615735494317
1750194823069944832,0.0011449600213415678,-0.006941285387506824,-0.0009841928671301403,0.9999994109392784,-0.0007463650744752097,0.0002113060533815845,-0.0007592167172477638
1750194823190568192,0.0011541826064105365,-0.006993528873813659,-0.0009916713256572507,0.9999994042500113,-0.0007544977761344745,0.00021314629829914696,-0.0007594744127788604
1750194823421209344,0.0011617254183411418,-0.007052198234994478,-0.0010005989887442723,0.999999394768823,-0.0007549510611562026,0.00021534129376132223,-0.0007708041319645343
1750194823540254464,0.0011677625465384978,-0.007110754917419193,-0.0010089478450727718,0.9999993852509382,-0.00075470708777396,0.00021851029708819066,-0.0007824117887637356
1750194823768843264,0.001175745775959136,-0.00716193245886565,-0.0010170097933861477,0.9999993751613511,-0.0007562074885160173,0.0002217432733797104,-0.0007928789707941341
1750194823888832256,0.001180815680856817,-0.007214742118046402,-0.0010269311745645382,0.9999993643674887,-0.0007604527929386286,0.0002259921940347274,-0.0008011889268974079
1750194824117920768,0.001188128014677936,-0.007256388299886396,-0.0010346655551081163,0.9999993547750649,-0.0007649231076945716,0.00022793627769572845,-0.0008083236642480497
1750194824239067904,0.0011951431934225099,-0.007310783566779833,-0.0010423605592349006,0.9999993497311838,-0.0007695552915184615,0.00022959357796052408,-0.000809696641955106
1750194824465660160,0.0012012155873080133,-0.007362266166462739,-0.0010510127390226387,0.9999993450134659,-0.0007706279435477373,0.00023226244873179546,-0.0008137317535678402
1750194824585126912,0.0012107684001962937,-0.007412100782149267,-0.0010584939334563614,0.9999993403199113,-0.0007738295998420455,0.00023391194548683211,-0.0008159857195720984
1750194824811181312,0.0012209342563034298,-0.00747113216369133,-0.001069562773310384,0.9999993295441113,-0.0007704957949519595,0.00023889789472894058,-0.0008307679301587658
1750194824931761152,0.0012319801200160185,-0.00752414465446094,-0.0010769607145797444,0.9999993229172198,-0.000779001416539362,0.00023980234710291795,-0.0008305520628360652
1750194825156536576,0.0012370063680133825,-0.007578460151997035,-0.0010882738421140736,0.9999993154754063,-0.0007824718426888894,0.00024285837505481428,-0.0008353480375358786
1750194825277077248,0.0012485551833805175,-0.007630974767004695,-0.0010952460130386754,0.9999993041558013,-0.0007902265073922792,0.0002437766792850555,-0.0008413102345234372
1750194825502937344,0.0012584962214496898,-0.0076954503105666205,-0.0011066255106695344,0.9999992914038807,-0.0007939871097408472,0.0002478246456556796,-0.0008516801929152735
1750194825624851200,0.0012686185187620325,-0.00774120993973515,-0.001114204230433291,0.999999286616768,-0.0007932500475910728,0.00024898171678805497,-0.0008576295365234117
1750194825849983744,0.001271342974903611,-0.007798088664604741,-0.0011254082963798595,0.99999927065158,-0.0007938578807308181,0.0002576214953357537,-0.0008729932063469164
1750194825972309248,0.0012808445209637753,-0.007846313688477657,-0.0011347111113746422,0.9999992601996636,-0.0007982195090440027,0.00026165378153788615,-0.0008797630588243304
1750194826199483904,0.0012911090563152428,-0.00789294015473807,-0.0011403761570627502,0.9999992555863652,-0.0008035290794393891,0.00026443479736012847,-0.0008793417833915927
1750194826320603392,0.0012977448872701913,-0.00794213796616905,-0.0011470253451664192,0.9999992516488746,-0.0008047671363312698,0.0002631440956216876,-0.0008830666633518775
1750194826544199936,0.0013067668957420508,-0.007989304793607488,-0.0011551299984322583,0.9999992387221757,-0.0008095309792036524,0.0002648333990575226,-0.0008927922119898329
1750194826665056512,0.0013133154128963653,-0.00804151428175004,-0.0011645626792469166,0.9999992281935014,-0.0008118715154043029,0.000266660275160371,-0.0009018699139720106
1750194826894618880,0.0013205342413646903,-0.008114157492204122,-0.0011746572372892672,0.9999992098885374,-0.0008159446240678563,0.00026756638660515317,-0.0009180767397940933
1750194827016965376,0.0013241115355278055,-0.00817908206723672,-0.0011860047639751237,0.999999192060752,-0.0008175710678071092,0.0002701747370560395,-0.0009351261966360797
1750194827246189568,0.0013320500836719873,-0.008227375018808658,-0.0011944498757587851,0.9999991821518505,-0.0008188772175448652,0.0002729581732460716,-0.0009437317248579004
1750194827369010432,0.0013389617043877422,-0.00827416067384501,-0.0012047795381224802,0.9999991697755355,-0.0008213847939848056,0.0002791750388467846,-0.0009528045745987922
1750194827608713216,0.0013483401847791399,-0.008328596229144836,-0.0012120149653815915,0.999999166112423,-0.0008211178075804336,0.0002787628751548852,-0.0009569907334491144
1750194827735546368,0.0013559077763449778,-0.008377259969642559,-0.0012177191913274044,0.9999991599808442,-0.0008239109086309325,0.00027875528363332207,-0.0009609911092197733
1750194827974116864,0.001365361765004458,-0.008422784295869512,-0.0012234485349882362,0.999999150948011,-0.0008280762147760022,0.0002797692121727099,-0.0009664999885954879
1750194828096477952,0.001370144855894928,-0.008474559373301993,-0.0012297016554101425,0.9999991347417222,-0.0008321112312622364,0.000279599189607636,-0.0009797606845024537
1750194828326468864,0.0013775007485099522,-0.00852947730751552,-0.0012409261560439866,0.9999991194544097,-0.0008319556818101229,0.0002850454138823688,-0.0009938255685618396
1750194828448924416,0.0013842390611049638,-0.008585254330395031,-0.0012520186341173911,0.9999991049789752,-0.0008322497779778164,0.00029107305868190307,-0.0010063190498141507
1750194828674271232,0.0013942539987814584,-0.00864733057935485,-0.001261217774722656,0.9999990946894497,-0.0008338033022895635,0.00029338815381086287,-0.0010145519826973764
1750194828793516032,0.0013960416713301171,-0.008710924001656295,-0.0012722748686986307,0.9999990737150608,-0.0008341444396040501,0.0002973960997732554,-0.0010335993585864065
1750194829020006656,0.0014059790519889148,-0.008773130623228376,-0.0012809629271330891,0.9999990609532464,-0.0008347947737943052,0.0002959342506620072,-0.001045769204995337
1750194829139527424,0.0014081095852640502,-0.008831249978580757,-0.001292684816939893,0.999999042196945,-0.0008374512744159845,0.0003027947787167066,-0.0010595262514037488
1750194829366318080,0.0014136837092824095,-0.008889889804244433,-0.001305462789152223,0.9999990245548428,-0.0008368617089945217,0.0003096144671217455,-0.0010745653654340751
1750194829485861120,0.0014205892826408828,-0.008938465657545969,-0.0013136919345027032,0.9999990147012677,-0.0008415714059829851,0.0003138902320925387,-0.0010788081314679983
1750194829711193600,0.0014323100405579936,-0.008990438453196248,-0.001321500794785102,0.9999990069859716,-0.0008420500920586736,0.0003158486086848613,-0.001084996944488679
1750194829831154432,0.0014436329614948562,-0.009047366829810777,-0.0013358615716927424,0.999998984950049,-0.0008490490629247987,0.00031767017951537347,-0.0010992271000065232
1750194830070255872,0.0014542446981629098,-0.00910801855605925,-0.0013484995232437846,0.999998965392687,-0.0008592051176245792,0.00032068318082057265,-0.0011082158721062065
1750194830200560384,0.001465128862287557,-0.00916256679011429,-0.0013563137572618622,0.9999989629647464,-0.0008557375123571318,0.0003215781393245931,-0.0011128208489836425
1750194830430674432,0.0014725660213477099,-0.009216263245883205,-0.001362654248171058,0.9999989615135381,-0.0008535005027448806,0.00032432822030049413,-0.0011150425743952752
1750194830552101376,0.001476047905604183,-0.009277208839431061,-0.001372667584785603,0.9999989516467341,-0.0008532611824093588,0.0003289642456787973,-0.0011226902121504628
1750194830777172992,0.0014808520206148756,-0.00933148696492303,-0.0013778876953161046,0.9999989459342958,-0.0008528633043291084,0.00033006766753696914,-0.0011277454571389657
1750194830899099904,0.0014871724035145917,-0.009374031716379072,-0.0013823315067598152,0.9999989423445842,-0.0008518110585037615,0.0003300035636439253,-0.0011317355174127756
1750194831126616832,0.0014914002515480362,-0.009420304649527367,-0.0013898234352023309,0.9999989294949816,-0.0008524995407114052,0.000334552567092384,-0.0011411958657047317
1750194831249868544,0.0014956218091350948,-0.009466430166930273,-0.0013929410681372545,0.9999989268877708,-0.0008459332634483982,0.00033459255843681484,-0.0011483327219429776
1750194831479947776,0.0015021524273102216,-0.009525947863886053,-0.0013983459764062012,0.9999989212401992,-0.000842734478617673,0.0003341597559189271,-0.0011557051067507956
1750194831601110016,0.0015090640019357338,-0.009584151081829972,-0.0014054709741246896,0.9999989131331044,-0.0008378805391769477,0.00033694536442592374,-0.0011653997741742587
1750194831828975360,0.0015133068267330074,-0.009634717261303827,-0.0014098293756625857,0.9999989052652073,-0.0008351277578926425,0.00033696139884766685,-0.001174089873269753
1750194831956014592,0.0015191796223072984,-0.00969693119325754,-0.001416911668428611,0.9999989020425474,-0.0008254542794752874,0.00033677375933424767,-0.0011836901481812264
1750194832195821056,0.0015204050322834561,-0.009749062213490589,-0.0014180119394362478,0.9999989073047442,-0.0008132583376568396,0.00033876884791579176,-0.0011871124047177833
1750194832324098048,0.0015217535079283806,-0.00979498270229584,-0.001421179598179112,0.9999989154308143,-0.0008098372145816255,0.00033720174905330774,-0.0011830451645727309
1750194832560121344,0.0015250635477386254,-0.009841692524473977,-0.0014254743789900992,0.9999989177998583,-0.0008048628338515784,0.00033889034150729695,-0.0011839545037932455
1750194832687153152,0.0015315749474549278,-0.00990555041581942,-0.0014316556844256034,0.9999989217565541,-0.0007969991950935076,0.0003401150551912528,-0.0011855799260501337
1750194832921636864,0.001534368523311791,-0.00996814808659785,-0.001441861237712505,0.9999989168484709,-0.0007909991965217027,0.00034116789945311677,-0.0011934096616936
1750194833043979264,0.0015432796128420634,-0.010014585021109745,-0.0014440130061781353,0.9999989165469297,-0.0007896482127689988,0.0003397967012716791,-0.0011949472241599417
1750194833268878336,0.0015534838597801581,-0.010076353576780939,-0.0014503243870538363,0.9999989047823026,-0.0007862690137487358,0.0003433386521526286,-0.0012059576291403495
1750194833391808256,0.001559349826712797,-0.010137904892783212,-0.0014565713584158146,0.9999988991051469,-0.0007877331775108142,0.0003410536670238963,-0.001210350086302519
1750194833617833216,0.0015696095821731149,-0.010192649599553683,-0.0014634182484689617,0.999998897766539,-0.0007817516286504602,0.0003434089961123069,-0.00121466059436763
1750194833739868160,0.0015746666110727503,-0.010246586841049066,-0.0014704037912300905,0.9999988880268583,-0.0007772181615180224,0.000348763630729397,-0.0012240265137195246
1750194833972646656,0.0015818284665529703,-0.010306570681240856,-0.0014776113648675704,0.9999988822855389,-0.0007787128560669946,0.000347002351726884,-0.0012282602852815912
1750194834097631232,0.0015900383196720824,-0.010359147303118377,-0.0014851060426792628,0.999998871772279,-0.0007779759628980765,0.00035279448393065816,-0.001235614673954054
1750194834331535872,0.001599906094434722,-0.010411759750756033,-0.001490245056785966,0.9999988640217575,-0.0007742548814565867,0.00035108081207303597,-0.0012446794111857001
1750194834455529472,0.0016054650506136525,-0.010460808688259604,-0.0014957962463180152,0.9999988609914622,-0.0007664034779547265,0.0003523263820629368,-0.0012516020165461185
1750194834679957504,0.001614221512287628,-0.010511381596020719,-0.0015014734074298985,0.9999988502241124,-0.0007668831108236284,0.0003571123308192166,-0.0012585354705738855
1750194834802830592,0.0016247657438270835,-0.01056785997697407,-0.0015044929493313042,0.9999988399890104,-0.0007628993693923907,0.00035353028543116943,-0.0012700478428281277
1750194835036129792,0.0016298556484697357,-0.010618782255982673,-0.001512372737733969,0.9999988314431443,-0.0007626804592926638,0.00035598332410143973,-0.0012762079515478695
1750194835160521728,0.0016379955544962854,-0.010674604680641409,-0.0015189264591697338,0.999998834137319,-0.0007583933512442699,0.0003576969488674554,-0.0012761725666446857
1750194835390889984,0.0016480757574797167,-0.010726775776602082,-0.001525366534070649,0.9999988340885505,-0.0007537816672117793,0.0003584837030647838,-0.0012787197395424264
1750194835515171840,0.001653062642287928,-0.010770603643957877,-0.0015323420066066795,0.9999988316017366,-0.0007523407116718103,0.000362187502133148,-0.0012804682067456242
1750194835746238464,0.0016595385793145567,-0.010828180441123436,-0.0015391508747342186,0.9999988217161466,-0.0007478301096130542,0.00036533499787077465,-0.0012899018508886666
1750194835871069440,0.001664480198562579,-0.010880026081308003,-0.0015468438201997614,0.9999988275870186,-0.0007460603997788489,0.0003646466507042497,-0.0012865656951282054
1750194836106335488,0.0016738152190534095,-0.010949322651884863,-0.0015545401076630938,0.9999988193966187,-0.0007414975437117776,0.00036576477878538403,-0.0012952231035565003
1750194836231016704,0.0016781344546838994,-0.010977915480894218,-0.0016084476578774876,0.9999987609212584,-0.0008282623085321468,0.0003658994129045229,-0.0012877325481715962
1750194836465661696,0.0016851596333022911,-0.011031367057700692,-0.001615121865616409,0.9999987572011172,-0.0008239988033556972,0.00037006180900862044,-0.0012921596072384112
1750194836591644416,0.00169487707391891,-0.011076122010052813,-0.00161805687101646,0.9999987631620733,-0.000820973179155807,0.00036807594026321797,-0.001290037776504221
1750194836824793600,0.0017039579071287392,-0.011131373887294238,-0.0016319965606070852,0.9999987624883875,-0.000815962732834462,0.00038380934140703105,-0.001289153560155373
1750194836946851840,0.0017211062037185698,-0.011170652451111707,-0.00165064730614084,0.9999987358066722,-0.0008188526648795119,0.0004262132430452137,-0.0012946843794581326
1750194837178518016,0.0017217413482395472,-0.011226293023816503,-0.0016549568402042247,0.9999987294891803,-0.0008062565334025969,0.00041945594433880263,-0.0013095904467660426
1750194837303687168,0.0017253421545744274,-0.011274883935922908,-0.0016597985683706185,0.9999987181644172,-0.0008031015126589072,0.0004216623401099527,-0.0013194310718584847
1750194837533843968,0.0017254142032214759,-0.011319969320162215,-0.0016635030061653566,0.9999987144975552,-0.0008035059367060133,0.0004228422110098634,-0.001321584621364873
1750194837657942272,0.001730168955170086,-0.011364703505559959,-0.0016654062580858664,0.9999987057909835,-0.0008022088318272053,0.0004223833713003679,-0.0013290860151631916
1750194837887377152,0.0017364062718909778,-0.01140968402809861,-0.0016636994962424545,0.9999987034077621,-0.0008040571623297213,0.000417781421432497,-0.0013312150684182148
1750194838013475072,0.0017399453253457153,-0.011453733810452782,-0.0016668360843699048,0.9999986949861518,-0.0008034664267319376,0.00041768401111656457,-0.0013379117165626764
1750194838247874560,0.0017435977397033398,-0.01149109433765716,-0.001667248104023411,0.9999986881836299,-0.0008037759543902362,0.0004139434518504977,-0.0013439590965969323
1750194838371301632,0.001746936997847115,-0.011532520275359559,-0.001669745691279978,0.9999986799587164,-0.0008018188060428402,0.0004122655462160495,-0.001351741301634032
1750194838600021248,0.0017480696250240513,-0.011570493272778037,-0.0016824858242632246,0.9999986612474525,-0.0008024077446001846,0.00043366875276559124,-0.0013585199767071525
1750194838724314368,0.001746635734996893,-0.011597413294075487,-0.0017059200682778553,0.9999986102886098,-0.0008093771519205526,0.0004879725318030673,-0.0013733944382098083
1750194838953587712,0.0017467790963054952,-0.0116308033270478,-0.0017089659573810145,0.9999986103256598,-0.0008003391281065282,0.00048587316877592835,-0.0013793952635238616
1750194839078590208,0.001749040941477098,-0.011671565190618516,-0.0017139045201690628,0.9999986002623626,-0.0007945283134348504,0.00048807571579059615,-0.0013892372620042822
1750194839308303616,0.0017528392512842217,-0.011712061476901958,-0.0017150943049428768,0.999998600886023,-0.0007925727721612638,0.00048264325406274214,-0.0013918009506329546
1750194839433849344,0.001757940035190586,-0.011749715289314011,-0.0017158062349027503,0.9999985886270539,-0.0007942115290600573,0.0004820058455561277,-0.001399872248446026
1750194839662713344,0.0017650783316200958,-0.011794539996958342,-0.0017174820956742387,0.9999985731484782,-0.0007979696430567874,0.00047994499338404646,-0.0014094673672942904
1750194839786677760,0.001768694699004314,-0.011836521792687904,-0.0017188559874781184,0.9999985625517747,-0.000795047048714719,0.0004778189081370624,-0.0014193250740507143
1750194840017594368,0.0017739792309932056,-0.0118795333381021,-0.001719127197683079,0.9999985540288391,-0.0007959591933335686,0.00047359500159345404,-0.0014262177140426104
1750194840142637056,0.0017774967741495118,-0.011917204844372087,-0.0017187492387136238,0.9999985481209644,-0.0007940394257179837,0.000462155000519127,-0.0014351550817925452
1750194840373316096,0.0017768773431665608,-0.011965548611878596,-0.0017245020109726283,0.9999985473310996,-0.0007806840519877033,0.0004482894632566903,-0.0014473785470715838
1750194840498829312,0.0017787555988526549,-0.012009746460702075,-0.0017260376279999434,0.9999985538436839,-0.0007703121016755178,0.0004358266306276021,-0.0014522344697701396
1750194840728249856,0.0017770606586653415,-0.012049491805796286,-0.0017290928966198216,0.9999985528474165,-0.0007572277423085206,0.00042385236992772946,-0.0014633039286023291
1750194840851629056,0.001778898428681508,-0.012093589186937592,-0.0017301641422107217,0.9999985484756669,-0.0007496186466053095,0.000414144057148583,-0.0014729572783173668
1750194841086810368,0.0017796393241775732,-0.012139425074324528,-0.0017321789820052835,0.9999985445963577,-0.0007412171562356088,0.00040102164576482995,-0.0014834365282325325
1750194841211406080,0.0017807296659508864,-0.012178511896700606,-0.0017334201605407884,0.9999985385188972,-0.0007410663251184029,0.00039489343494581515,-0.0014892413996640788
1750194841441971200,0.0017827217687189645,-0.012219895718399876,-0.0017367787660824696,0.9999985351364347,-0.0007414631204066311,0.0003961001200941669,-0.001490993668790817
1750194841567055616,0.001783714310639617,-0.012259062679547128,-0.0017372766767289605,0.9999985251486846,-0.0007373337110950767,0.00039119821398394655,-0.0015010008033252613
1750194841794246656,0.001782678703609264,-0.012304377445900627,-0.0017442107007243912,0.9999985008328381,-0.0007354155309397674,0.0003907932350327573,-0.0015181491101333155
1750194841917014272,0.0017832511169633136,-0.012339668897712208,-0.00174901117650883,0.9999984917463085,-0.000735325054419783,0.0003923278154053579,-0.0015237719835204141
1750194842144672512,0.0017846153967475686,-0.012380917884152076,-0.0017509847773835574,0.999998476326259,-0.0007355584872763338,0.000389731406205227,-0.0015344081279370192
1750194842266214656,0.001786413705469947,-0.012429305225842846,-0.0017526002344223635,0.9999984694382515,-0.0007349511563601076,0.0003854215378983029,-0.0015402656232187347
1750194842492468224,0.001787545019093173,-0.012472367743926682,-0.0017588533413821494,0.9999984506435734,-0.0007299925891388449,0.0003874011407686301,-0.0015542656234516607
1750194842615436800,0.001789260550815186,-0.01251371090780573,-0.0017597966682729727,0.9999984379155621,-0.0007248489197228902,0.00038292880140312294,-0.0015659265667556912
1750194842844411904,0.0017897779938431668,-0.012556541408724087,-0.0017605226607768643,0.9999984349721531,-0.0007259146680658197,0.0003791436430940537,-0.0015682318824365795
1750194842967101952,0.0017929865763903763,-0.01260106244768533,-0.001761382734502881,0.9999984296673678,-0.0007252932447818724,0.00037631719473289017,-0.001572576826855635
1750194843200984064,0.0017917309312123209,-0.012643703135544193,-0.001767445571910109,0.9999984212905293,-0.0007228998431850457,0.0003754988327314773,-0.0015791874150783316
1750194843324169472,0.0017943800292057333,-0.01269135547093736,-0.001767187323918673,0.9999984138236497,-0.0007224953670302686,0.00037027383042284557,-0.0015853226546898658
1750194843552577536,0.0017973770109067644,-0.012727353112884643,-0.0017686858058865162,0.9999984040275144,-0.0007255943605358557,0.0003669561167572988,-0.0015908483449172462
1750194843675778560,0.0018010922025188947,-0.012773645198072892,-0.001771811548464175,0.9999983899661499,-0.0007224498760147432,0.00036110657017648484,-0.0016024148431936054
1750194843906123520,0.00180313479082983,-0.012814185797369149,-0.0017746137290539643,0.9999983726265858,-0.0007250805336881726,0.0003607314145074848,-0.0016121027406941222
1750194844029989376,0.00180680583936077,-0.012858108492887155,-0.0017745836609992516,0.9999983660948657,-0.0007235461017785042,0.0003530671463259926,-0.0016185277964737808
1750194844262401792,0.0018103388454600022,-0.01290394847350651,-0.001775619732113487,0.9999983489944979,-0.0007266764919122399,0.00034845144282523525,-0.0016286593095027207
1750194844388836864,0.001812449529110971,-0.012945817590482633,-0.0017764148171588445,0.9999983433142529,-0.0007235012532587145,0.0003433818244876313,-0.001634626443289312
1750194844618627072,0.0018163059343869747,-0.012988586084531129,-0.0017766183027756455,0.9999983306448903,-0.0007195099948726922,0.0003383638546346943,-0.0016451512700285157
1750194844745126912,0.001818044880174341,-0.01302837317621286,-0.0017759376975927665,0.999998320257228,-0.0007182161894888038,0.0003336908776279049,-0.0016529666136517256
1750194844976989952,0.0018217253903829445,-0.013070836981440515,-0.0017784258072532921,0.9999983175502187,-0.0007126042190334945,0.0003299029159032881,-0.0016577864835503702
1750194845103398400,0.0018260452860197063,-0.01311739756027741,-0.0017787477339745728,0.9999983025219549,-0.0007083663352512125,0.0003237646914036923,-0.0016698343535549304
1750194845335000064,0.001828165188258346,-0.01315587017294817,-0.0017797872182412355,0.999998286563099,-0.0007076742251794421,0.00032155737928239085,-0.00168008003052436
1750194845460540160,0.0018287323355421492,-0.013195404637245112,-0.0017812219814028474,0.9999982812549919,-0.0007032506343548464,0.00031699513638253134,-0.0016859536443375091
1750194845698177024,0.0018311384675033793,-0.013245814194367433,-0.001786264035884333,0.9999982514318222,-0.0007083335694411183,0.0003197509450765438,-0.0017009280365174824
1750194845824400384,0.001834531382419513,-0.013284790603628416,-0.0017863490803975424,0.9999982415615314,-0.0007059401970369057,0.00031771929435032216,-0.001708091547090083
1750194846061442816,0.0018378745930789364,-0.013327063049510812,-0.0017857253542530316,0.9999982295477585,-0.000703420674957177,0.0003127317622186254,-0.001717061311575293
1750194846188254464,0.0018395320293320694,-0.013366134005624808,-0.0017876549803004238,0.9999982147105668,-0.0006973636362101135,0.00030967333575230313,-0.0017286879599970266
1750194846418555648,0.0018421262030878793,-0.013409907827216294,-0.0017865269136740913,0.9999982107362225,-0.0006907468528933589,0.0003041155807351811,-0.0017346200887924073
1750194846544733440,0.001842428827949938,-0.013457238800066662,-0.0017865427675665124,0.9999981905549188,-0.0006889838304894079,0.0002973102494838244,-0.0017480831745872185
1750194846778998784,0.0018421086528093156,-0.013498254311159918,-0.0017862655509208736,0.9999981779126252,-0.0006871941897232336,0.0002930073378318476,-0.0017567248716508783
1750194846903703040,0.0018426473630466234,-0.013545525474149223,-0.0017882323120277377,0.9999981566825921,-0.0006885739769094744,0.00028595433446657693,-0.0017693861688909429
1750194847138205440,0.0018447522424311913,-0.013591122403404654,-0.0017892006585533693,0.9999981364696856,-0.0006896906448408686,0.0002804197016411086,-0.0017812211433533786
1750194847265197568,0.001844019305563549,-0.013629440221317957,-0.0017905223543466242,0.9999981267891006,-0.000683203101669509,0.00027467227862411987,-0.0017900298744139656
1750194847498896128,0.0018487199145589273,-0.013672748707131532,-0.0017902905920235135,0.9999981158998649,-0.0006812710872076761,0.0002686176334990062,-0.0017977516495606138
1750194847620942592,0.0018474984646035253,-0.013715342446926293,-0.0017924435053595644,0.9999980984421994,-0.0006804324606014169,0.00026588625203022477,-0.0018081560088998828
1750194847850446336,0.0018477311884641523,-0.013754501659650309,-0.0017947230675212644,0.9999980687408166,-0.0006753469775835308,0.00026434010374388827,-0.0018266213089812204
1750194847971883520,0.001850077714401266,-0.013794373352751244,-0.0017951952812866878,0.999998051925052,-0.0006766075960846954,0.00025988905458094845,-0.0018359754740382623
1750194848198795264,0.0018515124794724613,-0.01383289173661506,-0.0017945708644342417,0.9999980430092109,-0.0006745759032392204,0.00025443016386520823,-0.0018423328663864863
1750194848324502528,0.0018518353471685955,-0.013880272943305627,-0.0017948189040453144,0.999998013495202,-0.0006753750997987881,0.0002501423278007218,-0.001858575513758106
1750194848558022400,0.001854861744202907,-0.013924341877699753,-0.0017935893063074637,0.9999979987769293,-0.0006735778597400642,0.0002442914494549736,-0.0018679016812632005
1750194848685765120,0.0018532822136680949,-0.01396617882410478,-0.001795937172223372,0.9999979819717781,-0.0006698959275898708,0.00024087525656173696,-0.0018786353898751665
1750194848914585088,0.0018536847332226714,-0.014010792951737017,-0.0018019181244195437,0.9999979516056724,-0.0006697197911015853,0.00024287798899182237,-0.0018945369205503907
1750194849038128128,0.0018555661601391549,-0.01405338449452298,-0.001801597623654505,0.9999979228946134,-0.000671208840472261,0.00023965540295473454,-0.0019095157603833783
1750194849267134464,0.0018558006896602919,-0.014099386949695258,-0.001803620573091802,0.9999979031694133,-0.0006657861872976616,0.00023557104256611452,-0.0019222101376936101
1750194849389133312,0.0018595737336513096,-0.014146013628636211,-0.0018034862380185146,0.9999978857972391,-0.000665059940102555,0.00022819928881351995,-0.0019323616152914671
1750194849618823680,0.0018592800457017944,-0.014198644352225287,-0.0018046108379534687,0.9999978545503904,-0.0006607667767503857,0.0002240634334516631,-0.0019504044351510844
1750194849741839104,0.0018586382770440224,-0.014249574592337666,-0.001804909594079973,0.9999978205623626,-0.0006584207741761233,0.00022143063128134005,-0.0019688374955646832
1750194849970262784,0.001857298784401884,-0.01429219823706429,-0.0018060870538092466,0.9999977883993415,-0.0006560442185257091,0.00021629077771773253,-0.0019864593396956526
1750194850102030848,0.0018569796336356248,-0.014337604176388297,-0.0018068184200479287,0.9999977716953532,-0.0006524443345482499,0.00020849359506235377,-0.001996860320438194
1750194850331516672,0.0018580329040602805,-0.014376921839057921,-0.001808012887849042,0.9999977523066653,-0.0006489489980090518,0.00020367541042076777,-0.0020081740816391487
1750194850456328448,0.0018588453092185375,-0.014424417552099555,-0.0018084382928011955,0.9999977313065418,-0.0006430733512379769,0.00019814936780356566,-0.0020210332165055108
1750194850687029760,0.0018597891712577308,-0.014471270978098971,-0.0018092360156747311,0.999997712435654,-0.0006392540969059934,0.00019358501640338163,-0.0020319947095857817
1750194850810408960,0.0018576543517765387,-0.014519023343130932,-0.001809618024966042,0.9999976789660993,-0.0006394537168596638,0.00018893852708627422,-0.002048771239361515
1750194851043833856,0.0018579369768927378,-0.01456824169615345,-0.0018116754716341887,0.9999976482549966,-0.0006335682308465779,0.00018244871969845652,-0.0020661046047342666
1750194851167715072,0.0018595084188266497,-0.01461329234339992,-0.0018115844206807452,0.9999976235365018,-0.0006351122513362835,0.00017770390195273781,-0.0020779737968376235
1750194851404899840,0.0018602761427093384,-0.014657903466566147,-0.0018123929891036283,0.9999975886568604,-0.0006299776117160536,0.0001734358400081262,-0.00209659931385537
1750194851530536448,0.001858926650193382,-0.014701470801377958,-0.0018145912452207646,0.9999975594467209,-0.0006254650668409611,0.00016618243698307943,-0.0021124103412327702
1750194851763418368,0.001858460822693253,-0.01474128816740361,-0.001815810041948751,0.9999975377918928,-0.0006258675934833347,0.00016316459386530368,-0.002122752275362263
1750194851887514112,0.001859754912294953,-0.014783845342612345,-0.0018145689079536176,0.9999975180481028,-0.0006224861324541573,0.00015787208095961375,-0.002133420974670477
1750194852117239040,0.001858075435051454,-0.014831759162056812,-0.0018190382066576305,0.9999974783648249,-0.0006131496207888812,0.00015370784902119013,-0.0021549212123316962
1750194852241475584,0.0018582019217561196,-0.014876847832073103,-0.001819064906099399,0.999997453261945,-0.0006141327310156747,0.00014993424936569796,-0.002166524944196815
1750194852471791104,0.0018588834543189492,-0.014914083469451,-0.001818783683672276,0.9999974380139555,-0.000609037752229432,0.00014553443575626796,-0.0021752834918202543
1750194852596565504,0.001858687369222345,-0.01495327887734721,-0.0018215824376470735,0.9999973980661994,-0.0006098560083150396,0.00014413008027173283,-0.0021934363451390163
1750194852825021440,0.0018600592589326226,-0.01499764329395692,-0.0018231261643166796,0.9999973745876115,-0.0006046727704272201,0.00014252393203209227,-0.0022056463120078097
1750194852948423424,0.0018601983785453413,-0.015039666767644455,-0.001823814923682221,0.9999973577031133,-0.0006106770787393556,0.00014067193759372795,-0.0022117576049678314
1750194853180461056,0.001859472270318463,-0.015078647201510975,-0.0018259719408795227,0.9999973485737306,-0.0006091244089326792,0.000137759231125012,-0.0022164916778119595
1750194853304710144,0.001859087414157301,-0.015118665502900086,-0.0018281194804803391,0.9999973167575756,-0.0006044974032020457,0.0001329337153914677,-0.0022323505920565706
1750194853535043072,0.0018578759640748288,-0.01516031555260966,-0.0018292515974285273,0.9999972993562081,-0.0006008080134226299,0.00012878773495461642,-0.0022413664895508567
1750194853659942144,0.0018584809639934363,-0.01520207199082968,-0.0018294678757153626,0.9999972706858011,-0.0006027532021837703,0.00012587926475565153,-0.002253766610906213
1750194853890788352,0.0018583437556509708,-0.015245992420709342,-0.0018300151349244231,0.9999972522258567,-0.0006009791992728287,0.00012121279074187902,-0.0022626692638323775
1750194854015056896,0.0018622674749817492,-0.015287636618219302,-0.0018294767206059603,0.9999972237825434,-0.0006023674913750983,0.00011801025012914198,-0.0022750064158194253
1750194854244274944,0.0018620595382632388,-0.01533235003666178,-0.0018303482190482612,0.9999971931687446,-0.0006016850076131543,0.00011504854261375674,-0.0022887537257165087
1750194854370905344,0.0018677728792093617,-0.015375325386903782,-0.0018301002374401243,0.9999971637172371,-0.0005983112768516365,0.00011735767925330357,-0.0023023484254832446
1750194854601199104,0.001875984393004515,-0.01541803004648834,-0.001830182657587276,0.9999971317810037,-0.0006011487634755846,0.00011889030455485641,-0.002315364987576084
1750194854724314624,0.0018856382289920148,-0.015462818189546645,-0.00182846447102758,0.999997106336151,-0.0006015753541671814,0.00012066027027455855,-0.002326127149846238
1750194854953538560,0.0018941447049174442,-0.015510188061252705,-0.0018282463036229935,0.9999970768585815,-0.000599291330157297,0.00012215315509596874,-0.0023392739900631584
1750194855076584448,0.0019006696169308057,-0.01555865597975803,-0.0018289426069268977,0.9999970374762623,-0.0006001310638893441,0.00012496316953202824,-0.0023556879274175195
1750194855306377472,0.0019053568117346487,-0.015602576847681071,-0.0018293139802896263,0.9999970104215079,-0.0006031033944418715,0.0001256577125863601,-0.0023663525691754316
1750194855427679232,0.0019153072185114084,-0.01564551826838745,-0.0018279694796046186,0.9999969803633676,-0.0006037876560587611,0.00012645578004694252,-0.0023788050674217248
1750194855654321408,0.001921682039470518,-0.015688066305620474,-0.0018287355526953597,0.9999969601633902,-0.0006008398571813077,0.00012616724778441278,-0.0023880404666665436
1750194855776665344,0.0019286567845622216,-0.01573900107701043,-0.0018278796542952058,0.999996918856048,-0.0005992393164961867,0.00012639154816521895,-0.002405663282473283
1750194856004121088,0.0019354546102112735,-0.01578524073134968,-0.0018282997970531234,0.9999968858688241,-0.0005978136837665293,0.00012555522799005027,-0.0024197329063897245
1750194856127628544,0.0019429246970306124,-0.01583256219680962,-0.0018274480025137763,0.9999968612154696,-0.0005941995810252632,0.00012425043164145498,-0.002430853326864361
1750194856351771648,0.001949446194723592,-0.015880698807339222,-0.001827726645115213,0.9999968285073271,-0.000594158074386477,0.00012600960709000105,-0.0024441916964113393
1750194856474344704,0.001957219680973843,-0.01592683616640045,-0.001828083857854157,0.9999967970674349,-0.0005926186037367724,0.0001264029104045705,-0.0024573726551109605
1750194856706355200,0.0019683463249515754,-0.01597475195069986,-0.001826050232411891,0.9999967738919342,-0.0005921420954846696,0.00012574360319930793,-0.0024669337260634396
1750194856827969536,0.001976366677736152,-0.01602233862403324,-0.001826072360367803,0.9999967485435417,-0.0005933170513847591,0.00012548640457658237,-0.002476919535164
1750194857060009472,0.0019782212762660123,-0.01606615493103991,-0.0018269581309748872,0.9999967172465957,-0.0005928135414630423,0.000127402165314278,-0.002489545505851287
1750194857183163904,0.0019850114919881534,-0.016109279155209322,-0.00182780814793837,0.9999966874672932,-0.0005934873784611311,0.00013007892726312327,-0.0025011810500292237
1750194857409778688,0.0019935508436557114,-0.016153634064427713,-0.001828484226175764,0.9999966737574625,-0.0005933551732060326,0.0001321470476434055,-0.0025065795034793664
1750194857532600576,0.0020010335633831033,-0.01619789033356156,-0.0018282944915593013,0.9999966414652778,-0.0005947290021407368,0.00013306510637751842,-0.002519057215709324
1750194857762209280,0.0020026775854429246,-0.01623757367178502,-0.001830827253292977,0.9999966148443974,-0.0005926470082273692,0.0001342304873523476,-0.0025300299298962425
1750194857885292288,0.00200980744457091,-0.01628824769795134,-0.001830993519233548,0.9999965762883375,-0.0005933893817661926,0.0001353400633999307,-0.0025449918883543587
1750194858117567232,0.0020187519480403537,-0.016332184870180733,-0.0018305005592376133,0.9999965554796071,-0.000593872555221199,0.00013525431445968333,-0.002553047312446922
1750194858240386048,0.002028328470099261,-0.016379040999863648,-0.0018305450690010439,0.9999965300380241,-0.0005916071241154346,0.00013734745132961516,-0.002563405664230417
1750194858469173760,0.00203572704725552,-0.016424702639669775,-0.001831282709303661,0.9999965041725305,-0.0005922490528686015,0.0001401833299725744,-0.0025731755500477695
1750194858593176064,0.002039361851813304,-0.016459891426791273,-0.0018331453995505953,0.9999964702606976,-0.0005908054579608146,0.00014033223235051007,-0.0025866429829196212
1750194858822397184,0.0020453601550176614,-0.016508475679240853,-0.001833617626778583,0.9999964465636085,-0.0005898917533441758,0.00014205244356160331,-0.002595902343775344
1750194858945479680,0.0020519337469142584,-0.016549257132894013,-0.0018340141178554425,0.9999964225568461,-0.0005913574221856338,0.00014184479413908925,-0.002604812846174933
1750194859174005504,0.00205504033400139,-0.01659107418843231,-0.001834978458600034,0.9999963973389663,-0.0005881751838565823,0.0001430939641651194,-0.0026151258399259845
1750194859296598272,0.0020640555658468784,-0.016634218372097997,-0.0018341612593704149,0.9999963781229962,-0.0005885941199516757,0.00014429093434926442,-0.00262230394455513
1750194859525402624,0.002067536720833374,-0.01668935112360792,-0.0018373532605031606,0.9999963403205461,-0.0005894162429991713,0.00014509077655397833,-0.0026364526686137044
1750194859650261760,0.002074376397722233,-0.01672724169714268,-0.0018366382696304306,0.9999963101721461,-0.0005874125666188888,0.00014577202472070442,-0.0026482709616664608
1750194859878142976,0.0020826775171585155,-0.0167776531504904,-0.001838228141330056,0.9999962604809185,-0.0005866690139247189,0.00014752354233884147,-0.0026670358923995114
1750194859998683136,0.0020883840294638745,-0.016819965884780963,-0.0018371448383178723,0.9999962258548732,-0.0005866287874178232,0.0001482795663371186,-0.0026799544483497332
1750194860224843776,0.0020999339212206536,-0.01687351090019895,-0.001837039061036716,0.999996206524236,-0.0005861207532795595,0.00014797703228755944,-0.002687285321326815
1750194860346179072,0.002106028999903309,-0.016917624585646607,-0.0018372459732689528,0.9999961806776643,-0.0005867043492068148,0.00014813735563596911,-0.0026967505288400186
1750194860574586880,0.0021135175238962134,-0.016958153042500257,-0.001836882977171772,0.9999961476080471,-0.0005889026147168707,0.00014922168436914257,-0.002708448940637515
1750194860695326464,0.0021179815093210763,-0.017001006137968844,-0.0018382392817373194,0.9999961185654884,-0.0005888235421679847,0.00015022044700078018,-0.002719112835268146
1750194860921944832,0.0021252933108728556,-0.017050194654689932,-0.0018382214406482689,0.99999608065648,-0.0005889421414564809,0.0001491095932018474,-0.0027330541820140067
1750194861045051392,0.002130726371348146,-0.017094220452943176,-0.0018409532722847288,0.999996045303452,-0.000587317631936498,0.00015220119340310595,-0.002746137333123082
1750194861274930176,0.0021359704176679983,-0.017137131530676086,-0.0018407601110532745,0.9999960153141877,-0.0005827930550792609,0.00015213389760071664,-0.002757999869282916
1750194861397359872,0.0021367341890341507,-0.01718089614566143,-0.0018446899928772353,0.9999959668368245,-0.0005808251705541714,0.00015371382414193814,-0.002775846585478214
1750194861628896256,0.002142390458887533,-0.01722598971636824,-0.0018464368933104325,0.9999959367720941,-0.0005834720926990366,0.0001542652351566202,-0.0027860728375671824
1750194861751385088,0.002151141995685002,-0.017267965659898188,-0.0018461402538476612,0.9999959049255024,-0.0005820387727629165,0.00015664797250350738,-0.002797646243739226
1750194861982816768,0.00215629872820422,-0.017313888414341783,-0.0018487305853271963,0.9999958619825825,-0.0005856233329938317,0.0001565697281802009,-0.0028122142421230577
1750194862105322240,0.002163121235383869,-0.017364900038727704,-0.0018508091573905538,0.9999958229172621,-0.0005862099328834225,0.0001599336906825925,-0.0028257613410756547
1750194862336651776,0.0021688245764579506,-0.017408819079055782,-0.0018515819721702798,0.9999957817018738,-0.0005846610604072749,0.00015996019423288526,-0.002840627155941733
1750194862456560384,0.00217702106739992,-0.017458648055223236,-0.0018515932545768443,0.9999957556386193,-0.0005784772097596862,0.00015909366410067142,-0.0028510976957099214
1750194862686420480,0.0021865907608171753,-0.01750484156895471,-0.001850802442936228,0.9999957358480694,-0.0005798216765259781,0.00015838745453046731,-0.0028577973888329867
1750194862808909312,0.002195787935085569,-0.017546500243175167,-0.0018498011366765432,0.9999957091738751,-0.0005770308414242853,0.00015678264636437606,-0.002867767153783571
1750194863037209344,0.0022047579013708685,-0.017597662199669628,-0.0018497014103759923,0.9999956685165001,-0.0005760720105879448,0.0001578528802107344,-0.0028820429810865835
1750194863159780608,0.0022099743380197268,-0.017639345227405734,-0.001851979716125829,0.9999956344745481,-0.0005726284196341275,0.000157039025968459,-0.002894558219007826
1750194863389653248,0.0022161209266196025,-0.017687006118681126,-0.0018526387862909388,0.9999956021359088,-0.0005706167228203021,0.0001585883911113952,-0.0029060204952998923
1750194863511626752,0.0022202580985464238,-0.017732599392743964,-0.0018544100156514531,0.9999955728186287,-0.0005651690773073602,0.00016009755275903057,-0.0029170697334896805
1750194863743417344,0.0022229855809339227,-0.017771156606834815,-0.0018566023188668623,0.9999955309411994,-0.0005659276969731425,0.0001610826717327147,-0.002931190175194397
1750194863866065408,0.002230000030409407,-0.017819739031688542,-0.0018574759875118474,0.9999954972200463,-0.0005634449446091629,0.00016038312168621818,-0.0029431864842599307
1750194864093651968,0.002235784099733351,-0.01786192139336773,-0.0018569037666704702,0.9999954789322656,-0.0005643869412895056,0.0001618512769933954,-0.0029491331901481516
1750194864216960256,0.0022422372589945283,-0.01790679187220512,-0.0018569157263228497,0.9999954314212396,-0.0005606807077922572,0.00016238291788337272,-0.0029658734937821757
1750194864445512192,0.0022489695762484274,-0.01796099906553117,-0.001857821156291628,0.9999953850821762,-0.0005640569020657771,0.00016271677212114817,-0.0029808014716082992
1750194864568676096,0.0022596834584982517,-0.018006217156651516,-0.0018573864432878118,0.9999953576926155,-0.0005642367248131333,0.0001621435325013139,-0.0029899731789998062
1750194864798615552,0.002266074523684658,-0.01805938648245231,-0.0018583013508526314,0.9999952976186612,-0.0005597456913222922,0.0001632626569865942,-0.0030107757523017793
1750194864921499136,0.002273770452917212,-0.0181056542141258,-0.0018581474814207688,0.9999952636766113,-0.0005597171468623081,0.00016500562937224223,-0.0030219388151086373
1750194865152771584,0.002279312921777965,-0.018142144249048364,-0.0018612760579852505,0.9999952305800374,-0.0005552522002250047,0.00016378913835761233,-0.003033757618920555
1750194865275393536,0.002284966558595336,-0.018189359325998744,-0.0018613401021072562,0.9999951911846613,-0.0005551094175746931,0.0001658964859154904,-0.00304662755239538
1750194865506589440,0.0022906680940089075,-0.018226435123876783,-0.0018623695296113851,0.9999951612275481,-0.0005533921421554311,0.0001662135103317504,-0.003056738735337894
1750194865628440064,0.002294781608781271,-0.01827164685612459,-0.0018634909125512245,0.9999951313592623,-0.000555603218340553,0.00016745162467544922,-0.003066027199669148
1750194865858737408,0.002300275935955831,-0.01831633855610537,-0.0018633803272392058,0.9999950982995175,-0.0005510801118433431,0.0001663376934469256,-0.003077664604929812
1750194865980274432,0.0023061257567649207,-0.018352490992809223,-0.001864596597680901,0.9999950644347618,-0.0005474619115664485,0.00016490566284913752,-0.00308936849441437
1750194866208721408,0.0023118517306190967,-0.01839240114672247,-0.0018650106759960927,0.9999950450971181,-0.0005471552790723162,0.00016464228805288482,-0.0030956897826656454
1750194866333047808,0.002320059245808359,-0.0184456768610346,-0.0018650097448995595,0.9999950177006198,-0.0005460959279101064,0.00016489169471775095,-0.0031047002920234767
1750194866563108864,0.002328974287855168,-0.01849296030372649,-0.001864040199964112,0.9999949784328176,-0.0005440253897403407,0.00016421971740833042,-0.0031177199053460504
1750194866685443584,0.0023347804517639403,-0.018530618578785685,-0.0018666482167608578,0.9999949529167549,-0.0005445375293879449,0.00016628449991442124,-0.0031256950205219994
1750194866914876160,0.0023390085949026584,-0.018575469098126796,-0.0018683273926063393,0.9999949157628694,-0.0005402688258636543,0.00016772112457448678,-0.003138220456272623
1750194867038366976,0.00234688807521799,-0.01861373938588251,-0.0018686636895712816,0.9999948937509426,-0.0005388964728270267,0.00016638548665431593,-0.003145533102964149
1750194867271347456,0.002350075049360356,-0.018666659739488445,-0.0018708910826461533,0.9999948456989224,-0.0005378352395112388,0.00016746385281852226,-0.0031608961863769085
1750194867395690240,0.0023565715243272223,-0.018722864356687907,-0.0018721193838953099,0.999994800466315,-0.0005404218147268948,0.00016822217928156254,-0.0031746946144898197
1750194867624981248,0.0023649862477563843,-0.018768524168898182,-0.0018732584656153684,0.9999947723164951,-0.0005375874124390724,0.0001701291852362443,-0.0031839276868800863
1750194867748168192,0.0023761307446221736,-0.0188205493072946,-0.0018720479480731633,0.9999947413203858,-0.0005366460184991081,0.00017204444976836287,-0.0031937037014619584
1750194867978210304,0.0023829285702712255,-0.018866788961632075,-0.001872468090831525,0.9999946954762056,-0.0005379612662913985,0.00017150570733695894,-0.00320783461534337
1750194868101391104,0.0023916198186553217,-0.018923906994572803,-0.0018728177865572349,0.9999946327940086,-0.0005387145286551174,0.00017309396461030456,-0.0032271052526999583
1750194868331451904,0.002396026686896313,-0.018980295873415542,-0.0018729643085189096,0.9999945815068254,-0.000533490705818151,0.0001716591824193611,-0.0032438985466766096
1750194868455871232,0.002399891529473841,-0.019017215048942937,-0.001874677388966628,0.9999945521590317,-0.0005291016403507219,0.00017334531434891735,-0.0032535603750059963
1750194868689916672,0.0024084466852807296,-0.019056898455796834,-0.0018741594093354408,0.9999945258676971,-0.0005271749156715484,0.00017373137913006964,-0.0032619225398327857
1750194868811487744,0.0024149510132653873,-0.019118156117177598,-0.001877231614872965,0.9999944447212987,-0.0005236666113655791,0.00017233567638437114,-0.0032873393855965623
1750194869036818176,0.002424321935745155,-0.01916611621448805,-0.0018768103852462303,0.9999943968103425,-0.0005228176612539821,0.00017216009385355327,-0.003302025214050014
1750194869163631872,0.0024306765138684128,-0.019208614017879988,-0.001877344272618764,0.999994362284577,-0.0005188728489085429,0.00017417795148968397,-0.0033129793343439264
1750194869394825984,0.002438601699835452,-0.01925415932374186,-0.0018783059889977416,0.9999943180055451,-0.0005192758089712688,0.000175361980711842,-0.0033261926334213366
1750194869520939776,0.0024428734998753754,-0.01929750400472674,-0.0018785934184872843,0.9999942928213751,-0.0005220763251612648,0.00017714820019640464,-0.003333223590418124
1750194869752620800,0.002450719763253062,-0.01935162923168754,-0.001880643557762518,0.9999942290724241,-0.0005216568422868681,0.00018044257316937872,-0.003352183835190508
1750194869878344960,0.002456932103338083,-0.019393260197986706,-0.0018830911192111444,0.9999941866028725,-0.0005154630517031384,0.00018103902614736536,-0.0033657515018804146
1750194870109156352,0.0024623438966022704,-0.019432845334168114,-0.0018845821822446318,0.9999941463994558,-0.0005148075398820659,0.00018310834487206057,-0.003377663594035337
1750194870234716416,0.0024707922770588198,-0.01947794299810912,-0.0018853503139970584,0.9999941165028536,-0.0005168269985755344,0.00018254922839092228,-0.003386225820898854
1750194870465336320,0.0024795438138562886,-0.01951991894163907,-0.0018850536745342872,0.9999940865591644,-0.0005176591061205457,0.00018287878621034876,-0.003394912532233912
1750194870591036160,0.0024871024819415055,-0.019570556772632308,-0.0018847007486622047,0.9999940253611127,-0.0005175974863965734,0.00018291075800496662,-0.0034128988520889204
1750194870819202048,0.0024943180922996078,-0.01961331349365203,-0.0018846139131105666,0.9999939644880598,-0.0005135195860602038,0.00018320908133857494,-0.003431285403473262
1750194870943226112,0.002502098407192399,-0.019660113468664697,-0.0018858064472535574,0.9999939171930469,-0.0005123148807798495,0.00018380948652666862,-0.0034451885929955147
1750194871175091712,0.0025094588886247493,-0.01970161552053451,-0.001885488793937462,0.9999938606796926,-0.0005108094442936617,0.0001826603892634838,-0.003461836480395625
1750194871299727360,0.0025167446891645184,-0.019743064052786252,-0.0018886166932561288,0.9999938078997701,-0.0005048309015442473,0.0001846875784283459,-0.003477815172870045
1750194871532444928,0.0025195118759366864,-0.019779268920339987,-0.001892538563516677,0.9999937703453409,-0.0005022858310899482,0.00018551952302436198,-0.0034889198844447237
1750194871658497024,0.0025281203473204172,-0.019829342775468106,-0.0018922161290939599,0.9999937105302972,-0.0005021219068620013,0.00018511886124994485,-0.003506066805683336
1750194871887216128,0.002535467414560344,-0.019871457209448273,-0.0018925016114637039,0.9999936564386721,-0.0004989512722747726,0.0001849908297094467,-0.003521918289171257
1750194872011753472,0.002540757166531016,-0.01992164330528734,-0.001892933869646285,0.9999935923791767,-0.0004989739597535382,0.00018406479358976427,-0.0035401053272461672
1750194872240340480,0.0025484733385985336,-0.019967961270801915,-0.0018930121859326299,0.9999935485516632,-0.0004951686616897043,0.00018506805896465186,-0.0035529442526164978
1750194872367270400,0.0025579578650702928,-0.020011169726976696,-0.0018921401663267723,0.9999935124334625,-0.0004926741794752846,0.00018524106007646965,-0.0035634321782744296
1750194872596152832,0.0025627751511843044,-0.020062897856344186,-0.0018944833626775015,0.9999934555006925,-0.0004885330829346641,0.00018607114528170531,-0.0035798978673094927
1750194872720347392,0.0025648287637416445,-0.02010688519378423,-0.001897273329764193,0.999993407375473,-0.0004917483289215339,0.0001881908673220589,-0.0035927668125768693
1750194872950785536,0.002573865262797348,-0.020154470039521755,-0.0018976968991379906,0.9999933737975121,-0.0004886116818990995,0.00019067870177625094,-0.0036023966086905315
1750194873075030528,0.00258216774780351,-0.020196431944384585,-0.0018976872657701094,0.99999333394071,-0.0004887661072032406,0.00019333806389841912,-0.0036132813659035343
1750194873307842304,0.0025908669933993878,-0.020232407867869284,-0.001898203663983633,0.9999933095602673,-0.00048735251210923743,0.0001928701652265829,-0.0036202380214263113
1750194873433998336,0.0025967017913552937,-0.02027568462115603,-0.001899348796684741,0.9999932480661772,-0.0004850491398614753,0.00019521541481225474,-0.003637367225140606
1750194873666197760,0.002600906277338666,-0.020320153598681223,-0.0019003781261095476,0.9999932162849605,-0.00048323150220449645,0.00019399259508043478,-0.0036464007251500166
1750194873793145600,0.0026078195126402193,-0.020368484854331292,-0.0019000908661639393,0.9999931579086025,-0.00047891931767939447,0.00019518967468619053,-0.0036628777291073497
1750194874026768384,0.0026159962930156766,-0.02041072126177479,-0.0019076221844853691,0.9999930984496694,-0.0004902971684817407,0.0001966561124660661,-0.0036774975308956495
1750194874152472320,0.0026238526023556474,-0.02045248523574017,-0.0019118561920179467,0.9999930742591856,-0.0004955395098188243,0.00020008691042907104,-0.0036831833357914728
1750194874382093056,0.0026319284636633355,-0.02049304806017105,-0.0019124138291513049,0.9999930098181575,-0.0004951283286265434,0.00019682464447578202,-0.003700867846823913
1750194874505933056,0.0026379386184904874,-0.02053611430207436,-0.0019148133119117894,0.9999929609534663,-0.0004989772893111552,0.00019852556698712575,-0.003713442174439587
1750194874733339392,0.0026449725295147886,-0.02058229414655255,-0.00191718436188415,0.9999928992402515,-0.0004957025055540331,0.00019998875136268226,-0.0037303823666544737
1750194874858100736,0.002654286137810935,-0.020630434850317236,-0.0019164842358052603,0.9999928551309604,-0.0004924853919771332,0.0001992864639702277,-0.0037426501404907867
1750194875088305408,0.0026589228470719206,-0.02067519894064418,-0.0019174120341189926,0.9999928102118997,-0.0004925714769955728,0.000199148078390225,-0.0037546288618668265
1750194875211844864,0.0026677090652738045,-0.020721003164133833,-0.0019177530275733545,0.9999927299881564,-0.0004887174096767371,0.00019771957874102638,-0.0037765107037547926
1750194875443329792,0.00267156707920968,-0.020757259723709787,-0.001918630786617026,0.9999926816677295,-0.0004849772196687314,0.00019728766099508498,-0.0037897870201347
1750194875567028736,0.002680809959129782,-0.02080619341603729,-0.0019182548997713766,0.9999926314488324,-0.0004831683746214778,0.00019737385195242612,-0.003803240713387518
1750194875793868032,0.0026862298024115105,-0.02086418677332169,-0.0019206589809419583,0.9999925684376495,-0.0004813638212722181,0.00019889817393721086,-0.0038199211851227713
1750194875918136064,0.0026933249801368575,-0.020911032519527417,-0.0019201876139662843,0.9999925247342779,-0.0004776420660467015,0.00020122974209466863,-0.003831688950302114
1750194876149118976,0.0027013916228568746,-0.02095499184826277,-0.0019205008518783373,0.9999924775823009,-0.00046968493093588626,0.0002036157517322883,-0.0038448297105275293
1750194876273196032,0.002708637134726466,-0.021009695089753144,-0.0019222334936088714,0.9999924274268889,-0.0004684451128184051,0.00020567764213315736,-0.0038578938246030376
1750194876502113024,0.0027175724196091267,-0.02105702876628701,-0.0019214961343916315,0.9999923787563699,-0.0004697797341806701,0.0002085265811940439,-0.0038701747819739336
1750194876626204672,0.0027261304054508884,-0.02110794584381992,-0.0019217301249203622,0.9999923339969622,-0.00046456382847493414,0.0002118976318805009,-0.003882167841656994
1750194876857213440,0.002735805508647715,-0.021157174648949173,-0.0019212527069631946,0.9999922983505448,-0.00045898801891482345,0.00021386967600015938,-0.0038918927728184356
1750194876980824320,0.00274413584641664,-0.021202302217821156,-0.0019210453851088438,0.9999922485508345,-0.00045347588776379624,0.00021555212195911667,-0.0039052189628603923
1750194877209272832,0.0027556039855500813,-0.021253193483658173,-0.0019212760605635815,0.9999922092487624,-0.0004493540428351985,0.0002165776392676394,-0.003915688553694346
1750194877334405888,0.002763513367376902,-0.021303410291885427,-0.001923431834810696,0.99999216222966,-0.000448783346164716,0.00021950278766842948,-0.003927580843708409
1750194877565041920,0.002771547377444783,-0.02135232219711991,-0.0019251246055751459,0.9999921165047474,-0.0004481206906842037,0.00022386252770320643,-0.003939035639717734
1750194877689409792,0.0027801145818733275,-0.02139984277034923,-0.001925602995325626,0.9999920644939451,-0.0004445878341927354,0.0002266340472193039,-0.003952458450650483
1750194877919276544,0.002789980846081619,-0.021444189561729665,-0.001925185869559698,0.999992024594567,-0.0004421899696505982,0.00022825668280005083,-0.003962715505332293
1750194878043236864,0.002800337672125508,-0.021493041287691028,-0.0019259546920200599,0.9999919740759909,-0.0004408603434579331,0.0002334110029352354,-0.0039752918212587985
1750194878271945216,0.00280864357145294,-0.02153533450052869,-0.0019263627193542021,0.9999919270531722,-0.00043724768347446657,0.00023462407623725933,-0.003987429559139588
1750194878397641984,0.0028154969056251034,-0.021574550305965445,-0.00192731837129001,0.9999918803104769,-0.0004373156694134312,0.00023843806493511119,-0.003998901775593715
1750194878627876864,0.0028227395874598216,-0.021618019876776806,-0.0019282990428606261,0.999991834388943,-0.00043223509886214725,0.00023993287079787282,-0.004010830396973929
1750194878752719872,0.002831967687615844,-0.02167601549970044,-0.0019301257967678787,0.9999917488813196,-0.0004225136905713262,0.00024250628229316603,-0.00403296939781913
1750194878992502016,0.0028423276848910106,-0.021723260919624288,-0.001929038501436331,0.9999917039827275,-0.00041706577062053667,0.00024376631029309612,-0.004044576597099921
1750194879120316416,0.0028491399491086256,-0.02177327862008216,-0.0019298640913936183,0.9999916425372912,-0.00041289639009475603,0.0002461590621376121,-0.004060021903566012
1750194879351618304,0.002856851144284356,-0.0218143596491851,-0.0019320551381962758,0.9999915987538102,-0.0004106096682935204,0.0002503626767222739,-0.00407076651618326
1750194879476331520,0.0028608190066963246,-0.02185837323636619,-0.0019346725345106286,0.9999915559497399,-0.0004067644507590417,0.00025266587718424956,-0.004081510976850174
1750194879709710592,0.002868660831378378,-0.021907776727119632,-0.0019352964301990738,0.9999914865974663,-0.00040365038398637636,0.00025717046954139755,-0.004098495127038243
1750194879833421312,0.002881025465433673,-0.021965208004763426,-0.0019342788200376049,0.9999914389471337,-0.0003964092624625461,0.0002597052617099294,-0.004110650230153336
1750194880063484672,0.002889347608990178,-0.022018122506170634,-0.0019348356818462698,0.9999913952286056,-0.00040154207036515225,0.00026246259705678854,-0.004120600210869388
1750194880189527552,0.0028974331289752797,-0.022070581617231966,-0.0019369806105440368,0.9999913063174466,-0.00039221908389048757,0.0002647056469693709,-0.0041428715449073035
1750194880422717696,0.002908205106693096,-0.022118071916116477,-0.0019355595983827634,0.9999912625581049,-0.0003845597138268978,0.000268085227560882,-0.00415392002625895
1750194880546909440,0.002918051371155528,-0.02216430608766995,-0.001937184065393005,0.9999912240825596,-0.00038476234401447394,0.00027101759187103804,-0.004162963519870843
1750194880773305600,0.002925444144046274,-0.022213695539755385,-0.0019380949671763403,0.9999911791076663,-0.00037824955313260096,0.0002748126365300096,-0.0041741001604710445
1750194880895260160,0.002932680437329971,-0.022271795285550233,-0.0019395832096855692,0.9999910814633142,-0.00037452730420978956,0.0002807669354754651,-0.00419736739606763
1750194881126224384,0.0029386435209355355,-0.022316036057834054,-0.001942956778099525,0.9999910454574985,-0.0003688721738345249,0.00028426920804717614,-0.0042062012738243
1750194881248194816,0.002952667928385111,-0.02236892884077779,-0.0019425315561538703,0.9999909812469394,-0.0003643535275614562,0.0002876998085512266,-0.0042215992360872395
1750194881477555200,0.0029586590617531883,-0.022429690453993345,-0.0019447765499296388,0.9999908648316973,-0.0003607892295733632,0.0002887936197721168,-0.004249315536780736
1750194881597850624,0.0029683814792607066,-0.022479682342756213,-0.001945598824812933,0.9999908030178234,-0.00034961472791826054,0.0002898889830064465,-0.004264693856329376
1750194881827375872,0.0029754059286082324,-0.022527321077524753,-0.0019454516970700553,0.9999907288195476,-0.00034521328584506255,0.00029231049021948555,-0.004282249095331516
1750194881950848000,0.0029803873042570928,-0.022573454343351784,-0.0019467876784902138,0.9999906567153155,-0.00033828727518066753,0.0002951075728384631,-0.0042994133683400505
1750194882180983296,0.002986470774406058,-0.022625023653358944,-0.0019473411136834429,0.9999905787474043,-0.0003341291226931602,0.0002968846888290793,-0.004317711621020779
1750194882305766400,0.0029919038348804605,-0.0226690494516113,-0.0019500729453199028,0.9999905197520952,-0.00033425871762279076,0.000299972899221388,-0.0043311307188677785
1750194882541306880,0.003000403968344223,-0.022719631935392393,-0.0019535670134991356,0.9999904494081097,-0.0003281653239658548,0.0003032336095760333,-0.0043475797249313336
1750194882665877760,0.003009758062310297,-0.022767873106838366,-0.001953331258856661,0.9999903817494423,-0.0003219737999641796,0.0003041057949829486,-0.004363514769329399
1750194882900302080,0.0030227557393320836,-0.022832613770166432,-0.001953859701339322,0.9999902891083696,-0.0003207054879074339,0.0003061365876401487,-0.004384645634368874
1750194883023217664,0.0030353057301315545,-0.022888890846341603,-0.001953075644849811,0.999990214169722,-0.00031323852645813585,0.00030999398684043006,-0.004401971166072608
1750194883254449408,0.00304834686705302,-0.022938770494393523,-0.001953143227128251,0.9999901575692721,-0.00031255838198652504,0.000311880862805752,-0.004414725605009465
1750194883376780032,0.003053625594776399,-0.022985509852087915,-0.00195358769881393,0.9999900917446589,-0.00031037567734617524,0.00031440182660821147,-0.004429585865371095
1750194883605060608,0.0030566041393038645,-0.023028300502643262,-0.0019545973823387186,0.9999900191485992,-0.0003000855467097522,0.0003175634965874819,-0.004446426123823181
1750194883728920576,0.0030669189171073086,-0.023072146132486537,-0.0019574322245814457,0.9999899373516771,-0.00029453598652390533,0.00032062489333157016,-0.00446493489532938
1750194883956613888,0.003076332130918402,-0.023127049939928312,-0.001957218753666723,0.9999898448390047,-0.0002906811145872238,0.00032377593760935376,-0.004485631783269164
1750194884077726976,0.0030804172086433823,-0.023179998370868482,-0.0019588721345518145,0.9999897675962494,-0.0002881471145181045,0.00032653412363953954,-0.004502782418208321
1750194884304564480,0.0030907445732655248,-0.023232196367292346,-0.0019591643720726637,0.9999897151098286,-0.00028148917009592986,0.00032975160003339556,-0.004514609871666888
1750194884425858560,0.00309873970632335,-0.023274495870373002,-0.001961067044827125,0.9999896560257236,-0.00028209107005469647,0.0003335340132943618,-0.004527363608635962
1750194884652487680,0.003106216621783453,-0.02332247995178527,-0.0019610505716913806,0.9999895830814143,-0.0002814658437559936,0.000337435386355664,-0.00454319744212823
1750194884775199232,0.0031150627872040815,-0.02336598206258067,-0.001963353317909533,0.999989487423985,-0.00027284851567765565,0.00034099148306166376,-0.004564462729785849
1750194885001109248,0.003127097777726462,-0.02341491984814148,-0.001961998662383113,0.999989425469855,-0.0002727844248171765,0.00034328996962018377,-0.004577847651831521
1750194885122408704,0.003136790733813122,-0.02346825800736685,-0.0019623443523268946,0.9999893654478078,-0.0002656434014142553,0.0003456309731524397,-0.004591183301073284
1750194885348813056,0.00314606307515497,-0.023513845429230962,-0.001962445050420758,0.9999893041194455,-0.0002682240811625985,0.0003487709962392777,-0.004604135243601956
1750194885469663744,0.0031576811083429135,-0.023557301399418584,-0.0019635368422399324,0.9999892493355561,-0.0002655627159012905,0.00035281871268258934,-0.004615864893067669
1750194885695090944,0.003169395332725422,-0.02360718916531024,-0.0019646976285216944,0.9999891648962439,-0.00026469690884676377,0.00036182710148189873,-0.004633476751619851
1750194885815669760,0.00317880537530435,-0.023663699278787753,-0.001966340275398437,0.9999890728668533,-0.00025945158064061497,0.00037091599556750217,-0.004652875787347197
1750194886040291840,0.0031853413115658924,-0.02371561393543775,-0.0019670243651992436,0.9999889743469063,-0.00025607307793473706,0.0003762193854122378,-0.00467376402647916
1750194886158908672,0.0031957722803070965,-0.023764003980811133,-0.0019678866091279446,0.9999888702450926,-0.0002554223868024683,0.00038493002074630915,-0.004695314071148029
1750194886383182080,0.00320818764299613,-0.02382252965006515,-0.001968586352508961,0.9999887368842317,-0.00025723371017690046,0.00039290698827250566,-0.004722876199482954
1750194886502569472,0.0032210031805934847,-0.023875400645916756,-0.0019702297881734054,0.9999886822602128,-0.00025660907474345186,0.0004001130255818082,-0.004733858133979019
1750194886727390464,0.0032343581569094226,-0.023938445288417043,-0.0019718284736853775,0.9999886198066292,-0.0002589850959554315,0.00040832052589580525,-0.00474620462063393
1750194886847025664,0.0032417181001465067,-0.02397943214008169,-0.0019750497944723833,0.9999885736895838,-0.00026421970024258776,0.00041460280741424356,-0.0047550796769004885
1750194887071584000,0.0032525805108809536,-0.02402566448403931,-0.001977075702899622,0.9999884994874997,-0.00026506362239901645,0.0004217631623289313,-0.004769984260965934
1750194887189657600,0.0032599580639178782,-0.024068823075786838,-0.001978846353093644,0.9999884469731752,-0.00026944617176504935,0.0004250181629544609,-0.0047804475207553305
1750194887415082240,0.0032679707086691323,-0.024128071909680138,-0.001984180221700882,0.9999883623118753,-0.00027354995647313474,0.0004361919964647061,-0.004796889385590201
1750194887532949504,0.0032773510928265637,-0.02417457311669935,-0.0019862771697893855,0.9999882964182658,-0.0002724235687216954,0.0004437379720734362,-0.0048099800941045386
1750194887759634688,0.003291035075585924,-0.024217463283428664,-0.0019878008944753667,0.999988217614781,-0.0002752727911219559,0.0004476565863159787,-0.0048258118575456145
1750194887879622144,0.0032971077645775893,-0.024267523469303498,-0.0019906403216660706,0.9999881191816229,-0.0002766886043805243,0.00045379155119669467,-0.004845514652160041
1750194888110318592,0.0033038311063329218,-0.024327064780945484,-0.0019935751309074767,0.999988009951801,-0.00028007952847055684,0.0004622869061227003,-0.004867011291420806
1750194888231958016,0.003315207492970096,-0.024376245987286715,-0.0019951630554873034,0.9999879314154962,-0.000286091483107504,0.0004671966548271045,-0.004882305019712736
1750194888463218176,0.003328744995994448,-0.024426902757639368,-0.0019962433245108713,0.9999878343125415,-0.00028769771135769037,0.0004731337474103386,-0.004901489712038491
1750194888585234688,0.0033393213219907736,-0.024477913361887538,-0.002001422307663425,0.9999876974086296,-0.0002847718736885639,0.00048421056928734296,-0.004928435501413482
1750194888814560512,0.003348695901880916,-0.024528142381186946,-0.002003692517232647,0.9999875791322959,-0.0002862168956464194,0.0004923622024197895,-0.00495148871354006
1750194888937837824,0.0033613236927889645,-0.024586226698763092,-0.0020056933214074313,0.9999874656522783,-0.00028867798760033115,0.0004999048294209899,-0.004973459411145721
1750194889164263680,0.003372611741248477,-0.024634029153584258,-0.0020090561558134823,0.9999873650115093,-0.00028985061643034755,0.0005090674917244203,-0.004992660037210865
1750194889285849344,0.003386684730474876,-0.024694013062404707,-0.0020132129880865435,0.9999872877813075,-0.0002938650812072513,0.0005210797286105104,-0.005006635099023025
1750194889511530240,0.003396192375907603,-0.024737087860190243,-0.002016529789004018,0.9999872459019911,-0.00030332581052172186,0.0005289522070614224,-0.0050136051266533345
1750194889631302656,0.003406809725768234,-0.02478871413232575,-0.0020186341694894416,0.9999871336291799,-0.0003009854127395512,0.0005362203769183841,-0.005035320405409473
1750194889858199040,0.0034196102405132933,-0.024848709444760253,-0.002020206467412855,0.999987011323196,-0.00030330224877414937,0.0005432202770353958,-0.005058666264815972
1750194889983029760,0.0034303319757782447,-0.024898980580061902,-0.0020216156586969625,0.9999868823420236,-0.0003092187496759378,0.0005515834780415031,-0.005082842050590723
1750194890212317696,0.0034408291360952248,-0.024956633491394875,-0.0020256092862518393,0.9999867578517359,-0.0003074658516880214,0.0005623999685408234,-0.005106201347275771
1750194890332970496,0.0034480584037375195,-0.025000715444318367,-0.002027193093508739,0.9999866623569984,-0.000304262327601014,0.0005688440019628078,-0.005124348646193534
1750194890561133568,0.0034513959551141227,-0.025063430907223072,-0.00203389827378464,0.9999865453397851,-0.0003086689124698133,0.0005761430193702668,-0.005146058892571063
1750194890683364608,0.003461829556891338,-0.025109699446353773,-0.0020364433740245325,0.9999864366345103,-0.00030713915844181517,0.0005840294344471718,-0.005166345146368684
1750194890908312064,0.003468786153987047,-0.02515794727745657,-0.0020405771203204637,0.999986332751951,-0.00030962226406951366,0.0005905825617922075,-0.005185523656802029
1750194891030057984,0.003479263655754572,-0.025204647592244278,-0.0020440042526987945,0.999986233188413,-0.00031025540950798704,0.0006008683647445915,-0.005203473113013293
1750194891255825664,0.0034906079940233425,-0.025247879012382235,-0.0020466374006726795,0.9999861616239264,-0.00031409603828577856,0.000609101438145455,-0.00521602336682669
1750194891377654272,0.003503563622804684,-0.02530761357959399,-0.002049231862937706,0.9999860103553481,-0.00031811646142258066,0.0006164297022257604,-0.005243844957010375
1750194891606974464,0.0035167801165973955,-0.025357282716262475,-0.0020505537952755226,0.9999859035806373,-0.00031902953670179626,0.000622909571368278,-0.005263349108409199
1750194891729021696,0.003521331317717369,-0.025411901725749253,-0.0020540084735762854,0.9999857732037358,-0.00032132213257455737,0.0006323219404819334,-0.005286805384856988
1750194891953175808,0.0035349820835390844,-0.025470646831680988,-0.002057246040572558,0.9999856564863503,-0.00032179440146015253,0.0006394855465723136,-0.0053079495251844655
1750194892073554688,0.0035437863977199058,-0.025522498023279994,-0.002060683920421358,0.9999855326275072,-0.00032385638546240535,0.0006466484651841274,-0.00533024375467754
1750194892300360960,0.0035543809177998043,-0.02556477800490775,-0.0020640779235225892,0.999985472346167,-0.0003291623139498312,0.0006512637385594117,-0.005340655795600336
1750194892423343360,0.0035672771836461337,-0.025615912322110468,-0.0020643763235659307,0.9999853477182626,-0.0003304782876739987,0.0006559147154549251,-0.005363292717424878
1750194892653137152,0.0035741470051382507,-0.025667687030129116,-0.002067754588469306,0.9999852164586434,-0.00033393028790707174,0.0006637360291169463,-0.00538653963196041
1750194892774759168,0.0035852330653396436,-0.02573027993747523,-0.0020701384580359417,0.9999850713473647,-0.0003377998675768593,0.0006740950449245509,-0.005411891492409547
1750194893000435456,0.00359448301699139,-0.02578181385976741,-0.002072871671088272,0.9999849727580415,-0.0003448736128095585,0.000679235450660411,-0.005428992493314331
1750194893119477504,0.003606105731964959,-0.02583192918017474,-0.002077663484987724,0.9999848756736085,-0.00034398926433367035,0.0006889908388249236,-0.0054456759954919194
1750194893347356416,0.0036130562817051626,-0.02588196720954361,-0.0020796967142704403,0.9999847728934903,-0.00035067251727873905,0.0006944858690681994,-0.005463396317140763
1750194893465499136,0.0036263697940661643,-0.025929103393223407,-0.002083027110106883,0.9999847074880122,-0.0003491112957364626,0.0007021525904136913,-0.0054744765190561945
1750194893695152128,0.003641471076291758,-0.02598214505009544,-0.002083699886732404,0.9999845818702586,-0.0003537362554534733,0.0007069623529837974,-0.005496462194593358
1750194893817848576,0.0036520743287802304,-0.026017153299393136,-0.0020827907320670747,0.9999845164775939,-0.00035854724517735267,0.0007114509337239902,-0.005507457354754737
1750194894045395712,0.0036596082172284383,-0.026077796751068583,-0.002085661243335757,0.9999844142975463,-0.00035951413079463474,0.0007177846671572053,-0.005525096990517887
1750194894165831936,0.0036694843832032475,-0.026135977443092706,-0.0020891051876281708,0.9999842989666192,-0.00036054599910800644,0.0007195936121469575,-0.005545629978169022
1750194894389770240,0.0036727958874793742,-0.026202370484435633,-0.0020957514436665825,0.9999840467875792,-0.0003518582889472367,0.0007234509738062587,-0.005590973508202151
1750194894511592192,0.0036846265458887473,-0.026258740279868853,-0.0020972134101282514,0.9999839608916243,-0.0003469183369727759,0.0007243531121450788,-0.005606506910252021
1750194894738909184,0.003687078140409916,-0.026314487241084095,-0.002100607105529839,0.9999838264314427,-0.00034470630322532556,0.0007294284219368856,-0.005629918940107772
1750194894858641920,0.003698282243299822,-0.02637705024350101,-0.0021039664287036963,0.999983667626694,-0.0003371201704796846,0.0007328419254327897,-0.005658071453105667
1750194895084029184,0.003711006809686168,-0.026430663994075232,-0.0021057019178827296,0.9999835553855889,-0.0003332427465206041,0.0007348514798223668,-0.005677842985798817
1750194895203454464,0.0037251134559399546,-0.026490085754625525,-0.002109487800188159,0.9999835081880804,-0.0003352939020187531,0.0007363756112181494,-0.005685831585418862
1750194895432263424,0.0037358114359458128,-0.02655475293884102,-0.00211512901149824,0.9999834315000387,-0.0003370052771779928,0.0007399516741438356,-0.005698738840318309
1750194895554591232,0.0037549933043949935,-0.026616470959887728,-0.002115282609773228,0.9999833693534991,-0.00033577479795584517,0.0007388980703093438,-0.005709842497834036
1750194895779746048,0.0037539002389852527,-0.02668816148633013,-0.002123614939117058,0.9999831651580536,-0.00032986100552307406,0.0007474572680878814,-0.00574472800312922
1750194895900506368,0.003771480961778373,-0.026749147874959966,-0.002129942071653179,0.9999831139789995,-0.00033121666471064396,0.0007514115753646953,-0.005753036852705067
1750194896127631872,0.003788057928119315,-0.026805133280843663,-0.002134256044201255,0.9999830182201203,-0.0003311100773016405,0.0007575162680020373,-0.005768865278259465
1750194896248394496,0.003807494516119725,-0.026873353660342936,-0.0021359184619815785,0.9999829416967104,-0.00032358752557899267,0.0007622916568644557,-0.005781913017017714
1750194896476991488,0.0038185371625107933,-0.026939390020058518,-0.002141967856397642,0.9999827646899749,-0.0003206627430482939,0.0007692237012903465,-0.0058116945288264705
1750194896606956544,0.0038348795540308345,-0.027003700892058724,-0.0021498870616043497,0.9999826390212353,-0.000311524730223006,0.0007774626869873067,-0.005832680364842154
1750194896837582336,0.0038496941672327978,-0.02707242317192371,-0.0021540472224130802,0.9999825505434561,-0.00031050480066329073,0.0007850727975039333,-0.005846867201815516
1750194896958927872,0.0038762295375631695,-0.027150207889058642,-0.002157183396763962,0.999982395360212,-0.0003048023303968388,0.0007894708439328525,-0.005873057208860269
1750194897192941824,0.0038997843674204447,-0.02721597142973664,-0.0021580390374702496,0.9999823000276068,-0.0003010848504933527,0.0007930975968935698,-0.005888970675080578
1750194897315807232,0.003914170512861581,-0.02727188992805818,-0.002160110302140694,0.9999822037995806,-0.000297313113223964,0.0007989666640808332,-0.005904688079531207
1750194897547412736,0.003931068488434164,-0.027328862967626044,-0.002164182611374521,0.9999820603003755,-0.00028922268785926776,0.0008026868146540399,-0.0059288381265222324
1750194897670684928,0.003942362538159827,-0.027386292787089594,-0.0021664412981481362,0.9999818563168281,-0.0002874740052003097,0.0008065541867164191,-0.005962706280762441
1750194897898032128,0.003944883200381888,-0.027451118722034984,-0.0021769230119805805,0.9999814904257098,-0.0002768196383566147,0.0008166535510544872,-0.0060228941416172535
1750194898018235648,0.00396716867497382,-0.027518647388111717,-0.002181424531636278,0.9999812381900121,-0.00027449407044675213,0.0008233874703871144,-0.006063823385389733
1750194898246861056,0.003984656377805429,-0.02757159567500178,-0.002185826551917902,0.9999810852249825,-0.0002705551566301502,0.00082930595206633,-0.006088369552806198
1750194898368312576,0.004007669865179864,-0.0276351199173126,-0.002191865421946382,0.9999809608938589,-0.00026671242288771037,0.0008381691090757755,-0.006107715352118993
1750194898598265088,0.004020394674655314,-0.02769067128189917,-0.0021958746896197923,0.9999808211955207,-0.000267271907231678,0.0008437991286740275,-0.006129747946708644
1750194898720561152,0.004038091929582599,-0.027743362109341696,-0.00219762113589006,0.9999806725283719,-0.0002644360521618246,0.0008442949427817748,-0.006154007582769749
1750194898946248960,0.00405509180250796,-0.027817816723060496,-0.0022064710445510727,0.99998047700005,-0.0002510417285122448,0.0008415939489316069,-0.006186623992801678
1750194899067148544,0.0040623774588528505,-0.027885460408950458,-0.0022112761456702934,0.9999803324711602,-0.00024780906835231473,0.0008397698053898337,-0.006210317882960028
1750194899292020992,0.004075400349674574,-0.02794743070744321,-0.0022212152390910234,0.9999802054777644,-0.00023377666821308292,0.0008400649245741602,-0.006231235193716131
1750194899411448832,0.004090483923994803,-0.02801307821496124,-0.002228220552755733,0.9999800859099017,-0.000230832496442796,0.0008396720104858583,-0.006250556047175013
1750194899641998848,0.004089135895944729,-0.02807632876893784,-0.00223277028409985,0.999979875646927,-0.0002315903927154781,0.0008401041204343993,-0.006284018786815061
1750194899763643904,0.004094592174274325,-0.02814835367645241,-0.002243641916554129,0.9999797034585161,-0.00021296161466328905,0.0008379911693684565,-0.00631229666358455
1750194899989781248,0.004104054653041089,-0.028227579014717286,-0.0022516271706947144,0.9999795076867632,-0.00020445257097823094,0.0008416952887791533,-0.006343024099396697
1750194900111007488,0.0041167948273548305,-0.028306076444385653,-0.002261932334897576,0.9999793516189044,-0.00019552871465677366,0.0008414770412317672,-0.006367889818933761
1750194900339899648,0.004138198002500815,-0.02836890553076099,-0.002265813808874473,0.99997932335716,-0.00019111257683587373,0.0008376119080157266,-0.006372969514350803
1750194900461156608,0.0041412440060693,-0.02842728708951814,-0.0022732372374041354,0.9999791264879859,-0.00018341950151323858,0.0008369041309909372,-0.006404103144602219
1750194900689740544,0.004158185297346684,-0.02849559426744719,-0.002278525888234295,0.9999790588801721,-0.00018142632542800913,0.0008347989296084507,-0.006414982179309091
1750194900810753792,0.004168212283646611,-0.02856550768278243,-0.0022887213982207832,0.9999788469845756,-0.00017002732759626498,0.0008357704443092828,-0.006448113047318213
1750194901039025920,0.0044372007953370485,-0.02864027266882374,-0.0022402809274568725,0.9999788173233487,-9.685863007837985e-05,0.000748344745180791,-0.00646494417181423
1750194901163622912,0.005977758416159773,-0.028772418721054294,-0.0019542353542663093,0.9999793099566885,0.000237295344882622,0.00023169270613904684,-0.006424147254996592
1750194901349925888,0.009556294485095762,-0.02902896210697481,-0.0013384950671824214,0.9999787176690017,0.0010318800981098796,-0.0010235519663338588,-0.0063601709013795405
1750194901420496640,0.015294892823606965,-0.02959202266019112,-0.00019587827368994226,0.9999718370089316,0.0024048919870177806,-0.0029027323405481607,-0.006489670906345597
1750194901586152192,0.02353480447664502,-0.030723839019442423,0.0014633990323509316,0.9999521943150781,0.0035679849563079527,-0.005473177105754607,-0.007274812724783752
1750194901649836032,0.0325518220991583,-0.032236398114118714,0.0030747434672360185,0.9999254392939206,0.00382043680921449,-0.00787564838516317,-0.008514357166575134
1750194901807467776,0.04161630120087256,-0.03388527499221361,0.004207067920884544,0.999894529806275,0.00358817727966971,-0.009929158908389607,-0.009973266800284939
1750194901865250816,0.051529833832247185,-0.035788021516944823,0.004845032740555144,0.9998574364902442,0.003244199239919935,-0.011812983240057742,-0.011620468726315197
1750194902025169152,0.06166943247185763,-0.038101582832887004,0.005069389042588135,0.9998206307206817,0.002480055489517503,-0.013333044005059132,-0.013220652314693717
1750194902084381952,0.07191724128337462,-0.04029080539946328,0.005081402853793993,0.9997848930598336,0.002108815843565304,-0.014394342222979943,-0.014782537571148512
1750194902246152448,0.08231804146208521,-0.04057527867747002,0.005154183552697145,0.9997667721929916,0.0032830079227715455,-0.01492519606302173,-0.015259803415057518
1750194902309697792,0.09159411050358734,-0.04036612771378323,0.004944746598076755,0.9997728957912189,0.002944499619954064,-0.0150516750307334,-0.014796413146346945
1750194902468903424,0.10120097776254333,-0.04026718818752162,0.003972503075793554,0.9997888112384644,0.0020322215073141085,-0.015001621275912713,-0.01389799831692551
1750194902527324928,0.11125095755287084,-0.04100152225944953,0.0033398678344713773,0.9998051477664007,9.171388448580946e-05,-0.014772244002061698,-0.013093467665679287
1750194902684499200,0.12213432808026514,-0.041946518020958834,0.002920212703574787,0.9998233147839567,-0.00234020794554207,-0.014294647004262626,-0.011980221542868466
1750194902743691008,0.13307539531488022,-0.04265975990937232,0.0024649953124100676,0.9998383412081924,-0.0040416348890363095,-0.013416438851007635,-0.011267466708674147
1750194902900921856,0.14394378918315276,-0.04358526193431089,0.0020263519191452417,0.9998458747880771,-0.005770510721509167,-0.012262280986168864,-0.011160839587323416
1750194902956965120,0.1548899909059669,-0.04534293565874847,0.0016464938996674228,0.9998348386873195,-0.008730986144843392,-0.011053037896530234,-0.011484580153311287
1750194903113685248,0.16598451282506854,-0.04736098492438412,0.0013838842408890883,0.9998122750184983,-0.01159633753354238,-0.009823972675767732,-0.012017871650524562
1750194903170638080,0.1771770135343358,-0.049225508217003444,0.0013127760592972493,0.9997875957239383,-0.013804267359604614,-0.008523364580189739,-0.012710542688819739
1750194903327776000,0.18842757825960277,-0.05106830437945309,0.0012843830568427528,0.9997613341498693,-0.01575072168966009,-0.00708548318427391,-0.013378543761314735
1750194903381579520,0.19980434907443456,-0.053313892675271646,0.0011301288966736323,0.9997138035598825,-0.01859648618118468,-0.005646735483266693,-0.013949768884377954
1750194903542859008,0.21129684486429579,-0.055500726002357226,0.0007301473008300974,0.9996638776931077,-0.021059074204311932,-0.0042027002339158955,-0.014525299996226424
1750194903599757056,0.2228310593639291,-0.05706637898979672,0.00021189505831298305,0.9996408882256165,-0.022069135924406697,-0.0028174891170705692,-0.014936853153388907
1750194903758214912,0.23440899120501957,-0.05874968110309986,-0.0005074665682029966,0.9996115045845775,-0.023337260532586942,-0.0015969817671752852,-0.015154597395720374
1750194903816827904,0.24617137691581625,-0.06106001568782826,-0.0014423152197853284,0.9995540830058383,-0.025679342321732128,-0.0005390910249961738,-0.015228785412758038
1750194903979140352,0.258091841621245,-0.06330636557551816,-0.0010921715048599623,0.9995058988342934,-0.02763986875277773,7.473236592419565e-05,-0.014966304348557979
1750194904035780352,0.2699247906874609,-0.0649035959521651,0.0004529796686303378,0.9995240813407186,-0.027369506850624694,0.00011140243943342445,-0.0142305482762589
1750194904196252416,0.28157237174709593,-0.06662586150715999,0.0018415653330055015,0.9995492501372113,-0.026903821704037847,-0.00022873810180607367,-0.013320232983558606
1750194904253710848,0.2932168780873097,-0.06852329374639421,0.0023377141345020114,0.999580170026686,-0.02618979572079845,-0.0007498277523930463,-0.012369965556389403
1750194904415195648,0.30196767381829837,-0.06974633044855771,0.004875290327667425,0.9994193599693607,-0.028743710424924775,-0.0006373635352702138,-0.018284851576241722
1750194904471054080,0.30648764102178117,-0.06974044889981634,0.0074863885450149326,0.9990036706325129,-0.032869297735222264,-5.431015167777475e-05,-0.03018728837716757
1750194904629422336,0.3118088373721344,-0.06963876676541858,0.008070796084184373,0.9984782166402647,-0.03557796833750095,9.257551354239352e-05,-0.0421360949024294
1750194904684414720,0.31776559747904987,-0.06877616977298473,0.007320915992766963,0.9979811612944974,-0.03511712730997291,-0.0002792546241495442,-0.052917965641511605
1750194904846573824,0.32429271466118603,-0.06713256944733725,0.004914328388978095,0.9975447477067296,-0.030967075933963285,-0.001177626405780466,-0.06280230670019804
1750194904907810560,0.33238283202869834,-0.06647061444353497,0.0029785545643554734,0.9970700830208068,-0.02856638153172751,-0.002981862053421265,-0.0708965435670824
1750194905075239680,0.3412950474221166,-0.06669245007867453,0.0012351564318082708,0.9966632024158324,-0.027147601565714247,-0.0053289838863398815,-0.07679238640767752
1750194905140418304,0.3504385705633979,-0.06753406428420128,9.892961287283342e-05,0.9963845530211236,-0.025583985561457117,-0.007792218244392152,-0.08063847418272749
1750194905299965952,0.35760014478788893,-0.06945515178971906,0.004174441775193216,0.9956790787061711,-0.032393125829158376,-0.009078093205126269,-0.08655313887783236
1750194905356069120,0.364485721925929,-0.07033390076568402,0.0077119829560508,0.9948260508530796,-0.038614749684003725,-0.010422662974230975,-0.09338842405476815
1750194905516760576,0.3728196493679894,-0.07063334031530388,0.009247844655714488,0.9939880676345124,-0.04195354998524391,-0.012252050985216235,-0.10038679340679882
1750194905578176256,0.38071572857779845,-0.06999741036389473,0.00897167243238206,0.9934650634151846,-0.04003117923858203,-0.014273072560902647,-0.10592899443449273
1750194905739269632,0.3887959698147503,-0.0696278777253152,0.006922768679534119,0.9930593648405159,-0.03526609017529745,-0.01639992997770611,-0.11099749133662946
1750194905802545152,0.3974319440947953,-0.07091244655771867,0.004253414118892795,0.9927071151501985,-0.030502654918485545,-0.018390924138418564,-0.11516920370667395
1750194905969071360,0.4065015516156958,-0.07425623514258373,0.0037238253429947576,0.9925439588443377,-0.02913673274500651,-0.019657306804377963,-0.11670960052949497
1750194906030260736,0.4163035967931785,-0.07764653026852741,0.003198871344501253,0.9924458194428931,-0.027557536340826288,-0.0206272924811073,-0.11775564727879133
1750194906191363584,0.42545963295279865,-0.08049465129155386,0.0025685998106688146,0.9924679179250863,-0.024294392543436315,-0.021594206033367657,-0.11811394772074017
1750194906250480896,0.43574010482542747,-0.08486209711076231,0.0030072293964109598,0.9926272208354897,-0.022700905747140673,-0.022207312956983118,-0.11697309342708455
1750194906409023488,0.44730630005499616,-0.08831520601508647,0.004577128672620834,0.9928844389300193,-0.02108665360655673,-0.02239926694690489,-0.11503963147776106
1750194906467632128,0.4620354181084805,-0.08771684876688646,0.008743573822076467,0.9931324989550727,-0.019970350495092996,-0.022338944188433293,-0.11309286534924212
1750194906628262912,0.47734025183086715,-0.08861014474116224,0.011504325922214509,0.9934045580992727,-0.021939675657751807,-0.021840665216816706,-0.11040389450788518
1750194906688666880,0.49286335336755105,-0.09087897513947407,0.01157606716705839,0.9936778279638202,-0.025330086042686724,-0.02094252208051799,-0.10735069502840552
1750194906850476800,0.5082367498145821,-0.09307855684170363,0.009879113099001469,0.9940029978295009,-0.026222611471110286,-0.020182121651646533,-0.1042261815439792
1750194906909762048,0.5223850851424521,-0.09352559241943581,0.007211200750033342,0.9940369451936106,-0.022568516260845585,-0.020099549768793405,-0.10477223755857432
1750194907073892608,0.5354468695821,-0.09578818530083577,0.0038647761633101574,0.9939148245012823,-0.02159963408485639,-0.019428472142470773,-0.10625117370737512
1750194907135528448,0.5480643308164748,-0.09927065336039398,0.0019668955311975544,0.9937834452160605,-0.02173120768851495,-0.01862428353615873,-0.1075888223267658
1750194907300403968,0.5602441686778512,-0.10298479186566745,0.0029796376680693015,0.9936926449465799,-0.020490386774332188,-0.018056557668814976,-0.10876135413859639
1750194907361603072,0.5720972893605811,-0.10696088962496297,0.0042590242311066895,0.9936393833484768,-0.018116852133832656,-0.01756823617774463,-0.10974476117438511
1750194907524042752,0.5836059913528873,-0.11191001263903733,0.005807278577598218,0.9935525145713476,-0.016897359869864893,-0.01700661775088211,-0.11080909245660023
1750194907583920896,0.5950717592142354,-0.11742787309276803,0.006794975549340165,0.9934058312307629,-0.016477215641886995,-0.016364154871394237,-0.11227453084628192
1750194907747499776,0.6075072808654198,-0.1214923486341446,0.007912415391760685,0.9931616479667632,-0.013605365040723589,-0.016212574022400124,-0.11481283679806974
1750194907808913920,0.6211891686631441,-0.12603982578055728,0.009328458281304464,0.9929873372528225,-0.01124348302813506,-0.01622601017905213,-0.11656092286274591
1750194907971288576,0.6356190835838467,-0.1310990825376308,0.011986382424244102,0.9927026533455275,-0.011208351080134729,-0.015974881684300904,-0.11899839520760908
1750194908031233280,0.6507837939078005,-0.1362416336976553,0.01487181207850563,0.9923290698055716,-0.012342319596894894,-0.015544145116075549,-0.12202075199894295
1750194908191113984,0.6661925973340992,-0.14175441608491557,0.01627464560320213,0.9920917420593437,-0.012868845492367973,-0.015237251286959783,-0.12392011267977522
1750194908250912000,0.6816974656949268,-0.14773859456512284,0.016630094014109975,0.9919657051968208,-0.013779961963898118,-0.01481881041732828,-0.12487816149936906
1750194908411691520,0.6969294823214787,-0.15360080627317085,0.017183123000775957,0.9919964057854238,-0.01426354908696368,-0.01437212757149656,-0.12463195427061724
1750194908472421888,0.711754297444867,-0.15951139475896703,0.018199775260617557,0.9921546690462174,-0.014979861224296861,-0.013753034979779965,-0.12335141051620141
1750194908634409984,0.7264751747055129,-0.16498148485746267,0.020282541597678616,0.9924288969324522,-0.015035470550440244,-0.01309561964684429,-0.12119126992002507
1750194908694067456,0.7413139026741558,-0.17028312929059908,0.02188573471661881,0.9927764937923387,-0.013872796256442985,-0.012639786394261611,-0.1185015387972882
1750194908854261248,0.7558430227700477,-0.17562112578547584,0.022343143964755896,0.9932379313870366,-0.011332302175915476,-0.012476299448055663,-0.11486658580055636
1750194908914265600,0.7695932080831334,-0.1817593297754696,0.023926663408514237,0.9937492833237901,-0.010845312830937199,-0.012206002192376669,-0.11043439044759651
1750194909074259712,0.7829608404376636,-0.18833305366636832,0.026246266155010023,0.9942895496694693,-0.011672703142690883,-0.012000380807265022,-0.1053946406602689
1750194909133743104,0.7961025944116971,-0.19458266849933548,0.027706588974103497,0.9948727329250788,-0.011489455397763257,-0.011892894695190299,-0.0997737277674694
1750194909298136320,0.808919094715213,-0.20073227889386835,0.028468393894704125,0.9953503095053815,-0.01128104697084308,-0.011550973163713459,-0.09495827697338313
1750194909358773504,0.8212516344549421,-0.20690843677177462,0.029468190718060505,0.9957374548519596,-0.01113453598495168,-0.011731542648814295,-0.09080371149033574
1750194909519462144,0.8330691264104821,-0.21356151567392168,0.03053532481896415,0.9960621349392196,-0.011693650713799157,-0.012435855884715796,-0.08699903080909599
1750194909581885440,0.8446662725822476,-0.22059405137231813,0.03097005929736385,0.9963715563831096,-0.012504247523509295,-0.013642343400605921,-0.08307377378637885
1750194909739960576,0.8558699786629997,-0.22799133253879944,0.03118475650070396,0.9966541787154111,-0.01444756092902621,-0.015329932392664478,-0.07897283840123841
1750194909799640320,0.866737615569388,-0.23512757560468067,0.03101965047614863,0.9969357130557526,-0.01605074816435259,-0.017574443721833075,-0.0745164172867345
1750194909956751872,0.8773179701271943,-0.24199184551724784,0.03111511614213125,0.9972086197018784,-0.017114205106452597,-0.020524078616292286,-0.06971968855926573
1750194910015312640,0.8877402192762016,-0.24855188905342107,0.03203729663392352,0.9974677129014475,-0.01773074632441502,-0.02424850960000988,-0.06446543365333803
1750194910167531264,0.8979990448594899,-0.2552203128086239,0.03287099482866607,0.9976584924697136,-0.01879961082119574,-0.028325388667455643,-0.05934458183244262
1750194910227037952,0.9081188135106704,-0.2618147336935941,0.03354264298293863,0.9977736300462324,-0.020193241749609677,-0.032403387531708606,-0.05468122756921224
1750194910377432832,0.9182327012550164,-0.26716012550358226,0.03338976847056374,0.9978313008265703,-0.019180920815592264,-0.03615572466295683,-0.05155143976182157
1750194910435065088,0.9282393928478117,-0.2709097988750111,0.03293543700899537,0.9978114020280723,-0.01587889309692627,-0.03946869026846475,-0.050621035403090514
1750194910583432960,0.9382022681528843,-0.2739087405806986,0.03354972900000863,0.9976851259447183,-0.013462367973450583,-0.042439351571968015,-0.051400929518541354
1750194910641742848,0.9481560704632743,-0.2766896126959262,0.03396646592378394,0.9975358839857649,-0.011431965478612196,-0.0451891899211258,-0.05243479226913077
1750194910785057536,0.9578955347584976,-0.28015400284405967,0.03511391621163806,0.9973577581186437,-0.012221645648112938,-0.04724015513180717,-0.05381915496668135
1750194910842907136,0.967588890030834,-0.2837693464064355,0.035869406985993724,0.9971593446590897,-0.013552936770860793,-0.04880717934531198,-0.055744223990417646
1750194910991172864,0.9773480660760381,-0.28806191547922033,0.036072077329572405,0.9969133127079479,-0.016189010691864895,-0.050078183816116735,-0.05825751783386574
1750194911048940800,0.9871215728634315,-0.2922267109230825,0.03797750788253618,0.9965903204452283,-0.01823048793586474,-0.051090011970284434,-0.062170677826236094
1750194911196190976,0.9969127658874521,-0.2958343494247426,0.04037231298934474,0.9962449704423046,-0.018231980844587613,-0.05199413354588615,-0.06678445792028503
1750194911253084160,1.0069385103401443,-0.29940703347344755,0.041310357720564905,0.9959648965410084,-0.016825452028394444,-0.053146572418444664,-0.07032972957625959
1750194911399282944,1.0171369216269373,-0.30327414914615414,0.04224587724258688,0.9957614086124336,-0.016160821784568118,-0.05404363869534745,-0.07264523435158106
1750194911458172160,1.027442960980677,-0.3070600670688135,0.042769996402477695,0.9956303404982044,-0.01530644847070704,-0.05480255403303033,-0.0740447012695716
1750194911606718720,1.0377973564324376,-0.3106160187617073,0.04296728102939884,0.9955479614159404,-0.013684428199473027,-0.055482908384316985,-0.07495758682506
1750194911667978496,1.0480986321778936,-0.3142151517407479,0.04302948532495776,0.9954854549727069,-0.011825215304081602,-0.05598445164814229,-0.07572723680718527
1750194911813133824,1.0583035698124368,-0.31781153817053553,0.04310668851405186,0.9954340587046666,-0.009787025639735549,-0.056335080229270106,-0.0764304104100121
1750194911870516224,1.0683653734515177,-0.3216187028511266,0.04439434843059065,0.9954019713255849,-0.00924977201708686,-0.05639229754730475,-0.0768717501824136
1750194912014930176,1.0784265152105492,-0.3257330300193271,0.04645984916276635,0.9954220682541548,-0.010338021575835165,-0.05609726046864911,-0.07668851746142234
1750194912073084160,1.0888051258378635,-0.3300153755545461,0.04744803410258047,0.9954980186161069,-0.011075608746176644,-0.05564594840384194,-0.07592466166236127
1750194912217673728,1.0990179590372327,-0.33477353229216167,0.04842237439270569,0.9955946628214289,-0.01240470247450484,-0.05474823107249605,-0.07510007931045484
1750194912272819712,1.109351850628527,-0.3396353783166708,0.04892317238955579,0.9956583195104293,-0.013529985979080368,-0.05401563720277722,-0.07459062412027258
1750194912417986560,1.1197096312803128,-0.3441338805770977,0.04909797266810756,0.9956886472472705,-0.014266828763804664,-0.053170208108099894,-0.0746559060601785
1750194912475341824,1.129963772394583,-0.34760252931206104,0.05015215874017276,0.9956779038146588,-0.014158322769027835,-0.052101833999775915,-0.07556753698166165
1750194912622016256,1.1403387415209236,-0.35085389045606696,0.051247965640190074,0.9956244825801518,-0.01485801540973648,-0.05060158639175309,-0.07714018744938936
1750194912678169856,1.1510236413139232,-0.3538155076809977,0.051867677860285344,0.9955771639173848,-0.015081426258566967,-0.048941520579988615,-0.07876159490222774
1750194912823567104,1.162074740716486,-0.3564613827365424,0.05219051815426523,0.9955573549318577,-0.01446730936648954,-0.04727891416336287,-0.08013085720439231
1750194912879040256,1.1730625414712668,-0.3590431792856128,0.05259116936555985,0.9956107818507621,-0.012579823655178492,-0.04562670604024452,-0.08074108492728892
1750194913024209920,1.1840377861271607,-0.3617032118700667,0.05227760287724692,0.9956819214992,-0.009989103916309706,-0.044019919124277045,-0.08111704952044335
1750194913080274432,1.1950529766147602,-0.3644485992201769,0.05115286746232828,0.9957659323120243,-0.0065188090629507206,-0.04246984051965457,-0.0812651574870872
1750194913228854016,1.2060338818650962,-0.36780694729775565,0.04888959703975004,0.9958460780138105,-0.002611944962051161,-0.040893657627413156,-0.08131097966375037
1750194913284474624,1.2164684452307872,-0.3736542264555158,0.04807833806929063,0.9959025372059267,-0.004753776364629634,-0.038473093997550604,-0.08170287042282236
1750194913435992320,1.2269152500885445,-0.3792565177994023,0.04903390130288443,0.995937939180118,-0.0062766310917606715,-0.03647081297981488,-0.0820859610675844
1750194913491607296,1.2371809846528938,-0.3834781282950068,0.05210062933941151,0.9959901630022352,-0.004907104565536937,-0.03514964288188107,-0.08212197107254697
1750194913644149248,1.2472172189936819,-0.38730475556076804,0.05527243739798937,0.9960621004301398,-0.002893559036375038,-0.03416551556082877,-0.08175962909201501
1750194913701412608,1.2571628078062398,-0.39080892003876677,0.05783140336804893,0.9961412887618375,-0.00042960549940473144,-0.03334701081775919,-0.0811808175158415
1750194913850981888,1.2670159020550642,-0.39404998532454805,0.05997676136797914,0.9961940206697442,0.0017355609433007935,-0.032442598484176,-0.08088225277312751
1750194913909924096,1.276951401138417,-0.39710626913261216,0.061732869785855904,0.9962334405727407,0.0038509790531974226,-0.031532763494425756,-0.08068324901325992
1750194914060565248,1.2868381995122649,-0.4005364067885564,0.0635754090626488,0.9962793917141864,0.0053869521882498935,-0.030728052714837174,-0.080337669670498
1750194914118071808,1.2966035043170745,-0.4046679083868385,0.06563156390035818,0.9963301141712554,0.0056993270782358905,-0.02992876238956464,-0.07998806441074449
1750194914269619712,1.3065113655576388,-0.4091230331649518,0.06726999914795773,0.9964172679512856,0.0061710097048519085,-0.02931526028942051,-0.07908958390257047
1750194914327308032,1.3166061495572503,-0.41413465246127856,0.06889138354738744,0.9965592549156089,0.006853137211864037,-0.02902934504130051,-0.07733035030875582
1750194914474528768,1.3268446284210391,-0.4203114849312586,0.07064151758454873,0.9967524360360506,0.005681993097320948,-0.028689371966138785,-0.07502810238057266
1750194914532714496,1.3371598275835153,-0.42644385547174046,0.07201512753992789,0.9969804845067273,0.005919853487131864,-0.028624127960975326,-0.07194114362377005
1750194914683506432,1.3472761533962894,-0.4327437124026279,0.07324409604304716,0.9972794906360909,0.0067031430358349825,-0.028839593612161867,-0.0675052832772781
1750194914739083264,1.3572107721645068,-0.4395628420098152,0.07490962156143244,0.9976194706956021,0.00630132469164405,-0.028881566888837723,-0.06230200711215093
1750194914886484224,1.3673161489586896,-0.4461152045681569,0.07567912546687872,0.9979368449494525,0.007519925631730483,-0.029083964268598852,-0.05674175916596574
1750194914941922304,1.3775864078669269,-0.45247236750641395,0.07499225515189734,0.9982022386409652,0.010902997230677204,-0.029592369307164593,-0.050967706465387244
1750194915091240192,1.3878709544239705,-0.4590293755197905,0.07314413499013606,0.9984191595538808,0.015249700610763566,-0.030260266625591958,-0.044843558408676994
1750194915150840320,1.3982560934082002,-0.4665390357603263,0.07199318600976135,0.998639501069007,0.017323960619841806,-0.030987976551602504,-0.038193881739415514
1750194915302671616,1.408626061545089,-0.47411728820772225,0.07385723239496311,0.9988840250282043,0.017225977150793322,-0.031880310992898876,-0.030292177631363257
1750194915361127936,1.4191142129437475,-0.48247691532558257,0.07584652946215353,0.9991210313552346,0.01443380939377289,-0.03256434932598085,-0.022099615449413513
1750194915511121408,1.4296376773441333,-0.4912900413094281,0.07665343588924767,0.9992950306769512,0.010611642208779791,-0.03283455650972385,-0.014789408804733756
1750194915569520640,1.4405050531551558,-0.5000607189513087,0.07589740950188473,0.9993807950189674,0.007736500966715791,-0.03339237773884112,-0.007944948646486134
1750194915722707200,1.4514723815203245,-0.5081067541663131,0.07570353874492186,0.999410211592751,0.005582892256973361,-0.033807445398451756,-0.0022620596389349903
1750194915784285184,1.4624761566983357,-0.5143754033687502,0.07643539191112447,0.999398956917581,0.0059110609374280546,-0.034104503507504574,0.0019149702743019943
1750194915938100480,1.4735273922623104,-0.5198551978161312,0.07665306992814447,0.9993759326152684,0.007287663783185453,-0.03421762305148255,0.0048774520656413665
1750194915999605760,1.4845065437687106,-0.5248007547503253,0.07667910669078681,0.9993676416855621,0.008388991576802852,-0.03396820240052343,0.006332676988381153
1750194916150578688,1.495555493081346,-0.5291477522518466,0.07680524869570426,0.9993827141161458,0.00891593653128975,-0.033383920188306694,0.006341188727443444
1750194916211647232,1.5067611389390478,-0.5330696142988165,0.07627505611798213,0.9994133083325758,0.009400169816106084,-0.03253565199560241,0.00510952878310297
1750194916364248064,1.5181473253049385,-0.5362662379766512,0.07567175660303249,0.9994427783084605,0.010575955403709036,-0.03150171171942562,0.003150271910562993
1750194916425552896,1.5296778626566532,-0.5390612808446447,0.07516210501852782,0.9994672892061326,0.011919056662483768,-0.030358481823040188,0.0011985310265829247
1750194916578394112,1.5412370081053055,-0.5416583320354489,0.0750378515225334,0.9994962111507076,0.012752581534422172,-0.029056284429498463,-0.0006541366370151941
1750194916641413632,1.5529343909753157,-0.5446289663795829,0.07469824873301212,0.999538036700797,0.012433827448460085,-0.027616556586973852,-0.0025375038081434194
1750194916793862912,1.5649600766619125,-0.548058122078741,0.07436601980957303,0.9995789254996434,0.011648410828108505,-0.026334040691374995,-0.0035783408198455206
1750194916853691392,1.577202355626759,-0.5517334116524371,0.07494369565044234,0.9996238588981833,0.011105046884463805,-0.024800882786227812,-0.003706058313405257
1750194917006871808,1.5896206106774988,-0.5556702584867539,0.07486129410609088,0.9996639175042638,0.011261719744641414,-0.023113122065002212,-0.00331802604416641
1750194917068046848,1.6018055877021204,-0.5590640309790729,0.07462955280221495,0.9996673322329768,0.014391780968229724,-0.02129744856488858,-0.0021260741735846275
1750194917224428288,1.613718440188685,-0.5629577626462003,0.07523286811301455,0.9996796582048756,0.016399752211325766,-0.019271733807786594,-0.00047893092584049663
1750194917285294080,1.6254056611036516,-0.5672401106746925,0.07664018738959433,0.9997150931167086,0.016506348044806517,-0.01723836785654941,0.0003342790998331233
1750194917441202944,1.6370895358611133,-0.5710782830159662,0.0776636994236175,0.9997305706468438,0.01741217067554213,-0.01530307838899957,0.001190889718609284
1750194917499433216,1.6486278383753294,-0.5744989255011443,0.07868921374901783,0.999732079839314,0.018675135481822175,-0.013503806416331685,0.0021575604661648574
1750194917657824512,1.659930065840861,-0.5774499426274984,0.07979769989280694,0.9997112281586072,0.020656931256876867,-0.011828878998757232,0.0032907607465046114
1750194917719021568,1.6709164333472222,-0.5797465313541421,0.0813620835659572,0.999673051137771,0.023117213209693774,-0.010115111939908708,0.004131560571952813
1750194917879914496,1.6817763557003236,-0.5817430552950551,0.08291319725916413,0.999638890998956,0.025119822643225025,-0.008365902957919388,0.004592796582581147
1750194917940027136,1.6927502905977585,-0.5838962954545117,0.08378153479485784,0.9996114927916975,0.026532048081205926,-0.006759186469139488,0.005217978693533205
1750194918100579840,1.7038409392036815,-0.5863051637912831,0.08421788182569667,0.999581569119248,0.027684748634718582,-0.00542176926260609,0.00639107097419367
1750194918159028224,1.7149739744547006,-0.5895334919920643,0.08498137285116547,0.9996008427998114,0.02678945135667659,-0.004352946360377501,0.007844248077336333
1750194918321874688,1.7261629463059398,-0.592900164559067,0.0856264151788273,0.9996219673120621,0.025555557528091247,-0.0034926354684670126,0.009520369954756566
1750194918383379712,1.7373967664717371,-0.5955304763407847,0.0861784832190633,0.9995894309219816,0.026002075034207,-0.002939546300553058,0.011671364553088434
1750194918547772160,1.748528329721327,-0.5982224767882576,0.08647596433269378,0.9995527800905333,0.026351594555609963,-0.0026198727945786968,0.013891347818086876
1750194918609054208,1.7596787212481777,-0.6015415443726209,0.08685591478516486,0.9995497966903658,0.025097856980610973,-0.002622343591919537,0.01623036738076921
1750194918773408000,1.7708564148811998,-0.6050567911990248,0.08696707648011914,0.9995439520280505,0.023519620811234074,-0.002903642285846798,0.018715882627267828
1750194918836507136,1.7820195497940094,-0.6084301359432329,0.08688811517648043,0.9995103663337519,0.022408814729360294,-0.003584978379256608,0.02154113608458281
1750194918996855808,1.7930392424206083,-0.6115949000254179,0.08721985946978661,0.9994560255512288,0.02169722858576464,-0.004553892792419725,0.02441608734981603
1750194919058220544,1.8040091131393057,-0.615065939276616,0.0875816969017369,0.999411778780212,0.020354951428899825,-0.005687194096183639,0.02700792866940735
1750194919222816256,1.8148705771102147,-0.6181238357211134,0.08807017682959994,0.9993519686301539,0.01981279496702205,-0.0069783391662917495,0.02923009977935449
1750194919281732864,1.8255382412077594,-0.6208306741046501,0.08878774510372311,0.9992968957554876,0.01966933284752938,-0.008314161451355013,0.03081730355075985
1750194919441519360,1.8361325969970785,-0.6236663566740575,0.0886753181398019,0.9992729656389321,0.01911847551032848,-0.009506351826596909,0.031585650417296725
1750194919501039872,1.8466474969546258,-0.6267457443603188,0.08833106552950465,0.9992934244464564,0.017399103203870312,-0.010594172183975873,0.03158617706389379
1750194919664055296,1.8571534643411836,-0.629769694153044,0.08805776806018972,0.999315931285614,0.015147736405521703,-0.011814520846950144,0.031601149626427974
1750194919722499072,1.8677082913111365,-0.6323161757633162,0.08740339795878116,0.9993115460362725,0.013629340135040871,-0.0132357017410663,0.03186677337760416
1750194919881984768,1.878372654162848,-0.6350998485847432,0.08626737603680112,0.9992854314736395,0.011648634036185553,-0.015059531778945383,0.03265189538498772
1750194919942104576,1.8890241246172517,-0.6383605238745966,0.08656548939265285,0.9992511689642594,0.008439492988351595,-0.017206211915837075,0.03361283316187456
1750194920102968320,1.899632868005984,-0.6407432758462157,0.0876489673963845,0.9991787883339832,0.007666544497505904,-0.01942846494299179,0.03472042322408725
1750194920163457536,1.9100667982308464,-0.6425697687459726,0.08892344499044125,0.999106377368592,0.008608047487918179,-0.021482766645220103,0.03536720171460322
1750194920324380416,1.9202573993854166,-0.6443458361437289,0.09022479989280585,0.9990667763053008,0.009319254099648261,-0.023157234995278025,0.03524869434933977
1750194920384210688,1.9303321432535716,-0.6459633693599933,0.09155079362053087,0.9990461582179243,0.010330849326550115,-0.024411282446797,0.03470067134078058
1750194920539880704,1.9404361382103836,-0.6477346659617984,0.09262445290642596,0.999031373634147,0.01132986478821015,-0.025345838584036755,0.03413996375250371
1750194920597612544,1.9505502619258817,-0.6494042635699495,0.09366842382047924,0.9990200286364511,0.012711813917967746,-0.025984819065126202,0.03349897533196594
1750194920750674176,1.9607170045871385,-0.6509179998806305,0.09497557494907616,0.999018298414435,0.014167936278748319,-0.026289795563509584,0.03271934693659233
1750194920809472000,1.9710554179361006,-0.6524089426770807,0.09614219802429913,0.9990206488108456,0.015304479763091294,-0.026416697930856794,0.032026148990596096
1750194920967008768,1.9815029423002395,-0.653892325448969,0.09664907743721596,0.9990207741269121,0.01629533304622508,-0.02642014438394816,0.03152667052685658
1750194921028164096,1.992026404275319,-0.6553513102235726,0.09667965743058637,0.9990210511024321,0.01712236437935227,-0.02630084592978593,0.03117738917275917
1750194921182103040,2.002678471215966,-0.6569912271246814,0.09645481609186923,0.9990300328575458,0.017093775467572347,-0.026130212645084597,0.031048482668841828
1750194921242945792,2.0134979618341777,-0.6591128348688304,0.09597813055878213,0.9990674994685629,0.015729164762469675,-0.025818953730155234,0.030823797783339445
1750194921397126656,2.02429886438265,-0.6604108417701013,0.0959584103565434,0.9990832730884923,0.0163248951182405,-0.025203672736282958,0.030510426328813994
1750194921456664064,2.035157351803405,-0.6613874912398057,0.09595521931311968,0.9990883253815523,0.017427716588701795,-0.02444942147368435,0.030348287767045467
1750194921611576064,2.0460761835181493,-0.662441063877039,0.09563559227308316,0.9990912140078451,0.018367532134992873,-0.02365459424825629,0.03032886457733764
1750194921669314560,2.0570067452586542,-0.6637165184151641,0.0955941428472391,0.9991018806360771,0.018605838838346437,-0.02280964022139042,0.030479094204818202
1750194921827168000,2.0678680062007473,-0.6649376786010093,0.09584876246926743,0.9991083338619451,0.019104144274652585,-0.021851824918260772,0.03066050597891056
1750194921886907392,2.0787005262679825,-0.666294847497773,0.09638075169508209,0.9991162697556899,0.019341499317247345,-0.020884298853035218,0.030926234414384197
1750194922044121088,2.0895781910581803,-0.6678356867143709,0.09655564594308919,0.9991254802068453,0.019258667165983095,-0.019979956043528965,0.031275867644704615
1750194922105529600,2.1003913441770097,-0.6690606475483172,0.09663282748366209,0.9991168015970974,0.020175324431511793,-0.019019897760836225,0.03157240155004145
1750194922261881088,2.111141308704326,-0.6701928221800264,0.0966048594273543,0.9991011646292055,0.02162255476780752,-0.017994684253414783,0.0317099243218607
1750194922320321024,2.1219029433986663,-0.671949277086278,0.09662851062582156,0.9991153973902892,0.02176328137105242,-0.017039146462736722,0.03169305553950349
1750194922480253440,2.132679894564638,-0.6747968134694151,0.09777188161465888,0.9991812001782799,0.018949487088477046,-0.01648803131949164,0.031717360744282115
1750194922538945792,2.1434267911723888,-0.6774671746067975,0.09907333776591676,0.999221431562511,0.017010664338697273,-0.01601773383576076,0.03178993878083075
1750194922698035968,2.154137541250848,-0.6798987465987967,0.100068306337739,0.9992417213837625,0.0157233141831712,-0.015637069417958584,0.032003776294841794
1750194922757688064,2.164893454393037,-0.682279372884917,0.10021793076971086,0.999249360944937,0.014180166393998283,-0.015487387359641723,0.032554237280973265
1750194922914404352,2.175535909943763,-0.6844491912094215,0.10041634760648854,0.9992439548938319,0.012342420542053237,-0.015517515983512527,0.03344233785186524
1750194922972985344,2.186089214944971,-0.6866984909620779,0.1009446556762783,0.9992274703164151,0.009705680847015471,-0.015842014524637515,0.034630808540298555
1750194923132189184,2.196520218944941,-0.6881241817385595,0.10171866493600978,0.9991914211101206,0.008939263599806303,-0.016193334326033215,0.035698311859746625
1750194923191281408,2.206857142278402,-0.6891196203343588,0.10237571757154607,0.9991544110258855,0.009035376219400792,-0.01669207943119476,0.03647189861183656
1750194923348315648,2.2171934503257695,-0.6902192612134188,0.10246377881856628,0.999128504578903,0.008999460599816893,-0.017336312123243235,0.036887576889826516
1750194923407447040,2.2274275943335056,-0.6914838978498636,0.10293435182879263,0.9991014732342087,0.008399782646271602,-0.018177922745391057,0.03735308497824241
1750194923565265152,2.2376301848350897,-0.6928771164039924,0.10360724161718027,0.9990662300621671,0.007924289492655284,-0.019154700455794316,0.037907400805834324
1750194923623407104,2.2478293760882604,-0.6941020694096753,0.10454798499422013,0.9990230624363147,0.008508014230301812,-0.02021181320730538,0.03836687400736592
1750194923785271552,2.2581096389345277,-0.6955857616522305,0.1054536029272688,0.9989741873238467,0.008859752464857632,-0.02151362733049546,0.03884895990893123
1750194923843782656,2.268406716531631,-0.6973124695604795,0.1061792170243856,0.9989186820554211,0.008724024058104693,-0.02303513024984736,0.03943020186693028
1750194923998430464,2.2786534975467525,-0.699153627852664,0.10673253528014692,0.9988577861330681,0.008238524441225213,-0.02471712769069404,0.040053881149017125
1750194924055584768,2.2887904581625342,-0.7006732950360224,0.10703510578756825,0.9988000007698594,0.008379813611225638,-0.026342661391932736,0.04042773029444175
1750194924206893568,2.298797322069685,-0.701680365576383,0.10743479027378333,0.9987468713834937,0.009366455492300045,-0.02781301904582991,0.04053877631046201
1750194924265539584,2.3087804368813813,-0.7031310358231728,0.10840528483839273,0.9987084045506646,0.008790419857094193,-0.029269351031985955,0.04059010087162014
1750194924417768704,2.318796437652927,-0.705260451431009,0.10936856560891117,0.9986963523930201,0.006924040354690764,-0.03058903598709053,0.04027361741169516
1750194924474708224,2.328905578297852,-0.7075488606742333,0.11027717221025801,0.9986966773070386,0.004869527483230687,-0.03175769281006789,0.039657072324517206
1750194924628328704,2.339039948488568,-0.709302780537322,0.11136832645828365,0.9987084999958484,0.0039003258135570703,-0.03265270405710448,0.038728805976296
1750194924684238592,2.34933069929948,-0.7108368419774855,0.11232419279268369,0.9987166572936337,0.002915564567823923,-0.03342372690964154,0.03793932533600408
1750194924834172672,2.3597581245091916,-0.7123179680632683,0.11235045579560321,0.9987277918685636,0.0020639255362932423,-0.03403137743904828,0.03715377921994831
1750194924891537920,2.3702751974525453,-0.7135087015138151,0.11185434859966659,0.9987575774847158,0.0017403137565748289,-0.034295076068424774,0.03611260835706854
1750194925040999680,2.380907453690547,-0.7145206642607782,0.11125371231075354,0.9988038529099132,0.0016244704248636259,-0.034162192234100976,0.03494523043151341
1750194925097527296,2.391638119548359,-0.7154202969983965,0.11044419092760549,0.998846779041501,0.002046835318208609,-0.03377826175871206,0.034058060663504724
1750194925250478592,2.402512523793212,-0.7164873038140396,0.10992921094992081,0.9988695984228925,0.002366253745450809,-0.03335507126984142,0.03378409996263938
1750194925305343232,2.413585379994231,-0.7184712562661026,0.10973029146759483,0.9988875435626173,0.0010281680585692956,-0.03288194172510748,0.03378455407830998
1750194925456582912,2.4248705876264163,-0.7212219120078496,0.10921608828711227,0.9989007832794371,-0.0017378241684304274,-0.03231317527961138,0.033912591087024
1750194925514143488,2.436116560214768,-0.7236888029885158,0.10856166719988769,0.9989335037592014,-0.0031984969684529887,-0.03131065705403154,0.03378264997529065
1750194925669681664,2.447221126805191,-0.7251734632092184,0.10904580588166235,0.9989977629638085,-0.0022559597228074568,-0.029814964976481867,0.03330837886308257
1750194925727065856,2.4583915795280893,-0.7267938565579835,0.10921325034544793,0.9990726443488598,-0.0015139128089624284,-0.028076750156192348,0.03260759853853454
1750194925882556416,2.469667721315565,-0.7285568459746639,0.10886453191115653,0.9991549118647474,-0.0011073226863434241,-0.026138532896324836,0.031701940493362224
1750194925941540864,2.4811343306696525,-0.7304013169307728,0.10883868917134443,0.9992336617169478,-0.0015224656240807768,-0.024083136349453457,0.030818402517608548
1750194926105576960,2.4928497664773426,-0.7323728141266708,0.10874034752593387,0.9992947854936131,-0.00238978302748244,-0.022065545177518086,0.03028749475235592
1750194926165412096,2.504786299055004,-0.7345124105818428,0.10836885895661075,0.9993380006389643,-0.003647179593584451,-0.02016066033131957,0.030063371982110954
1750194926324392192,2.5168012315216113,-0.7364465729590464,0.10856250329672035,0.9993738444439438,-0.004710378443508662,-0.01825126440505102,0.029943659159627486
1750194926382124288,2.528857893680214,-0.7383011718094261,0.10830140866365268,0.999405505458869,-0.0059080741683220995,-0.016317982105650244,0.029790162438697868
1750194926541598208,2.540990064109331,-0.7401949432898949,0.10788718171942158,0.9994207296150123,-0.008035173319525546,-0.014550213479240492,0.02969734825249827
1750194926597719296,2.5532124088648285,-0.742185136371484,0.10692806717392456,0.9994190840159267,-0.010854037515640715,-0.012945118540230584,0.02959912634444323
1750194926761967104,2.565518252408358,-0.7444047100924545,0.10614655497423486,0.999385092871871,-0.014997802037352957,-0.011579245904748825,0.029502934494852022
1750194926821587456,2.577831614868462,-0.7460082980168128,0.10564543779544167,0.9993573317459475,-0.01779619238698546,-0.010273608748995152,0.02937127823942946
1750194926983383808,2.589969227667125,-0.746881220184326,0.10536532012276734,0.9993505579583085,-0.018701124711356067,-0.009154875119662799,0.02940949684185623
1750194927040859136,2.6016672307590643,-0.7475084688069176,0.10573136255747917,0.9993295930931493,-0.01908101688223334,-0.008579391182964836,0.030044520464639336
1750194927205780224,2.6129417596233155,-0.7483057164499813,0.10654944476610995,0.9992868879122767,-0.0196935967470206,-0.00840820562878203,0.031099517228835426
1750194927263990272,2.623763575229048,-0.7489783145383644,0.10758165182620916,0.9992569649426868,-0.019433801674536438,-0.008360291093420128,0.03221724536390974
1750194927427674880,2.6342317046786365,-0.7497730197698864,0.10842093086086058,0.9992308422388202,-0.01918756453684118,-0.008412770995207255,0.03314794971072353
1750194927485920512,2.644593600825381,-0.7508914324208975,0.10874076236087049,0.9991973739606211,-0.01944397528768896,-0.008668883627189929,0.03393214039621587
1750194927652515840,2.6547875149718405,-0.7520729714730106,0.10883192462900526,0.9991650542845295,-0.019699745076522314,-0.009085565560102536,0.034620324073674096
1750194927708062720,2.664800427189322,-0.753227728940387,0.1091186664481727,0.9991321986544269,-0.020059218773038966,-0.009700672701350912,0.03519054281092146
1750194927870521600,2.674755713500004,-0.7544507902250128,0.10975227731586745,0.999083809748495,-0.020739932653577372,-0.010688307169078745,0.03587696171386078
1750194927928925952,2.685182790745313,-0.7556734593461556,0.11054077658977501,0.9990300578916408,-0.02136506960804475,-0.01192846518167196,0.03660859117855101
1750194928095049728,2.694762798635931,-0.7564034537362456,0.11226912460786975,0.9989973956187942,-0.02146326434331851,-0.013118036418544447,0.03703307914712412
1750194928156216832,2.704308601524801,-0.7574137346848158,0.11369622675945878,0.9989596549222076,-0.0223729884359062,-0.014229665513915912,0.037102208094838475
1750194928318416128,2.7138940748855833,-0.7583076048851751,0.11478333745364333,0.9989278502453393,-0.02314342421551873,-0.015325869735796522,0.037049286587556546
1750194928377814784,2.723571634891713,-0.759092042837656,0.11542196116619641,0.9989008808531085,-0.023844079519049828,-0.016390872474850156,0.036875864766620435
1750194928540724992,2.7333468914711143,-0.7592046709187983,0.11608239759343197,0.9988953131353544,-0.02339075091604623,-0.017464717936443785,0.0368240382794445
1750194928601498880,2.7432165043545687,-0.75901694813526,0.11691351548185214,0.9988927747747027,-0.022691251759019777,-0.018504365667463805,0.03682281966048488
1750194928762443776,2.7532205387624393,-0.7591525991264438,0.11801898766992913,0.9988675618849667,-0.023376166461197605,-0.01945912933270125,0.036585392456194174
1750194928817767168,2.7627499867655922,-0.7595846925968743,0.118636037963189,0.9988254217168991,-0.024460979473458388,-0.02033813847513624,0.03654856411165388
1750194928976161024,2.7729759408307455,-0.760187647949639,0.11912089380108837,0.998765559283215,-0.02567385424845528,-0.02127866689162013,0.03681615315362602
1750194929032221440,2.7832620919210425,-0.7609332297966391,0.11963867272602391,0.9986929352297874,-0.027237030743926607,-0.022164437966318413,0.037138968321742225
1750194929187911168,2.7935421563294174,-0.7613261801446498,0.12057636572370534,0.998638149696736,-0.02820195700867516,-0.02294849412488594,0.037414732506866256
1750194929244037888,2.80375474730452,-0.7615457514836734,0.12154215231492849,0.9986111314753521,-0.0286833166029658,-0.023556671111247995,0.037391960209749345
1750194929398543872,2.813983462068412,-0.7616620302439285,0.121987077183761,0.9986192361921672,-0.028467394563924314,-0.023950534756918586,0.03708908786384205
1750194929455938560,2.824167471994882,-0.7614404214103523,0.12245390864095773,0.9986695929988383,-0.027063708537234478,-0.024102662093835273,0.036683257485352685
1750194929610681600,2.8343670651313717,-0.7612787961829754,0.1228082601579672,0.9987309699278545,-0.02516329624221392,-0.024115055122078555,0.03635549952418264
1750194929668443648,2.8447854970855353,-0.7614832579600481,0.12336102539758009,0.9987721745694982,-0.024015589050276544,-0.023909327946419236,0.03613500830821333
1750194929825503488,2.8557047172178156,-0.7621823991063108,0.12383312239501487,0.9987762191015294,-0.023348962081028102,-0.023577490488904798,0.036674133517212285
1750194929881127424,2.866919313614421,-0.763307931115107,0.12419456121006744,0.9987580019604811,-0.022448714804553144,-0.02305518711135817,0.03803902037108184
1750194930037259264,2.878665372791894,-0.7647772974299976,0.12511127750118511,0.9986927402564852,-0.02186257699554714,-0.02229853044588575,0.040467441555652774
1750194930095018240,2.891044674038906,-0.7661832324462816,0.125629539453314,0.9986042882705863,-0.020555892532443994,-0.02139090649070181,0.0436962223687157
1750194930250850560,2.903614318026334,-0.7672380789551347,0.12514980240146079,0.9985258159467515,-0.01704584150153835,-0.020320883481891216,0.04735711002472452
1750194930307916032,2.9163725510020315,-0.7683708868781416,0.12404260853771998,0.9984077310597823,-0.012554338381380151,-0.019170186702790866,0.05154507822909345
1750194930464751872,2.929367907752883,-0.7698137928529816,0.12348466171273342,0.9982163367211686,-0.008621199931445597,-0.01789038364890848,0.05630057004691522
1750194930522060288,2.9424769883514075,-0.7720068200051662,0.12389409129293805,0.9979677456121937,-0.007288416965295325,-0.01622784358842561,0.06118753785147181
1750194930682007552,2.9551936057334,-0.7745014394224023,0.12441461025441702,0.9977297775462826,-0.0072289091059540315,-0.014189961080960755,0.06543453885452305
1750194930738907136,2.9675200643015107,-0.7763937341831921,0.12510742534107155,0.99755394253556,-0.0068529145649886825,-0.012144341862073312,0.06849587034605095
1750194930898456832,2.9796335645396055,-0.7780290029566324,0.1251125500230006,0.9974409588502148,-0.006536782969606857,-0.009905595049080087,0.07050307272095262
1750194930956806656,2.9916307678333123,-0.7798652528740808,0.12402362778912979,0.9973849985845998,-0.007291082636501446,-0.007557493247331318,0.07150446844919756
1750194931123632384,3.0035597808928003,-0.7815104172029779,0.12300835919060171,0.9973259216011231,-0.008606074554731469,-0.005421512754830789,0.07237091116379611
1750194931183492608,3.0154628029645876,-0.783360828536793,0.12235031193558088,0.9972260040729641,-0.011209628014666484,-0.003751101869075044,0.07348857241237702
1750194931349457664,3.0272220790954827,-0.784512518114421,0.12258275209023584,0.9970902746527045,-0.011949493026055002,-0.0027020924933180905,0.0752389028732616
1750194931412895232,3.038714721745711,-0.7854136057494907,0.12378848999941283,0.9969325344618734,-0.011721241623264812,-0.0024639774678905514,0.07734379769103829
1750194931581097728,3.050076275528512,-0.78661812926343,0.1250286177173625,0.9967610168236642,-0.011762518649669427,-0.002883466529332259,0.07950348493270637
1750194931639146240,3.061381516887889,-0.7881540522594834,0.12591640512792868,0.9965612161481866,-0.012175020386284303,-0.003914507397935025,0.0818668918407962
1750194931805831424,3.0726564299651122,-0.7897782107725817,0.12573682569649636,0.9963348104421412,-0.012259045758276528,-0.005354276804932104,0.08448664402268113
1750194931864642048,3.0838381378291784,-0.7914514174577318,0.1255572837615624,0.9960821751186141,-0.012680051083557518,-0.007308094313064359,0.0872130063293343
1750194932027209984,3.09491931094258,-0.7931826226901775,0.1252973072728376,0.9958142785067627,-0.013555256478487857,-0.00958511037214026,0.08987938252464808
1750194932085134592,3.105913246676252,-0.7948007780202904,0.12561804787468178,0.9955399859453004,-0.014176973017176592,-0.012186133912682136,0.09246971374651948
1750194932247569664,3.116491190675664,-0.7957977376929746,0.12614489988695698,0.9953456482389108,-0.013134010712825647,-0.014487364371867413,0.09436447725714553
1750194932305319168,3.1266609308494258,-0.7962719834859708,0.12650079444373397,0.9952598664572401,-0.010818097563492255,-0.016283417414369086,0.09526603435607461
1750194932468551424,3.1374408027740612,-0.7967639984776493,0.12717886572412818,0.9952517942154486,-0.008757943444996445,-0.01775032172011395,0.09530000323387675
1750194932529216256,3.14690856741909,-0.7971839947581216,0.12830081627174517,0.9952399735374667,-0.007010635772214166,-0.018839711985016293,0.09535885544370433
1750194932694856704,3.156481158419066,-0.7977979625163725,0.12906943150803674,0.9951322497744144,-0.005157674317597175,-0.01993986272691441,0.09637222488340691
1750194932749650944,3.1667472336705162,-0.7988729876472442,0.12967974881629019,0.994886774815854,-0.003574223567635468,-0.02098551271434117,0.09872759735004605
1750194932912346112,3.17700880241715,-0.8001101983400751,0.13093068882143166,0.9945862353793091,-0.0027720344899325997,-0.021572761448204185,0.10161275600188727
1750194932969041408,3.187270271113236,-0.800880655713633,0.13179028205139787,0.9943625669933781,-0.0014166166611080167,-0.02212282394194219,0.10369020792924118
1750194933128241152,3.1974814775802614,-0.8010495061885416,0.1324105519546137,0.9942307452366924,0.0007956819058806301,-0.022414012829146956,0.10489139214106404
1750194933185901056,3.2077676674070132,-0.8009285528223993,0.13321188893174218,0.9941593769689527,0.002517205034329742,-0.022654935441760532,0.10548720663496912
1750194933346390528,3.2181515261181346,-0.8006896946056683,0.13355384461216424,0.9941387785492395,0.0039026652774416183,-0.022764982360065394,0.10561540496776005
1750194933401776128,3.2285700809484643,-0.8003147651428426,0.1336027783221172,0.9941574783402853,0.005167883186765107,-0.02272198516988232,0.10539408253499342
1750194933560459008,3.2392248366515513,-0.8002979080107426,0.13365282635498232,0.9942053898134023,0.004894150727845332,-0.02268213655212065,0.10496290218960545
1750194933616455680,3.2500504945132622,-0.8006323500567554,0.13324024335394125,0.9942424428793475,0.0034142714045321855,-0.022760654730703104,0.10465304641678456
1750194933776470272,3.260746711620204,-0.8004748112983506,0.1328866933341626,0.9942564026704759,0.002825752907359691,-0.022713950122034775,0.10454806234036429
1750194933833718272,3.2712259805693464,-0.799846050611511,0.1328399775168121,0.9942696268369641,0.0030135057995998686,-0.022500782921713505,0.10446311645834637
1750194933990113280,3.2816247663934313,-0.7992622789043393,0.1333735057764378,0.9942956184120597,0.0024209754493115547,-0.0222690711057346,0.10428063366004814
1750194934047370496,3.292052183541041,-0.7988032361701887,0.13362975768247054,0.9943063182336481,0.0013435342031704795,-0.022138306820672703,0.10422588837523128
1750194934205600768,3.302455904103036,-0.7985302161376202,0.1335368867374327,0.9943417356777989,-0.0002838554497411967,-0.021988830996749364,0.1039274911981534
1750194934264142080,3.312877639737671,-0.7984618350385322,0.13324895879772614,0.9943964243699664,-0.0028213444085062366,-0.02184019375731044,0.10339631111696952
1750194934424616704,3.32335167667954,-0.7986762039352451,0.1325799699767196,0.9944208992291127,-0.006262543134034536,-0.021726071857604792,0.10303316714289171
1750194934482897920,3.3335069456649786,-0.797644284988337,0.1329177024208006,0.9944435996987109,-0.007222397752742201,-0.02128685082705591,0.10284276333723241
1750194934647216384,3.343571840461581,-0.7960167233999149,0.13410114490236458,0.9944775638888959,-0.006640891627285302,-0.020538149783839263,0.10270568574065463
1750194934706530304,3.3537672991618557,-0.7946339155442281,0.13492098021106624,0.9945147053278203,-0.006673348828493244,-0.019778924558902667,0.10249273850095578
1750194934869481216,3.3639795457397415,-0.7930931504038758,0.13539449195145092,0.9945368887290076,-0.0062136156082509995,-0.019007728864813132,0.10245230198341139
1750194934925828352,3.3741824119003523,-0.7914351409977547,0.1358680154487537,0.9945478274323784,-0.004484415571676757,-0.018227800565849408,0.10257804956738108
1750194935087313920,3.384478171253076,-0.7902441167393652,0.13596935721583314,0.9945609568819356,-0.002694642819401724,-0.017493690806497667,0.10264118436636828
1750194935146039808,3.3949092248185817,-0.7895948016259782,0.13623298964686148,0.9945266369038255,-0.0013498583655866222,-0.01708317727651288,0.10306847930040725
1750194935305464576,3.405518723301596,-0.7893321253260508,0.13678654347116792,0.9943745090182167,-9.248536261738965e-05,-0.017220266266202912,0.10451215092494638
1750194935365709568,3.416489229768197,-0.7899744623708056,0.13827979536098622,0.9940507339900806,-0.001116700538600268,-0.017990289017584076,0.10741620331566758
1750194935524641536,3.4274379453148707,-0.7908865930309261,0.1404437680802153,0.9935795442682649,-0.002395122084384237,-0.018983892547717648,0.11150589412943458
1750194935582905600,3.4384796593497233,-0.7922139266553359,0.14204858520384,0.9930194651014891,-0.004159433084694081,-0.020170881912616272,0.11613860929438531
1750194935742412288,3.4493681964844103,-0.7935728481796351,0.14393429910744926,0.9923604434219816,-0.006156120264535362,-0.021388542426296234,0.12134818815085503
1750194935802549248,3.4598921121789767,-0.7948210217080716,0.1460061443088705,0.9916137213265681,-0.00785813625263865,-0.022457697337345806,0.12702806462279942
1750194935963002112,3.4705263380972657,-0.7959110867641188,0.14755960026139547,0.990867680417876,-0.009505691445609374,-0.023243702400579797,0.1324787229412791
1750194936024754176,3.4801794897958898,-0.795688805919669,0.14890933608717027,0.990395208532473,-0.008235769116177979,-0.024021565883957832,0.1359134555350095
1750194936187562240,3.4895475211884515,-0.7948768313071364,0.15016024793005034,0.990199881458451,-0.007107701063946612,-0.024682456097702293,0.1372750949962895
1750194936249336576,3.4989319125201064,-0.7933995722743372,0.15095405838771248,0.9901542707456853,-0.006277214998660255,-0.025271303810742704,0.13753718733362946
1750194936424912128,3.508549371427949,-0.7914418434867967,0.15122846059196782,0.9901446438533378,-0.0056312627234516785,-0.025899116166187695,0.137517667630369
1750194936486273536,3.5182665892216773,-0.7894356462992471,0.151035428645792,0.9901415650293796,-0.005193641983850716,-0.026559747050226786,0.13743102677613417
1750194936649805056,3.528019786949603,-0.7876915218384273,0.15132209768957328,0.990164179681186,-0.0059107118438731674,-0.027253565455472414,0.13710289541708073
1750194936713573632,3.537842973095173,-0.7861389623749204,0.15153782177909214,0.9901977998005774,-0.006780777080065767,-0.027947717697173118,0.13667941837674302
1750194936872590336,3.5476629541315776,-0.7844486349958633,0.1517454937611742,0.9902145826735193,-0.0069005347761048,-0.028616253257780905,0.13641324323539283
1750194936933959424,3.556912450626345,-0.7828607163684032,0.15195324958537038,0.9902242178671887,-0.006926118950006384,-0.029262669829843276,0.13620471129896544
1750194937090794496,3.5668638482710624,-0.7814257273034686,0.15226287581957987,0.9902432435919372,-0.007818585963644278,-0.02997808358486621,0.1358620724802451
1750194937147009792,3.576912494716494,-0.7801200266698283,0.15236609217642494,0.990268004683048,-0.00909615788130852,-0.030692949562565047,0.1354418017452624
1750194937303158016,3.587003447499559,-0.7787229076020656,0.15205049154634454,0.9902989543925061,-0.010174624460500195,-0.031336441838141035,0.13499068619397966
1750194937361651968,3.5971615571785285,-0.7773963523033283,0.15114984127985265,0.9903367596376828,-0.01160141588642184,-0.031951022160634675,0.13445312135705786
1750194937516666880,3.6074759246286905,-0.7764527701284143,0.1496342278489191,0.9903395919477648,-0.013709813343165546,-0.03266395252323084,0.13406192540908235
1750194937575502848,3.6175039366165453,-0.7743863972694314,0.14930862656248056,0.9903546054241118,-0.012190953114718555,-0.033273662614647856,0.1339477493413499
1750194937734051840,3.6276550891310424,-0.7727438849850596,0.1500490708389366,0.9904038442041829,-0.01064123431588081,-0.03448568827397626,0.13340812127483495
1750194937792327424,3.6379626574900388,-0.7713467757873165,0.15181103864025713,0.9905225874691038,-0.00868353894275247,-0.035978690428377036,0.1322691713892558
1750194937947179264,3.648383923291894,-0.7702915991782593,0.15466040889549193,0.9907289204029591,-0.006619262856959793,-0.03770163129438079,0.13034944815441377
1750194938003878912,3.6589633472519987,-0.769510337006313,0.1583212032834278,0.9909967405816579,-0.004226159579417485,-0.039524077885023226,0.12784931364336086
1750194938155095552,3.669673851793205,-0.7699842971279507,0.16037328107620175,0.9912701056412677,-0.0037563847343311425,-0.041379515158908135,0.12512874554190798
1750194938213730048,3.680606976171241,-0.7711632931640509,0.16096632107557696,0.9914806026599265,-0.004493270696516378,-0.04361039636289822,0.12265463055517865
1750194938367599616,3.6912665127499658,-0.7717618479698576,0.1616454446810729,0.991645703351511,-0.004507064556116957,-0.0456910577653325,0.12054382038851758
1750194938426278912,3.7018284547799816,-0.7724016147761725,0.16208725690758596,0.9918086590380353,-0.005566018622900024,-0.04772846317190378,0.11834947020207644
1750194938579281664,3.7122992538121418,-0.7731308371305179,0.1618564532195732,0.9919674098357723,-0.007578516023935068,-0.04962292171975736,0.11610680237858169
1750194938640939776,3.7225159973266893,-0.7733803293557395,0.162119100893531,0.9921746765719858,-0.00916637296727755,-0.05092635798454876,0.11363051895652977
1750194938799746048,3.73256625515483,-0.7727350822656893,0.16303517229012598,0.9923731140373386,-0.00884551732287989,-0.05151806834599071,0.11163891791406706
1750194938863680000,3.742238871817593,-0.7719173959133068,0.1640266790759939,0.9925095568001567,-0.00822499442367966,-0.05170024460962326,0.1103821264263002
1750194939021316096,3.7519247002962524,-0.77088085975711,0.1650393142870139,0.9926105649148815,-0.007055937315239962,-0.051599365618163646,0.10959920453984247
1750194939084819200,3.761668947193922,-0.7702957209672645,0.1659351009293828,0.9926939620455999,-0.006858083096900402,-0.05130463710082079,0.10899311274754105
1750194939244684800,3.7713326789354054,-0.769727744751977,0.16701682600996426,0.9928076564364072,-0.006545319718197918,-0.05059869096771371,0.1083046101668314
1750194939307047168,3.781010707013312,-0.7690155528595852,0.16840032556703655,0.9929461317203906,-0.005954849612424113,-0.04954409671039879,0.10755418052663965
1750194939461611776,3.7908514656137986,-0.768439599252396,0.1693674735699786,0.993070474036032,-0.005722996931451058,-0.048461384222159294,0.1069101264766125
1750194939521212160,3.8004423615706044,-0.7680067615625079,0.17007645892682888,0.9931754893928549,-0.0062004379070730075,-0.047481139393502576,0.10634633628347631
1750194939673128448,3.8102762547062397,-0.7676260605705227,0.17058312839309409,0.9932772812601723,-0.0070330872282976225,-0.04650946077127674,0.10577167992995368
1750194939730970624,3.820380029655722,-0.7672506182817669,0.17094456069696085,0.9933560702615433,-0.008297045583357093,-0.045599165096196985,0.10533562005163097
1750194939884632320,3.830478480499065,-0.7666734183683266,0.17120238720461334,0.993412701550012,-0.009676660992147297,-0.04471350280701987,0.10506316813173015
1750194939941445632,3.840570463031109,-0.7656318019055046,0.17127617877964418,0.9934893707970397,-0.010452844169759896,-0.04375942042246238,0.10466480442992725
1750194940097026048,3.8506644844346627,-0.7642225993103073,0.17120770170156518,0.9935828158501082,-0.010662241784091562,-0.0427295237263419,0.10418105609767661
1750194940154457600,3.860642866083159,-0.7624743820408177,0.17198537303124972,0.9936602734644282,-0.009590068867299706,-0.04149732093582392,0.10404452831777118
1750194940309608192,3.870637555416287,-0.7611350650152708,0.1727765490540838,0.9937021197926864,-0.008263558863879248,-0.0403377848088606,0.10421455671420717
1750194940371112192,3.8811205841006804,-0.7598701954264433,0.17373584119548857,0.9937262476738948,-0.006259080958047231,-0.03918880269349815,0.10456197364707626
1750194940530081536,3.8904805872162163,-0.7592503937388706,0.17564310445075693,0.9937353643968219,-0.0053011782725757,-0.038548890610695795,0.10476595863505797
1750194940587922944,3.900513117467863,-0.7590196232539066,0.17736143943921023,0.9937341173908385,-0.004566838725446896,-0.03808073743025838,0.10498335751096431
1750194940743216896,3.910594200058402,-0.7591272084801934,0.1787361230733766,0.9937109439584291,-0.0040035569347725754,-0.03775588768658165,0.10534241469662665
1750194940802385152,3.9206851354821564,-0.7594595624295959,0.17986455381619315,0.993669808072505,-0.0037796802300668884,-0.03753766148931256,0.10581564398718718
1750194940960307456,3.9308204634243062,-0.7598711025794609,0.18099709446515222,0.9936001014427176,-0.004274847390423231,-0.03751950472019979,0.10645586342874983
1750194941018342400,3.940848324707482,-0.7597535604887433,0.18231157639616002,0.9935016427481961,-0.004211739593981378,-0.037577876588539935,0.10735292402782873
1750194941178190336,3.95078143694847,-0.7590211344385276,0.18351561354347412,0.9934079218989247,-0.0032814736683260785,-0.03768655440214677,0.1082111651185689
1750194941243060224,3.9614743035300433,-0.7580773613781897,0.18438835906789874,0.9933309642424695,-0.0019740140594636637,-0.03781588633339781,0.10890205455563423
1750194941402943232,3.9710182931696996,-0.7573423983586949,0.18494685453035498,0.9932815725624975,-0.000960886295910277,-0.03800218579636115,0.1093006321116079
1750194941459181312,3.9806717362312956,-0.7569598617835602,0.18565038685854995,0.9932254248768452,-0.0010111698076216754,-0.03834048343142068,0.10969156870095081
1750194941612749056,3.990747535656127,-0.7565563214142896,0.18643148907975382,0.993164672336269,-0.0011095852958090315,-0.0387192177975755,0.11010687815394019
1750194941671280384,4.000754256010071,-0.7557503019282548,0.18722647736566733,0.9931454249802607,-0.00029204276024142435,-0.038905882008755326,0.11021983440798798
1750194941826463744,4.010815489235525,-0.7550736131060454,0.18781378721788267,0.9931771187180316,7.89976147593536e-05,-0.03901748426755657,0.10989467928774686
1750194941883815680,4.0209768253590505,-0.7546683361691802,0.18835617311247566,0.9932501433496443,-0.0005500855561215483,-0.03907189207849567,0.10921189216929741
1750194942039298560,4.031180650963991,-0.7543602796723006,0.18850171933780846,0.9933201389674073,-0.001407638532480333,-0.03906278565564237,0.10856895897241446
1750194942097376000,4.041377844141164,-0.7541812808835271,0.18852992132886337,0.9933867266558553,-0.0025322728283004095,-0.03896133701071315,0.10797413170118836
1750194942254578176,4.0519962199446855,-0.7536943490615826,0.18906094731649237,0.9935238793321954,-0.003147629638272899,-0.0384089270913333,0.10688848368303411
1750194942312767232,4.061424783601968,-0.7533193011032173,0.18947841744061922,0.9936673146381265,-0.0038110853900288643,-0.03773486715511588,0.10576777982348928
1750194942467544320,4.071515320447002,-0.7530860586371659,0.18957078192674803,0.9938237365581984,-0.004767319819235829,-0.03693711188042257,0.10453374135261295
1750194942527030272,4.081684751586437,-0.7527173310269237,0.19040748458411416,0.9940066432589462,-0.005639040368763511,-0.03588453198282285,0.10310817011844921
1750194942687410176,4.091530410878282,-0.7526735001658968,0.19080420350369476,0.9942098956327571,-0.006858223531106268,-0.034685398445345086,0.10147202240315728
1750194942745280256,4.101746719337697,-0.753239784444145,0.18983438496387128,0.994405700790582,-0.00918887464390326,-0.033496856281075564,0.09975383419826693
1750194942910236928,4.112149961441144,-0.7524909519972534,0.19009193368241561,0.9946322148861719,-0.008647394879633378,-0.03180791209371501,0.09808280379690508
1750194942969065216,4.121544214451273,-0.7520348480395169,0.190916819034189,0.9948041785730047,-0.008668598624279038,-0.030445050960268526,0.09676053205520736
1750194943131466752,4.131696906725219,-0.751949134762568,0.19215603930563097,0.9949330996339126,-0.010233895399615991,-0.029325829687752228,0.09562107691785098
1750194943189044224,4.141948171607565,-0.7518335363758908,0.19337657821519505,0.9949950359665511,-0.012515538546988694,-0.02857942303094462,0.09492869047879425
1750194943351998976,4.152228322711021,-0.7514471344630751,0.1940514091417005,0.99501296160765,-0.014470767927143439,-0.02807157778328676,0.09461389765319174
1750194943410814208,4.1624686045558175,-0.7509351612810375,0.19476267686052307,0.9950039777912195,-0.01630673468567207,-0.02774981936565514,0.09450461421917375
1750194943576161536,4.172603581269218,-0.7500777075586011,0.19582236820102317,0.9950009365987402,-0.01750660277234322,-0.02753517122914221,0.09438468823057532
1750194943636462336,4.182800442538051,-0.7491797337067734,0.19685396156780888,0.9949590398655743,-0.0186867829116616,-0.027595746987415654,0.09458217528896844
1750194943800049920,4.192985972865552,-0.7482336291937282,0.1976325177830165,0.9948963146882354,-0.019550769504678458,-0.027849714160907688,0.09499201994219529
1750194943858345472,4.203141359396636,-0.747398753937512,0.19806381357008718,0.9948382543747966,-0.020320701877608618,-0.028220569528245556,0.09532846460113917
1750194944021398784,4.213218299686908,-0.7467440649448651,0.1988371943169991,0.9948060157606154,-0.021596752719535893,-0.02856342885321944,0.0952822219021387
1750194944078790144,4.223259449414552,-0.7457800933356689,0.19983163030033424,0.9947903148175616,-0.02211413063781489,-0.02888511195397633,0.09523048397817127
1750194944243233024,4.233288104773166,-0.7446104601287065,0.2006764337105893,0.9947691460984291,-0.02174684377114403,-0.029188330482482237,0.09544350224211871
1750194944300286208,4.24330511691546,-0.743480200484421,0.20114339584622343,0.994759332487585,-0.020837987841338803,-0.029378629352252158,0.09568983660223117
1750194944464020992,4.253343151070297,-0.7423721591833532,0.2015391453789377,0.9947721411575349,-0.019339996765776683,-0.029427499107568377,0.0958560065839742
1750194944522057472,4.263478421041141,-0.7416202031834223,0.20170533032185345,0.9947756830902375,-0.018002519410396142,-0.02949802100817947,0.0960578803838111
1750194944683891456,4.273745269137503,-0.7416018477936106,0.20221185173038858,0.9947254404566246,-0.0180233099689347,-0.02977503215987399,0.09648785346361885
1750194944742397184,4.28405298277594,-0.7417650293555544,0.20280895148978084,0.9946310565519326,-0.018018530245501402,-0.030205436726493225,0.09732433150214694
1750194944908613376,4.2941510137587,-0.7416093391164118,0.20333934654564922,0.9945795612723285,-0.016852901794031386,-0.0304042623480458,0.09799518779784384
1750194944972722944,4.304280874687974,-0.7413151913735572,0.2040851764896665,0.9945813572326673,-0.015343915595965983,-0.030346091929491555,0.09824257124086436
1750194945139316736,4.314244240171586,-0.7413935823398594,0.20478055648773275,0.9945929624294085,-0.014793870430460104,-0.030185910247544395,0.09825879760157233
1750194945196073728,4.324082322274944,-0.741823780336528,0.2053002262963175,0.9946074343115902,-0.01524679619593975,-0.029979206725459617,0.09810623824195731
1750194945357365248,4.33411304609262,-0.742118606750183,0.20594082965469696,0.99465196439968,-0.015592085987693374,-0.02958449453968423,0.09771956944871099
1750194945415294976,4.344198712670402,-0.7419498119764745,0.20691802287378458,0.9947037839973002,-0.015314145983893282,-0.029087005338753993,0.09738483020809703
1750194945577179904,4.354298284914109,-0.7412837847768969,0.20810613632842578,0.9947618315565164,-0.014114671862497234,-0.02844069880819762,0.09716378526920559
1750194945635223040,4.364463836264493,-0.7406317603198174,0.20895979571692092,0.994822091184627,-0.012406032319671386,-0.027569889994911428,0.09703091475811841
1750194945795144192,4.374698527758742,-0.7402127458132357,0.20930093638086822,0.9948924181882401,-0.010716625462047553,-0.026557882371884032,0.09679312503573481
1750194945852700928,4.3850501187129005,-0.7404593290582513,0.20999286164082687,0.99494371205817,-0.010516308988763231,-0.025691318179041762,0.09652136163246626
1750194946016111616,4.395388875721408,-0.7406933179841051,0.211290541886906,0.9949535367415581,-0.010334646521215556,-0.025058817478329193,0.09660595464739333
1750194946074221568,4.405718175891334,-0.7407275881057958,0.21247612847580388,0.9949290473966964,-0.009554576028092347,-0.024658970674243514,0.09704038277187604
1750194946236005376,4.416019064334922,-0.7407196473680671,0.21353136852201882,0.9948927280330809,-0.008753968825385466,-0.02442447383012278,0.09754625987099716
1750194946294709248,4.426335447384089,-0.7407691112158847,0.2145318297910439,0.9948531018112985,-0.008314362548058365,-0.02432849363648495,0.09801174209877715
1750194946457507328,4.436728605725194,-0.7407689756060085,0.21553045704999496,0.9947805749921502,-0.008141243347940742,-0.02449305470791089,0.09871888393874727
1750194946516849408,4.4471675346611415,-0.7407449902954433,0.21616729680487845,0.9946738538353322,-0.008003210633889526,-0.024893584670039957,0.09970046418243642
1750194946677271808,4.45764964298259,-0.7408922220348169,0.21641210468956418,0.9945582993563354,-0.008241704709597479,-0.0254586201296592,0.1006862559935932
1750194946735460608,4.468131900289594,-0.7410239413259081,0.21637104856912082,0.994474688257417,-0.008390049549469413,-0.02603097177538946,0.10135131963768175
1750194946896219904,4.478510775883075,-0.7405707081078123,0.2166233460629794,0.9944233806169069,-0.007358801115307744,-0.026576861678877736,0.10179223227677762
1750194946957350400,4.488924125273231,-0.7402391817477367,0.21713878254661667,0.9943806390504601,-0.00718822531009771,-0.02726745700033392,0.10203901159470703
1750194947121755136,4.499410437449961,-0.7399537663959981,0.2172347790248872,0.9943305436020725,-0.006936419018583333,-0.02805512449721961,0.10233067057657241
1750194947183421184,4.50992991777104,-0.7397074324377018,0.21705078824474278,0.9942896999249448,-0.006554493307993429,-0.028882110681238304,0.10252246057930674
1750194947343698944,4.52039921603798,-0.7396385265672585,0.21727293383125312,0.9942752550365025,-0.006542399948689521,-0.029673705565729885,0.10243722674402854
1750194947403648768,4.530834508264153,-0.7398267485598975,0.21795340944504904,0.9942910173787491,-0.007304372097029064,-0.03042031915696037,0.10201285747683277
1750194947562781696,4.541261344034089,-0.7402637759683746,0.21811801854758217,0.9943303814229222,-0.008320188180583646,-0.031023909281124494,0.1013675692758897
1750194947622244608,4.551604128956548,-0.7409798653515711,0.21827887743772845,0.9943964930551734,-0.009990517932837938,-0.03148642466503945,0.10042115918878194
1750194947785717504,4.5618698753270435,-0.7416434026431933,0.2185117433668302,0.9944884098747973,-0.011663774617944576,-0.03174042820018647,0.09924366077502428
1750194947846041600,4.572134211044524,-0.7422976988519538,0.218607836667005,0.9946184842033845,-0.013282972208614664,-0.03169977108701297,0.09773821178688397
1750194948004322560,4.582418659648616,-0.7429022915160637,0.21827065911923516,0.9947883268143604,-0.014530222607945375,-0.031269909116992865,0.09595441755679614
1750194948063209984,4.5928427123170135,-0.7435757384413915,0.21812384365203474,0.9949733200126454,-0.015653441158580916,-0.030603142676854263,0.09405588711616354
1750194948220113920,4.603441356495602,-0.7439958657769372,0.2187930850961961,0.9951497191662986,-0.015950411947893053,-0.029922155042202653,0.09234330208282626
1750194948279042560,4.6140903833908595,-0.7443670168117409,0.21938292216926625,0.9953006665020476,-0.015780657489972746,-0.029111841547204764,0.09099480639846602
1750194948439004928,4.6247348354861035,-0.7445335970133611,0.21965243516803312,0.995440379834977,-0.014544305811586288,-0.028105756391615687,0.08998321965850492
1750194948498603008,4.635452948589078,-0.744882803681886,0.2194380940227938,0.9955891965540886,-0.01338798023992828,-0.02689417886701575,0.08887978866395144
1750194948656563200,4.646038036860233,-0.746085454931233,0.21965018710825834,0.9958189850425124,-0.013702746205873717,-0.02565570361611223,0.08659427606533789
1750194948715307264,4.65666020749141,-0.7473201656477846,0.2203782448558247,0.9961606232634355,-0.012798515947284747,-0.024302520563464138,0.08312399258465067
1750194948877782272,4.6671596237934,-0.7488483464988951,0.22094830431011347,0.9965222697310554,-0.01167172733030769,-0.02270775673149803,0.07931894159288747
1750194948938105088,4.677944902729797,-0.750544243022615,0.22100645126612894,0.9967882054541781,-0.010973272975538982,-0.021386000051599695,0.07639044278858821
1750194949102777856,4.6888876389013046,-0.7522375471497593,0.22165871998292053,0.9969608024886852,-0.011364600178391467,-0.020160943733840954,0.07438777125081032
1750194949163212800,4.69991894752159,-0.754059346856514,0.2224618206910427,0.9970777515410288,-0.012771486335844212,-0.01902793885916637,0.0728751264934165
1750194949332263936,4.710907900745881,-0.7555074795749945,0.2229519692000146,0.9971611334513428,-0.013476631396717797,-0.017841844493417504,0.07190078528988889
1750194949392534784,4.721825936247309,-0.7568590980059584,0.22352571185235615,0.9972011665834005,-0.01425034427263783,-0.016629621402593827,0.07148578001828813
1750194949557011968,4.732717593369078,-0.757897840440326,0.22388330659660616,0.9972211734108934,-0.014530221912654497,-0.015432573954850388,0.07141876233384278
1750194949618057984,4.743430242503488,-0.7582370204450335,0.22435793278098526,0.9972685874335723,-0.013413681136571298,-0.014088579757357606,0.07125271641863226
1750194949784550400,4.754189059585919,-0.758685332754137,0.2247801393199924,0.9973139938396212,-0.013413245885454058,-0.01283234320973931,0.07085346494158296
1750194949845305600,4.7650366974922855,-0.7593010574689565,0.2247351280386627,0.9973482242473013,-0.013916883910859894,-0.011662163429471644,0.07047576801362983
1750194950013581312,4.77591550274722,-0.7598855295093445,0.22505305578365897,0.9973456624383891,-0.014309075934839334,-0.010743003367823058,0.07057951430734588
1750194950072769792,4.786682459136394,-0.7602258918410509,0.22580589021256525,0.9973405229425781,-0.013687738537502022,-0.009889494633027884,0.07089940060576871
1750194950236090880,4.7973827125633415,-0.760736761386867,0.22641034664874704,0.9973427433445304,-0.013114321865003394,-0.008998523964765325,0.0710949606264955
1750194950296094720,4.808123403754427,-0.7616356913246705,0.22701415148661708,0.9973210396850583,-0.013460403615220471,-0.0083345511746088,0.07141496056673013
1750194950461907968,4.818850200050415,-0.7626266570768943,0.22743198856508906,0.9972719955470184,-0.014161277524331784,-0.007922036775535976,0.07200879425371319
1750194950520650240,4.829507121815359,-0.763584412867556,0.22733907696115008,0.9972174465333002,-0.014873061757679334,-0.0076241065404232524,0.07265004723341215
1750194950687310336,4.840087105105839,-0.7642667625524133,0.22703836766919405,0.9971764957922814,-0.014807422011008634,-0.007420231492520589,0.07324422610289034
1750194950748638720,4.850620318336873,-0.7649488500973858,0.22751474072371103,0.9971259101116152,-0.014928429040668127,-0.007522093667325307,0.07389505732673114
1750194950915428352,4.861222180984763,-0.7658801979133001,0.22836170185230253,0.9970524543150778,-0.015060538177440541,-0.008007261135562974,0.07480285625022803
1750194950975775744,4.871842258520882,-0.766856372602092,0.22887989615397197,0.9969801218016616,-0.01443585796114365,-0.008634924588454182,0.07581346064269309
1750194951144256512,4.882418384122911,-0.7677746154875553,0.22951564075803965,0.9969173316115002,-0.013297457548830825,-0.009387337331954756,0.07675212995845351
1750194951203188480,4.892894374572241,-0.7686002648643395,0.22998797209274224,0.9968838218021185,-0.01155992248964593,-0.010077068587351167,0.0773787225916868
1750194951367159040,4.903279151232043,-0.7694738924978521,0.23022990861543313,0.9968857768273706,-0.009753058641165433,-0.010591081736987312,0.07753357204509735
1750194951425200896,4.913617184542703,-0.7703428154562202,0.2303849825444475,0.9969352978418667,-0.007979468323312764,-0.010819973306762574,0.07706664764907473
1750194951587754240,4.924040253390119,-0.7714037436283379,0.2310666522987046,0.9969796628709234,-0.006736181246446262,-0.011093205148987808,0.07657098982981053
1750194951647917056,4.9346131083015985,-0.7727159186324144,0.2318108423477785,0.9969961397705033,-0.006188962646146588,-0.011519082342786093,0.0763394050675023
1750194951814524928,4.945375025750164,-0.7745735788362058,0.23268292228757748,0.9970268266460065,-0.006582295939357847,-0.012243995611096934,0.07579092887566694
1750194951876954880,4.956371344325207,-0.7768626296609948,0.23394076406557396,0.9971183668433906,-0.0069680927865721195,-0.012933622964173816,0.07442532891098215
1750194952042404864,4.9673241338197025,-0.7796147005304261,0.23531457161867353,0.9972584948823023,-0.007945640713438845,-0.013324118525397404,0.0723521184503898
1750194952100993792,4.978172840146097,-0.7820060126545352,0.23605090136932372,0.9974274558339562,-0.0077777312478809115,-0.013462164167339412,0.06997676315155243
1750194952267422464,4.98910328298164,-0.7842409886242505,0.23624592455605953,0.9975864862724104,-0.007799968942969974,-0.013351256256139251,0.06769126123464911
1750194952327429632,5.000199969638654,-0.7863556232155693,0.2359324233397726,0.997735307705853,-0.008538599784708374,-0.013108406042884144,0.065418023218671
1750194952494816256,5.011337807260119,-0.7878727773678644,0.23584064155837448,0.9978556502432763,-0.008929487433975699,-0.012751909364587342,0.06357479326975542
1750194952555398656,5.022383843850397,-0.7889066015618926,0.2358923672375446,0.9979287336117222,-0.008875534645048259,-0.01240917555122024,0.062493838728372476
1750194952742482432,5.0332850728972875,-0.7901316271341194,0.23665367580395857,0.9980212651960199,-0.009283094504230444,-0.012311919079713643,0.06095732131200974
1750194952803880448,5.044293142061708,-0.7918132197799777,0.23780143721738067,0.9981590723604483,-0.00981133779311112,-0.01236717591334554,0.058559857198997665
1750194952966212608,5.055266055813355,-0.7940210931386043,0.23947716668618613,0.9983042756569648,-0.010854852669023692,-0.012690493471277807,0.05576465506046059
1750194953026079744,5.0662515300714706,-0.7957895686818786,0.24164037118571002,0.998475633493183,-0.009522889309824617,-0.013130522074278221,0.05275711600946612
1750194953189912576,5.077343962897771,-0.7980613853413754,0.24336997811202687,0.9986463771487474,-0.008278525889765813,-0.013837940803956958,0.04945089292501133
1750194953248643072,5.088457244198907,-0.8008390933274665,0.24436843193821378,0.9988084665937039,-0.007438070101321917,-0.014654578658432097,0.04595177361370751
1750194953415832320,5.099278140368278,-0.8035441246968107,0.24543437031331328,0.9989536092301204,-0.0065685477813369865,-0.015418139824363537,0.042553751309566165
1750194953475082240,5.110275075943044,-0.8058673964473657,0.2457654412731456,0.9990362173678221,-0.0055246342615543126,-0.016504089770548406,0.040295531073748246
1750194953637614848,5.121433897435585,-0.8067731919795422,0.24699572997860297,0.9990628138427465,-0.00252876110363848,-0.017925740826166,0.039316245748130176
1750194953696225024,5.132743621208728,-0.80816233722806,0.24746974562806834,0.999061848891532,-0.000744453577623984,-0.019622824501291956,0.03859809110429906
1750194953864626688,5.144197318468917,-0.8109073143650276,0.2463628321956337,0.9990391429420984,-0.0022161611110934807,-0.02151943629362038,0.038115526508913124
1750194953926645760,5.155611360757536,-0.8144467918909637,0.24477484906598912,0.9989675583052697,-0.006226352034856397,-0.02373474018989796,0.03823234366427841
1750194954091170816,5.166893577498314,-0.8156953567071481,0.2439527869073288,0.9988101809445116,-0.006325279447328443,-0.026254645578722972,0.04060673425726898
1750194954154279936,5.176273479003525,-0.816179032757737,0.24430575827271594,0.9986973706892319,-0.005786701731648258,-0.02847882008508133,0.04194082340685785
1750194954319159808,5.1880909089100316,-0.8165864568858554,0.24532357330762222,0.9986468288730342,-0.005426636749996143,-0.03132733604434724,0.04115411050892675
1750194954378482688,5.202373327789594,-0.8164508723182653,0.24678645709048164,0.9986552809750663,-0.006053644559729191,-0.034596092586387316,0.03813257853738447
1750194954535732992,5.217898494868756,-0.8172959520506327,0.24774555230564888,0.9986752733931104,-0.009441185005694262,-0.03800489447366269,0.03337948973442008
1750194954594855936,5.232345744303355,-0.818959899178088,0.24805068486657866,0.9986555212581203,-0.013756667491123288,-0.040826307964815456,0.02882909187214649
1750194954754407936,5.244182382553062,-0.8207222190570667,0.24858576457099213,0.9986285410482282,-0.01687512570078635,-0.04249973796396562,0.025495870439427314
1750194954814148096,5.254280787264267,-0.8222942433124727,0.24883142421378057,0.9986260061505488,-0.01749274277160805,-0.04347180415705878,0.023458602547055174
1750194954971572224,5.264529331955937,-0.8236733990146652,0.2485260029104821,0.9986464399097262,-0.017514588068749084,-0.04408937993940808,0.02132261327722896
1750194955028786432,5.275092804842322,-0.8247404596445937,0.24870467281601982,0.9986858862314709,-0.01680832172155536,-0.04433581743352185,0.01945035360776815
1750194955185078784,5.28591474750689,-0.8260094811856789,0.24869642915018852,0.9987276671301859,-0.01665320553263018,-0.044241212955233256,0.01756225299994654
1750194955243843072,5.296772939731557,-0.8276225564410833,0.2482834896120658,0.9987768572412017,-0.016670923770555308,-0.04386936463714993,0.015567549144206824
1750194955405104896,5.307411269672432,-0.8299674939417647,0.24846018800462488,0.9988015436648817,-0.017515024864267217,-0.043770542766495266,0.013146857517293912
1750194955462888192,5.31802795907655,-0.8326647990888816,0.24942414735202956,0.9988228285227158,-0.01793067721085953,-0.04391975019103543,0.010124405157760915
1750194955619497984,5.328546433324705,-0.8353333243595564,0.2512823293886792,0.9988591045029304,-0.016718338474615447,-0.04426372036923284,0.0064582946144236455
1750194955679527424,5.338856663104103,-0.838367681616675,0.2529586441493654,0.9988834982300369,-0.014778368818634771,-0.044811231137207024,0.0023044180940833825
1750194955839765248,5.349025878262624,-0.8420020144511069,0.25408313614443623,0.9988744904209281,-0.013777625099830597,-0.045362479865026534,-0.001474738429284979
1750194955899281920,5.359086368280864,-0.8455215185743841,0.2554673329752086,0.998838417659653,-0.012812084361481823,-0.04630245662380853,-0.0037078851216321078
1750194956058695680,5.369059697828394,-0.8491626260012524,0.2571512918731429,0.9987846061154352,-0.012974874540474739,-0.04732856944557645,-0.0045792719649488355
1750194956116583936,5.379014420936075,-0.8526215699740156,0.25857559401625085,0.9987236895474785,-0.013826236367973622,-0.04834863719280269,-0.004715549402478358
1750194956274213376,5.38892637838053,-0.8557132558357239,0.259479709184105,0.9986642562410353,-0.014896921351127622,-0.049253911389740716,-0.004673034732343902
1750194956331529216,5.398807451816491,-0.8583455325011267,0.2600327569996108,0.9986097451582105,-0.015830878622260628,-0.050080193831612684,-0.004464789232340805
1750194956492889600,5.408801992795037,-0.8604953594699003,0.26046316424112126,0.9985730516079097,-0.016000907084277073,-0.05073539843327551,-0.004663788241802937
1750194956557157632,5.418615168062635,-0.8616220615602685,0.2616755847160679,0.9985702637866045,-0.014394191185248872,-0.05123648030073407,-0.005005859333438984
1750194956714705408,5.4282321060418,-0.8626682469081253,0.2634709094246732,0.9985732627341674,-0.013057234692133247,-0.05150091246273178,-0.005348232431373808
1750194956779157504,5.43857620208073,-0.8642087944131385,0.26519641957442097,0.9985747602492373,-0.012287454730768331,-0.051628893461446786,-0.00565013357045287
1750194956937711616,5.447748463884772,-0.8658923792976561,0.2665640284114468,0.9985757803574278,-0.012208603170061047,-0.05159040202744229,-0.005982583959866424
1750194956997025792,5.457530052252519,-0.867703913668878,0.2679666616757008,0.9985825868111249,-0.01193932426956727,-0.05148965564807738,-0.0062518169223571675
1750194957152944640,5.4673851246024245,-0.86959439298254,0.2691080572341189,0.9985952236984291,-0.011441109107921276,-0.05133262499253288,-0.006453048925939591
1750194957213669120,5.477311390530306,-0.8712767032659539,0.27019201571136797,0.9986188163819708,-0.009973622960552273,-0.05116076498284423,-0.006600192367089295
1750194957369115136,5.487362784654399,-0.8730400414568615,0.27113426485373937,0.9986395649521184,-0.00844952936967282,-0.051036051403887964,-0.006553336766437293
1750194957427901184,5.497397618661246,-0.8751727594573637,0.2723772817080068,0.9986512831215593,-0.007920090569612607,-0.05088659022189883,-0.006591040936082977
1750194957584916480,5.5074545799901475,-0.8776677882833415,0.27351210392983694,0.9986576641739636,-0.00826521490592854,-0.05067723329950724,-0.006809848329349982
1750194957646257920,5.518259583526959,-0.8802792800371826,0.2742379100407608,0.9986743783682015,-0.008221887017763767,-0.0503279580182811,-0.006998800358890662
1750194957802083584,5.526777523493716,-0.8818503922324066,0.27791283552922863,0.9987690741792582,-0.001927227835244827,-0.04937815650394793,-0.004291842989953687
1750194957864188928,5.535166577826043,-0.8850694844959293,0.28084607275564366,0.9988201990946932,0.0031685333700147756,-0.04844847886065947,-0.0009566466477217621
1750194958020113920,5.543151065749773,-0.8896305882302098,0.2821769452799163,0.998854506090868,0.004576219473017854,-0.047596760993868434,0.0018116898728020845
1750194958077861632,5.551444890651193,-0.8957591771612332,0.2824955859119358,0.9988970368582557,0.0026662577182191916,-0.046689762829152194,0.004203197893742912
1750194958234012160,5.559933537483587,-0.902613627537324,0.2821027439824748,0.9989205219075196,-0.0012553795904331722,-0.04597053909970566,0.0065516768063725705
1750194958291932416,5.5684272043061425,-0.9095861850465932,0.2822522151854905,0.9988798799601598,-0.007254816302067007,-0.04581921208821086,0.009324851463457033
1750194958448019200,5.576981515558165,-0.9160870614587067,0.2824199892749877,0.9987620543892036,-0.013323250737499116,-0.0462573533091699,0.012534231802292913
1750194958512472064,5.585953031915497,-0.920880368152174,0.2831262555705245,0.9986344419937244,-0.016073825096592262,-0.0470976506213733,0.015896374322275426
1750194958676671488,5.594567696138348,-0.924088708075006,0.28502729802561344,0.998501506894425,-0.01726957756292146,-0.04832186417352281,0.01901314974317707
1750194958740867072,5.603040077871035,-0.9268035266320664,0.2865028931600193,0.9983570517693239,-0.018407679329785827,-0.04977284185638564,0.02161061631917718
1750194958903831808,5.611642277314326,-0.9290203971988333,0.2874768992183361,0.9982248395226336,-0.019313321371483096,-0.05127386412259562,0.023348581017947276
1750194958968272640,5.620457707483532,-0.9308364823964368,0.28830444283092804,0.9981046375991247,-0.020356889807753662,-0.05279228509824893,0.024201323818750214
1750194959129305344,5.629455727961886,-0.9326268671575706,0.28879666093678846,0.997982734801358,-0.021794965698933123,-0.05430905271524206,0.024616403103570245
1750194959193835264,5.638603852990175,-0.9341110266530457,0.2896009828698687,0.9978565528193771,-0.023667228269208408,-0.05581818880575005,0.024627060318445863
1750194959355099904,5.64793514269954,-0.9348154403227431,0.29060486843127453,0.9977735066586066,-0.024612667367469192,-0.057149284629175456,0.024004276319420852
1750194959420715008,5.6575534656133435,-0.9352969652008021,0.2915032971054523,0.9977022012867782,-0.025497565529040256,-0.05831405501971617,0.02323064111828593
1750194959580192768,5.667260229045909,-0.9361962755384399,0.2918858196320686,0.9976236186135617,-0.02711844378809333,-0.05931952296338446,0.02220134649725177
1750194959642486784,5.676997429113,-0.9371223855320334,0.2922501086546112,0.9975516959116847,-0.028671781956073943,-0.06020226747235361,0.021076761951780664
1750194959804711936,5.686762744527229,-0.9375919241295563,0.29327088642955035,0.9975193535371333,-0.029247639546624904,-0.060799085881391726,0.020079493414868806
1750194959868870912,5.696616382388815,-0.9382813708673634,0.29449921932092105,0.9974659064226828,-0.030515944632142137,-0.061265770776681945,0.019417723314611824
1750194960027604480,5.706491337296472,-0.9390156882540959,0.2954022479581724,0.9974186241040833,-0.03170652535184953,-0.061595702415769615,0.018887932240935372
1750194960090584832,5.7163313086003065,-0.9394373442076827,0.29635748068602563,0.997415785145422,-0.0319149115670492,-0.061694781379927635,0.01835603205737876
1750194960248643328,5.726216606796236,-0.939956780639597,0.2974301168567033,0.9974235114906258,-0.03226068254986115,-0.06154993699586953,0.01780989452330695
1750194960305168384,5.7355722522870725,-0.9407058941336475,0.29825190028821424,0.9974170142554439,-0.03319233355506552,-0.061275999923095174,0.017401738428957206
1750194960457237504,5.745617758150828,-0.9415607363443295,0.2985583659493325,0.9974091455305226,-0.03418640209922432,-0.06091502405804707,0.01719436441367538
1750194960514732288,5.755734274865093,-0.9421529622245997,0.2986467490128635,0.9974124028906894,-0.03484966037652403,-0.06046190788916929,0.017273025961408516
1750194960669195008,5.7658636997075865,-0.9428165489729183,0.29850467439600914,0.9973950587427933,-0.036237924412227486,-0.05987143264292727,0.01747344222060018
1750194960730288640,5.776204394127246,-0.942870723253332,0.2987077169997363,0.9974639291670929,-0.03601091294509523,-0.05875493877392769,0.01779835186407319
1750194960891744768,5.786300786924439,-0.9426697826355754,0.2996551431349075,0.9976154845703801,-0.034000707590694276,-0.057146581131475555,0.018481479749241976
1750194960951611904,5.796281974026332,-0.9427100264385126,0.30026964359170716,0.9978126177408622,-0.030977419280144063,-0.0551399515156482,0.01923447734465443
1750194961106604800,5.805762809338734,-0.9430658121150195,0.3011631562735757,0.9980076393620615,-0.028056531722598387,-0.05297469940874389,0.01967902500677807
1750194961164506880,5.815982662712024,-0.9440310177063296,0.30267379201404765,0.9981646701592511,-0.026491099651668498,-0.050672278196198815,0.01994575412275744
1750194961319824896,5.826342377765249,-0.9453195932224956,0.30403841207186844,0.9982753305613375,-0.026187765828251837,-0.04845785113672545,0.02030768270354915
1750194961375660288,5.836825487838944,-0.9469557431666686,0.3053944885544557,0.9983221775275409,-0.027542388238241736,-0.04643395070096929,0.020931672869184677
1750194961536849920,5.847338680430472,-0.9484246376652985,0.30609809988084935,0.9983623387046265,-0.02873582085378344,-0.04441010301745506,0.02178614252379584
1750194961595550720,5.857848468572738,-0.949358321321311,0.3065318742872458,0.9984070983070901,-0.029201083887890632,-0.04250233934472687,0.02289353402195748
1750194961758921984,5.8682456552046816,-0.9496883432343619,0.30757657701374264,0.9984758061219889,-0.02868744325135002,-0.040710890812300636,0.02378483882673656
1750194961819047424,5.8786762333908245,-0.950204052813092,0.3088922911005425,0.9984990025119986,-0.02903419953658018,-0.03919968110340757,0.024902655304302697
1750194961982179584,5.889164269444615,-0.9508179054903056,0.30993287614753484,0.9985215045296673,-0.029045843248986677,-0.03786211694457296,0.02603082945740525
1750194962042893568,5.8996692079689605,-0.9512940116047064,0.3111297264166226,0.9985584581316646,-0.028318644767491023,-0.03674371679901881,0.026999246805028687
1750194962203803648,5.9101489635985445,-0.9518035602796617,0.3124199960806071,0.9985953075998234,-0.027472122425547134,-0.035811366218680814,0.02775320123159636
1750194962263198208,5.920716757006492,-0.9526865875024946,0.31351157163657506,0.9985880137174936,-0.02754799737864873,-0.03527684608299743,0.028611725404331316
1750194962427781632,5.931315889919493,-0.9535818386391473,0.3143132727372713,0.9985756666356421,-0.027303437870403242,-0.03506013905787354,0.02952874756711978
1750194962488398336,5.9418898829868345,-0.9546487705168589,0.3149609254393364,0.9985412091682664,-0.027147771440370307,-0.03525079679018657,0.030591394611147005
1750194962655830528,5.952342091489598,-0.9559502825280886,0.3156839662778341,0.9984770018839141,-0.02754201469323351,-0.03577847736098803,0.031701966709924104
1750194962718360064,5.962648301391246,-0.9572004632897011,0.31622232686160334,0.9984161006395802,-0.027795390572551502,-0.03646264311397957,0.03260647027382145
1750194962887113472,5.972710885845431,-0.9581582716802366,0.3169814808984164,0.9983757048545222,-0.027654408746321496,-0.037261744860034585,0.033056739148212916
1750194962951294976,5.983342765697332,-0.9593634230846178,0.3181468670479144,0.9982958235446274,-0.028881557452407856,-0.038388039338581224,0.03313099407227132
1750194963119052288,5.9928441906295955,-0.9604082164616203,0.31898486078260513,0.9982146781173845,-0.03040876910090018,-0.03947781819467638,0.03292817977602715
1750194963184091904,6.0024304670312425,-0.9613985897063584,0.319638291682828,0.9981089294526453,-0.03255682352701924,-0.040648984432507994,0.03265391635517268
1750194963352847104,6.0119672354544385,-0.9622842509953591,0.32012128785814875,0.9979683752834863,-0.03533212211509979,-0.0419228124852123,0.032453672738417316
1750194963417885440,6.021508758007694,-0.9628942047576441,0.3202169915120443,0.997812275150355,-0.03795416836484978,-0.043349640647464036,0.03241841018218743
1750194963586646016,6.0310356378457595,-0.9624543444905598,0.3211690811208525,0.9977410506647849,-0.038158035403305986,-0.044664893593998944,0.03258538679726729
1750194963650125568,6.040778326967196,-0.9620181043019471,0.3222940255574036,0.9977224445041702,-0.03732199183653119,-0.04571726052690772,0.03266381404385268
1750194963820998144,6.050644445030719,-0.9620840310694208,0.3235555131294485,0.9977006975353878,-0.03658982183893338,-0.046723063595439686,0.03273313922390964
1750194963884846592,6.060363288441015,-0.9627668013716919,0.32527938304387094,0.9976219615104318,-0.03713881473000056,-0.047918697695418684,0.03278610626018622
1750194964052035584,6.070023944369538,-0.9638205637550294,0.3267190508901847,0.9975218204903646,-0.038173375470246705,-0.049131556312104474,0.0328496761802426
1750194964115953408,6.079595210153147,-0.9650214802725925,0.3285056783924927,0.9973840772495257,-0.040028373362825075,-0.05035034195975434,0.03297839959085783
1750194964281592320,6.089105280175782,-0.9659529393504753,0.3306115694991485,0.9972488635148714,-0.0418677503278868,-0.05149911599267473,0.03300964635908631
1750194964344106496,6.098595637060838,-0.9664042968705928,0.33265275574703157,0.9971575705932185,-0.042880488444280315,-0.05250272260332426,0.03288627736075892
1750194964509464832,6.108184855247408,-0.9667503763321079,0.3340234248957805,0.997078173301657,-0.043741842585889944,-0.053409888795716495,0.032697879311223255
1750194964572984576,6.117879555844398,-0.9669686276494902,0.3348913830291136,0.9969984250797359,-0.044676295579173644,-0.054204507572608404,0.032558261020198896
1750194964736506112,6.127672975544248,-0.9670314303537388,0.335406014300899,0.9969274838425524,-0.04559132421941972,-0.054868377553439665,0.03234940895797741
1750194964798952192,6.137368134790367,-0.966717216929414,0.3363380199474171,0.996914089698084,-0.04572339004860369,-0.05520051963614838,0.03200893618667497
1750194964958100992,6.146998939328318,-0.9667781207436983,0.3373049323508579,0.9968850003374932,-0.04638914902360354,-0.05530912949520967,0.031768587464097
1750194965017557760,6.157024507519496,-0.9670683424787594,0.33801165996760396,0.9968640703740196,-0.0469950323648175,-0.055202610057722486,0.03172008784960014
1750194965176621824,6.1670455152853085,-0.9673223087856346,0.3389243624674241,0.9968699979201441,-0.04721213019799892,-0.05484669536214935,0.03182863516883628
1750194965236720384,6.177118474195219,-0.9675640323525565,0.3398499623687212,0.9969093833032611,-0.04707910726570938,-0.05418765769425906,0.03192079094548679
1750194965396329728,6.187245865275918,-0.9681277697878539,0.3403214125175116,0.9969571193653943,-0.047253516502780465,-0.05320712320655828,0.03182152360994753
1750194965455437568,6.19743851016134,-0.9689306156593771,0.34055013553031177,0.997011902562414,-0.047629057489588386,-0.05194304662200966,0.031633193628731134
1750194965616407296,6.207691151270502,-0.9693742379989052,0.3410586647092315,0.9971412048040579,-0.046676426938177085,-0.05037210549124305,0.031517928843371304
1750194965674707712,6.218158051141692,-0.9701636318727234,0.34156422355011484,0.9972263128612598,-0.04661080335781706,-0.04866991234757703,0.03159673368490235
1750194965834331392,6.228796874240328,-0.9711217062634088,0.34199812184235867,0.9972825535049122,-0.04714333668080073,-0.04681575368396269,0.03183236542144964
1750194965892769792,6.239520949816443,-0.9722324102809301,0.341792857624049,0.9973276079614255,-0.04801086367082072,-0.044816899808284245,0.032000700915719854
1750194966052204032,6.25023137081119,-0.9728152988989294,0.3414227556493694,0.9974383027639305,-0.04768349061314884,-0.042700484266256764,0.03193408125784201
1750194966110104576,6.260966414393191,-0.9728915835829479,0.3416250572866071,0.9975904590956055,-0.04625001473269912,-0.04071947770484503,0.0318768912237194
1750194966272502272,6.271698428159329,-0.9728794046265739,0.34297525132098405,0.9976995022642786,-0.045264913606509055,-0.03903107685829367,0.031990089357295484
1750194966330361600,6.282372210428479,-0.9728112953344228,0.34407373150367837,0.9978341039045749,-0.04362935615873965,-0.0374574840035473,0.03194553581099914
1750194966494194432,6.293082148202989,-0.9728192344144011,0.34470095546991253,0.9979752235875815,-0.04169292424006566,-0.03596722712874882,0.0318356992431122
1750194966555177984,6.303896733597697,-0.9730072281467228,0.3447404638841185,0.9981052086195089,-0.03981080147343017,-0.03460821137865553,0.031675926471381656
1750194966720984064,6.314929925125026,-0.9733676376646168,0.3449349956694783,0.9981913336628973,-0.038140472359162236,-0.03379076171220484,0.0318990625475991
1750194966780733696,6.326180789633635,-0.9739819546629676,0.345392193662696,0.9982298004946576,-0.0365911367462114,-0.03356302423782908,0.032739540620285
1750194966949262848,6.337591672585115,-0.9752815554723195,0.34587303776903333,0.9981938488769494,-0.03636211057322799,-0.03366464226635,0.033963639969250115
1750194967011047424,6.348956991986182,-0.9765036490387251,0.34680784419510813,0.9981562200885176,-0.035803627167420776,-0.03389286509609859,0.03540528598722151
1750194967181282816,6.3601041267496505,-0.977736144745756,0.3481095099694924,0.9981166942841372,-0.035193209001700344,-0.03429712616218366,0.036717976094603436
1750194967244235008,6.371015526903073,-0.9792714612878699,0.3494483051915842,0.9980517555406776,-0.03551337675790156,-0.034809201164732725,0.03768040402776944
1750194967410727424,6.381498879445499,-0.9804513626883278,0.35084572886453147,0.9980256092153698,-0.03541652689446545,-0.03523008621312374,0.03807090750743514
1750194967473172224,6.391604207925662,-0.9810121056168155,0.3519971623381415,0.9980579131531293,-0.03426433975723728,-0.035545364422695645,0.03798531402369572
1750194967642977792,6.402046391563512,-0.9817022195113054,0.35345077254869883,0.9980653563358064,-0.03426954516571278,-0.0358985665454891,0.03744910781839707
1750194967710248448,6.411607309096082,-0.9828567792721081,0.3550785979456932,0.9980142186492793,-0.036366213957275295,-0.03628860766999007,0.036445230273049196
1750194967884066816,6.420987905144388,-0.9838339744286859,0.3565125375350471,0.9979611426969297,-0.038572065330691574,-0.036683439932712836,0.03521475085622871
1750194967952584704,6.430365290465216,-0.9842244631678208,0.35795440205696405,0.9979402080564567,-0.039765942843136746,-0.03705572198247329,0.034071753732235345
1750194968125678848,6.439949637115441,-0.984086344028249,0.3592571016094297,0.9979316290301324,-0.03997615708609553,-0.037557853420835174,0.033522802572474725
1750194968191952896,6.449716049825086,-0.9839338160148756,0.3602753470149036,0.9978843147986561,-0.04058618647784467,-0.03828643025038273,0.03337371727399764
1750194968375281664,6.459507915306596,-0.9838205625952066,0.3608264224130373,0.9978192120524892,-0.041449230581177575,-0.039181008710610456,0.03322092562823769
1750194968443413760,6.4691106135510585,-0.9840697288991027,0.36147466961871055,0.9977092421366215,-0.043631083268398534,-0.04007339644126247,0.03266067399267724
1750194968615891712,6.478465431427599,-0.9845969777903916,0.36223858729829406,0.997573906369412,-0.04670930135983945,-0.040820193508905755,0.03159516259244089
1750194968681231616,6.48763478850603,-0.9850751058224931,0.363380393809035,0.9974446370000903,-0.04987585913145654,-0.04134600219306997,0.03011814898541421
1750194968856485632,6.49674979001555,-0.9855595557917196,0.3646534794742142,0.9973122576777318,-0.05303664610164379,-0.04169782667890297,0.028577370527928563
1750194968920907008,6.5057839149514,-0.9853205373728695,0.3664416277840621,0.9972891679630519,-0.05382478324676667,-0.042068178282721976,0.027340017336777798
1750194969091657728,6.514994997126937,-0.9850424551032955,0.36838437806839197,0.9972906083579908,-0.053652551017204654,-0.0426120986875452,0.02677788818667055
1750194969155583488,6.52438937513155,-0.9849085630170284,0.3698379067171289,0.9972817368529838,-0.05345093298679845,-0.043222537303070394,0.026532006547212144
1750194969325483008,6.534004074389302,-0.9846584984788764,0.3710632142397894,0.9972809034355649,-0.052993239432586395,-0.043879742478189904,0.026402356281816593
1750194969390760192,6.543841221394515,-0.9843540787266356,0.3721580779666369,0.9973050207238785,-0.05186963985116708,-0.04463830695806549,0.026451042561148903
1750194969559487744,6.553746542991217,-0.9842859904933876,0.3730651974502748,0.9973536555069261,-0.050152534807256746,-0.04549266447035396,0.0264731293723721
1750194969621610752,6.563345363665191,-0.9844133957495105,0.3735758604534678,0.9973854960737465,-0.04883490888539869,-0.04632386915738832,0.026294924266299438
1750194969783840768,6.573547423873374,-0.9847299791554693,0.37370460721816867,0.9974092524752235,-0.04760747090790034,-0.04727928748755965,0.02594187281670797
1750194969850384640,6.583619173005887,-0.9853909556643972,0.3743011885034022,0.9973738303588412,-0.047516421709694945,-0.04834768108479375,0.025497723760420758
1750194970013750784,6.592824188616211,-0.9857093874211351,0.37620452120771386,0.9973134957058185,-0.04794709857436205,-0.049345027536485744,0.025138322910734517
1750194970075618048,6.603246588330111,-0.9860254258772754,0.3781853181400967,0.9972214847597435,-0.04891420597915485,-0.05041939621210069,0.024791032100519018
1750194970244797440,6.6130926345318555,-0.9862652105101253,0.3794004111627469,0.9971384091133548,-0.0497050806376203,-0.05139056992398714,0.024564351255083553
1750194970310877696,6.622974370660065,-0.9865190004251216,0.3804042467836424,0.997036550969823,-0.050795822284220866,-0.052334572034739416,0.02447433428328286
1750194970477607424,6.632866558437125,-0.9866715011916991,0.3816382635552289,0.9969135251736377,-0.05226025352090678,-0.05321921253545291,0.024494992241424422
1750194970541360640,6.6429048997454805,-0.9861996490663527,0.38344277964245865,0.996841355324707,-0.05268508009054422,-0.05405371213711185,0.0246939436796227
1750194970705733376,6.6525102806012795,-0.9857467270388831,0.38484298855578736,0.9968160152903244,-0.052457051343068634,-0.05462749564049509,0.02493844712803954
1750194970769783552,6.6623844608030085,-0.9853466271954225,0.3862246901147106,0.9968471127228513,-0.05128031114296148,-0.05498594330090977,0.025351717584909013
1750194970931371008,6.6717801391164935,-0.9852253333510808,0.3871728140449582,0.9968994601957857,-0.049833022934063505,-0.05522187101901625,0.025664782246556328
1750194970991812352,6.681793040471601,-0.985350335655216,0.3876710738184812,0.9969659092039166,-0.04818624418074792,-0.05542028146843978,0.025800274396218164
1750194971149991936,6.69185417589881,-0.9855809705848335,0.38791558553618444,0.997051733647883,-0.046073384740391,-0.055623157507853266,0.025906524220190727
1750194971210831616,6.701920174906717,-0.9861290836518082,0.3879603973095027,0.9971224044710938,-0.044277815595179085,-0.05576167810526349,0.026019623417504485
1750194971371172096,6.711977991509561,-0.9869929720088413,0.38839499580413195,0.9971508555326244,-0.04367862117720442,-0.055688345841303305,0.026098994234893848
1750194971430393600,6.722047036128366,-0.9875857625560567,0.3887386252998759,0.9972201460116381,-0.04223565994956323,-0.05543929098791171,0.026355538922771492
1750194971590508288,6.732204900242303,-0.9883599311369764,0.3887431607354608,0.9972772578583503,-0.041041334403172626,-0.05510688181045603,0.026775201326319505
1750194971651581184,6.742547018691882,-0.9894333389486007,0.3887780685029436,0.9972811430871609,-0.041101351392583516,-0.05469485162010157,0.02737651845513589
1750194971812576256,6.752960674717813,-0.9900125984469117,0.38906778005524556,0.9973079462574753,-0.040387129708924045,-0.05430575054573204,0.028224555678278685
1750194971871670528,6.763268903820025,-0.9898749101523894,0.3897697351813991,0.9974108520548055,-0.037106046872052274,-0.054204650993321696,0.029267546865566575
1750194972031037184,6.773568356234315,-0.9903266639035371,0.39038962167929725,0.9974773946148534,-0.03430571634967919,-0.05422917016092168,0.030350653399181315
1750194972091739136,6.78389351638062,-0.9911609372496692,0.39128375324757725,0.9974944543907382,-0.03284559890272363,-0.05424997773935886,0.03135155510853832
1750194972254971904,6.794222031776786,-0.9914179289326368,0.3931155498914136,0.9975515967348144,-0.03001358843526017,-0.05447981177778866,0.03196789748665724
1750194972315259392,6.804428227735998,-0.9915132883499966,0.39629644525686825,0.9976542661857404,-0.026005270490675903,-0.05463969493567693,0.032003043690170256
1750194972476557824,6.814604715917213,-0.9922068078833166,0.39875023588973324,0.9977589934400787,-0.02239758509609809,-0.05458471683067471,0.03155705752789885
1750194972536193792,6.825080326135383,-0.9935999895143945,0.39916660311148,0.997823275882994,-0.01991151456427367,-0.05460050840147715,0.031161292915851208
1750194972693108224,6.835485619572099,-0.994551746186771,0.3988744309847516,0.9978743294197024,-0.016793508738129785,-0.054596103159236305,0.03136983055847921
1750194972754313728,6.845756502627667,-0.9953316166839512,0.3990232348664722,0.9979019699988502,-0.01366898060361277,-0.05465385027290941,0.03190256873698649
1750194972911393024,6.85564581722277,-0.9969700229612588,0.40051996806624457,0.997893611144186,-0.013788450097140866,-0.054580365322095585,0.032236674810554984
1750194972977610240,6.865860024233828,-0.9987037773854124,0.4021173121420851,0.9978793985748343,-0.01437139934573126,-0.05448284091216359,0.03258510130277815
1750194973144599552,6.875361865319329,-1.0001762086410184,0.40321042211675273,0.9978666827427912,-0.014848523597114192,-0.054393208653242,0.032908717253768406
1750194973208331264,6.884676610703208,-1.0013612364159212,0.4049364833696387,0.997851289172668,-0.01593488923163081,-0.05429083348513743,0.03303618321037021
1750194973372249600,6.89390172246228,-1.0024365379968496,0.4066870540373806,0.9978353578003291,-0.017459783932562933,-0.05419118142150232,0.03291003683770945
1750194973439024640,6.903137868786697,-1.0035813493817605,0.4078655706708596,0.997814075241372,-0.01930757861632172,-0.05411620999009944,0.03264543573744751
1750194973602864128,6.912401553684153,-1.0041835366987395,0.40927110223122387,0.9978011027653201,-0.020484504224837514,-0.054080479223308844,0.032382806764563225
1750194973668710912,6.921820382624743,-1.0042130692933569,0.4112762392488296,0.9977914483928156,-0.02108667054564967,-0.05411971107617504,0.03222785615733112
1750194973833040128,6.931302901461686,-1.0043351838419436,0.41296200965526175,0.9977738170346878,-0.022088259993917145,-0.05412685582005269,0.03209053270834999
1750194973898309888,6.940817800782202,-1.00452699694053,0.4140759141501187,0.9977575965803324,-0.023076164798347513,-0.0540922119061826,0.03195781118184686
1750194974065591040,6.9503452853210925,-1.0048209537901167,0.41470232294887754,0.9977482534188723,-0.024012779626433358,-0.05398858257691745,0.03173392767272058
1750194974132831232,6.959905574584175,-1.0050207029566622,0.4152216061042222,0.9977560486145406,-0.024374337632536464,-0.053841237119862065,0.03146236328497991
1750194974299501568,6.969526745215693,-1.0054411571700723,0.41596532023362354,0.9977536155732604,-0.025190581428017403,-0.053688318840117356,0.031156406049590923
1750194974365453824,6.979107790026585,-1.0062949289100303,0.41700126062232723,0.9977276315692365,-0.02719391180857025,-0.05345833533715764,0.03069642889277983
1750194974530179584,6.988713834735285,-1.0068500944595717,0.41827321061989275,0.9977221318166016,-0.028025262767180245,-0.05334622551097529,0.030320167445088766
1750194974596186368,6.998392625182595,-1.0071862226598896,0.4201024507441873,0.9977343532530119,-0.028002418374676662,-0.053343259923906726,0.029941969284842492
1750194974762853888,7.008089259959537,-1.0075985226798467,0.4217178831667683,0.9977677260337247,-0.027677139620844695,-0.053108351448339086,0.029547315179862463
1750194974831304192,7.017870917891193,-1.00807520038311,0.4232457121244262,0.9978231651748672,-0.026998793479524625,-0.05259800634571357,0.029213796732293223
1750194974995368960,7.027730525369629,-1.0090113180377185,0.4244207025966258,0.9978704553035279,-0.02689392156860507,-0.05197484482599842,0.028807757988167995
1750194975058347008,7.037473505410846,-1.010120266891278,0.4251041464722012,0.9979176714067495,-0.026604832342463986,-0.05139726252517358,0.028474995962748273
1750194975217523968,7.047155680764297,-1.0109475075786376,0.4257624705939618,0.9979783302445837,-0.025445218016459593,-0.05091415145317465,0.02827618121547946
1750194975278983168,7.057341486426733,-1.0118954697339944,0.426128979329953,0.9980414465958629,-0.024077811017698236,-0.050453078400603917,0.028071636456316926
1750194975436875264,7.067105525572376,-1.0115590909041172,0.4299170261812759,0.9981221487442585,-0.018096393517833622,-0.051162374150936774,0.028409649752005182
1750194975495304192,7.076832116134001,-1.0128136176230869,0.43375001781818545,0.9980993960297679,-0.014305192468979,-0.05265650373544824,0.02864000223108306
1750194975652394752,7.086565556460366,-1.0145182973268372,0.43686673095029205,0.9980118546788528,-0.01127181474594937,-0.05453511322930492,0.029516191113965428
1750194975710645504,7.096125038704454,-1.0163698626081001,0.44016604385783076,0.9978744362833061,-0.00817757902675708,-0.05676667192996353,0.03093996721929311
1750194975866108416,7.1057306620073035,-1.0183756768782461,0.44316196388397566,0.9977089640006043,-0.0056796456350035295,-0.059041889242756565,0.032536442536758525
1750194975923188480,7.115380105236173,-1.0203608236561128,0.4455013633957874,0.9975318874916715,-0.0031920270910496605,-0.061380689818372254,0.03394635941855817
1750194976076427008,7.125731593924459,-1.0222645548720375,0.44793748115508514,0.9973465817991043,-0.0008839654509193862,-0.06390102363959978,0.03486651052995714
1750194976138179840,7.135126145130476,-1.0237719810920627,0.44981418699127795,0.99719013219072,0.000754518824474685,-0.06613381908637024,0.03517938225508226
1750194976291533568,7.14473375549208,-1.0251008074337116,0.4515731450136622,0.9970376634138677,0.0020835703181585757,-0.06839630518263694,0.035121245796638126
1750194976351927808,7.154374539698698,-1.0266097264951455,0.4534334496333443,0.9969007790427795,0.0017839153164852387,-0.07057061772321195,0.034719480183422566
1750194976505177344,7.163879825596186,-1.0280246745721273,0.4553159599496568,0.9967636997700461,0.0005746405565391694,-0.07268004765384745,0.03434249964685988
1750194976567844352,7.173862618864279,-1.0292414695308345,0.45664247105313205,0.9966142469639809,-0.0007824571569020895,-0.07483847361556281,0.034038704089716924
1750194976723468032,7.183680041043644,-1.0298554402425761,0.457747758801339,0.9964709910721464,-0.0021287996404978113,-0.07684849145913951,0.03369482933981491
1750194976783980544,7.193563044223506,-1.0302663113837318,0.4585580082798497,0.9963426852301724,-0.004450607503555211,-0.07866722700447687,0.03305923587448472
1750194976936792576,7.203501348937747,-1.0301456222845502,0.45898094021114266,0.996226301871559,-0.0063386129202235185,-0.08026707122657305,0.032406399403098675
1750194976999142912,7.213289073883505,-1.0299894181894813,0.4587857025186963,0.9961345612124044,-0.0082871929867418,-0.08152104852523594,0.03164770193737813
1750194977145853184,7.222915876371751,-1.0297261045511097,0.45817795447746823,0.9960766880951699,-0.009874055264419652,-0.08234457985081191,0.030872392767420594
1750194977205091328,7.233497780076996,-1.0293520617978444,0.4577570699046918,0.9960653913585072,-0.010504595547571246,-0.08259097677890902,0.03036643154720776
1750194977350231296,7.242946557478386,-1.0291960888339848,0.45758496751343447,0.9960900985408732,-0.010931453007463789,-0.08231471604404055,0.030154708530639934
1750194977406808576,7.25308617720537,-1.0289128623877284,0.4577880652832307,0.9961642727050336,-0.01087978541021517,-0.08148517645997815,0.029975624643457217
1750194977553476608,7.263155264444201,-1.0284304895855092,0.4581891949972112,0.9962996179371261,-0.008923599574785607,-0.08002235862245409,0.030064310892898016
1750194977609324800,7.273228422159485,-1.0284328107402678,0.458499444266125,0.9964725471158538,-0.006560894156705783,-0.07802945067219334,0.030179833334577265
1750194977758834944,7.283418450515418,-1.0291341903065212,0.4581602857146314,0.9966692034399738,-0.004874741082905309,-0.07563682656747425,0.030096615764974525
1750194977816427520,7.293728365942621,-1.03052227965622,0.4574797408600064,0.9968939380251461,-0.004327479760306155,-0.07282093180487278,0.02967930488927275
1750194977969429760,7.304162128934987,-1.0321401651842081,0.4561622217287935,0.9971507441215484,-0.003838938108269625,-0.0695878539933564,0.028864972347863407
1750194978027334656,7.314756586159646,-1.0335402798288222,0.45505421275763247,0.997437041827714,-0.0024453963641700416,-0.06594098156156891,0.027661427607738792
1750194978183788544,7.325533589074617,-1.0355744464403078,0.4550489491733769,0.9976990971642343,-0.0028734348675632806,-0.06236792546438871,0.02642908933356305
1750194978244097536,7.336398760937495,-1.03821458426886,0.4559742194283065,0.9978992237409234,-0.005471569471902085,-0.0592323473310561,0.025665740091209692
1750194978400421632,7.347213703653359,-1.0406434713951227,0.4574071031341984,0.9980585345537872,-0.007838784765121695,-0.056338833451848626,0.025370275974797105
1750194978459625728,7.357928269238282,-1.0422712556540263,0.4592023922995887,0.9981938364807234,-0.008687522884634176,-0.05367738015633544,0.02554076384089407
1750194978618437120,7.368527158410258,-1.043726631683275,0.46145853923132885,0.9982785592559968,-0.01009473671261613,-0.0514862750456811,0.02621407832433744
1750194978676236800,7.3791155138442255,-1.0449267285910313,0.46327515147409315,0.9983358725894065,-0.010932728618228237,-0.04965340883746011,0.027212128489489062
1750194978838265344,7.3896579003460845,-1.0456668883610463,0.4646729210991887,0.9983905633344224,-0.010508777966269369,-0.04813882540926236,0.02808027988903773
1750194978896903168,7.400147383344722,-1.046534190979877,0.46562794072780234,0.9984363310056771,-0.010484722297431564,-0.04689321126433068,0.028565543292344148
1750194979058785792,7.410615500597049,-1.0476647925043094,0.4666241081809206,0.9984517378603438,-0.0114234183785562,-0.04602103161608538,0.0290808755920281
1750194979118625792,7.421043344590862,-1.0490910450567883,0.46781023826700086,0.9984432767009246,-0.013332956084538779,-0.04547686447025247,0.029412757278483484
1750194979278381056,7.431499263149947,-1.0505974900165072,0.4686381656265821,0.9984217852889349,-0.015215527235515284,-0.045195217952801896,0.029661737400224084
1750194979338892032,7.441951105087984,-1.0517970372957164,0.46942063888045027,0.9983812678587337,-0.01661505373676512,-0.04527852823179409,0.030143637127503987
1750194979504178688,7.452385640724266,-1.0530394411973196,0.47002260979641397,0.998307672728381,-0.01843322022377763,-0.04573554869803771,0.030826393709208498
1750194979562015232,7.462755218290197,-1.05432040362472,0.4701804654030357,0.9982202643963557,-0.020292780467994924,-0.04642755067125309,0.03144820102987625
1750194979725223424,7.473650961924337,-1.0552304182372465,0.47068095975997437,0.9981575101542784,-0.021238449616451816,-0.047176401401220064,0.0317001629543434
1750194979790146304,7.4832397018926695,-1.0564195594683752,0.47143954843708213,0.9981012660157733,-0.02307893791235266,-0.04773375678969586,0.03134826734112014
1750194979958187008,7.492824959247819,-1.0574138379526423,0.47252069931104224,0.9980614704658375,-0.02408457097472188,-0.04831411135339074,0.030967422506009742
1750194980018642944,7.502215879558979,-1.058215747199592,0.47466357830634553,0.9979730913004968,-0.02519617650237718,-0.0492692395632109,0.031422981441210536
1750194980181147904,7.511360057848772,-1.0582078375904178,0.4779804796953817,0.9978163010417959,-0.024579355631199958,-0.05048901012017656,0.0347756309663495
1750194980240759040,7.519066416501163,-1.0584468148613597,0.4838464705711987,0.9977381442648561,-0.02146174634434872,-0.05157027620611499,0.03739646420180486
1750194980400430848,7.525736864143166,-1.0595279359249408,0.49017304331008615,0.9975809404533146,-0.01805975234661892,-0.05276565199448546,0.04149576555572581
1750194980458082048,7.532804812434178,-1.0615920210558678,0.49375476305041,0.9973145759341138,-0.0166078827774045,-0.05428284422005697,0.04627296924114036
1750194980618765568,7.540348323189342,-1.0649683141513888,0.49498695319766695,0.9969188419295003,-0.01799622316760446,-0.056202623667442345,0.05167420682062994
1750194980678075904,7.547952898303665,-1.0690233459819694,0.4930119106603925,0.9964874399183071,-0.020109221306054505,-0.058046676726710184,0.05691207801958166
1750194980849626368,7.555514582278317,-1.0726968028778985,0.48864634007743835,0.9959624024455269,-0.022680065733492738,-0.05985937575322653,0.06293935706450018
1750194980906777856,7.561924623987593,-1.0745566055169582,0.48501598812399127,0.9952189109539009,-0.02718426098138735,-0.06186338932522397,0.07052131802386502
1750194981064836352,7.568421880447544,-1.07459908963343,0.4818784691149376,0.994392651861845,-0.030196737824308314,-0.06367935884832263,0.07884383428400882
1750194981130390016,7.574700333462735,-1.0723954932713937,0.4831810240873673,0.993896629000144,-0.02811849416102247,-0.06462878623520923,0.08486436907224615
1750194981290147328,7.581094069557366,-1.070087562314729,0.48629422216241913,0.9934547696317911,-0.025912302770925176,-0.06506229981468145,0.09023896278092502
1750194981352023296,7.58791577069761,-1.0681155304578644,0.4889863924127442,0.9930230801495501,-0.023175728585726925,-0.06526783905803502,0.09543666527868248
1750194981516925184,7.5948362025015,-1.0669543074907923,0.4908823361884891,0.9926025931042083,-0.021389352328594003,-0.06523039931217024,0.10013781890644313
1750194981582124032,7.602199278604459,-1.0663348576317389,0.49216804717645646,0.9921869284129584,-0.0206068059384558,-0.0649126060673822,0.10453139341372401
1750194981738283520,7.610209476586655,-1.065630187777498,0.4933042080305441,0.9918122510180171,-0.019987303945616777,-0.0642162148775129,0.10855986439916296
1750194981800459520,7.618343039028416,-1.065023288703284,0.49397113317505514,0.9915287762513306,-0.019872266695246603,-0.0632206610807803,0.11170911732907432
1750194981959659776,7.6267384446414,-1.064500137469584,0.4938101440477989,0.9913339136917101,-0.02022535192669477,-0.06192009391864242,0.11407851977136063
1750194982021576704,7.635427133696945,-1.0637732943916554,0.4931446901206584,0.9912582782007942,-0.02012460647207517,-0.06023127021863266,0.11564696364622491
1750194982186605056,7.6444988925813995,-1.0633376219958075,0.4926951005876363,0.9912501837430752,-0.02125597615492144,-0.05830784954043403,0.1164965724345191
1750194982251476224,7.653783830169828,-1.0625461793337054,0.49318108933481986,0.9913445448678405,-0.02213799204419284,-0.056064845232727124,0.11663033824033878
1750194982414147840,7.66336744717156,-1.0618040999772766,0.4938597474874449,0.9914556802819171,-0.02313510815764867,-0.05377733043296848,0.11656929071911754
1750194982479141376,7.673202039802794,-1.061627153252719,0.4941899788786728,0.9915137082623162,-0.025348009421521808,-0.051660143728412294,0.11657304275104464
1750194982642097152,7.683118859290094,-1.0613067400593645,0.4943002400408454,0.99154472018428,-0.027215559356483447,-0.0496663368057646,0.11675459816164768
1750194982706025984,7.693033734568584,-1.0601812011774667,0.4948210131688944,0.9915957710125163,-0.027068273920344235,-0.047757145436231246,0.11715114389902063
1750194982868815360,7.702455125200396,-1.0590817202499951,0.49606627608802123,0.9915757470704262,-0.026664918903865416,-0.04648676099483216,0.11792158824314473
1750194982927391232,7.712406958315953,-1.0579534671361088,0.49766174544731623,0.991564497782632,-0.025558721471185323,-0.04541039037210591,0.11867811483204552
1750194983090896384,7.7224275425365185,-1.0571775081925563,0.49896901755357526,0.991631448086827,-0.023533711622967732,-0.04473129034453263,0.11879540078042855
1750194983149435392,7.732291055028266,-1.0569279952289161,0.501193453372323,0.9918179453043202,-0.020994863194413998,-0.04439678615341409,0.11783592181933501
1750194983311946496,7.741969485532172,-1.057140098870545,0.5041391327499971,0.9920826045451813,-0.017943568796805965,-0.04425001789348742,0.116155370147529
1750194983371500288,7.751584213486114,-1.058331895199943,0.5069849484893489,0.9923554051684808,-0.016066266785413227,-0.04451931846240076,0.11397655543191308
1750194983535174144,7.761863724072535,-1.0607943940778721,0.5090218068458454,0.9926661697569569,-0.015572536462624909,-0.045060100644817164,0.11108986838614819
1750194983600083968,7.771018935750962,-1.063566880780423,0.5098124307161398,0.9929985790605779,-0.015370972229912044,-0.04560135189252636,0.1078798957264722
1750194983761744896,7.780202323885957,-1.0667443235149334,0.5103692289431412,0.9933728821036363,-0.015482238243930406,-0.04630314521180842,0.10405112274054287
1750194983826912512,7.789087112957169,-1.0697852899746065,0.5111505399118932,0.9937312598141947,-0.0152398840968182,-0.047309124887370144,0.10013878321209918
1750194983990854912,7.797746272158218,-1.0724136605138286,0.5124288400864216,0.9940865589996666,-0.01391063265085622,-0.048640310002464056,0.09608604351475494
1750194984055187200,7.806220645127597,-1.075497735102139,0.5134368385407178,0.9944657727386054,-0.013136375013721904,-0.0501917561829317,0.09135671904233653
1750194984217612544,7.81437506936913,-1.07870819441922,0.514350031012484,0.9948978108029568,-0.01240999796612365,-0.05170642614083501,0.08573671037371815
1750194984281411072,7.822239654587971,-1.0820782650240246,0.5154357805445002,0.9953887933631059,-0.011807170454812764,-0.05301207727269777,0.07906617757438801
1750194984442101248,7.82999483778839,-1.0861438797812268,0.5157975296821564,0.9958614849524223,-0.012737347862921682,-0.05428990999701669,0.07176537069012402
1750194984500755456,7.837148231757622,-1.0893285737962533,0.5164707380770723,0.9963136067774147,-0.01221175771300987,-0.05534710287182676,0.06439540455213598
1750194984656590336,7.844818435485116,-1.092450594664757,0.5178979046056198,0.996747486382894,-0.010857703619209623,-0.05649614345177174,0.056433539996855506
1750194984715484928,7.852636219998063,-1.095782449685407,0.5188919845792817,0.9971161454638564,-0.009376292052331573,-0.05768742887859589,0.048411136652919316
1750194984871847168,7.860575245196331,-1.0996660529577524,0.5195689675567876,0.9974258362278363,-0.008759095131657216,-0.05875654173508412,0.04015779228256327
1750194984931157248,7.869442750710324,-1.1038155200424153,0.5196506973321355,0.997663645171408,-0.008182760248289307,-0.05979722015694108,0.0320091549329262
1750194985095032832,7.878321308520399,-1.1076234456808391,0.5195623044726263,0.9977718038293002,-0.007899796881616404,-0.06110606766707801,0.025594319422874417
1750194985158466560,7.887553094778818,-1.1110891833597671,0.5203269558382497,0.9978084215073687,-0.007881693660024908,-0.06243131185862537,0.02045884096505724
1750194985317425920,7.8963787323019385,-1.114552398305015,0.5220351716583314,0.9978029384815289,-0.009342330597074839,-0.06353399446989465,0.016292586146488472
1750194985375499264,7.905806130832056,-1.118458269701863,0.5239366675467445,0.9977806797740478,-0.01191346005688048,-0.06441428085776811,0.011940894467706983
1750194985531680000,7.915359862163678,-1.1222872120508063,0.5250895089308036,0.9977550211574757,-0.014444400062378189,-0.0649650244781946,0.007471456111799445
1750194985591225856,7.9251771222343335,-1.1260032455771447,0.5259872654736943,0.9977126721493532,-0.017237262352894765,-0.06528236116470039,0.0032425206146393737
1750194985745080576,7.935166346134178,-1.1288920924886443,0.52723712895141,0.9976865990390309,-0.01863264855354463,-0.06537661633538529,-0.00041538217101860705
1750194985803356160,7.943647553026426,-1.1320102340175984,0.5306559897608083,0.9976479963225992,-0.022288982565600333,-0.06463449816309924,-0.004904929856581407
1750194985957900032,7.9508507073610115,-1.1354818789176098,0.5336743918350222,0.9975687401492745,-0.026543882870527218,-0.06344493273072077,-0.011259283722295907
1750194986017671168,7.958858374494326,-1.139318658663993,0.534206458129836,0.9974537876590586,-0.02931213004079594,-0.062217047343912806,-0.01886211909819542
1750194986175881472,7.966566189349861,-1.1422337621741705,0.5331216706842654,0.9973992779403229,-0.02812001202632948,-0.061078209863941725,-0.025949904962788775
1750194986235225600,7.974785033465448,-1.1463060888922136,0.5318455942015508,0.9973399789645633,-0.02675953504237643,-0.05948087769850737,-0.032541033042845995
1750194986392343552,7.9827271281606595,-1.152526828261271,0.5324044458110477,0.9972212228004526,-0.02975765640406312,-0.057330883108219724,-0.03711447862680554
1750194986450896896,7.991753070465247,-1.1577836442158285,0.5327349142780604,0.9971474781834457,-0.03065775284072601,-0.055948483715577514,-0.04033331269656894
1750194986607947520,8.001537174012235,-1.16076301216135,0.5337007754987941,0.9972111283474981,-0.02840734388458975,-0.05559786568909248,-0.040888453677657505
1750194986666748672,8.011394855822317,-1.162703796224223,0.5348292898540428,0.9973029031335996,-0.02585036546024934,-0.05562187400029577,-0.04030986404790897
1750194986823581696,8.021238074745757,-1.164498090753987,0.5358707450333435,0.9973557990218774,-0.02410852983568605,-0.055931372045317014,-0.03964682292091623
1750194986881149184,8.03110068751621,-1.1660632199856038,0.5372046087469062,0.9973688835043908,-0.023089040898401254,-0.05661121462320995,-0.03895352084833382
1750194987039651584,8.041057616343366,-1.1676737501762413,0.5379557326518527,0.9973594443242156,-0.022019499848800497,-0.05756728076518915,-0.03840948618508328
1750194987099309312,8.051113582696203,-1.169422937868449,0.5382377357494326,0.9973271892409675,-0.0209376598118029,-0.058833114107803924,-0.03793094629316109
1750194987257568000,8.06119674159315,-1.1715146517246287,0.5382005887009287,0.9972721780636917,-0.020203780251548595,-0.06034536231908511,-0.03739582022400007
1750194987316703488,8.071210143429512,-1.1744280004660368,0.5382898308342701,0.9971725690914917,-0.0209890766152806,-0.06197828769529405,-0.036946149578425534
1750194987475311872,8.08123732103985,-1.177733827495143,0.5396643097189848,0.997010778514934,-0.022458347516511816,-0.06365971915219411,-0.0375841763157929
1750194987534601472,8.091399565725414,-1.1814179536291616,0.5414827456684641,0.996812755893621,-0.02373652900196127,-0.06537226529068535,-0.03908163007690517
1750194987688799488,8.101384002081375,-1.1850120182280168,0.5437499564823716,0.9966422607615378,-0.023175611084094994,-0.06668637758841763,-0.041473149858006306
1750194987746542336,8.111137121061729,-1.1893587358388888,0.5455761902235903,0.9964293973230174,-0.023281812425236234,-0.06777966977602787,-0.04463552089689361
1750194987901242624,8.120398727448197,-1.1944491195735623,0.5465304186151916,0.9961546231943478,-0.02445509538523762,-0.0685164416929436,-0.048820202948813944
1750194987958348800,8.129419188302673,-1.199213320589256,0.5481458704197779,0.995863907546031,-0.02404668013886519,-0.06908229205457979,-0.05389315119692617
1750194988111614720,8.138148781930768,-1.2043967076237867,0.5488109020176029,0.9955145434557731,-0.024117730234973166,-0.06944196133696222,-0.05955621598147845
1750194988168324096,8.146609246207547,-1.2096585414118528,0.5501439176797138,0.9951122439499177,-0.023614564315749237,-0.06928852955766236,-0.06628026829210679
1750194988320331008,8.155041217913876,-1.2154224818484574,0.5511974914790208,0.9946307173481986,-0.022939556348181386,-0.06876429591197396,-0.07385786667435632
1750194988376394240,8.16302405694872,-1.2220461782233691,0.551516815380173,0.9940471915968389,-0.023680987681101755,-0.06764843041829549,-0.08205535669794009
1750194988532329984,8.170808441691713,-1.2282107804540279,0.5519662886583268,0.993468159058157,-0.022577012755787128,-0.06614285314249686,-0.0902020975964074
1750194988592176896,8.178344255625834,-1.2344115477309523,0.5534830345964408,0.9929407952049217,-0.02203352598539328,-0.06456394793616914,-0.09702884920148333
1750194988749736960,8.18599690364227,-1.241082184896209,0.5553929206088988,0.992426202749128,-0.02315575263814674,-0.06280020396267996,-0.10300571634115124
1750194988806569728,8.194038847346281,-1.2472078369768056,0.5570655817550523,0.9920307633037942,-0.02358558708121626,-0.06128173727796083,-0.10753247610429534
1750194988964390144,8.202593083980966,-1.2527223300293127,0.5585179893143604,0.9917933218291939,-0.02377998349952134,-0.060009187399966725,-0.11036039410663297
1750194989022131456,8.21159808055289,-1.2573762010682845,0.5598352498607406,0.9916803996307821,-0.023223801087330243,-0.05884157273522572,-0.11210847144276519
1750194989181650432,8.220911462522569,-1.261545781995617,0.5609125494763627,0.9916300224825237,-0.022572995321296904,-0.05759098406988543,-0.11332977079036366
1750194989240037120,8.230204867543746,-1.2658784018939109,0.5623803269778191,0.9915551074533145,-0.023500749122712106,-0.05615442799546148,-0.11451141379975875
1750194989396663296,8.239464328992266,-1.2704816475393321,0.5637736968070048,0.9914703950598484,-0.025582079361982986,-0.0546653063062663,-0.11551500864315245
1750194989456636672,8.24879246753226,-1.274671721534498,0.5650023838327596,0.9914170702778369,-0.027122719989812978,-0.05326262536148141,-0.11627400208846093
1750194989620166912,8.258090692759179,-1.278715420018564,0.565716215050208,0.99129971094557,-0.028338210403026306,-0.05218525679298488,-0.11746713533509513
1750194989681265664,8.267448072787147,-1.2824768452701307,0.5681676754463165,0.9910730257764507,-0.028307652580664026,-0.051500025568951474,-0.11966905092830195
1750194989845055232,8.276123480795775,-1.2858177137157636,0.5717035564351667,0.9907888745601647,-0.02677338914591415,-0.051292704376404125,-0.12243222679996553
1750194989901920256,8.285125426875773,-1.289603757509282,0.575440359459432,0.9904082944650243,-0.024728661354142353,-0.051260058646759844,-0.12590595676950506
1750194990062164480,8.294210214250814,-1.2940138686909153,0.5775351640218434,0.9899836256827458,-0.023014056939318017,-0.051098810567381914,-0.1295827365887825
1750194990121751296,8.303421581884258,-1.2985822915694878,0.5786438339606632,0.9896359864768052,-0.022201943821338967,-0.05132330247158797,-0.13226339850481922
1750194990286446592,8.312887226456763,-1.3025448900247678,0.57951164410489,0.9894485313092405,-0.02115515463478843,-0.051745023203486604,-0.13366568705556284
1750194990345479680,8.322459206757943,-1.3062158047661154,0.5806810954871855,0.9893324294706223,-0.021223668082157168,-0.05219675415123852,-0.13433688535532493
1750194990505952256,8.331978284077874,-1.3101646718685962,0.5816384832299826,0.9891814651290936,-0.0234020111683491,-0.0525203133308464,-0.13495922201156105
1750194990565694976,8.341504020043885,-1.3137544943184922,0.5823055343386638,0.9889876803273729,-0.02541785628354055,-0.05280881664984899,-0.1358989684533098
1750194990731166976,8.350850598075464,-1.3177066481183561,0.5829844345818112,0.9886787874603686,-0.02842996651214328,-0.053303174704123525,-0.1373490582292988
1750194990792083968,8.360447545240392,-1.3215662528499208,0.5842135337996237,0.9882469287392837,-0.030430354943215342,-0.05437871499189284,-0.13958852635955976
1750194990951799552,8.370558006720591,-1.3251891856534597,0.586122915321643,0.987675532424411,-0.030234101857098735,-0.05588043915391169,-0.14303956884378777
1750194991009457408,8.380696554065722,-1.3290403375952549,0.5886109711042611,0.9869261317161292,-0.029131024754728226,-0.057568838463103476,-0.14769571006155216
1750194991167276800,8.390518319514396,-1.333490094582503,0.5912322548255999,0.9860215631517213,-0.02848926882115607,-0.05906398311065579,-0.15317076895079001
1750194991225027584,8.399848946226248,-1.3385476307308162,0.593910142172704,0.9849528362798967,-0.029282767359563144,-0.06019548485109019,-0.1593327757979978
1750194991383999744,8.408827439803874,-1.3438952882436408,0.5955854934796179,0.9837529978880695,-0.03037704613510683,-0.06104238724684229,-0.16607558873461226
1750194991442137600,8.417670952904777,-1.349529619509878,0.5965000145690764,0.9823980781485236,-0.030898495213266697,-0.061578959872897965,-0.17362986708690048
1750194991597211136,8.426258124202842,-1.355796802582736,0.5972950588171244,0.9808475134545002,-0.032234669626631435,-0.06161206406286146,-0.18194239469156104
1750194991657210112,8.43470675130541,-1.3622532712840467,0.5977103740711418,0.9791958215551957,-0.03434507964148173,-0.06139836429703471,-0.1903318139852456
1750194991812103168,8.443288887889052,-1.3679126921438391,0.5986731469709934,0.977520776141603,-0.03532487253172455,-0.06128111249206343,-0.1986200162216042
1750194991870657792,8.45194160879135,-1.3731555194472564,0.5996393431339597,0.9758401113552153,-0.03614074198567679,-0.06116633070631192,-0.20661220638406536
1750194992025470720,8.460553458544844,-1.378279942012286,0.6009428525733171,0.9740839233696148,-0.03740032626391274,-0.0609804445539075,-0.21457658588536407
1750194992083816960,8.468997067977963,-1.3834992101743326,0.6024399902006534,0.9722205255655533,-0.038905276229277065,-0.06058104206275844,-0.2227185813827694
1750194992240282112,8.477492673402974,-1.3889450436267263,0.6026664542314308,0.9703172439568952,-0.04054660295615379,-0.06004588672575944,-0.2307269177099378
1750194992300133376,8.48598726192068,-1.3943146363878616,0.6030376703402034,0.9683879746217431,-0.04297109995782587,-0.05943649266218415,-0.2384229823578904
1750194992456906496,8.495068646510013,-1.3986994565780253,0.6050077245628307,0.9664590883318579,-0.04260501200646596,-0.05956070407082289,-0.2461588228426327
1750194992514832640,8.504048216493352,-1.4031834980320097,0.6073473146651915,0.9644451589499464,-0.041976807865310974,-0.05971826119726644,-0.2540023863254564
1750194992670248448,8.513075031892015,-1.4074393772686142,0.6100061955829972,0.9623732177170765,-0.04082506002167711,-0.06011508472726176,-0.2618344532015242
1750194992728776704,8.522051368843918,-1.411682969238126,0.6119056891835504,0.960261160883559,-0.039920741643053675,-0.060592167943614335,-0.26950589319924134
1750194992886108928,8.53112269973131,-1.4162609387846063,0.612596837215083,0.9583276132694096,-0.03893021930700708,-0.061002390171283775,-0.2763536358788421
1750194992944244736,8.540335139375168,-1.4210136860122349,0.6128964481061563,0.9569471735301793,-0.03739175547930417,-0.06186280320759956,-0.2811173371993885
1750194993098981120,8.549496887916439,-1.4262654757790867,0.614015458442366,0.9562597162140735,-0.03681847773918929,-0.06278425496483249,-0.2833194172160801
1750194993156489984,8.55834460738025,-1.43175863357857,0.6155737891361941,0.9559738032913949,-0.036767122306173544,-0.06394403546924948,-0.28403067874054627
1750194993310099712,8.566813618229107,-1.4373018283682502,0.6172876665908458,0.9558649306362896,-0.03737625813048401,-0.06518001020873138,-0.2840366454826456
1750194993367927808,8.575303594254434,-1.4428200160602271,0.6187839899407792,0.9558269123684459,-0.0374855794252547,-0.06660361107541496,-0.28381984412487915
1750194993530060032,8.584062249129104,-1.4483485866412815,0.620630858584454,0.9557460730464685,-0.036335564184494316,-0.06854729297104044,-0.2837788562560485
1750194993587375616,8.592916791813053,-1.4543017200822148,0.6229187298190242,0.9554491370649053,-0.03520445372260773,-0.07078398142240928,-0.28437162462878063
1750194993740737280,8.601977771288974,-1.4603221462014573,0.6261124264087843,0.9548973683510926,-0.03298120017306816,-0.07340395014461838,-0.2858235757499165
1750194993798752000,8.610809010582788,-1.4668703044520863,0.6290043973391404,0.95415791090322,-0.031439020738252346,-0.07592143387818356,-0.28780237127880487
1750194993949999360,8.6194880604341,-1.4736968815578604,0.6319634114244308,0.9531854740652576,-0.030085503747606882,-0.078515372587253,-0.29046110025737976
1750194994004163584,8.627952552800354,-1.4812620652680475,0.6334969233515895,0.9520576957857392,-0.029849351306337746,-0.0807479810057241,-0.29355565687828084
1750194994155297792,8.635999106570388,-1.4885973807203667,0.6345569620740084,0.9509967293775001,-0.029622647003383462,-0.08259659375140418,-0.29648865441779765
1750194994210860032,8.643969419407824,-1.4955147155302386,0.635367155976017,0.9504007004189223,-0.028408798732457607,-0.08466096460512708,-0.2979328277815824
1750194994359198720,8.651869140046752,-1.5020252607118474,0.6366457791410998,0.9502263104937092,-0.026368366158314713,-0.08663386039444543,-0.2981094469231226
1750194994414638336,8.65952792862658,-1.508603112189621,0.6383412504132608,0.9500887011841288,-0.02529077664547143,-0.08791238853951214,-0.2982670756892244
1750194994563554304,8.667144455624094,-1.5153301997937128,0.6394603775439571,0.9499116654762458,-0.024428847324640336,-0.08865078300492658,-0.2986839431291003
1750194994618419200,8.674389675958652,-1.5224423961771993,0.6406013183629122,0.9496688825709779,-0.02460101422980025,-0.08841962446712047,-0.29950922120086504
1750194994770003968,8.681749499103557,-1.529780011928799,0.642139360140594,0.9490675266208545,-0.024741078462125244,-0.08782506028112536,-0.301571662688856
1750194994825494272,8.689095422675724,-1.5375917094719438,0.643572376425078,0.9480649895963251,-0.024965294295742395,-0.08695291285359628,-0.3049404868637842
1750194994971922176,8.69645419042914,-1.5456614812040717,0.6447587721187396,0.9467214495766842,-0.0248075576220944,-0.08588695773388419,-0.30939701434801553
1750194995024874496,8.703787603653119,-1.5541481227896652,0.6460882321483399,0.9450317450883623,-0.02506242024181553,-0.08449044943900524,-0.3148781348719879
1750194995171402752,8.711224357614483,-1.5631292937081138,0.6468677872010091,0.9429947003097549,-0.025353212848618373,-0.08282765816552948,-0.3213374998794601
1750194995224129024,8.718556892610401,-1.5726967533446103,0.6472154826662617,0.9406066376722108,-0.02666421792654571,-0.08062845603244474,-0.32870537678469475
1750194995376412160,8.725882748481595,-1.5826296407028582,0.6480069264178456,0.937854256765637,-0.028529818459430204,-0.07794995249078863,-0.3369558538324122
1750194995429436160,8.733306800722978,-1.5929309913304452,0.648216335306345,0.9348386007819006,-0.03049862502769899,-0.07488719777061824,-0.3457434481947884
1750194995581711872,8.740976870648588,-1.6028208217108841,0.6481003655801065,0.9320465520520077,-0.031548754781636254,-0.07182387197086326,-0.3537445862409847
1750194995637233152,8.749152362464072,-1.6123391350922258,0.6487344398648953,0.9298347809481248,-0.03188918862974583,-0.06914121912414328,-0.3600136825257013
1750194995788983808,8.75814198495276,-1.6212744563977237,0.6496441118087928,0.9282117702580079,-0.030306818630204492,-0.06734931291711213,-0.3646484284192158
1750194995845469440,8.767393627072304,-1.6298769544326883,0.6507685352662667,0.9270067902634661,-0.02788385444580512,-0.06608440100832275,-0.36812192736923766
1750194995999819008,8.775720417674535,-1.638924567818715,0.6525236129542527,0.9256415470122401,-0.02842627716439742,-0.06416064261227777,-0.3718374445250766
1750194996057895168,8.783833324953797,-1.6480949147792754,0.6554908605967946,0.9239648116231709,-0.02998968638524929,-0.062090067864216524,-0.37621067112096856
1750194996213459456,8.792289382075339,-1.6571473946606612,0.65867404797822,0.922069934114663,-0.030554958860091807,-0.060710767506001656,-0.38100870567438644
1750194996268507136,8.800917759394125,-1.666162207073806,0.6615108359929303,0.9200656978398504,-0.03053244859426223,-0.059754733738189604,-0.38597442018505024
1750194996423868160,8.809367938081927,-1.6748760980921542,0.6639944997554377,0.9181733856475603,-0.02981707127419659,-0.058933658286910405,-0.3906346119714017
1750194996477110016,8.817806202946567,-1.6833536545293541,0.6661459207121383,0.9166382998798234,-0.028000594587927405,-0.05865473545366463,-0.3943980424710675
1750194996634351360,8.825576616700207,-1.6919224643248492,0.6686525272726445,0.9156317747994941,-0.026349721321336665,-0.05796199655564032,-0.39694401635381804
1750194996685046272,8.83274751019813,-1.700618039750657,0.6708089272429958,0.9149091904080462,-0.02496981940141122,-0.05681340728088409,-0.39886077543309617
1750194996840754432,8.839765645753156,-1.7093440930693573,0.6723210951044125,0.9144494128559868,-0.02361230882072654,-0.05557642096741669,-0.4001699534347225
1750194996893449472,8.846272929616735,-1.718329132759023,0.6742301019091137,0.9141590677990642,-0.023903239450082273,-0.05359243093839414,-0.4010856333136992
1750194997047579392,8.852978570831834,-1.7270036025813602,0.6763771167136388,0.9140415798775118,-0.023529915561662375,-0.051837987303531105,-0.4016057225700376
1750194997102774528,8.860088780933308,-1.7354254728615417,0.6782498966357742,0.9141150989471108,-0.02222884043761715,-0.05062909213400497,-0.4016667269757342
1750194997253730816,8.867291854248675,-1.7440564477626266,0.6795864893598513,0.9142624997537807,-0.02099181284236499,-0.04968391572154462,-0.40151579527601855
1750194997306936576,8.87427594632161,-1.7528911117820623,0.6812565306440792,0.9144212152077976,-0.02085127698217797,-0.048439282932872585,-0.401313719295835
1750194997459446272,8.881519557030202,-1.7616238578603607,0.6826079039432695,0.9146223770970817,-0.02023931942218781,-0.047586604187892234,-0.4009885189933437
1750194997513610496,8.88870789815217,-1.7704417962830497,0.6840152438071883,0.914847081990807,-0.019621962831151765,-0.04707853209824958,-0.40056635775241134
1750194997665762816,8.895499194939914,-1.7794842973383682,0.6861090695305938,0.9149895467198493,-0.020447443841432256,-0.046075074729458404,-0.40031627361678795
1750194997717343744,8.902136361490195,-1.7887002320787118,0.6879731032643446,0.9149295974876613,-0.022566428123313723,-0.0443342386938057,-0.4005359699730626
1750194997868541952,8.90916666147928,-1.7978033213577822,0.6890469298313153,0.9147391977549014,-0.024355300698010816,-0.04258039937774019,-0.40105601729367013
1750194997920835584,8.916728674510802,-1.8063502812753502,0.690582212095447,0.9144514458151445,-0.024246910777747942,-0.04163541998845204,-0.40181728729201405
1750194998073641728,8.924573421303734,-1.815025505120564,0.6920560535985913,0.9140031745658923,-0.023155466590271727,-0.04147577967457571,-0.4029165930448184
1750194998127460352,8.932118661282367,-1.8244357588266489,0.6938094545618565,0.913142344992625,-0.023335843444364592,-0.041183682856099024,-0.4048831935984971
1750194998281012992,8.940211289850767,-1.8340142640039168,0.6961855817506768,0.9119410680940232,-0.022398096048474644,-0.04197072427433807,-0.4075540110473986
1750194998333164544,8.948348545991127,-1.8440631200128093,0.6988331033752466,0.9104291290574915,-0.021683632008137693,-0.043009128432373256,-0.41085135503980125
1750194998487035648,8.956791609561874,-1.854445844317381,0.701026229133805,0.908708155822285,-0.020471167643641142,-0.04454630453166051,-0.41454317699117976
1750194998540293376,8.964855371153703,-1.8655033987738276,0.7024504495826691,0.9066790988211194,-0.020393611710915714,-0.04565737810358878,-0.41884664996513127
1750194998692653568,8.97193655508826,-1.87687401836634,0.7036031052024092,0.9042294217120763,-0.022353314237159506,-0.0455793346433961,-0.4240188751769476
1750194998745363200,8.979579688278738,-1.887476809885574,0.7042381090840544,0.9021082841012512,-0.021815219107592085,-0.04660504143831819,-0.4284305195521396
1750194998900915712,8.986828287567725,-1.8982795576952234,0.7046731465390077,0.9004949644380802,-0.02170682081579347,-0.04756611933275863,-0.4317118219870214
1750194998952649728,8.993737390383274,-1.9089350737200448,0.7057939183557957,0.8991215123718418,-0.02064987712095718,-0.04877138871110975,-0.43448295732773096
1750194999105893888,9.000562279853433,-1.9194241427585448,0.7072542335323062,0.898150717329261,-0.017971723813394572,-0.05060712928829073,-0.4363957201546629
1750194999156747008,9.006642250095734,-1.9304321130404554,0.7081911966065886,0.8973346044361912,-0.016895561952246306,-0.05130081187871183,-0.4380335311003565
1750194999309057280,9.012502647492898,-1.9420311440609805,0.7077329720254162,0.8964507499284413,-0.01713895713103673,-0.051007902791989364,-0.43986418694178603
1750194999360728064,9.018588507819343,-1.9535191745630196,0.7071856816884132,0.8954709798147095,-0.01634606854944207,-0.05082423814971745,-0.44190658194822335
1750194999511037184,9.024424585997261,-1.9646429137435497,0.7078972777987262,0.8945505422234544,-0.014737828771410314,-0.05065606864413279,-0.4438424118089089
1750194999560157952,9.029679825907834,-1.9759222302359407,0.709247028671002,0.8936051991593567,-0.014305137234231236,-0.04962127359075607,-0.44587312129271445
1750194999710309120,9.035072405321193,-1.9872339777133305,0.710005191852582,0.8926250272367312,-0.013935462485224745,-0.04829637752405525,-0.4479886422154047
1750194999759344640,9.040317452441942,-1.998810414226845,0.7098931157302992,0.8914199082789416,-0.014671886237500816,-0.0459167137685095,-0.450607299402593
1750194999914121472,9.046085063593399,-2.0101147222627858,0.7098198695885176,0.8900141654562118,-0.014160452653359365,-0.04373387589242933,-0.4536095402076112
1750194999963570432,9.052199287271492,-2.0214204502321977,0.709652047267002,0.8886561704921007,-0.012322170795667668,-0.04217027397067705,-0.4564647223460262
1750195000120038656,9.058492431493297,-2.032643831976817,0.7090486789510031,0.887539584951309,-0.008536849938960183,-0.04161333490349346,-0.45876893715223055
1750195000170370816,9.064573504684297,-2.0437998181723414,0.7086952507972448,0.8864957685712462,-0.0032862565840805877,-0.04164381214982512,-0.46084731281908226
1750195000326984192,9.069304079356748,-2.0553246769690814,0.7103062599723557,0.8854387764760698,0.0002503558475659248,-0.04061096043946166,-0.46297825038190976
1750195000378899200,9.073250356992231,-2.0674110797251175,0.7123944083828091,0.8843804121792042,0.0017538137664906955,-0.03840398481889187,-0.4651809805237567
1750195000540580864,9.077284796082338,-2.0797291416932104,0.7137569429531441,0.8833792551638109,0.002901166824115727,-0.03596970393665758,-0.46726743432000306
1750195000593788928,9.081795849657022,-2.091891676603275,0.7148218481925328,0.8824723135415659,0.00499494881365363,-0.03411281463596128,-0.4690991176676395
1750195000756027392,9.086585125506083,-2.1035725830488565,0.7164773672095857,0.8815931086591235,0.008240838164846543,-0.03292397145675321,-0.47078837225933934
1750195000814477824,9.091021142494265,-2.1152218168305,0.7186308987704457,0.8806712746191756,0.010445920359278596,-0.030967735558916843,-0.4725991834132143
1750195000979040512,9.095725595550618,-2.1268322427397393,0.7202449229653571,0.8798637971071295,0.012572609040441189,-0.028936865402940024,-0.47417748350463923
1750195001032655872,9.100777438094243,-2.1382040790940673,0.7215455457977149,0.8790928012530754,0.015110902577677367,-0.02705536740888639,-0.4756422127005538
1750195001193732352,9.106160665185548,-2.1490846808564865,0.7231443323904871,0.8783183277602231,0.019444330388816017,-0.02620547324082787,-0.4769613257995241
1750195001245668096,9.111248290566682,-2.1598695404545865,0.724951244800653,0.8777467983843872,0.02450571124630752,-0.02584590582597385,-0.4777991389635456
1750195001408288000,9.115965936660363,-2.171106596009892,0.7264628716533856,0.8772052842479533,0.028286840567516208,-0.02476085500842345,-0.4786414566222059
1750195001460418304,9.120659801778428,-2.1826199869440495,0.7279225320947091,0.876746165843839,0.031467583844618445,-0.02347535395076622,-0.4793483697708752
1750195001620443392,9.12543404287064,-2.194449515351085,0.728964287194207,0.8763707738188108,0.03424716386549156,-0.022201100617043255,-0.4799046881358639
1750195001671624704,9.130311063410433,-2.2064906279103247,0.7298548870739898,0.8761703807868584,0.03649480329222968,-0.020910553741697528,-0.48016282853495496
1750195001836985856,9.135223747213406,-2.2186705120754686,0.7309203697853008,0.8759913627712628,0.03832279452176918,-0.019546191079030606,-0.48040445687409067
1750195001888024064,9.140361112586119,-2.2306461465222283,0.7328340301270733,0.8757526888310027,0.04088994217410837,-0.01877982522927326,-0.4806584637750855
1750195002050720256,9.145405603006541,-2.2428902922525267,0.7346576498971413,0.8754508816536061,0.04319376197829387,-0.018105151502447646,-0.4810324897833404
1750195002101025792,9.149882249131768,-2.2558632401051,0.7355771150662034,0.87504229961377,0.04313550013284859,-0.01625761497959094,-0.48184644075691735
1750195002271565056,9.154277151464067,-2.269377107290199,0.7359234381399271,0.8745090873717946,0.04193746180391017,-0.014153088991586123,-0.48298529529747875
1750195002323089408,9.159280322919788,-2.282766238815809,0.7374261338237997,0.8735675304120735,0.04195710900539256,-0.01288839299480279,-0.4847197748593223
1750195002486157056,9.16484876552677,-2.295833660011842,0.7392429317519742,0.8726977825137698,0.043273909040630776,-0.012603154224297294,-0.4861760069105535
1750195002537630720,9.170682678561079,-2.3084637602072036,0.7413239056517358,0.8720665110793274,0.0458857319176129,-0.01342010923561188,-0.487046610221669
1750195002702745856,9.17650576410052,-2.321057791392566,0.7434382407935467,0.8714504154001457,0.049380151228573706,-0.015105684274065329,-0.4877577190226402
1750195002754307584,9.181980376974668,-2.334107184783456,0.745023845149718,0.87088241268254,0.05214702437605717,-0.016872018862769112,-0.4884258859934181
1750195002922629120,9.18727005112032,-2.3474684008009574,0.7466387555994873,0.8705098343171904,0.054384657739504974,-0.018999484226732758,-0.48876779451875996
1750195002973040896,9.19211190819295,-2.3613502296445796,0.7477191294784156,0.870263944816418,0.05480892531028002,-0.02062316840171109,-0.4890923562927283
1750195003138560512,9.196674752768711,-2.3757134563430906,0.747734801679167,0.8701713196424167,0.053508729843365896,-0.021705916113368674,-0.4893542106777095
1750195003190346496,9.201172233445648,-2.3900900529359554,0.7481180785885297,0.8702668696197107,0.05130442940933948,-0.022817922930255946,-0.4893697718070053
1750195003357329408,9.205849440106878,-2.404143872260694,0.7487617832932938,0.8706318775000652,0.04871180010589628,-0.024222056078434712,-0.48891777060205904
1750195003409508352,9.210659040364451,-2.4180670847568058,0.7486969157226482,0.871092355694066,0.04576707412261787,-0.025707986090680163,-0.4883058285836641
1750195003570542592,9.215174255966271,-2.4322755003169654,0.7479600709814354,0.8716224540253467,0.041080048037698255,-0.026424281461064732,-0.4877381312152241
1750195003623057664,9.2199648018122,-2.4463602218238876,0.7472924458396162,0.872298465600906,0.03606463810723478,-0.02734897325658128,-0.4868744832606348
1750195003783296000,9.225503567134197,-2.459506868718303,0.7474516849175918,0.8731612896446077,0.033087635375779745,-0.029931662057854604,-0.48538507008133175
1750195003837029376,9.230977261391335,-2.472416209092513,0.7475357925278483,0.873995001609798,0.030458681110563095,-0.03294990729744298,-0.4838587702162521
1750195003992084224,9.236257255817973,-2.485597297364159,0.746763321009138,0.8747537451234503,0.0270572203674018,-0.03558295081172842,-0.48250144645380877
1750195004044486656,9.241725551869846,-2.4984543692640053,0.7462581221479883,0.8754966161534807,0.024045524597775918,-0.03869058608324191,-0.48107226733533276
1750195004199768832,9.247285314652594,-2.510823019792903,0.7469444423447955,0.8762649913629903,0.02193619160473121,-0.04262894558231541,-0.479438464673037
1750195004250150144,9.252560014674026,-2.5234975308970498,0.7473898072008054,0.876875233855107,0.019036326958960247,-0.04598052804682246,-0.4781351624258544
1750195004399192064,9.257843862679533,-2.5364383515286537,0.7467478344260625,0.8771865019251656,0.015878216048558852,-0.04895989203492489,-0.4773831292236198
1750195004449797376,9.263084491979228,-2.5495896218334875,0.7450802151050402,0.877207493457792,0.01206665285636233,-0.05133468388263756,-0.4772066214345853
1750195004598184704,9.268418932333487,-2.5625703628201846,0.7440267742876987,0.8770760884133579,0.008346954078797824,-0.05357780914339304,-0.4772811350331415
1750195004650022400,9.273954564358615,-2.575058898896158,0.7446588309658142,0.8768624083570399,0.006059680128889202,-0.056552095851322974,-0.4773651197373452
1750195004795563008,9.279546385969109,-2.5874798710286924,0.7454904889096587,0.8763988923261875,0.004815309784034496,-0.06004039784104359,-0.47780429565691895
1750195004845809664,9.285069746266867,-2.5996242084360968,0.7473051312177938,0.8757945936985922,0.005170088570913151,-0.06445754476299662,-0.47833285979076623
1750195004991412736,9.289952700899923,-2.611896693303817,0.7496405491321867,0.8751178079625985,0.005134757192296589,-0.06833518273852053,-0.47903315047646305
1750195005042041344,9.29451119454037,-2.62460108714691,0.7507279158548421,0.8744277680164363,0.00445016262028131,-0.07142765568179264,-0.47984827245521006
1750195005186202112,9.298642680716332,-2.6378877876587294,0.7507088324741411,0.873524048903402,0.002126137771347644,-0.07313320383896559,-0.48125123378733536
1750195005235689216,9.303095211347426,-2.6509716687261533,0.7508564933744246,0.8724556321300455,0.0006925755736934958,-0.07508277580660398,-0.4828905332275759
1750195005379876608,9.307736704948946,-2.663345566276513,0.7519381045037146,0.8714802850401014,0.0015668710139412584,-0.07750120450653443,-0.4842656512717842
1750195005431510784,9.311894108722406,-2.675857343611383,0.7529520123649562,0.8705647276859008,0.002074419645256585,-0.07885992944218789,-0.48568906022339225
1750195005573532416,9.315870130140528,-2.688368452227014,0.7539786057377871,0.8696922436314,0.002724623459808874,-0.079623862937112,-0.4871221799973348
1750195005624898816,9.319793651110253,-2.7004529682935723,0.7555213539440122,0.8688868034434091,0.004678377419767812,-0.08026402002280282,-0.4884378391119914
1750195005768938752,9.322985591287864,-2.7128963063432465,0.7568568806626104,0.8678704704029002,0.00484436132233375,-0.07911350069751483,-0.4904267863538976
1750195005819883008,9.326205005567925,-2.725302402918884,0.7577727568935746,0.8666339253490691,0.004965431101741055,-0.07720069091483733,-0.4929107802131229
1750195005966843904,9.329802967853741,-2.7376055577800193,0.7577648915419957,0.8651714532269776,0.005658832665992961,-0.07502520699288122,-0.49579991170799276
1750195006018788352,9.334104039138744,-2.749470131513473,0.7578514782219798,0.8637898255908776,0.008640763115107053,-0.07357423375651026,-0.49837667134970526
1750195006165344256,9.338277250758523,-2.7615670887090498,0.7581338782371283,0.8623608539877274,0.01052379992638192,-0.07116351581490869,-0.5011574215369141
1750195006218311936,9.342631170173593,-2.7737562142379515,0.7587479597245079,0.8610724535007379,0.012075158409422315,-0.06850841571268258,-0.5037013175961971
1750195006365378304,9.347305152451813,-2.7856288423850497,0.760311272907594,0.8602254635672488,0.014174250814212867,-0.06636275485752467,-0.5053783010894788
1750195006415814400,9.351967623368253,-2.7973343549150274,0.762602485305774,0.8597459795969451,0.01526180200976817,-0.06409244443016213,-0.5064544269065778
1750195006559854592,9.356606889903418,-2.8091748953344204,0.7645213439984841,0.8596160974193202,0.014881832448780618,-0.061556559829965496,-0.5070004793512962
1750195006611730176,9.36127620222398,-2.820895644803985,0.7664810477016921,0.859692870185415,0.013326515546902562,-0.05884802672558743,-0.5072351355005348
1750195006759227392,9.366439359946462,-2.832669968396867,0.768225362506191,0.8600670340376906,0.012039137145551057,-0.056995699578542156,-0.5068444005490769
1750195006809244672,9.371975118586818,-2.8445472407457055,0.7706741842251681,0.8610777231293163,0.011765058890707636,-0.056456901949034015,-0.5051923953723448
1750195006956888320,9.37756280378657,-2.8568375774326746,0.7731253381735121,0.8625245410554205,0.01167005654585676,-0.056813003706452515,-0.5026803243286961
1750195007007232256,9.383100650848466,-2.8693911217441697,0.7750454446190851,0.8642633246036597,0.01177670205193921,-0.05782164855959733,-0.49956668422910205
1750195007151053568,9.388210238001033,-2.882261557143659,0.775886520689383,0.8660103228755566,0.010993027389571738,-0.05845231174245685,-0.4964761839945084
1750195007201251328,9.392437557167945,-2.8956686509213796,0.7763202349709228,0.8676136144778728,0.00724799178498611,-0.05793839974668202,-0.493798769158571
1750195007346661888,9.396033172350673,-2.9093357488305056,0.7776242338906361,0.8691211728295725,0.0008995763812658895,-0.056676398886525904,-0.49134037439532496
1750195007396875520,9.400859260119688,-2.922158561366931,0.7802554139360867,0.8707296797024038,-0.002456428046763529,-0.05802912139300257,-0.48831998926621517
1750195007540647936,9.405861270854734,-2.9348954931130615,0.783185947119343,0.8720103259693062,-0.005750412140558865,-0.060115274107943345,-0.4857479572597757
1750195007593053440,9.411144412774537,-2.948093915370206,0.7846722810028757,0.8728859588128405,-0.008599477765600078,-0.0624080771518241,-0.4838402461513087
1750195007738065408,9.416383383382305,-2.961622813505072,0.7854462704162444,0.8733030704951077,-0.011802874960247971,-0.06476503257157248,-0.4827089493291925
1750195007788788736,9.42195541703011,-2.975171758216607,0.7861451799407368,0.8732983192950556,-0.014313829458910509,-0.06777922735658237,-0.4822355608430357
1750195007932343296,9.427801624276874,-2.9881247062255163,0.7867718536073487,0.8731923948725583,-0.0153617404257961,-0.07148594256565466,-0.48185974980622354
1750195007984903680,9.433288625680374,-3.000462300733521,0.7877151462470708,0.8730707201711098,-0.016288896098990747,-0.07529020807916112,-0.4814702213129828
1750195008127870208,9.438723176730612,-3.012348471588746,0.7882514003100614,0.8729245777505659,-0.016262852407006676,-0.0792107541263674,-0.4811069087233278
1750195008180810240,9.444082680719275,-3.0235028097821313,0.7892470658655517,0.8729512671665068,-0.014329402522750905,-0.08349625507909447,-0.48039476346385945
1750195008319616512,9.44880680198794,-3.0342790117697795,0.7911398850655127,0.8731510412297858,-0.011909790312505398,-0.08715485290964212,-0.4794470228381357
1750195008372684288,9.452858258397121,-3.0453363907451374,0.7930052689120681,0.8731209333592501,-0.011319701588721344,-0.08917465623644243,-0.47914463450082234
1750195008511861504,9.456932837562983,-3.056414937051947,0.7942331301337364,0.8727900417586737,-0.011279889352284632,-0.09036108314340742,-0.47952599695557985
1750195008565587968,9.461307270843879,-3.0671473491635166,0.7951953375401106,0.8722794054542746,-0.01043148658494842,-0.09138285505945132,-0.4802801231668332
1750195008704311040,9.465655146172375,-3.077426059159108,0.796477179156521,0.8716250046314563,-0.008719807926472695,-0.09197391724822832,-0.481388216304632
1750195008756540160,9.469873661102403,-3.0875956498175023,0.7977106694241818,0.8709267009493384,-0.00682142353094413,-0.09187649523743617,-0.4826995539436496
1750195008893954816,9.473963726615487,-3.098049904204557,0.7981442930031175,0.8702304483428676,-0.0051431213481108965,-0.09109963089764929,-0.4841212372227459
1750195008945048576,9.47780796952111,-3.1087727691072207,0.7982023244630887,0.8694125526791235,-0.00430451276575655,-0.08922613244482071,-0.4859444224422779
1750195009086449408,9.481630805905073,-3.1196466987108504,0.7979263928212963,0.8685110423821706,-0.003772939976435625,-0.08655301445003984,-0.4880398650456544
1750195009138714624,9.485784456584026,-3.130412184916443,0.7975544859194077,0.8676667572038743,-0.0024614592222407944,-0.0837319559918323,-0.49003805893786695
1750195009279370240,9.490212385322556,-3.1409292372794484,0.7979586858152206,0.8670798982325271,-0.000248702151074621,-0.0807931610426576,-0.4915738534107012
1750195009333633536,9.494797730560384,-3.151518795581991,0.7986515597479884,0.8667571407095538,0.002047722020368512,-0.07755538015676058,-0.4926591406563633
1750195009475711232,9.499582296055022,-3.162298344507235,0.7988471687315637,0.8666537742325847,0.004202146936674137,-0.074145069664855,-0.4933518888318281
1750195009526258688,9.504087478737356,-3.1733772079767384,0.7990802395285725,0.8665696729019683,0.0049140633265588604,-0.06967112788145695,-0.4941445010600888
1750195009667520768,9.508663581816291,-3.184577038353689,0.7996406714680968,0.8665210318779315,0.004856851901264182,-0.06457530162351148,-0.49492195619415236
1750195009719451392,9.513758745668245,-3.19577910318828,0.7996558480523048,0.8665723597685712,0.005233449327865048,-0.05963868142897551,-0.4954474583350647
1750195009867270912,9.51925802779319,-3.2069276309685,0.7991817790625881,0.8666002072116248,0.006362468664569265,-0.05500211390401344,-0.4959217350745489
1750195009919694080,9.524558504870766,-3.2183952179320356,0.8002491287143254,0.8668063966414337,0.006429427239441087,-0.05015681942784753,-0.49607421488296327
1750195010063891200,9.530173837732178,-3.229677235179468,0.8029178703787752,0.8672003804001922,0.007504599292885066,-0.0461309766349106,-0.4957611463375527
1750195010115966720,9.535770270755359,-3.241155465079439,0.8052383982756646,0.8676170518975126,0.008504496443415397,-0.042283549294744205,-0.4953588863197587
1750195010260640768,9.541114016042197,-3.252846615453741,0.8079751613092467,0.8680851662257111,0.008541923370249765,-0.03843276519749822,-0.49485159622182706
1750195010313086720,9.546457171947447,-3.264776469881136,0.8107730649854004,0.8686348871685249,0.00802018543620052,-0.03496627683211996,-0.4941522729926398
1750195010461012480,9.552087221573327,-3.276916749575132,0.8129151298209947,0.8692943628700205,0.007686451868133669,-0.03216411299674371,-0.49318728590183325
1750195010513923072,9.558168288717656,-3.289112643174229,0.8138394078245135,0.870077095657917,0.008281564055746057,-0.030307898260985712,-0.49191329989265004
1750195010663072512,9.564496506733365,-3.3013237886114304,0.814108671459794,0.8708781144030922,0.009907902133584022,-0.02947425362698027,-0.49051443577346243
1750195010716744192,9.570145476221365,-3.3134561313437856,0.8160068291418692,0.8715791770172221,0.010930259640632855,-0.028850553385870722,-0.4892830603888705
1750195010868198656,9.57552066098112,-3.325748520285243,0.8182195636211755,0.8722994108631026,0.011232669170451556,-0.028373361955437264,-0.48801897225675245
1750195010922019072,9.581192261373076,-3.337895073582896,0.8199778361316161,0.8730524196829842,0.012426213361663415,-0.02857537562529119,-0.48662974592091074
1750195011071728384,9.587009985235735,-3.3497006472880586,0.8213972073420788,0.8736716008070972,0.014725476776146303,-0.02922391004290677,-0.48541431515632455
1750195011126462720,9.592333381681232,-3.3613991503049743,0.8228499574846455,0.8739909635252542,0.016360085122904197,-0.02928398131927327,-0.4847830357273875
1750195011276913920,9.597641233840122,-3.3731923669185493,0.8239908489326044,0.8742329170059931,0.017605909622153464,-0.029230911710645874,-0.4843060938808567
1750195011329852160,9.603214727430338,-3.3850923592714173,0.8245781952008353,0.874529786559802,0.019165931985518653,-0.029635373226040526,-0.4836859147469014
1750195011476755200,9.609049679557314,-3.3970649968245246,0.8245716865041648,0.8748939886074745,0.02121048581586297,-0.030468769013089928,-0.48288950920970136
1750195011529762560,9.61466991686627,-3.408995258736434,0.8249473615157781,0.8751301863846493,0.022964665308316555,-0.03086560283696388,-0.48235577698122
1750195011678131200,9.619928236001808,-3.4208653095393364,0.8259473011738137,0.8751131489201955,0.023859362719037828,-0.030243698019853917,-0.482382655293186
1750195011730092544,9.625478023328252,-3.4328310044180284,0.8263888874134699,0.8749974694836756,0.02508271244832181,-0.029594853852966178,-0.482570648256626
1750195011886080256,9.63112499407066,-3.445047171406533,0.8265447595204454,0.8749061127330066,0.025893445430233884,-0.028866020787012964,-0.4827375852677048
1750195011937683200,9.63677224399298,-3.4573587011504356,0.8265636246094181,0.8747946581201701,0.025971193712330195,-0.027797048315880615,-0.4829980614107018
1750195012087063296,9.64288950929131,-3.469374294036304,0.8264064291786215,0.8745353435488172,0.027105316771506825,-0.027113221154836355,-0.4834440070217824
1750195012139233280,9.649184067878863,-3.4811289131281504,0.8265886770014443,0.8741466678861081,0.02936323491512384,-0.02683544429701913,-0.4840302287960073
1750195012288077824,9.655108716825177,-3.4933635230370568,0.8272139117133759,0.8739164407462658,0.03052363878955581,-0.026387250217829682,-0.48439867371243334
1750195012339212800,9.660828537370955,-3.5060754335568536,0.8280126883924046,0.8739848117669162,0.030332247666532773,-0.025909110008887248,-0.48431314412350146
1750195012489905920,9.666699032465338,-3.5191732405903573,0.8277535256718824,0.8742572991940534,0.029723734069295044,-0.02568713036365137,-0.4838706911692194
1750195012541403136,9.672484393233699,-3.5323691301867344,0.8280957259900465,0.8746635177422858,0.028444758777909078,-0.02566322504302007,-0.48321426438915055
1750195012691790080,9.678195652542165,-3.5455863367300027,0.8298332584693724,0.875218222109358,0.02645890899988854,-0.026013203783087115,-0.48230312361751276
1750195012743852032,9.684000832179155,-3.558986166378979,0.8310835611683087,0.8758042534507008,0.024341000933181343,-0.0267076758502822,-0.481311879514632
1750195012896041216,9.68973340855035,-3.5725696523425405,0.8315517771675451,0.8764202202044518,0.021650717242173854,-0.02736100145478999,-0.4802813963283097
1750195012949337344,9.695592060333887,-3.5860098751807423,0.8323011167104934,0.8769475880392671,0.018966752131858736,-0.028242328694786708,-0.47938039281511674
1750195013099626752,9.701968293868672,-3.598917891629963,0.8331403037405716,0.8773744064956931,0.018045127414975198,-0.0301822948310187,-0.4785159906227178
1750195013151943936,9.707999871725288,-3.6116918829728015,0.833758620580662,0.8774628330187337,0.01664428784728426,-0.031460262713665574,-0.47832227234656505
1750195013300304896,9.713957046066248,-3.6241773621614923,0.8343795175388968,0.8772522864894813,0.015157220662502684,-0.03223437171262503,-0.4787062040448792
1750195013353751040,9.720496030867501,-3.636434312619277,0.8342611195642662,0.8768611549508246,0.01521885969250827,-0.03378132629378817,-0.47931380456001704
1750195013506009344,9.726891468372285,-3.648479878094445,0.8342465430463699,0.8762947729113085,0.015702490482187605,-0.03527825714426045,-0.48022530892679804
1750195013558711808,9.732674771706353,-3.6605614924463428,0.8348177851608973,0.8754141137360505,0.015087993850065437,-0.035441464318144635,-0.4818364707245513
1750195013708211456,9.73815115017149,-3.6727789282788033,0.8356631576450515,0.8744671257294174,0.013489524716080224,-0.03440234235050567,-0.48367526046125614
1750195013761446400,9.743924006013735,-3.6848908650895353,0.835970993417948,0.8734471244214493,0.012421506076846523,-0.033196367979125736,-0.48562725230332615
1750195013910896384,9.749951482848962,-3.696770121642156,0.8361035511098964,0.8723850755866794,0.012503906781387143,-0.03207879651586669,-0.4876052532765818
1750195013965990912,9.756092000991087,-3.708603276194811,0.8357869923142442,0.8714502893731506,0.013599653441808,-0.03096267161133086,-0.4893166209566193
1750195014116337408,9.761953050813087,-3.720591332421736,0.8351615621261881,0.8706648195726421,0.014611253514222782,-0.02915053436147956,-0.49079479375368457
1750195014168207104,9.767598383638935,-3.732304254872002,0.8352889588498082,0.869918724030697,0.01605920471549017,-0.02659821707462661,-0.4922154511727167
1750195014318054400,9.773694643742314,-3.7440218857820025,0.8353560673056366,0.869231039486278,0.018977095283933505,-0.02465808940783234,-0.4934260314119476
1750195014369987072,9.780119439093863,-3.7559108251128306,0.8352364734936493,0.8687129002615571,0.022898839593179312,-0.02322475631694394,-0.4942409844989164
1750195014518208768,9.786491954198299,-3.768052647528861,0.8351746228294838,0.8683675960525646,0.026936145732978617,-0.02174868152248859,-0.49471118547186205
1750195014569197056,9.792505037871845,-3.780528021014206,0.8351110015370025,0.8680966157703507,0.029987783032689216,-0.0196217393218877,-0.4950999756643423
1750195014721692928,9.7987783024205,-3.792993198987051,0.8352044668505609,0.8678851051522845,0.033324830617243915,-0.017783403468959545,-0.4953268117921743
1750195014773046272,9.805650393775629,-3.8055365432755903,0.8355548275886382,0.867726218908768,0.03794220750339213,-0.017151644223719037,-0.4952952846620745
1750195014924897536,9.812159410166053,-3.818870933164933,0.8357881082976291,0.8676237406679904,0.041238249729470086,-0.016199123927937306,-0.4952434146684848
1750195014977619968,9.818306861717296,-3.8330102032741573,0.8358523495630488,0.8677412656886304,0.0427032130165744,-0.014789118244878862,-0.49495738543908374
1750195015132422912,9.824933235956713,-3.847315949208792,0.8361341540168614,0.8681668619853148,0.04468931962987138,-0.014240893133162293,-0.4940509704720357
1750195015183649792,9.831221346935965,-3.862141719341033,0.8372192324414467,0.8686981269096178,0.04536636353381981,-0.013356411655017202,-0.49307916568350396
1750195015344483584,9.837547251684136,-3.8775435693749083,0.8380934127412747,0.8693660003090113,0.04537957947248404,-0.01249205793293123,-0.4919221480704163
1750195015396569344,9.844344466131847,-3.8929791774474842,0.8386448419983035,0.87018785177546,0.046431584125373106,-0.012503429151849134,-0.4903681014069563
1750195015553818368,9.850866823901207,-3.9087228964367844,0.8393070282264499,0.8710973032516769,0.046708011548898656,-0.012341197982295805,-0.4887284979998258
1750195015605541632,9.857790031553371,-3.924399402861396,0.8392419440184566,0.8721401571609404,0.04807836310623381,-0.013043586644422546,-0.48671334696694385
1750195015761050368,9.864856228246774,-3.9402462122000133,0.8385059147304581,0.8731385464037598,0.05010133113839702,-0.014383151640435259,-0.48467727443215064
1750195015813151744,9.871782287802708,-3.9563049759346116,0.8370702923310769,0.8740408353431727,0.05203804255433808,-0.015756467792186642,-0.48280057373871843
1750195015969557504,9.877642117557137,-3.9724282652353358,0.8366713112675068,0.8745053456976253,0.05178120301537184,-0.015305631401407348,-0.482000876563479
1750195016019769088,9.883288634505115,-3.987831358065996,0.8375450405170652,0.8743383179721677,0.05146924975479763,-0.014217760904275468,-0.4823704772580382
1750195016173110528,9.88877411204985,-4.003114634080535,0.8382414638099354,0.8736744388721362,0.05064151741149961,-0.012305612939168742,-0.4837116738987286
1750195016222478592,9.894549199077643,-4.018382572016967,0.8374409623695116,0.8725810106653167,0.05019823407235654,-0.010274187937684425,-0.4857745960674895
1750195016377430272,9.90088291605025,-4.033883362594523,0.8353139629246988,0.8714403245388151,0.050786960722665656,-0.008763329875805997,-0.4877864793510851
1750195016428432128,9.906650441685805,-4.049916327142727,0.8329616481566342,0.8699795792069561,0.04971136061109877,-0.005798676619607055,-0.49054121920440263
1750195016585412864,9.912352987595163,-4.066334205604048,0.8302746703112702,0.8683576833100884,0.04806928477110814,-0.002154341561572905,-0.4935986593482261
1750195016637226240,9.919245075186273,-4.0822425333144166,0.8278773896175178,0.8668065073285055,0.0498771742892266,-0.0004164172501669641,-0.49614370189951373
1750195016798458112,9.926620316012928,-4.0976270726309965,0.827549114975132,0.865308598096503,0.0548996792193356,-0.000569327549732994,-0.49822357546388724
1750195016850580736,9.93313859617605,-4.113220302989617,0.8290758927503923,0.863816549326244,0.05974113210437097,-0.0005560300882913062,-0.5002515937761015
1750195017011535616,9.939661119896735,-4.129070334568375,0.8308231181532824,0.8623038346935188,0.06557597497807328,-0.0012949240966464827,-0.502125692780315
1750195017061477888,9.945447697971769,-4.145750065676173,0.8318878238246064,0.8607774316951065,0.06961011800688027,-0.000995499656030075,-0.5041980300793325
1750195017253306880,9.950858567451933,-4.1632745041667745,0.8319122191136636,0.8593453606813092,0.07214687008194533,-5.157756093487115e-05,-0.5062809275023548
1750195017304171264,9.956028983222517,-4.18143722195073,0.8311065399548818,0.8581445168680768,0.0733455344865876,0.0012901508990286151,-0.5081404886946026
1750195017468409344,9.960503298223061,-4.200280352551468,0.8301552925628615,0.8571917486288878,0.0717199862464799,0.0039619206322668386,-0.509963579915525
1750195017518720768,9.964847655500446,-4.219533441489174,0.8289462533835863,0.85656304064566,0.06873143069421922,0.006974893162826187,-0.5113972024756824
1750195017680967680,9.96920608622325,-4.239238894613386,0.8269640218400216,0.8561783660362998,0.06480884136439002,0.010105577867008483,-0.5125000457642817
1750195017730266112,9.974371952868202,-4.258926610135783,0.8247930021052188,0.8561016758352321,0.062382184379854363,0.01175840160714762,-0.5128938717666159
1750195017894123520,9.979866146536034,-4.278734747747157,0.8229591815733417,0.8561651095277627,0.06063075597874012,0.012441867523702476,-0.512981887194161
1750195017945728256,9.986009128628075,-4.29836703689022,0.821687866998472,0.8562152712576511,0.060904288320630974,0.011375528082338963,-0.512890509066206
1750195018110533888,9.992171047460378,-4.318316590384752,0.8197663425716413,0.8561626329580687,0.06138415797390207,0.009845173277806887,-0.5129528278889514
1750195018160377856,9.999072509675983,-4.337993908190744,0.8175318864182364,0.856043711876722,0.0643778775143065,0.0066985300119918175,-0.5128350435946776
1750195018324864000,10.005955087054087,-4.357757019832718,0.8149250836562505,0.8558226918701071,0.06792468374463594,0.003291149767350134,-0.5127796073866469
1750195018378375936,10.011890285311491,-4.378101038220769,0.8125885569096538,0.8555216641211737,0.06934732502764372,0.0011208928760240442,-0.513100744815293
1750195018541719296,10.017062363553045,-4.398817166473588,0.8111287464615304,0.8552041425778667,0.06858856644338118,0.00019723116903470954,-0.5137328529214027
1750195018593207552,10.021984461419665,-4.419938652482139,0.8094983468085633,0.8549085674572572,0.06646489762384078,3.577027268953553e-06,-0.5145034097644422
1750195018756178176,10.026681877288548,-4.441732726851669,0.8064914216401968,0.8546881305632155,0.06278685207315815,0.0006132777425415893,-0.5153306070587207
1750195018810025984,10.031476616301367,-4.463907817952387,0.8024078745489858,0.8544957032988895,0.05839693354716824,0.0014714765400344054,-0.5161634682470426
1750195018977691136,10.037517475548116,-4.485706052282541,0.7982395530814328,0.8542502447089196,0.05704240270485793,0.0005440987021357022,-0.5167227377085414
1750195019033234688,10.04482467246128,-4.506609444838931,0.7959967728578414,0.8539606716827869,0.060168511562406976,-0.003030278938826586,-0.5168382134140248
1750195019198682112,10.051411276555346,-4.527412868269712,0.7956537961138901,0.8536623484548941,0.0629189096183879,-0.006368171354396605,-0.5169731637488635
1750195019253313792,10.05645787487099,-4.548663787966864,0.7963914597710948,0.8533601796772807,0.06238683516399253,-0.00778501373052793,-0.5175168404028949
1750195019416260864,10.06076867372714,-4.570360554076771,0.7968103632894095,0.8531149601132967,0.060022657594577526,-0.008049091442907046,-0.5181962538779259
1750195019469218048,10.06475783737147,-4.592639483950591,0.7955921471821128,0.8529129282089233,0.056243843854179215,-0.007551600320589068,-0.5189596711259793
1750195019634366720,10.068638179464253,-4.615354516609438,0.7928821625072171,0.8527628338808119,0.05133476072711911,-0.006544168669985911,-0.519728261064448
1750195019688511488,10.07277169967567,-4.637941235538365,0.7899885066982315,0.8527519992488516,0.046281555454317565,-0.005679452814399511,-0.5202305154616984
1750195019851146240,10.077725534416224,-4.659678369451874,0.7885425447465599,0.8529514872349088,0.04293938042208227,-0.006112089187276996,-0.5201851712597079
1750195019904636672,10.083365218197809,-4.680123230203699,0.7893599885118201,0.8533188644681956,0.04172732336496847,-0.007800555474779624,-0.5196584429813389
1750195020066678272,10.08909031381349,-4.700316001156551,0.7903452895460692,0.8537695843884292,0.040755424770868055,-0.00955091081158176,-0.5189655790393274
1750195020118622720,10.095033050997262,-4.720335552132002,0.7908650498650496,0.8542221505950952,0.04016226177184799,-0.011388743455355909,-0.5182294922952262
1750195020278260992,10.101124987296146,-4.740624291295371,0.789991061889125,0.8546660238520597,0.039523396473195076,-0.013079579014535164,-0.5175063414267843
1750195020331792128,10.107185237270802,-4.761331248351503,0.7872908006096218,0.8550825756949252,0.03814937660681045,-0.014302428315674038,-0.5168886285765234
1750195020494283520,10.113181407584035,-4.782321165966648,0.7834842618802469,0.8554004924691281,0.03607041431799833,-0.014999610237175935,-0.5164919499733116
1750195020548492288,10.119679312802315,-4.802456950801874,0.7809505013081517,0.8555566485813406,0.035778753052839604,-0.01636636130174254,-0.516212014695502
1750195020711286528,10.126443422203137,-4.821203291850466,0.7813981229805758,0.8555228305590976,0.03772020245227887,-0.018499622900520648,-0.5160577842370435
1750195020763546368,10.132620315089326,-4.839525635655418,0.7835747004508851,0.8553551573916686,0.039459255426485325,-0.020254730420502864,-0.5161397754293444
1750195020920479744,10.138469461834253,-4.85801024328646,0.7854965882522835,0.8551372711245883,0.040676979258345444,-0.021608822631175566,-0.5163513238837516
1750195020973024256,10.14408306265403,-4.8766108354914435,0.7868704778220237,0.8548636785892639,0.04144474844764865,-0.02265307132802177,-0.5166984248227877
1750195021129914880,10.149236975688416,-4.895888019817068,0.7867409887830812,0.854544717714048,0.040551169926542376,-0.022768232168368954,-0.5172915383500233
1750195021182375168,10.154240977668016,-4.915686893242729,0.7850808054798408,0.8542441304581645,0.03866962483673123,-0.02236553906488638,-0.5179492333763008
1750195021341471744,10.159285502784243,-4.93598397131129,0.7814216050179152,0.8539205923578184,0.03627151635353261,-0.02164666912103181,-0.5186862450120039
1750195021396235776,10.164757532638573,-4.956068324262925,0.7773259541772295,0.8535934865937629,0.03503389624788838,-0.021447112512113838,-0.519317636060329
1750195021555681792,10.171000283495674,-4.974561874574751,0.7759694915026092,0.8534609070523596,0.03771105499368589,-0.023079528608245563,-0.5192780486635729
1750195021609662976,10.17626512947521,-4.992450613012493,0.7775239890888654,0.8532851390979884,0.03957800428570535,-0.023939235581541905,-0.5193890314312177
1750195021771939328,10.18112332046984,-5.010073944979315,0.7795631391759934,0.8530989375657522,0.04076360325362876,-0.024084956507816786,-0.5195964263194871
1750195021824270848,10.185519540058962,-5.027819059817308,0.7811525834162207,0.8528062210279894,0.04064158532020685,-0.023154176724501808,-0.52012853701641
1750195021983018240,10.18981915849526,-5.045832463800413,0.7814336408454872,0.8523645674558377,0.039903019591801314,-0.021566771110414395,-0.5209772236452856
1750195022034859776,10.19419749162532,-5.063886844041937,0.7805033946074094,0.8516778418434979,0.039095228534802635,-0.019453099923760556,-0.5222432323371644
1750195022197272064,10.198602780069944,-5.082021983958838,0.7783414574678069,0.8506618067701713,0.038050846555262724,-0.016678558280781894,-0.5240691264257131
1750195022251453440,10.203340404309156,-5.099734954265463,0.7760774967563355,0.8492349942275249,0.03765202573044151,-0.0137461303278065,-0.526491494175149
1750195022412169472,10.208837417036058,-5.116508306681009,0.7752371738029082,0.8475203436743253,0.03946549222144555,-0.011749127982958149,-0.5291632073127464
1750195022464883712,10.21510293595763,-5.132606058213756,0.7752027043589806,0.8459030220040177,0.04382775218626044,-0.011286040906232551,-0.5314130510096954
1750195022630837760,10.220519673787159,-5.1486367751804885,0.7754785416417054,0.8440464446441784,0.047037224521156266,-0.009672496847305315,-0.5341156631270114
1750195022682579456,10.225954539187773,-5.164467600874441,0.7758045195153196,0.8420180948423981,0.05066495850476515,-0.008096713655804178,-0.5370037552621625
1750195022847960064,10.231400489823109,-5.180373438820765,0.7755868131198471,0.8400193049348122,0.05432758166170644,-0.006533814983410517,-0.5397901355799196
1750195022907497728,10.236676763362864,-5.196707726047675,0.7747639651500391,0.8380514670764925,0.05716836308228732,-0.00458768640222387,-0.5425684011504036
1750195023070545664,10.24153565687692,-5.212936101065653,0.7752949079480929,0.8359913192261788,0.05871833548204718,-0.002031919785696025,-0.5455882536846587
1750195023120644096,10.246456094689089,-5.229328889323545,0.7758445090362054,0.834083830345906,0.05945535623805166,0.0006683176648310829,-0.5484239034921864
1750195023284366848,10.251902332002345,-5.245806394194713,0.7761610699631203,0.8324776917520055,0.06072461117403356,0.002438489854251687,-0.550715414801734
1750195023333133056,10.257123278645906,-5.262492043131047,0.7767603260867224,0.8311505853618539,0.06079317012912756,0.004338542800035634,-0.5526970887969925
1750195023498451200,10.262174636552603,-5.279377000835131,0.7775698180023514,0.8300305848694006,0.05962158682411528,0.006380343627366805,-0.554485153796864
1750195023547520000,10.26744983158359,-5.296502498118827,0.7775913074510221,0.829156064918281,0.058418440663185404,0.007978690180722838,-0.5558991332091759
1750195023716428288,10.272526356994463,-5.3139894366923235,0.7774920191487382,0.8285109006743018,0.05597910310463656,0.009738406108691028,-0.5570827505190945
1750195023765320704,10.277918870414783,-5.331528453068244,0.7771027554295955,0.8280636818924734,0.05382919253077683,0.010802268140547662,-0.55793930473232
1750195023933356544,10.283706180931425,-5.349109818562155,0.7764985453327977,0.8277727278802399,0.05259758495848479,0.010695876350657678,-0.5584902893187421
1750195023982350848,10.28950129718441,-5.367001006789596,0.7755181901270602,0.8275638421169328,0.05127223672370095,0.010097816358799448,-0.5589340560985644
1750195024146952960,10.29531856731338,-5.3852444443645435,0.7735992439291559,0.8273601570300498,0.04983859069837056,0.009174147347170866,-0.559381015459824
1750195024197631744,10.301535810234027,-5.403809969555898,0.770831773756794,0.827194829050167,0.049263358995637406,0.0071417507904351285,-0.5597060225232341
1750195024367716352,10.308464536298878,-5.422573717432335,0.7672575142145415,0.8272422125126465,0.05043970502784552,0.003202975149754123,-0.5595675999770494
1750195024420664320,10.31581932661871,-5.441396412769076,0.7640604766537482,0.8274499756272127,0.053705679455023136,-0.002283135682749578,-0.5589606650921455
1750195024593810688,10.321810437382371,-5.4606677783065205,0.7629487740456806,0.8277626007706521,0.05464548684030663,-0.0058231951278999135,-0.5583807284746621
1750195024646968576,10.326774690896816,-5.48028070960581,0.7630766303098833,0.8281325774173317,0.05320073743425293,-0.007205774863229445,-0.5579553678971099
1750195024813858560,10.331521975852326,-5.499929688623776,0.7631407333919427,0.828512203451822,0.0513999315832606,-0.007719025677278921,-0.5575535780597561
1750195024864476416,10.336341600269845,-5.519580267157734,0.7629860112871731,0.8290703348915905,0.04989834599077953,-0.008297955381568162,-0.5568515769993075
1750195025028819968,10.34134813957145,-5.539258262347583,0.761912433480509,0.8298441697095248,0.048969858700347924,-0.009039888280176347,-0.5557687354987316
1750195025079829248,10.34663084122101,-5.5588253732179105,0.7602430536621223,0.8306784122513627,0.04914705263876813,-0.01029409822147069,-0.5544835202044186
1750195025246780416,10.352550252618354,-5.57812106883281,0.7579870602968857,0.8316850190230142,0.05162652278006737,-0.012987430051042238,-0.5526898388237268
1750195025298497280,10.358614507941557,-5.597455518439328,0.7551424807751816,0.8326467348583335,0.055183228657339434,-0.01611472271149938,-0.5508126196054691
1750195025464561664,10.363680922238691,-5.616981169560465,0.7532538260352677,0.8332406979602753,0.05727188336161865,-0.017768185144477013,-0.5496491264757525
1750195025516305408,10.367159932596824,-5.6364565304584,0.753188399710623,0.8332903345139944,0.056168753264238196,-0.01652965478027981,-0.5497263501735581
1750195025683147776,10.370304804226642,-5.6556248876778135,0.7537427814517872,0.8327916345008244,0.054100921233807046,-0.014158772183898232,-0.5507546758742436
1750195025733606656,10.37390436822742,-5.674683816188574,0.7531294311976029,0.832050191406166,0.05274472954932653,-0.012026054842198416,-0.5520560175296191
1750195025902202880,10.37772212797374,-5.694005143078317,0.7507055459684078,0.8311158489862942,0.051445126782844366,-0.009757003391474778,-0.5536286168352456
1750195025954416128,10.381624941723578,-5.7129738305269235,0.7483236847249315,0.8296730613978829,0.05031011077456393,-0.007144226483675231,-0.5559320677676957
1750195026132771584,10.38592811613747,-5.731463076312663,0.7462495315408981,0.8278733969927528,0.05032499265080937,-0.00488666935636085,-0.5586315011964306
1750195026183419904,10.390683604242366,-5.749026687472876,0.7456937617506925,0.8258545415603448,0.05256219992039488,-0.0037138116125716566,-0.5614157986082929
1750195026354645760,10.395224865815853,-5.765887057957103,0.74605024554001,0.8236908974201576,0.056041886262597644,-0.0030095352859345497,-0.5642548672263875
1750195026403369984,10.399833953340899,-5.782384883317374,0.7462345640629549,0.8216300755112276,0.06092551120003161,-0.0031483867005930874,-0.5667470236019001
1750195026573867008,10.4041310552218,-5.798828379229468,0.7462085550761386,0.8196815902493928,0.06609200264796006,-0.003516608690160201,-0.5689829270334295
1750195026624323584,10.407549403254414,-5.815084783806967,0.7468030943161921,0.817765410478451,0.07044764086658654,-0.003057947175104759,-0.5712158193541365
1750195026795271680,10.41086037171947,-5.831430194184148,0.7466571588887385,0.8159207238036894,0.07475913220834089,-0.0024489058915747853,-0.5733048469000182
1750195026844460288,10.414204224694384,-5.847935751938277,0.7458967863116297,0.8139922315549646,0.07942840988546691,-0.0020937236727532503,-0.5754158417982748
1750195027017346304,10.41757219733918,-5.864627365957844,0.7447532752221835,0.8121131074703558,0.0843224261578212,-0.001965542967565764,-0.5773717743036487
1750195027067533824,10.42075018816876,-5.881809115056608,0.7436245727711097,0.8102858170422652,0.08857553366952645,-0.0016479768092259412,-0.5793000549868292
1750195027239747072,10.423755639280804,-5.899509904389255,0.743173588307517,0.8088038599496967,0.09196307393930456,-0.0013070579456202986,-0.5808419757228571
1750195027288333312,10.426410961728134,-5.9179097867041826,0.7430504451163391,0.8076688329015794,0.0938650092645294,-0.000537274315905612,-0.5821169364753784
1750195027465520896,10.429559629446498,-5.936844792783531,0.7433938259095374,0.8071395554769175,0.09584176629392029,-0.0010035508569101687,-0.5825281853300003
1750195027513433856,10.43317649096819,-5.956203318498705,0.7433802622397447,0.8072633619970062,0.0982320651590515,-0.0022109953226787595,-0.5819548412476362
1750195027686724096,10.436733523981205,-5.976259884247879,0.741753971709695,0.807702326695541,0.10003727939608516,-0.003330500340260297,-0.5810321866722382
1750195027737184256,10.439517292530503,-5.997304708732879,0.7389234116977654,0.8085270246321306,0.09926430843015213,-0.0031246000840514905,-0.5800180035013675
1750195027917851648,10.441514793762856,-6.0188773666438244,0.7366139377427987,0.8099694092261246,0.09607330211597039,-0.0020215215246834014,-0.5785459274674237
1750195027968282112,10.443740134391318,-6.0397736507685575,0.73625772822139,0.812141322411201,0.09384116694897135,-0.0025454528342648353,-0.5758592089110928
1750195028144416768,10.445908095003645,-6.059793660790954,0.7374657103992335,0.8147841124263395,0.09299216383324417,-0.004823268072950109,-0.5722377510164195
1750195028194461952,10.447239673142603,-6.079703749195401,0.7385963324907494,0.8175289333846334,0.09141312686161647,-0.007053307457120462,-0.5685422888143684
1750195028374030848,10.447350798324921,-6.099700460454007,0.7394884835197839,0.8202826042570311,0.08800607050914412,-0.00833146258581213,-0.5650858053765141
1750195028426390016,10.44648884822496,-6.120109154362748,0.7394306278915761,0.8228991097577814,0.08251046200752117,-0.008788703500861285,-0.5620959326573445
1750195028598747904,10.445295908130158,-6.141091059006726,0.7372745993340102,0.8254199698924912,0.07598006544887555,-0.008773412708937613,-0.559313802964402
1750195028647931648,10.444718967321473,-6.162088326328187,0.7337177039884932,0.8280706991795298,0.0705076866805112,-0.009846462678153797,-0.5560850928158523
1750195028819745536,10.445648012475834,-6.182568328105164,0.7295216323494507,0.8310635852466882,0.06854110985210428,-0.013767389640421214,-0.5517661574613391
1750195028869275392,10.447302052002158,-6.20257312825818,0.7256074046928696,0.834256582474406,0.06914316742448932,-0.02002998122834602,-0.546657092562262
1750195029044355328,10.447474224955116,-6.222857540004932,0.7226284785119317,0.8372317675958245,0.06716693693845231,-0.025357184311001726,-0.5421149168898558
1750195029093036288,10.446315748879965,-6.2432113217358705,0.7217475116901202,0.8402087974054483,0.0622989389290465,-0.029885657266115633,-0.5378427897263078
1750195029262136064,10.44467132225574,-6.263827695744684,0.7208655666282975,0.8432443637242737,0.05583505383558345,-0.03405389699599979,-0.5335369920725346
1750195029311385344,10.44358379996745,-6.284378028754093,0.7189849961704824,0.8464935047977149,0.04991155508370458,-0.039045978967049824,-0.5286142208935662
1750195029477786112,10.443107403306932,-6.304829811079237,0.7159742296969083,0.8499024403547347,0.04473533811056072,-0.044928839856003,-0.5231118338867836
1750195029528701184,10.44378410990866,-6.3247650007179335,0.7122295243325185,0.8534393500924184,0.04188993199151201,-0.052537168572995674,-0.5168426793811725
1750195029689633536,10.44549810484185,-6.343791692484415,0.7088534019653543,0.8566532432941372,0.04183382269500416,-0.06176113647440271,-0.5104710707314849
1750195029742679040,10.44763722739809,-6.3614629386095505,0.7084042239636021,0.8590557759587087,0.0441484789248442,-0.07180462770404475,-0.5048942275773083
1750195029903960832,10.44884845644291,-6.378898395961135,0.710189798225668,0.860870865616375,0.044552660855837596,-0.08008882367917113,-0.5005019415199747
1750195029958332928,10.449093140504605,-6.396830011754803,0.7127040179372117,0.8623064578281562,0.04198365555323199,-0.08581233641712335,-0.4972938652073642
1750195030117510400,10.449954646158995,-6.414555421463433,0.7151941060566682,0.8631905118944951,0.040828473695745826,-0.09144289212500346,-0.49484681810718945
1750195030171366144,10.450836774401024,-6.432336177534059,0.7174842396524306,0.8636329958376024,0.03948459899121476,-0.09612044653116109,-0.49329491655775337
1750195030322904064,10.451885814758995,-6.450302229288205,0.7185554671980974,0.8636519666901534,0.038099464176870684,-0.1001082505598202,-0.49257694772646166
1750195030376733184,10.453218449365671,-6.468306075577141,0.7185855766066913,0.8632237811103491,0.03692505467431999,-0.1035597477722623,-0.4927033820709938
1750195030527816448,10.45447954026406,-6.486501018442877,0.7176644179151288,0.8622847846631227,0.034785843115242236,-0.10575008526785139,-0.4940362483898076
1750195030582570240,10.455743355798186,-6.504737314306455,0.7160451621825854,0.8607483555822427,0.032028069726337205,-0.10677811186859684,-0.49667384261489667
1750195030732768512,10.457494478765128,-6.522130879738545,0.7151659439776141,0.8583712433430803,0.03049765665332395,-0.10731870012172416,-0.5007508343922089
1750195030787752448,10.45962402728884,-6.538568742561622,0.7152327511905905,0.8553308892280711,0.030405323043331812,-0.1074556350400073,-0.5059030270329447
1750195030937227264,10.461968889604364,-6.554383137593903,0.7156887476997156,0.8519186862095103,0.03150849776433152,-0.10728549998989038,-0.5115970955230456
1750195030990611712,10.464227394392244,-6.569794659510075,0.7165600103029814,0.8482806681294812,0.03278385460003277,-0.10630575290192083,-0.5177298657169783
1750195031141083904,10.466588049062452,-6.58521328265663,0.7166521745966228,0.8445044309616441,0.03411893592418504,-0.10480755273577377,-0.5240835250101734
1750195031191684352,10.469079360175515,-6.60054214230673,0.7163698158268863,0.8406670356864049,0.03543173614882869,-0.10276883926764577,-0.530530011271081
1750195031343676160,10.47149996076681,-6.615571052681961,0.7171315470608102,0.8369584710802163,0.036418823609781714,-0.09993076093848736,-0.5368314726170599
1750195031395114752,10.473842032539702,-6.6307248172548405,0.7173283274782105,0.8333715193350574,0.036773495232884305,-0.09632258641608188,-0.5430115838135052
1750195031547665152,10.476141863456245,-6.646159220963314,0.7163590275021501,0.8298402902839115,0.03607452266650052,-0.09170874811321672,-0.549229666856593
1750195031601874176,10.478673828396659,-6.661555519170466,0.714898863926777,0.8262066073073189,0.03553411676981177,-0.08678561934325234,-0.5555071780475273
1750195031766055680,10.481949649369707,-6.676405095960751,0.714455860711769,0.8229125821658786,0.03634369612941343,-0.08274427965970098,-0.560934400842323
1750195031819960320,10.486282989346524,-6.690238090976682,0.7157907857474832,0.8204736995584342,0.03973491422820725,-0.08076012027658427,-0.5645545570598866
1750195031977929472,10.490374087621156,-6.7038331513452265,0.7183046270808031,0.8186533760513068,0.04248191157333642,-0.07876853196756685,-0.5672719413478401
1750195032031015680,10.494088487687515,-6.717827578968151,0.7211403516857438,0.8174083623046822,0.04294401047994741,-0.07613763250015529,-0.5693877783334892
1750195032192350464,10.497699589829312,-6.732441405004631,0.7235078826127457,0.8164949850956085,0.04169832441372936,-0.07321380404668153,-0.5711715398650598
1750195032247123200,10.501272233539332,-6.747730093172542,0.7256415371007678,0.8156218575255035,0.039089960231268296,-0.06979735029661298,-0.5730281759454213
1750195032405049344,10.504866810086519,-6.76355308139797,0.7268448763758966,0.8147020862144793,0.03548663562364601,-0.06618148992433494,-0.5749967128612865
1750195032458742784,10.508891319422741,-6.779709685178043,0.7272366242338792,0.813717824341756,0.0318708394575542,-0.06301677868846012,-0.57695445014708
1750195032619741440,10.513414336596544,-6.7956848187864045,0.7278000285006812,0.8124005060675649,0.028831279716057555,-0.06053327117760339,-0.5792321625493855
1750195032672460032,10.518654552326954,-6.811314094845599,0.7291742145609237,0.810706540762374,0.027421417604673398,-0.05947872420053247,-0.5817776654265202
1750195032833756416,10.524225874949455,-6.826652640842168,0.7312111219361683,0.8086523177980764,0.026782230531384343,-0.0593585209356298,-0.5846714522190192
1750195032886650624,10.529886560484378,-6.841824200605834,0.7330106172891702,0.8062153650586837,0.026374345815966843,-0.05967926954960457,-0.5880132343851615
1750195033044185600,10.535616771245698,-6.8569056001061215,0.7342210988670574,0.8034711073425351,0.02635569169402649,-0.060482346379421265,-0.5916768061683079
1750195033095235840,10.541477803400365,-6.871823745812298,0.7351459544187295,0.8004530378759075,0.027040168244659234,-0.06205599122682552,-0.595560926698006
1750195033256520960,10.546834271085045,-6.88643266915219,0.7359207482454861,0.7969378139980527,0.026562851298410142,-0.06319496298803401,-0.6001590890787578
1750195033307698688,10.55216249563566,-6.900434480765012,0.7378316047926008,0.7930176060276817,0.02631566678901933,-0.0649030890702196,-0.6051596080710584
1750195033470145792,10.557349520914716,-6.914279954286485,0.740031239052628,0.7889848821277801,0.02626503409866915,-0.06701216959145499,-0.6101822456317905
1750195033524143360,10.562116912081038,-6.928012139705119,0.7424388337210623,0.7848654549822545,0.026125059868403164,-0.06915284795165447,-0.6152410766866483
1750195033680938496,10.566166721287342,-6.941831511276581,0.7441928862366898,0.780640345390717,0.02501789284848328,-0.0705167001954244,-0.6204854157667467
1750195033734995968,10.569589915813669,-6.955530215439723,0.7459528673057871,0.7762696942571816,0.02337688502430009,-0.07121862620732648,-0.6259287421947994
1750195033894386688,10.572951281149617,-6.969168880165971,0.7477152778137031,0.7718616834305004,0.02290938824138341,-0.07244670888428778,-0.6312338520343114
1750195033946615552,10.575803145437604,-6.9827981247635735,0.7490681638009296,0.767304752810578,0.02251066896508559,-0.07316331789630698,-0.6366975852093725
1750195034101552384,10.578020369282445,-6.996304204617479,0.7509714393303661,0.7626503420708236,0.02271588998088242,-0.07363292594659646,-0.6422045128291882
1750195034154209536,10.579833752719528,-7.009735697601952,0.7530140833100227,0.7578290940570923,0.023526943841264546,-0.07404973406182867,-0.6478102993928617
1750195034309648384,10.581752283389623,-7.023455743720334,0.7543865226359254,0.7529461472456512,0.02577905703468465,-0.07517215393811802,-0.6532661684479278
1750195034363229184,10.582508980028752,-7.037516595019294,0.7549695267543317,0.7479841894589034,0.02666869964739093,-0.07462599682527457,-0.6589684312442126
1750195034517526528,10.582496183435566,-7.0519693643741785,0.7559110234820179,0.7429538755215782,0.02764988757167988,-0.07366129303450393,-0.6647022163895842
1750195034569885440,10.582037672299364,-7.066680612533125,0.7563750496326924,0.7377773843718831,0.028485002336881327,-0.07211238429019097,-0.6705765726471766
1750195034729175040,10.581037780511886,-7.081411361983232,0.7557477813839348,0.7323456783992971,0.028173022341117113,-0.0691220184953176,-0.6768295462678717
1750195034784542208,10.580084005741323,-7.096085981151008,0.7548205659362539,0.7268051074735504,0.027403611604167984,-0.06556202365904562,-0.6831581067916411
1750195034942569984,10.580681434748303,-7.110636705475701,0.7554087588388096,0.721286619959564,0.02866333082256411,-0.06427555671383109,-0.6890520141053147
1750195034997505792,10.581837912046527,-7.125060518919023,0.7572205391929065,0.7155412336221081,0.030547504059170328,-0.0640586775207252,-0.6949561704284684
1750195035154617856,10.583328974607987,-7.13952520279857,0.7590691082701362,0.7097212045762936,0.032071942240230106,-0.06421899115084125,-0.7008160411058542
1750195035208432640,10.584814759537329,-7.1540295769978774,0.7605098572350375,0.7038276297743699,0.032899500872796285,-0.06426183296500151,-0.7066927955147778
1750195035366772480,10.586084735027107,-7.168573221996441,0.7617860516100641,0.6977590107869497,0.03265557264527654,-0.06390433858060336,-0.7127287085219748
1750195035419767552,10.587949818367523,-7.183303694518658,0.7629373960211998,0.6916057570095727,0.032585449138183266,-0.06458308171080199,-0.7186436466931398
1750195035576392960,10.589590273773702,-7.198174798372777,0.7631010890822671,0.6852181464548308,0.031728794880414656,-0.06480266003841834,-0.7247551245740783
1750195035629180416,10.59096080220709,-7.212723826415383,0.7638378413878173,0.6786550521240177,0.030460227637975627,-0.06496965513369832,-0.7309435263210132
1750195035782804224,10.59300599853502,-7.227266201038727,0.7655384157751053,0.6724173919407963,0.031014778117295503,-0.06753699370892723,-0.7364317273411246
1750195035835106048,10.594387953386018,-7.24170002612534,0.766552979008785,0.666090695777767,0.03100893286427747,-0.06948012098651019,-0.7419798810403208
1750195035988986112,10.594374132479881,-7.25576831356104,0.7675434051354024,0.6600389474392145,0.029862690233044376,-0.06979142411959875,-0.7473860881196126
1750195036040345856,10.593750626439693,-7.269913339229291,0.7687440563668111,0.6545746934864703,0.02924003015516906,-0.07044789535711249,-0.7521396714197248
1750195036195374848,10.593104600700986,-7.2844654028082925,0.7685943336497072,0.6493620508790465,0.029092436780350228,-0.07159169378170172,-0.756542917739507
1750195036246592512,10.591091151464788,-7.298721824882987,0.7689128938322032,0.6443029411056308,0.027883537287618693,-0.07088736877789197,-0.7609672853537862
1750195036398498560,10.58817614459095,-7.312981560344749,0.7705622567720356,0.6393502090000424,0.02731014860685891,-0.07019373445022833,-0.7652178158397804
1750195036450370560,10.585555265631921,-7.3277790254143005,0.7721947143977812,0.6343851115385547,0.029039566973911645,-0.07169227503295654,-0.7691374724383034
1750195036602686208,10.582220651209918,-7.3426319636013595,0.7725764787941953,0.6293524060815894,0.030026020790684477,-0.07180068930546593,-0.7732131970226913
1750195036654742784,10.577940577583712,-7.357153742907393,0.7725435580104132,0.6240766466605651,0.029424069340568456,-0.0695526680231533,-0.7777049502267596
1750195036805751808,10.573845560554382,-7.371779939318076,0.7719321739272549,0.6185385689641514,0.028937720907421347,-0.06722468294954652,-0.7823384747120626
1750195036858594048,10.570465466694113,-7.386868687806238,0.7707096887654528,0.6128920193556666,0.030185270486405177,-0.06668574772247088,-0.786768856212859
1750195037010479360,10.566874045836645,-7.401863527267906,0.7697348998527178,0.6071545046631341,0.03176829710669435,-0.06616811211853042,-0.791186427907402
1750195037061613824,10.562465596398635,-7.416276307047728,0.7701448459075793,0.6013910249202818,0.03273444371718762,-0.06447448623329137,-0.7956760219868463
1750195037214923520,10.558351380724156,-7.430906254044153,0.7716013179546377,0.5958153111695412,0.034745811058498756,-0.06423935679044974,-0.7997938163232939
1750195037266582272,10.554561658572784,-7.445652071038541,0.7734497336268897,0.5903644695715936,0.03750847407315582,-0.06508307970917385,-0.803633685316714
1750195037416276480,10.55043282281435,-7.460226703481704,0.7750754760091607,0.5849087791491623,0.039807878825079024,-0.06540128853563594,-0.807477383160397
1750195037468082176,10.546102728685385,-7.474893688286871,0.7755618178558681,0.5793914557484245,0.04096349473130666,-0.06462574855324753,-0.8114499650188247
1750195037617471232,10.542150397772142,-7.489856424277042,0.774810941078663,0.5738122388492057,0.04156584570438959,-0.06367265721639809,-0.8154493164757353
1750195037669884928,10.538667896124,-7.50473573924345,0.7737816056117195,0.5679527975112364,0.042039993194378025,-0.06296511824949012,-0.8195716275318494
1750195037826235904,10.535177102039508,-7.519143814258918,0.7745536713606622,0.5619269646638582,0.042852979085753404,-0.06292050618667229,-0.8236763432734678
1750195037879025664,10.531593383681649,-7.533469601552794,0.7766200176516103,0.5558509872834135,0.04430609117248527,-0.06387039566510981,-0.827639548824639
1750195038032569088,10.52753471946128,-7.547623481371291,0.7782876633063704,0.5496044069394738,0.04578449023556585,-0.06450586274687337,-0.8316716719943394
1750195038085551360,10.523423167031531,-7.562142960402493,0.7790752477483385,0.5434246248626078,0.04783105408035713,-0.06596684198575832,-0.835494011418946
1750195038235936256,10.51903973799633,-7.576528553230627,0.7788715272937767,0.5370615517088074,0.04933934597154031,-0.06654001987003806,-0.8394658684967027
1750195038287334912,10.514073625195577,-7.590224139816772,0.7786375038384508,0.5303411240514939,0.05007903349479746,-0.06544263857870888,-0.8437698996763758
1750195038437302528,10.508756698760418,-7.603760151756793,0.7775166366666326,0.5234207986568289,0.05067790933645732,-0.0635862999471025,-0.8481858283995143
1750195038490586368,10.503188323004178,-7.617311862171494,0.7757924939814549,0.5163461766947379,0.05141051689451515,-0.06159652476647534,-0.8526133078377665
1750195038644518144,10.497772041774923,-7.630981236320201,0.7746565639579996,0.5091032972953097,0.05259947808902722,-0.060342262406061616,-0.8569748765019446
1750195038699034624,10.49254749262696,-7.644916954123017,0.7742671237420375,0.5018355030128108,0.05405374084969596,-0.05989670864081242,-0.8611920258049481
1750195038853691392,10.487179318759706,-7.659034804312559,0.7744042415621313,-0.4944896076728099,-0.05480951806477061,0.05885658877135297,0.8654547051066842
1750195038905251840,10.481567166080776,-7.673236360109463,0.7742796696477945,-0.4871491630236499,-0.05471517236135164,0.05674146069254129,0.8697541891346666
1750195039062626304,10.476024675833035,-7.687764442383797,0.7741008377859124,-0.4799690194272903,-0.054121355326870756,0.0544403153780707,0.8739204033257971
1750195039114743552,10.470625077860747,-7.702535376539085,0.7735836664011968,-0.4726923942329756,-0.05301561788170574,0.051917221575727965,0.8780978571883516
1750195039271674624,10.465628773667648,-7.717561820925791,0.7731095634195806,-0.46533827140477424,-0.0520604050539757,0.05032072953666169,0.8821665554590757
1750195039325907200,10.460912133677704,-7.732584847975573,0.7731030820955449,-0.45782708232493496,-0.05137667872335311,0.04986796911493201,0.8861534772428232
1750195039480775936,10.456206845844951,-7.747387975145507,0.7734646152849494,-0.45039358639065574,-0.050970521048327465,0.05032500881021965,0.8899522553544522
1750195039534990848,10.451161225373589,-7.761733686107802,0.7740739229136024,-0.4432023673706492,-0.050629481974779136,0.05097230811161233,0.8935379907523755
1750195039687833088,10.445722822952519,-7.775532513004339,0.774966444250762,-0.4360941426118879,-0.050190003602994866,0.051583215568480105,0.897018413517554
1750195039741270784,10.440065697746936,-7.7891832327864385,0.7751468425916026,-0.42931745760916973,-0.04992495682290304,0.05238798398152268,0.900249697813102
1750195039893762304,10.43384847637486,-7.802116625461604,0.7754632677265194,-0.4229239992223666,-0.049595286014339386,0.052695013596215284,0.9032711852090767
1750195039946766848,10.427245595077219,-7.814576329661938,0.7758248744088321,-0.4169665037056948,-0.049603598835147526,0.05316176982169489,0.9060089646352709
1750195040110640640,10.420211331729341,-7.826657256941161,0.7764869090004844,-0.41122168692512806,-0.04977219016648875,0.053597366146840936,0.9085960464533204
1750195040163997952,10.412889920331908,-7.838502860394032,0.7773197734620516,-0.40553518063675814,-0.050216302589749025,0.05434362752928999,0.911079749729454
1750195040316738816,10.40520955711346,-7.8501838844184135,0.7776150719916162,-0.39996585792321643,-0.05067125427134719,0.05482658142282428,0.9134844182884568
1750195040368957952,10.39716438886589,-7.86159162247465,0.7782181268138455,-0.39441946887628915,-0.051158301672447566,0.05511822878666571,0.9158482907101797
1750195040516548352,10.388903605899447,-7.872725776508199,0.777910197258028,-0.3886314651744609,-0.050990010986284154,0.05390363152842453,0.9184007848232808
1750195040569255424,10.3806164737802,-7.8836492569272405,0.7762872089432635,-0.38247467874621405,-0.04984928290914341,0.05054154336257145,0.9212348894315466
1750195040720159232,10.372832357713301,-7.8950593007822025,0.7753081231551224,-0.37606173760395195,-0.04962792268741157,0.048994848772057675,0.9239665273124518
1750195040773036032,10.36505859683246,-7.9067335620994585,0.7749177487990724,-0.36942837126712896,-0.05021979072883174,0.04896955559276562,0.9266081338662614
1750195040922324736,10.357043950247297,-7.918155886330087,0.7753585522872868,-0.3623542790991565,-0.050963249069639775,0.048939883665704585,0.9293583869797398
1750195040974845952,10.348832739976782,-7.929529758765398,0.7752037564474201,-0.3550352748600885,-0.05155479472838462,0.048388193015137,0.9321752193242777
1750195041127096320,10.340116473598837,-7.940625242988347,0.774721790573266,-0.34776809207845405,-0.05173622237062872,0.046731092679422,0.9349849851221761
1750195041178012160,10.331178596683852,-7.951552985858862,0.7738865130661932,-0.34030771774043167,-0.05162673162595126,0.044169145118731615,0.937856292001819
1750195041328623872,10.322312816109815,-7.962829084587508,0.771793362846243,-0.3328165476719536,-0.05167950998562125,0.04182829518872645,0.9406448679310236
1750195041379634688,10.313120441430316,-7.973827269985075,0.7701134902595572,-0.3253818468207217,-0.05163333260562736,0.03892287206642347,0.9433693140831292
1750195041530584320,10.303787292889695,-7.984579105627988,0.7686169044797069,-0.3179253877151453,-0.05160297912913561,0.0355882305900792,0.9460412560954411
1750195041581387008,10.294563243182367,-7.9956368244005205,0.7667941387843649,-0.31042904781449493,-0.051759622796417895,0.03271618490046244,0.9486223689996548
1750195041732991488,10.285480922972571,-8.006926405339087,0.766211226847092,-0.3027914838273719,-0.05213321291573333,0.030805394272202833,0.9511311545294031
1750195041784656384,10.276725958267967,-8.018605404303939,0.7655091405996828,-0.2947321740810682,-0.05280879091154357,0.029905017172979248,0.9536508098417321
1750195041937912320,10.26789641821978,-8.030399820617617,0.7645303943511323,-0.28637833854273126,-0.05333416322758354,0.02913206440017786,0.9561873441277615
1750195041990699264,10.259094508273403,-8.04216554920955,0.7634731806337007,-0.27741047456044315,-0.053479002904129,0.027829022251709908,0.9588581596738087
1750195042143251712,10.25060503613229,-8.054385765119179,0.7623357655015619,-0.2682156366037531,-0.05398440190314248,0.02788879485108736,0.9614407271143435
1750195042194029312,10.242050706594679,-8.066627215261164,0.7612682873624661,-0.25915649395142,-0.054558855662758865,0.02839174946500685,0.9638750704701797
1750195042349913856,10.233275717129636,-8.078162725711039,0.7611754484448183,-0.25032566203005824,-0.05517064122014036,0.02861593190611796,0.9661647849708226
1750195042398141440,10.224298023763149,-8.08935996530305,0.7609457255317418,-0.24176863966995193,-0.055776046168894394,0.028429642790263814,0.9683123013556755
1750195042553120768,10.215051597969428,-8.100115701905484,0.7603736563391812,-0.2334675510186934,-0.05611563187862671,0.027083352119091464,0.9703661321986612
1750195042602060544,10.205670307661075,-8.110691106641578,0.7595209291751064,-0.22518954400803326,-0.05641953628062539,0.025262580223327096,0.9723519461778194
1750195042759831552,10.196142158073531,-8.121369745056102,0.7577761879994847,-0.21698937666163068,-0.05669703733084835,0.023349487667030225,0.9742463024305447
1750195042810345472,10.186368627656869,-8.13174290205391,0.7561136214767754,-0.2089510778892105,-0.05694568445548801,0.021030069061292907,0.976040148900705
1750195042969735936,10.176439939344819,-8.14208787017854,0.7550367433555052,-0.2007941871047843,-0.05740879119709947,0.019350229478538088,0.9777584025398833
1750195043020608512,10.166424228469491,-8.152538265928335,0.7545356002953914,-0.19226501759901662,-0.058116907793784874,0.018584739744433688,0.9794443299569253
1750195043182973184,10.15632935376318,-8.163301339183363,0.753217406177574,-0.18354367711531983,-0.058950447441751506,0.01852750853928975,0.9810674262071547
1750195043232588288,10.146038183133781,-8.173642693846125,0.7512744134122462,-0.17455447256578294,-0.059470594156560336,0.01727729012454745,0.9826980613514505
1750195043390764800,10.135711056911461,-8.183493321979519,0.7493477082652018,-0.16549526859936867,-0.05981302994246007,0.014927114596890603,0.9842819203714637
1750195043441194496,10.125378161253133,-8.193495829749533,0.7469895504428892,-0.15654306355697634,-0.06032691514682912,0.013338473446146611,0.9857367892531912
1750195043597998592,10.115110693878577,-8.203943649746686,0.745129435430516,-0.14765984951444291,-0.06126573174075162,0.013779039089007218,0.987042662217508
1750195043648509184,10.104728108764554,-8.213673647286921,0.7443000437384275,-0.13893138562934987,-0.062318179750459834,0.014009479855988105,0.988239975427964
1750195043811332864,10.09427263286882,-8.223059815589473,0.7437636248447941,-0.13071001858850445,-0.06354609078393322,0.014439710500901157,0.9892766449013759
1750195043863245312,10.083691330924621,-8.232291630949735,0.743041948197384,-0.12308683573483266,-0.06502304510354408,0.015340106376187464,0.9901445932845444
1750195044023320576,10.072931656215925,-8.241040527644392,0.7421861628431876,-0.11574816821822499,-0.06650093403815416,0.015397214537748569,0.9909303270718164
1750195044072499968,10.062030280272445,-8.249574715031441,0.7417167735602797,-0.1087670952833268,-0.06829885510199624,0.016086190136132845,0.9915877267606171
1750195044236121088,10.050915059643621,-8.257577219167944,0.7406653242042989,-0.10207288469721978,-0.07012321843215383,0.01594495096140173,0.9921741878244681
1750195044287529216,10.039723263698965,-8.265053246111814,0.7390700027049562,-0.0952304966781255,-0.07184384930713167,0.014262553106886318,0.9927568651981435
1750195044451067904,10.028234667884076,-8.27233492580367,0.7378211133952277,-0.0883758654619104,-0.07364041856767868,0.012839788790353865,0.993278377385139
1750195044502674944,10.0165788939654,-8.279646066242393,0.7368074950066394,-0.08135859354095687,-0.07561871644263586,0.012204692582265114,0.9937372059350389
1750195044667334400,10.00515175259312,-8.286960429920645,0.735869346429574,-0.07414930805640123,-0.07750745113049796,0.011678758570882566,0.9941619997426241
1750195044719698176,9.993686081625476,-8.294570049209288,0.7347448181167673,-0.06746816644150491,-0.0790259947085885,0.012167183940909232,0.9945123922366617
1750195044884654592,9.982132762475578,-8.30224075170245,0.7342284851440275,-0.061204118657037246,-0.0803309926173983,0.013723995319049711,0.9947927620549928
1750195044934911232,9.970491851739519,-8.30960478646938,0.7337307089222715,-0.05477247171169471,-0.08113508969154584,0.015000462022515176,0.9950839460580437
1750195045102616320,9.958940774135442,-8.316398714951161,0.7321617710518162,-0.04759431953363253,-0.0813885724752173,0.014423399183708297,0.9954409307309822
1750195045155804928,9.947358448521442,-8.323078205933625,0.7300322572380087,-0.03863058419389301,-0.08119183236345469,0.012867485140678538,0.9958664529686987
1750195045323025408,9.93553523083009,-8.330368654298894,0.7286679566867327,-0.028157804035915283,-0.08034919688304763,0.012977422818554612,0.9962844629567966
1750195045375372288,9.923730500089402,-8.338000316336338,0.7272347694961923,-0.0174466762116406,-0.07924639755327408,0.013707059613275578,0.9966081168045706
1750195045537598720,9.911893840155344,-8.345295192016522,0.7259596137036062,-0.006757231639432737,-0.07783450754062274,0.013845776610668126,0.9968472419215129
1750195045589377024,9.900037459144032,-8.352421579859765,0.7244037928959912,0.0038057173032392077,-0.0761828495286787,0.013478169526961337,0.9969955009425573
1750195045758066432,9.888154904368822,-8.359551888413979,0.7226983006563903,0.014476641888491421,-0.074262042206112,0.0131176831546847,0.9970473922114551
1750195045810724352,9.876340548288312,-8.36687323676281,0.7210228263549379,0.025422637578811684,-0.07213201077468706,0.01342145550574682,0.9969807054563514
1750195045974347264,9.864486447607431,-8.3738353042497,0.7200009793388404,0.03636080479763814,-0.06987200932975544,0.014388034198124454,0.9967892348227905
1750195046026131456,9.852680096360928,-8.380662998578309,0.7180601453011053,0.04682508508522177,-0.06775221211041381,0.015944618716192616,0.9964751970294605
1750195046192589824,9.841261804912188,-8.386185918296714,0.7155008096667523,0.05688372044135094,-0.06593474876701894,0.014933995342855477,0.9960892666005792
1750195046243553024,9.830091632825829,-8.390348008559814,0.7129562274995531,0.0660965198981653,-0.06456333424041977,0.011097608512118915,0.9956604185235159
1750195046407806976,9.818983001759745,-8.394131544460418,0.7100507527392526,0.07463742488289149,-0.06357943804314786,0.006477558727831807,0.9951607664583124
1750195046459706624,9.807164552427666,-8.398146839094784,0.709992773042444,0.0829715541061006,-0.0630779198540199,0.004517820831283805,0.9945433557824639
1750195046626195712,9.795522113431229,-8.402246757242308,0.7094445349222895,0.09055381401629266,-0.06301033868059568,0.0030281912257912338,0.9938916108129494
1750195046679281408,9.783852594849236,-8.407049796400875,0.7079470661278071,0.09711635986190631,-0.06274040881760762,0.003577748638353621,0.9932870951861063
1750195046844009728,9.772249126607923,-8.411207785504011,0.7065367469218486,0.1021901784024373,-0.06272127900521732,0.0028791209643376984,0.992781405577532
1750195046897220608,9.760581272438142,-8.415105134565776,0.7055456155817472,0.1062827425894253,-0.06273942909598475,0.002012669533403766,0.9923526045845444
1750195047062469376,9.749049705022266,-8.418886745591914,0.704230651083662,0.1092090816607608,-0.06294844145476265,0.0015463413572564175,0.9920224186124205
1750195047115046400,9.737917927837714,-8.42201663103413,0.7016882697905271,0.1109726580722785,-0.06349334090992492,-0.0003055718504251582,0.9917931091948126
1750195047283781376,9.727033410732545,-8.424684768131577,0.6996879161312504,0.11104801296688745,-0.06428748940799396,-0.0010806226423582489,0.9917329730206754
1750195047335647488,9.716099370540718,-8.427493224824527,0.6985380304470525,0.11006574954724928,-0.06507359749513222,0.0010889153661805717,0.9917911937242481
1750195047503117312,9.70519147745662,-8.430188012158961,0.6966381080215203,0.1089522948451051,-0.0658689958152887,0.0037003664443078376,0.9918553221747859
1750195047556903424,9.694359469309855,-8.432191241274793,0.6942233018492256,0.10762601003964258,-0.06674149825508767,0.005924551323647786,0.9919310026736873
1750195047727328256,9.684640549679882,-8.43306973646973,0.6941686549868673,0.10611565772207202,-0.06703370047576053,0.010105680673942215,0.9920402337631544
1750195047784799232,9.676249632253851,-8.433122284713718,0.6948274134277628,0.10536728119800369,-0.0665770360591203,0.01495644332664086,0.9920894814105935
1750195047953891072,9.667913387584015,-8.432104395077646,0.6939670712805683,0.10438786576637782,-0.06613242461765452,0.01605273392608344,0.9922056166079838
1750195048010787840,9.6590537078992,-8.43092800811963,0.6920228011446214,0.10341959865495073,-0.06558935162433516,0.01588270140118797,0.992345788202756
1750195048181108224,9.649572345643715,-8.430054868459745,0.6901528569307929,0.10284904222721304,-0.06491684314711557,0.01665371234333628,0.9924366639004945
1750195048233441280,9.639337486307651,-8.429878417833777,0.6898580393910967,0.1035265219258659,-0.06312427345135178,0.021060331587498062,0.9923981296801183
1750195048397546752,9.629584170302788,-8.42988160628653,0.6894774707393352,0.10485018917052458,-0.060703039967045194,0.025838056242348913,0.9922973211791323
1750195048447451392,9.619638993689325,-8.428709302187787,0.6874887771631206,0.10591385142582381,-0.05859650447933295,0.026464036061599965,0.992294492846898
1750195048611604480,9.60908312094476,-8.428049821750676,0.6863752410190873,0.10663113463331346,-0.055941948474252726,0.028279359244714287,0.9923208036559672
1750195048665947136,9.599582510926625,-8.426306350578665,0.6852632589883663,0.10749715634997761,-0.05378944780170215,0.02742579296607766,0.9923703353899884
1750195048833794816,9.590454658507106,-8.4243989337203,0.6842776921224409,0.10858121778239667,-0.051708846772404955,0.026496600131898067,0.9923881521319216
1750195048890166016,9.58155061540152,-8.421957641965014,0.6834454808148283,0.11023064251428312,-0.049880282967768606,0.024910946687802527,0.9923409734345654
1750195049055199232,9.572882470056319,-8.419727715887557,0.6820382626225183,0.11208699920683354,-0.04837956756643906,0.023168356972794287,0.9922495398265866
1750195049111380736,9.564149760256164,-8.4177750352072,0.6803195164151346,0.1142641717836924,-0.04719029815273759,0.02176209748534645,0.9920903113728514
1750195049275612416,9.555744179484858,-8.41635581975258,0.6784473744419515,0.11589979964049278,-0.046389358587544234,0.02011361688156464,0.9919731378767631
1750195049329095680,9.547238731528587,-8.414883687515541,0.6767684365630315,0.11741324140177527,-0.0462942555962693,0.016710567136117748,0.9918627574358789
1750195049493362176,9.538427397458538,-8.41399068615266,0.6756914738460469,0.11882940296259312,-0.046810357514068056,0.013670794470986803,0.9917164276140084
1750195049547229184,9.529318737196181,-8.413556993815492,0.6750597188010921,0.12002453617428673,-0.04786184349181641,0.01101471970209672,0.9915553593237225
1750195049711965952,9.520014586945635,-8.41352507296375,0.6739776043948735,0.12093055324414682,-0.04928722191183072,0.00873012711392146,0.9913981823308197
1750195049767375104,9.510720479721602,-8.413447093916632,0.6716938886318484,0.12129399200559471,-0.05116731641441443,0.005433189953329372,0.9912820757389014
1750195049933833728,9.501041222272736,-8.413585369386364,0.6688328782586477,0.12112270659104828,-0.05354281134618108,0.0019194330511077976,0.9911905836305995
1750195049984938496,9.491882783135535,-8.414413746264895,0.6667618564248001,0.12070608501134925,-0.055922260206663306,0.0006878089544788992,0.9911116328514429
1750195050150912256,9.481607604696414,-8.415811815838808,0.6650719591686878,0.11992007254168878,-0.0587702088251682,0.0010003918423616529,0.9910419960689878
1750195050202479360,9.471274494133642,-8.417294460746902,0.6629327241700151,0.11871475601180898,-0.06184628773070372,0.001514620434949524,0.9909992680743643
1750195050368167168,9.460690640106098,-8.419221237407292,0.660548718347501,0.11754663614367046,-0.06483887512910334,0.0035982176393928355,0.9909418557277313
1750195050421348864,9.449935723439323,-8.421295182859982,0.6580111226290977,0.11675346531864461,-0.06772112985240329,0.006527212169824054,0.9908278722406288
1750195050591183360,9.439169901627405,-8.422218842490294,0.6563389813846063,0.11626819810722663,-0.07069755764521167,0.007652784042812962,0.9906689640582743
1750195050644301312,9.428235063441354,-8.42282801518963,0.6550038065360497,0.1167266228619402,-0.07318766098274625,0.009360100895865435,0.9904195324741633
1750195050818970368,9.417352565865103,-8.423117183546697,0.6536268519203685,0.11797941162124675,-0.07522004139057907,0.010979171520636316,0.9901021470532343
1750195050873818624,9.406673744483857,-8.422836204066343,0.6521162702069945,0.11960115812803783,-0.07699807158467521,0.011098326561417595,0.9897695121058283
1750195051047018240,9.396181590252203,-8.421915682815182,0.6508027179644698,0.12122053910450488,-0.07838922595412308,0.009720605822136187,0.9894777511273194
1750195051100005632,9.385766171235943,-8.420824966302122,0.6488493125937946,0.12242436184734916,-0.07949552648339091,0.0069370989498968565,0.9892646832640684
1750195051278953472,9.374975442365722,-8.421015996160564,0.6474509248359634,0.12339699129978512,-0.07965361734549249,0.006606488715457724,0.9891333772999427
1750195051330059264,9.36387308389948,-8.422252384778632,0.6473018059322362,0.12439335570328414,-0.07878517941815505,0.008559949823400139,0.9890631505722706
1750195051505500928,9.352977343875331,-8.423195504071302,0.6470549826057344,0.12519125490631858,-0.0776585319329741,0.009245547408453013,0.9890454094560646
1750195051555898112,9.342249479513622,-8.424414318836362,0.6466218330145503,0.12581795287979644,-0.0760703861601622,0.010700509007996973,0.9890746373199298
1750195051728283648,9.331656486813722,-8.425815370328706,0.6461435331450773,0.12659465587186253,-0.07392695277618624,0.013164841168294396,0.9891083286045699
1750195051780483072,9.321386258549438,-8.426802726355776,0.6454236826679387,0.12750520200283244,-0.0715355003085159,0.015164978440540322,0.9891385742587968
1750195051956977152,9.310883366665715,-8.426481804142295,0.6441357276117539,0.12836733275798495,-0.06918753960369081,0.01428280904659231,0.9892072146976724
1750195052015206400,9.30174340838322,-8.425511801274364,0.6431833589736953,0.1290896043378331,-0.06694689641578581,0.012387966496061664,0.9892929421552993
1750195052190360576,9.292593794531962,-8.424193127910792,0.6419737919114987,0.12957400633292354,-0.06453098816239593,0.009886518542619394,0.9894183064815034
1750195052248604416,9.283439654729465,-8.422891836999188,0.6407659996657031,0.1297804639341747,-0.061928486413737265,0.00776417418590993,0.9895764807991068
1750195052423878912,9.27418573228568,-8.421955668383227,0.6398370885033802,0.12981642846265118,-0.058976637559973163,0.006857586312498689,0.9897587709302139
1750195052480239872,9.265002731858653,-8.421258551513283,0.638464568688907,0.12953043206246256,-0.05594988596637668,0.005877031035791573,0.9899782512440692
1750195052654359040,9.256121504610135,-8.421140345753047,0.637766050403231,0.12887732627389267,-0.052813553293859485,0.006097151604507987,0.9902344106842991
1750195052709357568,9.248797716864376,-8.422269542334863,0.6402108793416663,0.1253828203176463,-0.05015517483259398,0.010543429910431102,0.9907837518310585
1750195052879456256,9.242380170022432,-8.422984638912288,0.6408311418760886,0.12069567984662448,-0.04794319245703933,0.012493769420149847,0.9914524239160771
1750195052937630208,9.235571440487554,-8.423428453267555,0.6398445255659824,0.11518767110801238,-0.04611865060381275,0.011362020922288017,0.9922075261616177
1750195053107904256,9.227759699077392,-8.424740769114724,0.6412332207713627,0.1109101942998726,-0.04435957766994431,0.013253754316292384,0.9927514767885425
1750195053159191808,9.218349815490924,-8.426683054203691,0.6435217705285865,0.10690267663109167,-0.04224742187939351,0.01902738034071715,0.9931892729339271
1750195053321827328,9.210036814221427,-8.428889023491385,0.6432347390362376,0.10287144878573364,-0.04039867710485406,0.024187258305549773,0.993579583349297
1750195053371174656,9.201335065031612,-8.430880829470194,0.6443035871905303,0.09760628722352133,-0.039056395119731184,0.030430547552521496,0.9939927527252624
1750195053534841856,9.192254037903204,-8.431886344534147,0.6449975750157062,0.09162886243213521,-0.03832829157743338,0.03365446918598067,0.9944860332543429
1750195053586543872,9.182686720095946,-8.432661644027213,0.645812962937955,0.08708475469358412,-0.03804005163115792,0.036681021537556514,0.9947983225914782
1750195053749959424,9.173052811742261,-8.433370135336592,0.6451593761666983,0.08261835078603426,-0.03802389089875412,0.03926422846848854,0.9950812590924872
1750195053804263680,9.164063833301784,-8.433788189770448,0.6421705866411749,0.07826816150938795,-0.03859464933295642,0.03856699737495708,0.9954381621428257
1750195053969655552,9.155546903895534,-8.434841595167985,0.6385559371545875,0.07421969729843045,-0.03990353014942564,0.03652521969082138,0.9957735953222904
1750195054025228800,9.147452624664533,-8.436309052736087,0.6358335099990882,0.06944781921602737,-0.04187987557432192,0.03421477478365226,0.9961186804866782
1750195054185667072,9.139773328504544,-8.436940064394495,0.6314517246763693,0.06466033372699083,-0.04396909008352909,0.027762052791090744,0.9965515685524584
1750195054237563904,9.130565644652412,-8.439110867164791,0.6271894025975984,0.06345603464551018,-0.04576398247721962,0.022311230874476447,0.9966851050114867
1750195054407296256,9.11983155641124,-8.442067859554864,0.6237969698684145,0.06538298559610713,-0.04711520015037604,0.017660137965101793,0.9965908602011073
1750195054459974912,9.108763306741464,-8.445530834953098,0.6228046542313033,0.06892308261567717,-0.04766431647630498,0.014749585162276898,0.9963735099625742
1750195054627614464,9.096807475366093,-8.450413476156541,0.6226652895018439,0.07396639737773593,-0.04716307126497157,0.015702463928901476,0.9960211089100347
1750195054679968000,9.085085913817032,-8.454680266361187,0.6218003273737791,0.07946974227960459,-0.046793546185795724,0.014154215374955769,0.9956377766459498
1750195054842779904,9.073504053836217,-8.458948179265834,0.6204784703019319,0.08476748107421334,-0.046622245395618656,0.012735736344091442,0.9952279343981345
1750195054896334592,9.062300578074645,-8.462931967922923,0.6186291907356849,0.08935921479795489,-0.04636138344454778,0.010929049307089208,0.9948598437654641
1750195055064941824,9.0512483973945,-8.466782526062127,0.6166736940236461,0.09452804663417513,-0.04557465297667622,0.009026682126474407,0.994437488440259
1750195055117893632,9.03943826963279,-8.471278549307222,0.6157714065114135,0.10178491432509619,-0.043659963715618734,0.010142426667868163,0.9937961410497981
1750195055281761536,9.02784559871128,-8.474925277347765,0.6149966446069608,0.10955991774805422,-0.04183240330751611,0.008994847729286852,0.9930587934109864
1750195055334185728,9.016729264327205,-8.477850568819386,0.6139887126141339,0.11747614523834442,-0.040223257446723996,0.005470511999465445,0.9922456945529053
1750195055499245056,9.005758112644656,-8.480755725545936,0.6143455003316074,0.1260083173164879,-0.038133933544995786,0.0015475818235891258,0.9912947654809605
1750195055550657024,8.994578774812366,-8.484932834242073,0.6142798324614578,0.1351341187530949,-0.0352293873162285,0.0005786756880998059,0.9902006490366462
1750195055712570624,8.983600154930445,-8.489217888453442,0.6133751395609899,0.1443949588416751,-0.032121443348671334,1.7780831975836835e-05,0.9889986392418096
1750195055764583168,8.973398479765049,-8.491888166506442,0.6126046482905338,0.1530316149019194,-0.029667236028866145,-0.003932865206088176,0.987768045908648
1750195055925972736,8.963784627541461,-8.494257629078106,0.6117440625927677,0.16058758658853828,-0.027463439012449256,-0.008305445681225406,0.9866044831254894
1750195055981254400,8.95403783858828,-8.49662417172141,0.6118693813038223,0.1665934903752779,-0.024760065590310958,-0.012096640627149111,0.9856405122569198
1750195056147011584,8.945120275905186,-8.498339868355677,0.6127307801361708,0.1704463984387067,-0.02226036331674637,-0.015430353962648921,0.9849946221481959
1750195056202654720,8.936455818331067,-8.49964839886798,0.6140492097107217,0.1729197453516743,-0.01998598608975221,-0.01852816581540751,0.9845587992085841
1750195056365404928,8.928009280330631,-8.500956242304447,0.615120494113846,0.17459853279335022,-0.017817425433778688,-0.020986868772489047,0.98425476531051
1750195056421394176,8.919573795930168,-8.503048515131834,0.6159053784484523,0.17613408425063867,-0.015114645565047326,-0.02035912146411589,0.9840395510485548
1750195056582841088,8.911358187197576,-8.504919738362345,0.6166453274145209,0.17703456616910676,-0.01236626119834393,-0.019155529266047345,0.9839404980301543
1750195056638168576,8.903358132898251,-8.506078566752427,0.6171280214583268,0.1773814080344007,-0.00991701013135933,-0.018689033285648977,0.9839147366660569
1750195056807532800,8.895398584449964,-8.507138549505271,0.6169484985388891,0.1774176262926827,-0.00749054063928075,-0.01759829106314928,0.9839497842030648
1750195056866175744,8.887481621590926,-8.50784761280115,0.6161335607224316,0.17686289697034072,-0.0053062482618673095,-0.016618030080713077,0.9840808912283983
1750195057025097728,8.879407366235855,-8.508486816099436,0.6151045898088023,0.1760485210683507,-0.002974597560284179,-0.01472209066121237,0.9842668998018597
1750195057081839104,8.871263472765948,-8.509395931289612,0.6138741889113013,0.17488101808667697,-0.0004308491467897551,-0.011166013429748241,0.9845261621846657
1750195057241458688,8.863430822584274,-8.509755902862304,0.613711087071533,0.1735431528267115,0.0019096850872022885,-0.008080659906508874,0.9847912622202268
1750195057302186752,8.855830482176597,-8.50979991522074,0.6144431671489388,0.1727137039502458,0.0036161629383596045,-0.006298114462053106,0.9849452947182463
1750195057460192256,8.848254578412226,-8.510705668443023,0.6149822670195388,0.17248081399431578,0.005163618085892864,-0.002923067730048081,0.9849950058386929
1750195057514451200,8.840840240303775,-8.511248191620767,0.6158395189749011,0.17245769840167896,0.006023496560773038,-0.0005987187673900744,0.9849983255249805
1750195057665632768,8.833559666379873,-8.511899830512778,0.6161371308235024,0.17281206176120628,0.006520165128787295,0.001703128561220413,0.9849317631743015
1750195057725117440,8.826132189572892,-8.512235831612585,0.6156546887063006,0.17305522563002707,0.006298607993395102,0.0022352821852080623,0.9848894455384515
1750195057881109248,8.818906421046087,-8.512787437960432,0.6141134952708929,0.1734896475857592,0.005683307348026944,0.0025333043770190264,0.9848160359006601
1750195057936626176,8.811133152091772,-8.513441688186695,0.6129995681614111,0.1745599602964713,0.004776669500389329,0.004019381337569242,0.9846267558133089
1750195058093586432,8.803271205460312,-8.513934331131178,0.6122038085857882,0.17612834047210835,0.0034994374293823207,0.005767129101814337,0.9843440972760193
1750195058149231104,8.795205277496787,-8.514131301666216,0.6117983063916013,0.17817424137921015,0.0018522414491107073,0.007471584908127659,0.9839688431701065
1750195058304090880,8.787123326980995,-8.514335841290219,0.610565067842411,0.1806738477304271,-2.7067006240083547e-05,0.009038726987641932,0.9835015309739495
1750195058361881856,8.779365879516085,-8.51381729189719,0.6092017204106588,0.18357443668427365,-0.0025466635944143656,0.008469009467303364,0.9829660302264933
1750195058518920448,8.771226700197722,-8.513414830357137,0.6083757865795403,0.18784411242687726,-0.00477870807629702,0.00883895286760607,0.9821474564890367
1750195058576368128,8.76306620560954,-8.513013020200525,0.6074992939881865,0.1934188255825763,-0.0067087465588978835,0.008835196752616832,0.9810535611923581
1750195058738835968,8.754708230917812,-8.51282680109751,0.6071128543727484,0.20012594501446504,-0.008143587611869658,0.00911455171277638,0.9796939384623906
1750195058794837248,8.7462910870526,-8.512889335734865,0.6068666367439222,0.2077022458824377,-0.00909541631300149,0.009190115506250589,0.978106636433097
1750195058950423552,8.738109575909302,-8.513149631129334,0.6069180399552487,0.21541654302119415,-0.00943118694121825,0.009841196484304471,0.9764271178933097
1750195059003241472,8.729261717223668,-8.513489072771321,0.60690496929828,0.22418545664218859,-0.009413100506993077,0.010779732857451802,0.9744414153393219
1750195059162770432,8.72040559339742,-8.513674279168455,0.6066022181715449,0.232783706178157,-0.009204357522293087,0.011026427110020871,0.9724224616110793
1750195059220451584,8.711176699902076,-8.51344504636013,0.6059927094788828,0.24042766028247586,-0.008611544991112587,0.009503935884198202,0.9705823286391883
1750195059387906304,8.703311897060862,-8.512693102876147,0.6054383688897031,0.24576096336099484,-0.008238439805791295,0.006627991953247351,0.9692727927266449
1750195059447228672,8.695601086985334,-8.511482651307155,0.6049867652846546,0.24995605156566164,-0.007883965674836735,0.0033864107610807447,0.9682191629962192
1750195059616929280,8.68810950801409,-8.509961636382124,0.6047106036083627,0.25294481597399304,-0.007576082335636021,0.0004452083474793465,0.9674509418248832
1750195059676759552,8.680514550393596,-8.508947623878719,0.6041650764171203,0.25545139101101233,-0.006873217687117703,-0.0005465891363021168,0.9667973143060961
1750195059841597184,8.672945036476252,-8.50796128372056,0.6036015588646135,0.2573491379764288,-0.006092764208473326,-0.0006988216779616337,0.9662990277628096
1750195059899604992,8.665442191450186,-8.506717432666612,0.6031819148124784,0.25863940848256817,-0.005442337418887589,-0.000912936574285604,0.9659581791620265
1750195060063859200,8.65798220045733,-8.50520300251538,0.6031854752359878,0.2593475638277368,-0.004993126850944332,-0.0010279791439669443,0.9657706006499409
1750195060121307904,8.650535057780047,-8.503625101676967,0.6034873436365014,0.2595701740793231,-0.004695078973182319,-0.0003025445634196087,0.9657127882702252
1750195060282790144,8.642979615241835,-8.50232371966809,0.6032847137282147,0.2593355458972683,-0.004509419930930249,0.0015609203327072356,0.9657754932145293
1750195060346741760,8.635846558675373,-8.501133491001347,0.6032367228668507,0.2586279124100163,-0.004704656921927466,0.0037413982711967707,0.9659583174571562
1750195060517916672,8.628854840593469,-8.49956869574481,0.6033594489516898,0.2574792921828594,-0.005552610050787862,0.004889646652300954,0.9662554910448135
1750195060583094016,8.621884187521392,-8.49834187057526,0.6032768145868115,0.25625506779344204,-0.006643711303946867,0.006447993524074249,0.9665648579944347
1750195060753511936,8.614932044311189,-8.497315297741627,0.6027449523119315,0.2548991599003402,-0.00791965960815345,0.008143408583348027,0.9669009164182422
1750195060819649792,8.608146436126058,-8.495711658130222,0.6019223282282251,0.25316378610827406,-0.00981425229355497,0.008032846397960135,0.9673402975344247
1750195060993594368,8.601136547479378,-8.493791856391196,0.6011029432032622,0.2513944563897163,-0.012170820820676347,0.0068987731890055165,0.96778360460671
1750195061052441088,8.594857590300311,-8.49122622774888,0.6012952873701973,0.2501783530898279,-0.014819742008726874,0.0026508243320379197,0.9680827134198899
1750195061213619968,8.587697468482194,-8.488333904873308,0.6043206732578654,0.24876557443157607,-0.017319838979397182,-0.005459590764450453,0.9683934660168566
1750195061270415360,8.579745172309561,-8.487533728640484,0.6055050888144802,0.24816933435957725,-0.01879360115089898,-0.008638408996206751,0.9684958233928112
1750195061437809664,8.571603926818414,-8.486214690495725,0.6061551095659765,0.24781834790408308,-0.02000595063833166,-0.012676395245127068,0.9685169783667897
1750195061493240576,8.56254602266555,-8.484858325797635,0.6075642097503118,0.24757394142083777,-0.02042140251280466,-0.015549428000483563,0.9685289490446941
1750195061652556544,8.553221146018775,-8.48471341919246,0.6078247477243504,0.24702481055222839,-0.020254657183995255,-0.01504371582194453,0.9686806380062849
1750195061705508608,8.544182249803331,-8.482851013060515,0.607760667818205,0.2456588697071557,-0.020300946172881067,-0.017000596335923386,0.9689946186862501
1750195061861229312,8.534182313350403,-8.481269238561186,0.607187428334814,0.24362028593279295,-0.01987029969765754,-0.01668824368473241,0.9695235066746285
1750195061914914304,8.523790830766742,-8.479718434903653,0.6065909148911732,0.24113096498806846,-0.019231594047962628,-0.015083958599783624,0.9701847647264191
1750195062076053248,8.514210093067078,-8.4779594081424,0.6060130584565546,0.23871059848757412,-0.018616551244117423,-0.013506340343600496,0.9708183418951261
1750195062131250688,8.50460226499382,-8.476722657925427,0.6054965047673555,0.23613732512412094,-0.01768621748600448,-0.00976506215411767,0.9715096525281616
1750195062290043136,8.495154095281078,-8.47581864801487,0.6049152961920137,0.23344756600639022,-0.016584997920629427,-0.004805880739767612,0.9722160640927406
1750195062344604672,8.486153681867197,-8.47455668420083,0.6040708146498628,0.23094865780534693,-0.015579662960598492,-0.0001931161234843863,0.9728411762801294
1750195062502631424,8.477400669029976,-8.472866440432675,0.6030311201041232,0.22872416382720473,-0.014676539480080346,0.004300740556808622,0.9733711315326227
1750195062558077952,8.468828791604837,-8.471557022368657,0.601657504924316,0.2263765814117846,-0.013867047435707503,0.009913194791362372,0.9738906904538916
1750195062717937920,8.460819198448958,-8.46965773792234,0.6007720484870656,0.22366556728245982,-0.013902722035096501,0.013796854777028168,0.9744691247702473
1750195062774767616,8.453177731954296,-8.467669312110058,0.5999110297130277,0.22082268690607484,-0.014794974199834492,0.016286867218815355,0.9750657350364664
1750195062937715712,8.44565040307614,-8.465773564084698,0.5991048620178177,0.21798646504805058,-0.01640100724394232,0.0178053155609411,0.9756515150170243
1750195062994583040,8.438206323014807,-8.464094572018832,0.5981344695223303,0.2151380513041958,-0.01862790986961253,0.018517232635429093,0.9762303682791516
1750195063160311040,8.430687687002374,-8.462714903164649,0.5970677330811713,0.21247126064514013,-0.02133260893049686,0.018749259208636616,0.9767544975454225
1750195063216576256,8.423033347753544,-8.461716911835754,0.5955683948414277,0.21021228870621161,-0.024313267757647566,0.018986658885759133,0.9771689544148426
1750195063380748288,8.415248162380916,-8.460575992410103,0.5943758377082626,0.20834920750959265,-0.02782022631477175,0.018267973448479764,0.9774880684100472
1750195063436256768,8.407279592671408,-8.459223918270945,0.5935117273780897,0.20668980958407437,-0.03186990782938807,0.016564828966061904,0.9777470214888769
1750195063605087744,8.39987627724019,-8.458117523668712,0.5927217747566349,0.20372953340228336,-0.03631335242347547,0.014043976035738742,0.9782527201048631
1750195063662056960,8.393028146186168,-8.458061474007451,0.5921504266646749,0.19941081698105326,-0.04116225610548437,0.011395693170019526,0.9789847460100847
1750195063827589632,8.386154494593738,-8.458530439008204,0.5917668250111374,0.19434308162710054,-0.0462588284035985,0.008498719565922398,0.9798054190420403
1750195063880829696,8.379296395995148,-8.459398797826017,0.5911364441406217,0.18917314110702152,-0.0510202960823249,0.005781338128830559,0.9806003407101259
1750195064047869440,8.371590919998528,-8.460527837173869,0.5902003103467068,0.18320164415850188,-0.05577557857045727,0.0033533180715336446,0.9814861169016419
1750195064101372928,8.363187763593771,-8.461578291161256,0.5896196772196691,0.17718453642562215,-0.06001235533121133,0.001428431667728816,0.9823452126631494
1750195064278701312,8.354094754734497,-8.462143692983673,0.5894660522942776,0.17265511922929316,-0.06359204149795178,-0.000300634850294068,0.9829273481192433
1750195064333502464,8.344530288055221,-8.462357955325505,0.5895917157251369,0.1703771081428374,-0.06584628526352868,-0.00133352015771937,0.9831755333926221
1750195064505420800,8.33511456748299,-8.462709039080764,0.58921889953975,0.16945408019315628,-0.06734033714167575,-0.0015319277866608638,0.9832335668073957
1750195064556286976,8.324973730971381,-8.46271550799391,0.5885206533044118,0.16936982678306917,-0.06859478567388333,-0.0018766636634067106,0.9831607677726577
1750195064730459648,8.314685640345365,-8.462749785895877,0.5872212878927328,0.16993636055278522,-0.06942441973440833,-0.001340691322892904,0.9830056387698858
1750195064781726976,8.304383745269444,-8.462743229807831,0.5855736673293412,0.17089277787786608,-0.0698986336499347,-0.00016886869044802254,0.982807107710574
1750195064950117376,8.29424500750805,-8.462382548786326,0.5834836970991506,0.17199049729144802,-0.07015255050262591,0.0006104365521855286,0.982597331497818
1750195065001835520,8.284128246193996,-8.462240533950196,0.5811483123486965,0.1732591711160525,-0.06989739802758374,0.002841629250173074,0.982388690140698
1750195065176014848,8.274086919046992,-8.462378025815086,0.5784699046479722,0.17463388631238666,-0.06918474571700238,0.006232894049147876,0.9821800383551268
1750195065230862848,8.26401608203863,-8.460830840405306,0.5767397296642494,0.17569448107554586,-0.06851683534109541,0.006266991486306198,0.982037482692054
1750195065413102336,8.25429374353112,-8.458814140809002,0.5757226346677253,0.17614803873732585,-0.06766798007261574,0.005750366941335041,0.9820182514606973
1750195065469665536,8.244839300110051,-8.457034241792147,0.5744634549980834,0.17660746425800225,-0.06651374055096089,0.005641264117944045,0.9820152249458404
1750195065650151168,8.235487074216984,-8.45508059936486,0.5734868843592178,0.17691357724791582,-0.06520095241140808,0.005110749419356565,0.9820510690541319
1750195065706646016,8.226113096411034,-8.453068110993843,0.5729542314004665,0.17697618584339578,-0.06375096129016271,0.004739250316954232,0.9821368459055678
1750195065882656768,8.21669732850837,-8.451407084720225,0.5721142606525245,0.17713428015545502,-0.062042095993328474,0.005030887593296819,0.9822163281520966
1750195065938505984,8.20730579385502,-8.450009892365006,0.5709254931852046,0.1775199927958786,-0.060011116008031676,0.005652100289111227,0.9822695006338857
1750195066116450816,8.197966280728645,-8.448884150030434,0.5695475817650859,0.17792102281161698,-0.05777406189614072,0.006889404879218077,0.9823231665363996
1750195066174278656,8.188732389612634,-8.447908089395407,0.5686163154396824,0.1781808083209951,-0.05546199559298695,0.00895509103321078,0.982392677566108
1750195066353266944,8.179890092388892,-8.446061308146461,0.5682611019791417,0.17831670402661293,-0.05355297173819511,0.009017832018818889,0.9824733640098208
1750195066409519616,8.17116618361467,-8.443833422084088,0.568050544300728,0.1785284875765641,-0.051851716368266715,0.008218232097405413,0.9825331746533968
1750195066587536128,8.162477041033828,-8.441780642027446,0.5678078238043431,0.1788631138116456,-0.050223025323948275,0.007668064571159163,0.9825613645114716
1750195066646211328,8.153815496002945,-8.439868895646558,0.5679536215272245,0.1793746900630595,-0.04864307209327532,0.007407509892618071,0.9825495920813871
1750195066824281344,8.14528823787435,-8.438120077636796,0.5679885910811411,0.1799663744986412,-0.04714153280726228,0.0069241496092985405,0.9825181098008243
1750195066884346624,8.136906885960544,-8.436593546211297,0.5677685572417142,0.18072549936301174,-0.04569720751354727,0.005974520989248362,0.9824532376680342
1750195067062933248,8.128576708202916,-8.435100696142538,0.5675894054204544,0.181619514931066,-0.04430704297479128,0.004321884352565209,0.9823607072021342
1750195067120973312,8.120171096449678,-8.433834700255476,0.567520449714936,0.18252004077399067,-0.04300296235288223,0.0029977467995661584,0.9822566840998657
1750195067293010176,8.11167676730666,-8.432729449596698,0.567236533497741,0.1833495734658321,-0.04174890850874618,0.0022458549016532055,0.9821582961437461
1750195067351691776,8.103199402705233,-8.431432998339822,0.5668096609884392,0.18414966152099482,-0.04061419187896791,0.0012469419503179525,0.9820579589390304
1750195067527330816,8.094724063862678,-8.429802635069727,0.566197004253298,0.184957303215672,-0.03958547019263508,-0.0006937347360321074,0.9819487284318515
1750195067586938112,8.086009465830754,-8.428489706978475,0.5658543387438604,0.18595249787860588,-0.03831292114008029,-0.0016935287791838873,0.9818100226452647
1750195067761500160,8.07710832615076,-8.42764664338587,0.565838090006161,0.1872250388669894,-0.03672789592525172,-0.0013175903423186198,0.9816293141699917
1750195067820805120,8.068320164515676,-8.427139290440236,0.5653403827830101,0.18868558582199813,-0.03499774919950339,-0.0005175009033717818,0.9814135924506003
1750195067992445952,8.059713847322262,-8.426434804076216,0.56468465639063,0.19021619654664634,-0.0332757528532315,-0.00023077091298941336,0.9811781028886468
1750195068049075968,8.051209056020443,-8.425362791747819,0.5640614575461926,0.19137184066641458,-0.03169803110590214,-0.00043959322228659956,0.9810055352452178
1750195068221007360,8.042647391754047,-8.42384058131836,0.5639738967277146,0.1923870930668647,-0.03011559508750423,-0.0009276786497038473,0.9808564608372267
1750195068280127744,8.03402438694969,-8.421971967659102,0.5641622542725013,0.1933436596351403,-0.02848527940454304,-0.001672531981524398,0.9807160755146757
1750195068448751360,8.025424449991094,-8.419916918754032,0.5641767801426272,0.19408447784408428,-0.02682549808023583,-0.002869938709648719,0.9806137728813211
1750195068507550720,8.016852451586542,-8.418027176866266,0.5639636331336635,0.19486258368159215,-0.024939100087693934,-0.004135338567799976,0.9805047239777482
1750195068675396864,8.00822856429415,-8.416582956911013,0.5636785680598919,0.1957255228731905,-0.022730594382448736,-0.0045705569108756856,0.9803845927923189
1750195068733611008,7.999610139358127,-8.415308653441443,0.5634793375072298,0.19663505611301588,-0.020258503342554735,-0.004575500563422491,0.9802567584793
1750195068900910848,7.991056663138443,-8.414244540183285,0.5631143350817798,0.1975945902443535,-0.017597066160817607,-0.004242397330222426,0.9801166885802887
1750195068956375296,7.982638130153379,-8.413183039238678,0.5628374341056537,0.19834981372649904,-0.014797999554527427,-0.004218445274874942,0.9800104975577097
1750195069122067200,7.974398839218515,-8.412030341381724,0.5624768634048869,0.19914214282144707,-0.011703596834738931,-0.004879891889273931,0.9798885750067512
1750195069180367104,7.966237762265589,-8.4111035792785,0.5622166727685962,0.20006848037788613,-0.008072022257939664,-0.00522433461047182,0.979734735499272
1750195069343610112,7.958099587262772,-8.41045220005589,0.5621032553715586,0.20071920449966402,-0.004184364443352756,-0.005074839238927549,0.9796267340400251
1750195069402511104,7.950029286325365,-8.409675924098904,0.5625112522025386,0.20098098227095726,-0.0003050480303184972,-0.005377873338739389,0.9795803337090085
1750195069565240832,7.941968247652799,-8.408562198063091,0.5631692300426909,0.20065346836756298,0.003471842265477668,-0.006384489450184645,0.9796353251275761
1750195069621641216,7.933819612482022,-8.407346763692406,0.5634997440690004,0.20017690566745652,0.007189114567742777,-0.007631777387950253,0.9797036689953931
1750195069778379008,7.925497577895085,-8.40611884225289,0.5634732424845246,0.19968990479985704,0.010818586845904107,-0.008750348010029751,0.9797603439154827
1750195069834654208,7.917042005482583,-8.404828579410355,0.5630744578807438,0.1992442675260476,0.01431533606694591,-0.009698832749375186,0.9797972880420718
1750195069992416768,7.90854291549489,-8.403245219564635,0.5625270648941965,0.19883721245948605,0.017574657043685313,-0.010981006706381774,0.9798134066560084
1750195070049903360,7.899883794436667,-8.40149998133607,0.5623386875384684,0.19826419207478346,0.020496536563730634,-0.012265004631722016,0.979857526271656
1750195070203742976,7.8912312760562635,-8.399990220693319,0.5622428390140737,0.19744499909020302,0.023170497150777864,-0.01340264991429981,0.9799484524051917
1750195070259994624,7.882728594107773,-8.398543599724537,0.5621838741723701,0.19624981971845648,0.025503325353674795,-0.0148765299885525,0.9801093191638766
1750195070410135552,7.874207619247203,-8.397145318610548,0.5621501757651712,0.19486770451522867,0.027563301028438833,-0.016454932423888447,0.9803040739343617
1750195070466481408,7.865630849769037,-8.396034951180171,0.5620512494704908,0.19344793358753357,0.029497110514629027,-0.01724052431347793,0.9805154673861077
1750195070619147776,7.857055764667512,-8.395240225415955,0.5621339884020302,0.19174760222606402,0.031149653254734542,-0.017143834900329166,0.9808000025833885
1750195070676099328,7.848503081194849,-8.394580584953587,0.562499090410403,0.18978847152151257,0.0324877159206083,-0.016466917166951024,0.9811491859196574
1750195070825253632,7.84009771197948,-8.393808688114605,0.5628835961100154,0.18743830403720532,0.03333907699816654,-0.01617251705989735,0.9815772194873481
1750195070880855808,7.831609509874313,-8.393447150343174,0.5634317988144715,0.18490769377021446,0.033991994045920196,-0.014559144811169522,0.9820599372888245
1750195071027685376,7.823283010889908,-8.393396794064858,0.5638215017645143,0.1818972878620814,0.0343173716658227,-0.0121791353348454,0.982643049806421
1750195071082570496,7.815036875390824,-8.393340326321178,0.5644159265307076,0.17829142840605539,0.03422354227253748,-0.009522598001518045,0.9833362781055877
1750195071224135936,7.806913032517306,-8.393034838339824,0.5643508059908284,0.17413165151042653,0.033667931943342014,-0.007621319963616799,0.9841171443394948
1750195071279052800,7.798570540311092,-8.392942682285138,0.5637941290192976,0.1696759689657609,0.032892800620350715,-0.004890307602043732,0.9849386854593729
1750195071426971136,7.790406372985049,-8.39267051587475,0.5626415448293218,0.16410873652111252,0.031676158841561254,-0.0032125769433249203,0.9859283051560449
1750195071480532736,7.782797791025067,-8.392704598890782,0.5618548404021095,0.15733633743560443,0.029676332518161017,-0.0026590766404663946,0.9870954976708389
1750195071623663616,7.775406571638516,-8.393322513204431,0.5611628444580643,0.1501631885698024,0.02714566047474025,-0.0025664325144214677,0.9882851528481489
1750195071674511872,7.767483140640891,-8.394333231947959,0.5607443358947819,0.1421433843643049,0.023985526727622625,-0.003266530667978648,0.9895500404559919
1750195071820251904,7.75929909573579,-8.396034414496958,0.5598269773099851,0.1339543266538796,0.020591344817319758,-0.0034759921823236356,0.990767456251803
1750195071871285760,7.750834453973872,-8.397679239787054,0.5595154890453284,0.1253487504425274,0.016535917668419064,-0.00501743574536204,0.9919622369464987
1750195072032727808,7.742180775801803,-8.399793854566523,0.5584019365806787,0.11715901916733187,0.012204092690537556,-0.006017489697110403,0.9930199465101869
1750195072085347328,7.7335393830000925,-8.401215192162034,0.5576953242940386,0.11026886251553145,0.008080771525839147,-0.008359965434203788,0.9938337839241616
1750195072243002368,7.723772993518986,-8.402847004749542,0.5580493580834363,0.1054684966750619,0.004403724446195379,-0.008910386724770286,0.9943729724949887
1750195072300335616,7.714229747540123,-8.403842769658748,0.5581399362632604,0.10327391503086926,0.0017488563612527827,-0.009858699466055939,0.9946025568137569
1750195072460720640,7.70448504363455,-8.404823917716444,0.5578994804151249,0.1031259499923441,-8.069186728395234e-05,-0.010756470621114959,0.9946101398371002
1750195072515070720,7.694174139228178,-8.406608028307113,0.5583927374749571,0.10482492325707389,-0.0010819768581831234,-0.009805707801902824,0.9944417594232104
1750195072674761984,7.685061123353572,-8.407519644264337,0.5580760222766643,0.10702335126964466,-0.0020682592510035836,-0.01127005651336889,0.9941904799447993
1750195072731295488,7.675090515079436,-8.40764961649262,0.5580050662499247,0.10898856385432705,-0.002635024755680262,-0.014102422506261035,0.9939394706283492
1750195072891170816,7.66555775212445,-8.408055639852645,0.5581902827812835,0.11110711866695407,-0.0022430011743108675,-0.015524788813262106,0.9936846371256641
1750195072947386880,7.65614004976167,-8.408988259977333,0.5577664736304291,0.1137458613417832,-0.0010507583462145945,-0.01566595497184127,0.9933858025909843
1750195073110485248,7.64693128005645,-8.40994730980218,0.5567767073477112,0.11673177788488193,0.0006635284185345088,-0.015808997120521723,0.9930374249603666
1750195073168801280,7.638005220003792,-8.410999695285955,0.5552689438019778,0.11986669678066378,0.002788159131732205,-0.01595350389678809,0.9926578901539863
1750195073331727616,7.629515205960279,-8.411367580108621,0.5552252879367225,0.12306927727677512,0.005252716837821532,-0.01843927790809385,0.9922128577007163
1750195073390090496,7.621277335614456,-8.412171535952277,0.5564552180127906,0.125865710069169,0.0080481982827615,-0.019985691697501626,0.9918132998001982
1750195073546678272,7.613403582498199,-8.413240222847627,0.5577002330388847,0.1283865496010716,0.010891908384627573,-0.020732242650802032,0.9914476457826408
1750195073603371520,7.605417299817046,-8.414871211138617,0.5584975590634129,0.13091590688931012,0.01400462187883,-0.01905852056724719,0.9911113301154256
1750195073759947776,7.5973277660394976,-8.417042921237092,0.5588760195358833,0.13372502849066595,0.017189794509942697,-0.01518385307468704,0.9907530359911509
1750195073817970944,7.58968619147212,-8.418974974775255,0.560342879393001,0.1366689358315544,0.01990788548934427,-0.010602989793650838,0.9903599621761017
1750195073979018496,7.5826323143873795,-8.420089993109887,0.5613512562570273,0.13905733945142568,0.02203144332501664,-0.007462926775207628,0.9900110992174054
1750195074044484352,7.575636234230694,-8.420191804924077,0.5617929238261623,0.14034457328490382,0.02390151584262099,-0.006450578795707548,0.9897931644152244
1750195074203686144,7.568469600812067,-8.419449330849957,0.5621876225206668,0.1409262425194646,0.025412839047419217,-0.007549218764629846,0.9896650903598342
1750195074259463168,7.560569669397555,-8.418587730329197,0.5628360969769881,0.14164919983299254,0.026940803577700578,-0.00842857297304425,0.989514353835708
1750195074409910784,7.552568227141997,-8.417623667751812,0.5634917451885286,0.14217342944982597,0.028350638222353345,-0.009325693010199497,0.9893917266284067
1750195074465698816,7.544418679647838,-8.416594024109013,0.5641835780765407,0.1423956890315467,0.02955011580963897,-0.010607321290095242,0.9893117522479538
1750195074615560704,7.536121794930365,-8.415958378627463,0.5645321055796559,0.142567234259541,0.030704211500144168,-0.011014277945566553,0.9892474517496
1750195074671512576,7.527820048057484,-8.415667698472861,0.5648817647157256,0.14248720939775844,0.031667170745440926,-0.010601858812694012,0.9892331302805897
1750195074820872960,7.519616376782117,-8.41506275807002,0.5654239021280807,0.14208323981985313,0.03219494989461142,-0.011762445813095565,0.9892610793072129
1750195074877143552,7.511238857582553,-8.414670639806864,0.5655965262322091,0.14149198324885984,0.03251930186694832,-0.013137472559608683,0.9893179066898244
1750195075025796864,7.502790717310652,-8.414791725011414,0.5650327062535285,0.1406012905905811,0.0326426089038891,-0.014070114205198834,0.9894280009452244
1750195075081253376,7.494213039771667,-8.415371892240783,0.5646102865188647,0.13935416415635357,0.03251879785941029,-0.014091466205211225,0.9896081928209012
1750195075230873088,7.48555849457377,-8.416660323445992,0.5643151812133813,0.1379111043456511,0.03224490284969878,-0.012372321477438093,0.989842269859009
1750195075287022848,7.477058403287636,-8.417746290834556,0.5632338604279199,0.13614096209584098,0.03158291823458412,-0.011604398111123125,0.9901179200781517
1750195075437899264,7.468526537479293,-8.41861733875026,0.5616147353351089,0.13413357156222552,0.03053786824975892,-0.011700030623018949,0.9904235118706249
1750195075493894400,7.459946222759601,-8.419841149354664,0.5599625575334994,0.1319003131460439,0.02918658809283577,-0.011385680391172819,0.9907677915382113
1750195075644880128,7.45142988679915,-8.421229733627069,0.5583938379892719,0.1294142406690611,0.02746094004937751,-0.011403754779391331,0.9911446945126562
1750195075702081024,7.442747720583704,-8.422792260530345,0.5581424055136814,0.12689057793608563,0.025423956380382688,-0.010935705978765177,0.9915305411371658
1750195075855830528,7.433975403935064,-8.424978443450597,0.5582944429734154,0.12452456522189681,0.023277433464666458,-0.008890070461798976,0.9919036043864241
1750195075912187392,7.425363042446073,-8.42732618480785,0.5584431106167655,0.12214659362637004,0.0208363341611301,-0.006771046730073097,0.992270230214723
1750195076067691008,7.416875600077111,-8.42983533327612,0.5585650011719379,0.1196756474721884,0.018144945146695752,-0.004321025808460834,0.9926378136579818
1750195076125456384,7.4084167428196,-8.432544931914855,0.5585939394430346,0.11747716875727199,0.015362346686480647,-0.0010715540070632946,0.9929561747111851
1750195076282372608,7.400104144389185,-8.434373199424535,0.5579188358684477,0.11568126346531989,0.012432501408291193,-6.0006671287228456e-05,0.9932085755726234
1750195076339236096,7.391733415042023,-8.435257070349104,0.5574363345425075,0.11401333865728129,0.009256994340992803,-0.0017718498645927787,0.9934345107816862
1750195076499309568,7.383045916812457,-8.436631740452194,0.5575565584339874,0.1131450543758805,0.006317064917463814,-0.0023979324387234,0.9935555048818997
1750195076556990464,7.374041659058677,-8.438433710444837,0.5577597297913908,0.11344909561667345,0.00391235549630598,-0.001297071021705058,0.993535260463862
1750195076719987456,7.364963486905845,-8.440242513227934,0.5571950800518599,0.11473231118567981,0.0018568476044128414,0.00030058080508824726,0.9933946640374842
1750195076777904640,7.3559853983757915,-8.441563850238802,0.5558806377627463,0.11680216532851971,-4.518774574360628e-05,0.0008456455358534543,0.9931548404031793
1750195076944428288,7.346970315682138,-8.441698410298443,0.5548672108141819,0.11895837278207444,-0.002006954211180252,-0.002061588954143475,0.9928950737770933
1750195077000772864,7.337567822621027,-8.441992298178093,0.5552974405973186,0.12148279369296919,-0.0033191496786858354,-0.004660118171196711,0.9925770485864523
1750195077165649920,7.328142740292355,-8.443024390466745,0.556073800984271,0.12440063347985855,-0.00408507241013555,-0.005917425008985874,0.9922060162357801
1750195077222935040,7.318943885592124,-8.44414363657142,0.5560379954784174,0.12746008151098928,-0.0046772806458869045,-0.007554426841442777,0.991803902645109
1750195077387038976,7.3098489601762555,-8.445456819064788,0.5556130253211302,0.1309511933408592,-0.004866000470267992,-0.008796497300835636,0.9913378478789481
1750195077445068800,7.301038610870285,-8.44598334714411,0.5555935135515226,0.13442676476459028,-0.005065995527165112,-0.012393593348583242,0.9908330734529173
1750195077610773760,7.2922998453057,-8.446487738022483,0.5564253416116833,0.13787094370255917,-0.005068138949410012,-0.01639147567693809,0.9903015885957608
1750195077668571136,7.283742173718093,-8.447367505202168,0.5573115730781772,0.14143842323954545,-0.004773159124584143,-0.01980049140089379,0.9897375055658776
1750195077833038592,7.275235830494887,-8.448887701171186,0.5577520484763836,0.1454340507281852,-0.003982995010434197,-0.02173961678051241,0.9891210551301468
1750195077890422272,7.266827896678941,-8.450689028270535,0.5577380147198396,0.14993757309489514,-0.002741832428498285,-0.022806540643988116,0.9884285852974918
1750195078051574016,7.258692692623794,-8.452209607891497,0.5573442720485251,0.15468735690132898,-0.001307021127918127,-0.02438441657929119,0.9876616391957012
1750195078107348480,7.250904081757206,-8.453065154933276,0.5572994506134115,0.1591207340245171,7.315585471660343e-05,-0.027396460391732,0.98687892905347
1750195078268179456,7.243272769154155,-8.453648999460125,0.5577705618425037,0.16267430750938258,0.0013273771566616166,-0.031449943067356455,0.9861775746929592
1750195078324766208,7.235584347580194,-8.454758747604918,0.5581139794664796,0.16603722311975921,0.0029012736463266075,-0.03433102742774226,0.9855174294276403
1750195078483200256,7.228064658814175,-8.456107534209922,0.5584249175264819,0.16904606749560527,0.004612873714500914,-0.03666809735936081,0.9849150212563569
1750195078539844096,7.220704050744045,-8.457886425328756,0.559473431929614,0.17114373191731097,0.006330856186502252,-0.037438921404069986,0.9845141291263733
1750195078699145472,7.213542176705005,-8.459744132733475,0.5610519603550035,0.17214613445762883,0.007836666062101639,-0.03759486152049503,0.9843225698131592
1750195078755151616,7.206411619456461,-8.462543647790394,0.5627482342526307,0.1726771328957925,0.009479218966820328,-0.03526879873676634,0.9843012059417244
1750195078910204160,7.199448660160064,-8.465726909042857,0.5638943537983163,0.1727502533132624,0.01103101349592649,-0.03215460570862664,0.9843788640829196
1750195078967006720,7.19285678992916,-8.468895879219502,0.5643846091080045,0.17215188065643594,0.012270283160584376,-0.029114446946247974,0.9845636186233094
1750195079129516288,7.18625502252894,-8.471316180522734,0.5647931829661794,0.17036794443713132,0.01285830911385717,-0.02806099108852681,0.9848969530738373
1750195079190774528,7.179712568278408,-8.473754485586191,0.5649030859425559,0.16807007946866817,0.013159947646766248,-0.02683969644207446,0.9853217215002555
1750195079350577408,7.173209884062784,-8.476512781132879,0.5642797434508173,0.16543096083903033,0.013162146522113704,-0.025463382605060564,0.985804732815335
1750195079412442368,7.166676173932311,-8.478999222875032,0.5635356337524828,0.16230789891641062,0.012648908911363145,-0.025018204193714415,0.9863418476935945
1750195079569383424,7.159890477566989,-8.481629280135712,0.5631668752974743,0.15918083244256928,0.011933147011802698,-0.02359273957516986,0.9868953567752884
1750195079627286528,7.152487209566593,-8.48406824032011,0.5627449167814778,0.15563575108958033,0.010724207375338897,-0.022818022996383944,0.9874927048770992
1750195079783736832,7.145168195339367,-8.485972486553507,0.5623271116244601,0.15225783203741755,0.00923823344236322,-0.02277628396135102,0.9880351453845363
1750195079839034368,7.137179534084797,-8.487886600965567,0.562169976971064,0.1491134077634864,0.007647220910192164,-0.0220175130527518,0.9885453660588788
1750195079993149440,7.1289753514893945,-8.489851635659843,0.5620976105408957,0.1463191142303629,0.0060034518643779745,-0.020739787143902264,0.98900178796895
1750195080049102848,7.120644661670512,-8.491787229944425,0.5616444117939494,0.1441378980945488,0.004392437902870662,-0.019432945343113486,0.9893570303269928
1750195080206697984,7.112084815703382,-8.493440273567257,0.5612009317040272,0.1426113773379071,0.0028162949918655363,-0.017809085491243527,0.9896145209172454
1750195080263059456,7.1033860843025405,-8.494476727197796,0.5609355929812714,0.1412695457245162,0.0010005236121221194,-0.017012044575971007,0.9898244817858546
1750195080423252736,7.094457262517847,-8.495555605508397,0.5603266640762565,0.14059909243010685,-0.0005398291929855963,-0.015702515762040476,0.9899419350603426
1750195080479562496,7.085407368579775,-8.496197825158104,0.5598227621654841,0.14038823722124216,-0.0019382549822423924,-0.015113441749634632,0.989979277508381
1750195080640745472,7.076209450759801,-8.496260337497212,0.5596616029991437,0.1405529248235135,-0.003328755073897095,-0.015700252287381773,0.9899430775510913
1750195080698237184,7.066715844324039,-8.496477240309549,0.5596576515193052,0.141125589692193,-0.0043343167370005105,-0.01516255522197507,0.9898660912222392
1750195080859749632,7.057245480499093,-8.497032439172663,0.5588424287225,0.1414126981734662,-0.005156318039143475,-0.013879870996165349,0.9898399923021443
1750195080915588096,7.047881318037817,-8.497647033247038,0.5573823065339263,0.141113549942495,-0.005965761579935273,-0.012455342231659906,0.9898970856413764
1750195081076018944,7.038521901696161,-8.498085820522128,0.5558139317688982,0.1403568762931302,-0.006707230140024403,-0.011051079449888581,0.9900165826813588
1750195081133042688,7.029147201405913,-8.49859345778097,0.5540696306039421,0.13936741008032838,-0.007291758299076425,-0.009138686909009064,0.9901717223138563
1750195081297690880,7.01976823615394,-8.499228219314277,0.5532611060081121,0.13846971479223727,-0.0074900920666882455,-0.00586109314056613,0.9903210005818249
1750195081355905024,7.010618638080277,-8.499596492636126,0.5534611562196035,0.13720267423471752,-0.007785121702205355,-0.003021358690030666,0.9905077937374293
1750195081519546368,7.0017078786910005,-8.500113926899697,0.5536295932727135,0.1355995634506887,-0.00816129713185016,-2.9160749890302847e-05,0.990730109954653
1750195081577165056,6.993130134155452,-8.500130876812037,0.5540847870872261,0.1338761689034726,-0.008762155983604651,0.0013000052733896635,0.9909584784482834
1750195081756271104,6.984639631854275,-8.500090728082778,0.5545506571890955,0.1327027582755647,-0.0091668439307413,0.002224289460373557,0.9911109925002359
1750195081819920896,6.976130663924132,-8.500246565180689,0.5552113103077687,0.13214436500428017,-0.009228559638675513,0.0036866892839969288,0.9911806640601571
1750195081984505600,6.967777861717396,-8.500111285333194,0.5565364863145161,0.1317804841783018,-0.009206104287661743,0.004657658163163989,0.9912252306383308
1750195082041229312,6.959527331186374,-8.499972503724514,0.5578104525937828,0.13138375917305337,-0.00917187629568686,0.005335649982293574,0.9912747930569203
1750195082237189376,6.95131876541061,-8.5001051328111,0.5584639982501214,0.13092714751178228,-0.009090575161517987,0.006092723163075675,0.9913315904439436
1750195082290668800,6.943104876040315,-8.500381484877387,0.5584626820082037,0.1304552168108794,-0.00897387084725975,0.006981574782553369,0.9913890072329826
1750195082454034432,6.934846707805932,-8.50069178913413,0.5578580677015386,0.13024322718512485,-0.008718526657276349,0.007938184474341487,0.9914119599301703
1750195082508661760,6.926534069415942,-8.500579088169097,0.5569288929695122,0.13032230122228322,-0.008369757144409412,0.007799605127277726,0.9914056743479587
1750195082670748160,6.917798005259561,-8.49955509084238,0.5575666507750117,0.13064401068878748,-0.0078240849021803,0.005642817326887082,0.9913824109692518
1750195082725539584,6.908817679256606,-8.498974989076416,0.5587837220460088,0.13092136659589956,-0.007043330362230037,0.004630305985749186,0.9913569223708223
1750195082885714432,6.899963358096033,-8.498896880531305,0.5595208249930836,0.13105627900645658,-0.006200844905734995,0.004362544602917641,0.9913459383383908
1750195082940310272,6.891178130403759,-8.49902089948378,0.5599831751948972,0.13101999343967657,-0.005311002962199599,0.004779085513775235,0.9913539806286423
1750195083102954496,6.882423519897046,-8.49902112291944,0.5601336268652117,0.13086642494354045,-0.004427287441981267,0.005279866142161277,0.991376064347896
1750195083157335808,6.873667663128372,-8.499115136607422,0.5600593204227522,0.13064424505283315,-0.0035091526703641012,0.006548376455249825,0.9914014756131403
1750195083317030400,6.865009660802185,-8.49893703703798,0.5592766002417129,0.13033169039868372,-0.0026606183705295233,0.007414292502538747,0.9914391559013569
1750195083370342400,6.85627110808927,-8.498470130526542,0.5581802891158145,0.13008289599570305,-0.001837853896777538,0.008115971091629611,0.9914682009402345
1750195083531210496,6.847404229234386,-8.497642579610357,0.5568270630473244,0.1298718483085287,-0.0010452169969573848,0.0083201478647184,0.9914953281170138
1750195083584949760,6.838420151797387,-8.4962789730194,0.5554683380983505,0.12971738559601304,-0.000272108309703344,0.006931382675744964,0.9915267428392466
1750195083743968768,6.829262794988091,-8.49523807407778,0.5537536409699624,0.12963700011419863,0.0006247627936807158,0.00555096450857622,0.9915457854611998
1750195083798501632,6.820201646798401,-8.494549926107762,0.5515877417894854,0.1295094140497854,0.001589847411316951,0.004067222970325036,0.9915685764257557
1750195083961203200,6.811132309591892,-8.494385436145564,0.5495509483746068,0.12942567035516964,0.002682146033967947,0.003219126580835539,0.9915802736893388
1750195084017353472,6.801884860388899,-8.495155327432014,0.549544389362937,0.1296002384784407,0.003988237146755051,0.005241757830363261,0.9915444498990654
1750195084177910528,6.79276174502933,-8.496531956917433,0.5500028552025991,0.1297876736613655,0.005245280072512486,0.008916276384866055,0.9914878450177593
1750195084233380096,6.784047551232242,-8.497393056376517,0.5501573877645765,0.1294767115790018,0.00597702305738817,0.011031586310329794,0.9915030814160575
1750195084394504704,6.775488353830129,-8.497098460497188,0.5504924452745059,0.12882951051074312,0.006305245810317819,0.010119945763400298,0.9915950724941001
1750195084450234880,6.766637646511141,-8.49652627186472,0.5514118542156208,0.128610351357552,0.006761643826462222,0.008643397600048383,0.9916344837561764
1750195084608174080,6.757634439971697,-8.496188290457457,0.5530376061449327,0.12851587639112505,0.007309064324090309,0.00836575099469884,0.9916452295576388
1750195084663963136,6.748674673112543,-8.495924032049953,0.5543554055223288,0.12833784787011812,0.0077902768777925865,0.008479500707135615,0.9916636559126241
1750195084819098880,6.739665117307045,-8.49565285770939,0.5552334265876722,0.1280559462140705,0.00817069188741996,0.009132454968967516,0.9916912385916999
1750195084873572096,6.730612456053554,-8.495352438962614,0.555734991201176,0.12772405796270953,0.008426745150038824,0.010029357052152745,0.9917232310381939
1750195085031761920,6.721583861373626,-8.495135017230846,0.5553976639910312,0.127382932629914,0.00855788971294263,0.01092889730789856,0.9917564772674275
1750195085087148288,6.712507468867026,-8.494823381300192,0.5544134568758561,0.1271246689706386,0.008598985180099425,0.011592664964983916,0.991781723017715
1750195085243092992,6.703487269337816,-8.49424184444389,0.5533278932105428,0.12693210832084773,0.008379376097612558,0.011521281079525148,0.9918090975665256
1750195085298513664,6.694587354857646,-8.49350674202424,0.5522107787640795,0.12671214137707948,0.007741982748186205,0.01037285432373437,0.9918550795473805
1750195085454918400,6.685657855518058,-8.492791308462577,0.5514804402977722,0.12647319839981688,0.006808906347109376,0.008520529288195968,0.9919100611756723
1750195085512432384,6.676626549497675,-8.492740113070319,0.5524941288716971,0.1262794777364113,0.005649059393075447,0.008029731709015983,0.9919461200283379
1750195085673800192,6.667688201061745,-8.493281452800769,0.5533622091929762,0.1261325546345564,0.004293546952004579,0.00822655973380364,0.9919699934125416
1750195085730429440,6.6588674074564045,-8.493754847269933,0.5536955608726579,0.12592668687169978,0.0026728338243311787,0.007538030193276151,0.992007310252132
1750195085887053312,6.650019433282783,-8.49420064117171,0.5537117325477632,0.1256024578331346,0.000738814765753161,0.0065301471806299225,0.9920588863151305
1750195085943662080,6.641167170388604,-8.494767655780556,0.5530439046712279,0.12505623413084135,-0.0015334955080965231,0.0054237521715755745,0.9921336450342364
1750195086105213952,6.632262571124101,-8.49536314887359,0.551318834164332,0.12432769028844749,-0.004052733085376442,0.0038637542754437365,0.9922254139987434
1750195086171268096,6.62299798046039,-8.496037386434512,0.5498571616382786,0.1236392370192434,-0.006695219332694189,0.002763444571728187,0.9923007993957708
1750195086336039424,6.613413030294746,-8.496776021755721,0.5490788577631465,0.12314347783294052,-0.009326913222320455,0.0022632331326810197,0.9923424662548402
1750195086393647872,6.603688679975237,-8.497260065589828,0.5485512162341108,0.12289317156301036,-0.01185225240922492,0.0013444006039299617,0.9923482176549866
1750195086561850624,6.593940512715764,-8.497618812959892,0.5474909203416884,0.12304045694303084,-0.014193587438250914,-0.00015481178279914617,0.9923001380954226
1750195086620240896,6.5840633211984345,-8.49807186216998,0.5466422431253615,0.12380415125291615,-0.016149500562143617,-0.001400727509231488,0.9921742607660123
1750195086785296640,6.57386587020404,-8.498852610714609,0.5462187049492986,0.1251173880282405,-0.0175967033173154,-0.0012554159728335134,0.9919850901984809
1750195086837647360,6.564714490866172,-8.499666952005432,0.5452655526192545,0.12654881861612852,-0.018571224566918718,-0.0007893683803098279,0.9917862083244087
1750195087003911168,6.554395764949155,-8.500483570304912,0.5441231068629309,0.12875150795365128,-0.01905959504112941,6.681653422660072e-05,0.9914937097995526
1750195087061426688,6.544436597621782,-8.500630204485859,0.5433120144899801,0.13136065527691665,-0.019116853338486565,-0.00024019497869619993,0.9911502744135351
1750195087234319104,6.534953582613694,-8.500237377888272,0.5428346912119837,0.1334492532591863,-0.019159251347622485,-0.0023477430627447116,0.9908676541268645
1750195087291998720,6.525573360496658,-8.499685020942588,0.5423913060600309,0.1350657535897068,-0.01906541117589096,-0.005179680949266633,0.9906396535618807
1750195087460146176,6.516132601153166,-8.499364717612256,0.5418130289255809,0.1365512344355977,-0.01869193774416809,-0.00733283198060636,0.9904295035047305
1750195087517740032,6.506609657499585,-8.499278498733572,0.5415399425367338,0.13812136134407482,-0.017981393147192465,-0.00842111040172037,0.9902162611977989
1750195087689370112,6.497217506384684,-8.499365587446825,0.5405920703357978,0.13961429731669847,-0.017246314060856575,-0.009414347378844322,0.990011001302263
1750195087746551808,6.4879014600135125,-8.49993105900973,0.5389492458334288,0.14073052845209158,-0.016438898625560295,-0.009527658969957935,0.9898655993053428
1750195087913554432,6.478475268974635,-8.501033831596086,0.5382570773062079,0.14156252298208755,-0.015279878101072475,-0.007708379052750985,0.9897813689419203
1750195087971290368,6.46932289735149,-8.50144944323656,0.538474104782841,0.141647750875508,-0.014435536588504735,-0.00703233413626164,0.9897868842492852
1750195088138376704,6.4602173295484,-8.50116120777738,0.5390036829780986,0.14136490598101234,-0.013832353631958227,-0.0073865202487747115,0.989833353988738
1750195088193367552,6.451095983841928,-8.501021285976444,0.5389350341638783,0.14131208627817526,-0.013078439100520875,-0.0072123531753961875,0.9898524287307058
1750195088361454592,6.442065033461908,-8.50028892646413,0.5391168692908903,0.14126111888073387,-0.012507651889218227,-0.00824734511560212,0.9898589981584879
1750195088420425216,6.433053948337097,-8.499641630180498,0.5396863128986831,0.14144008574151296,-0.011921889847460298,-0.009408233461862306,0.989830316686161
1750195088584636416,6.42409153156401,-8.499627491621634,0.5404681043777217,0.1416344446966999,-0.011124360500336083,-0.009163576573639675,0.989814104538471
1750195088641581824,6.415392699216442,-8.49988313650147,0.5408048840057127,0.1414478079640209,-0.010413442068393446,-0.00873187769290894,0.9898524294855359
1750195088808913664,6.407248330068641,-8.499956976297078,0.5408616614130617,0.14027013987754164,-0.010084216596264493,-0.010059942124098522,0.9900108049909526
1750195088868976128,6.399827432520005,-8.500400283631082,0.541706301468909,0.13771316049921542,-0.010276647232830517,-0.012205620371755026,0.9903436266156862
1750195089043527936,6.392920436869768,-8.501672742235918,0.5423075301460436,0.13427328322320395,-0.010919135641813765,-0.013705690095919484,0.9907893882901104
1750195089108208896,6.3860380255544795,-8.503308537275043,0.5429836350875137,0.13080332756238214,-0.011739144625954654,-0.014649987449747015,0.9912305785485945
1750195089273388032,6.378868339290917,-8.505155069829389,0.5437970663319991,0.1277564300514806,-0.01222510265293473,-0.014469865450793793,0.9916246590517311
1750195089328958208,6.371231349900404,-8.50729041253133,0.5444077421595996,0.12457545862284473,-0.012692361960279017,-0.013671325793135545,0.9920347543850645
1750195089497113600,6.363565014297815,-8.509803341127858,0.5447160008979313,0.12159848414073918,-0.012916542374624616,-0.011734330901273144,0.9924259554576645
1750195089553545728,6.355826879472703,-8.512698626741376,0.5446633548971951,0.11857924197501228,-0.01300853209114864,-0.008622703155890336,0.9928219329042596
1750195089718848768,6.348255753245759,-8.515628639900545,0.5441238045199475,0.11533136379969254,-0.013341864717321995,-0.005449735107516184,0.9932225186519007
1750195089774905344,6.340830983768938,-8.517451724148867,0.5439355448994654,0.11144455446454339,-0.014298242352979286,-0.004998694177944295,0.9936552141474075
1750195089940522496,6.333063186349775,-8.518830650665567,0.5440466569803393,0.1076806409819006,-0.015360121218348887,-0.005379243063022115,0.9940523175255686
1750195089997358080,6.324753529873903,-8.520451385162707,0.5446343642878522,0.10434911010479674,-0.016236665085984543,-0.004378534983019119,0.9943985430191583
1750195090162782976,6.316255343023706,-8.522245258478556,0.5443409366080454,0.10110734434102944,-0.017139925507730927,-0.002813384393406479,0.9947238876905234
1750195090218419200,6.307540447417991,-8.523737753019745,0.5432717985501871,0.09794598909355956,-0.01812885904681484,-0.001513823504066557,0.9950254449151255
1750195090383584256,6.2986216676351106,-8.524913909626417,0.5416436997344491,0.09508878253469204,-0.019037777106348266,-0.00022437513631610447,0.9952867105184903
1750195090440914176,6.289478999344937,-8.526209541522473,0.5405203811710502,0.09315823096650316,-0.019500258340090216,0.0029238144090939686,0.9954560438498341
1750195090608550912,6.280414470366319,-8.527119317035364,0.5395320401112773,0.09174051962586906,-0.020055712263155577,0.005472459743791294,0.995565918284041
1750195090665416704,6.2713693013519745,-8.52747441731874,0.538629071045857,0.09047833426198347,-0.020809966506853707,0.006306491422459069,0.9956610088223294
1750195090835512320,6.2621517336865145,-8.527175387459096,0.5384477141356601,0.0895162029670029,-0.021595026698937578,0.005325705784462052,0.9957369838898923
1750195090891033600,6.252784377338471,-8.527090713561464,0.5388478236120302,0.08879512386178164,-0.021796248368819195,0.004756212928953182,0.9958000441725186
1750195091053853952,6.243544862818787,-8.527469977775457,0.539585420469261,0.08855673943797376,-0.021312514540401544,0.005870714048887802,0.9958257956794633
1750195091109897728,6.234567713561515,-8.527911473484465,0.5401981420849533,0.08864599703400754,-0.020426445244703828,0.007614748025998753,0.9958246146571254
1750195091277879040,6.225825168723708,-8.528210467014876,0.5403906601790887,0.0887856554280791,-0.019323917874249016,0.009059689925963855,0.9958220802967973
1750195091337398272,6.217238589323787,-8.528391705233245,0.5403384767007111,0.08900710014850352,-0.01795477336900929,0.010359961896392392,0.9958152606914232
1750195091508662272,6.208764292150009,-8.528531309625585,0.5401953902289547,0.08965810097796391,-0.01611063621595112,0.011956312038015072,0.9957705151952392
1750195091568856832,6.200450490593332,-8.528632093010488,0.5399176162264503,0.0907086937912733,-0.013788016873600288,0.0135347186366608,0.9956900295035603
1750195091735439616,6.192262913676514,-8.528533049731902,0.5396067572077081,0.09169447283685767,-0.01117583545128994,0.014379314001600517,0.995620640445938
1750195091791610880,6.184081041368837,-8.528237909441,0.5397571945152384,0.09256923182491424,-0.008255241298619598,0.014918485023945237,0.9955602579025727
1750195091955222528,6.175752374896201,-8.52736368599003,0.5409504312309732,0.09324102245727678,-0.0051261684868155145,0.014232683591764996,0.9955286358741986
1750195092010220032,6.1671990375419865,-8.526500886166646,0.5419709694885704,0.09382150312423716,-0.0018686290869296203,0.012888573174593913,0.9955038515537584
1750195092180249344,6.158499464186895,-8.52574620031476,0.5423448106453423,0.09419847896474515,0.0015626919630720736,0.011359709908627284,0.995487398988731
1750195092238304256,6.14968083972423,-8.525008109670917,0.5424095117149674,0.09423537135667248,0.005241136207526851,0.0098032118783483,0.9954878815502437
1750195092399130112,6.140872585529882,-8.524318802655213,0.5421610416673723,0.09386999984716532,0.009084513797921417,0.008014705302631278,0.9955107529487869
1750195092456676352,6.13211000249306,-8.524186459147254,0.5418650683887143,0.09325751697018136,0.013071310507123172,0.007003642907209715,0.995531579286268
1750195092616667904,6.123426938019966,-8.524783739098627,0.5417453898060636,0.09255587836307837,0.017037942006512343,0.007117485304293896,0.995536267202539
1750195092675052288,6.114826471968775,-8.52551167981477,0.5420994067585956,0.09141513485143862,0.0206019081657815,0.006953878975228631,0.995575450715424
1750195092832552704,6.106181816606782,-8.526534094402185,0.5426254081158102,0.08997211434416814,0.023829089969269468,0.0071708657178544705,0.995633352091287
1750195092891946496,6.09753027283255,-8.527686551246738,0.5428634948473516,0.0883956196424404,0.026804437136287114,0.007452006848174848,0.9956968435079879
1750195093047371264,6.088915525209631,-8.528660823394219,0.5430548549224348,0.08690680102310241,0.029750313206262136,0.00738444874045907,0.9957447447598504
1750195093105572096,6.080289819568284,-8.529400436024199,0.543528300958295,0.08561234778008757,0.03265945342498431,0.0071980916268832955,0.9957670779286156
1750195093255536896,6.071661942015609,-8.531046846870083,0.5445153975690671,0.08446984816323727,0.03542879333327801,0.009365168641305766,0.9957519465060299
1750195093309767680,6.063169156044584,-8.532910793963833,0.545839205666018,0.08287538860777748,0.03772924214929511,0.011973244318925469,0.9957734760830041
1750195093456418816,6.054815601858635,-8.53413729466368,0.5464589778242566,0.08057888001992002,0.039512383288194744,0.012578799447433163,0.9958853294762822
1750195093509517056,6.046205929910059,-8.534813525949977,0.5465184838885597,0.07782570134099279,0.040881352134721105,0.01140308276255303,0.9960631731782527
1750195093654312960,6.037290890406795,-8.53586339141889,0.5460249304177509,0.07527921366525206,0.04198740042898322,0.010673584072753128,0.9962209457736768
1750195093709484800,6.028510826211569,-8.537204186953893,0.5451012716288428,0.07279979511650427,0.04269668758752977,0.009863874085248582,0.9963834034587681
1750195093854809344,6.019790920842857,-8.538982691359413,0.5450412690098734,0.07067754714686947,0.04294725266071749,0.009836606994819383,0.996525694089735
1750195093909690880,6.011023026955938,-8.541121380512374,0.5456992498124742,0.06884746256300316,0.042784361480695886,0.010890836109519868,0.9966498457332748
1750195094054111232,6.002453785946021,-8.543138537448383,0.5459472430692465,0.06694872123367586,0.04210360871312599,0.011072744596650485,0.9968061743316022
1750195094109580544,5.993874819641903,-8.54450132045038,0.5457194926013238,0.06478501019699999,0.04087315822136455,0.008825883816935975,0.9970227636145707
1750195094254098944,5.984906532006644,-8.54614956806312,0.5452225953007992,0.06283020969671119,0.03933005337674176,0.0066360721095056864,0.997226892035011
1750195094307841280,5.975973825817885,-8.548670175790233,0.5450257468586348,0.06091658162498078,0.03737007844514323,0.005965392863222106,0.9974252159476008
1750195094452840704,5.967128501080943,-8.55164380466486,0.5449083330813811,0.05886648177998971,0.034978041510330474,0.005978145302804097,0.9976349711761743
1750195094510106880,5.958316772497065,-8.554838350887554,0.5435919669074849,0.05666734039982588,0.032278497175262856,0.005886940051310254,0.9978538245098573
1750195094658512384,5.949457484197763,-8.557949881477425,0.5415626151681048,0.05433933707699475,0.02920674518038226,0.005257021521183105,0.9980814426722534
1750195094715004928,5.9404857963166195,-8.56080094937749,0.5395483922127213,0.05178727172288765,0.02574557301957584,0.0039245020179746,0.9983185074119904
1750195094867041536,5.9312208296997,-8.563607212923198,0.5393190116367741,0.048991923552876335,0.02199994000603098,0.00326111514137035,0.9985515305653259
1750195094921197056,5.921585650709167,-8.566259097627967,0.538828589000306,0.04669239576631098,0.018343656213239773,0.002749234078742844,0.9987370886105675
1750195095074239232,5.912228070603167,-8.568350688357246,0.5374746202504781,0.04515470265435605,0.015097025120751072,0.0019122138561806694,0.9988640929069722
1750195095130027008,5.902142465760166,-8.570724082082467,0.5360072452732649,0.043810276738266825,0.011697541761939356,0.002555641032969058,0.9989681155411091
1750195095282909952,5.892061446996346,-8.573546915790052,0.5350507614213691,0.042297521382779105,0.008200907663595635,0.005535509972122179,0.9990560659581198
1750195095337593344,5.881752920942406,-8.576456370078416,0.5347293446918138,0.041302278096612306,0.004995219308711359,0.010243212094168872,0.9990817014709465
1750195095494149632,5.871192314683956,-8.579358218557854,0.5340312764713366,0.04165501085103626,0.002305795251399545,0.01498535754381174,0.9990170080827167
1750195095547901952,5.861104040308601,-8.581440235639239,0.53294301633245,0.04303177924112356,-0.0005122474815741299,0.0165665037218254,0.9989362114431007
1750195095704846336,5.850707886053587,-8.583114547484238,0.5340122363261672,0.046004697569459,-0.002884508974957676,0.016721517946138378,0.9987970956340898
1750195095761339392,5.839948801031855,-8.584184121850155,0.5347640082073482,0.04984038496633411,-0.0055666457109928265,0.013370322373883133,0.9986521831756813
1750195095920782336,5.829992574148607,-8.585930110068837,0.5355896352802696,0.05430436409484101,-0.007738243747116277,0.01148552077413621,0.9984283842301921
1750195095972871424,5.820629711870005,-8.588284484426817,0.5359653959724531,0.05945128604512773,-0.009301498806707767,0.011351520204922977,0.9981233238916754
1750195096128526336,5.810681898929148,-8.591132516489063,0.536525859338536,0.06628516849782924,-0.01045042278599477,0.0111617638824361,0.9976835571100893
1750195096181011200,5.800990633140791,-8.594221823592722,0.5370199966014919,0.07420619323316631,-0.01121686423261171,0.011399660366824976,0.9971146727363659
1750195096339085312,5.7920488533347925,-8.596924828872808,0.5366106351149615,0.08242609375961878,-0.012115433335235333,0.009852133147676473,0.9964748320028309
1750195096392416768,5.783536934101606,-8.600136902223982,0.5363947919138448,0.0909439499813126,-0.012820395310071717,0.00928511836174994,0.9957301953857272
1750195096546969600,5.775167375815305,-8.603238049521083,0.5364653056370439,0.0998914889304048,-0.013274316586464668,0.009088965351733841,0.9948682695046938
1750195096601003264,5.767102153937587,-8.606254586673181,0.5363606777452947,0.10879335496293162,-0.013747573018513034,0.008399365979883186,0.9939338311996158
1750195096757750016,5.759006334643062,-8.60977495430497,0.5380692633504367,0.1177270581473488,-0.013947330555488219,0.010730711567189084,0.9928900561389505
1750195096809959168,5.751019437558167,-8.61303916703336,0.539630937849612,0.12686211825905272,-0.014080037233476556,0.013381213331905313,0.9917301541407803
1750195096966244352,5.743102717812221,-8.61654041119748,0.541544529862215,0.13597048936343573,-0.014131287726041483,0.01777811464480408,0.990452558868494
1750195097017761024,5.735460269606516,-8.6197362392592,0.5428778449046048,0.14507881443866616,-0.014374608899392426,0.02174826374984611,0.9890766002913666
1750195097176043008,5.728046817243077,-8.62192212533247,0.543233608438876,0.15328983791403122,-0.014959556277329849,0.022835995696671784,0.9878041073860834
1750195097233421824,5.720413737864256,-8.62315222444153,0.543085813177286,0.16027060754229464,-0.015526943427082492,0.02107558317179188,0.9867259326580026
1750195097396531200,5.713701304363512,-8.623243858964333,0.5433635787812081,0.1649827379408305,-0.016358197429243698,0.017718258781090967,0.9860016069277875
1750195097460869888,5.706624264495781,-8.623040683182689,0.5435189661658142,0.1687973847773419,-0.017193236671572035,0.014914796012709628,0.9853879359749561
1750195097630332160,5.699485743789898,-8.62277753013074,0.5433524419570874,0.17182340373265884,-0.01788189870161893,0.013049072048605772,0.9848790166041812
1750195097693554432,5.692238788644088,-8.622457533619405,0.5427065995694997,0.17395072392439942,-0.018479176539216755,0.01153675013532619,0.984513366631924
1750195097866211072,5.68559744622463,-8.622046402863592,0.5421082840368161,0.1735036579780538,-0.019077711443371104,0.010059869385275361,0.9845970346401968
1750195097928684288,5.679572404410845,-8.622306891245982,0.5416127922989986,0.17068420107751503,-0.01968832592010827,0.009710559991161969,0.985081203936839
1750195098099140352,5.673591622424996,-8.622886817496799,0.5408515635682578,0.16685872571290855,-0.020289358223120144,0.01003287221417264,0.9857209793199556
1750195098160890880,5.666909639316074,-8.623116845989575,0.5404257557617584,0.16359834224742145,-0.020814413304005686,0.010689247555895459,0.9862495032188328
1750195098333501184,5.659651735391931,-8.622802313733303,0.5399218910805805,0.16122880961064764,-0.02102559691691121,0.010716347922047917,0.9866348641280799
1750195098391093248,5.652128767611241,-8.62276596654949,0.5393224112496768,0.15968637527542506,-0.020963345953464343,0.011657547395300864,0.9868763353463076
1750195098555770368,5.644069983281574,-8.623248976949402,0.5388317914467691,0.1586504964157561,-0.020713655659049708,0.014131042495878364,0.9870163514827158
1750195098612807424,5.636207251614053,-8.6228487097343,0.5388995407072312,0.1579770840025641,-0.020671972312108967,0.014564586770050682,0.9871189306780574
1750195098778911488,5.628107905688605,-8.622331012500535,0.5390872419354551,0.1576018539217173,-0.020600878793964033,0.014633372707610386,0.9871793777407196
1750195098834507264,5.619806512099278,-8.622168117690329,0.5393715473574123,0.15749402212110128,-0.02041222241060586,0.01579901934936511,0.9871825389257938
1750195098997413888,5.61152323948742,-8.621939788974801,0.5392026021177534,0.15751374000394008,-0.020242312584010217,0.01671445162748912,0.987167816330139
1750195099054789888,5.6032312809678695,-8.621290969108381,0.5393207825387138,0.15768750617098995,-0.02024209718658234,0.01677243978303286,0.9871390951445432
1750195099220780544,5.595179485963117,-8.620671570450334,0.5388659710744097,0.15871890884334167,-0.0202058072487311,0.016236388985217745,0.9869834917574493
1750195099277720576,5.587418764654721,-8.620420797371333,0.5382369511971055,0.16099218754280276,-0.02021967650995533,0.015722295095544698,0.9866232764682498
1750195099445124352,5.579536717260358,-8.620802488199438,0.5383361977940218,0.16452856928992457,-0.020034429521327505,0.01697558326716919,0.986022718345731
1750195099503565056,5.57154491674201,-8.621106277211123,0.5391349090969664,0.16919687966380206,-0.01977316340348699,0.018476985874871007,0.9852106571256889
1750195099668644352,5.5637213300364285,-8.621279583735252,0.5397408484453954,0.17454877383374703,-0.019699484592925084,0.019712724575789174,0.9842540649393873
1750195099729425408,5.556394392624294,-8.621037357143296,0.5392751300210654,0.1793013664846938,-0.019880344627916765,0.0192999962889257,0.9834039363442898
1750195099900086528,5.5487438848091175,-8.620109447070528,0.5386360351592874,0.1826956520973707,-0.01985116847844333,0.017937048371162403,0.9828054192516885
1750195099957762304,5.540865739567084,-8.618220591078362,0.5387002371753526,0.18454293923333845,-0.019754003739665443,0.015868612619470205,0.9824977710147269
1750195100124901888,5.532666603602763,-8.616000874917756,0.5387891172633399,0.18587728287994992,-0.019442891152628393,0.014855940954185957,0.9822682478382164
1750195100182097408,5.5243369833279665,-8.613463083813105,0.5390466633532962,0.18679025773904886,-0.018993949115586283,0.013784844153074445,0.9821194466980325
1750195100346579968,5.515846316909374,-8.610831024861893,0.5392674480135087,0.1873617532100644,-0.018466894862516094,0.012255552058162688,0.9820409098769447
1750195100404611328,5.507331608564744,-8.608381877338127,0.5388864880835311,0.1876744897218287,-0.01788613921924084,0.01070521483006177,0.9820100662961266
1750195100568775680,5.498735114347561,-8.60620108547047,0.5385820405886692,0.18769337763056826,-0.017232893414993452,0.010027879263926816,0.9820252873605877
1750195100626065664,5.490164562078661,-8.604305615904703,0.5383922623404898,0.18749503051981845,-0.016553983264100815,0.010234810098455834,0.9820727202354788
1750195100790569216,5.4817335030789,-8.602397789048394,0.5377463268468645,0.18734416213165825,-0.015943605975688793,0.009882024251130371,0.9821152233523207
1750195100848070400,5.473230647851576,-8.600481388520242,0.5371052523480002,0.18734313873675076,-0.015259309493504507,0.00968918102476171,0.9821282103743448
1750195101011687168,5.464547781273988,-8.598289380545218,0.5371235566452937,0.18738016368169422,-0.014558431413389396,0.009992222900085035,0.9821287501213464
1750195101070003712,5.4558804929913185,-8.595963980749197,0.536856932609735,0.18739226760833033,-0.01393444713996756,0.010282999422897463,0.9821324906276035
1750195101234715648,5.4472321536836725,-8.593566066846753,0.5360923877744144,0.18736946884457356,-0.013443792478687197,0.01045239084757103,0.982141891029123
1750195101292672768,5.438561729037289,-8.590934243491471,0.5350400398556459,0.1874469405654793,-0.013081733211809913,0.010179855619896816,0.9821348600209517
1750195101454375168,5.429759097975149,-8.58804922308953,0.5337126780046386,0.18755807038035469,-0.01290345582050375,0.009181431378679205,0.9821258434543533
1750195101512856320,5.420743087419801,-8.585129503413357,0.53219517709327,0.18768279227718482,-0.012911559217141677,0.00753029656516203,0.9821159584057587
1750195101673654016,5.411627687940041,-8.582395719428877,0.5302445726326974,0.187928466544599,-0.013007167593560688,0.005625570262452363,0.982080474305752
1750195101732801280,5.402609566428125,-8.580256003564504,0.528234265181327,0.18877357940462353,-0.012981867187438474,0.004117608570265541,0.9819261948551714
1750195101899615488,5.393045363084195,-8.57908654608682,0.5286890307904248,0.1909277533780526,-0.01266294635953144,0.006089410661183928,0.9815035210621023
1750195101959887104,5.383534509019598,-8.57819232907379,0.5300991366880798,0.1939573894296315,-0.012591502917752144,0.00938925016862766,0.9808842067854826
1750195102125096448,5.374566820786377,-8.577181267024404,0.530575545768778,0.19724243235177108,-0.01287928705857492,0.01131048484147696,0.9802048866321114
1750195102186700544,5.365937222122734,-8.575489074497975,0.530689982554303,0.20015859391217056,-0.01320093732239741,0.010406617713336806,0.9796193009759868
1750195102353075712,5.357252418298534,-8.57346084826277,0.5311678233649371,0.20227735784476805,-0.01349370587976235,0.008635533533987588,0.9791972313918956
1750195102411178240,5.348515209482305,-8.571307652751148,0.5314257923339816,0.20362415630559733,-0.013671672150658702,0.006692560745260916,0.9789307932535933
1750195102573356032,5.339858212307493,-8.56893214064575,0.5312300138085284,0.20444803424201805,-0.013846733137095765,0.004367530988535798,0.9787697348963488
1750195102630158848,5.331147494187546,-8.566270995117753,0.5307700631826902,0.20506861506060534,-0.014036776058732601,0.001492029238884125,0.9786458020569816
1750195102796372480,5.322199234143456,-8.563454752530339,0.5301773827795127,0.2055730651003133,-0.014117126048561034,-0.0015378035044291223,0.9785387354713012
1750195102856614400,5.3130778859585455,-8.560579675137706,0.5298281420489261,0.20581080401640411,-0.014008522135217938,-0.003847060060017555,0.9784839673630853
1750195103022117120,5.303945463059418,-8.55775585253164,0.5294918402730859,0.20594799448554807,-0.01377125932923995,-0.006048058063305366,0.9784473399102941
1750195103082769920,5.29485405001646,-8.555491559944942,0.5287789029182433,0.20605205472933327,-0.013360524700182565,-0.007622974220023629,0.9784201231503757
1750195103250334208,5.285798804745156,-8.553888095100781,0.5282533421614217,0.20606858861316504,-0.012709414038386102,-0.00786031563477323,0.9784234374849677
1750195103309887232,5.276956051848798,-8.552556148317695,0.5276084613084202,0.20586599497840855,-0.012019252372791119,-0.007612709934749979,0.9784767633068238
1750195103475269632,5.26838987700277,-8.551082665423746,0.5268530239926332,0.20561093074295825,-0.011368729738119176,-0.00769408957649856,0.9785375302607174
1750195103535478528,5.259912444335466,-8.549312549144522,0.5267845384911052,0.20555257749188022,-0.010653031983131394,-0.00807374274589961,0.9785547840944236
1750195103700993536,5.251490581683983,-8.547757810492852,0.5268761947002263,0.20544622618245664,-0.009769793629140463,-0.007601370052217328,0.9785901176964542
1750195103759968512,5.243326757681142,-8.545894291853017,0.5269121584656307,0.2053382080614705,-0.008982329315724496,-0.008130563899280149,0.9786160799827723
1750195103923490816,5.235181856079734,-8.543753982035918,0.5270435114073977,0.2052371856405304,-0.008232754367361459,-0.009520506730248218,0.978631329632094
1750195103981515520,5.2269627241255625,-8.54182840472384,0.5268628010958247,0.20494600671318802,-0.007478590584062247,-0.01052611930956851,0.9786881044681571
1750195104145575424,5.218611103792165,-8.540058970073543,0.5268153470239221,0.20396352509288654,-0.006847048241043103,-0.010847406131565776,0.9788944438203157
1750195104202990080,5.2103070377361504,-8.538552281616978,0.5263687477220689,0.20228155836421297,-0.006398352713703116,-0.01046403251291996,0.9792505993114657
1750195104369950208,5.202158075993687,-8.537203455711877,0.5254500746604238,0.2004120631749756,-0.0060863938109967375,-0.009958785309581865,0.9796421710703784
1750195104427616000,5.193966471984741,-8.53640845302801,0.5252531862408145,0.19872321267295998,-0.00565026045070019,-0.007839640833425539,0.9800080098312359
1750195104591945216,5.1859329425775185,-8.535592407067053,0.5262422479662838,0.1970786001618347,-0.0054427579166064395,-0.0054178916873004294,0.98035761240181
1750195104647951872,5.1781360438864175,-8.534438139714094,0.5277008411877913,0.19535053450561848,-0.005656881320104109,-0.0041225507913460096,0.9807085055902556
1750195104813976320,5.170436311601397,-8.533232772180657,0.5289925767352388,0.19359941306538192,-0.0061113167815356065,-0.003433274419841959,0.9810556211014202
1750195104869185792,5.162696307311433,-8.5322997168355,0.5299142214990935,0.19183957650610195,-0.006660707369817537,-0.002437623734642363,0.9814006673391971
1750195105031350016,5.154872939857142,-8.531618456751215,0.5305305357395942,0.1901679741018918,-0.007205329229118187,-0.0007855948388268467,0.9817248126116764
1750195105085900032,5.146925919844944,-8.53078528587442,0.5307358527334585,0.1888635402188544,-0.007741179925554124,0.0005475078846842358,0.9819726765773462
1750195105246048512,5.138760005888862,-8.52985336512287,0.5307978971108156,0.18797156042495494,-0.00820091696829865,0.0017982939833607195,0.9821385867437629
1750195105300923904,5.130358000994204,-8.528865362175129,0.5307988257111864,0.18744061120232922,-0.008617926116103859,0.0033247449461800533,0.9822325054143736
1750195105460394496,5.122004055870392,-8.527940510132737,0.5300317389598641,0.18775404865702547,-0.009016144753318535,0.004773129239156742,0.9821630941874921
1750195105515195648,5.114254146579438,-8.52682459993619,0.5287168125006527,0.18941371949343974,-0.009774806942249642,0.004428495549478673,0.9818387262906625
1750195105680205824,5.107320660924913,-8.52569773612319,0.5269892590401875,0.19197760665057462,-0.010838697842895886,0.0019298736593010405,0.9813375549531601
1750195105735787008,5.099328829373009,-8.524524598492112,0.5249619771958396,0.19424632538124945,-0.012034553144140009,-0.001334348271301737,0.9808780526248885
1750195105902320640,5.091031108151273,-8.523319599166044,0.5240809149734567,0.19558355016873466,-0.012765699239759459,-0.002912338019849256,0.9805996278367498
1750195105958421504,5.082467339127332,-8.521687139025804,0.5239280659499768,0.19624489668220305,-0.013531046283437133,-0.004796604908603584,0.9804498171217219
1750195106122724352,5.073597677459439,-8.519959181792991,0.5237512672471185,0.19651675938088073,-0.014253707513980743,-0.006563654616750986,0.9803748841859502
1750195106179976192,5.064606407817944,-8.518289508353106,0.5231509811132251,0.19657732508434114,-0.015000885510463366,-0.00811144517986754,0.9803400089528538
1750195106345352704,5.055470852706135,-8.516772101103971,0.5225331118080128,0.19651332201099744,-0.015759312112709287,-0.009292821716359012,0.9803304554171945
1750195106402852608,5.046278685169054,-8.515346842325139,0.5216266680621042,0.1963024962538161,-0.01649147909246535,-0.01039321119135832,0.9803496020517352
1750195106566939648,5.037003429816021,-8.513728243632634,0.5204195996575471,0.19606184616164843,-0.017126497113650743,-0.011787170558101691,0.9803711022804256
1750195106624408064,5.02751079598206,-8.512177983935945,0.5193399547286308,0.19623507209240007,-0.017386914136476143,-0.012525323767346086,0.980322706032164
1750195106794339072,5.017922949807664,-8.5110789961048,0.5185758549203072,0.19746596253608267,-0.017204809954547956,-0.01216372332128997,0.9800832780886987
1750195106850674432,5.008232556835376,-8.510593802183479,0.5183380922583165,0.19988485927073854,-0.016858474680714074,-0.010403537640611304,0.9796191103027324
1750195107017140480,4.998468465628748,-8.510619825121847,0.5187208298437769,0.20311501019380782,-0.016385702958893647,-0.007071149168645904,0.9789922370590828
1750195107073940224,4.989192250569949,-8.510621046055526,0.5192141819931195,0.2066148649874368,-0.016538191573539446,-0.004164887533859203,0.9782737037749356
1750195107243071744,4.9808049654696465,-8.509573641274637,0.5189824708793696,0.20966303659909463,-0.01768159027075174,-0.004544832532013583,0.9776032512971712
1750195107299219712,4.9724110061552045,-8.507881665182369,0.5182192584078327,0.21181811078570192,-0.018917665317592768,-0.006001695673673129,0.9771075629280269
1750195107465804032,4.96380506549343,-8.506162848970803,0.5169142108306359,0.2132483005373222,-0.0201245799626456,-0.006797565692266008,0.9767670943986239
1750195107521317888,4.955162259078308,-8.504183335818539,0.5149747124154134,0.21390909085739426,-0.021581424533696533,-0.007936869634287946,0.9765828941078517
1750195107689358080,4.946173669832058,-8.502145541306739,0.513056110925624,0.2144428229431253,-0.022873633636913568,-0.00836590300279748,0.9764328365225001
1750195107745898240,4.936966794217934,-8.50001117379467,0.5117895648550128,0.21493543742988763,-0.023941533682694572,-0.008081188566142664,0.9763013136799017
1750195107914895104,4.927812896593525,-8.497963681925384,0.5111092716467014,0.21541097877618298,-0.024882350275230364,-0.007397432619636496,0.9761783939721805
1750195107971965952,4.918847129695499,-8.496045569898577,0.5102869424936909,0.21600709947439828,-0.0258177712811913,-0.006886636969680735,0.9760261010311032
1750195108143169792,4.909931565487535,-8.493999395154827,0.5099134165517496,0.21679433095197206,-0.02654862217958626,-0.006533689246436717,0.9758343607561087
1750195108199480832,4.901010569393331,-8.491622598366373,0.5100450465208373,0.2178530089886838,-0.0269364639933102,-0.006832350801863781,0.9755858815935343
1750195108369297152,4.892078215405348,-8.48936491277603,0.5096033639868582,0.21912812688483244,-0.026850543281087304,-0.007337773662914831,0.9752989641187603
1750195108426160896,4.883156668531469,-8.487312300522277,0.5090646295745129,0.22063264647319974,-0.026272908386640127,-0.007474283587248323,0.97497441232065
1750195108595532288,4.874289891819145,-8.485469604324756,0.5087026572859261,0.22252977124440865,-0.025098549415731888,-0.006993851038614544,0.9745776776505742
1750195108653800704,4.86576566616127,-8.48328680622583,0.5083121469438989,0.22451545973541162,-0.02391792776312278,-0.007801280624561782,0.9741457186129451
1750195108821536512,4.857059928081738,-8.481805016957834,0.5072703840067412,0.22713527318423687,-0.022107983035807747,-0.007247709134570036,0.9735852687227303
1750195108880371456,4.8483929496297185,-8.480875772176404,0.5068899008237264,0.23086384726942805,-0.019818361956533123,-0.005447904794847232,0.9727689534964941
1750195109047000832,4.840318457745273,-8.479786826516092,0.5070849528571952,0.23522154518011912,-0.01779839762565541,-0.004906400800997304,0.9717664168699268
1750195109103112448,4.832551937527351,-8.47881158060897,0.507463901147561,0.24023002162749954,-0.016038573406061945,-0.005214751280342522,0.9705694757414504
1750195109273153536,4.825163872152021,-8.477712248619548,0.5075735772002963,0.24515865821589683,-0.014671984478579965,-0.006394371722272261,0.9693508535012073
1750195109337434624,4.81787633815509,-8.476197217552018,0.507605018465886,0.2491690783043619,-0.013465128728140452,-0.008603154155356285,0.9683281708511163
1750195109502152448,4.810737740925068,-8.474297105246718,0.5079053279032779,0.25216005080568876,-0.012639564449934375,-0.011661296448068703,0.9675327200427585
1750195109558224896,4.8033907499715935,-8.472000979980052,0.5087730836234883,0.25443817403781,-0.01239756258341158,-0.016101500984922284,0.9668755130317077
1750195109722441728,4.796109759327921,-8.470278739524169,0.5099262145301622,0.2561986154493867,-0.01239551217692772,-0.019826461334736645,0.9663413124515743
1750195109777308160,4.788902736609023,-8.469273322513931,0.5113217930161849,0.2576305463949631,-0.012487933640976594,-0.022373796916722352,0.9659037044597875
1750195109945328640,4.781503312290657,-8.468646858925593,0.5123274664543986,0.2587740053839183,-0.012857666326113494,-0.024772415546047654,0.9655345783462258
1750195110005944064,4.774451293194845,-8.468150677997594,0.5136489194278484,0.25929067890180424,-0.01389607564394308,-0.02761592683936231,0.9653044097595027
1750195110174344448,4.7671649630066915,-8.468521177925185,0.5147873615691689,0.2594793837563766,-0.01492906049172772,-0.02869853367810481,0.96520669637284
1750195110234716160,4.759636855729434,-8.46973341622467,0.5151324105074635,0.25923681464206594,-0.015978263054871496,-0.02823450379005554,0.9652687614544012
1750195110401916416,4.752311649569556,-8.471085570211594,0.5142825977555727,0.2584240891747064,-0.017246422485032834,-0.02759963723823723,0.9654832008222665
1750195110457213184,4.744970827454712,-8.472433425466068,0.5130473521516761,0.25709361119556645,-0.01863564164163263,-0.026308242426885453,0.9658485721496075
1750195110619775232,4.737616409748199,-8.47200847597895,0.5119927803271196,0.25788264412783346,-0.02031777919613396,-0.026053137690543585,0.9656111866184295
1750195110678196224,4.731412458614286,-8.468561151081127,0.5117415215992431,0.2628925403678872,-0.022218937990571053,-0.027033157670808473,0.9641903543387246
1750195110840815360,4.725344637079376,-8.46450206165386,0.510965946158787,0.26892296998561477,-0.024099011779445685,-0.027368538206872586,0.9624711096764357
1750195110901291008,4.719368974578605,-8.46095355419917,0.5100305119903363,0.2734665957843666,-0.025852829649670634,-0.026322480184889446,0.9611736467601112
1750195111071571456,4.712918821922351,-8.457479384272188,0.5086018219819808,0.2771513820125434,-0.027663359625399935,-0.024247537896957216,0.9601218187754659
1750195111127072000,4.706412323149069,-8.4538909660194,0.5071356674524208,0.2794978773909519,-0.029536713285741083,-0.022354153711502636,0.9594315040241649
1750195111289611264,4.699818060776582,-8.448782854703026,0.5055164419968907,0.2806857535840108,-0.03184372903844971,-0.021563617286180056,0.9590289333828448
1750195111343176960,4.692309428421485,-8.442075082916357,0.5045688086453812,0.2830665211551925,-0.03309176898143823,-0.019695052375756344,0.9583268671693871
1750195111503443712,4.683943187544584,-8.43300899672616,0.5037620673307743,0.28734649108391286,-0.03343600903400476,-0.01879223890603997,0.9570584512549581
1750195111555340544,4.6745851549440385,-8.422950164422222,0.502688472281728,0.29182158155834187,-0.033227688344084294,-0.018098009312409104,0.9557240958158503
1750195111716344320,4.665288188815788,-8.414359800873275,0.5021970480235014,0.2959312636118943,-0.032870630802691564,-0.017684827675671064,0.954479678001466
1750195111766617856,4.656093655702871,-8.407457869430866,0.5020148505224737,0.2988421958471527,-0.03207578045686783,-0.016899367865085817,0.9536135997641264
1750195111932174080,4.646929700629538,-8.401718028864348,0.5019649422669983,0.3006839639141983,-0.03111494228460623,-0.015734945811597244,0.9530862635101698
1750195111981911296,4.6382563207416005,-8.396267034072936,0.5025270714068033,0.30167012301385154,-0.030317060778328943,-0.015141562497594347,0.9528099211236741
1750195112147209472,4.629485327188977,-8.390686945372872,0.5027686483252038,0.30184596994769675,-0.02968486454884976,-0.014565032279951028,0.9527831227922412
1750195112204311808,4.62146575517237,-8.385544846229426,0.5023352977546995,0.30153515159632427,-0.029234186459954466,-0.014262912083287867,0.9529000388460013
1750195112368409344,4.613646569489564,-8.381162910409657,0.5012882195117707,0.30015518151185566,-0.028765669223388798,-0.013959260619250161,0.9533543634602402
1750195112424628736,4.606053150152746,-8.377339862346304,0.501226365624301,0.29705446109047184,-0.02878057490972459,-0.014744210790019686,0.9543128071561728
1750195112587056384,4.598508319677235,-8.374495464914647,0.5018647324058478,0.29280307415726553,-0.028930265040263813,-0.015531086548618482,0.9556088032659463
1750195112641501440,4.59106383244296,-8.372078831391299,0.5023671656883097,0.287490069707555,-0.029375666515236085,-0.017362849805588578,0.9571755646081649
1750195112805538048,4.583474907080379,-8.370780222013858,0.5019149495399318,0.2815407672987507,-0.029422485537234443,-0.01769807847141013,0.9589347692685157
1750195112859567616,4.576372092744135,-8.370400396956729,0.501056104781985,0.275228082328715,-0.02921272411388726,-0.016475264844535764,0.9607937786516971
1750195113017842176,4.5690096260568005,-8.370318065034684,0.49966978216434255,0.2675372388709653,-0.029164044072920163,-0.014928296959667634,0.9629903583632063
1750195113069173760,4.561654971177882,-8.370178601115493,0.49854279435265525,0.2591354158189734,-0.02924726439033553,-0.013294540346096822,0.9653065259237583
1750195113235227136,4.554277597874712,-8.370114117396817,0.49717812947674345,0.25048323225677877,-0.029354370981524658,-0.011260464177543394,0.9676102899457931
1750195113286247680,4.546819015777643,-8.369853128661317,0.4958877485496025,0.24198712754603702,-0.029636807749249434,-0.009405050691987516,0.9697811272395092
1750195113455848704,4.538564693648709,-8.369524094967364,0.49469639474555027,0.23439585688412867,-0.029871154415540026,-0.00660394541447671,0.9716597574842752
1750195113513596928,4.5306787465049965,-8.367994894333922,0.4946661107642343,0.22936838885174413,-0.02960608864930194,-0.005123446864021557,0.9728758255824204
1750195113686285056,4.5227795151072385,-8.366245808476755,0.49515458588471173,0.226039195751626,-0.028865924594192415,-0.0032217347169773273,0.9736850932445735
1750195113743197952,4.514910078538178,-8.364515851050053,0.4955283670023207,0.22380943868208086,-0.027747233698657826,-0.000801777957969393,0.9742375394794588
1750195113915352320,4.507102109221684,-8.36284357657591,0.49616480564700405,0.2226668847198474,-0.02609394266347256,0.0019296961564750146,0.9745434012285842
1750195113970785024,4.4996042798055305,-8.36119880006759,0.4965196406058787,0.22265330480022033,-0.0243459278148758,0.004115012900458731,0.9745849620885817
1750195114142421504,4.492419991610172,-8.359544218939016,0.4967288065406974,0.22411650630757654,-0.022374354720237216,0.005952671450241436,0.9742873013408029
1750195114205051136,4.485344616120409,-8.357313143104506,0.4960863273058278,0.22628269824694097,-0.020624053545329698,0.0056298434956956874,0.9738270348227437
1750195114376794880,4.4779564790772834,-8.354983377325413,0.4947633513516063,0.22842138378220977,-0.018322066673057285,0.004711615316015511,0.9733785358147994
1750195114432917248,4.470261645446547,-8.35238262532646,0.4938960574673392,0.23017085816398772,-0.015888263644099145,0.0035154559525166908,0.9730141729182956
1750195114603424256,4.462409026462746,-8.349472345503855,0.4938247362643575,0.23156953369969133,-0.013290695559521263,0.002301635328086135,0.9727248382499893
1750195114659585792,4.4547569757087935,-8.346244429975432,0.4941217995969387,0.23233624800930547,-0.011120492861711871,0.0001659351448119387,0.9725719381953186
1750195114825541376,4.4471255136291505,-8.343168866569643,0.4949868348647901,0.2329231851670996,-0.00931490169077299,-0.0022303670819796627,0.9724479666700854
1750195114880225536,4.439549881583984,-8.34038500685432,0.49570073549259996,0.23339366243419465,-0.007777152871388441,-0.0046039487674571725,0.9723403302776836
1750195115048007936,4.431952819363605,-8.338094486401321,0.49573143110660833,0.23390785938329892,-0.006216466551119012,-0.006367760349863495,0.9722180416400779
1750195115103592960,4.424426512402249,-8.33581834268905,0.4960904047098751,0.23417114433074462,-0.00492137362987888,-0.008288401393436473,0.9721476007514321
1750195115268285952,4.4167670651252315,-8.33398717291729,0.49719186962804063,0.23422589365180588,-0.0036683686631562755,-0.009080701937175407,0.9721328688336242
1750195115324395264,4.409298713807431,-8.332436668708516,0.4981751073842702,0.23404985791688243,-0.002562164864330351,-0.009792513306454266,0.9721719014677589
1750195115485912832,4.40180384279736,-8.330725971727865,0.49950059928288226,0.23359720830800507,-0.0017139307719701033,-0.010793045754751913,0.9722720385135794
1750195115540566016,4.3940941687920425,-8.329468620418442,0.5012530887088706,0.23281427581487335,-0.0008484313898996025,-0.010091584340513444,0.9724684843564192
1750195115704154112,4.386642205350315,-8.329658649001354,0.5040257030786974,0.2306451716865323,0.0005283634607066598,-0.004653124075348133,0.973026656390298
1750195115763439872,4.379729241277934,-8.329627671632974,0.5049473990444961,0.22785888268783877,0.0013000138156056943,-0.0009338932738738669,0.9736928506401196
1750195115929602048,4.372528859492204,-8.329539479330338,0.5058458577632403,0.22468116294457638,0.001788405346533879,0.003158624643957538,0.9744255742305555
1750195115987184640,4.365732026407277,-8.329195767980636,0.5063826951753634,0.22101060997634842,0.0018742883675796744,0.0068719760353653,0.9752453913074222
1750195116151405056,4.359760790038802,-8.328552850565895,0.5043804175372002,0.2166990244079877,0.0011295920168498954,0.0075522891146967645,0.9762085943954959
1750195116206914816,4.353992191802967,-8.327645644275433,0.5010704660801437,0.21189119788630917,-0.0007013066147555843,0.00480608717237571,0.9772811928781954
1750195116373612288,4.346129248489191,-8.327150510087591,0.5021350165743308,0.20905811547819533,-0.0020224403972599584,0.0076950658588299855,0.9778708503933294
1750195116423102208,4.337793261336649,-8.326417551831948,0.5047417712544289,0.20614499796026747,-0.002876144923935374,0.014666431555617402,0.9784073095555668
1750195116588741888,4.330421312986143,-8.325558999709404,0.5046235264918808,0.20298889951422466,-0.004149604079652721,0.019064919457666932,0.9789866272355608
1750195116648428288,4.323511635212599,-8.324045818510296,0.5027795814871516,0.19931090297571027,-0.0064740764002636595,0.019569993371754194,0.9797194831425984
1750195116822969088,4.316274686900958,-8.323081643162322,0.5009223239623504,0.19589262892972514,-0.0092487421421865,0.019893935502013838,0.9803799110702085
1750195116876478720,4.308620729077305,-8.323323448563844,0.5007937927306902,0.19316812639606573,-0.011398681035223027,0.024427065446854662,0.980795321914285
1750195117055124736,4.3012125121324996,-8.322191396376287,0.5000001874853095,0.1903978449366609,-0.014461785834716037,0.0244565853443275,0.9812957723475841
1750195117110307072,4.29384533217341,-8.320661782065569,0.4983757357068863,0.18792220006705776,-0.017499500536735744,0.02245512265158267,0.981771247119014
1750195117279804160,4.285003727426316,-8.319144351385264,0.4981251336191268,0.18767322877018394,-0.01932131484810188,0.022654593750649623,0.9817801257804658
1750195117331283968,4.274481776236878,-8.317304596859191,0.49956494560573494,0.18845804379197625,-0.020635210477434038,0.025640438817655927,0.9815295827003339
1750195117503077376,4.265511285439844,-8.315677781733097,0.5006993899887235,0.18789583740175736,-0.02224686239646727,0.02798229301372583,0.9815381921648791
1750195117557022976,4.256634866593171,-8.313494118284336,0.5003427414447894,0.18718237692424944,-0.02411203900583105,0.027691733927338546,0.9816386989193464
1750195117732290048,4.247530699345914,-8.311230538865873,0.49939467728439846,0.18675505469257309,-0.025502730143486137,0.026889770978052892,0.9817072376827779
1750195117789096960,4.238138259926444,-8.309033281577504,0.49842065062019447,0.18690142217134956,-0.02627323389590694,0.026401626886777614,0.981672312774843
1750195117961905408,4.2286913694091055,-8.306644249057785,0.4972510463085045,0.1874592111550882,-0.026662739130539317,0.025449712633666834,0.9815805899782416
1750195118016963584,4.219158205091796,-8.304405513454643,0.4960320124526212,0.18857991828009404,-0.02632992035250238,0.02531214592556787,0.9813784412673566
1750195118193120000,4.209871517551269,-8.301941973875616,0.4946981854791974,0.18981696159167075,-0.02567382352695758,0.02473704187128486,0.9811719801528532
1750195118247992320,4.200791750531815,-8.29950938393092,0.49287668898142956,0.1906705391976301,-0.024860020717733754,0.02351156495131298,0.9810575575192003
1750195118421844224,4.1917683928767735,-8.297232686415267,0.49100129661312497,0.19114559029602515,-0.023764323096123634,0.02181622233594519,0.9810314330851769
1750195118476121600,4.182790484148899,-8.295100732471726,0.4892960773493389,0.19139322738585077,-0.022488061685015086,0.01946839464191936,0.9810626387762126
1750195118649508608,4.17372401392041,-8.293672232130541,0.4875294379652284,0.19213301959802867,-0.02065951276075469,0.017914441068907536,0.9809878491162978
1750195118702656512,4.164488651450075,-8.292877356652216,0.4877058770029672,0.19399333041861164,-0.018308851752357955,0.017379390920167912,0.9806779953031726
1750195118871326464,4.155337163997817,-8.292870520744666,0.4900904044587646,0.196738447540607,-0.015125472361734504,0.01891868341388105,0.9801567664221024
1750195118921976064,4.145671274540218,-8.293400086442038,0.4936044874266554,0.20003288974427513,-0.011285148873830447,0.02143832754123587,0.9794896051248757
1750195119090509312,4.135912682419603,-8.293844532091072,0.49679877946152784,0.2034647856033296,-0.007446418518658587,0.02239345282514923,0.9787978162732096
1750195119145337856,4.127642353082564,-8.294371356943332,0.49826753850754324,0.20657562847270453,-0.004343595141155382,0.021961089910454673,0.9781745005019818
1750195119314736128,4.119784684330613,-8.294860961475012,0.49796235613438045,0.20985308339416045,-0.001552896745877946,0.020116633316544476,0.9775247275469137
1750195119368940032,4.112415670935857,-8.294747285192006,0.49732933321238226,0.212816474506783,0.0011818756267203973,0.0167497411843553,0.9769478990809918
1750195119535406080,4.107710220270162,-8.29656845393277,0.5009819614706066,0.20939317570604052,0.0042116605163477466,0.019730947472185487,0.9776233679670735
1750195119587554816,4.1038749900486495,-8.298843104236033,0.503848391331875,0.2029982664025549,0.0070583215888622205,0.02228713774288432,0.9788999782537209
1750195119751859456,4.100788838886832,-8.300496741356147,0.5040259658066106,0.19658413972671634,0.00895290047243513,0.02153660040349033,0.980209516595354
1750195119799399680,4.09794385865507,-8.301899382240858,0.5022839344267407,0.18943386776948556,0.010075116464269644,0.017331075622795396,0.9816888181027027
1750195119954005760,4.095557077314994,-8.303097458822807,0.49960189538935307,0.18181909866577614,0.01007240760648361,0.009145841733828031,0.9832378733268736
1750195120001797120,4.093382277581586,-8.305366616714258,0.49729296729812944,0.1734562899386044,0.009666866762815333,0.0008679305073170154,0.984793741787771
1750195120162130176,4.090946159784556,-8.311077369995413,0.4981082589556345,0.16395813120620062,0.010399983325751904,0.0020139969000996264,0.9864104193360292
1750195120211737088,4.0886412023652605,-8.316946325106944,0.49962581685971186,0.1534974294643947,0.011208599725501938,0.0042201729479684974,0.988076462921927
1750195120370376960,4.086842462585322,-8.322045867538613,0.4996571594906247,0.14306527404803882,0.011551368556426283,0.0036288725437780217,0.9896391890634153
1750195120417183232,4.08605215287319,-8.32714552244666,0.49781104024901035,0.1333026984690536,0.011367949887857127,0.0008920691180065755,0.9910097701379662
1750195120579668992,4.085159739656578,-8.3325492505997,0.49511377331639617,0.12427107895045889,0.011026478824381352,-0.0012490715550261672,0.9921862504194838
1750195120631702784,4.083002512350565,-8.338449084790797,0.49458804879990925,0.11750596606629053,0.011202999101319463,0.0007628878718674854,0.9930086901694558
1750195120799141120,4.079845478548859,-8.343836309591381,0.49627914550477215,0.1132386191524859,0.011879606490404369,0.005302944648866573,0.9934826464816194
1750195120858034176,4.07703017496558,-8.34821602559403,0.49723807174565593,0.10942919585977294,0.012422094444864019,0.008137979302942834,0.9938836531284491
1750195121028101632,4.074964130025065,-8.351156865383789,0.4965442889069145,0.10527256310288456,0.01248688954702576,0.007410478553758805,0.9943373923647817
1750195121091595776,4.07288678706621,-8.353746492154935,0.494683357506577,0.10135352376688428,0.012314910639993173,0.005191257519889933,0.994760703406265
1750195121279320576,4.069668819870397,-8.356314524770692,0.49437499873172674,0.10020299232617963,0.012814438153623231,0.0056814704891185374,0.99486826836359
1750195121343217152,4.065252538132631,-8.359163802111386,0.4948994653369403,0.10151972275989977,0.014127615458457582,0.008657264517232798,0.9946955353992949
1750195121531947520,4.06108130922737,-8.361058201588769,0.4950242456293785,0.10323240779680518,0.015174605204634449,0.009538144875683954,0.9944957642592992
1750195121606640384,4.056606419948192,-8.362583488449788,0.4953132181336186,0.10602152719682556,0.01619200819441649,0.00937411441509598,0.994187799472724
1750195121784922624,4.051715503797908,-8.364049428434521,0.49568699587700893,0.11000788932392408,0.017280759519429756,0.008964736143160863,0.9937400430408398
1750195121839617024,4.04630683499871,-8.365462847858367,0.49676369882936733,0.11520425324128386,0.018492773839578328,0.009464522480324233,0.9931245743435492
1750195121998190080,4.042414964408403,-8.368838189006205,0.5013887928894802,0.11826243669096577,0.019537019817616342,0.016594582522191804,0.9926514598566183
1750195122045631488,4.039947647393247,-8.373521006718827,0.5061908304713021,0.11949537202419479,0.020579448224395242,0.026926621528332438,0.9922561662336238
1750195122207337984,4.038065716388044,-8.377276991849731,0.5085707296466726,0.12007246945999563,0.020957918815519606,0.03301458446393841,0.9919946597282536
1750195122288544768,4.036775862232967,-8.379349345452429,0.5086108920076042,0.11945334007374549,0.020538232849556675,0.03343839056838223,0.9920639871363337
1750195122458784768,4.035329581810859,-8.380660520000795,0.5068635402440513,0.11765257930744241,0.01957079316038526,0.029677862403346127,0.9924182984611618
1750195122510548992,4.033478257816651,-8.382601510458988,0.5036001092736098,0.11561929612838306,0.01826521569904496,0.023864316322338604,0.9928388865595021
1750195122668751104,4.0313937684039605,-8.385186750336604,0.49962800247820693,0.11329384779542268,0.01648991827004247,0.016244032794012694,0.9932918594480385
1750195122721925376,4.030559248478774,-8.392083454557454,0.5015438539375237,0.1084618233551063,0.014767061406117655,0.019727000514937414,0.9937951560671834
1750195122883005184,4.03099608038491,-8.39955402519715,0.5048916227294975,0.1024609416135538,0.013280629820916266,0.026350554533598185,0.9942992651063337
1750195122931210496,4.031900428844288,-8.406237483380634,0.5060724763587428,0.09543501484729507,0.01127760010078561,0.028909959915689242,0.9949518520484981
1750195123091115264,4.033208060504988,-8.412089740861674,0.504820092093131,0.08763632595900205,0.008752307556739865,0.02750387733596695,0.9957343060356652
1750195123139217920,4.034915712501222,-8.417495971987435,0.5019737638375732,0.07965281919913486,0.00552425112296275,0.022023813888901695,0.996564028381994
1750195123304385536,4.036054648486535,-8.423456526672261,0.49886458342933393,0.07226552422509462,0.0024201476905879884,0.01640058552083447,0.9972476411043556
1750195123362537472,4.034482105232238,-8.430865593009347,0.49915948121375564,0.06905354942560897,0.00145328656104618,0.017305502189062492,0.9974617861672099
1750195123538280704,4.031120600773532,-8.43745927240997,0.5013461783734763,0.07064259087962561,0.0023572804218977847,0.021665981868890807,0.9972635824156437
1750195123598333952,4.02796585748652,-8.443079269947305,0.5026846191252932,0.07257682522819345,0.003131800413069898,0.02349963384994552,0.9970810215197595
1750195123776064256,4.024953708179039,-8.448310353592527,0.5025169563749334,0.07457656171350747,0.003774875809180276,0.023339453339806134,0.9969349811664829
1750195123836177152,4.021957335033212,-8.452735758307686,0.5011057663917753,0.07674179872279827,0.004333785024480168,0.02061760320426481,0.9968283849661698
1750195124011075328,4.0176209028019585,-8.457208251476212,0.5010147363509327,0.08095732343111452,0.006044447996267979,0.02044495780768073,0.9964895283601993
1750195124062994432,4.012251284036072,-8.461533268946987,0.5018669289256539,0.08674321047255172,0.00862932241845537,0.02145759382497572,0.9959622090715868
1750195124226605056,4.005768189289381,-8.465292818402439,0.5039314043878269,0.09434111128301262,0.012123139924219671,0.023001198509177284,0.9952003461953806
1750195124273975552,3.999714665300354,-8.468085659366354,0.5040024857944116,0.10140365425449362,0.015071170346011003,0.021071803795437168,0.9945079878075606
1750195124436217856,3.9923727432988394,-8.471073071431125,0.5051902169341576,0.10969074709813595,0.019163066240931236,0.02122751165306798,0.9935542811755769
1750195124483510016,3.9849241881883506,-8.473493672378758,0.5054315086798229,0.11827299707994986,0.02335230488663455,0.020132521130388933,0.9925023171817495
1750195124644702208,3.977585495862733,-8.47518238257809,0.5049205544300972,0.12666378389097024,0.027439042839854075,0.01707079347846601,0.991419171081773
1750195124692354304,3.969651933344657,-8.477335591931903,0.5046988892842101,0.1355093743689854,0.03235805210540489,0.01574292655023397,0.9901223793984781
1750195124846819840,3.961611759897547,-8.479710978492173,0.5035501878758417,0.14476422635015265,0.037643756367010256,0.01502388955195971,0.9886357009124005
1750195124896117248,3.9542191877956667,-8.481169440580203,0.5022140321000701,0.15354132432692189,0.042545456426157896,0.011910330687696761,0.9871540355407228
1750195125047240704,3.9473642816891035,-8.481972133206614,0.5026079988997068,0.16167886965365638,0.04730461716643558,0.00807573959603951,0.9856759095829775
1750195125096386304,3.940857016365934,-8.483219868022491,0.5044128793049856,0.1693345392439059,0.0521715235636349,0.00709590701954845,0.9841512048723371
1750195125247621632,3.934657956282669,-8.484968326688,0.5078211408990985,0.17639084879794117,0.05718553545170522,0.010024955519089378,0.9826065251474182
1750195125296665088,3.9290218830386805,-8.48650836856756,0.5119103183061804,0.1827327169243805,0.06194423769211212,0.01445112443205994,0.9811028644259614
1750195125444241152,3.924077047177631,-8.487507094699229,0.5156503320878372,0.18856129003596964,0.06620797914119483,0.01839869791972451,0.9796543427724234
1750195125495349248,3.9198287393689997,-8.487699892440055,0.5187150934019304,0.19389153824263178,0.0699019782342942,0.020888945800187592,0.9783064125212485
1750195125649680128,3.9163593955325955,-8.487240950407589,0.5204980923650693,0.1987019137267511,0.0729446768638821,0.021670338618871687,0.9771013355955943
1750195125708088576,3.913618669512825,-8.485807683361944,0.521120023381314,0.20270832491315077,0.07516554055353447,0.019865600696607297,0.9761479572447829
1750195125860961536,3.9105674924551863,-8.484046734332791,0.5216741061539372,0.20647069969597126,0.07695374269952099,0.018272438806247574,0.975250782943374
1750195125918994176,3.9067740888296996,-8.481834498413036,0.5232754914516429,0.21053969585001578,0.07866608276053598,0.018161933421370388,0.9742457739548543
1750195126070885632,3.902578608071823,-8.478938708056441,0.5250711994795796,0.21470982400096222,0.08027483703684496,0.017139939161069994,0.9732224126589659
1750195126127619584,3.8981032444914283,-8.475788987636252,0.5266365148115137,0.21915875578449823,0.08169982088873527,0.016230044759125564,0.9721271340091561
1750195126277305600,3.893463707857495,-8.472218618337374,0.5280815747478411,0.22375124275844152,0.0828385982790594,0.015210273246927673,0.9710004096739443
1750195126334548992,3.8886869983060484,-8.468192632743932,0.5294205086751691,0.22829633578116207,0.08355382629607185,0.013484486254668304,0.9699060314332663
1750195126482826752,3.883693781991298,-8.464078111454139,0.5302633559512078,0.23286533369356652,0.08398694667622211,0.01149951231265858,0.9688073546213202
1750195126538437120,3.878455278587346,-8.459919484015009,0.5302776562026414,0.23720746275867016,0.08428044378058064,0.009668454233105143,0.9677478738806327
1750195126688149504,3.8729144498726065,-8.45581013478918,0.5294896573564127,0.24104064937388456,0.08448332114818634,0.008200065217108846,0.9667961174558075
1750195126745616384,3.8670543337598406,-8.451996009521023,0.5285007095519503,0.24402156623508064,0.0846513430700943,0.007676813293869837,0.9660376244568627
1750195126893992192,3.8610301255580977,-8.44851530112283,0.5277904174945736,0.24606804167994895,0.08471773928681664,0.008210202662343685,0.9655081646916142
1750195126951510528,3.854968765980503,-8.44476653973663,0.5271535429591356,0.24708737717002646,0.08425901806348933,0.007903211406291442,0.9652905185319502
1750195127097739008,3.8487233271893593,-8.441244462867074,0.5259001591804902,0.24757215407509153,0.08351979393264347,0.007470172952840654,0.9652339970515557
1750195127155325440,3.84230660993465,-8.438160039178525,0.5246552875693857,0.2476785941443316,0.08260375636626083,0.007748862929673665,0.96528332035738
1750195127302344960,3.835758154272864,-8.435386078856869,0.5251156886509567,0.24717239177665126,0.08159923803928675,0.009854487712653445,0.9654792914230417
1750195127359287040,3.8293082212597946,-8.432472026569942,0.5258062886380914,0.24610179153777076,0.0801961195403058,0.01171296245921606,0.9658495209518954
1750195127505460480,3.823033716275878,-8.429602156742668,0.5263058119279931,0.2446361776170943,0.07829405038914064,0.013016512742304608,0.966361088139723
1750195127565104384,3.816760649292388,-8.427432518953182,0.5268969765838114,0.2432138683297732,0.07632809362858882,0.015911635059462147,0.9668339341607882
1750195127716794368,3.810720061660473,-8.425633760584077,0.5270664517649495,0.2422946067622123,0.07432295102449585,0.019864740937386438,0.9671477728622683
1750195127774330368,3.805382619044807,-8.423956027836763,0.5269062427772524,0.24219926925219665,0.07182392579481751,0.02390294405219439,0.9672690871328204
1750195127925993216,3.801214217567658,-8.421809029755677,0.5255754606465315,0.24261857437866102,0.06826766246877462,0.02538477843064697,0.9673837742341672
1750195127985152256,3.7974692554382896,-8.419763711923087,0.5231436430241532,0.24371660002579307,0.06400626554187148,0.025439406534697517,0.9673976707840543
1750195128140398592,3.793339911500769,-8.41769642596227,0.5212917280451435,0.24593347204209792,0.05958376675173511,0.026395412653840187,0.9670934723488867
1750195128195333632,3.7888797298589747,-8.415293496854762,0.5196823226680265,0.24929702488627237,0.055006008409527185,0.027903847942877542,0.9664609188641231
1750195128347616000,3.7839744697205253,-8.41247177335492,0.5183996039992187,0.2537391555476099,0.050453460204816156,0.03011129522900876,0.96548650906938
1750195128399523072,3.7790547866836466,-8.409454155253938,0.5174845412128533,0.25873412827644,0.04629901462493064,0.03264708642859708,0.964285860031928
1750195128545454592,3.7739340504612615,-8.406229483799176,0.5170340034049539,0.2642883227143408,0.042492322572991036,0.035708424511304994,0.9628452593320037
1750195128594520832,3.768413819307194,-8.402803132200534,0.517577063544572,0.27052279118238004,0.03950676836524976,0.040243190751663084,0.9610604144913857
1750195128744057600,3.7629652272703242,-8.398959517373816,0.5186327170378906,0.2771356483340525,0.0370385059129386,0.0450280264151962,0.9590601953680248
1750195128793287936,3.758192332491422,-8.394395789871533,0.5190203204244748,0.28379253694377826,0.03429861324843169,0.04804544516540744,0.9570668922824082
1750195128944705536,3.7537702837150855,-8.389470404090588,0.5188743011827124,0.29030644019225155,0.03161539260373541,0.05025624582606921,0.9550900206205089
1750195128994003200,3.7489589692557197,-8.384224462181914,0.5183728280030451,0.2973028020690629,0.02918893412426471,0.052730865355998746,0.9528790615001362
1750195129152167680,3.745499351300483,-8.38204404531642,0.5212768903690685,0.30299609486532525,0.0273216863266335,0.052239797275500904,0.9511665971496509
1750195129203737600,3.7421977073685975,-8.381520055252615,0.5247386693551146,0.31014581131802593,0.02609336070992367,0.05270300402115241,0.9488683289139183
1750195129356156928,3.7388302833715708,-8.381929194204261,0.5263381615922031,0.3171956010977237,0.025777142881547817,0.055248846439080526,0.9463984649798775
1750195129405564672,3.735742270724156,-8.381631148231284,0.5271857045578883,0.32430475027873606,0.02479756144297419,0.055367226621052715,0.9440052860601056
1750195129565222400,3.7324027531138997,-8.38106264633586,0.5282429169147069,0.3305105349309705,0.02440938339674271,0.05563220324923683,0.9418450118058013
1750195129617183744,3.728781797456081,-8.380958087968251,0.527811086040971,0.3365529066618923,0.0249043133574981,0.05720644357937344,0.9395953059730677
1750195129777958144,3.72515978477487,-8.380462819694964,0.5266539414620555,0.34225289340921156,0.025714716836858158,0.05861076704228172,0.9374254574512783
1750195129837391360,3.721497339495153,-8.378219295660685,0.5261506165530663,0.3464133193614001,0.02596539738353775,0.05713616978872997,0.9359802713784118
1750195130003359488,3.717227803588703,-8.375138470627208,0.5265969101282888,0.3493147673704398,0.026731230305574644,0.05541328909674973,0.9349834233903646
1750195130061119744,3.712767623014665,-8.371163532262186,0.5273044154887674,0.3510055899355857,0.027290010880507535,0.05199095943475635,0.9345305084785444
1750195130225560320,3.7079938255066742,-8.367290663351739,0.5274849526895045,0.35246465944238814,0.028309512387067155,0.0488957164077894,0.9341180033965393
1750195130284091392,3.7027136604370883,-8.363146379537431,0.5276265193810503,0.35358165967422567,0.02981151501915518,0.045902769237843054,0.9338009527145386
1750195130443711232,3.696761660278943,-8.358410833888918,0.5278325314865557,0.35426731777600867,0.03191421846804308,0.04288462265768568,0.9336150488048456
1750195130496489984,3.6905772389026312,-8.353382029373904,0.5278990144112212,0.35434353247418604,0.03418884408807948,0.03950692153164314,0.9336546401559462
1750195130651299328,3.683723696920846,-8.348086139736255,0.5276567040964575,0.35413368048329213,0.03659267083338241,0.035556109058647485,0.9338019468266527
1750195130703445760,3.6764467982396094,-8.342801560014124,0.5270249436584034,0.3539722389606547,0.03914334523974502,0.03134396559456404,0.9339105997842782
1750195130852750592,3.6690276165376114,-8.337517668898347,0.5259409881204391,0.3539617731073722,0.04188205021680002,0.026966273690337824,0.9339324264268697
1750195130905970432,3.661784046977698,-8.332480000540096,0.5252715428030323,0.35402949436611064,0.045089126924588406,0.023676770341551193,0.9338466139030797
1750195131055687168,3.6550634373367137,-8.328584106049625,0.5264887310894375,0.3531708610269089,0.048761256222155096,0.023912608477864607,0.9339811935841822
1750195131114827776,3.64907958290554,-8.325175080538834,0.5278292168245868,0.35161922791950334,0.05226181715193858,0.025009645199688943,0.9343485102852441
1750195131268703488,3.6436396110181635,-8.3219630929687,0.5295792383373641,0.349456566538773,0.05560970488432827,0.02700338008385203,0.9349109509946156
1750195131326783744,3.6388013757795674,-8.318738048638714,0.5311850002305971,0.34681118135356637,0.058468412630670145,0.028736476129715312,0.9356696340868607
1750195131476937472,3.6343712344564967,-8.315792491256921,0.5322275119488533,0.3437884937550472,0.06105368254538747,0.030629517142904347,0.9365595293887492
1750195131535079168,3.630307095509159,-8.312912445047537,0.5336456326662447,0.3401203750798718,0.06319249800022123,0.03248590084545566,0.9376937159319554
1750195131684208896,3.6264891066557485,-8.31001062542488,0.5354105186487828,0.3361942616967074,0.06485781931479154,0.03413733688792846,0.9389363790513903
1750195131741897472,3.622782460152334,-8.307230033647029,0.5367084820396841,0.33218476234714267,0.06621545104316319,0.03574826236026389,0.9402078809740666
1750195131890568192,3.61920475073461,-8.304298518994095,0.5374819316479043,0.32800188146059184,0.0669706468240651,0.036321877964795954,0.9415999253416434
1750195131946052352,3.6161090142465913,-8.300999440518417,0.5368498311157106,0.32340665460987755,0.06646065901142911,0.03378829550648939,0.9433183278430352
1750195132087203840,3.6133924723064896,-8.297986839948393,0.5354436636846467,0.31899588931089096,0.06511998831908976,0.029799649654759834,0.94504655472867
1750195132147930624,3.6095380769745997,-8.295848804950808,0.535865721033419,0.31530891366765584,0.06421216923358866,0.02905008033627083,0.9463684161659749
1750195132306131712,3.604909792216004,-8.294211308201152,0.5371330746338829,0.31295713904367933,0.06414581824247928,0.03203947947027752,0.9470568171334134
1750195132373948416,3.6010916103274644,-8.292427299086842,0.5377570479705214,0.3115085958650898,0.06358491002183717,0.03450585664201054,0.9474854615122471
1750195132533783808,3.598339554066031,-8.290707970667475,0.5368557573432797,0.31073338089662794,0.061980784545989716,0.03507070233189452,0.9478255082986331
1750195132602595072,3.596032564393264,-8.289366186443052,0.5343396764034734,0.310315287006156,0.059363850626262135,0.033549534736194694,0.9481849949287823
1750195132767257088,3.5932385056366862,-8.288160875727897,0.5320111638031229,0.3103234456165604,0.05648907003016219,0.03232288455392966,0.9484005352180619
1750195132841021696,3.5899195254483174,-8.286512007381344,0.5305818913340108,0.3108645029853178,0.05371155198555967,0.032450521692405275,0.9483803528167823
1750195133000784640,3.5860544332858253,-8.284338578948619,0.5307906901718007,0.3126939019495476,0.05134247445821166,0.03526784675804884,0.9478093969702587
1750195133060557312,3.582500872031002,-8.281809657365448,0.5314702224883208,0.3152004217109407,0.04923388998899916,0.03893919672909065,0.946946913605979
1750195133208577792,3.578756830495885,-8.278429632921053,0.5320014014298189,0.31872021650699683,0.04681658522410422,0.04353988567563644,0.9456901761639696
1750195133262206720,3.5757049122348747,-8.274830827024616,0.5309163196856246,0.3222845616025483,0.04399724828496622,0.04711455659855749,0.944445404484836
1750195133418662144,3.573253859356234,-8.270694518622026,0.5283060107799185,0.3254394395220812,0.04006964059080564,0.04793186076124363,0.9434967577212133
1750195133474423296,3.5702514049612795,-8.266792129789188,0.5256913826289051,0.3289392569126355,0.035965105251616586,0.04855885681497,0.9424157861001833
1750195133627766272,3.565838721519703,-8.262202852213287,0.525359389687686,0.3338509283931781,0.03293505975360945,0.05274526047305954,0.9405725793088315
1750195133677699072,3.5617983102385704,-8.257746673018216,0.5257408461173609,0.33883527467760494,0.03087402550322385,0.05767496479531477,0.938568617427217
1750195133826590720,3.557591866718217,-8.25267240837364,0.5254624320091992,0.34464380808090084,0.02880036195565,0.06290069707382402,0.9361809050660804
1750195133877160704,3.5538044167943252,-8.246764588597767,0.5244761436354088,0.35064482848179807,0.0262635120453236,0.06684705035299415,0.9337504506307451
1750195134032362496,3.5504443748206853,-8.240432643233348,0.5229557579565411,0.35641944894512123,0.02360977480774877,0.0695605050568047,0.9314338898083028
1750195134084842752,3.5469472636257007,-8.233933778083152,0.5214627128113456,0.36235488532601984,0.021347312009601264,0.07221765228049941,0.928992917114778
1750195134245276672,3.5437420493370935,-8.227176789681955,0.5197270130099332,0.3683804455914241,0.019035333829534592,0.07413033779611007,0.9265193988201741
1750195134299757056,3.540448273227198,-8.220444707722818,0.5181167760009964,0.374615630094528,0.016992914351480943,0.07611598564644986,0.9238943269009678
1750195134458368256,3.5373324849423473,-8.213629862114663,0.5164921544494145,0.3809122690432135,0.015022808007725758,0.0778105618507992,0.9212088118317023
1750195134513030400,3.5342455551497127,-8.20685458046921,0.5150137485866102,0.3871626883388348,0.013357522229349038,0.0798613916487819,0.9184491207911623
1750195134674384640,3.5312835855207334,-8.200065540820585,0.5137633527175933,0.3932805000953103,0.011976313525131278,0.08201112726917421,0.9156752651257813
1750195134728597760,3.528148557127469,-8.193393331404279,0.5131295614397868,0.39919563349249626,0.010977492488416932,0.08479140598643717,0.9128706142329451
1750195134893954560,3.525401062066156,-8.186914376392718,0.5119918817698572,0.40409414052223375,0.009515626192250519,0.08626948287132415,0.9105904429428637
1750195134949264640,3.5225196115009605,-8.179844870147557,0.5099766278662456,0.40835905354626945,0.007594264041453594,0.08607199275613421,0.9087226323820994
1750195135114602752,3.5193832601876465,-8.172992968462767,0.5095337292849376,0.4110953476333321,0.005457853414195355,0.08438460678168229,0.9076618671777722
1750195135169474560,3.5153235833682897,-8.166508876880778,0.5106949398860299,0.412958388434563,0.004028906399897374,0.0834221452861848,0.9069122796668927
1750195135337091328,3.510809535093131,-8.160310634635113,0.5114580269197635,0.4143909348951598,0.0031154418627687887,0.0828694050254515,0.9063129199175322
1750195135391464448,3.5055813661726725,-8.1544411846361,0.5117648334143818,0.4156943330444459,0.0033081448837855958,0.08361551160881604,0.9056465777943167
1750195135555025408,3.500366927627072,-8.148469268596859,0.5112405629781263,0.41689299027384685,0.0037661560211164837,0.0840925861729684,0.9050494393568214
1750195135608861440,3.495141444244175,-8.142078025575971,0.5105455309278568,0.41760719380972267,0.0042433024522490065,0.08367408153289836,0.9047568038662618
1750195135774177792,3.489842468865688,-8.13566446435572,0.5094108301546161,0.41784714620041147,0.004804314502519018,0.08288254262661252,0.9047160687763209
1750195135829121536,3.4843996038134617,-8.12934892909779,0.5076945346208253,0.4178400783487297,0.00563416038555846,0.08206643623868846,0.9047889395905314
1750195135995564032,3.478835923817237,-8.122844375078635,0.5061909708347412,0.41774855881670286,0.0068490251116815025,0.08122961008900578,0.9048983273862182
1750195136052456960,3.47336147955917,-8.116064882920696,0.5053843593062077,0.41770768262969643,0.008010129717567137,0.07963107420906014,0.9050497343872035
1750195136218650112,3.467944301407015,-8.109477186953914,0.5050115392145327,0.41761721059823664,0.009455228562115923,0.07837039017046282,0.9051875750415025
1750195136275597056,3.462575279771285,-8.103269115768896,0.5043122857422939,0.4175070234951943,0.0115047235893512,0.07818331550036173,0.9052308522386358
1750195136441507840,3.457597372809744,-8.097028571348398,0.5036604254440991,0.41736597838828005,0.013340425138484272,0.07769317209632078,0.905312898478051
1750195136497521408,3.4530163432040357,-8.090877884163886,0.5037507927411427,0.41703722703633267,0.014855903038998015,0.07718746580932645,0.9054840410149017
1750195136670762496,3.4489009527719903,-8.084923664929278,0.5045333715315552,0.4164718216365559,0.016019589010128923,0.07683146826919125,0.905754668789665
1750195136732690432,3.444922035285023,-8.079407074335538,0.5054678218477515,0.41571356067992654,0.017385209737451886,0.07753471252406716,0.9060178576071292
1750195136901048064,3.4413995524506213,-8.073858654683985,0.506744140865687,0.41463942476838195,0.01822142759833155,0.07793849329345483,0.9064588894523403
1750195136962583040,3.4381418423404613,-8.068661798302807,0.5074776904086677,0.4136133772433803,0.01877348227139482,0.07859071918845727,0.9068599833415146
1750195137133794304,3.43504826263471,-8.06411755873454,0.5069514471749268,0.41307441934943895,0.01950626869231164,0.08025078753772458,0.906944783688843
1750195137209955840,3.4330168238777565,-8.060510452439235,0.5066174873791418,0.4134353612005638,0.019517628013434384,0.08229020511094809,0.9065972570267828
1750195137386466048,3.4315399406936433,-8.056974355857161,0.5064591211134624,0.41448845203684964,0.01892996451115878,0.08438398424449788,0.905936158222381
1750195137460818432,3.4304737346147784,-8.053561305807493,0.5051667513384079,0.4160185671422926,0.0174033531695196,0.08517775998095724,0.9051908220347559
1750195137642491648,3.4296184558236256,-8.050203870704536,0.5030964118765509,0.417989464244395,0.01507076053265113,0.08484241451620234,0.9043558175058708
1750195137710040576,3.4279650916533986,-8.046462699275592,0.5027149968658455,0.4208673903207775,0.013527073521125005,0.08645398706590743,0.9028916691203549
1750195137882044928,3.4267369177909726,-8.042263807779557,0.5035189744855484,0.4250921341706939,0.011314659770425317,0.08749012808731137,0.9008407924976257
1750195137937162496,3.425958927662139,-8.038457320723687,0.5044532187851498,0.43025114374365797,0.008832230572699142,0.08794916673639037,0.8983712423495976
1750195138100395520,3.4251850851910954,-8.034936207631857,0.5035740094213401,0.4358011178255638,0.0065703139588537155,0.08879789285417633,0.8956277970793054
1750195138156824320,3.4243387305391684,-8.031312891944092,0.5015274695787264,0.44147565756645696,0.004559038686372486,0.08962093783193546,0.8927746336252194
1750195138326529536,3.4231391364812978,-8.026852027367537,0.5008717560162488,0.4471915568879258,0.0027949566025830593,0.09005930687993685,0.8898883193468987
1750195138383952128,3.421182703280142,-8.022026529911747,0.5011167901992013,0.4529864377134654,0.0022398979804990576,0.09148726508350348,0.8868079557786129
1750195138550504960,3.4191098781230203,-8.016922897364235,0.5016619125882706,0.45863171170146505,0.0022417728075495354,0.09337472659524197,0.8837041857486742
1750195138605695232,3.4178229677343226,-8.011578377394713,0.5013318076347724,0.4644105427922263,0.0015261723628700234,0.09374674151967408,0.8806429849807422
1750195138775063552,3.41665266250741,-8.0063093950607,0.5006345429196606,0.47054997823309713,0.000920922809805068,0.09382774340590092,0.877370061293048
1750195138831080448,3.4158324518658425,-8.000795253458277,0.49887844229167655,0.47616520148209873,-0.0003638849387633815,0.09227688722161434,0.874500740176904
1750195138999405568,3.41437118747018,-7.995061504521058,0.4974591237990209,0.48177817012815216,-0.0010905799627030776,0.09133485919719264,0.8715196778723607
1750195139055245312,3.4130869398503236,-7.98891193627565,0.4968223854376035,0.4876819723574105,-0.0014675585236500666,0.09109006995316471,0.8682549966832862
1750195139222790656,3.4120645991915666,-7.982731439080245,0.49639788940651464,0.4938063962000915,-0.001685901640101196,0.09132851698947203,0.8647609512414641
1750195139276104448,3.4112357220928953,-7.97658113267145,0.49623328702067626,0.5002216272199485,-0.0015387781452561944,0.09215275163839529,0.860978412150223
1750195139443038464,3.410818531737802,-7.970104566318191,0.4963113697172883,0.5066645399262394,-0.0015438146102302163,0.09290875946668478,0.8571211250646799
1750195139499778048,3.4107361669773475,-7.963556250491036,0.49580135613869114,0.5121472674455825,-0.0022267793944219525,0.09261254300386113,0.8538870737866392
1750195139677459200,3.4103071015182667,-7.956586986051104,0.4950946386285686,0.5165790643981607,-0.00266165428565606,0.09180134862235606,0.8512998873564482
1750195139733794048,3.4100764544285003,-7.949199020528858,0.49601098234265706,0.519558069026194,-0.00449134467952231,0.08878023971380525,0.8497983936023304
1750195139899247872,3.409540922022466,-7.9406990633288705,0.49721810533467803,0.5224558065582188,-0.007389710506492684,0.08432020029932022,0.8484547284291092
1750195139952258816,3.4076326846094176,-7.932403110139576,0.498263755967574,0.524833984667104,-0.009724761034593871,0.08094796927483333,0.8472910620510233
1750195140119826432,3.405536094700628,-7.924121675516023,0.49940335704884564,0.5273218346290415,-0.013170015329871472,0.07623450906606985,0.8461362378761053
1750195140171244288,3.4026058195016784,-7.916276547013657,0.4992815748639301,0.5295707662364525,-0.01567388391273975,0.07311473046368414,0.8449635312248975
1750195140338257920,3.3992246488695965,-7.9080446237414606,0.4994064744053577,0.5310594732882521,-0.018300094146387277,0.06983922297453833,0.8442531760789237
1750195140392024832,3.3951921796414006,-7.900627560587779,0.4987575442161818,0.532762109303487,-0.019847832616101832,0.06840260590319833,0.8432625225495285
1750195140560111872,3.3912372232651373,-7.892930502719702,0.498186017334024,0.5340950307220887,-0.02123017368114363,0.06726157233969968,0.8424770968814704
1750195140613413632,3.3872893797982275,-7.88572399931395,0.49630447686850054,0.5355789944326268,-0.021783467895028986,0.06741703222775318,0.8415079114391049
1750195140781977088,3.382768851574586,-7.879387710475536,0.49242180909916033,0.5375243241619508,-0.02040198384284632,0.07044648729183056,0.8400527676388885
1750195140834817280,3.3793825866494824,-7.871096682672221,0.4908657717471656,0.537738881696517,-0.020911949244852485,0.07119171783897811,0.8398400590598757
1750195140998253568,3.37554366425884,-7.861779499060624,0.4897259174673452,0.5371666930973967,-0.02153581501664175,0.07142485377704659,0.8401706033665446
1750195141047512064,3.3717114855805015,-7.853161875645809,0.4881643920198089,0.5362857175051567,-0.02139667633464803,0.07233482785996963,0.8406589582704023
1750195141215316992,3.368184210163435,-7.84410948202291,0.4878848267891649,0.5371384864644253,-0.020851141742858736,0.07429085154425723,0.8399573475025706
1750195141270512640,3.3658230892800907,-7.837454878318738,0.4890353135858696,0.5410127002266605,-0.019433098883642693,0.07857483437526938,0.8371102724636307
1750195141432438784,3.363228610900385,-7.832096291252698,0.4892849206147831,0.5453276348982188,-0.015942682686495856,0.08542176445669192,0.8337066172474452
1750195141479613440,3.3628246032159526,-7.826590680972202,0.4902374349120162,0.5510191205751631,-0.013289418135450135,0.09142030947052632,0.8293633987236885
1750195141646641664,3.3637798583875793,-7.8198344845379495,0.49004735143349576,0.5558182091286308,-0.011714133869858513,0.09546305324991906,0.8257213228038406
1750195141698978304,3.3652462110047807,-7.812587279027474,0.4893757324200432,0.5601802445314624,-0.011043929235112505,0.09776191132732595,0.8225075889968122
1750195141865137920,3.367123091272794,-7.8059292920329195,0.48740434647485165,0.5648095885237758,-0.011245893215125811,0.09874675841340388,0.8192147070824851
1750195141923168768,3.368629932731416,-7.799086870886487,0.4851027574732347,0.5692695993584942,-0.012077611539791462,0.09860003388706369,0.816127617387859
1750195142097880320,3.369226244853643,-7.792365991334416,0.48337750984664574,0.5738643619143933,-0.011955078374964933,0.099178773329923,0.8128347563597451
1750195142156790784,3.3694027056377585,-7.785849866565487,0.4815265308633654,0.5781797625538092,-0.011295383577379095,0.09971627851753329,0.8097142954657991
1750195142336390912,3.3693525684168195,-7.77922517338781,0.48018314941539986,0.582045840116404,-0.010119890509074497,0.10014087576471006,0.8069027406201759
1750195142389085952,3.368523584010086,-7.771392863716493,0.4778189818922014,0.5830367458931031,-0.008736195886600384,0.09986587196462224,0.8062373344348163
1750195142563671040,3.366630623603085,-7.762966728508776,0.47486537014762487,0.5827633547574756,-0.006483775688248526,0.09947546054074546,0.8065044734871863
1750195142617409792,3.364176035142161,-7.753777780214163,0.4712722624069672,0.5819128885727126,-0.0037071136533117165,0.09872760433878211,0.807227667738692
1750195142788695040,3.361725599694299,-7.744425555420797,0.4673746460960948,0.5809837859567717,-0.0005212822098458725,0.0974177748873755,0.8080639491130557
1750195142841970688,3.359384772115047,-7.734370770433712,0.4635884625750806,0.5799148839857562,0.002797730278558689,0.09511912937679767,0.8091002726879254
1750195143016848384,3.3577605852856394,-7.725551176026206,0.46103292748064106,0.5794704938077188,0.004885320444401862,0.09220463866250293,0.809745876840081
1750195143073018880,3.356168440027524,-7.716847276404609,0.4598343377192684,0.5796828465426449,0.006476100059924165,0.08929228895071421,0.8099090965572453
1750195143246658048,3.354571120461466,-7.70840611385314,0.4589651134423236,0.5803535591121601,0.007749210845685458,0.08664597604410887,0.8097049900997779
1750195143304468480,3.3530592972523077,-7.700091186901907,0.45820312073785674,0.5813386429674928,0.008497713847927173,0.08402502189020786,0.8092669317032684
1750195143475361536,3.351387022741265,-7.691837692011634,0.4576186582813042,0.5825996860991511,0.009201135453974973,0.08203139826474952,0.8085566118474691
1750195143530768896,3.3496950994624184,-7.683644574680766,0.45685164911982756,0.5837668519642348,0.01009901906001833,0.0807967621274106,0.8078280482822564
1750195143702478848,3.348135894590449,-7.6754783431903295,0.456368635285318,0.584905689728464,0.011089866818625652,0.08037629627131412,0.8070328369867735
1750195143758462720,3.346831811623717,-7.667272876290251,0.4559023131160367,0.5859002993495497,0.01197715034883696,0.08031076297791896,0.8063048855374333
1750195143929506304,3.345856493734383,-7.659046767290011,0.4549933186092794,0.5867045989249962,0.012454884510212042,0.07998625643175632,0.8057448654717758
1750195143985951744,3.3453069823737662,-7.650822556390298,0.45369489428268395,0.5874733303971739,0.012112756982562846,0.07890598265781536,0.8052963510976188
1750195144157437952,3.3449639436619583,-7.642807374457677,0.4518023564975775,0.5883739572941245,0.011398206246842658,0.07763702760107825,0.8047724269740335
1750195144215289344,3.3440031077243217,-7.634770440888353,0.4502157859175524,0.5893047113090008,0.011658043291064844,0.07771681181703143,0.8040796878522892
1750195144384829696,3.3432045025671573,-7.626342395798572,0.4500154130835883,0.5900610110616074,0.011621037574776776,0.07750642529460555,0.8035457104289031
1750195144441865728,3.342774577707791,-7.6179855771051255,0.4503020428420168,0.5909120160920258,0.01118976969253042,0.07705793595735526,0.8029693971741874
1750195144614291200,3.3424222429093624,-7.610063011158928,0.4497637289216927,0.5923464972221433,0.011110805091670721,0.07700409968129161,0.80191804186659
1750195144675292160,3.3422607013081618,-7.602861732643602,0.44897995060912654,0.5946503186257546,0.011393349128567015,0.07780919415367626,0.8001293142105708
1750195144855546368,3.3422978836777975,-7.595636563897239,0.447549521835529,0.5970613608440128,0.011488557046073685,0.07851908053130882,0.7982609212761282
1750195144912121600,3.342642284423415,-7.5878619024163125,0.44684175050833286,0.5986417055574476,0.010818341870392599,0.07747025790033385,0.7971884538722958
1750195145087474176,3.3430531932234,-7.57986724424104,0.4466168274808062,0.5998847661426552,0.009526549089395578,0.07544468071173778,0.7964644451353265
1750195145142733312,3.343461603930005,-7.571942125125411,0.4462799154575463,0.6008996818703813,0.008054688003423122,0.07291470015919851,0.7959510919836322
1750195145317191168,3.343497202887804,-7.56410213148732,0.4458762813201167,0.6017184511886724,0.006961794951981332,0.0707267920122399,0.7955401685658677
1750195145374008576,3.3429881603718887,-7.556373652402456,0.4450624760249209,0.6024348295807298,0.006778956083300992,0.06956004785999353,0.7951023340452307
1750195145547622912,3.3423179645543013,-7.548419125271311,0.44431302058152333,0.6030288122476177,0.00673497789094389,0.06839677027439166,0.7947532783751624
1750195145604236288,3.341910343293916,-7.5403863292858695,0.44360991886049295,0.6035207959450063,0.006147736672268684,0.06647483544787684,0.7945476388788105
1750195145776700672,3.341327857472916,-7.532443117317871,0.443027487189565,0.6040294553862562,0.005824565413462199,0.06508471847933989,0.7942785851853191
1750195145830029312,3.340489388777253,-7.524485701913777,0.44225367789849956,0.6045331477152887,0.00597437292730525,0.06441504791197479,0.7939487904040591
1750195146002253824,3.339729126873411,-7.516281672615501,0.44137947144136946,0.6049929514605022,0.0057496290568517655,0.06336144855872704,0.7936849483802495
1750195146056664576,3.3389388931850483,-7.508038128662484,0.4405136883565399,0.6055505623902211,0.005314763317034454,0.06242824124566077,0.7933366147952232
1750195146233484544,3.3383444830523152,-7.500016095608039,0.43911995120838876,0.6061247605752069,0.004622247342045338,0.061809425830694736,0.7929508208745589
1750195146289489152,3.3377154740585446,-7.492099083077406,0.4380693245762233,0.6067980800601692,0.0040836254933689625,0.06210162362909496,0.7924158014456506
1750195146467599616,3.33716356215995,-7.484056889781111,0.43744904778640903,0.6074640708026561,0.003584971109823858,0.06286611268275136,0.7918474616630196
1750195146525735936,3.3367913442575103,-7.4759574451973165,0.4366641053064364,0.608079309365833,0.0028144783575443392,0.06362505655425277,0.7913175623042967
1750195146698649088,3.336390120907073,-7.468054880226555,0.43559386518835597,0.6087017161618381,0.00237208265529288,0.06509740128434101,0.7907205083413071
1750195146756153856,3.336016256574978,-7.4602209212783315,0.43480623691508136,0.6091681362308734,0.002445419110117975,0.06734503590408401,0.7901726696523091
1750195146930520832,3.3360796837927316,-7.452222812330346,0.4342398423553586,0.609322898577079,0.002149551964894417,0.06908318884915016,0.7899041066575164
1750195146987624704,3.3365249145045683,-7.444162838819378,0.43341817407412764,0.6090913340785666,0.001378432991337517,0.0698894686176806,0.7900134864983119
1750195147162886656,3.3370138525457973,-7.436333447365458,0.4320660656962825,0.6087442198302697,0.0008455296786404688,0.07085784570267599,0.7901954983452985
1750195147220742144,3.337299645936167,-7.428526887615241,0.4303461988815753,0.6081980498917984,0.0009270383820509886,0.07215644710019893,0.7904983996502002
1750195147399129856,3.3378897842111868,-7.4202746416957694,0.42993623943833637,0.6073402734008849,0.0005569295892800328,0.07209960774611276,0.791163149228797
1750195147458621440,3.3389451532568306,-7.412105570176072,0.4299006517273516,0.6063779719829988,-0.00040407428926516296,0.07093403276028523,0.7920062845799375
1750195147641116928,3.3396956099331923,-7.404284004887956,0.4294548739079622,0.6056152039995932,-0.0009702672821192207,0.0702741269381802,0.7926479864031754
1750195147699266048,3.3401120940337097,-7.396577992995505,0.4285721397325948,0.6049198974391047,-0.0012887120695957719,0.06976737791688958,0.7932230265707538
1750195147876073216,3.340224692314733,-7.388856541796987,0.4281646324053292,0.6043334328845246,-0.0013816384651490592,0.06932337995547369,0.7937086757524489
1750195147934817792,3.3405619634879935,-7.381083369406029,0.42836018769359896,0.6039022184504507,-0.0019456985779870482,0.0680117029464918,0.7941490622483831
1750195148114476544,3.340696458092157,-7.373395637926753,0.4279579675992049,0.6033029176626521,-0.0020324691429305206,0.06691994505787871,0.7946969105025922
1750195148175137536,3.3403104486324104,-7.366188053643953,0.4274482616608113,0.6025690519853172,-0.0012355979227886896,0.06663312931907159,0.7952792194974273
1750195148395653120,3.3400182257737763,-7.358619349183284,0.42756486787239956,0.6021141119557653,-0.0007305687069353339,0.0657022838132344,0.7957017483673199
1750195148456166400,3.3395522194094216,-7.352922794314255,0.4301699526386349,0.6003325378418922,-0.001889019164445049,0.06137425685244471,0.7973897893820305
1750195148638377216,3.3388549131190617,-7.349524305086821,0.4327430846635556,0.599670026496823,-0.002944401943974772,0.056898615857134446,0.798216598005851
1750195148707905024,3.3379320004908446,-7.346234629166021,0.4334908036935232,0.5983755607178097,-0.00303408257963021,0.0534197934636721,0.7994271751353248
1750195148880064256,3.3374963130849653,-7.3407919413179705,0.43493107636331585,0.595748518819671,-0.0035009081448512205,0.047574653221729615,0.8017531405221695
1750195148934782720,3.33647170374123,-7.334951399733715,0.4355956856324861,0.5929469735937035,-0.002738724345389405,0.043042967189325564,0.8040856228478198
1750195149105473792,3.3343464621231163,-7.328707172218354,0.43719680033120456,0.5896631453287393,-0.0006000851602325588,0.03953315990482464,0.80668094325251
1750195149158250496,3.3310932533071247,-7.323119594879069,0.4388413973056631,0.5865946747223797,0.0031667109104858947,0.03836708737953799,0.8089651575533807
1750195149326160128,3.327096140248383,-7.317637861594943,0.43871904448771337,0.5840391759959488,0.009050334158188357,0.04019898797347647,0.810678958478328
1750195149374141184,3.323299848871313,-7.312867267041062,0.43723622538300644,0.5819967882124709,0.015862220350062,0.04431692403043336,0.8118276533356175
1750195149532858624,3.319649267374631,-7.307658349195821,0.43445379402911977,0.5798000229191457,0.02371755754062633,0.04988559761943886,0.8128842709989021
1750195149584622848,3.3174015773714696,-7.301170233686266,0.43243890258080064,0.577408590220987,0.03036511583854576,0.054556398574127196,0.8140644194741256
1750195149757676032,3.316403178537677,-7.293913595889748,0.43128766593335666,0.5754568490667408,0.03371099864221268,0.055725487790703625,0.8152347229131077
1750195149817843456,3.315588518482739,-7.28651300121904,0.4309243084988239,0.5744341698054872,0.03511052047602341,0.055275610866852634,0.8159272288354393
1750195149981311488,3.3141528173636603,-7.279098524881167,0.43027783530145225,0.57422146221654,0.036564146039367196,0.05553556827339766,0.815995451096917
1750195150039244032,3.3123574363257053,-7.271285338975876,0.4286901719357008,0.5743815349399668,0.03812809381797927,0.056335407092682,0.8157563500761219
1750195150201349376,3.3104968892811852,-7.263036416656214,0.42686888367028475,0.5746887360492766,0.03897545863970345,0.05669981418139264,0.8154746478914627
1750195150256915712,3.308486988404458,-7.254594627900153,0.42458008270909353,0.5750811319319493,0.03943725493871989,0.05705744222670262,0.8151508099151422
1750195150418832384,3.306469863584172,-7.245958082762593,0.42240103809283003,0.575572736686349,0.03914705611608628,0.05707471318024014,0.8148165498418798
1750195150473668864,3.3044741597349305,-7.2371505945477725,0.42102293321866213,0.576429017843566,0.038024906076820256,0.05685841164050646,0.8142793224265675
1750195150634844928,3.3025671212398424,-7.228519959365503,0.41919898014984325,0.5776426352655383,0.03644397147946996,0.05670645777119493,0.8135018134665292
1750195150690498816,3.3010180800169073,-7.2199176608670665,0.4172696400086151,0.5791401221055641,0.03382364661786987,0.055806292219241806,0.8126120462100976
1750195150853868800,3.299803459209047,-7.211338751763002,0.41554001373367866,0.5807363302571237,0.029975190617525634,0.053836185921441834,0.8117564091230597
1750195150910611200,3.298482902271655,-7.203279070007229,0.41333498068869856,0.5824807227898998,0.026292144573722524,0.052625606145994215,0.8107129432108732
1750195151076655360,3.2956564635096455,-7.195354598590897,0.41158365073680514,0.5826394393383282,0.023253243292669503,0.05261124036142405,0.8106926839385709
1750195151138017280,3.2917207269370827,-7.187308686736898,0.4103710791987689,0.5806105631929636,0.020029742302128853,0.05246535340993837,0.8122423099196635
1750195151313355264,3.2885341593773783,-7.1793635856361195,0.41015905245511597,0.5791219434386652,0.016501267406932016,0.05208388539775243,0.8134081089365056
1750195151366558720,3.2877384335246678,-7.172816735500712,0.41545962996432984,0.5790576588409928,0.010347784927266407,0.04648914085368385,0.8138942872802177
1750195151535201792,3.28635196705948,-7.167501000870356,0.42044404685739467,0.5788947336553537,0.005359683779022294,0.04263409101879441,0.8142693015329066
1750195151594903808,3.2842611051206942,-7.1632727562066965,0.4233710543350062,0.578896964000893,0.002661988524013609,0.04234147255867728,0.8142962719976123
1750195151776691456,3.281490488387335,-7.159663315192332,0.42442367547702586,0.5791079999842218,0.001890707961462595,0.045309680493153245,0.81398856406665
1750195151837799936,3.2786264302868156,-7.156845144482373,0.4230092550418232,0.5795500311697078,0.0024976230471226157,0.050324860901876566,0.813377484090574
1750195152010894080,3.27864697903535,-7.1529426555636455,0.42326523709951047,0.5795275600667135,-0.0005939344643311927,0.047592826350137875,0.8135615386957399
1750195152059570432,3.2803175760611394,-7.14845107576269,0.4274255923418382,0.5786096372939955,-0.0060338505764892325,0.038549476749347104,0.8146707421529773
1750195152232163072,3.2804498995575924,-7.144368436950019,0.4302498705695825,0.5784292255095824,-0.008897355732050615,0.033357292456975406,0.815001692745053
1750195152304794368,3.27939296429871,-7.141272147923229,0.4310015490277368,0.5791411796319231,-0.009077824892278041,0.032659389140928946,0.8145222228096121
1750195152485983488,3.277726853713127,-7.13837500414364,0.4295883080344667,0.5806584134219611,-0.00750930235221971,0.03487027834121133,0.8133655272931601
1750195152537949696,3.275806472152437,-7.135568455071209,0.42671386892161456,0.5827261476638329,-0.004050893298959265,0.04004611162949019,0.8116711994617696
1750195152701766144,3.2742480665052027,-7.132352449516317,0.42264546321797747,0.5846557276596556,0.00018104664072215624,0.04605065167155958,0.8099734469829848
1750195152752453376,3.2748300505255505,-7.122751691964494,0.4254956046671916,0.5819533400642564,0.00014547798161350427,0.03996127791467549,0.8122397337557669
1750195152921739008,3.2746117378787853,-7.116403955122095,0.42781590232288114,0.5820989722874895,0.0018464654925306255,0.03714328234641456,0.8122670457451592
1750195152979397376,3.2737201821988138,-7.110711593995938,0.42759704222132733,0.5830514987785228,0.00513672643432884,0.036628205684105276,0.8115928402604474
1750195153145438464,3.2725570626829596,-7.10459700321754,0.4257019467158387,0.5839845867940469,0.009447815074367977,0.037327734456297536,0.81085102294914
1750195153196467712,3.271318083538701,-7.09576135951237,0.4268439081724611,0.5827236382787194,0.013096943667982839,0.03433414253316078,0.8118391454680433
1750195153357650176,3.2688001828435698,-7.0874901599066025,0.42625264297645815,0.5821141143991267,0.019061030584215103,0.03461581104994519,0.8121462802695975
1750195153408623360,3.2664288104258983,-7.078635036506467,0.42417291746389196,0.5812860251747398,0.02564120560019835,0.03548096471372617,0.8125208838269349
1750195153559299328,3.2641334974405765,-7.069781484407306,0.42253520598700245,0.5799548463366045,0.03209981894459901,0.03609542582670424,0.8132152839616326
1750195153607651072,3.2618217099056883,-7.059995003394134,0.4202596638810192,0.5781774593730731,0.03927751086451357,0.03677075904122305,0.8141351324520509
1750195153761018880,3.2597869169474794,-7.050013504536304,0.4176830682361805,0.5764148468129986,0.04634336039948928,0.03744406779552882,0.8149823060087585
1750195153814724608,3.2587782748003518,-7.040735259016957,0.4170880134849302,0.5753552559147801,0.050839092960388715,0.03625057719244465,0.815516775898214
1750195153967164160,3.258358607505081,-7.031895797999757,0.41718077879106863,0.5750550661337097,0.053524686531549334,0.03381391000007748,0.815661325757303
1750195154020365568,3.2587178467176106,-7.02339195880332,0.4166139968815661,0.5751003984992918,0.05448355319302074,0.029697997134029677,0.8157261201185397
1750195154172168960,3.2581916524197716,-7.015415295719059,0.4167502269431509,0.5758167955494891,0.05605403289968636,0.027453187380901366,0.8151927906093309
1750195154225664512,3.2570737815522333,-7.007385727723889,0.4176482206980414,0.5766722052921024,0.05797321442108262,0.02632273321275048,0.8144908764187853
1750195154379022848,3.255924242926117,-6.999451534256868,0.41817874328250015,0.5775222065046253,0.05960259797005078,0.025346469992585517,0.8138016882313308
1750195154432325376,3.254965739597183,-6.992037930842567,0.4187633923840748,0.5789732418806075,0.06083722349298219,0.02465204715496504,0.8126998794112096
1750195154581673984,3.2559115077823466,-6.9854676124566595,0.42114706064844043,0.5827849918129101,0.05887710181867802,0.02113053086097364,0.8102151818280084
1750195154633833728,3.254446459420763,-6.980391991107445,0.42426429614855454,0.5873675911358095,0.05757876084527578,0.019310020020485895,0.8070384887411799
1750195154785935616,3.2529344733990353,-6.975859348540602,0.425539546571728,0.5917232565779238,0.056088723707641994,0.017476766550536055,0.8039976401262646
1750195154842809344,3.2513519367992716,-6.972046656182897,0.42487414623829833,0.5959744092192009,0.05533646562556772,0.016945696938791853,0.8009152405112253
1750195154989929984,3.2495389753319235,-6.968668397037241,0.4231129030555514,0.6005476007411203,0.056003470559163424,0.018902964703141338,0.7974013220799452
1750195155042158592,3.2495348979426257,-6.96528074002827,0.4223664010437531,0.6055637867711454,0.05502142480941329,0.019515460173713695,0.7936524993834151
1750195155189292800,3.2493615558401943,-6.962514946897086,0.4211577491891587,0.6106725598329696,0.055483370152976205,0.02251881664290603,0.7896160606272637
1750195155244325120,3.2501822630023556,-6.9589521744602125,0.4202543098337057,0.6150106699528535,0.054985143080909654,0.024820802610228107,0.7862076301094376
1750195155395644928,3.25250733152254,-6.95516998993584,0.42087947648995394,0.6194620094235264,0.05201473510539256,0.024640793707616543,0.7829138633964413
1750195155445240064,3.2547182213742176,-6.951471551312932,0.4207932848811238,0.6239684409798377,0.04888577990437797,0.024614829749875864,0.7795304197661027
1750195155594291456,3.2559501426696422,-6.948638856238617,0.418398318103959,0.6285694119916132,0.0476380935481093,0.027112849208349953,0.7758195664968914
1750195155644533760,3.2564144967285897,-6.946714863625951,0.4155569729394273,0.6334963677801014,0.046752550416116805,0.03037450544320902,0.7717343716966912
1750195155792858880,3.257049318705694,-6.944503557997536,0.41275450527818247,0.6388211761916183,0.04548018089606466,0.03388249070760127,0.7672620379103007
1750195155847327488,3.258788736232767,-6.940880790214414,0.41105372744735025,0.6429883836037127,0.04178517898327087,0.03502951458736483,0.7639325038743898
1750195155999076608,3.2612175589978567,-6.93674510761301,0.4106618078257376,0.6456923076174953,0.036524860472114985,0.03421567160676528,0.7619558164799223
1750195156045491456,3.2601753479965523,-6.932669981211815,0.41403187732650615,0.6486226469018227,0.028697722704582075,0.03168252171593449,0.7599087579804326
1750195156194174976,3.2586309986468485,-6.929166308892028,0.41620066716503334,0.6514537584618074,0.019044542768437787,0.02693638165557696,0.7579708024192169
1750195156240834560,3.2569404657791026,-6.9262590139650015,0.4154169364845619,0.6541397177009551,0.010550105091089718,0.023262162582396387,0.7559423237262695
1750195156398316288,3.254331748251431,-6.923582492614304,0.4131437186823663,0.6571329830647393,0.004527916094928796,0.023200247818593228,0.7534039348486506
1750195156450002176,3.2512237780754614,-6.921296751546736,0.4095701582552893,0.660224381137527,0.0012305991090056046,0.026648177785150676,0.7505945155662498
1750195156611076352,3.2481889312483103,-6.919627583288241,0.40425371351155226,0.6632901072902224,-0.0004092063270637506,0.031685793989604,0.7476911639041591
1750195156661493760,3.2447521060406097,-6.918082662887961,0.39742983396673504,0.6668159972056127,-0.0001019241229551099,0.039772497696948884,0.7441603079371433
1750195156823975936,3.242564360312601,-6.915718324211005,0.3932482044303307,0.6705293010896127,0.0009915286561811602,0.04854984336745884,0.7402920950274932
1750195156881104896,3.244034665210199,-6.911104953161187,0.39478239941790294,0.6735853949124722,-0.0026070207018932,0.04963409999670561,0.7374363534035911
1750195157058777344,3.2462746353501157,-6.905632528006658,0.39901154066220057,0.6763235623266657,-0.007408391421528213,0.04780181028162474,0.7350146540798442
1750195157113982720,3.248488038224982,-6.900538934017838,0.402488922047763,0.6787459909227175,-0.011898243463289254,0.045577866242725036,0.7328608119674476
1750195157294898432,3.2503832716580066,-6.8953977189648805,0.405543895850371,0.6808492589157085,-0.015734183061434422,0.043459428136561805,0.7309637475438594
1750195157355344640,3.2521920326268234,-6.890350147164557,0.40754540487227375,0.6826482305176795,-0.019261028518303528,0.041237867049587394,0.7293283516172253
1750195157530461952,3.2540904831498807,-6.8853609406455165,0.40837680720130765,0.6838249578026849,-0.022879892171700153,0.03822222430524452,0.7282849711407802
1750195157598486784,3.2552832779264538,-6.880506681917298,0.4074592148761367,0.6850529505906664,-0.024725042527588687,0.03672561213892009,0.7271467228641361
1750195157778883584,3.2558154430174153,-6.875693640339019,0.40574061571281783,0.6864919149176104,-0.024502723655248127,0.03669033451353842,0.7257976898830083
1750195157841506304,3.256034416181537,-6.870382156812057,0.40408762376086305,0.6879363596315727,-0.02261596177213775,0.03734902136978088,0.7244564403555952
1750195158022375680,3.2557527334910925,-6.864244127659679,0.4041019139226498,0.689580106177905,-0.02000494916646995,0.0373915734557389,0.7229667692273419
1750195158081224448,3.255429259002886,-6.857901751442066,0.40538131261576904,0.6916975262532072,-0.018405925927047127,0.03547595596725438,0.7210805853815307
1750195158259354112,3.2535026213538405,-6.851775574389899,0.40617453763682976,0.6944607457155001,-0.01734671036062091,0.03279258228861823,0.7185735945933308
1750195158319846656,3.252030783189728,-6.845532599937454,0.4056314793779876,0.6967460812467144,-0.016723836523224882,0.029485528231730906,0.716516444461805
1750195158494577664,3.2511354522468814,-6.838694103583926,0.4050840209515125,0.6983587945691176,-0.015005509541667999,0.02697967488288116,0.7150817616710539
1750195158554359296,3.2507952614471027,-6.8315599798657,0.4047222432070212,0.6992711222474711,-0.012659106785302777,0.024842608503591677,0.7143125992231255
1750195158724717568,3.2506532085701947,-6.824613590715339,0.406716225478053,0.7021411039996055,-0.012972294795517174,0.02040115810817439,0.7116272777162206
1750195158773768704,3.2493241352811597,-6.820086395981988,0.4072384017704249,0.7071865587063291,-0.012362565149281687,0.017864971407739384,0.7066931306901393
1750195158938327808,3.2480847055001965,-6.816405465858983,0.4053581194626936,0.7118642576385641,-0.01059964889224816,0.01659917920707969,0.7020408772925608
1750195158996237312,3.2470434893986586,-6.813104154151736,0.40360883099529765,0.7159009264121401,-0.009616528776458817,0.015193696603892835,0.6979702984511874
1750195159168733184,3.245979096836823,-6.810843501794755,0.4019639335344376,0.7183752008810144,-0.007539551523195032,0.015402780347407118,0.6954444480183597
1750195159227634688,3.244531349835857,-6.80932736166417,0.39970635855147973,0.7206408713405822,-0.0037553364170163374,0.01766514628030542,0.693073282278849
1750195159404555776,3.244018321780793,-6.8078309391057825,0.3977938049237393,0.72236489775243,-0.0008600718910642861,0.019062950050398125,0.691248738665641
1750195159460137472,3.2443307615939982,-6.804603643228442,0.40110111754563293,0.7229739347007991,-0.0053705299154878814,0.01382624382609023,0.6907160647714317
1750195159624364032,3.243430961896375,-6.801142624042611,0.404162082708182,0.7230622120936175,-0.009562811928456063,0.008832043477087907,0.6906602530031131
1750195159688988672,3.2420103667449887,-6.7984898936807365,0.40509088215679023,0.7229680839195558,-0.011788088942052438,0.006007057935872994,0.6907547363918219
1750195159874024448,3.240344152637999,-6.796353124253678,0.40444194659227595,0.7229658056839052,-0.011581697470862668,0.005626740444635224,0.6907638148365065
1750195159944273664,3.238759046424263,-6.794652635653369,0.4023134330142333,0.7230550214607363,-0.009136541963309064,0.007517849867633107,0.6906891062371943
1750195160110462976,3.2374344589773254,-6.793308017165255,0.39895183234726517,0.723222261896839,-0.004862218386652138,0.011328831535920141,0.690505305052185
1750195160200623872,3.237079591823987,-6.791013740814726,0.39819684099279806,0.7232863691326554,-0.004226081105561659,0.011958291615776,0.6904317256087106
1750195160388386048,3.2372171103208878,-6.787895672186734,0.39795238047998494,0.7225008937126962,-0.004761678351814315,0.010800742248001191,0.69126921598645
1750195160436068864,3.236583625831932,-6.782720166341585,0.402560283783592,0.7204879111673859,-0.01026418834150674,0.0050796231493352864,0.6933729254362389
1750195160594565376,3.2346516543299115,-6.778003620296236,0.4061512544634662,0.7187345948413004,-0.014974361698200862,0.00014627908116678564,0.6951232475413793
1750195160656648704,3.231980042987263,-6.773634259237478,0.4079627399378989,0.7169176437988134,-0.017643087106074443,-0.002739587323599399,0.6969291988061787
1750195160841476352,3.2291287332009984,-6.770022003965261,0.40777872692324335,0.7158262919700203,-0.01751199370622831,-0.003006848349118285,0.6980522965107202
1750195160900774656,3.225896558534277,-6.766632602528451,0.4061704340570702,0.7155905747407025,-0.01419653258098361,-0.0009953329160014473,0.6983749688507846
1750195161064354304,3.222264083990762,-6.763396978627252,0.40277137612448044,0.71590138869002,-0.008307717400678821,0.0032904714902892485,0.6981442231377859
1750195161114080000,3.218442780232478,-6.760492077288878,0.3990374115454003,0.7167913811525299,0.0006645255539987187,0.010420663644362267,0.6972094979849656
1750195161273905920,3.2151697410251425,-6.757334130495112,0.39527201799486855,0.7180355857050346,0.01205566417027316,0.019566231165545737,0.6956268548730837
1750195161329161216,3.216647808544373,-6.751775536780194,0.39516652694965426,0.7181950799542832,0.018884258721923102,0.02251660334692444,0.6952209824765804
1750195161495695104,3.2193059289186086,-6.745336033325435,0.39585076125833485,0.7175113884563368,0.024380003480311593,0.02350288825638957,0.6957231037628175
1750195161555952128,3.2222167647509172,-6.7391187332805425,0.3961558599927253,0.7168610142690721,0.029542957713847667,0.024561382666941193,0.6961567627712333
1750195161720099840,3.2258586742183564,-6.732669161615792,0.39737855975241887,0.7165132768646242,0.03360877798886319,0.024589682923520564,0.6963293197995716
1750195161774923008,3.2304529861575273,-6.726666728938318,0.3997309297685736,0.716677996462999,0.0349039287814213,0.022186484982521064,0.6961767915016444
1750195161934149888,3.2351161309225223,-6.7210112972266876,0.40156212109848877,0.71755126057442,0.03555083343878183,0.019457154327996534,0.6953256401394425
1750195161994548992,3.238762693993561,-6.715026927930259,0.4023903608689712,0.7192155573767581,0.037591245700585696,0.018110706910550476,0.6935328994136598
1750195162157151232,3.2400825934650594,-6.708303009146542,0.40237761921869053,0.7215480961672552,0.04044476775330042,0.017755523376028638,0.6909539109582015
1750195162215930112,3.241698679026814,-6.701043550319042,0.4023526874126735,0.7238253825742142,0.041743052587888484,0.015798600052383455,0.6885381161114621
1750195162371448576,3.2433725083155833,-6.693423279938823,0.4021548415763876,0.7259382307865858,0.04236242857584843,0.013140919737931174,0.6863282202824238
1750195162425259776,3.2441300738936,-6.685512138511675,0.4021099229117304,0.7274749245161302,0.042730064220916054,0.010222936558676605,0.684726125819692
1750195162579440128,3.244040675964527,-6.677283956602659,0.4020846404239,0.728114918447843,0.04313667507841862,0.0076406668337538714,0.6840537354676208
1750195162633099776,3.245031857672042,-6.669598791618965,0.4029727003285233,0.7273733205063061,0.04172854058894157,0.004133183054109211,0.6849596326162507
1750195162787887616,3.2448562455129317,-6.662731375883709,0.4030626878695416,0.7265622738084418,0.04144876870178432,0.002223680786296962,0.6858456948142003
1750195162842657024,3.243817861713406,-6.65464455320555,0.40342200919312754,0.7253434963371325,0.040691456079413046,5.4242042967503985e-05,0.6871833923934438
1750195162993013248,3.2424684463607893,-6.645788804851449,0.403616743619287,0.724014301058249,0.04002616741955744,-0.001959818087191424,0.6886198929002136
1750195163045470464,3.2421822998836083,-6.637032726612894,0.40400334924678916,0.7224052257002996,0.038119893712123376,-0.004684636768729797,0.6904025041688516
1750195163197163776,3.2392969517643713,-6.627887366522895,0.4034100350173464,0.7203425267201916,0.04009761173574403,-0.0036238169758583305,0.6924490549361629
1750195163246341888,3.2378855120980248,-6.617608238573088,0.40266271636020257,0.7166845471820156,0.03975398006816629,-0.004592510688938897,0.6962483678579229
1750195163394230528,3.2374870036829173,-6.6076758495045524,0.40267779804834003,0.7119658433416874,0.038835150111968024,-0.005764983438742668,0.7011157065681041
1750195163443389952,3.236848109819313,-6.597323248420465,0.4020061738736813,0.706312793880383,0.03844204717915496,-0.006071357664760254,0.7068292472907935
1750195163592068608,3.2354047836820956,-6.58795948318394,0.40076348205937107,0.700288540392247,0.03949492346068466,-0.004218883485632427,0.7127540334773743
1750195163641991936,3.2340100335666784,-6.579249684205123,0.39953896161292857,0.6939607370589398,0.039900437187651475,-0.0021135265735884637,0.7189033200217326
1750195163795753728,3.232809752552633,-6.570685225180256,0.39795374816797446,0.6880584293021611,0.0389351027500168,-0.00038325884295420355,0.7246099010866109
1750195163850273280,3.231875590457756,-6.562957147538053,0.39579538920268664,0.6837476431864761,0.037844552159465424,0.0009143755575182675,0.7287359701744718
1750195164009240320,3.2315744070779955,-6.555309037035327,0.3940204366017648,0.6806522134777093,0.03617429022081554,0.0015623350175584696,0.7317113803435121
1750195164065920512,3.231556960068065,-6.5472655821877535,0.39394860682648636,0.6787139727213494,0.03521430568957566,0.0025313859179679336,0.7335536026719104
1750195164227630592,3.231913712738912,-6.538950472584282,0.3950793734984499,0.6771679128892413,0.034685614310035716,0.003200591518340845,0.7350035932749563
1750195164287518720,3.2326928562365103,-6.530872347894157,0.3958999178496918,0.675721094622439,0.03391904911345825,0.0030669480317291192,0.7363702154618031
1750195164446545152,3.2335624689244633,-6.523087380009237,0.3967283666479138,0.6743013574359991,0.03326036650062175,0.002624111147348794,0.7377022037522322
1750195164504883712,3.234200351347639,-6.515435423403941,0.3977463106350534,0.6729241599041303,0.03329148967148446,0.002323440057254155,0.7389582893229322
1750195164665434368,3.234877780672959,-6.507947476595293,0.3982126834753701,0.671440689076196,0.03385732666108844,0.0018271925235201485,0.740282205548485
1750195164729921024,3.2355827930740206,-6.500666864781771,0.3980961549710105,0.6698933542620892,0.03494843892576456,0.001267818027530442,0.7416332605604931
1750195164897339392,3.236475761691198,-6.493554495619627,0.3974446030016221,0.6683172632283272,0.036209768603274906,0.00024912913365506196,0.7429944994839265
1750195164964898816,3.237124498698112,-6.4866798928793745,0.39702688843355416,0.666835503139326,0.038039212283686896,-0.0004936074784496054,0.7442332876413253
1750195165130095360,3.2380600218485385,-6.479922808422621,0.39789642664613734,0.6655189815478938,0.039022511741596703,-0.002242812612310191,0.745356759255873
1750195165191674880,3.2400516972434774,-6.4733512496092445,0.3995464631408918,0.6641414608786171,0.03712882121776396,-0.007054174699276433,0.7466510625428103
1750195165350469632,3.2419081698096495,-6.467596055697823,0.4006398534288089,0.6625638429308661,0.034788902094052276,-0.012045204593061708,0.7481001265726965
1750195165423365632,3.2420814712315864,-6.462832043808621,0.40119550586100194,0.6609701701346348,0.034933053814615145,-0.01377118139275326,0.7494721279049845
1750195165596958208,3.241652617961092,-6.4590678025307335,0.4006343155940857,0.6595427787852775,0.03586835499650597,-0.01406214984547195,0.7506790525942244
1750195165676568832,3.2412701436348907,-6.455581473483274,0.39982931368666064,0.6580162489330588,0.03658255917851787,-0.014084354149178998,0.7519826882796025
1750195165854700032,3.2413925950634686,-6.451737975201917,0.4008360130069675,0.6564178638593693,0.03575372135106557,-0.0155265381366439,0.7533897968710116
1750195165934556672,3.2410033758685026,-6.447842649722325,0.40254460406945647,0.6551521016487678,0.03653050360418407,-0.015674041903092267,0.7544505089282184
1750195166108985344,3.2407417531349076,-6.444011216269801,0.40453765052617596,0.653854847615738,0.03758414534600976,-0.015444148709826463,0.7555281255774923
1750195166186027008,3.240512818346269,-6.440554322578837,0.40561473946049365,0.6526773995479367,0.039268117934361725,-0.01451377220851902,0.7564784051442022
1750195166366973184,3.240566925174855,-6.437378368496075,0.40591993159609263,0.6516196879617097,0.04117620690365944,-0.013425047076462103,0.7573084380598872
1750195166447974912,3.240885970593767,-6.43453482413345,0.40540476225768307,0.6507286864698264,0.04334883785915819,-0.012112485023077185,0.7579751595983083
1750195166622540544,3.2421241308920616,-6.431618439324456,0.4048545692629397,0.6495909794939905,0.04392878817606292,-0.01275420789638585,0.7589065496557242
1750195166699495680,3.2438853804109105,-6.428529952098936,0.4044723683077671,0.6482461628729622,0.042797168906880345,-0.015395371805855599,0.7600712448060354
1750195166875176704,3.2447379792973674,-6.42526979259666,0.4043865705175751,0.6472110282085258,0.042942804162479246,-0.01691974951408268,0.7609122962683059
1750195166954619392,3.2451930445406516,-6.421154570529762,0.4058756412353115,0.6463423874314372,0.04340018712482402,-0.01831349480820677,0.7615921204128036
1750195167118390784,3.2461669864821303,-6.417093539909024,0.4079857364412973,0.6450872669238997,0.04240981278316755,-0.021337122053491628,0.762632646203154
1750195167182842624,3.247140119551033,-6.413136552711832,0.4104328632302696,0.6430546533568071,0.040505513109145255,-0.025306964303930916,0.7643294929293525
1750195167339797760,3.247310817806313,-6.409515395247485,0.4128956635207732,0.6405336586591166,0.03908748870777548,-0.028492850579681196,0.766405217764813
1750195167417022976,3.2465254725831048,-6.406879704190614,0.4132501868401053,0.6387370570511247,0.03996305879312099,-0.028930511226542367,0.7678417489312079
1750195167576235264,3.245445632848513,-6.404710479294543,0.4115598254530122,0.6375290622132538,0.042814984296676545,-0.027170216724824954,0.7687557162560099
1750195167654922496,3.2454391108882947,-6.401651798036335,0.4109939636737603,0.6358861979091788,0.04424284225650267,-0.026961877190117264,0.7700417984733425
1750195167810071808,3.2457464036550725,-6.397770155087782,0.41271311387305154,0.6334748541109007,0.04343075353184538,-0.0290452628930659,0.7719972484149811
1750195167872498176,3.2459267430035257,-6.394018221082142,0.4145934568249805,0.6309836172705138,0.042300995436901564,-0.03134715775665007,0.7740075298224461
1750195168035653632,3.2454799522244118,-6.390789988526048,0.4152620635041777,0.6289160339250709,0.042550645021223854,-0.03199802468462546,0.7756482394078639
1750195168108259584,3.2445797189984993,-6.388263255389603,0.41385520772597184,0.6275843723588667,0.04453037058025779,-0.030532745754415693,0.7766740970983957
1750195168271994624,3.244248400162872,-6.385118242169513,0.4124506069681013,0.6260476335728269,0.04610614381609846,-0.0296226645384148,0.7778567231475974
1750195168349221376,3.2443776658338854,-6.381092527108018,0.4128639629339834,0.6237292517968628,0.046300656235006496,-0.03030941920530057,0.7796790421657948
1750195168500999168,3.2447730900481777,-6.37672395588441,0.4140158864943162,0.620784762181101,0.04561611471181314,-0.032051277429337596,0.7819962690048462
1750195168561925632,3.2450890788195768,-6.372681790186702,0.41513333073216296,0.6178935178495742,0.04505132684588611,-0.03359238361692262,0.7842509358055215
1750195168723812352,3.2451516487916563,-6.368929930419089,0.4151163591860749,0.6152206941667498,0.045405776309864046,-0.03398361122643225,0.7863122325861982
1750195168799449600,3.2447889318283107,-6.3653815088853305,0.415019657931718,0.6130232574541552,0.04699973223912889,-0.03276416309925628,0.7879847845016756
1750195168965902592,3.2443991758236947,-6.361233172983075,0.41612115177083897,0.6105743151425322,0.048354520156308575,-0.03238471843471952,0.7898177486487529
1750195169039820032,3.2440279468728765,-6.357086871474526,0.4174183526507407,0.6078449648302083,0.049234029871780036,-0.0324599557826782,0.7918629049928618
1750195169205046272,3.2436291971032434,-6.3530387794369485,0.41805625401864166,0.6048946232642146,0.049715776177115256,-0.03285544842569653,0.7940726389027003
1750195169276044800,3.2432393940933637,-6.348996997831547,0.41862261022785896,0.6020620409182552,0.04947504589247133,-0.03397686352090731,0.7961903613235748
1750195169423652864,3.2431781977239624,-6.345332087722262,0.4183624759476783,0.5994148712458851,0.04822919675055559,-0.03607329337402311,0.7981694520684358
1750195169492259328,3.242667581196452,-6.341847528963504,0.41810903380506037,0.5971000457225997,0.04733289016481327,-0.03746109364461552,0.7998923673655508
1750195169656441600,3.241149065547313,-6.338246918532707,0.41874147169817855,0.5955920831007117,0.04841731302076863,-0.03628993547698794,0.8010049156719827
1750195169728855808,3.2399762455216687,-6.334474657770376,0.4197140647589359,0.5942643476006666,0.048950432459646316,-0.03551533831126301,0.801992768718898
1750195169891697152,3.238552859652405,-6.330785289341691,0.42117703552635977,0.5933705795625915,0.050152970642402865,-0.033385691328012536,0.8026714336886835
1750195169960425984,3.237390170784406,-6.327238098357418,0.42200433042276453,0.5922845088014957,0.05113817956836558,-0.031173378492712723,0.8034999487850356
1750195170118195968,3.236449008598449,-6.323725508213784,0.4222218960516,0.5912268017792716,0.05188932159681318,-0.02892832998215609,0.8043143159776034
1750195170187177728,3.2360979801183523,-6.320028280786898,0.4220399144481868,0.5899251764692396,0.05129810275358089,-0.028136297725028733,0.8053354205372741
1750195170338622720,3.236464177124464,-6.316075426194732,0.42101563676255305,0.5881497992419048,0.0485341968040901,-0.029945828310629908,0.806738800826562
1750195170398089984,3.2365683642716316,-6.312311848748102,0.4193019403390621,0.5863162236582226,0.04518882430307765,-0.03238577429385237,0.8081722697894643
1750195170560055552,3.2345745246288238,-6.3082878759718675,0.419427259333073,0.5856448381477063,0.04509473779948708,-0.030630529611401693,0.808732563230558
1750195170617001728,3.2324634131486345,-6.303330099534986,0.4207326081164089,0.5852028734432626,0.04569403686739734,-0.028105456504704886,0.8091104592224547
1750195170767463936,3.2305367203855937,-6.297911246215257,0.42180028932894764,0.5848049662858507,0.04646406329267705,-0.02563050773692374,0.8094364207909642
1750195170827136768,3.2287570274639816,-6.29230440261093,0.42221362327760215,0.5842771456406852,0.047309599445693414,-0.023303392642314354,0.8098388548184262
1750195170975576576,3.227010792570416,-6.286543098481944,0.4218372734188014,0.5836160513793965,0.04837537540383026,-0.02101452503365018,0.8103150728972467
1750195171033107200,3.2253081196623508,-6.2806221985169675,0.42067786454440936,0.5828081865670709,0.049617555123223876,-0.018893872043241108,0.8108734411073097
1750195171185284864,3.2236436868479164,-6.274853570164871,0.4185480391248313,0.5820052276959691,0.05126939887392621,-0.016470469182866168,0.8114000784560997
1750195171244348416,3.2223497839186943,-6.268594739907267,0.4170830799452183,0.5809263439139766,0.051932130868551536,-0.015754830815319695,0.8121449513702418
1750195171394812672,3.220860182885989,-6.262099837193973,0.41684850300149057,0.5799840914027228,0.052079000889855225,-0.016042514351884633,0.8128030936944951
1750195171452750336,3.2194751604013176,-6.255534640512298,0.4176612904844146,0.579416780864719,0.05179350457010048,-0.01721409077352994,0.8132018826930698
1750195171599753984,3.218220879416315,-6.249060189746405,0.4188473661898757,0.5789716690258631,0.050857452276436975,-0.019561086298970368,0.8135248551311512
1750195171659024896,3.2166878117923763,-6.242862722664126,0.42041964264416176,0.5786318219658355,0.049982015785743496,-0.022170630689362297,0.8137539405995688
1750195171807596544,3.214827523869977,-6.236911734851768,0.42232249569353897,0.5784953447940007,0.04962384463002435,-0.02424664055915941,0.8138136829258901
1750195171866740480,3.213127596490718,-6.231285265822381,0.4240461148859551,0.5783978055959853,0.04907541007260741,-0.026496419825689795,0.8138461294030803
1750195172017074176,3.2114370589011307,-6.2259591158546606,0.4258494820100811,0.5784056675981833,0.04850111849504908,-0.028653509046883505,0.8138018810584854
1750195172073966592,3.209852420783642,-6.220720806705394,0.4272115240132668,0.5784319568300017,0.047823690028087604,-0.03121256085504236,0.8137291576653639
1750195172224286976,3.2083895574205243,-6.215687503087349,0.4283629078055413,0.5785284578394403,0.047030707851379236,-0.03416506253167186,0.8135881540995572
1750195172283105536,3.206749762480434,-6.210942903604698,0.42938187559332386,0.5786851350686095,0.04682174531949511,-0.03639763167750232,0.8133919418239466
1750195172440888064,3.204927678102568,-6.206497768519284,0.430494542243097,0.5786710996264333,0.047219249488429316,-0.03752964193096803,0.8133275028618041
1750195172509526272,3.203066270976942,-6.202110850710918,0.43132602096394557,0.5784920537776224,0.04792556214376565,-0.038048653775406574,0.8133894418759268
1750195172662627072,3.2011604706745644,-6.19756147074566,0.43217429898514403,0.5781867482189187,0.04896312794362246,-0.03797450116837308,0.8135481753080285
1750195172729588992,3.1992609783712456,-6.192890403476054,0.4324704393449248,0.5775197559750959,0.05010031205490563,-0.03740863120579347,0.8139787985579081
1750195172878108416,3.197460826101616,-6.188205029250383,0.4327956478093169,0.5764649703444943,0.05121173625703037,-0.03641566279472024,0.8147020286819485
1750195172935490560,3.1958049249707168,-6.183346323137301,0.43310743842086463,0.5748296415687488,0.0519184048629893,-0.03562366259917203,0.8158469936657525
1750195173080802560,3.194412051798026,-6.178424464095542,0.4334253149058096,0.5728911527980287,0.051731907730738,-0.03566754025851514,0.8172192871807368
1750195173138636032,3.1924947335685556,-6.173494480650225,0.43356791515241655,0.5712435132585271,0.052084971164576895,-0.034558707460910144,0.8183970308337338
1750195173284555776,3.190421156122305,-6.168061574297479,0.43368429752800575,0.5694668020845999,0.052199469733831196,-0.03350449380022518,0.8196708031754194
1750195173342792960,3.1881918867801047,-6.1621432656723805,0.43329282652330425,0.5673799602191543,0.05156852597187443,-0.033314270103475714,0.8211643119852882
1750195173492303360,3.18562968627183,-6.156028354746322,0.4319317988144422,0.5650948949806566,0.050423310442667235,-0.03367941019897412,0.8227945957281514
1750195173549768192,3.182411895371047,-6.1497906427348195,0.4305161794130119,0.5630178399726203,0.04974797424992237,-0.03308447459751281,0.8242823960701818
1750195173699130880,3.1787942231952213,-6.143530255937257,0.4295122368922555,0.561403900121247,0.05001448479168781,-0.03079434966965614,0.8254549777353685
1750195173759117312,3.1757534280103674,-6.137292344867995,0.4288587027926578,0.5602704623938901,0.04999346664770907,-0.028665562564225495,0.8263025764115454
1750195173908284928,3.172989569948509,-6.131333628004616,0.42873186002085717,0.5598896409635613,0.050158189905931974,-0.026056448275236264,0.8266370469742659
1750195173967310080,3.1701894009511213,-6.125870319379302,0.4285009381356657,0.5606050025366368,0.051114108308430314,-0.022039536697228634,0.8262104077563428
1750195174115962112,3.168445327505893,-6.120834668282309,0.42748758114678154,0.5620346919790904,0.051101298281063856,-0.019151091427308732,0.8253113945797077
1750195174188296192,3.16783928600996,-6.116286550642416,0.42645270841515126,0.5640827101312685,0.04983866495635213,-0.018010155420174125,0.8240160422637858
1750195174341651968,3.167132004468115,-6.111541666525084,0.42575618983379204,0.5669843554856361,0.04928403486498324,-0.016168955194469505,0.8220939054815359
1750195174402639616,3.1667173995991154,-6.10692455297473,0.42559390019165155,0.5702752870072209,0.04908410406998548,-0.014136576673151173,0.8198640161370923
1750195174553949952,3.1666696297757664,-6.102192752431814,0.4257479859565798,0.5739840361567606,0.04887633311329357,-0.012061267067564533,0.8173175369067508
1750195174616175104,3.1671155145923318,-6.097499753250473,0.4256019454291238,0.5776891294880226,0.04809377084709987,-0.010583588490220735,0.8147700574590028
1750195174767827712,3.1676804821778775,-6.092800821923995,0.42531444002401475,0.5812779246431221,0.047074773840320466,-0.00938824636266405,0.8122880036173755
1750195174829951232,3.1680146605409845,-6.088036605323584,0.42502402573822673,0.5847212691325859,0.04631560515764135,-0.00816725526207663,0.809869864906914
1750195174980754432,3.1677270156149806,-6.083312485904787,0.4254888757891018,0.5882060500199571,0.04688038271489169,-0.005657065473294241,0.8073313260654861
1750195175042489600,3.16766058534211,-6.078749142279424,0.4260344815819974,0.5914498379684952,0.0473912965577564,-0.0038341059517750875,0.8049387888586101
1750195175206076160,3.1678567234806407,-6.074252201900038,0.4263179322230721,0.5943612411898932,0.04757452027546839,-0.0031488480542875286,0.8027835727938754
1750195175281050624,3.168378324324156,-6.07013916643268,0.4260175312621275,0.5968602408207848,0.047056323257864824,-0.0036264768493405306,0.8009559313935242
1750195175444498176,3.169144096937654,-6.065958726899792,0.42590206317716506,0.5989622975466994,0.04555993699169498,-0.005538930393229317,0.799460929945292
1750195175522205184,3.169197088048997,-6.061529504647838,0.42703084046497786,0.6010775717255974,0.044918111319440616,-0.006961643399598881,0.7978970181452804
1750195175689243136,3.1692789553225453,-6.056963245961208,0.4285956842697156,0.6030119247662011,0.043953232206119325,-0.008912082609813438,0.7964705310003327
1750195175764324608,3.1691463274891563,-6.052639937279391,0.42979362198537396,0.604999978316434,0.043424459918242564,-0.01035479677333276,0.7949730314304418
1750195175931381248,3.168774705864966,-6.048573807372788,0.4307222995550619,0.607013668948867,0.04349543593945364,-0.010963052637904603,0.7934244540210055
1750195176004063488,3.1685186072841693,-6.044392532613633,0.4313320721502083,0.6087924757612427,0.04352725415904127,-0.011796418847086272,0.7920466805083235
1750195176165531392,3.168345094188367,-6.039943522326341,0.43151972969550556,0.6101247484180589,0.04349340440462225,-0.012891987569920238,0.7910056332274713
1750195176238814464,3.1681253121332973,-6.0354065412774585,0.43177318989665325,0.6110626612037435,0.04347130459027302,-0.013819536384730676,0.7902668474470693
1750195176408120064,3.167633095230443,-6.030679409462817,0.432304749773361,0.611495766277515,0.043685448649127455,-0.014351531768563323,0.7899104651394963
1750195176479891968,3.1667376954367845,-6.025923097992052,0.43271772764594596,0.6116206852017451,0.044749856496545205,-0.013763976664776243,0.7897646109590235
1750195176641616384,3.165732488916209,-6.021359659606862,0.43289478408624893,0.611233119794125,0.04625033245525979,-0.012226041996596217,0.7900034834806849
1750195176709503744,3.1649110760096937,-6.016837537681685,0.4335051609378531,0.6101347233728515,0.04742902662498788,-0.010553989515485671,0.7908063733136245
1750195176854112768,3.163968797259052,-6.011789693252725,0.43495780358972214,0.6083102830637741,0.04815378679966783,-0.00894594342423655,0.7921867093255058
1750195176920237056,3.1629841321660397,-6.006967667562121,0.4359569113635895,0.6063031780059204,0.04882262316695576,-0.006944156027095483,0.7937030846003369
1750195177078886656,3.1622433100552034,-6.002475437301329,0.43638982291819595,0.6041301927228296,0.048873280664998665,-0.0053783748558441785,0.7953673275673492
1750195177148342528,3.161689592189065,-5.998047459591703,0.4358487015598884,0.6017405948523449,0.04818246012751546,-0.0044099859817875176,0.7972247230652391
1750195177305390336,3.161077500624937,-5.993744497395001,0.4349348904788104,0.5990842805589691,0.04680489854546892,-0.003876945338518548,0.7993073848990344
1750195177362308096,3.1605538382668303,-5.989494335567589,0.4331938740151413,0.5962162325609958,0.044298403860138495,-0.0044857744879270535,0.8015882566963287
1750195177515298304,3.1587569987031836,-5.985348377143019,0.43215320776325683,0.5938534846089046,0.0432657734781179,-0.0025308337503634143,0.8034050700261542
1750195177575089920,3.156653472715786,-5.981287029586098,0.43187602269061953,0.5921285558240198,0.043248457731775325,0.0010624577147041714,0.8046814372565009
1750195177738550016,3.1551732729972977,-5.976964593733123,0.43123289393145336,0.5906316230996692,0.042313025536533905,0.0038854662478533778,0.8058218145574313
1750195177814529024,3.154082470947536,-5.972848509540968,0.4310375456198816,0.5895475323462751,0.04076289485125655,0.006170531530863596,0.8066808650565536
1750195177982931456,3.1531875303728194,-5.968829923410212,0.4308243036610713,0.5889710240864902,0.039135948195284855,0.008550832128925209,0.8071606987553775
1750195178057943040,3.1526607319459647,-5.964756053658724,0.43051686665568223,0.588702811275048,0.03727032445385958,0.010011889371385354,0.8074278202930433
1750195178224939520,3.152072827806075,-5.960840551496238,0.42966548947298433,0.5890871246721231,0.03588822743429868,0.011174382765402871,0.8071948512267452
1750195178299475968,3.1514505921483167,-5.956993424668396,0.4289801480939577,0.5900945487158592,0.0345763744490009,0.011371650626225898,0.8065132258480474
1750195178466690816,3.150526306602238,-5.952934728385031,0.42875199753636917,0.591889065426496,0.034211958519541126,0.011560184491627932,0.8052100584675568
1750195178538307840,3.1495769281201684,-5.9487824093650215,0.4290578768503206,0.5944536402419057,0.03443389011997464,0.011772253253553057,0.8033060381123046
1750195178694509568,3.148986373769593,-5.94446552570081,0.42951685439125153,0.5978848385098766,0.03470477610821176,0.011882307876012587,0.8007422239115637
1750195178756069120,3.149013904269574,-5.940366867100963,0.42984974054182645,0.6014657768904765,0.034347375517427996,0.011490695700207028,0.7980771522458997
1750195178913854976,3.1494527293695413,-5.936214268073169,0.4305407475868992,0.6049811254884537,0.03308925308619304,0.010299952020134494,0.7954852922092933
1750195178976030464,3.1497550865967074,-5.931843492343305,0.4326640897469689,0.6084531155500562,0.03217926031035266,0.009265553861213121,0.7928829994992662
1750195179129611776,3.1502587360866507,-5.927703572451496,0.4348985051901697,0.6116760887669317,0.03115133372502616,0.008186273627931877,0.7904523652706907
1750195179191033344,3.1507916853817286,-5.9237978461834935,0.4365038334821252,0.6147416785576362,0.03032829208718907,0.007587893897046632,0.7881086772834193
1750195179352179456,3.1511375404644983,-5.920413749119657,0.4368802569528807,0.6175344843190393,0.03021268682168033,0.008101916546144445,0.7859215693567093
1750195179409238784,3.1510521246587233,-5.917826730815394,0.43556371331936994,0.6203937542233467,0.03160847288716945,0.010918621916446635,0.7835772315846402
1750195179554164224,3.1510584435148337,-5.915621613041263,0.43345791378870935,0.6230938164671205,0.033727567856271415,0.014956692229354395,0.7812764199721475
1750195179625746944,3.1526479458313763,-5.912280785456465,0.43321595459567996,0.6248004140259932,0.032951598937616934,0.015678162217196836,0.7799312982499756
1750195179791038720,3.1537878177407355,-5.908692338635681,0.43370821975931406,0.6260425117050463,0.03189522966075519,0.015744031176496504,0.778977273959413
1750195179862660608,3.1540209810131774,-5.90523381971724,0.4341287351775529,0.6272431187609749,0.03157317791112433,0.016719598097897324,0.7780036371656898
1750195180032666880,3.1538366667279614,-5.901899092029588,0.43431562662909906,0.6281095270073118,0.030910030266681356,0.017259643918867865,0.7773191730578617
1750195180104640256,3.153590493929582,-5.898782480340856,0.4337643222902017,0.6284357179564659,0.029102231857283403,0.016502843948797082,0.7771417275111843
1750195180273429248,3.153258452829906,-5.895173482211412,0.43344493174562526,0.6281286345682512,0.026470813557317955,0.014722952898072406,0.7775197419506462
1750195180347439360,3.152210464306297,-5.890740200768083,0.4340741163687465,0.6280540913661133,0.02479346058275583,0.013625165695258764,0.7776552561967248
1750195180505533440,3.1510262201779393,-5.8858199903007815,0.43474838848464215,0.6280613750329036,0.023558675425506843,0.012994517592669,0.7776985537575005
1750195180567507968,3.149782867752542,-5.8801954134420304,0.4349813713085333,0.6279211437214551,0.022365763235869193,0.012349648377830832,0.7778575037160476
1750195180726727936,3.1484198234999092,-5.874267829846515,0.4349082332031373,0.6275700847492899,0.021701125243004417,0.01219498167715568,0.7781620218905895
1750195180787108352,3.1469269991412396,-5.867828723593764,0.4347312280200586,0.6272302870492505,0.021576992237793732,0.012669123871372232,0.7784318169977487
1750195180942332928,3.1453805441092126,-5.861068877197287,0.43381742996960604,0.6270382900029757,0.02208295429024662,0.013880976003381396,0.7785516325235937
1750195181003509504,3.1441627133577166,-5.853995741707736,0.43280941769765224,0.6264026404566719,0.02244250029471072,0.014696986507294526,0.7790379097303517
1750195181155764224,3.143058871265298,-5.8468406753581785,0.4324707861679351,0.6254819525003211,0.022594197180258145,0.015081417102896556,0.7797655931165044
1750195181212316160,3.1416150976603396,-5.83901799080223,0.4323201645323249,0.6247064864773203,0.023309524042122307,0.016380929682509343,0.7803397574036758
1750195181369604352,3.1404725989247466,-5.832129797280338,0.4319000268251725,0.6239399586821947,0.024126312261971455,0.018046949762274077,0.7808912578717839
1750195181429862144,3.1395354665140376,-5.825203793696549,0.4316325876080187,0.6228844843279847,0.02498041315083091,0.01978867964200705,0.7816644461022263
1750195181587386112,3.138791151893013,-5.818224004238565,0.4323096918688014,0.6216298198298037,0.025696798479721835,0.021513401993325278,0.7825939018296346
1750195181648361984,3.1385253740178447,-5.811526188160913,0.4326077189718833,0.6204052297315402,0.02580165077959312,0.022654928307201675,0.7835294378402121
1750195181806854144,3.13848740223934,-5.805120802070234,0.43290637096465234,0.6194786303568025,0.025683545210095114,0.023782435023873193,0.7842327319240354
1750195181866995968,3.1388148151647517,-5.7988129948067,0.4332579899597335,0.6187117899049939,0.0249126474110348,0.024234989806478244,0.7848488684457743
1750195182024036864,3.1395041440406284,-5.792547233572593,0.43358317856765805,0.618078073392643,0.023376829568698153,0.023696428853743755,0.7854116744040248
1750195182084558336,3.1400441922867732,-5.78658777671377,0.43383382649043156,0.6177252998971844,0.021898304725956455,0.023564958275148536,0.7857357131113194
1750195182241675264,3.1405317681369143,-5.780683773986791,0.4347112887360156,0.6177447928169728,0.02023291193725303,0.023501938595834566,0.7857669241602703
1750195182302248704,3.140976139844267,-5.7748494370632475,0.43487735164486807,0.6180685740198135,0.01857307570039156,0.0234337715469048,0.7855553048762568
1750195182460205824,3.1415167606702035,-5.7688308347543575,0.4346449564201209,0.618591378218726,0.016405866005382626,0.022619190612280172,0.7852158471211055
1750195182521570304,3.1419288941951096,-5.762657934521033,0.4340861901321822,0.6192961744392708,0.013958069700187847,0.021464861393265706,0.7847398806869043
1750195182685322240,3.141719975034452,-5.756422721682333,0.43366617886302894,0.6203323948758747,0.012222762235133048,0.02147952085240603,0.7839495864753397
1750195182746155520,3.141411660924946,-5.750050784362804,0.4329466997376601,0.621435184104499,0.010671413269218097,0.021935251394272805,0.7830857409263148
1750195182912953856,3.1411958143002416,-5.743343210840922,0.4318436678811337,0.622406048659688,0.00882693513350407,0.022028084854399284,0.7823346849562723
1750195182974799616,3.1407319266764375,-5.736355782598296,0.4307512500506845,0.6232712925402152,0.007205175104167567,0.02231873719142443,0.7816539229845569
1750195183137983232,3.140107489535645,-5.729047839799163,0.43025804563563064,0.6239639355803851,0.005919244601795518,0.02278715470484828,0.7810984030318066
1750195183192734464,3.1393255398982287,-5.721855688377765,0.4304092616808175,0.6244069451726184,0.004928998679424518,0.02332125010968692,0.7807354168254043
1750195183347599104,3.1382737318222587,-5.713960324154729,0.430737837602134,0.6248798948539569,0.0046813814725650705,0.024441856344994236,0.7803241617002685
1750195183401059840,3.1375792357950845,-5.706286876277026,0.43099501385436323,0.6251361712339962,0.004311258290678557,0.02469875093708423,0.7801129098848444
1750195183557690112,3.136923041520557,-5.698734988461783,0.43117166071940405,0.6251721936347716,0.004134380540268878,0.024925893610826446,0.7800777749885827
1750195183613866496,3.136235828941122,-5.6912542959028105,0.43179996655637165,0.6250638436184814,0.004305272863473246,0.0252605654985568,0.7801529079976272
1750195183774216192,3.135715740705123,-5.683930867720177,0.43202223895842895,0.6247216398670589,0.004619566061642523,0.02525406204830588,0.7804253741654458
1750195183836105216,3.135332261665117,-5.676678578936138,0.4318066569824701,0.624313148920901,0.004841101618692912,0.02471946768535935,0.7807679576781688
1750195183998030848,3.1349661957665558,-5.669530547623257,0.43167439560038456,0.6239022145528965,0.00521574349246396,0.024073271392728697,0.7811141403791542
1750195184059741184,3.134698223103417,-5.662501306143061,0.43174727026822657,0.6233362094971417,0.005548944763050734,0.023086400233928314,0.7815933707919934
1750195184219613440,3.1343111625091167,-5.655777777611563,0.43179682754159243,0.6226530358306346,0.006196790164822653,0.02251649697667164,0.7821494768434273
1750195184280565504,3.133768293085445,-5.6492974928209865,0.432279095634998,0.6220095731827182,0.007389099257107365,0.02286594855419921,0.7826408119168957
1750195184443145728,3.1335961570204236,-5.642968017961467,0.43282019323284526,0.6212172792948253,0.008259063157109432,0.022798821607953962,0.7832631061875635
1750195184502380800,3.1338560335418455,-5.6369583299805734,0.432759636376316,0.6202804796549426,0.008417870175302851,0.022024387532327595,0.7840256324729263
1750195184662248192,3.134440091555922,-5.631228262246269,0.4328394960493185,0.6192164843719704,0.007681036337519839,0.02056440815358772,0.7849134043192861
1750195184722747648,3.1344051806522653,-5.625772354802819,0.43333428855884026,0.6183951336723423,0.007840072276947505,0.02072870421137055,0.7855547802278181
1750195184884068352,3.1345685595374473,-5.620332231971429,0.4339753757813485,0.6175470515933241,0.007680538258600229,0.020788996867157686,0.7862216392403023
1750195184943703296,3.135060970493666,-5.6149012473573725,0.4348914554630423,0.6164393044364443,0.0065726404969710175,0.019928381553988052,0.7871227629483526
1750195185105240832,3.135373383085087,-5.609679507375747,0.43562240664388296,0.6154836982759646,0.005503862596758298,0.01954676650493415,0.7878879670183188
1750195185165906176,3.135289041687846,-5.6045655128955145,0.4359611402691934,0.6147889325943756,0.005128180985442088,0.020362531982922625,0.7884120987215341
1750195185325468160,3.1353624795134643,-5.599436419299868,0.4358109327004298,0.6140516383569303,0.00441110108337661,0.02104839966538369,0.7889728084604232
1750195185384120064,3.135503433869404,-5.594088830354125,0.43573293548033787,0.6133463516591604,0.0032091267113555917,0.021484673690627745,0.789515271042021
1750195185546990848,3.135611199926166,-5.588578176002827,0.43512443473407325,0.6127581290075331,0.0016911172675166779,0.02183428415068434,0.7899670116487153
1750195185607885312,3.1357582023075716,-5.582943893642815,0.4337464000243654,0.6122412644875377,-0.00035539623877131637,0.021911027552076644,0.790367265658078
1750195185769774592,3.1355554289903487,-5.576958597589523,0.4325349009423958,0.6116267029409354,-0.002397220838361287,0.022253281432785724,0.7908298306508968
1750195185830301440,3.134742706149144,-5.57039949805404,0.43177599927803856,0.6110783777439015,-0.0037726871180753132,0.023465976492775962,0.7912132020088082
1750195185997551616,3.133836802784341,-5.563367360614339,0.43061701050237655,0.6104781750199765,-0.0052722913010659934,0.02444333593613454,0.7916382533057817
1750195186052519168,3.132865851231362,-5.555851149065523,0.43009921376712246,0.6098669278221509,-0.006841829718369665,0.024676639378664895,0.7920900095215518
1750195186209712896,3.1315899687843736,-5.547702941115904,0.42932849465526646,0.6091521026681965,-0.007881330228101304,0.024710307323482533,0.7926291700163006
1750195186266364928,3.130127217311473,-5.539683597590022,0.4283597988083958,0.6084600799017179,-0.008210264729016516,0.02508307729924353,0.7931454859937581
1750195186427297280,3.1288188943927713,-5.531557997031438,0.42774488874587524,0.6076918991734469,-0.008670173531992075,0.024849612061489616,0.7937366569274015
1750195186481573376,3.127560697614832,-5.5234493124426445,0.42713727421848713,0.6068701261094114,-0.009268187954140274,0.02403022578698357,0.7943835968703159
1750195186643107584,3.1260027061220583,-5.515514188640731,0.4267026530467377,0.6063044343202797,-0.008913214281897446,0.023942775419661604,0.7948221379905914
1750195186697591040,3.124342882988497,-5.507638211387497,0.4267863144860047,0.6060351346276265,-0.007665884105842504,0.024568669338779502,0.7950214024192506
1750195186862076160,3.122999965327938,-5.499737439711281,0.4271351008348665,0.6058007573377732,-0.006593927292344972,0.024583199462514464,0.7952091730079768
1750195186918337792,3.12151886007194,-5.492093269394219,0.42748671576276376,0.6056112620521523,-0.004947199646919883,0.025197347512002206,0.7953462253444171
1750195187081670656,3.1201962796740284,-5.484818044598312,0.42761028174055316,0.605498968410816,-0.002934439249126718,0.026063636189050263,0.7954137760865948
1750195187144708608,3.119375296878968,-5.477428252175962,0.42725727880982234,0.6053942607186278,-0.0012175198053047138,0.026051749883501348,0.7954983425893964
1750195187311418368,3.1190111713060777,-5.470275516284336,0.4274084033243519,0.6052458133268486,-0.00041008209137102683,0.024701640616151013,0.7956551804857872
1750195187375071232,3.1186679305247607,-5.463469827367887,0.4280460147363381,0.6052346229261423,0.00022420275426767827,0.02318936166739117,0.795709277594546
1750195187538230528,3.1180253091004584,-5.456954411517989,0.42859595822976093,0.6053638269589987,0.0013759228394272555,0.022307064704751182,0.7956350537213359
1750195187600560384,3.11720624273242,-5.450310201600159,0.4293308248104095,0.6055208251640852,0.002550216644418173,0.021480098186556208,0.7955354373436597
1750195187763070976,3.116454600750978,-5.443582343912162,0.4304285346800141,0.6055180481257455,0.0032523976237513897,0.02019453622858437,0.795568662033766
1750195187825789952,3.115769666983489,-5.437062271651121,0.431134627721677,0.6055059205590444,0.003750620808995282,0.018703422600389968,0.7956121511104025
1750195187987642112,3.115018756721192,-5.430757484394761,0.43124893435192124,0.6056551272889846,0.00423433427112405,0.01733278180780853,0.7955271911610861
1750195188048419840,3.114151743789302,-5.4245520639279965,0.43131365704114577,0.6058785829400688,0.0045809821892305695,0.016073107496368262,0.7953815515537972
1750195188209584128,3.1130447836569273,-5.418311656559902,0.43174600748289693,0.6062151322185234,0.00513039047609203,0.015349172752555873,0.7951360232429752
1750195188271091968,3.1120803972752222,-5.411958161494389,0.4323575247482374,0.6065558878235651,0.005020915394032765,0.01422774575315649,0.7948976768150451
1750195188430204160,3.1108384850333937,-5.405675190189745,0.4323899213237721,0.6070331570097386,0.0052021991667043814,0.013907664514164128,0.7945377651706568
1750195188491498752,3.109589382283586,-5.3992448824312085,0.4318602714984183,0.6076258763911779,0.005233886581902902,0.013776374547741107,0.7940866528757554
1750195188647614976,3.108039240175165,-5.392566922288527,0.4312884979195668,0.6083555487222787,0.0056861575715234005,0.014588315159532371,0.7935101606228444
1750195188708990208,3.1068647599599224,-5.3857479354666475,0.43060683758211615,0.6089969768884992,0.005420438037144133,0.014746288400631356,0.7930169279218189
1750195188871633920,3.1058773663376114,-5.378640216027989,0.43014489346123463,0.6093744924447012,0.004187620525887094,0.013755018989002464,0.7927521625607253
1750195188932694784,3.1045313369667222,-5.371501862552943,0.429199239419952,0.6097019482648979,0.0032119712496885447,0.012992892485087967,0.7925177614839617
1750195189092547072,3.1026653391826144,-5.364363663940127,0.4284139338134323,0.6100721078593541,0.003195682689001001,0.013360186489630126,0.7922268085852424
1750195189148088832,3.1009836026780526,-5.3569347884724134,0.42782711268656337,0.6102845379619731,0.0029607378381587704,0.013416996648783082,0.7920631294012627
1750195189304231680,3.099650902820955,-5.349260820901103,0.4275736622126356,0.6102785430010469,0.001839367449531964,0.012055180453379617,0.7920930433378026
1750195189357747968,3.0982255197056157,-5.341859687145204,0.4265639919558315,0.6102907372855629,0.0009982545261547045,0.010679798881523504,0.7921048929069906
1750195189512511488,3.0961640636245145,-5.334449622708329,0.42595401088479523,0.6105420913570215,0.0015697458472855499,0.010688349884029866,0.7919101273226186
1750195189566572032,3.094217977902435,-5.327056977167914,0.4255740318158696,0.6106985555924799,0.002462737663942613,0.010903744194607995,0.7917842619571297
1750195189720137472,3.092359934413698,-5.319586471302149,0.42600404692817806,0.6107402272302436,0.0036769079266942184,0.011317224552373656,0.7917416091246442
1750195189774745856,3.090733757884707,-5.312513095019652,0.42642855950505476,0.6108995727767141,0.004927940839239413,0.011953333665063364,0.791602517172984
1750195189932683776,3.0893471985485568,-5.305489732341147,0.42642917565713345,0.6111273487232713,0.00615605815685011,0.012533441514556449,0.7914091100273202
1750195189991989504,3.0884183003693066,-5.298672946427245,0.4266081513278768,0.6113238303669534,0.0069732376849674736,0.012264003373268504,0.7912547899399572
1750195190148808192,3.0874424233876208,-5.292041338423738,0.4277166832783106,0.6115865399562993,0.008027006334989789,0.012118911367047605,0.7910439958060853
1750195190208680192,3.086625732891921,-5.28564289224073,0.4287424026623401,0.6117563386962138,0.009155081071292247,0.011932682769352968,0.7909032669280783
1750195190365050368,3.0859857435728424,-5.27923750598087,0.4299475235077672,0.611796011818886,0.010182737369999122,0.011354756688898305,0.7908685233859641
1750195190424223232,3.0855103017752175,-5.272933810866472,0.431101346198715,0.6120081554800122,0.0109667292921896,0.010427163261971847,0.7907066603620423
1750195190578598912,3.085094608324844,-5.266783012632608,0.4316473808224903,0.6124014870017044,0.011725837740557443,0.009499507371307782,0.7904028610823002
1750195190637487616,3.084718121664692,-5.260823622942462,0.43222233204257776,0.6127984394500995,0.012410027469015327,0.008627365146138433,0.7900946983725284
1750195190789561600,3.084096443964194,-5.254974681120098,0.43248765827490887,0.6133865484674459,0.013609841002155567,0.008620512959936417,0.7896185162110857
1750195190847367424,3.083606775284971,-5.249076117485756,0.4324981669967012,0.6142130253380019,0.014568674768651464,0.008652582694199565,0.7889583297192215
1750195190997802240,3.083301639985889,-5.243023808454526,0.43216270932901457,0.6151308849140378,0.015104740846966787,0.00828579116992549,0.788236758146629
1750195191056570624,3.08309471689572,-5.236865884093148,0.4316038888710394,0.6161813405856001,0.015295584840894714,0.00765134777274667,0.7874186037145476
1750195191208920064,3.0830541566210834,-5.230576817266945,0.43108530456935146,0.6174174006470929,0.014826824467360047,0.006426686446933871,0.7864697173799597
1750195191266659584,3.082960772211902,-5.224278534771122,0.43022716752093837,0.61893950405226,0.014253779061905144,0.005187672629322834,0.7852921801206784
1750195191418413568,3.082925597538781,-5.217561059251821,0.42977280487113667,0.620472470277956,0.012952894923966786,0.0030270253978345093,0.7841154081240211
1750195191475577088,3.0826288323718702,-5.210619720580193,0.429485166360577,0.6224235556842183,0.011339520122492766,0.0007813296808865974,0.7825980591189428
1750195191626496000,3.0821331088998054,-5.203383487131273,0.4290938575116896,0.6245279142690652,0.009969200437913528,-0.0011539915865164995,0.7809380049944925
1750195191682018048,3.081529427392977,-5.19571148530388,0.42856776513480055,0.6265141785025734,0.008531488722005865,-0.0031057154328771913,0.7793571404478711
1750195191825984512,3.0808461674695073,-5.188017495889113,0.4283007472954141,0.6280459539841239,0.007042141452337395,-0.0049914576254880185,0.7781283784046887
1750195191878038272,3.0798633196526195,-5.180057183262882,0.42804669409662566,0.6293970478054165,0.005871358977251233,-0.006347804603098753,0.777035770562918
1750195192025194496,3.079111785940364,-5.172163764307178,0.4267128653396868,0.6304212291836716,0.00430736682075873,-0.008184399522953571,0.7761981293394549
1750195192077482496,3.078724848463688,-5.164384700846653,0.42440291899284954,0.6308882932776614,0.0014249726437311045,-0.01161972633097522,0.7757853522838373
1750195192224115968,3.077307329884566,-5.15659042062958,0.4234591950958295,0.6312879180338341,-0.00033052821598175594,-0.013400403743541211,0.7754327078961244
1750195192277209088,3.075412232061476,-5.148736920665236,0.4234111633073896,0.631608207818443,-0.0008020304100256206,-0.013315522371206484,0.7751729648456389
1750195192423382016,3.073577028788529,-5.140950635730579,0.42352023878142964,0.6318510967049077,-0.0003366259980271137,-0.012001986837735701,0.7749967939209104
1750195192474795776,3.0722073995685615,-5.133162528045271,0.42310912028381775,0.6318893776955878,0.0002905911649911228,-0.010715762752566476,0.7749844529672114
1750195192621359872,3.0712553728347074,-5.12550065566397,0.42223095415455925,0.6316541595146709,0.0008037882859588173,-0.009612747006547151,0.7751902810195667
1750195192675744768,3.070331440706423,-5.118033878069421,0.4219059351220027,0.631108259548736,0.0018904468890934957,-0.007598677734895826,0.7756552398047772
1750195192825745664,3.0697616199054,-5.110426146658216,0.4223169735890444,0.6301594347443074,0.0028039209146718583,-0.00560974298644956,0.7764404391927721
1750195192885769472,3.069661718186064,-5.103191647879925,0.42215395610461925,0.6288589070030909,0.0032709886958503234,-0.004415379272037037,0.7775000193837384
1750195193040568064,3.069374299386455,-5.096080488347256,0.4218215778904062,0.6273176845829197,0.004576344039251217,-0.002212725387251778,0.7787468674294098
1750195193100573440,3.069323789077348,-5.088935089229374,0.4221184104500155,0.625565622806351,0.005945792117669679,0.00018264002815171617,0.7801488741013571
1750195193255355392,3.0698365929665994,-5.081886538245104,0.4226307305132435,0.6235034806667712,0.006028610547085408,0.0011884534277382226,0.7817964268463644
1750195193313989120,3.0702211289707466,-5.075147729797449,0.42261915029045927,0.6214150975905435,0.006037905325798033,0.0022944837527341558,0.7834548841701869
1750195193467745792,3.0703093255493257,-5.06857197083904,0.4222718157020142,0.6193106674075194,0.006338924905902647,0.0038486526577601278,0.7851110132580044
1750195193526885376,3.0703145747252907,-5.061910350311906,0.4218144554701442,0.61724313593912,0.0063716873543703525,0.00502304815268829,0.7867306284387017
1750195193682328832,3.0704164282197053,-5.055159388871443,0.42169456557746354,0.6154585859563403,0.005499958166602846,0.0051683622836907125,0.7881330899436287
1750195193741554176,3.0699518115055664,-5.048463584484176,0.42150661964891256,0.614232177833308,0.0050157158285696,0.006070070891347806,0.7890860716982988
1750195193896005120,3.069265508219382,-5.04160309466433,0.4209873158445836,0.6132734812944163,0.004622514438660913,0.007095565837039166,0.7898252480433529
1750195193954056448,3.0686453211991047,-5.034563975592533,0.4202794247855688,0.6124815527285101,0.003744770977442393,0.007555989795278801,0.790439897320355
1750195194109594112,3.0683565054925164,-5.027227399037485,0.4196239583560035,0.6115278839772365,0.001426844808639323,0.006072922387892759,0.7911982879442333
1750195194169680640,3.0675446121227505,-5.0199506107372445,0.4188760875554647,0.6106699978696857,-0.0005636883573033057,0.0049682507787179205,0.7918694036528209
1750195194326371072,3.0660993399465775,-5.012743713514498,0.4177882144757632,0.6098691106268432,-0.0015543244795376727,0.005016257005836341,0.7924847564113061
1750195194384374016,3.064794401562229,-5.005544581111679,0.4169747433216293,0.608986261706708,-0.0026743718097019848,0.004566353281428817,0.7931631163925997
1750195194536052480,3.0632922888069625,-4.997981383391114,0.41661077169130545,0.6081286217360875,-0.003535835164400654,0.004068286743524397,0.7938202103360869
1750195194589856512,3.061527360235686,-4.990662018629964,0.41620956018296784,0.607442638690982,-0.0033738515163964553,0.004574983815673132,0.7943432050122721
1750195194742625536,3.0598174572924193,-4.983564463685819,0.415579103804661,0.607017011379576,-0.0025417425395119946,0.005779526580525144,0.7946637556307548
1750195194803560448,3.058493784114625,-4.976270236561299,0.4146621455209223,0.6067757307806362,-0.0018649232098751048,0.006701394469139866,0.7948426422312878
1750195194965776384,3.057745368386082,-4.969065657585568,0.4148228995666541,0.6066456167340901,-0.0020169810992343093,0.006414085238211438,0.7949439521092774
1750195195027026176,3.056787221283257,-4.962284298826775,0.41497638759561584,0.6066082308684918,-0.0014264431359891343,0.007348163022609764,0.7949656747324196
1750195195184378880,3.056228611458583,-4.955756449315103,0.4150685028612102,0.6066461148393413,-0.0011954346847909813,0.008124820946195436,0.7949295878068949
1750195195244218624,3.05634236303662,-4.949309484944806,0.4155728729672723,0.6065345435700586,-0.0022827496586905146,0.0074793893105666465,0.795018676035851
1750195195399026432,3.056480267944546,-4.9430716660676275,0.416187271496788,0.6065317842568401,-0.003740536284003175,0.006647158629689872,0.7950226527317786
1750195195459025152,3.0563916641804094,-4.937023368330732,0.41755419903921576,0.6069134811860838,-0.0052699837617153035,0.006125804243393217,0.7947268261158118
1750195195618690304,3.0562462837004696,-4.931121679597225,0.41872927257047454,0.6074714142528317,-0.007011030143202627,0.005631672567682491,0.7942906335757001
1750195195677877248,3.0560808850870713,-4.925543417500221,0.4190163127754376,0.6081466136621164,-0.008811300508544728,0.005383133133872724,0.7937575695086705
1750195195834529280,3.055857636853255,-4.920125122340081,0.4190428083677684,0.6089913018472569,-0.010661822329632318,0.005410516095892733,0.7930867834824703
1750195195891971584,3.055317178696387,-4.914432545746965,0.4196406246960329,0.6100168764517137,-0.012178141296863232,0.006042783690867998,0.7922717892768326
1750195196049483776,3.054671588346252,-4.90853743765679,0.41988481967488234,0.6111026002965587,-0.013601475382872059,0.006817953145978671,0.7914051600116674
1750195196107909632,3.0540983430385897,-4.902415648933618,0.4196282232712689,0.6120065022290754,-0.015329873636441812,0.007273422798786561,0.7906706858891466
1750195196266260224,3.0531660839117554,-4.896305486966471,0.4184600257111297,0.6129179949065054,-0.016337957400186322,0.008617099768952956,0.7899305971155633
1750195196324853760,3.052046058595267,-4.889659270336822,0.4170681640935108,0.6137505570838544,-0.01697265697369508,0.010312794721885595,0.7892501687421654
1750195196480884480,3.0506902767562822,-4.882203117410922,0.41574492125708806,0.614588193290745,-0.016967395805818956,0.012656024017510446,0.7885640653765897
1750195196534192384,3.0497740591902778,-4.8742337416247965,0.4149539116709322,0.6149526229094278,-0.018151623319627743,0.01326478522782345,0.7882435128946743
1750195196688059392,3.0487544840671106,-4.8659079540445145,0.4140968557185829,0.6152756008469596,-0.02015123555514427,0.012826809522570943,0.787950084501224
1750195196738482432,3.0472203620162843,-4.857698268076441,0.41252722133893416,0.6157400399795387,-0.021489782869529902,0.012921477935693272,0.7875502700184753
1750195196893974784,3.0453283792448738,-4.849261984678609,0.41110553357706037,0.6161709368127295,-0.022427044714593718,0.013136493775756028,0.7871834835817967
1750195196947723520,3.0435825183395635,-4.840606983447047,0.4106926827796138,0.6165229528270675,-0.023802084727622953,0.01281932373679875,0.7868726544612812
1750195197101231360,3.041841436228054,-4.832284414359075,0.4097019323516502,0.6170361611521099,-0.025136100530742157,0.012572683802106237,0.7864327561227268
1750195197153753856,3.0400364677037843,-4.824067999913052,0.40828129496189147,0.6177171169587661,-0.026283567818511704,0.012399378046508758,0.7858632151353946
1750195197313359360,3.0380041310485195,-4.815676407112049,0.40745709028623045,0.6186755364295348,-0.02690833076630808,0.012598100929994197,0.7850845879342913
1750195197366980864,3.036401432117104,-4.807099694023856,0.4073569139913862,0.6195314352193573,-0.028371043962937763,0.011814241749156403,0.7843700072869876
1750195197524999424,3.0349638850270426,-4.798663954471538,0.40721227732079557,0.6202718798321833,-0.03050603786593521,0.010429027296085355,0.7837240663223437
1750195197577497856,3.0331066991825306,-4.790370642890032,0.40648434207309325,0.6209917706293312,-0.03200152316179119,0.009855373754167477,0.783101522750492
1750195197736362752,3.031066309550276,-4.781627143418261,0.406191429393433,0.6214796145970624,-0.033055759817363056,0.009700018094583089,0.7826725464919212
1750195197787180544,3.029125763907652,-4.772713000276575,0.40564825178387576,0.6216207773337978,-0.03446873901381132,0.009188868685204063,0.7825056420946805
1750195197945302016,3.0270805713980673,-4.7638435872622,0.4045445035234363,0.6216831197072272,-0.03596370228194121,0.008731723025995433,0.7823940617120394
1750195197998733568,3.0245354722241786,-4.755043241793869,0.4036990419805391,0.6218431316097672,-0.03641912509988348,0.009660642346976495,0.7822349001330487
1750195198159020288,3.022307457989119,-4.746386998071463,0.40310164670733606,0.6217743175990115,-0.03683450224706089,0.011020722500397458,0.7822521723166157
1750195198211883520,3.02052246498732,-4.7377738207798,0.402798480888765,0.6215426351718638,-0.03814814516964931,0.011669355336702531,0.7823639164926747
1750195198370325248,3.018549449075368,-4.729335843115075,0.402530781973232,0.6215700171211211,-0.039100553968462855,0.012993602781152013,0.7822742657036436
1750195198423442432,3.0167888525535353,-4.720723881479554,0.402751470094147,0.6216951223349736,-0.04043076918809205,0.014062876291907351,0.7820887182910647
1750195198585124096,3.01515839285229,-4.711964815466473,0.4028559535805809,0.6218486323407012,-0.04215571314200829,0.01460131504471553,0.7818657019619502
1750195198637041152,3.013422648159666,-4.703211685829015,0.40228075959880405,0.6220817627914026,-0.043792710205200466,0.01518799617985853,0.7815790450794246
1750195198799994624,3.011419835287834,-4.694708036269259,0.40110707290155734,0.6222600926841679,-0.044908302327246796,0.01661393982074373,0.7813447372564866
1750195198852279552,3.009315324048808,-4.686229857186449,0.4001582014230398,0.6224139809783398,-0.04559101592497412,0.018844466889837624,0.7811319873217717
1750195199012936448,3.0074750790236706,-4.677654761146166,0.3989457731518953,0.6226182024397917,-0.04645421802776242,0.02089131140946124,0.7808662707055959
1750195199065217792,3.0058995388830647,-4.668721088691075,0.39793663829217607,0.6227209215175896,-0.047826296181273896,0.022241677272371755,0.7806642089208247
1750195199228650496,3.0043236988167292,-4.6595410856766435,0.3965759939327209,0.6226414021816946,-0.04957664657101492,0.02310688031529812,0.780593307994682
1750195199283205888,3.0025056391917913,-4.6501961706450725,0.3945685397041432,0.6224597211189138,-0.05129575595287764,0.02398466115374475,0.7806006514442111
1750195199450817536,3.0004057598174536,-4.640878456154713,0.3924904986716342,0.6225072232372464,-0.05249886517593327,0.02551691116356394,0.7804341826300045
1750195199505045248,2.9983531727041797,-4.631375616665592,0.3915829954308685,0.6228353780860603,-0.05322932493075873,0.02757169982139422,0.7800529034243572
1750195199671610368,2.996492028043161,-4.621667446167922,0.3910815779376473,0.6233648431423445,-0.05373185348739215,0.029705900018598005,0.7795169784931016
1750195199720662016,2.994828649825623,-4.612244098012312,0.39004844637541636,0.623978770337062,-0.05383886966148377,0.03165135728514305,0.7789416293049367
1750195199887247872,2.993307433747597,-4.602615555198495,0.38834996865447113,0.6245399303442096,-0.05366541316284745,0.033431602329843844,0.7784293332097459
1750195199936378624,2.991780583140989,-4.592754209945427,0.386450068888752,0.6249812646556938,-0.05323561412539539,0.03498269894449407,0.7780363738236282
1750195200101480704,2.9903178336779823,-4.582890970606361,0.3844287766182468,0.6253184426525804,-0.05262410739379092,0.03628639606243086,0.7777472893301256
1750195200150656256,2.9889468337506924,-4.572898284981147,0.3829392989383509,0.6256041494229055,-0.05221415793617855,0.036904368439978685,0.777516043259498
1750195200319266048,2.9873366995987958,-4.562793757711963,0.38170565771685183,0.6258707382604127,-0.0515572644792949,0.03804416061974608,0.7772903635781909
1750195200374772480,2.986028545096516,-4.553105890313516,0.38024158124234253,0.6260905705213056,-0.05132793130964298,0.03897865516704583,0.7770821741702398
1750195200544719104,2.984715261622325,-4.5435942312436435,0.3797222341198552,0.6263993464562533,-0.05158803113089796,0.03960868151047426,0.7767841953542938
1750195200599235584,2.983165312426352,-4.53394119699672,0.3789993895120074,0.6269499498144435,-0.05141382122360184,0.04065089839375534,0.7762975485434919
1750195200764366848,2.9816589625826087,-4.523836168119026,0.3777903564780094,0.627679188800375,-0.05092721972655375,0.041864131565820396,0.7756756079225816
1750195200815906048,2.9802300015167966,-4.513994262779179,0.3761267164838129,0.628256883546548,-0.05010661572091972,0.04335900141130334,0.7751790840405781
1750195200980359936,2.978923403329046,-4.504829141621988,0.3750774895897142,0.6286009048564429,-0.04914330020055806,0.04486340600542917,0.7748761922143761
1750195201029767936,2.9775121214747564,-4.494618995847619,0.37429149381404825,0.629146398772936,-0.04838835700008765,0.04623420355341488,0.7744002674584115
1750195201199681280,2.976549171915741,-4.484435367972024,0.3727637198891678,0.6302294384630068,-0.04811969042192924,0.04692684773033538,0.7734941636821798
1750195201248263424,2.9757981489653105,-4.474185912895287,0.37109573762069603,0.6321447411698224,-0.047980616922830906,0.04773838572693109,0.7718885496878609
1750195201414131712,2.9751381874513885,-4.4638669146218355,0.3702498497553952,0.6347481121317676,-0.047530387258014895,0.048935349608462124,0.7697019085275529
1750195201463677184,2.9748952097083223,-4.453641023646832,0.369462173802678,0.6378180594064203,-0.04738538470373824,0.049921304515059994,0.7671053459382366
1750195201630639872,2.9749227355321977,-4.443598255143248,0.36810802644840557,0.641263459834132,-0.04734883163863271,0.050887833683817434,0.7641660105022884
1750195201680302592,2.975381075180021,-4.433532778872146,0.36696842654900497,0.6451261284563586,-0.047868510868920223,0.05099728823279324,0.7608680310296936
1750195201849528320,2.9760770010597937,-4.423539020232058,0.36505054456982977,0.6494073406773313,-0.04845495544534028,0.050996550875261525,0.757180014901353
1750195201906613248,2.977216414458744,-4.4135612909964514,0.3619925657379599,0.6539689585057136,-0.04958110948626387,0.050170235179461564,0.7532259039591651
1750195202078767616,2.9782594806254203,-4.40437792727627,0.36061151909748457,0.6584986816318629,-0.050798004229604864,0.04912471302520969,0.7492568395587577
1750195202136404480,2.979006927550323,-4.395311501336248,0.3587393821784377,0.6633038047604763,-0.05131487880057194,0.04882660179247963,0.7449904756178813
1750195202313149184,2.979962716304302,-4.3862919287327715,0.35708185317938135,0.6673298608959292,-0.05207809277286869,0.048389403116783185,0.7413617164891653
1750195202370192896,2.981073651217477,-4.3772228858960895,0.3551744944729971,0.6703874144252638,-0.05300847790599522,0.047615763341749974,0.7385821247035987
1750195202545936896,2.9817693259895957,-4.368131362071323,0.35303878165142555,0.6726740988849071,-0.05329636087930376,0.04762555938766433,0.7364786899153385
1750195202604731648,2.9819789622937596,-4.358818272678343,0.35108475163436115,0.6739040458053007,-0.05283635622455335,0.04792060828668918,0.7353674399982585
1750195202783772160,2.9819567172932007,-4.34911733633594,0.3501084479513237,0.6742361227447319,-0.052272011232073895,0.048133021408363764,0.7350894502562302
1750195202842739200,2.9819800133433545,-4.339590825251038,0.34906245942673353,0.6744412303143993,-0.0519136667396459,0.04820825734439985,0.7349217386779766
1750195203022610176,2.9819106674939038,-4.330166258792829,0.3481653450859308,0.67467795807894,-0.05138623311401612,0.048425397746214335,0.7347272206621344
1750195203076749056,2.9823760720808163,-4.319479846166562,0.34856633579953833,0.6735495452654396,-0.05203788769375969,0.04603709105762652,0.7358693189446367
1750195203244689408,2.9819229606814592,-4.309791699876424,0.3473958576861982,0.6726291981325493,-0.05094973829487673,0.045762925369032606,0.7368038006477136
1750195203298087168,2.9815011328842997,-4.29882897415091,0.3464378248008013,0.6713717717200218,-0.04981038426450678,0.04501877839014854,0.7380732886029676
1750195203472211712,2.9808278544912774,-4.288263123424719,0.34476765873004966,0.670508302397143,-0.04804515335472918,0.04493895583481577,0.7389795463367698
1750195203527585024,2.9805568867714602,-4.278015304242693,0.3433286801444999,0.6703512665923138,-0.04727289297057386,0.043977005358138914,0.7392296503577245
1750195203700936448,2.9800449048420186,-4.269136488719384,0.3433059759061914,0.6701371478287262,-0.04769008620165838,0.04142970345922928,0.7395440747172134
1750195203756342528,2.979019633419535,-4.260374294608372,0.343952917210141,0.6699478817608536,-0.04796728823706589,0.03837001736083115,0.7398626337037549
1750195203931629568,2.9776984961827435,-4.251438770419789,0.3444014235461341,0.6700759425967103,-0.04756023681145901,0.03562317713530721,0.739910294750894
1750195203988323584,2.9763419189066265,-4.241951611040481,0.3442094562270901,0.6700387235765104,-0.046804013678808064,0.03308647150002773,0.740109977378492
1750195204166507776,2.9751877448950492,-4.232492385602493,0.34331798415135406,0.6700917696778391,-0.04612439768179444,0.03078763344415378,0.7402038109706149
1750195204222537216,2.974366925218347,-4.223303648933463,0.34227099093202185,0.6703195540865354,-0.0462468371595071,0.02816000921000674,0.7400945475702836
1750195204393794560,2.973526701031891,-4.214246675557167,0.3408084257100823,0.6704664466663227,-0.04636766053031369,0.02591821844806497,0.740035830148824
1750195204449916416,2.9725194249175617,-4.204856930031807,0.3389305087600052,0.670229163651353,-0.04606671980896506,0.02422052526902341,0.7403270167114958
1750195204617174528,2.971481284474525,-4.195560755656292,0.33702460895546205,0.6701851324744447,-0.045314008256940375,0.02317668056575699,0.7404467370066896
1750195204671338496,2.970578160778382,-4.186387901702398,0.3357863452476737,0.6702644904002392,-0.04427399881170644,0.02298217984950407,0.7404438839960075
1750195204840994048,2.97000484016727,-4.177646295367615,0.3350515639295253,0.6707573782233032,-0.04326555702756293,0.023296081259406323,0.7400472442567775
1750195204896297216,2.9697215848693,-4.169174970236607,0.33465858645399926,0.6719592384312123,-0.04229921989717249,0.024172251884174954,0.7389839376616268
1750195205063801088,2.9694853625449733,-4.16089733904836,0.334834548425468,0.673872390939223,-0.04084519145930888,0.02629721344292435,0.7372490268760242
1750195205117939456,2.9698939938173643,-4.152845998867082,0.3348365963140312,0.676190520834564,-0.039959077998570014,0.028348307637214843,0.7350959291637326
1750195205286681856,2.9711991906710455,-4.145237203651142,0.3341020747281016,0.678950878338901,-0.040278159204132157,0.029667981727978243,0.7324774300646745
1750195205345516032,2.9730982110796376,-4.138087380371599,0.332976106064534,0.6823823180547967,-0.041319024973412215,0.030596556133266117,0.7291851348828995
1750195205511619328,2.9754377463810493,-4.131443684633219,0.33181785825921617,0.686441969922145,-0.04307764816738278,0.031070949228785078,0.7252422590223174
1750195205566074624,2.9774730763138666,-4.124815231250733,0.3304089497607565,0.691203829608687,-0.04380196343182072,0.0326737647369464,0.7205907847257813
1750195205735374592,2.9799394134763624,-4.118232660598962,0.3289251355547882,0.6960157605370186,-0.044779011779646105,0.033913702403774885,0.715825929942037
1750195205791435264,2.9825873388528166,-4.111436197990728,0.3279521712224991,0.7008794923048746,-0.04536628980466429,0.0354330785315386,0.7109531165707049
1750195205961706240,2.985072065287375,-4.104506912434369,0.3274432617220109,0.7056758332334186,-0.04516923406067465,0.037409983474228664,0.7061032869355236
1750195206015642880,2.987853365311618,-4.097682378720511,0.32699560248040704,0.7101166014280972,-0.04503723337160813,0.03927721080191264,0.7015435558096609
1750195206183345920,2.9900262635244097,-4.090950879030785,0.32553771207165383,0.7137349174823734,-0.04365731523676823,0.04218134610771031,0.6977802235899841
1750195206238394624,2.991796635572667,-4.083574058035516,0.32510105098119224,0.7154015966086326,-0.04191546207328193,0.04457189779378235,0.6960294501930671
1750195206405596416,2.9937706024129356,-4.074564052017476,0.32546671482040423,0.715702995326015,-0.04091877491146348,0.04598341743726185,0.6956869997792868
1750195206459893760,2.9955094992379694,-4.065446463303864,0.3255714543939172,0.7153435874093009,-0.04062375408492064,0.04653123017061473,0.6960374323089592
1750195206630668032,2.997190502260094,-4.056300632445568,0.32469310585696887,0.7147483031091346,-0.041025917154826466,0.04635955085144423,0.696636583427163
1750195206684028160,2.998867620948648,-4.047195098821657,0.3228862156735879,0.7140501019229257,-0.04227780488457543,0.04540499903644105,0.6973402506814745
1750195206849624576,3.0006824404825996,-4.038349654002873,0.3197075775760414,0.7133048571748485,-0.04458050726479114,0.0435809053659939,0.6980755430397649
1750195206903731968,3.00140396385712,-4.029225495850805,0.3166484978572357,0.7126224491750077,-0.04600751415372174,0.042388790432925316,0.6987529921358777
1750195207075522816,3.001611582293812,-4.019808496219179,0.3146365568274936,0.7120339107882087,-0.04663917254632464,0.04134891160178968,0.6993731228616029
1750195207129600768,3.001251347651005,-4.010241578556931,0.31416924896100173,0.7114132148243385,-0.045593088949303986,0.041053735310912796,0.7000907789925406
1750195207301240320,3.0009470023996863,-4.000891943349583,0.31415703972708986,0.7107582107024051,-0.04349013326364748,0.04095495662733909,0.700895188851713
1750195207355499264,3.0011463926558113,-3.991881538633982,0.3136674765022578,0.7102769308453764,-0.041469426105966094,0.04026062020240745,0.7015454729867706
1750195207525926400,3.0017181560486845,-3.9830706817188504,0.3123567796416826,0.709861723509819,-0.03978153108963692,0.038882224627991804,0.702140965823681
1750195207582481664,3.0023747731164487,-3.9742481007748784,0.31127079137415503,0.7094478505595567,-0.03838436397128146,0.03703100668622298,0.7027368586339765
1750195207746806528,3.003081760875976,-3.965546445057981,0.3106964258851441,0.709260719830406,-0.03694480295156171,0.03493495010160494,0.7031101351153485
1750195207802702592,3.002716433056192,-3.9568320652708193,0.3106398244059587,0.7096671724874719,-0.032754461658712944,0.03504207384171548,0.7029023421471552
1750195207968683264,3.003205901555874,-3.948816040777346,0.30985453436375954,0.7102203209738768,-0.029689649496106703,0.034227583694026675,0.7025198167333291
1750195208024316416,3.004218966382447,-3.940919037811149,0.309575931735659,0.7110434821966157,-0.027391895142947407,0.03267624398574174,0.7018540543340711
1750195208185623296,3.0057265622400373,-3.932974431963176,0.30963641349215276,0.7123458633168691,-0.025946073342366767,0.030175087067501317,0.7006993909044917
1750195208239282944,3.008053716055459,-3.925671189816156,0.30845117059435845,0.7140468101740782,-0.026165844454775385,0.02632825205216608,0.6991132416197465
1750195208405835264,3.0104736710575932,-3.91880771622204,0.30636858899759645,0.7163705796096346,-0.026830629024037527,0.022255450194082628,0.6968486241305132
1750195208468644352,3.012376929983406,-3.9122083418588605,0.3044386242290509,0.7191542672268374,-0.02695869134153328,0.018919683485203533,0.6940694593968263
1750195208634573056,3.013841658822658,-3.9046106045609275,0.30378748399077615,0.7227120984713409,-0.026110915425716644,0.016336833637069868,0.6904625628413873
1750195208688091136,3.0159366619163026,-3.8973874611202564,0.30278686199105787,0.7262824266779223,-0.026455866410111956,0.01306797920563341,0.6867628060333494
1750195208849997568,3.0176678257236063,-3.8896660117955326,0.302729053354001,0.7302474520517469,-0.025283557311623663,0.01154972565484045,0.6826170261126655
1750195208903414016,3.0202246819886613,-3.88211012946621,0.30270022083696446,0.7344285038120579,-0.024769627737765993,0.010028001031508032,0.6781597728599261
1750195209062959104,3.0233364012218855,-3.875112639863568,0.30191001666585526,0.7388795946896661,-0.0247658372590691,0.008544587712322105,0.673327994276874
1750195209118708736,3.026631850857956,-3.8680006832897913,0.3017674247411608,0.7437156179255752,-0.023859725338646786,0.008345611010893123,0.6680180715648335
1750195209276124672,3.0310845132359803,-3.861396812587875,0.30073273991604665,0.7485713636235426,-0.024711765202817666,0.007009759204845317,0.6625564923078191
1750195209328508928,3.034975532704776,-3.8551656303388615,0.30043994002377117,0.7533860183190305,-0.0244642193588022,0.00688411410181251,0.6570872227836994
1750195209484112384,3.0394252703131874,-3.8494798855792327,0.30041937467320334,0.7590813232422717,-0.025319037779526463,0.006184397035069431,0.6504738613226464
1750195209531629568,3.0430673398784007,-3.84518264607847,0.301346608211031,0.7657475837168249,-0.02532763487190846,0.0066732457864891685,0.64260766937091
1750195209684582400,3.046804192710328,-3.84140000310275,0.3008114204881611,0.7724022120347678,-0.024853909901399567,0.007543241514966934,0.634602399549401
1750195209735545344,3.051001075066076,-3.837341664207078,0.3004750708620225,0.7783736192343177,-0.024567242670401338,0.008456642280179553,0.6272634571445938
1750195209891065600,3.0558474838090453,-3.832678981195403,0.3006394328109483,0.7834552311043451,-0.025009773954741292,0.009028322078066104,0.6208791359535485
1750195209944498688,3.061122992508476,-3.827422948189567,0.30099902600546935,0.786964666493922,-0.027010874532283794,0.008038232034656964,0.6163541296794143
1750195210100504064,3.0657827479604864,-3.8202067645400906,0.30307981507934345,0.7891268274871764,-0.0307215483147467,0.005714255243985045,0.6134349059975107
1750195210153590272,3.0690181907429666,-3.811777509857843,0.30529397186676377,0.7909207561164393,-0.03439075335647615,0.0034203746643890268,0.610941842293462
1750195210307496704,3.0716802690964244,-3.8027167284109216,0.3074414696826251,0.7921040718690664,-0.03856677847635316,0.000762841735215841,0.6091659552198297
1750195210360086528,3.073957043893105,-3.7929760971057145,0.3088006482474177,0.7928793760357686,-0.042670686436513894,-0.0017058430279865233,0.6078804139596299
1750195210514964736,3.075833271377417,-3.783486081487741,0.3095288881560849,0.7929156530574548,-0.04592677830530374,-0.0035156539344423526,0.6075879675803156
1750195210561967360,3.077632270362141,-3.77341401021121,0.31044762685227134,0.7928347003953112,-0.048957956578018116,-0.00487109121498207,0.607447552309792
1750195210716004096,3.079492092573206,-3.7632938285523476,0.31054332010588404,0.7931032643148186,-0.050446161457639666,-0.004997031743882232,0.6069739917007311
1750195210768432384,3.0819647778267267,-3.753808624750023,0.31066212296354445,0.7935436686660731,-0.05135262528726894,-0.004381017849505217,0.6063267769764894
1750195210927949824,3.085295568786436,-3.7441899735943203,0.3105470393045775,0.7937392194464733,-0.05107602292776517,-0.0027669097642455814,0.6061036508756092
1750195210976201728,3.0885539479276893,-3.7352841163574526,0.30928501048204815,0.793750683544345,-0.049817499798662,-0.0006906812685829028,0.6061993005984754
1750195211130666496,3.092733665878727,-3.7254872260860243,0.308272862478991,0.7934949004278874,-0.04972597094933393,0.0009519962758475644,0.6065412306770033
1750195211179610368,3.0968532749843454,-3.714659461847745,0.3068209189236679,0.7929006058856065,-0.05011583454258603,0.0023421179832675758,0.6072820982028785
1750195211334849536,3.1004198110657097,-3.7042405422077573,0.30465957566369983,0.7927232891385678,-0.05041249319206025,0.004183737593837549,0.607479105589021
1750195211383605248,3.103620713223063,-3.6943461832520574,0.30073293209047725,0.7927786414405166,-0.04917191636491168,0.007356807848617886,0.6074784158264468
1750195211545077248,3.106804259358629,-3.6848407399420244,0.2970940761430936,0.7926164465883349,-0.04721049119934794,0.01182917604805478,0.6077749655196586
1750195211594311168,3.109798454783817,-3.6753860405430525,0.29349865417717513,0.7920370685228517,-0.043537469026600564,0.01826347767224589,0.6086445730143338
1750195211752168960,3.1128939711380808,-3.666358369888685,0.28925481923871965,0.7914389916079053,-0.038360828399335134,0.02623128049033054,0.6094790310839383
1750195211803835392,3.1170868295580827,-3.657623024058026,0.28557703340705753,0.7909825807462532,-0.03388889801637258,0.03345029923682319,0.6099829317515367
1750195211969328896,3.122969183304303,-3.6494426198660523,0.28450829834251534,0.7909114858610995,-0.032724759325764546,0.03643051652835799,0.6099679738523452
1750195212025592064,3.129373331356993,-3.6411340685956244,0.2856181007642795,0.7909957378287278,-0.032528099372806936,0.037901363815350815,0.6097795930571273
1750195212194822912,3.1351653279584966,-3.634098601764933,0.2873069135845001,0.7913043872115995,-0.03260581474594145,0.03833230617370553,0.6093478989278899
1750195212247653376,3.1410763331145617,-3.6273079222318687,0.28830379637659265,0.7917637335961157,-0.03263593752307405,0.03820187095834095,0.6087575073863245
1750195212413636352,3.147465682334114,-3.6210744390820206,0.2888888335837563,0.7920901338671386,-0.03386241510065081,0.03627441908968511,0.6083836973437037
1750195212468455936,3.153540863805934,-3.6152852171616336,0.2888926034501682,0.7925275477390796,-0.03487019780219056,0.03423448045583514,0.6078751152398293
1750195212635306752,3.15889583304781,-3.6096052661295825,0.2877873654792529,0.7930648265877527,-0.03497410991092692,0.032918301323652,0.6072407907109351
1750195212690470400,3.1632236672251404,-3.60322039920955,0.28763502836379296,0.7926231351158874,-0.034178936234381965,0.030947829038424746,0.6079659512462487
1750195212854150656,3.1663603413388355,-3.595814485105686,0.2882361175997845,0.7919793235979776,-0.031301632576208285,0.02973602748540905,0.6090194803622796
1750195212907998208,3.1693644936639975,-3.5880551926054203,0.2881276041410592,0.7916602088216451,-0.02772737243972664,0.028607416819607483,0.6096613176911976
1750195213070199808,3.172413523710078,-3.579772014032297,0.28747559584566673,0.7916542642274672,-0.023820691110388665,0.027207381035763527,0.6098982366121956
1750195213124340224,3.1754801101481496,-3.571399186571223,0.2862744657664047,0.7917951236160479,-0.02007944401915342,0.025323875016003434,0.6099311432447952
1750195213291774720,3.1784162596161134,-3.563042514222296,0.28512788766909036,0.7919415197673197,-0.016535954658487916,0.02315233031449113,0.6099337349853414
1750195213347852800,3.1815202058404797,-3.554956872528873,0.28459954330445214,0.7918928894550784,-0.014215985729621102,0.02012749131351858,0.6101626352650955
1750195213506743040,3.1845889009865034,-3.547181440600805,0.2846811859424969,0.7919790500991244,-0.01252561411858387,0.01706991164846193,0.6101810479778561
1750195213560637184,3.187589052510753,-3.5397407739708013,0.2844013366364422,0.7921743580773747,-0.010878544038674907,0.01432782827827308,0.6100296361826419
1750195213716340736,3.190450116228772,-3.532366431436211,0.28436754995734903,0.7925307131864964,-0.008976109079521226,0.012148096053655775,0.6096449145889491
1750195213771840768,3.1929725732541243,-3.5248503971992724,0.284731642870685,0.7932411083360381,-0.006052806688778209,0.011185843783314886,0.6087748224720347
1750195213929918720,3.196153914807105,-3.517617622479994,0.2848925269389948,0.7941469346186191,-0.0042142473794104345,0.009908127965532296,0.6076304101631966
1750195213985052416,3.199903084932304,-3.5105267605068415,0.2855963270183133,0.7951989003761025,-0.004180014510811432,0.0076996812675864,0.6062853711147124
1750195214141533696,3.2035415738323434,-3.503407885086589,0.2861108402236803,0.7963288801111859,-0.004567621261367276,0.005329797769891652,0.6048231516671707
1750195214196878848,3.2068742220382846,-3.4961536390876606,0.2863267859918026,0.7976204247115378,-0.004866332163948596,0.003215261485178716,0.6031315271048582
1750195214399287808,3.2100557508705894,-3.4888907365088286,0.28593864980068195,0.7993575347593084,-0.004445527963870414,0.0020286773046604128,0.6008357956821787
1750195214452694784,3.2137782159860437,-3.4817622358841662,0.2857310454138129,0.8011758446429121,-0.004882678710243311,0.0006259609579431946,0.5984087512580408
1750195214606852352,3.21777130070361,-3.4748675885809357,0.28547301655702206,0.8029294020649047,-0.006203775333182659,-0.0010556045334842513,0.5960409165236719
1750195214661662976,3.2214701456407315,-3.467951909178721,0.28501071828367275,0.8047865703363581,-0.007081485144863798,-0.002003053785812551,0.5935186741374834
1750195214813782784,3.2249787369988128,-3.4609517817426125,0.2844947114350673,0.8068508060803442,-0.007090238148142609,-0.0018548111663708163,0.5907097975537892
1750195214866752256,3.2289731971229787,-3.4539946382197337,0.2837258095966053,0.8087056629773476,-0.007973694007430652,-0.002120435622606983,0.5881556550990692
1750195215020679936,3.233079755499175,-3.446789996427711,0.28277064965237475,0.8100046845556376,-0.009922636479584194,-0.003155447609027389,0.5863309606643697
1750195215073883904,3.236435937737409,-3.438751325353305,0.28239001282344667,0.8109896392581316,-0.010423794154327818,-0.003022048168570956,0.5849598420030736
1750195215224517120,3.2399155344531643,-3.430200926166309,0.2815860167681432,0.8115618717254725,-0.010274277851013473,-0.0023922841867387687,0.5841712459137802
1750195215275755776,3.243275009229174,-3.421416800776098,0.28026977992828295,0.8115790911564741,-0.009812303477492203,-0.0017282934423674282,0.5841576075853797
1750195215430172416,3.247111019152626,-3.4124415441119007,0.2786112361655162,0.811612606236507,-0.01032332436031143,-0.001443625700144014,0.5841030065981294
1750195215484567808,3.25147742326737,-3.4035450184686313,0.277230673849711,0.8118098947649623,-0.012357067938286241,-0.001717079423578691,0.5837885312952994
1750195215646284288,3.255422930732414,-3.3950853189255152,0.276168411512554,0.8122107489161723,-0.013945857395662172,-0.001309521411815068,0.5831959341080849
1750195215701263616,3.2595227654737458,-3.386674753520561,0.27549844169327464,0.8126872641981298,-0.01599450245622113,-0.0008975422538105985,0.582479854517939
1750195215857098752,3.2635958666939215,-3.37824863744196,0.2751128869514954,0.8131649688459133,-0.018194112271293125,-0.00045508403714962715,0.5817486575996577
1750195215912791296,3.267301693071936,-3.3694262938414408,0.2748913735691976,0.8136528602720503,-0.019356533600530544,0.0006767467743364569,0.5810283036065338
1750195216069570816,3.271196879754204,-3.3604848431707772,0.27417145241210017,0.8139555502189401,-0.020636046899054107,0.0015388656877927077,0.5805584791634322
1750195216126469376,3.275021168675404,-3.351555521221644,0.2727688469600569,0.8142371085983978,-0.02180194141291143,0.002441478626485187,0.5801177858970239
1750195216287204352,3.278921762580658,-3.342694909316338,0.2710866325505332,0.8146003386145958,-0.02320752282015647,0.003191680207014188,0.5795494046162016
1750195216343099392,3.283148893918445,-3.3340721711535597,0.26950932288686413,0.8149337493227852,-0.025639078158484277,0.0031943141800307114,0.5789779082510926
1750195216505894144,3.2871119122274672,-3.3254474850002405,0.26826869378349105,0.8153409075983999,-0.027393055030276107,0.0034409773879472967,0.5783225610395482
1750195216562665472,3.290852202741698,-3.3166318627952887,0.26816939712505006,0.815792967157485,-0.02862163667878252,0.003669085796917365,0.5776237308660624
1750195216725555456,3.2943434319644784,-3.3077299337966277,0.26858006627418174,0.8162180667524653,-0.029037247778180193,0.003973484910546649,0.5770001015303227
1750195216781069824,3.2978444383496357,-3.299024983660276,0.26855166683175913,0.8166737208992619,-0.02913000843314319,0.004257674337134868,0.5763482874187088
1750195216946775808,3.3016115396557564,-3.2905528453420074,0.26821002222069446,0.817055659978742,-0.0298037620210196,0.0039504214678587725,0.5757744162745712
1750195217001598720,3.3055252795498595,-3.282298808089024,0.26770948074970535,0.8174492843232319,-0.030990368793680046,0.0031709156132673044,0.5751575522373334
1750195217167412992,3.3093638573038358,-3.274156324344787,0.26727156783145034,0.8179459829089937,-0.03221419243714987,0.002280901127599378,0.5743878588016189
1750195217223481344,3.313210548368664,-3.266163986229216,0.26677895663357054,0.8183945395262022,-0.033551658406956744,0.0010322978956711505,0.573675516518609
1750195217385013760,3.3168446625831245,-3.2580659999744292,0.26618521921542593,0.8186027265457739,-0.03413154904698992,-0.00031821347772413583,0.573345020203071
1750195217441052416,3.3201384318201272,-3.2496228130088434,0.2660893785093128,0.8186215542577577,-0.033343000081479335,-0.0011672265795223916,0.5733634386951195
1750195217602726400,3.3235601381686286,-3.241229716262394,0.2660258113537015,0.8185217526177109,-0.032403827968000905,-0.002097900274868422,0.5735570862948931
1750195217657417216,3.3269176323325707,-3.2331168328530913,0.26580183014103076,0.8184283081646794,-0.0315155483734758,-0.0028107679964083916,0.5737368509941558
1750195217815098880,3.3299893953218787,-3.2253110601972725,0.2660877200994758,0.818311950176711,-0.030275597949979926,-0.0027576276638176488,0.5739698039587334
1750195217870533120,3.3330832030413906,-3.2178577942958624,0.26624443605031045,0.8180915202899045,-0.028962139532826586,-0.0023277435138086768,0.5743535849227089
1750195218031166720,3.336502141276711,-3.210679056445777,0.2664232813790952,0.81782165426884,-0.028556091914242757,-0.0022530592833377924,0.5747583971960993
1750195218085548544,3.3399104109650093,-3.203626349818461,0.2668235842376179,0.8176463868058272,-0.028655913405816837,-0.0021983865985573006,0.5750029494416679
1750195218245936384,3.3430798853508708,-3.1965903842442143,0.2675832212205709,0.8175400253458442,-0.02830952285234381,-0.0014425752318918785,0.5751737101520628
1750195218300199680,3.3466096919773842,-3.1898991518709146,0.2683940176505879,0.8173849765851142,-0.029147958881401242,-0.0011176109225846929,0.5753528895311352
1750195218463426304,3.3500962041557694,-3.1834685640029847,0.2687908059114239,0.8173364388725299,-0.030427791371124155,-0.0006278728313454899,0.5753563252273796
1750195218523725568,3.3533886712978296,-3.177250799705131,0.26861250869738784,0.817392504973376,-0.031586079041780506,0.0004646557630007373,0.5752143917872165
1750195218695098368,3.3563977240388523,-3.1710993807572283,0.2679249156588517,0.8175513632961047,-0.03185070416362481,0.0026064567750499826,0.5749682664287146
1750195218756654080,3.3597750155680357,-3.1650883455908154,0.26706428374538405,0.8176344581726969,-0.03246654472223535,0.0047613641802081545,0.5748018316720839
1750195218928056832,3.363512917548016,-3.1590411968923124,0.2667404181035802,0.8176390903089868,-0.034097302160731896,0.0065041732842156495,0.5746837284228087
1750195218988770816,3.3673798909074466,-3.1532299670546395,0.2659226186943653,0.8177371648548829,-0.03624481341761967,0.00821121176648522,0.5743908240185825
1750195219161648640,3.3710696961200495,-3.147461025326364,0.26449602324770627,0.8179815209921012,-0.03773323431288639,0.010543421852545108,0.5739087650483976
1750195219224192512,3.374586356881389,-3.141354222650085,0.2631788042587857,0.8184084929989938,-0.03806950399083319,0.013733540883886081,0.5732099452275742
1750195219397574912,3.3787804080724744,-3.1346860494856923,0.2629236416768017,0.8187023402817292,-0.03944104289507246,0.01615880412366954,0.5726340674478438
1750195219452404992,3.383324348764833,-3.128155300267384,0.26261658874634053,0.8186824496668489,-0.04175887744485957,0.01734193159737446,0.5724635361055799
1750195219624297216,3.387877946546462,-3.1210985754073826,0.26252831129921095,0.8183868089924871,-0.043548458059245725,0.018255641533867543,0.5727244487709111
1750195219679678976,3.392401756154194,-3.113627283182542,0.26289075233606995,0.8178608544694413,-0.044940808111554854,0.018659347414262385,0.5733548423505895
1750195219848339712,3.396816820823864,-3.1057587522442884,0.2631318184030902,0.8170445436852192,-0.045491262211839245,0.018737635135728205,0.5744716352667953
1750195219903291904,3.401124101007854,-3.0977861844619436,0.2627108153507942,0.8162441777917918,-0.045434209830232254,0.01867328714227147,0.5756148739786057
1750195220073314048,3.405438768987631,-3.0898274189972734,0.26180184648992855,0.8155626264650997,-0.045249331902195655,0.018220936107762636,0.5766091377728153
1750195220128935168,3.4096546457524006,-3.0818489914443843,0.26074340183679423,0.8151070904763781,-0.04506646697708803,0.01732881929361578,0.5772946878598711
1750195220297072640,3.413765286999633,-3.0738126521854703,0.26003366381707194,0.8148123745183247,-0.045307962751561036,0.015652232723207767,0.5777395524402764
1750195220352370432,3.417406408639638,-3.0655197116937685,0.2592808455936848,0.8146174263310574,-0.044468174743091664,0.014205601171983186,0.5781169700399086
1750195220521577984,3.420953197118735,-3.057128856390716,0.25888837044322344,0.8145106651599345,-0.04361528720270939,0.01260738880806786,0.5783693774832729
1750195220576169728,3.4243924766431824,-3.0487634752867017,0.2588575480501749,0.8144295156721224,-0.04273264585378486,0.011120471935051814,0.578580003183958
1750195220746277376,3.4278648968673155,-3.0404502507677913,0.25880123853158077,0.8143030655836127,-0.041646884687374666,0.009831732849524006,0.5788604248056195
1750195220800515584,3.4315033904646075,-3.0322586767058084,0.25868412745557734,0.8141928196981946,-0.041152835828510884,0.008370792284248314,0.5790737658465532
1750195220966925056,3.435288050803991,-3.024322619157569,0.2582563066406962,0.8141002275905505,-0.04129780798656086,0.006759996124816131,0.5792146518734753
1750195221019025152,3.4388830958996484,-3.01632652454681,0.25798747575212655,0.8141053629663143,-0.04135579411490123,0.005448328727500126,0.5792171199098736
1750195221185338624,3.4423609857897772,-3.008066506820919,0.2581392543192478,0.8141221139356376,-0.04192174514152577,0.004131641151321353,0.5791637768599265
1750195221240219904,3.4457555035107172,-2.9997195035191657,0.2578935546273371,0.8141043777413747,-0.04248306941405556,0.0031831195474192075,0.5791537953820528
1750195221405116416,3.449040468646989,-2.991173033561617,0.2574176551185956,0.8140358973309445,-0.042757028558199246,0.0027188729789751195,0.5792322522919467
1750195221461172736,3.4522431960578506,-2.9824022833363824,0.25681996126657936,0.8139929882372904,-0.04197022513698497,0.0032348560230089167,0.5793474354901275
1750195221626540288,3.4557555596713323,-2.9736766405839354,0.25573976118560715,0.8139176673989345,-0.041197506245840725,0.003808379475156036,0.5795052134543525
1750195221680815104,3.459443488834718,-2.9650906020579515,0.2540962069810151,0.8138258343038981,-0.04046542122807404,0.004447302107996465,0.5796811904903925
1750195221850219008,3.4633004367789857,-2.956641722662533,0.2525247276467524,0.8137282324771866,-0.039799060490298625,0.005216143739756663,0.5798579052648414
1750195221905399296,3.4675508455995177,-2.9483930915287577,0.2515932245225345,0.8135451691169557,-0.040126514647770395,0.005439000470725947,0.5800901118813917
1750195222076978944,3.471775972683222,-2.9403136307231104,0.2509556254586158,0.8134184276792513,-0.040376692495294714,0.005885376974245034,0.5802461086063619
1750195222132490496,3.476012512328631,-2.9322022991065886,0.2513339995627568,0.8132675750011651,-0.04066312075130846,0.006306246371455476,0.5804331083933711
1750195222300146432,3.480107481093933,-2.9240438781748948,0.25204629922168387,0.8132453424464813,-0.04047159293499856,0.00697995222388083,0.580469933262147
1750195222353728512,3.48432320307957,-2.9160626038930455,0.25195891082438715,0.8132417857388234,-0.040361288409320725,0.007536662455841816,0.580475635186608
1750195222520785664,3.488526217392761,-2.9080998470677293,0.25123691276972915,0.8132651804268669,-0.040130727701232945,0.008170696725036926,0.5804502654960647
1750195222574244096,3.492831839146513,-2.9001277707180493,0.2498921702823953,0.8133131072832666,-0.040017070121833434,0.008663935018792842,0.5803838039177973
1750195222742605568,3.497765565456672,-2.892423274677049,0.24849752021763694,0.8130493368572708,-0.041878245481691924,0.007652974502013729,0.580636220341617
1750195222797527552,3.5024638727213935,-2.884768357184155,0.2474632378017878,0.8127762193333986,-0.04387572214162579,0.006573576778536092,0.5808842624662804
1750195222966458112,3.5063416919165884,-2.8765941088923332,0.2473695164134364,0.8125178229589255,-0.04431015247031139,0.0064610953323342105,0.5812139468468154
1750195223019385344,3.5099514786001866,-2.867926076412875,0.24765237056795986,0.8121489142482773,-0.044154503811744995,0.006559775095001138,0.581740053829188
1750195223185273856,3.513551764088645,-2.859068142323137,0.24723548278250274,0.8117261294062765,-0.04376692758999351,0.006605509025177641,0.5823585786600513
1750195223239307520,3.5170490481153647,-2.849992387882823,0.24653309389733113,0.8114155281343525,-0.04297030482417819,0.0067708342750937185,0.5828486505165698
1750195223405234944,3.5206475191258533,-2.8408841125157434,0.2456226812370228,0.8113163603998034,-0.04188256047216968,0.007158442550279877,0.5830612070582004
1750195223458569728,3.5243726777033335,-2.831913132195311,0.24418846568381403,0.8112970497065191,-0.040829055983543555,0.00750793780638025,0.5831583971742892
1750195223626045440,3.5285459591535946,-2.8232863312009093,0.2428778206377764,0.8112656760783911,-0.040963624367861814,0.007098001413985837,0.5831977389116381
1750195223678027776,3.5330401787430183,-2.8150653919472166,0.24190256761827067,0.8111960565338113,-0.04224992511779246,0.00615827502064614,0.5832134920767049
1750195223847114496,3.5370560478312947,-2.80672189529646,0.24183543184695555,0.8112010198491296,-0.04312805998149862,0.005866412589770043,0.583145317259164
1750195223900827392,3.5406510269467693,-2.7979711044676097,0.24255567706953274,0.8111507071892028,-0.043420566498733375,0.0061303849267462214,0.5831908804259851
1750195224067740416,3.5441566986649797,-2.7889286690561907,0.24292863787267738,0.8110297028718884,-0.04313020996924776,0.0067565218405654225,0.5833737699452753
1750195224121463808,3.5477281625895114,-2.779658171211439,0.24273824271021205,0.8108681985427073,-0.04257055479139662,0.007487186156168322,0.5836304091634705
1750195224283046656,3.551429920415819,-2.770191754127894,0.24176791897310013,0.8106543301979826,-0.04206197038144602,0.008123862536619635,0.5839557778088823
1750195224331620096,3.554876758210949,-2.7617659487290807,0.24027290739525808,0.8104710314869392,-0.041945627125958666,0.008486553066804094,0.5842133599144677
1750195224497859840,3.558931880559934,-2.7524782003995747,0.23802162639968483,0.8103527270106428,-0.04225080402203994,0.00877639506275575,0.5843511806059853
1750195224551467008,3.5631496961240496,-2.743725827978804,0.23581956906850765,0.8103839066630626,-0.04353550702396748,0.008819152466311974,0.5842129799991223
1750195224720418816,3.5670916981591407,-2.7352731216045716,0.23439960980319618,0.8106175741390526,-0.044918369677998116,0.009300653845148027,0.5837764866799972
1750195224775898624,3.570645373455686,-2.726598813437144,0.23407934606689773,0.8110057849826822,-0.04483536807938567,0.01119344044099329,0.5832101794249679
1750195224946429184,3.5745433818062695,-2.7178964947781865,0.23439043780710334,0.8112724040625087,-0.044745244416471305,0.01315717849091325,0.582805145964675
1750195225000980992,3.5787284150410335,-2.7093385038731035,0.23389601704155893,0.8114290962477998,-0.04474105453970618,0.014913382719752026,0.5825449775056072
1750195225172135680,3.5830664862200265,-2.7007891303299347,0.2329212899262636,0.8114598876659546,-0.044726053374408097,0.016503910334437755,0.582460343544845
1750195225227034880,3.58764671922848,-2.69231304661624,0.23190494498024394,0.8113461831538618,-0.04530511320708217,0.017450576167943606,0.5825463888741914
1750195225400556544,3.5922521887654213,-2.684127090617234,0.23088404143075447,0.8112590042517553,-0.04618168553635198,0.018028377537707637,0.5825813741828942
1750195225456224256,3.596339145275665,-2.6758235202469915,0.23069243958893138,0.8112162687722544,-0.04595206007631482,0.019041609049801678,0.5826268021459009
1750195225628452352,3.6001545393828147,-2.6673636698915613,0.23087692443630603,0.8112929989355754,-0.044658693643950906,0.02047764527032411,0.582571829909685
1750195225680993536,3.6041785433282,-2.6589327273825116,0.2308924441356046,0.8113737608428406,-0.04344996634727836,0.021630877443312133,0.5825090778530384
1750195225848954368,3.6084727052054704,-2.6507235115557,0.23045680019388737,0.8114047572946486,-0.042863372980829054,0.022089268306178543,0.5824921590219188
1750195225902574336,3.6129591800205927,-2.642785434704036,0.22996070987152661,0.8113910252764425,-0.043078205364256696,0.02171718619356081,0.5825094300930007
1750195226076258304,3.617329408317433,-2.6351457822572235,0.22903357385275536,0.8114075549440505,-0.04342684822159147,0.02107160479217561,0.582484228202566
1750195226129656832,3.6214327765454297,-2.6275769989339,0.22809507717022193,0.811441924623986,-0.04341693987867302,0.020391594006184968,0.5824612907206621
1750195226298488832,3.6255596647771857,-2.6201026237565097,0.22802661897673504,0.8115783675275648,-0.04436811365852741,0.01895892416932862,0.582247870795607
1750195226349314048,3.6292391920588187,-2.612518700793884,0.2283410274091735,0.811872165987936,-0.045119377773036776,0.017603166395680367,0.5818229596503365
1750195226521011712,3.6327162418553605,-2.6048053854468507,0.22838577962211337,0.8122162945408686,-0.04557988011690854,0.016346477691656293,0.5813432360300631
1750195226572566784,3.6364133527916023,-2.597143580240921,0.22819303020429738,0.8125164541247959,-0.04695516260215037,0.014461798547956588,0.5808640812309125
1750195226741707776,3.6403894613910284,-2.5897929373122124,0.2273271116449238,0.8127103651463776,-0.04946190213687277,0.011811652297192008,0.5804445429932599
1750195226793523968,3.643464991544007,-2.5818229831935966,0.22733152138446,0.8129144539557475,-0.05011059886389111,0.010119527990807035,0.5801349960005642
1750195226964750336,3.6464895319385935,-2.573475212682302,0.22834604270914616,0.8129666155399792,-0.05071920929315243,0.008236706932988289,0.5800387922243213
1750195227015929856,3.649388341063271,-2.5648019468503924,0.22955141920204492,0.8129625265157175,-0.05088054696684752,0.006405659903668911,0.5800535043793239
1750195227184683008,3.652383887582059,-2.5559248044531415,0.23037715017648708,0.8128956990425559,-0.051036433360749915,0.0043878076004636585,0.5801522318257419
1750195227234874368,3.655376049181285,-2.546865616469392,0.23068213125984371,0.8128244152584344,-0.05109437034768836,0.002284250554681306,0.5802590951273069
1750195227404282880,3.65843050108077,-2.5377355396447427,0.2303835206221816,0.8127342970032182,-0.05120930080160519,3.8513521803141876e-05,0.5803796761627721
1750195227456114176,3.6614869869978515,-2.5286151462523234,0.2295750215085799,0.8126147439007075,-0.051325425282758914,-0.0022328580345648947,0.580532508185139
1750195227625796864,3.664585038121614,-2.519774721635034,0.2283748654829516,0.8124871400987819,-0.05135658266024279,-0.0043856415128996264,0.580696060551546
1750195227677853184,3.6676132196691578,-2.5112373654768936,0.22754608652035824,0.8123823868610944,-0.05069660499060835,-0.005853678019844975,0.580887636478809
1750195227846247424,3.670939302103566,-2.503021368813459,0.22753355287539057,0.8122286717617367,-0.050242972944193644,-0.007229530642119545,0.5811264598386384
1750195227898138624,3.6745135697936324,-2.4951727483270063,0.22725931813323097,0.8120735589310624,-0.05002476739409484,-0.008621155550442277,0.5813430426255916
1750195228064483840,3.678022721418103,-2.4873485828432904,0.22722143695073926,0.8119951645659182,-0.049354934164994306,-0.009687672240045148,0.5814929855137599
1750195228115842816,3.681546083298289,-2.4794055617284654,0.22739826794612172,0.8119374073835613,-0.04852594201615201,-0.010771905823271212,0.5816243164514706
1750195228279506176,3.685298888898846,-2.471435545863473,0.22769771705995145,0.8117765494493794,-0.04855326339829679,-0.012396302432802061,0.5818141851686232
1750195228332455168,3.689024145282916,-2.4635090907117694,0.22733167165019408,0.8116009215890252,-0.04874670525104668,-0.013921548710165784,0.5820084993232688
1750195228498486272,3.6925444853470917,-2.455365518438402,0.22666208884763828,0.8114537773648662,-0.04827421172316938,-0.014728393067025627,0.5822331509974846
1750195228549159168,3.6960885610276155,-2.4470402024585325,0.22575768605820823,0.811349220907298,-0.047174667720925344,-0.014948812630054355,0.5824633254201439
1750195228710832128,3.6997661570579323,-2.438790833723778,0.22431802745907214,0.8112165875869372,-0.04578102378763772,-0.015116374788127107,0.5827548722216103
1750195228761733632,3.7034923282606313,-2.4304793173429484,0.22308288483645988,0.8111020499941094,-0.04424224273591195,-0.01542584278511537,0.5830249838792662
1750195228931685888,3.707284622302232,-2.4221176759908265,0.22231100069930365,0.8109629975272598,-0.0431160047106094,-0.01606400715915549,0.5832854999512562
1750195228982114304,3.710908132816604,-2.413705543628642,0.22143807336442256,0.8109459433058748,-0.04116160719957284,-0.016213403913668215,0.583446248305725
1750195229144691712,3.715104467162626,-2.4054530113879085,0.22123742662973367,0.8108932595387246,-0.04018914781304782,-0.01696357860124165,0.5835659268958078
1750195229196613120,3.7196838043153884,-2.397483920940763,0.2215256529306231,0.8106937233342727,-0.04055329867278187,-0.018283282290054118,0.5837780729882479
1750195229360876032,3.723848697965307,-2.3895944291476283,0.22111045455214118,0.8106522967138057,-0.03987075945483978,-0.018492051937428103,0.5838760316953155
1750195229413252608,3.7280110975899112,-2.3815990520953667,0.2203969539665147,0.8106697555211402,-0.0389670673501649,-0.018230165920949813,0.5839210359251643
1750195229576217344,3.732173074957453,-2.3734856439573004,0.21925515345241653,0.8106745454025449,-0.038032852285622434,-0.017858438923815306,0.5839874653985314
1750195229627879680,3.736154469833394,-2.3649176469269184,0.2189479305426918,0.8106889179349529,-0.036815438304506565,-0.017321643951257477,0.5840616940792539
1750195229791934720,3.7403155834238406,-2.356271834142758,0.21894580886658055,0.810595949118313,-0.035955728888167435,-0.017053453407547863,0.5842521481004399
1750195229844014080,3.744455488475561,-2.3477218987682993,0.21860637012611495,0.8105133839664846,-0.0348247425111354,-0.016600943625390902,0.5844482016320846
1750195230008014592,3.7485791089925433,-2.339179783424386,0.2179969236095971,0.8104419418980826,-0.033622442364891515,-0.015976166586208936,0.5846350590608591
1750195230060252672,3.7526540406602,-2.3305121133567206,0.21717588159523915,0.8104028859721415,-0.032334376750374,-0.015076719720691027,0.5847857240140638
1750195230223656448,3.756825254474152,-2.321747870651518,0.216164356906984,0.8103321538526547,-0.0314863690265459,-0.01414007215903266,0.5849533890468364
1750195230276208128,3.761078460783551,-2.3129729348025765,0.21495495722315194,0.8101923211481028,-0.0312761932760947,-0.013242231757826574,0.5851793278858011
1750195230442036480,3.7652672142513715,-2.3043071701346785,0.21316766884297822,0.8100249196326968,-0.031028407874161074,-0.012130959948953607,0.5854482960002146
1750195230495865088,3.769161903421971,-2.29564902235215,0.21123226763653635,0.8098305934003602,-0.0299006469725124,-0.010343007714753896,0.5858100233820328
1750195230662095616,3.7727849282421615,-2.2867897017496293,0.21006448951954804,0.8095954201726261,-0.02723067651665258,-0.007388233239030818,0.5863097815161885
1750195230715393280,3.7767557138480745,-2.2780629942484643,0.20936432412435657,0.8092129677796023,-0.0246452613175403,-0.004215546701631876,0.5869831454462089
1750195230882425856,3.7811146666468147,-2.269666665271875,0.2087572377342748,0.8088199446081317,-0.022658694925019922,-0.0011317310427942367,0.5876185837201204
1750195230935385344,3.786117728648895,-2.2617826679454867,0.20787329479975192,0.8083761054474109,-0.022223170071416366,0.0012350090215031068,0.5882454229370344
1750195231102331392,3.791491536401936,-2.2541716393820597,0.20680531112336098,0.8078583495953123,-0.023130703798071237,0.0028814634983590276,0.5889155751880328
1750195231155512320,3.795993371681025,-2.246142823147897,0.20590460434110058,0.8074021448563466,-0.02248284677386429,0.005589605653297461,0.5895464819596116
1750195231326764544,3.799996432829229,-2.2376743248981756,0.20506505856030177,0.8070565086389446,-0.020627831599968446,0.009071228752607454,0.590044063808728
1750195231380896512,3.8041204830279582,-2.2290542295172777,0.2039170695986945,0.8068444500412111,-0.018354168202383416,0.012533579475247383,0.5903457184843739
1750195231552473344,3.8089905833006794,-2.220660555758237,0.20326747633787656,0.8067268037739422,-0.017531261032855,0.014514597671775657,0.5904861094163892
1750195231606984960,3.814452805959371,-2.2128175048040704,0.20328243432962356,0.8066106761302597,-0.0184111020823967,0.014808120548271185,0.5906106738272049
1750195231780010752,3.819942312471899,-2.2053420157353822,0.20367601410812997,0.8063495909213434,-0.019932439662039052,0.014153045837435142,0.5909337749389728
1750195231834014720,3.824661499345847,-2.197756937914407,0.20431804354094663,0.8058095729053725,-0.020272538885734683,0.013694910984820657,0.5916691692105527
1750195232003547904,3.828776996448354,-2.190075920974734,0.2047013565838145,0.8051322097518471,-0.019594043230882544,0.01350972302901744,0.5926176555534381
1750195232056001536,3.8326906767564006,-2.1822999964486423,0.20494934797918196,0.8043351438425766,-0.018268948651685914,0.01329413916860219,0.5937461475737504
1750195232226217472,3.8367586425759863,-2.1746913269522663,0.20477129368600444,0.8035146043138665,-0.017043613468810316,0.01262348260846849,0.594907088192005
1750195232279802368,3.840887915592676,-2.1673086748732784,0.20418085915406836,0.802999298250372,-0.015839254016202647,0.011768119598649306,0.5956532182425712
1750195232446197504,3.8453331255549914,-2.1601017250165273,0.20383200741830532,0.8027417797137789,-0.015541582951229089,0.010068133574050987,0.5960391992039284
1750195232499958016,3.8500275371152686,-2.153084604270135,0.20375894424960928,0.8025659516073574,-0.016276335510327238,0.007506117464134778,0.5962940821637812
1750195232666041088,3.854244094469443,-2.145998572318389,0.2041473473453994,0.8025268427670076,-0.016546105540512203,0.005267777869238293,0.5963632647524338
1750195232719458560,3.857911009469985,-2.1387099964607716,0.2043727674942546,0.802587330098327,-0.01579282048994291,0.0038214761054363544,0.5963133075045259
1750195232881720064,3.861408790212616,-2.1312127959677394,0.20389957338441622,0.8026691161302874,-0.014620416415325754,0.002759559745789957,0.5962389774783893
1750195232935424256,3.864700993936688,-2.1233371478179746,0.20289251473025072,0.8029500507976111,-0.012612501136503843,0.002505170727957868,0.5959075975844068
1750195233101367296,3.8683179519589337,-2.1150667360860864,0.20198210768690616,0.8033401560501845,-0.010606190127774652,0.0024501619966005358,0.5954209427912569
1750195233156146432,3.872559241890769,-2.106914941357475,0.20139049358799754,0.8037035634354723,-0.009849183717666911,0.0016616831307197462,0.594946060168813
1750195233320737024,3.8771672608153938,-2.0990866996570174,0.20125975795584283,0.8040013201096108,-0.01015016848089672,0.00033921430324968633,0.5945407776389006
1750195233374667264,3.8817681690317376,-2.0914771423288916,0.2015120961547705,0.8042579015084652,-0.010670666700526306,-0.0009632929843599849,0.5941838409112048
1750195233544950528,3.8860747456115736,-2.0839637576377967,0.20173460902886564,0.8045753375425134,-0.010603632041399896,-0.001771422906626188,0.5937532747419312
1750195233599806208,3.88988799511471,-2.076387116661952,0.20126487665518633,0.8049836238890161,-0.009079270417182941,-0.001481017134952623,0.5932257063778044
1750195233763726848,3.893870931368487,-2.068599948050371,0.20057441079136895,0.8053682757657332,-0.007356939584528462,-0.0009774035805495934,0.5927283193102217
1750195233818208512,3.8984640428088326,-2.061187656161965,0.19902183530613282,0.8057655619411815,-0.006720989569838565,-0.0009881310306222948,0.5921956695939955
1750195233982314496,3.9034757843242,-2.054034628251459,0.19790753394510752,0.8061237094383873,-0.007107356280955274,-0.0015649682022795262,0.5917022912263531
1750195234034536448,3.908145180082848,-2.046733886629716,0.1978502491415619,0.806261527725953,-0.006899994146754843,-0.0018012537961915721,0.5915162672949483
1750195234196920832,3.912451993036325,-2.03916962125438,0.19829214893670288,0.806102336065404,-0.005891261056285337,-0.0016144306314391469,0.5917446327993192
1750195234251783680,3.9164944376806865,-2.031439721019788,0.1983461282567034,0.805940290448419,-0.0040902002059574,-0.0007421970802683338,0.5919822359139566
1750195234415911424,3.920558645834611,-2.0237450960341907,0.19793395402807823,0.8056652361182525,-0.001874257552408028,0.0005722335494721247,0.5923678646060343
1750195234470584832,3.9249206469208513,-2.0162569258530176,0.19741809847275338,0.805303467256622,6.060146209259651e-05,0.001754900278226293,0.5928602215336587
1750195234635717120,3.930087080820654,-2.0092954898877387,0.19727044013036643,0.8048198559974571,0.0002250986145499768,0.0016668452954210732,0.5935167818601319
1750195234689966848,3.9353344908341312,-2.0026041079514263,0.1975853643423533,0.8041683343033595,5.5480208518840037e-05,0.0012387799799100224,0.5944003301226103
1750195234851482368,3.940325998725448,-1.9959881470038265,0.19850732168064855,0.8034807628998197,0.00031119396683226114,0.001292467139836202,0.5953292335648664
1750195234905274368,3.9451515532278276,-1.9895388569242214,0.19874040611171617,0.8027424387503045,0.0011398464183384638,0.0018692494645663879,0.5963218792613558
1750195235069004800,3.95008302471148,-1.9833548020265268,0.19804614479397475,0.8019758454593217,0.0019298844756404198,0.002416582096656515,0.5973484569132884
1750195235123676672,3.955170806086502,-1.9774212890692762,0.19770052352759482,0.8011173925017671,0.0022833598115353545,0.0024137242257568662,0.5984980230832032
1750195235291162880,3.959889914938712,-1.9713424920058231,0.1987879045425398,0.8002915715491269,0.002984430618322319,0.0025930857724941066,0.5995980066573683
1750195235347270144,3.964662605860499,-1.9653025132120345,0.20008861719897908,0.7994668014818279,0.0031242215301425526,0.0024425701954436507,0.6006971836283959
1750195235510143488,3.9697999283786753,-1.959645157016765,0.19984745727639464,0.7986094430521425,0.0023837247495965353,0.001752852708506845,0.6018423405109073
1750195235574365184,3.9743334757284727,-1.9538032089766766,0.1991266626698458,0.7978133505967971,0.00332833749057164,0.0022148413726568593,0.6028912623821603
1750195235741735680,3.978189992517334,-1.9481500004107768,0.1999136314323029,0.797222151801047,0.004863727051839906,0.0030199922176311032,0.6036588974610404
1750195235794261248,3.983077648147375,-1.9420403635488799,0.2010024246389288,0.7965075280238286,0.004392795577204854,0.002323572125501448,0.6046081889628727
1750195235961170688,3.987578383237718,-1.9363803343211594,0.20148983040055546,0.795982103508188,0.0035010146257807235,0.0015068870301006355,0.605308155473515
1750195236020951040,3.991924115409849,-1.9304277785965018,0.20106315358151372,0.7954743713091306,0.003031062108788396,0.000971842143643332,0.6059788715588061
1750195236189188096,3.9955994444143292,-1.92416724652599,0.20068938040481532,0.7950111516244992,0.003887426350710239,0.0010951775081188488,0.6065813690637729
1750195236244502528,3.9992747718552804,-1.9177239901500291,0.20117480398172694,0.7947543286240476,0.0041005236907641,0.0006845035385223492,0.6069170242246517
1750195236405381120,4.0031306999719405,-1.9108910935830843,0.20155813341482398,0.7947383527534664,0.0033887789634001143,-0.00028415132476424947,0.6069426547029538
1750195236460166912,4.006837935850829,-1.9041006782843723,0.20123383627363323,0.7949305769138995,0.0022969549579110234,-0.0013488259966443355,0.6066945545772492
1750195236624681984,4.010197490091636,-1.8971368920988083,0.2005180673918554,0.795138049467008,0.0016973673535394193,-0.0020315445492484078,0.606422685971273
1750195236679306496,4.013069497397476,-1.889973256223962,0.20019125800477688,0.7953979591286541,0.002311709402646717,-0.0017914209889944032,0.6060804677800214
1750195236840102656,4.016245134074995,-1.8828145211770235,0.20049252089630887,0.7956995496335444,0.002296446019325168,-0.002020735358035508,0.6056838033803345
1750195236892425216,4.019742649109194,-1.8758352670458742,0.200461622847095,0.7960452190501077,0.0013294219792916943,-0.00300807864359579,0.6052282159049931
1750195237053265152,4.023207479479044,-1.8690234501911163,0.19981949282492728,0.7965467715813358,0.00012036730663124909,-0.0041550682903912515,0.6045626200837798
1750195237108093952,4.02610162006976,-1.862034790474424,0.19956674416687736,0.7973771204374562,0.00018240292700100443,-0.004366044728905998,0.6034655186383625
1750195237272698624,4.029008842847425,-1.8551326218436763,0.20007736314601265,0.7979633890438923,0.00020460454693882048,-0.004777944770364064,0.6026869495238275
1750195237325662464,4.031723397546951,-1.848033398423413,0.2018628136181677,0.7982825044671795,0.0005950772601149487,-0.005152684821746843,0.6022608560945907
1750195237486034944,4.03435487979516,-1.8409673434805902,0.20376889323077396,0.7983231293301359,0.001270500526226482,-0.005436735143439055,0.6022034613948448
1750195237542784000,4.036774355694469,-1.834163837798748,0.20497345009357204,0.7983891493442719,0.002774473827963099,-0.005042161577812859,0.6021143123285899
1750195237707248896,4.039515607917845,-1.8273767796441116,0.20514612641706353,0.798425809526978,0.004523554152406433,-0.004515217220213432,0.6020592802643895
1750195237766562304,4.042590634857277,-1.8210467702047248,0.20454071166872279,0.7984519892996848,0.005805292059668159,-0.004458097085647099,0.6020139904834879
1750195237931427072,4.045851047961847,-1.8145738949706547,0.20500020101104122,0.7985708740348442,0.006593611743160532,-0.004733713648532389,0.6018460562157898
1750195237990831360,4.049306972085313,-1.8080680587783386,0.20605398695187915,0.7988059297488938,0.006888305676010117,-0.0051583582229488105,0.6015272472493355
1750195238155776768,4.052783940151156,-1.8017324415504898,0.20662643975514872,0.7991134499712604,0.007222289091425757,-0.0053077083850465966,0.6011134342592994
1750195238214462208,4.056314735453208,-1.7956180941660067,0.20590838189197713,0.7995269314200352,0.007762046006726891,-0.005208873802141394,0.6005574945078662
1750195238379498240,4.060138960718608,-1.789460205201023,0.20518690056213762,0.7997335950007131,0.007535381401832762,-0.00576091057222451,0.6002801070864693
1750195238435042048,4.063885388877272,-1.7830708349900455,0.20566202719198623,0.7999001735275401,0.006667837082973696,-0.006698812912794587,0.6000586456712421
1750195238592555264,4.0677019430538355,-1.776122572931766,0.206463758533173,0.8001298069639086,0.005455400798086456,-0.007737235684201684,0.5997521703120364
1750195238645490432,4.071267200596459,-1.7692141727229473,0.20624477588340806,0.8005690486985982,0.004529360836754828,-0.00837135685774402,0.599164921820856
1750195238804016384,4.074755050419785,-1.7621217655521058,0.20527831816204278,0.8012676326782774,0.0038629961605900374,-0.008899813035499452,0.5982274244890032
1750195238856265984,4.0783918468207725,-1.7547830939383626,0.20454698747073508,0.8018478052976457,0.002454057916243138,-0.0102177741394078,0.5974359144131937
1750195239012854784,4.082142979753733,-1.7473744931935822,0.2040158987041738,0.8019564903077552,0.000256959741009933,-0.012240296523703065,0.5972569771597238
1750195239064701184,4.085419812202863,-1.7397135677219349,0.20380530436572553,0.8019711282540006,-0.0013517969231068485,-0.013696927077946026,0.5972042165630658
1750195239231936512,4.088357255025318,-1.7318162553624048,0.20342388467287087,0.8020318469545011,-0.0021593487502379206,-0.014372597182949882,0.5971044147667499
1750195239283714560,4.091334749946405,-1.7237363981399598,0.20246982021630444,0.8019861873980342,-0.0027119455945569812,-0.014857560465336449,0.5971516168201142
1750195239442191616,4.094191412601544,-1.715366910884764,0.20130325723787568,0.8020093113163811,-0.002522486506366542,-0.014818980889205724,0.597122348793825
1750195239496288256,4.097155028819748,-1.7067524487486678,0.1999852978236225,0.8020952604917764,-0.0016475483587141309,-0.014452677655776156,0.5970189266594595
1750195239654818560,4.100588991443161,-1.698172289779773,0.19905728872342854,0.8019403031028882,-0.0013657428647505028,-0.014868439496513808,0.5972175604523146
1750195239709282560,4.1040025921012635,-1.6898861702141517,0.19890036033629643,0.8016734481897376,-0.0010914594968858134,-0.015394749513133353,0.5975629614284763
1750195239868896512,4.1068852663444595,-1.6818049816543867,0.19964094510529495,0.8015418893218773,0.000528852243423086,-0.014668959259049812,0.5977584308162258
1750195239920704768,4.109605520111878,-1.6739554739274851,0.20068116384789247,0.8014516750425865,0.0033045490192426543,-0.012965108429699458,0.5979098581647719
1750195240078565632,4.112766144045457,-1.6664667429424096,0.20133815541948152,0.8012939765626155,0.005949040632888708,-0.01128863079760164,0.598134716309574
1750195240133036032,4.116709629286392,-1.6595910537097418,0.20151568129470343,0.8010332598241154,0.007092722589263079,-0.01067367380776339,0.5984826502324593
1750195240290288128,4.12096883763538,-1.653204316899819,0.2021438040480854,0.800804981410217,0.0069160732412820395,-0.01087288798721218,0.5987865479336695
1750195240341606656,4.1246340003503175,-1.646686718264052,0.20402902347534768,0.8008066624910144,0.00732402619359895,-0.010447191777851722,0.5987870273597071
1750195240501019392,4.1282151722577565,-1.6402787194484931,0.20544711535830373,0.8008986514836981,0.008093617941474155,-0.009599135847100364,0.5986682720766151
1750195240561612288,4.131959153074786,-1.6341234560061846,0.20598393974638363,0.8010373943476277,0.008653299103942554,-0.00877598650763627,0.5984874228688509
1750195240724065792,4.135962929299405,-1.6282584329116787,0.20638905392506102,0.801205721030042,0.008315891994101059,-0.008510045797471725,0.5982706892783546
1750195240782543616,4.139798426889701,-1.6223536299380172,0.20737926508652293,0.8013327046094159,0.007694666335331939,-0.00828163390498726,0.5981121158889946
1750195240944075008,4.143173545950019,-1.616184201028728,0.2084441939348709,0.8016720135906817,0.00797275212646398,-0.007220684179694007,0.59766736532035
1750195241002017280,4.1466777822092755,-1.6099843621486203,0.20873601126441832,0.8021916032884829,0.008289522826470459,-0.006110980632448222,0.5969778650339329
1750195241164158720,4.150532022025132,-1.6038967980573804,0.20851710278169788,0.8027544708206074,0.007734097053849457,-0.005634273604523825,0.5962329228424391
1750195241223044608,4.15480238526305,-1.597929255625055,0.20824096889378563,0.8031742668469217,0.005698491510344317,-0.006286525714435923,0.5956837280502615
1750195241387620352,4.1587615131426325,-1.5918582091863813,0.20805044697908714,0.8034748032767087,0.0038266244402605197,-0.0068285596551605635,0.5952872988884299
1750195241446132992,4.162322864283054,-1.5855299831301841,0.20806191764896997,0.8038333746953645,0.0027327177880302088,-0.006945795631202044,0.5948076948917203
1750195241611837952,4.165623624742121,-1.5789792203891326,0.20841871466433215,0.8043683672035447,0.0023689544061905733,-0.0066300613719136705,0.5940891853783652
1750195241661367040,4.16934503960379,-1.5724768190164946,0.21081865633363206,0.8040891288893767,7.07117068561733e-05,-0.008935497317280662,0.5944416074682783
1750195241814095360,4.173902722506201,-1.5651331943054863,0.2147355928778638,0.8025808527608692,-0.003954040507164587,-0.0143018981000859,0.5963587813187949
1750195241862215936,4.177539711258801,-1.5587225339620434,0.2156769064020132,0.8013474211681143,-0.005988771970814248,-0.017845857238050426,0.5979029775615218
1750195242010714880,4.18137537574256,-1.5509309165868181,0.21702177131979328,0.7997126149546244,-0.007255055786619978,-0.02182333335465526,0.599942363706099
1750195242058347264,4.184443859229896,-1.5427885115638804,0.21804562881921186,0.7983036915525206,-0.006648601460846861,-0.024862493374544672,0.6017049680494865
1750195242207768064,4.186675408652674,-1.5347570350189605,0.21651479884192293,0.7974679298661612,-0.0033441802215007184,-0.02575709512197839,0.6028020316360115
1750195242255577088,4.188084842494266,-1.5273418743330782,0.21328391908428568,0.7971097850552776,0.002324414411179772,-0.024356529501140686,0.603338501288815
1750195242401312768,4.189448644971828,-1.519567227284595,0.2099485172783071,0.7975586046021902,0.01045808678244788,-0.02087145140596593,0.6027895844837288
1750195242450800384,4.191906019753249,-1.5151525717154457,0.21059527378645493,0.8007351910251786,0.01624305686653137,-0.017741021982251155,0.5985353565968566
1750195242606693120,4.194278392829598,-1.511423192082093,0.21348685272648593,0.802754005889386,0.02005385296756125,-0.015681287700675877,0.5957666877442442
1750195242671606272,4.1970182995609875,-1.5084967423576585,0.2156129941208449,0.8046217839718558,0.02288211074247221,-0.014224092721272466,0.5931760859577658
1750195242835774976,4.200406207049701,-1.505990661753986,0.21591921485227106,0.8058827177143643,0.023527979172668655,-0.014393464781257737,0.5914324201943547
1750195242902286336,4.203880203185104,-1.5038008213199245,0.21470293864509493,0.8069650652611203,0.022278601280473678,-0.015906478551382944,0.5899644322441786
1750195243059985152,4.2072363344123875,-1.5017930794718923,0.21274754265833007,0.808626850908894,0.019797703891487967,-0.01800296657754616,0.5877129912671647
1750195243125877248,4.209733732792238,-1.499064065015367,0.21101732765656767,0.8101119239291966,0.01767184476512054,-0.01974775493503254,0.5856760220338192
1750195243294931200,4.211724768800813,-1.4950675439986427,0.21098726914542976,0.812120885672797,0.017600463742589396,-0.019805981349918435,0.5828873080045959
1750195243354707968,4.214225265529005,-1.4903690406070433,0.21195021239092915,0.8150248787847962,0.018639488014143966,-0.018857063627031885,0.5788189938139252
1750195243510386944,4.217546603973226,-1.4861311645019675,0.21221673969560317,0.8181670296140371,0.018525294314326115,-0.018572949891078203,0.5743819031406323
1750195243564244736,4.22151719479259,-1.4821592451219754,0.2113458980746481,0.8214797946843694,0.016839843928127016,-0.01927289557770611,0.5696629899140837
1750195243713957888,4.225487833724388,-1.4784609799945003,0.21000864041817335,0.825006230728961,0.013966010942390009,-0.0205751279914801,0.5645762427740684
1750195243764159744,4.229474285984056,-1.474151134352756,0.20923230257645997,0.8289689800865563,0.011572994950580553,-0.021374091616492008,0.5587661801234022
1750195243915423488,4.233596084736609,-1.4693249232155132,0.20913040978515385,0.8331574407835507,0.009785470001955803,-0.021723888637334498,0.5525223942125042
1750195243964336640,4.238136457511013,-1.4640828376400865,0.2091804375473978,0.8376026770201503,0.008301975263294197,-0.021786265921950647,0.5457821829929808
1750195244112013568,4.242833926256406,-1.4586387977019637,0.2097897470547676,0.8420688057934069,0.007624910592118024,-0.02117575690549269,0.5389003380659609
1750195244161216000,4.248128219757756,-1.4535282429010299,0.21004608843064876,0.8464916492940847,0.006506656689366784,-0.02068286377632533,0.5319603088954259
1750195244312704000,4.253433602218681,-1.4483282308469732,0.2103310475312954,0.8507836526336937,0.0057142725168957765,-0.01994002272296005,0.5251065787006302
1750195244365063680,4.259021784451448,-1.4433188466093791,0.21029631535711024,0.8549620920650209,0.004616910055477481,-0.01934975899793065,0.5183088771187162
1750195244520951296,4.264689486744845,-1.4384756516346666,0.2098733455907147,0.8590229136139941,0.0031837268750971436,-0.018999459884039303,0.5115745481290328
1750195244573174016,4.270265619195145,-1.4335514625221433,0.20983151312932558,0.8629237726597702,0.001991942689925091,-0.018666426912662577,0.5049853059736129
1750195244735908352,4.275763448855624,-1.428364001046401,0.21011956299525059,0.8667531731954318,0.00129223426680305,-0.01825801820610037,0.4984013559947796
1750195244794601984,4.280481242801102,-1.423428931027917,0.21104689857627035,0.8701182737900736,0.0016519221685315259,-0.017581313484113525,0.49252650505927553
1750195244958214400,4.285005016632309,-1.4188942465210652,0.21150876914288785,0.8729875374591226,0.0018559034698492703,-0.01722527411475839,0.48743471870091387
1750195245025469952,4.290027387697956,-1.4140051994658087,0.21220943591261587,0.8751630032985711,0.0014701633706480576,-0.017336060387233197,0.4835152709970379
1750195245199150848,4.2955181815976475,-1.4092233419926337,0.21305271906790013,0.8767557110270436,-0.0001486200275796567,-0.018577298784711968,0.48057703343315744
1750195245263369984,4.301240016515655,-1.4047512536100917,0.21362670830634034,0.8780928814273563,-0.0027617014800371997,-0.0204614559350766,0.478044551702616
1750195245434760960,4.306921411578829,-1.400282446869352,0.21428381321762657,0.8791881729825005,-0.0056963662671771055,-0.022723829040616546,0.4758984508198945
1750195245501597440,4.3120679495279255,-1.39526168144676,0.21480179995671334,0.8799817446989852,-0.007116609904678669,-0.0244895806865704,0.4743224043810191
1750195245672956160,4.317183362816033,-1.390122353117845,0.21522752411379198,0.8805927524887536,-0.008319065461417184,-0.0260307834610992,0.47308518865689586
1750195245737347072,4.322047620815857,-1.3846941544472342,0.21599557301808092,0.8811641339723942,-0.008590405987689212,-0.026793771203811444,0.4719725285970833
1750195245901679872,4.326860547066298,-1.379256917309255,0.21657284261086884,0.881649727803711,-0.007985720134515203,-0.026746186712799387,0.47107815406140396
1750195245964870656,4.331768276057644,-1.3740319917120805,0.2171825226213291,0.8821774055848731,-0.00693123572663737,-0.025971330230042496,0.47014941566796187
1750195246130660608,4.3364642171847105,-1.3694374569347203,0.21794537836539085,0.88330919237947,-0.005572025722310967,-0.024701856365074736,0.4681064424673062
1750195246193853696,4.341256278845978,-1.3658983915663963,0.21859316261128336,0.8851264409668974,-0.004136709697931931,-0.02292749790247584,0.46476703946609693
1750195246364985088,4.34642556762604,-1.3628337924516707,0.21905136735997432,0.8872981358115251,-0.0027918283025089707,-0.020993757744156315,0.46070976331732044
1750195246425652480,4.351795061501948,-1.3599882419969989,0.21935138847595503,0.8896595518092918,-0.0017489461426522478,-0.01920642109895608,0.4562169839565924
1750195246587081984,4.3579236276755235,-1.357301447423381,0.21911393787427613,0.8922987660651106,-0.0023456997661724403,-0.01820155290958815,0.45107218185448716
1750195246645423104,4.3641610270930595,-1.3548081452130951,0.21843134578721068,0.8949752390741583,-0.0039768489463894155,-0.017861898830963265,0.44574034895526715
1750195246811187456,4.370072190964521,-1.3516323438556412,0.21802360734837611,0.8977143659882734,-0.0046872564214988964,-0.017339795691517293,0.4402116288910234
1750195246868982272,4.375913738258545,-1.347875399772835,0.21833946482549083,0.9004530853771581,-0.003995499311814421,-0.016454092165253967,0.43462344606684894
1750195247031524608,4.3821775493606525,-1.3447911667846166,0.21785399748452905,0.9030607282678234,-0.004716610686158743,-0.016368613358653965,0.42917495632986147
1750195247090257664,4.388318166085722,-1.3416441260201446,0.21703475009324436,0.9057108599141657,-0.005796437276795203,-0.016629914130793587,0.42353002904686865
1750195247257496832,4.394404103075367,-1.3381000350324137,0.2168857296067066,0.9084644617809413,-0.00595914004014455,-0.01674019911147401,0.417584214338563
1750195247315492352,4.400247501877287,-1.3343725879787436,0.2173834204759486,0.9111216366304711,-0.005261935953973154,-0.01679400098254191,0.4117616262169494
1750195247482464768,4.405995488366694,-1.330724115273017,0.21823409436546193,0.9136666742628701,-0.004004087590367356,-0.01676803171025172,0.40609852097312465
1750195247537548288,4.411933449158015,-1.3277353049285874,0.2185639436925073,0.9160903657459405,-0.0033821039310979444,-0.017036581927543634,0.4005955042642071
1750195247702753280,4.418001554564399,-1.3252016441497196,0.21877029975908435,0.9185347728049873,-0.0029769974814524095,-0.017377583436426328,0.3949468676011951
1750195247760982272,4.423709167328717,-1.3224635000792118,0.21983252170830525,0.9207368984117404,-0.001380043455906673,-0.01734379478155471,0.38979591091462645
1750195247938915584,4.429890009127977,-1.3193891484555662,0.22091051241499393,0.9224573311690257,0.00027258844444032036,-0.017591954674400594,0.38569796602885015
1750195248004636672,4.4366235834096,-1.3162155548832155,0.22175302036258948,0.9235602517615131,0.0008855395694717439,-0.018908398175451226,0.38298583480896475
1750195248174892544,4.443702984128512,-1.312984092112706,0.22283227144689066,0.9243283633614015,0.00048294022727208663,-0.020763440289169467,0.3810324435028175
1750195248235439104,4.450760131603701,-1.3095234531429085,0.2233835823825503,0.9248618584863149,0.0002860438332602144,-0.02269515083349196,0.37962532979875035
1750195248398611968,4.457844018261578,-1.3058744521850087,0.22392682957785714,0.9252826697392972,-0.00014181969360078873,-0.024705520746697997,0.3784727179228748
1750195248460225536,4.464727363051043,-1.3016820757594427,0.22392471617260856,0.9256022121592357,0.0005009443791550703,-0.026287657200206878,0.3775834384339211
1750195248630959104,4.4716868699577645,-1.2967505362025742,0.2245084312869854,0.9257920914020622,0.0014908607563558498,-0.02765585971877143,0.3770171537938513
1750195248690127360,4.478850078538301,-1.2916543531206006,0.22489556724291404,0.9258962482269654,0.002131377368668516,-0.029047313813137608,0.37665348572657964
1750195248856701696,4.485946726950182,-1.2864684075471509,0.22455999129882498,0.926025229555049,0.0033450074113316676,-0.030131392983924626,0.37624218837044987
1750195248917077760,4.4931212887800545,-1.2819657760670609,0.22400887854302942,0.9265439068689556,0.004069461232865209,-0.031219789231719308,0.37486684687981287
1750195249085836032,4.500098263457246,-1.27821007081273,0.22369492466710517,0.9275691001437383,0.004662907039295191,-0.03180932893100503,0.37226601825769395
1750195249146411008,4.507044421884816,-1.2750220187297185,0.2240742177128836,0.9289525239589828,0.005193090982773152,-0.031957583682156045,0.3687803585896054
1750195249309693184,4.51427921130499,-1.2723681551620043,0.22489635379853956,0.9305966408516282,0.005471956231296975,-0.03175660961320983,0.36462510538434223
1750195249368064768,4.521733871402567,-1.2703224082957796,0.22548951241028936,0.9324595508602658,0.005452261392599226,-0.03126015402570001,0.3598781205150814
1750195249529989888,4.52912215954662,-1.2682137151948631,0.2266209630475493,0.9346881060254991,0.006872708675041624,-0.029817374261699104,0.3541494522402529
1750195249591164160,4.536876136937631,-1.2662341453347228,0.2276807642624581,0.9371602158925836,0.008934415012051134,-0.027906169139583298,0.3476667250406798
1750195249755120640,4.544838396216803,-1.2647908171283078,0.22852293667774992,0.9395192439865725,0.009741034768915972,-0.026409616229355747,0.3413374204378245
1750195249817482752,4.553286201098905,-1.2638582901749968,0.2285416164699301,0.9419064864882126,0.009600042663043512,-0.025100976069979384,0.3347983734916181
1750195249979524864,4.561829712207619,-1.2632781631605088,0.2277757761349153,0.9443048419941307,0.008887791702344525,-0.023851690485159654,0.32808607011894847
1750195250038014208,4.570366960666581,-1.2623137177437562,0.22721757606978388,0.9466545623968339,0.008042572915143261,-0.022555142810782507,0.3213591791857648
1750195250202399232,4.579438909500199,-1.2606554402258965,0.22630690059120795,0.9485308625029963,0.006712393937302041,-0.021473210252552232,0.31588454835335295
1750195250264566784,4.588515875582428,-1.2582228883425706,0.22537138643763832,0.9495035733305615,0.00477803099228102,-0.02138490030255992,0.31299012874431253
1750195250432669952,4.597642281433008,-1.2548890618329605,0.2249096281831382,0.9499030681129256,0.002881602855649133,-0.021577896591009272,0.3117855864746491
1750195250494400512,4.606436151635832,-1.250550792308366,0.2246086985578719,0.9500356164496802,0.002291398950045845,-0.02151069941901599,0.3113910191036871
1750195250665776640,4.615174966226555,-1.2458743343953165,0.22405157319087854,0.9499405757942524,0.0020445709013252075,-0.021584447782331238,0.31167745154798326
1750195250726323200,4.623788008233725,-1.2409994068807872,0.22349317923182843,0.9496464243448541,0.002189746493224207,-0.021841124623168888,0.3125537378028354
1750195250895169280,4.632242161746982,-1.2360953519047917,0.22341871280508174,0.9493647363753638,0.0024647366261372145,-0.02220230034549277,0.31338088687676574
1750195250955097344,4.640627314111527,-1.2314586425206633,0.22346388614048074,0.9492728945606053,0.0026654505647487683,-0.022514528006730268,0.3136350794385904
1750195251126047488,4.649046098714233,-1.2274434478220373,0.22361854825975191,0.9495374184074089,0.002732288764382277,-0.022822432314651583,0.3128104253786063
1750195251186916096,4.657569525454359,-1.2242380147972938,0.22407234702092138,0.9501587631056753,0.0021509311432336836,-0.023097882801959044,0.31090221324200523
1750195251355192064,4.665935479194567,-1.2211678343552852,0.22480730720224873,0.9508190899523049,0.0013985264395431547,-0.02358880445658246,0.30884408786696554
1750195251413445888,4.674342378168273,-1.217734488081645,0.2252483975280013,0.9511567319770792,0.0006213025330890025,-0.0245756464933415,0.30772800132142597
1750195251584252672,4.682694419682293,-1.213999621831757,0.22545911444069944,0.9512554713492731,-3.3399345736812934e-05,-0.025650096414925945,0.30733548390392684
1750195251645365760,4.690832576039994,-1.2100815370259554,0.225581676444774,0.9513551775215469,-9.825597198884094e-05,-0.026545216141661873,0.3069505954525949
1750195251813609472,4.698414482970341,-1.2064870707564759,0.22563003388492575,0.9517962501451999,0.0005783995392881556,-0.027187378904529668,0.3055231743940391
1750195251875755520,4.7055401259836245,-1.20359281234246,0.2268927675393697,0.952652454057247,0.0018241327731604367,-0.027471162206356734,0.30281233390561074
1750195252044572160,4.712543833513407,-1.2012119037134106,0.22888781185005724,0.9536777456925676,0.0035548392306057027,-0.02762427147488055,0.2995380111342612
1750195252104235264,4.719818996231254,-1.1996656372372265,0.23132163551246654,0.9548311176547728,0.0041161270679145,-0.028143710946334086,0.2957845935647552
1750195252267660032,4.727453034733704,-1.199182217099461,0.23280606749432087,0.9561018296380227,0.0029792327796718736,-0.02905889129904294,0.29157502700221155
1750195252329589760,4.735140261782912,-1.1992288621231415,0.2327585147914757,0.9574916460820501,0.0016993717704339637,-0.029841919406697424,0.28690820773340764
1750195252492889344,4.742721912692178,-1.1995260107318901,0.23239925357801372,0.958972246053814,-0.00028335763658549436,-0.03066877155327385,0.28183608260541443
1750195252553979392,4.749877661858734,-1.1986869142552719,0.23309447661836247,0.9605518546013239,5.3415850233526477e-05,-0.03082581198726611,0.2763872303201244
1750195252717655808,4.756661249385949,-1.1973753851773945,0.23450382808909653,0.9620930689117457,0.0019269436249253057,-0.030504503547283714,0.271003116040349
1750195252782822144,4.763338145868087,-1.1965466741662585,0.2351997001217172,0.9634794774182174,0.002654974133297512,-0.030567051203011023,0.2660186141739386
1750195252952361728,4.770303306674233,-1.1962787335737395,0.2352040133240112,0.9648356929094565,0.0018432428030537022,-0.03103380513760466,0.26100879502917035
1750195253021357568,4.77658846043516,-1.1956429565204325,0.23561271159645392,0.9660643658285613,0.0021549318347515497,-0.031101482894142274,0.25641313364730856
1750195253193099776,4.782376549144209,-1.1946763373366047,0.23611557071224576,0.9671784706177552,0.0029856259498537638,-0.031024575656828025,0.25217923728273384
1750195253261787136,4.787648315318201,-1.1928424565071114,0.23771269874739165,0.9680637342908017,0.005598982727736863,-0.030337583778725252,0.24879889218771015
1750195253434696960,4.793482908706824,-1.190643015382315,0.2395417625760392,0.9684165700852642,0.007932135273346842,-0.029931943327566837,0.24740757220209184
1750195253497349120,4.800506995276929,-1.1882661178750284,0.2415453270733554,0.9683232030787621,0.009465705800143363,-0.030410626803634228,0.24766059147632233
1750195253659141376,4.808196496892445,-1.186420825871834,0.24287729418239,0.9680507847869919,0.00923510096313257,-0.03139163640610719,0.24861004836336853
1750195253720238848,4.816029103807791,-1.184727970035306,0.24345146728250588,0.967735048561075,0.008684481264262035,-0.03243231885690781,0.24972304712466653
1750195253879207424,4.823818068841138,-1.18238045053798,0.2443859932864778,0.9673930079393167,0.009225005376524797,-0.03318349911867914,0.2509273258379101
1750195253941701632,4.831701626313006,-1.1796561079785364,0.2457001545020283,0.967092517822221,0.009884370347013631,-0.03387289815513233,0.2519662437027868
1750195254100518912,4.83951391036325,-1.1774691769707961,0.2464303107096728,0.9671115734501295,0.010149458202158788,-0.034546702250559905,0.25179102120732655
1750195254162433536,4.847413681418072,-1.1761848815903613,0.24734722333869819,0.9674630073963414,0.009297659795650927,-0.03514928735978534,0.2503865220814616
1750195254330347776,4.8553116896214235,-1.1750737640527293,0.2492395951214359,0.9682111153372542,0.008644993309916723,-0.03546187611969713,0.2474569772104492
1750195254390477568,4.863302587829418,-1.1740426381760716,0.2514188381951876,0.9691903678257751,0.00811359580022122,-0.03581881503785187,0.24355946494893949
1750195254548345600,4.871545139567194,-1.1738909471941406,0.2515180508469119,0.9701561210738312,0.006338988366410596,-0.036549609106438084,0.23962688506015978
1750195254611298304,4.8798045383328565,-1.1742100537022662,0.2508847790223827,0.9710706152485992,0.0030612192076085796,-0.03774055058386515,0.23577137226410033
1750195254771326464,4.887602092738904,-1.173356730455128,0.25052899132249484,0.9720707086429169,0.0022281484534196812,-0.03838019018893641,0.23151789078597734
1750195254834197504,4.8953975178903555,-1.1721356444988946,0.2507221463614844,0.9732077155808783,0.001700874250632768,-0.03904636384578847,0.22658162068238058
1750195254993554176,4.903621902134212,-1.1714015035374779,0.25096918199435114,0.9745356237386336,0.0005396548023734981,-0.039707472266639544,0.22068834016150643
1750195255056987904,4.9122577580933,-1.1713936076843132,0.2504289615660915,0.9759261177776658,-0.0019413672821308966,-0.040580806529328536,0.21428402150864714
1750195255214729728,4.92115638715623,-1.1714563290777331,0.24980549877542702,0.9774883951937876,-0.003988663338993624,-0.0411019237730758,0.20690857809282331
1750195255274966272,4.929662746887836,-1.1711365740312174,0.25020961460218505,0.9790012461052369,-0.004847647408299346,-0.0411564181217185,0.19959761944068471
1750195255431966464,4.937923673704331,-1.1702677161535462,0.25102241681852755,0.9803882411979471,-0.0038896693634143677,-0.04078012533270844,0.1927712332556077
1750195255496742912,4.946883356958603,-1.1694885481315693,0.25209622010185573,0.9817544344455962,-0.003032913154521681,-0.04024471176547772,0.18582086820138952
1750195255657956864,4.9556080681735475,-1.16904679871891,0.25275566944492134,0.9828225626347552,-0.002814906870439885,-0.03963540983749446,0.1802246402753442
1750195255722406400,4.964838429453672,-1.1685526695462172,0.25319179040096707,0.9835388382939549,-0.0030716141459319383,-0.03937959762239057,0.17632687272510256
1750195255885734144,4.974444350799026,-1.1675856193656662,0.2536467162857998,0.9838932396519281,-0.003397449121785205,-0.039379695774799814,0.17433241198177354
1750195255950001408,4.984260840951581,-1.1667534691279937,0.25423854507738763,0.9841225958421425,-0.0043637257796718815,-0.039561953683777504,0.17296972587989412
1750195256113131520,4.994135184203554,-1.1658855875379324,0.2547948814600143,0.9842584095262292,-0.0053934743040114095,-0.039769829697835934,0.17211814069886572
1750195256177982976,5.004010178305378,-1.1647876853876475,0.25484076028133407,0.9843071269524811,-0.005716950763058604,-0.03981818539742725,0.17181766037337687
1750195256341021952,5.013684186703572,-1.1629850657137215,0.2548121286843066,0.9843881342249651,-0.0039048600523971383,-0.039200202502035444,0.1715461960780915
1750195256401234176,5.022996813802871,-1.1617022968243504,0.25454888986137325,0.9844986613336847,-0.002765192839603538,-0.03840522622266485,0.17111334880578014
1750195256559376896,5.033068757469138,-1.160741870659776,0.25431019810114996,0.9846038246121198,-0.0022100505505153033,-0.03746284313195335,0.17072480669258558
1750195256619228928,5.043289172526116,-1.1600390302458488,0.25466874352610613,0.9846639449301031,-0.0026142276495591922,-0.036659899190259936,0.17054657182084726
1750195256780378880,5.053509049187337,-1.1594236530550224,0.2557008102091003,0.9847840366686363,-0.0031719888185177255,-0.0360868224453992,0.16996494007693216
1750195256838118144,5.06380801897777,-1.1597354039107204,0.255991196205005,0.984966299153003,-0.00525788744850502,-0.03586318051295181,0.16890108476830754
1750195256998082048,5.074220830554102,-1.1610570358512375,0.2561843881914827,0.9851722207742852,-0.009206175323979252,-0.03593003795021196,0.16751111641757732
1750195257057064448,5.084708290634884,-1.16290000754669,0.25601801572111427,0.9853871758129427,-0.01383954882281299,-0.036212843093517175,0.1658590082776877
1750195257214629888,5.095068883604935,-1.1645840619728682,0.2557988558638038,0.9856577701371454,-0.017632741381183377,-0.03640575306091371,0.16383671061066393
1750195257275112192,5.105710668489003,-1.1646432550282118,0.2565105481780763,0.9862611593997178,-0.016791195816240778,-0.03559769978704518,0.16043623335286933
1750195257439433472,5.115430430094477,-1.1644176381766376,0.2573686322998956,0.9868041404591034,-0.015655693269136836,-0.03476198776232702,0.15736610768473736
1750195257501885696,5.125493211236221,-1.1638907720178358,0.2588267509589963,0.9870652679635344,-0.015809050556804413,-0.03476727288401535,0.1557031388147862
1750195257667572480,5.135132509494351,-1.162933089821475,0.25963303209291055,0.9871982743180295,-0.015547938746494048,-0.03485220001308797,0.15486495064567446
1750195257732941312,5.144960424589707,-1.1615397250646602,0.2600405393840597,0.9872446671021055,-0.015223802940740801,-0.035072027730812215,0.15455146706946338
1750195257896508672,5.154714491486596,-1.1599674714902597,0.2603194221614089,0.9872361496422257,-0.015059806684793876,-0.035443840429866404,0.1545371192878642
1750195257961562624,5.164317804526005,-1.1584712649699074,0.2610873349880243,0.9871493611230286,-0.015701527710929544,-0.036143152744688704,0.15486533947792683
1750195258127167744,5.173724557328644,-1.156925568807003,0.26188297762034596,0.9871040621054555,-0.01599057317665317,-0.036779603265009224,0.15497462027073872
1750195258189622016,5.183101685095025,-1.1554343328190022,0.26301147039256767,0.9870463239979027,-0.016690280286217562,-0.03763155317588399,0.15506403526209905
1750195258354044672,5.192482326292935,-1.1542192073995161,0.264131457296668,0.986977469151139,-0.01858273598982483,-0.03881160117067583,0.15499618358434955
1750195258419280384,5.2017785269594015,-1.153145206530099,0.2647729812976829,0.9869443076712329,-0.020733544947924697,-0.03996398369778285,0.15464130650071087
1750195258585280512,5.210962077562579,-1.1520592069365527,0.2652906955552523,0.9869341487380909,-0.022670389824321447,-0.04095985359723469,0.15417305170854664
1750195258649920256,5.220009627873151,-1.1509586005556458,0.26640911175538085,0.9869028854007962,-0.0244783271673321,-0.0417961025098777,0.15387199908253513
1750195258814001920,5.228977539858608,-1.1496558789907296,0.26761983091594965,0.9869240512299196,-0.02552663815393887,-0.04235932973164193,0.1534111959185743
1750195258879602176,5.23801161356209,-1.148313623380178,0.2684504993335821,0.9869841479251721,-0.02637231373232193,-0.04278727117960202,0.1527613898792142
1750195259042281216,5.247092793618133,-1.1467155090770418,0.2693697106365698,0.9870719536180335,-0.026652259344966688,-0.04307428219860347,0.15206321601742653
1750195259106752256,5.256264526063463,-1.145086572349579,0.27066765867180154,0.9871421946457358,-0.027061039249154484,-0.04340677328072457,0.15143922787082395
1750195259269646848,5.265489359045555,-1.1437202044511814,0.2720804139901696,0.9871593589550043,-0.028271406836529053,-0.04377354832602113,0.15100001341052266
1750195259333675776,5.274778592421409,-1.1424903028858773,0.272891779974457,0.9871118773999447,-0.029906427661777153,-0.04411530177072124,0.1508959483556323
1750195259500642048,5.284043028374316,-1.1409650458229605,0.2734187049459611,0.987037386746808,-0.03116783612400633,-0.044282139373554054,0.1510789703694079
1750195259565133568,5.293319072392349,-1.1388515133299304,0.27400714338247445,0.9869909733607554,-0.031167804501558104,-0.044150223103827005,0.15142042222508637
1750195259726206464,5.302780549705659,-1.1366747287565646,0.27421565698842576,0.9869742642139179,-0.030570049628725608,-0.043841115922341876,0.15174066824611201
1750195259789882112,5.3123364593980895,-1.1347286075774052,0.27466739103185356,0.9869377980160777,-0.030454180601932078,-0.043551516287401955,0.15208415814971912
1750195259953915392,5.321878167983008,-1.1328094156504007,0.27599820576491485,0.9868788825272437,-0.0304060037537324,-0.04322100577346138,0.15256962612996583
1750195260019685632,5.331476358308714,-1.131051990234707,0.2772230313178725,0.9868366552693556,-0.030438521679950398,-0.042869552256992766,0.15293499829671078
1750195260183501824,5.341091304808259,-1.1294011300176483,0.2785600184449679,0.9868188386837992,-0.030701706063336737,-0.04241832555905594,0.1531230567887285
1750195260246953984,5.350855124651015,-1.1280284136837317,0.2797699001549172,0.9867621696498257,-0.03192286994075621,-0.04201637449010224,0.1533491936640746
1750195260409616128,5.360945613212337,-1.126617711165641,0.28030475843180547,0.9866592930275987,-0.03333868199365526,-0.041629654440676206,0.15381464051368748
1750195260471448064,5.369987088413534,-1.1247211201629606,0.28055857432167075,0.9865953872879292,-0.03359406656098316,-0.04107618106774614,0.15431697192132526
1750195260631625728,5.379829985783317,-1.1221757678016764,0.28074092116459815,0.9865457688365961,-0.03317613937916531,-0.04043524128274713,0.15489280496172225
1750195260693432064,5.389749981861125,-1.1196970539274336,0.28054804556812574,0.9864722810524801,-0.03290900294899949,-0.03994559116677485,0.15554351798244934
1750195260855208192,5.399732939402743,-1.11734416206445,0.28005957908077583,0.9864000672292261,-0.032542961650423495,-0.039613022444101316,0.15616232410552788
1750195260916753152,5.409660545983603,-1.114919040378,0.2805132871718454,0.986321965462867,-0.031872704533078264,-0.03945930416038366,0.1568313567702327
1750195261078504448,5.419606670690136,-1.1126413119459566,0.2812049222285786,0.9861983671291086,-0.030944959551096926,-0.039575725304767585,0.1577623279394124
1750195261140845824,5.4294868987725335,-1.110703215568134,0.28203137257503874,0.9860709223740846,-0.03042443301552775,-0.03977385006196112,0.15860810438074807
1750195261300257280,5.439229348088382,-1.1087803367930662,0.2835372887279135,0.9859515289838917,-0.03040586767024906,-0.04008114858646588,0.15927513061848397
1750195261363974144,5.449456214311361,-1.1064353528416673,0.28487415370744484,0.9858417424676901,-0.02972488911030982,-0.04045738380616087,0.15998653028055126
1750195261527600640,5.4590051852136705,-1.1040786884400102,0.28556280436257975,0.9857588501347757,-0.028862103453353338,-0.040937162498665185,0.16053229298733357
1750195261593681408,5.468596874386282,-1.1017831407143803,0.28571560132054463,0.9856828186370858,-0.02818619643118821,-0.041569573358641296,0.16095617398898568
1750195261762380800,5.478293260878644,-1.0998372235107472,0.2856571835697612,0.9855489799588624,-0.028208010286416105,-0.04244941056638613,0.16154121393716842
1750195261829937152,5.488031125913179,-1.0981040272246472,0.28585699024957956,0.9853612780946582,-0.0286121011398529,-0.043502647258857885,0.16233304956630282
1750195262001768960,5.49757498225911,-1.0959816742464983,0.2866869613171912,0.9852446239988322,-0.027805874182505623,-0.044296906343405835,0.1629651752085397
1750195262069868288,5.507074540995116,-1.0941214335494074,0.28720622300893117,0.9851881460090626,-0.027069511905091544,-0.0449510258745016,0.1632512289732481
1750195262236151040,5.516538654625358,-1.0924345501750237,0.2873030688621201,0.9851761000576736,-0.02626797353975276,-0.04553375336850781,0.16329336405819792
1750195262299887872,5.525992670826699,-1.0910263762232102,0.2871170770977507,0.9851555479778286,-0.025950929367503574,-0.04629364413330374,0.16325438452404986
1750195262465506816,5.535407701334286,-1.089798799081548,0.2871868509527733,0.9850808276333524,-0.026524172771031067,-0.04743571899741785,0.16328528363327857
1750195262531275520,5.54477726359639,-1.0888654891619578,0.28812104526395954,0.9849061037318679,-0.028878061889974015,-0.049272758772585835,0.1633958984066866
1750195262694409728,5.553997052598949,-1.0877998649189293,0.28882724823189276,0.9846832130807684,-0.03148273911078387,-0.0514455615249983,0.1635883896075576
1750195262761864704,5.563031591260734,-1.0864984582567012,0.28927630902038093,0.9844383267142517,-0.03416765739252847,-0.05379225532269393,0.16376857253957164
1750195262927677184,5.571888984424327,-1.0847759746512655,0.2896212729452756,0.9842009096625065,-0.03639792001538689,-0.05615299079216715,0.16392255019716737
1750195262995160832,5.580578936727815,-1.082364824028578,0.29040489840435324,0.9840302096747487,-0.03763332006213542,-0.05839728311078196,0.16388421825743196
1750195263159574784,5.589336874027298,-1.0796583863602338,0.2912803941949962,0.9839433894363881,-0.03797355229429363,-0.060424992964567735,0.1635916744086222
1750195263226974464,5.598102213198166,-1.0774046740045495,0.2924410352214215,0.9839090151276325,-0.03920961418677438,-0.06229690512482743,0.16280280009190423
1750195263392178944,5.606816771225855,-1.0754773421016086,0.2935158295651781,0.9839052072554094,-0.04085034891486963,-0.06405950838641583,0.16173488032738648
1750195263459356416,5.615344384327551,-1.0733149646235072,0.29464367877156805,0.9839745148147517,-0.041066993107931916,-0.06545333768840203,0.16069697214818748
1750195263625436672,5.623828143260449,-1.0712763756255383,0.29625792839443577,0.9840459774339574,-0.04102340189897976,-0.06652590132972973,0.15982771738640777
1750195263691397376,5.632254025826956,-1.0694105774588882,0.29798359223304427,0.9841304872246203,-0.04104587940056601,-0.06728699830725753,0.15898075279122567
1750195263870414080,5.640710510686834,-1.0675332114059404,0.29941833185915545,0.9842741863694127,-0.04034533562603744,-0.06762187944856957,0.15812609322909432
1750195263937534464,5.649303124243193,-1.0658981884496423,0.30054108468399665,0.9844397814954635,-0.03965923010875861,-0.0677723771330888,0.15720167611725705
1750195264102239488,5.6579702212924845,-1.0648573795734828,0.30157071957744463,0.9845899228041672,-0.04016718870522283,-0.06793232390467371,0.15605922027523145
1750195264167604736,5.666528650234297,-1.064379920036389,0.3029634565259789,0.9847269317978333,-0.04214506966695034,-0.06798196910005765,0.15464512527742877
1750195264328332800,5.67480815954646,-1.0637586294991523,0.3044975923575377,0.9849675726891919,-0.04332991429873122,-0.06747805863090754,0.15299709435485945
1750195264395158528,5.682930918750799,-1.0636378524089993,0.3065503752822072,0.985211873521052,-0.045714119923147965,-0.06664427227450087,0.15108383264198913
1750195264557460992,5.690830745598976,-1.0638239519187862,0.30902468817462836,0.98549667975215,-0.048925365505745194,-0.06537623904341051,0.14875668111434948
1750195264622729984,5.698763147757286,-1.0636603942710225,0.31039305693319585,0.9858910884627592,-0.050811049101763414,-0.06371792469518935,0.14620884053788344
1750195264785337088,5.706864569579558,-1.063185657851605,0.31173699148173606,0.9863445328551436,-0.0522758715932176,-0.06169355336364006,0.14347683168130532
1750195264849808384,5.715301242005938,-1.0627949319356969,0.3129038314933714,0.9867323374872148,-0.05427752554495218,-0.05938986516312946,0.14101804244010485
1750195265011322880,5.723857855936746,-1.0625837389416075,0.313710633804583,0.9870841200429568,-0.056909194726221954,-0.05675040464939819,0.1385845412979532
1750195265075505152,5.732426563352169,-1.0622809180466093,0.3138359422191095,0.9874911032655583,-0.05895062740946815,-0.05364865751661506,0.13604398570339393
1750195265243992832,5.740940579690613,-1.061655850686356,0.31321767413291024,0.9880921059012696,-0.05893866058502132,-0.05007988883509333,0.13301213958997343
1750195265309785088,5.749157590739345,-1.0612639390227687,0.31272531065788733,0.9888879443457752,-0.05795913917412898,-0.045948846428156866,0.12895764896159714
1750195265471636736,5.756820366124333,-1.0609591188790413,0.3128874928373655,0.9898502338011891,-0.05539691973361181,-0.04180972844674831,0.12401468677123816
1750195265533714432,5.765206627737694,-1.0607600993524562,0.3135378786911809,0.9910016565513972,-0.050886931760078684,-0.03717754407939581,0.11808499949043652
1750195265698767616,5.7739220296528995,-1.0617469454154422,0.31423678488531737,0.9920833161615099,-0.047591650919141824,-0.03268094496275902,0.11152436681332548
1750195265760367104,5.7827288945114645,-1.063511659749587,0.31496457761959595,0.9930835911055315,-0.045904831728022046,-0.02843738500240734,0.10425470078221048
1750195265928479488,5.792470552363876,-1.0651303901690654,0.3168770201934903,0.9939716580096428,-0.04504262164225692,-0.02491605887799471,0.09680235182650392
1750195265991502336,5.801881807783181,-1.0662464102594935,0.3193723962493076,0.9946227492843667,-0.04475867467358067,-0.02263533199793727,0.0906084399645839
1750195266154261248,5.811060947514633,-1.0669527807755634,0.3220627271546226,0.9951534073512457,-0.0442478877727594,-0.021360906417454643,0.08517941031657604
1750195266210301184,5.821087145987464,-1.0674235751895882,0.3244623276809886,0.9956496124090223,-0.04346997962391016,-0.02071277999683391,0.07976961154514577
1750195266375479040,5.831439759109718,-1.0679377111483639,0.32627155837847344,0.9960691641860862,-0.0430043463186037,-0.020819054659145617,0.07458829210030578
1750195266431188736,5.841933012192269,-1.0689062116842525,0.3276713582416808,0.9963474570393588,-0.0442098958387436,-0.021667663175642622,0.0697692076322886
1750195266596019712,5.852230214369801,-1.069308778241004,0.32811148186609795,0.9965655458295803,-0.04460598255678266,-0.02277511046674432,0.0659447763569065
1750195266654115840,5.86255923773061,-1.0687513154517836,0.32743619457190887,0.9966787815433661,-0.04367853076196817,-0.024573684245380298,0.06418509495447737
1750195266825316608,5.872960980211076,-1.0677938236455433,0.32693971838035374,0.9966127484628254,-0.043671650771123685,-0.027260152061462244,0.0641303409462629
1750195266891437824,5.882779538803416,-1.0667689570156953,0.3261356955701804,0.9964693061215778,-0.04420262532841513,-0.03046592290933612,0.06455135484975734
1750195267067562240,5.892273757714365,-1.065692590774728,0.3254601992159656,0.9962992146992496,-0.044554697692169624,-0.03406324747478682,0.06513408381707021
1750195267134989312,5.901731727634434,-1.0647635349813092,0.32467655975937415,0.9961527574176007,-0.044049597692749624,-0.03791185142312459,0.06558969701171764
1750195267303613184,5.9110083567991865,-1.0639364531607303,0.3239995482870701,0.9960282283648647,-0.042882180226279876,-0.04152673106207479,0.0660637383644601
1750195267366773248,5.919956942565723,-1.062967047948883,0.32443484736418515,0.9960013115426007,-0.03976370222826501,-0.04440678117801227,0.06654527162713288
1750195267531765760,5.928922378363632,-1.0625558795575012,0.3253131037064336,0.9959696993586955,-0.03675873983889782,-0.046999605234570696,0.06696409569762096
1750195267594823424,5.937955146019578,-1.0627366647721925,0.326477333081713,0.99588624319342,-0.0350705172054323,-0.04954565524604263,0.06727464223078265
1750195267755776512,5.946994750858462,-1.0628774735356985,0.3273468267999311,0.99581817540947,-0.03289217151236073,-0.05198047476314578,0.06754477641352892
1750195267820822784,5.956060995532421,-1.0632229545206329,0.3287836538172568,0.9957431483597344,-0.031533501303367566,-0.05430061595668723,0.06747343104451473
1750195267983635456,5.965140195346543,-1.0640309494239162,0.33086811158216234,0.9957060135562867,-0.0312865405514359,-0.05638372023658597,0.06641959831596134
1750195268048181760,5.9741667750916,-1.0645120345244972,0.3334067971154213,0.9958493521956275,-0.02911458037630337,-0.05767980477107694,0.06410498469410367
1750195268210367232,5.983170227292263,-1.0655662724374073,0.3361734755713459,0.9960720357807107,-0.02762855993226991,-0.058524329749741366,0.06043231783642935
1750195268275533056,5.992155226803897,-1.0672028070801356,0.3384963019702347,0.9963219947345198,-0.026720302781023688,-0.059190419090571815,0.05590172193591781
1750195268433724672,6.001031300665702,-1.06945580867256,0.3409645497148426,0.9965661388986471,-0.02728644758866781,-0.059698258331927975,0.05047275037847265
1750195268495305216,6.009870493539291,-1.0721511133182302,0.34243827989785025,0.9968213211037903,-0.02853326801495555,-0.059914356501310904,0.04408374183658411
1750195268661071104,6.018775399416974,-1.0746159540468163,0.3426278708619708,0.9970961673595696,-0.028578869435594213,-0.05979169096243078,0.03751579601305648
1750195268725648128,6.027876638845739,-1.0768799641098803,0.34321735827493605,0.9972106356880721,-0.030094870707354678,-0.06012731614213682,0.03240297333953152
1750195268890481408,6.037403804121143,-1.0783590041778037,0.34366753960197105,0.9972401680930871,-0.03176269003981474,-0.06055748192434557,0.02891314659611544
1750195268950312704,6.04697456568352,-1.0793074109094651,0.34411933487203994,0.9972032236536231,-0.0339083707788184,-0.06101232778742909,0.026710465812255595
1750195269105794304,6.056912092218043,-1.0795541221657876,0.34475095105823605,0.9971612474491134,-0.035644675287395323,-0.06135900017652404,0.025178896058434548
1750195269165466880,6.067020583248782,-1.079508444879568,0.3452546476426721,0.997130652492255,-0.036882156130503836,-0.06158979776680683,0.02401801887289585
1750195269320852736,6.0771665982147365,-1.0795385879216348,0.34511284702302936,0.9970960979720666,-0.03811501734830902,-0.06171675798013736,0.023187467430457333
1750195269379575552,6.087338324344231,-1.079870154930076,0.34455204680413676,0.9970357058757454,-0.04002104957358399,-0.06173973041290794,0.02250161079621126
1750195269534446592,6.097541723992062,-1.0807256702437282,0.3435859013068683,0.9969268776411885,-0.04324104583827899,-0.06158205004087666,0.02178677819608515
1750195269595021568,6.108210077418752,-1.0811314795249007,0.3431691686991538,0.9969012831431974,-0.04524130666105973,-0.06085337708693777,0.020926593993329117
1750195269751754496,6.117609648586412,-1.0809398669520318,0.3441283692150008,0.9970094531835508,-0.04447401750392783,-0.05982656786072437,0.020371396802955972
1750195269809958400,6.127789948370845,-1.081615145830444,0.3458161801475441,0.99703356533664,-0.045436552287701285,-0.05886329901184663,0.01986709182936847
1750195269964866048,6.138102004032821,-1.0824495172097413,0.34724460904767174,0.9970472039910071,-0.04622962018712964,-0.05809696215119245,0.019607096161123095
1750195270024253440,6.1484142069394085,-1.0831529876367476,0.3481761470039322,0.9970831537658514,-0.04633371875992776,-0.05741094155310328,0.019553894041997345
1750195270180414208,6.1586733566447185,-1.0836326901173523,0.34969925472739494,0.9971057064107925,-0.04637305335906312,-0.05693681753108578,0.019696420350506037
1750195270238439680,6.168995794884849,-1.0843000464118773,0.35158405083873134,0.997051488931365,-0.04751503264445646,-0.05680582807606272,0.020093481259789023
1750195270394162688,6.179337458831816,-1.08473159987647,0.3531027112389449,0.9970035515169914,-0.04811182545318147,-0.056856019842367135,0.02089410255916603
1750195270450285056,6.1895517974694805,-1.0850027377098947,0.3541703896514363,0.9969748943530075,-0.0480862661127376,-0.05704170673041511,0.021794832745998145
1750195270606502400,6.19957501518651,-1.0849805954712282,0.3550742256741044,0.9970072181396729,-0.04700986848303273,-0.057169648495066915,0.022322870190661644
1750195270663923200,6.209670974459666,-1.0850801109480783,0.35579234613970456,0.9970866695827457,-0.04527496713207321,-0.05717527383693069,0.022345888956361012
1750195270818351104,6.219862999322976,-1.0855659525975399,0.3559832777674372,0.9971538317672306,-0.043907953210382725,-0.05707920668235203,0.022322446132035025
1750195270874634752,6.230073505450659,-1.0862489310260597,0.35628310374729555,0.9972067001230959,-0.042831538442051835,-0.05690914530359265,0.022485678222098557
1750195271030975488,6.240290219090105,-1.0871599556794864,0.35704165649873865,0.9972309731273448,-0.04236911409355298,-0.05665963782777702,0.02291134757366635
1750195271087187456,6.2503647789917585,-1.0882179785343498,0.35781643645493455,0.9972852030523242,-0.04187442371223701,-0.055978712795128116,0.023133095889943917
1750195271244983808,6.2603626151852465,-1.0897419896157174,0.35840331361595723,0.9973382354688363,-0.042341299483528466,-0.054786705290874774,0.022848968320799058
1750195271302628608,6.270359173450206,-1.0913512763624507,0.3583839962732722,0.9974198132670585,-0.0429452246137023,-0.053140966205041336,0.022033190780718276
1750195271461571328,6.280398113756355,-1.0929683839655788,0.3582148509242997,0.997526745476453,-0.043582260788673916,-0.05102944668980841,0.020903927244311518
1750195271524485120,6.290677475441927,-1.0947419693040734,0.35861929164053086,0.9976347400375472,-0.04516950937200705,-0.04802193294377642,0.019455972081884217
1750195271690854656,6.299698990873496,-1.0964015277107495,0.3580011961295648,0.997826545873483,-0.04642270939125233,-0.04341272715986973,0.017391133474039318
1750195271757000960,6.3073954979874935,-1.0980697863022573,0.3566718610665265,0.9980698235415932,-0.04697090918409513,-0.03767668217493516,0.015193045986945876
1750195271933310208,6.314314133079059,-1.1000902730888007,0.3571402937214576,0.9981974748408293,-0.048838345406935844,-0.032139149110002777,0.013553314494604493
1750195272006351616,6.320817178951786,-1.1019270682190272,0.3594790607880127,0.9982539220887303,-0.05073659333752627,-0.027307584133882287,0.013007727693189664
1750195272187415808,6.326571921015438,-1.1032162435930744,0.36226304864498227,0.9983721738660812,-0.05041945964597223,-0.023067301436991053,0.013370869206540369
1750195272259604736,6.3322049839465295,-1.1047321974830426,0.3651063016282525,0.998485255122763,-0.049552019289308254,-0.019177498279269144,0.01428342558812764
1750195272441575936,6.337814135009312,-1.1066899291127976,0.36761167872512734,0.998567417184347,-0.04866218059730042,-0.015815565786170594,0.015651625990959116
1750195272512916480,6.343337373734263,-1.1092738160216062,0.3698288437080852,0.9985871165066811,-0.04845147095531284,-0.013029272886243407,0.017506106283070613
1750195272695481856,6.348647485687675,-1.1122606523363192,0.371629375615516,0.9985735371735186,-0.04837503791491583,-0.010770599020284351,0.019868083960015805
1750195272765568256,6.353470736923484,-1.1153159000248705,0.3727760157089577,0.998561301342033,-0.04767408137850215,-0.008930581305954668,0.02286381736191635
1750195272950211328,6.357702672264078,-1.1184977664675366,0.3738194203919565,0.998516047659981,-0.04694387359214509,-0.007606973613214776,0.02653505700206727
1750195273020325120,6.3614127638377616,-1.121686450659471,0.37402069463541165,0.9984569578804009,-0.04575692616250714,-0.006632800967522877,0.030757323025569265
1750195273203192576,6.364452999594197,-1.125050569037842,0.37397457684561886,0.998350204524888,-0.04491574670496104,-0.006126277877273092,0.03524079372574437
1750195273272268800,6.366891388849225,-1.1285371803393454,0.37427534834028275,0.9981739794024984,-0.04493570473135371,-0.00624577694632398,0.03988081687245193
1750195273454973184,6.368996659215928,-1.1319501120353523,0.3743083514646566,0.997954600165573,-0.045027305249522497,-0.006898202005643181,0.044850558518559784
1750195273525196288,6.37078196042435,-1.1353667307025996,0.37398644382802715,0.99768752541214,-0.0453521537875242,-0.008093673296430893,0.04997275494110582
1750195273711152384,6.3722317696665876,-1.1386189228551515,0.3733930856912009,0.9973968409848155,-0.045481596802006204,-0.009843209123874692,0.05508245800610033
1750195273783591936,6.373458198117631,-1.14177784038143,0.37248832339615756,0.9970846885189965,-0.045501923528034276,-0.012165055645557862,0.0600309111822014
