1750194798.766912222 0.000000 -0.000000 -0.000000 0.000000 -0.000000 -0.000000 1.000000
1750194798.890418768 0.000012 -0.000057 -0.000003 -0.000002 0.000000 -0.000011 1.000000
1750194799.117621660 0.000022 -0.000097 -0.000006 -0.000006 0.000002 -0.000022 1.000000
1750194799.240799427 0.000026 -0.000144 -0.000014 -0.000013 0.000006 -0.000027 1.000000
1750194799.468805313 0.000038 -0.000185 -0.000017 -0.000014 0.000009 -0.000047 1.000000
1750194799.591988087 0.000046 -0.000223 -0.000023 -0.000012 0.000016 -0.000060 1.000000
1750194799.818702698 0.000057 -0.000268 -0.000029 -0.000014 0.000022 -0.000082 1.000000
1750194799.940247774 0.000072 -0.000326 -0.000030 -0.000020 0.000020 -0.000095 1.000000
1750194800.166381359 0.000080 -0.000379 -0.000032 -0.000020 0.000019 -0.000105 1.000000
1750194800.286584139 0.000087 -0.000428 -0.000037 -0.000025 0.000024 -0.000108 1.000000
1750194800.517474413 0.000099 -0.000471 -0.000037 -0.000031 0.000021 -0.000125 1.000000
1750194800.640202284 0.000109 -0.000525 -0.000039 -0.000028 0.000020 -0.000133 1.000000
1750194800.872670174 0.000118 -0.000572 -0.000040 -0.000032 0.000017 -0.000145 1.000000
1750194800.994443893 0.000126 -0.000617 -0.000046 -0.000031 0.000020 -0.000159 1.000000
1750194801.221919060 0.000133 -0.000670 -0.000052 -0.000043 0.000025 -0.000160 1.000000
1750194801.343076706 0.000144 -0.000724 -0.000054 -0.000043 0.000024 -0.000172 1.000000
1750194801.570875406 0.000150 -0.000779 -0.000060 -0.000045 0.000029 -0.000177 1.000000
1750194801.690702677 0.000161 -0.000825 -0.000062 -0.000050 0.000025 -0.000184 1.000000
1750194801.917871475 0.000169 -0.000863 -0.000065 -0.000051 0.000025 -0.000190 1.000000
1750194802.039821625 0.000177 -0.000907 -0.000066 -0.000057 0.000024 -0.000192 1.000000
1750194802.270497084 0.000183 -0.000940 -0.000070 -0.000062 0.000027 -0.000196 1.000000
1750194802.396704197 0.000196 -0.000992 -0.000075 -0.000068 0.000031 -0.000213 1.000000
1750194802.628622055 0.000212 -0.001030 -0.000093 -0.000077 0.000064 -0.000219 1.000000
1750194802.754268408 0.000221 -0.001066 -0.000102 -0.000084 0.000078 -0.000221 1.000000
1750194802.988239050 0.000230 -0.001109 -0.000106 -0.000085 0.000080 -0.000225 1.000000
1750194803.113946199 0.000240 -0.001165 -0.000109 -0.000091 0.000078 -0.000236 1.000000
1750194803.346374750 0.000250 -0.001214 -0.000113 -0.000095 0.000077 -0.000247 1.000000
1750194803.471530199 0.000259 -0.001269 -0.000116 -0.000095 0.000076 -0.000254 1.000000
1750194803.702735186 0.000268 -0.001311 -0.000117 -0.000092 0.000073 -0.000264 1.000000
1750194803.828166962 0.000281 -0.001361 -0.000121 -0.000094 0.000076 -0.000276 1.000000
1750194804.063665390 0.000291 -0.001406 -0.000123 -0.000101 0.000075 -0.000284 1.000000
1750194804.189973593 0.000305 -0.001446 -0.000122 -0.000099 0.000070 -0.000300 1.000000
1750194804.418647766 0.000314 -0.001497 -0.000126 -0.000105 0.000071 -0.000305 1.000000
1750194804.544793844 0.000325 -0.001553 -0.000127 -0.000104 0.000069 -0.000315 1.000000
1750194804.774429798 0.000332 -0.001599 -0.000130 -0.000110 0.000068 -0.000318 1.000000
1750194804.898276329 0.000340 -0.001648 -0.000133 -0.000115 0.000069 -0.000319 1.000000
1750194805.127878428 0.000349 -0.001693 -0.000135 -0.000118 0.000069 -0.000327 1.000000
1750194805.253262520 0.000357 -0.001740 -0.000140 -0.000125 0.000069 -0.000323 1.000000
1750194805.481344461 0.000364 -0.001783 -0.000142 -0.000124 0.000067 -0.000331 1.000000
1750194805.605772257 0.000375 -0.001825 -0.000143 -0.000127 0.000066 -0.000340 1.000000
1750194805.832500696 0.000381 -0.001875 -0.000151 -0.000135 0.000070 -0.000347 1.000000
1750194805.957757235 0.000391 -0.001934 -0.000157 -0.000137 0.000064 -0.000353 1.000000
1750194806.187534571 0.000399 -0.001993 -0.000161 -0.000135 0.000060 -0.000359 1.000000
1750194806.311902285 0.000407 -0.002048 -0.000166 -0.000139 0.000059 -0.000365 1.000000
1750194806.539580345 0.000413 -0.002107 -0.000171 -0.000138 0.000054 -0.000364 1.000000
1750194806.662142277 0.000421 -0.002164 -0.000175 -0.000147 0.000047 -0.000358 1.000000
1750194806.891367435 0.000430 -0.002213 -0.000181 -0.000154 0.000041 -0.000359 1.000000
1750194807.014194489 0.000438 -0.002266 -0.000193 -0.000167 0.000046 -0.000362 1.000000
1750194807.243644476 0.000449 -0.002323 -0.000199 -0.000175 0.000039 -0.000361 1.000000
1750194807.369250298 0.000457 -0.002364 -0.000203 -0.000181 0.000033 -0.000355 1.000000
1750194807.601322174 0.000467 -0.002412 -0.000211 -0.000191 0.000029 -0.000352 1.000000
1750194807.726009846 0.000473 -0.002458 -0.000219 -0.000208 0.000025 -0.000346 1.000000
1750194807.951603651 0.000483 -0.002510 -0.000226 -0.000218 0.000019 -0.000345 1.000000
1750194808.076475143 0.000490 -0.002562 -0.000233 -0.000227 0.000012 -0.000339 1.000000
1750194808.304156065 0.000499 -0.002621 -0.000243 -0.000239 0.000012 -0.000345 1.000000
1750194808.426401138 0.000507 -0.002672 -0.000250 -0.000242 0.000004 -0.000345 1.000000
1750194808.655401230 0.000514 -0.002723 -0.000262 -0.000248 0.000008 -0.000354 1.000000
1750194808.778999805 0.000520 -0.002769 -0.000269 -0.000255 0.000009 -0.000357 1.000000
1750194809.005739450 0.000526 -0.002828 -0.000282 -0.000260 0.000011 -0.000366 1.000000
1750194809.128335714 0.000536 -0.002875 -0.000288 -0.000268 0.000006 -0.000368 1.000000
1750194809.358834028 0.000539 -0.002915 -0.000298 -0.000278 0.000010 -0.000372 1.000000
1750194809.480673790 0.000548 -0.002967 -0.000302 -0.000284 0.000000 -0.000369 1.000000
1750194809.707045794 0.000555 -0.003016 -0.000308 -0.000290 0.000000 -0.000370 1.000000
1750194809.831067801 0.000562 -0.003062 -0.000317 -0.000297 0.000006 -0.000372 1.000000
1750194810.055930376 0.000569 -0.003111 -0.000329 -0.000306 0.000005 -0.000377 1.000000
1750194810.177337408 0.000576 -0.003181 -0.000347 -0.000314 0.000016 -0.000395 1.000000
1750194810.406886339 0.000584 -0.003234 -0.000354 -0.000321 0.000012 -0.000401 1.000000
1750194810.532125950 0.000589 -0.003283 -0.000364 -0.000328 0.000015 -0.000408 1.000000
1750194810.758484840 0.000598 -0.003337 -0.000369 -0.000337 0.000008 -0.000405 1.000000
1750194810.883134127 0.000606 -0.003381 -0.000376 -0.000341 0.000005 -0.000407 1.000000
1750194811.111499310 0.000614 -0.003430 -0.000383 -0.000346 0.000000 -0.000401 1.000000
1750194811.236302137 0.000623 -0.003479 -0.000386 -0.000354 -0.000006 -0.000396 1.000000
1750194811.462651730 0.000631 -0.003527 -0.000392 -0.000359 -0.000009 -0.000392 1.000000
1750194811.587026596 0.000640 -0.003573 -0.000400 -0.000365 -0.000009 -0.000398 1.000000
1750194811.816241503 0.000648 -0.003633 -0.000407 -0.000370 -0.000011 -0.000394 1.000000
1750194811.939452171 0.000652 -0.003690 -0.000416 -0.000379 -0.000009 -0.000404 1.000000
1750194812.165776014 0.000652 -0.003750 -0.000429 -0.000382 -0.000003 -0.000424 1.000000
1750194812.289733648 0.000656 -0.003793 -0.000437 -0.000389 0.000002 -0.000430 1.000000
1750194812.518141747 0.000666 -0.003844 -0.000446 -0.000401 0.000007 -0.000431 1.000000
1750194812.641742706 0.000673 -0.003891 -0.000456 -0.000407 0.000009 -0.000436 1.000000
1750194812.869812250 0.000686 -0.003958 -0.000469 -0.000418 0.000019 -0.000446 1.000000
1750194812.992402315 0.000689 -0.004004 -0.000482 -0.000423 0.000027 -0.000451 1.000000
1750194813.220525265 0.000699 -0.004051 -0.000493 -0.000436 0.000034 -0.000457 1.000000
1750194813.344010592 0.000703 -0.004092 -0.000501 -0.000444 0.000038 -0.000460 1.000000
1750194813.572112083 0.000714 -0.004142 -0.000508 -0.000451 0.000041 -0.000454 1.000000
1750194813.696752310 0.000720 -0.004192 -0.000518 -0.000455 0.000045 -0.000463 1.000000
1750194813.924554825 0.000729 -0.004241 -0.000526 -0.000462 0.000049 -0.000467 1.000000
1750194814.047890902 0.000735 -0.004292 -0.000536 -0.000467 0.000053 -0.000475 1.000000
1750194814.276243687 0.000747 -0.004340 -0.000545 -0.000470 0.000058 -0.000473 1.000000
1750194814.400031805 0.000751 -0.004388 -0.000554 -0.000475 0.000064 -0.000482 1.000000
1750194814.626690388 0.000760 -0.004447 -0.000563 -0.000480 0.000067 -0.000491 1.000000
1750194814.751469612 0.000767 -0.004506 -0.000574 -0.000489 0.000074 -0.000496 1.000000
1750194814.977596045 0.000778 -0.004553 -0.000582 -0.000498 0.000077 -0.000496 1.000000
1750194815.101044655 0.000784 -0.004603 -0.000590 -0.000510 0.000078 -0.000501 1.000000
1750194815.333250046 0.000791 -0.004646 -0.000600 -0.000512 0.000084 -0.000511 1.000000
1750194815.455624342 0.000800 -0.004706 -0.000610 -0.000522 0.000088 -0.000518 1.000000
1750194815.680117607 0.000811 -0.004756 -0.000617 -0.000530 0.000090 -0.000526 1.000000
1750194815.804237366 0.000817 -0.004803 -0.000625 -0.000536 0.000093 -0.000535 1.000000
1750194816.031112909 0.000828 -0.004860 -0.000637 -0.000543 0.000099 -0.000544 1.000000
1750194816.155659437 0.000838 -0.004907 -0.000645 -0.000546 0.000103 -0.000550 1.000000
1750194816.388034105 0.000850 -0.004961 -0.000651 -0.000555 0.000105 -0.000549 1.000000
1750194816.512317657 0.000859 -0.005011 -0.000664 -0.000561 0.000113 -0.000557 1.000000
1750194816.744429827 0.000869 -0.005064 -0.000671 -0.000568 0.000117 -0.000557 1.000000
1750194816.870131731 0.000877 -0.005110 -0.000678 -0.000577 0.000117 -0.000561 1.000000
1750194817.100174904 0.000886 -0.005155 -0.000686 -0.000586 0.000120 -0.000562 1.000000
1750194817.224833727 0.000893 -0.005204 -0.000693 -0.000590 0.000124 -0.000569 1.000000
1750194817.455835342 0.000899 -0.005253 -0.000702 -0.000597 0.000127 -0.000579 1.000000
1750194817.579862118 0.000903 -0.005300 -0.000709 -0.000603 0.000129 -0.000583 1.000000
1750194817.807401180 0.000910 -0.005347 -0.000717 -0.000606 0.000132 -0.000590 1.000000
1750194817.929579258 0.000921 -0.005406 -0.000727 -0.000615 0.000136 -0.000599 1.000000
1750194818.159870863 0.000926 -0.005444 -0.000733 -0.000624 0.000137 -0.000602 1.000000
1750194818.284080267 0.000938 -0.005497 -0.000742 -0.000629 0.000139 -0.000597 1.000000
1750194818.513307095 0.000944 -0.005557 -0.000755 -0.000632 0.000146 -0.000610 1.000000
1750194818.637270689 0.000955 -0.005612 -0.000765 -0.000645 0.000148 -0.000617 1.000000
1750194818.870176554 0.000965 -0.005670 -0.000771 -0.000646 0.000149 -0.000616 1.000000
1750194818.991601706 0.000971 -0.005721 -0.000778 -0.000655 0.000151 -0.000620 1.000000
1750194819.222351551 0.000978 -0.005767 -0.000787 -0.000664 0.000155 -0.000623 1.000000
1750194819.356968403 0.000990 -0.005821 -0.000796 -0.000669 0.000156 -0.000623 1.000000
1750194819.598195314 0.001002 -0.005880 -0.000805 -0.000673 0.000156 -0.000623 1.000000
1750194819.720624924 0.001006 -0.005928 -0.000813 -0.000675 0.000157 -0.000633 1.000000
1750194819.949700832 0.001013 -0.005976 -0.000820 -0.000679 0.000159 -0.000635 1.000000
1750194820.071247101 0.001021 -0.006027 -0.000831 -0.000685 0.000164 -0.000642 1.000000
1750194820.299439430 0.001029 -0.006089 -0.000839 -0.000689 0.000167 -0.000647 1.000000
1750194820.422204018 0.001036 -0.006143 -0.000851 -0.000689 0.000172 -0.000656 1.000000
1750194820.648812294 0.001041 -0.006195 -0.000858 -0.000695 0.000175 -0.000668 1.000000
1750194820.767022133 0.001048 -0.006256 -0.000874 -0.000693 0.000185 -0.000682 1.000000
1750194820.993058920 0.001058 -0.006319 -0.000883 -0.000697 0.000186 -0.000697 0.999999
1750194821.111370325 0.001066 -0.006379 -0.000890 -0.000700 0.000185 -0.000698 0.999999
1750194821.339473963 0.001072 -0.006424 -0.000901 -0.000704 0.000191 -0.000705 0.999999
1750194821.458259106 0.001084 -0.006475 -0.000907 -0.000710 0.000193 -0.000703 0.999999
1750194821.683622599 0.001093 -0.006529 -0.000918 -0.000717 0.000195 -0.000699 0.999999
1750194821.804547787 0.001098 -0.006581 -0.000926 -0.000718 0.000198 -0.000702 0.999999
1750194822.028173923 0.001107 -0.006635 -0.000933 -0.000725 0.000196 -0.000704 0.999999
1750194822.148817301 0.001113 -0.006681 -0.000940 -0.000730 0.000199 -0.000711 0.999999
1750194822.373408318 0.001122 -0.006725 -0.000946 -0.000735 0.000199 -0.000717 0.999999
1750194822.494607210 0.001131 -0.006766 -0.000951 -0.000737 0.000201 -0.000718 0.999999
1750194822.720101357 0.001136 -0.006825 -0.000962 -0.000745 0.000204 -0.000728 0.999999
1750194822.841706991 0.001140 -0.006884 -0.000974 -0.000744 0.000209 -0.000746 0.999999
1750194823.069944859 0.001145 -0.006941 -0.000984 -0.000746 0.000211 -0.000759 0.999999
1750194823.190568209 0.001154 -0.006994 -0.000992 -0.000754 0.000213 -0.000759 0.999999
1750194823.421209335 0.001162 -0.007052 -0.001001 -0.000755 0.000215 -0.000771 0.999999
1750194823.540254354 0.001168 -0.007111 -0.001009 -0.000755 0.000219 -0.000782 0.999999
1750194823.768843174 0.001176 -0.007162 -0.001017 -0.000756 0.000222 -0.000793 0.999999
1750194823.888832331 0.001181 -0.007215 -0.001027 -0.000760 0.000226 -0.000801 0.999999
1750194824.117920876 0.001188 -0.007256 -0.001035 -0.000765 0.000228 -0.000808 0.999999
1750194824.239067793 0.001195 -0.007311 -0.001042 -0.000770 0.000230 -0.000810 0.999999
1750194824.465660095 0.001201 -0.007362 -0.001051 -0.000771 0.000232 -0.000814 0.999999
1750194824.585126877 0.001211 -0.007412 -0.001058 -0.000774 0.000234 -0.000816 0.999999
1750194824.811181307 0.001221 -0.007471 -0.001070 -0.000770 0.000239 -0.000831 0.999999
1750194824.931761265 0.001232 -0.007524 -0.001077 -0.000779 0.000240 -0.000831 0.999999
1750194825.156536579 0.001237 -0.007578 -0.001088 -0.000782 0.000243 -0.000835 0.999999
1750194825.277077198 0.001249 -0.007631 -0.001095 -0.000790 0.000244 -0.000841 0.999999
1750194825.502937317 0.001258 -0.007695 -0.001107 -0.000794 0.000248 -0.000852 0.999999
1750194825.624851227 0.001269 -0.007741 -0.001114 -0.000793 0.000249 -0.000858 0.999999
1750194825.849983692 0.001271 -0.007798 -0.001125 -0.000794 0.000258 -0.000873 0.999999
1750194825.972309351 0.001281 -0.007846 -0.001135 -0.000798 0.000262 -0.000880 0.999999
1750194826.199483871 0.001291 -0.007893 -0.001140 -0.000804 0.000264 -0.000879 0.999999
1750194826.320603371 0.001298 -0.007942 -0.001147 -0.000805 0.000263 -0.000883 0.999999
1750194826.544199944 0.001307 -0.007989 -0.001155 -0.000810 0.000265 -0.000893 0.999999
1750194826.665056467 0.001313 -0.008042 -0.001165 -0.000812 0.000267 -0.000902 0.999999
1750194826.894618988 0.001321 -0.008114 -0.001175 -0.000816 0.000268 -0.000918 0.999999
1750194827.016965389 0.001324 -0.008179 -0.001186 -0.000818 0.000270 -0.000935 0.999999
1750194827.246189594 0.001332 -0.008227 -0.001194 -0.000819 0.000273 -0.000944 0.999999
1750194827.369010448 0.001339 -0.008274 -0.001205 -0.000821 0.000279 -0.000953 0.999999
1750194827.608713150 0.001348 -0.008329 -0.001212 -0.000821 0.000279 -0.000957 0.999999
1750194827.735546350 0.001356 -0.008377 -0.001218 -0.000824 0.000279 -0.000961 0.999999
1750194827.974116802 0.001365 -0.008423 -0.001223 -0.000828 0.000280 -0.000966 0.999999
1750194828.096477985 0.001370 -0.008475 -0.001230 -0.000832 0.000280 -0.000980 0.999999
1750194828.326468945 0.001378 -0.008529 -0.001241 -0.000832 0.000285 -0.000994 0.999999
1750194828.448924303 0.001384 -0.008585 -0.001252 -0.000832 0.000291 -0.001006 0.999999
1750194828.674271345 0.001394 -0.008647 -0.001261 -0.000834 0.000293 -0.001015 0.999999
1750194828.793515921 0.001396 -0.008711 -0.001272 -0.000834 0.000297 -0.001034 0.999999
1750194829.020006657 0.001406 -0.008773 -0.001281 -0.000835 0.000296 -0.001046 0.999999
1750194829.139527321 0.001408 -0.008831 -0.001293 -0.000837 0.000303 -0.001060 0.999999
1750194829.366317987 0.001414 -0.008890 -0.001305 -0.000837 0.000310 -0.001075 0.999999
1750194829.485861063 0.001421 -0.008938 -0.001314 -0.000842 0.000314 -0.001079 0.999999
1750194829.711193562 0.001432 -0.008990 -0.001322 -0.000842 0.000316 -0.001085 0.999999
1750194829.831154346 0.001444 -0.009047 -0.001336 -0.000849 0.000318 -0.001099 0.999999
1750194830.070255756 0.001454 -0.009108 -0.001348 -0.000859 0.000321 -0.001108 0.999999
1750194830.200560331 0.001465 -0.009163 -0.001356 -0.000856 0.000322 -0.001113 0.999999
1750194830.430674314 0.001473 -0.009216 -0.001363 -0.000854 0.000324 -0.001115 0.999999
1750194830.552101374 0.001476 -0.009277 -0.001373 -0.000853 0.000329 -0.001123 0.999999
1750194830.777173042 0.001481 -0.009331 -0.001378 -0.000853 0.000330 -0.001128 0.999999
1750194830.899099827 0.001487 -0.009374 -0.001382 -0.000852 0.000330 -0.001132 0.999999
1750194831.126616716 0.001491 -0.009420 -0.001390 -0.000852 0.000335 -0.001141 0.999999
1750194831.249868631 0.001496 -0.009466 -0.001393 -0.000846 0.000335 -0.001148 0.999999
1750194831.479947805 0.001502 -0.009526 -0.001398 -0.000843 0.000334 -0.001156 0.999999
1750194831.601109982 0.001509 -0.009584 -0.001405 -0.000838 0.000337 -0.001165 0.999999
1750194831.828975439 0.001513 -0.009635 -0.001410 -0.000835 0.000337 -0.001174 0.999999
1750194831.956014633 0.001519 -0.009697 -0.001417 -0.000825 0.000337 -0.001184 0.999999
1750194832.195821047 0.001520 -0.009749 -0.001418 -0.000813 0.000339 -0.001187 0.999999
1750194832.324098110 0.001522 -0.009795 -0.001421 -0.000810 0.000337 -0.001183 0.999999
1750194832.560121298 0.001525 -0.009842 -0.001425 -0.000805 0.000339 -0.001184 0.999999
1750194832.687153101 0.001532 -0.009906 -0.001432 -0.000797 0.000340 -0.001186 0.999999
1750194832.921636820 0.001534 -0.009968 -0.001442 -0.000791 0.000341 -0.001193 0.999999
1750194833.043979168 0.001543 -0.010015 -0.001444 -0.000790 0.000340 -0.001195 0.999999
1750194833.268878222 0.001553 -0.010076 -0.001450 -0.000786 0.000343 -0.001206 0.999999
1750194833.391808271 0.001559 -0.010138 -0.001457 -0.000788 0.000341 -0.001210 0.999999
1750194833.617833138 0.001570 -0.010193 -0.001463 -0.000782 0.000343 -0.001215 0.999999
1750194833.739868164 0.001575 -0.010247 -0.001470 -0.000777 0.000349 -0.001224 0.999999
1750194833.972646713 0.001582 -0.010307 -0.001478 -0.000779 0.000347 -0.001228 0.999999
1750194834.097631216 0.001590 -0.010359 -0.001485 -0.000778 0.000353 -0.001236 0.999999
1750194834.331535816 0.001600 -0.010412 -0.001490 -0.000774 0.000351 -0.001245 0.999999
1750194834.455529451 0.001605 -0.010461 -0.001496 -0.000766 0.000352 -0.001252 0.999999
1750194834.679957390 0.001614 -0.010511 -0.001501 -0.000767 0.000357 -0.001259 0.999999
1750194834.802830696 0.001625 -0.010568 -0.001504 -0.000763 0.000354 -0.001270 0.999999
1750194835.036129713 0.001630 -0.010619 -0.001512 -0.000763 0.000356 -0.001276 0.999999
1750194835.160521746 0.001638 -0.010675 -0.001519 -0.000758 0.000358 -0.001276 0.999999
1750194835.390889883 0.001648 -0.010727 -0.001525 -0.000754 0.000358 -0.001279 0.999999
1750194835.515171766 0.001653 -0.010771 -0.001532 -0.000752 0.000362 -0.001280 0.999999
1750194835.746238470 0.001660 -0.010828 -0.001539 -0.000748 0.000365 -0.001290 0.999999
1750194835.871069431 0.001664 -0.010880 -0.001547 -0.000746 0.000365 -0.001287 0.999999
1750194836.106335402 0.001674 -0.010949 -0.001555 -0.000741 0.000366 -0.001295 0.999999
1750194836.231016636 0.001678 -0.010978 -0.001608 -0.000828 0.000366 -0.001288 0.999999
1750194836.465661764 0.001685 -0.011031 -0.001615 -0.000824 0.000370 -0.001292 0.999999
1750194836.591644526 0.001695 -0.011076 -0.001618 -0.000821 0.000368 -0.001290 0.999999
1750194836.824793577 0.001704 -0.011131 -0.001632 -0.000816 0.000384 -0.001289 0.999999
1750194836.946851730 0.001721 -0.011171 -0.001651 -0.000819 0.000426 -0.001295 0.999999
1750194837.178518057 0.001722 -0.011226 -0.001655 -0.000806 0.000419 -0.001310 0.999999
1750194837.303687096 0.001725 -0.011275 -0.001660 -0.000803 0.000422 -0.001319 0.999999
1750194837.533843994 0.001725 -0.011320 -0.001664 -0.000804 0.000423 -0.001322 0.999999
1750194837.657942295 0.001730 -0.011365 -0.001665 -0.000802 0.000422 -0.001329 0.999999
1750194837.887377262 0.001736 -0.011410 -0.001664 -0.000804 0.000418 -0.001331 0.999999
1750194838.013475180 0.001740 -0.011454 -0.001667 -0.000803 0.000418 -0.001338 0.999999
1750194838.247874498 0.001744 -0.011491 -0.001667 -0.000804 0.000414 -0.001344 0.999999
1750194838.371301651 0.001747 -0.011533 -0.001670 -0.000802 0.000412 -0.001352 0.999999
1750194838.600021362 0.001748 -0.011570 -0.001682 -0.000802 0.000434 -0.001359 0.999999
1750194838.724314451 0.001747 -0.011597 -0.001706 -0.000809 0.000488 -0.001373 0.999999
1750194838.953587770 0.001747 -0.011631 -0.001709 -0.000800 0.000486 -0.001379 0.999999
1750194839.078590155 0.001749 -0.011672 -0.001714 -0.000795 0.000488 -0.001389 0.999999
1750194839.308303595 0.001753 -0.011712 -0.001715 -0.000793 0.000483 -0.001392 0.999999
1750194839.433849335 0.001758 -0.011750 -0.001716 -0.000794 0.000482 -0.001400 0.999999
1750194839.662713289 0.001765 -0.011795 -0.001717 -0.000798 0.000480 -0.001409 0.999999
1750194839.786677837 0.001769 -0.011837 -0.001719 -0.000795 0.000478 -0.001419 0.999999
1750194840.017594337 0.001774 -0.011880 -0.001719 -0.000796 0.000474 -0.001426 0.999999
1750194840.142637014 0.001777 -0.011917 -0.001719 -0.000794 0.000462 -0.001435 0.999999
1750194840.373316050 0.001777 -0.011966 -0.001725 -0.000781 0.000448 -0.001447 0.999999
1750194840.498829365 0.001779 -0.012010 -0.001726 -0.000770 0.000436 -0.001452 0.999999
1750194840.728249788 0.001777 -0.012049 -0.001729 -0.000757 0.000424 -0.001463 0.999999
1750194840.851629019 0.001779 -0.012094 -0.001730 -0.000750 0.000414 -0.001473 0.999999
1750194841.086810350 0.001780 -0.012139 -0.001732 -0.000741 0.000401 -0.001483 0.999999
1750194841.211405993 0.001781 -0.012179 -0.001733 -0.000741 0.000395 -0.001489 0.999999
1750194841.441971302 0.001783 -0.012220 -0.001737 -0.000741 0.000396 -0.001491 0.999999
1750194841.567055702 0.001784 -0.012259 -0.001737 -0.000737 0.000391 -0.001501 0.999999
1750194841.794246674 0.001783 -0.012304 -0.001744 -0.000735 0.000391 -0.001518 0.999999
1750194841.917014360 0.001783 -0.012340 -0.001749 -0.000735 0.000392 -0.001524 0.999998
1750194842.144672394 0.001785 -0.012381 -0.001751 -0.000736 0.000390 -0.001534 0.999998
1750194842.266214609 0.001786 -0.012429 -0.001753 -0.000735 0.000385 -0.001540 0.999998
1750194842.492468119 0.001788 -0.012472 -0.001759 -0.000730 0.000387 -0.001554 0.999998
1750194842.615436792 0.001789 -0.012514 -0.001760 -0.000725 0.000383 -0.001566 0.999998
1750194842.844411850 0.001790 -0.012557 -0.001761 -0.000726 0.000379 -0.001568 0.999998
1750194842.967102051 0.001793 -0.012601 -0.001761 -0.000725 0.000376 -0.001573 0.999998
1750194843.200984001 0.001792 -0.012644 -0.001767 -0.000723 0.000375 -0.001579 0.999998
1750194843.324169397 0.001794 -0.012691 -0.001767 -0.000722 0.000370 -0.001585 0.999998
1750194843.552577496 0.001797 -0.012727 -0.001769 -0.000726 0.000367 -0.001591 0.999998
1750194843.675778627 0.001801 -0.012774 -0.001772 -0.000722 0.000361 -0.001602 0.999998
1750194843.906123638 0.001803 -0.012814 -0.001775 -0.000725 0.000361 -0.001612 0.999998
1750194844.029989481 0.001807 -0.012858 -0.001775 -0.000724 0.000353 -0.001619 0.999998
1750194844.262401819 0.001810 -0.012904 -0.001776 -0.000727 0.000348 -0.001629 0.999998
1750194844.388836861 0.001812 -0.012946 -0.001776 -0.000724 0.000343 -0.001635 0.999998
1750194844.618627071 0.001816 -0.012989 -0.001777 -0.000720 0.000338 -0.001645 0.999998
1750194844.745126963 0.001818 -0.013028 -0.001776 -0.000718 0.000334 -0.001653 0.999998
1750194844.976989985 0.001822 -0.013071 -0.001778 -0.000713 0.000330 -0.001658 0.999998
1750194845.103398323 0.001826 -0.013117 -0.001779 -0.000708 0.000324 -0.001670 0.999998
1750194845.335000038 0.001828 -0.013156 -0.001780 -0.000708 0.000322 -0.001680 0.999998
1750194845.460540056 0.001829 -0.013195 -0.001781 -0.000703 0.000317 -0.001686 0.999998
1750194845.698177099 0.001831 -0.013246 -0.001786 -0.000708 0.000320 -0.001701 0.999998
1750194845.824400425 0.001835 -0.013285 -0.001786 -0.000706 0.000318 -0.001708 0.999998
1750194846.061442852 0.001838 -0.013327 -0.001786 -0.000703 0.000313 -0.001717 0.999998
1750194846.188254356 0.001840 -0.013366 -0.001788 -0.000697 0.000310 -0.001729 0.999998
1750194846.418555737 0.001842 -0.013410 -0.001787 -0.000691 0.000304 -0.001735 0.999998
1750194846.544733524 0.001842 -0.013457 -0.001787 -0.000689 0.000297 -0.001748 0.999998
1750194846.778998852 0.001842 -0.013498 -0.001786 -0.000687 0.000293 -0.001757 0.999998
1750194846.903702974 0.001843 -0.013546 -0.001788 -0.000689 0.000286 -0.001769 0.999998
1750194847.138205528 0.001845 -0.013591 -0.001789 -0.000690 0.000280 -0.001781 0.999998
1750194847.265197515 0.001844 -0.013629 -0.001791 -0.000683 0.000275 -0.001790 0.999998
1750194847.498896122 0.001849 -0.013673 -0.001790 -0.000681 0.000269 -0.001798 0.999998
1750194847.620942593 0.001847 -0.013715 -0.001792 -0.000680 0.000266 -0.001808 0.999998
1750194847.850446224 0.001848 -0.013755 -0.001795 -0.000675 0.000264 -0.001827 0.999998
1750194847.971883535 0.001850 -0.013794 -0.001795 -0.000677 0.000260 -0.001836 0.999998
1750194848.198795319 0.001852 -0.013833 -0.001795 -0.000675 0.000254 -0.001842 0.999998
1750194848.324502468 0.001852 -0.013880 -0.001795 -0.000675 0.000250 -0.001859 0.999998
1750194848.558022499 0.001855 -0.013924 -0.001794 -0.000674 0.000244 -0.001868 0.999998
1750194848.685765028 0.001853 -0.013966 -0.001796 -0.000670 0.000241 -0.001879 0.999998
1750194848.914585114 0.001854 -0.014011 -0.001802 -0.000670 0.000243 -0.001895 0.999998
1750194849.038128138 0.001856 -0.014053 -0.001802 -0.000671 0.000240 -0.001910 0.999998
1750194849.267134428 0.001856 -0.014099 -0.001804 -0.000666 0.000236 -0.001922 0.999998
1750194849.389133215 0.001860 -0.014146 -0.001803 -0.000665 0.000228 -0.001932 0.999998
1750194849.618823767 0.001859 -0.014199 -0.001805 -0.000661 0.000224 -0.001950 0.999998
1750194849.741839170 0.001859 -0.014250 -0.001805 -0.000658 0.000221 -0.001969 0.999998
1750194849.970262766 0.001857 -0.014292 -0.001806 -0.000656 0.000216 -0.001986 0.999998
1750194850.102030754 0.001857 -0.014338 -0.001807 -0.000652 0.000208 -0.001997 0.999998
1750194850.331516743 0.001858 -0.014377 -0.001808 -0.000649 0.000204 -0.002008 0.999998
1750194850.456328392 0.001859 -0.014424 -0.001808 -0.000643 0.000198 -0.002021 0.999998
1750194850.687029839 0.001860 -0.014471 -0.001809 -0.000639 0.000194 -0.002032 0.999998
1750194850.810409069 0.001858 -0.014519 -0.001810 -0.000639 0.000189 -0.002049 0.999998
1750194851.043833971 0.001858 -0.014568 -0.001812 -0.000634 0.000182 -0.002066 0.999998
1750194851.167715073 0.001860 -0.014613 -0.001812 -0.000635 0.000178 -0.002078 0.999998
1750194851.404899836 0.001860 -0.014658 -0.001812 -0.000630 0.000173 -0.002097 0.999998
1750194851.530536413 0.001859 -0.014701 -0.001815 -0.000625 0.000166 -0.002112 0.999998
1750194851.763418436 0.001858 -0.014741 -0.001816 -0.000626 0.000163 -0.002123 0.999998
1750194851.887514114 0.001860 -0.014784 -0.001815 -0.000622 0.000158 -0.002133 0.999998
1750194852.117238998 0.001858 -0.014832 -0.001819 -0.000613 0.000154 -0.002155 0.999997
1750194852.241475582 0.001858 -0.014877 -0.001819 -0.000614 0.000150 -0.002167 0.999997
1750194852.471791029 0.001859 -0.014914 -0.001819 -0.000609 0.000146 -0.002175 0.999997
1750194852.596565485 0.001859 -0.014953 -0.001822 -0.000610 0.000144 -0.002193 0.999997
1750194852.825021505 0.001860 -0.014998 -0.001823 -0.000605 0.000143 -0.002206 0.999997
1750194852.948423386 0.001860 -0.015040 -0.001824 -0.000611 0.000141 -0.002212 0.999997
1750194853.180461168 0.001859 -0.015079 -0.001826 -0.000609 0.000138 -0.002216 0.999997
1750194853.304710150 0.001859 -0.015119 -0.001828 -0.000604 0.000133 -0.002232 0.999997
1750194853.535043001 0.001858 -0.015160 -0.001829 -0.000601 0.000129 -0.002241 0.999997
1750194853.659942150 0.001858 -0.015202 -0.001829 -0.000603 0.000126 -0.002254 0.999997
1750194853.890788317 0.001858 -0.015246 -0.001830 -0.000601 0.000121 -0.002263 0.999997
1750194854.015056849 0.001862 -0.015288 -0.001829 -0.000602 0.000118 -0.002275 0.999997
1750194854.244274855 0.001862 -0.015332 -0.001830 -0.000602 0.000115 -0.002289 0.999997
1750194854.370905399 0.001868 -0.015375 -0.001830 -0.000598 0.000117 -0.002302 0.999997
1750194854.601199150 0.001876 -0.015418 -0.001830 -0.000601 0.000119 -0.002315 0.999997
1750194854.724314690 0.001886 -0.015463 -0.001828 -0.000602 0.000121 -0.002326 0.999997
1750194854.953538656 0.001894 -0.015510 -0.001828 -0.000599 0.000122 -0.002339 0.999997
1750194855.076584339 0.001901 -0.015559 -0.001829 -0.000600 0.000125 -0.002356 0.999997
1750194855.306377411 0.001905 -0.015603 -0.001829 -0.000603 0.000126 -0.002366 0.999997
1750194855.427679300 0.001915 -0.015646 -0.001828 -0.000604 0.000126 -0.002379 0.999997
1750194855.654321432 0.001922 -0.015688 -0.001829 -0.000601 0.000126 -0.002388 0.999997
1750194855.776665449 0.001929 -0.015739 -0.001828 -0.000599 0.000126 -0.002406 0.999997
1750194856.004121065 0.001935 -0.015785 -0.001828 -0.000598 0.000126 -0.002420 0.999997
1750194856.127628565 0.001943 -0.015833 -0.001827 -0.000594 0.000124 -0.002431 0.999997
1750194856.351771593 0.001949 -0.015881 -0.001828 -0.000594 0.000126 -0.002444 0.999997
1750194856.474344730 0.001957 -0.015927 -0.001828 -0.000593 0.000126 -0.002457 0.999997
1750194856.706355095 0.001968 -0.015975 -0.001826 -0.000592 0.000126 -0.002467 0.999997
1750194856.827969551 0.001976 -0.016022 -0.001826 -0.000593 0.000125 -0.002477 0.999997
1750194857.060009480 0.001978 -0.016066 -0.001827 -0.000593 0.000127 -0.002490 0.999997
1750194857.183163881 0.001985 -0.016109 -0.001828 -0.000593 0.000130 -0.002501 0.999997
1750194857.409778595 0.001994 -0.016154 -0.001828 -0.000593 0.000132 -0.002507 0.999997
1750194857.532600641 0.002001 -0.016198 -0.001828 -0.000595 0.000133 -0.002519 0.999997
1750194857.762209177 0.002003 -0.016238 -0.001831 -0.000593 0.000134 -0.002530 0.999997
1750194857.885292292 0.002010 -0.016288 -0.001831 -0.000593 0.000135 -0.002545 0.999997
1750194858.117567301 0.002019 -0.016332 -0.001831 -0.000594 0.000135 -0.002553 0.999997
1750194858.240386009 0.002028 -0.016379 -0.001831 -0.000592 0.000137 -0.002563 0.999997
1750194858.469173670 0.002036 -0.016425 -0.001831 -0.000592 0.000140 -0.002573 0.999997
1750194858.593176126 0.002039 -0.016460 -0.001833 -0.000591 0.000140 -0.002587 0.999996
1750194858.822397232 0.002045 -0.016508 -0.001834 -0.000590 0.000142 -0.002596 0.999996
1750194858.945479631 0.002052 -0.016549 -0.001834 -0.000591 0.000142 -0.002605 0.999996
1750194859.174005508 0.002055 -0.016591 -0.001835 -0.000588 0.000143 -0.002615 0.999996
1750194859.296598196 0.002064 -0.016634 -0.001834 -0.000589 0.000144 -0.002622 0.999996
1750194859.525402546 0.002068 -0.016689 -0.001837 -0.000589 0.000145 -0.002636 0.999996
1750194859.650261879 0.002074 -0.016727 -0.001837 -0.000587 0.000146 -0.002648 0.999996
1750194859.878143072 0.002083 -0.016778 -0.001838 -0.000587 0.000148 -0.002667 0.999996
1750194859.998683214 0.002088 -0.016820 -0.001837 -0.000587 0.000148 -0.002680 0.999996
1750194860.224843740 0.002100 -0.016874 -0.001837 -0.000586 0.000148 -0.002687 0.999996
1750194860.346179008 0.002106 -0.016918 -0.001837 -0.000587 0.000148 -0.002697 0.999996
1750194860.574586868 0.002114 -0.016958 -0.001837 -0.000589 0.000149 -0.002708 0.999996
1750194860.695326567 0.002118 -0.017001 -0.001838 -0.000589 0.000150 -0.002719 0.999996
1750194860.921944857 0.002125 -0.017050 -0.001838 -0.000589 0.000149 -0.002733 0.999996
1750194861.045051336 0.002131 -0.017094 -0.001841 -0.000587 0.000152 -0.002746 0.999996
1750194861.274930239 0.002136 -0.017137 -0.001841 -0.000583 0.000152 -0.002758 0.999996
1750194861.397359848 0.002137 -0.017181 -0.001845 -0.000581 0.000154 -0.002776 0.999996
1750194861.628896236 0.002142 -0.017226 -0.001846 -0.000583 0.000154 -0.002786 0.999996
1750194861.751384974 0.002151 -0.017268 -0.001846 -0.000582 0.000157 -0.002798 0.999996
1750194861.982816696 0.002156 -0.017314 -0.001849 -0.000586 0.000157 -0.002812 0.999996
1750194862.105322123 0.002163 -0.017365 -0.001851 -0.000586 0.000160 -0.002826 0.999996
1750194862.336651802 0.002169 -0.017409 -0.001852 -0.000585 0.000160 -0.002841 0.999996
1750194862.456560373 0.002177 -0.017459 -0.001852 -0.000578 0.000159 -0.002851 0.999996
1750194862.686420441 0.002187 -0.017505 -0.001851 -0.000580 0.000158 -0.002858 0.999996
1750194862.808909416 0.002196 -0.017547 -0.001850 -0.000577 0.000157 -0.002868 0.999996
1750194863.037209272 0.002205 -0.017598 -0.001850 -0.000576 0.000158 -0.002882 0.999996
1750194863.159780502 0.002210 -0.017639 -0.001852 -0.000573 0.000157 -0.002895 0.999996
1750194863.389653206 0.002216 -0.017687 -0.001853 -0.000571 0.000159 -0.002906 0.999996
1750194863.511626720 0.002220 -0.017733 -0.001854 -0.000565 0.000160 -0.002917 0.999996
1750194863.743417263 0.002223 -0.017771 -0.001857 -0.000566 0.000161 -0.002931 0.999996
1750194863.866065502 0.002230 -0.017820 -0.001857 -0.000563 0.000160 -0.002943 0.999995
1750194864.093652010 0.002236 -0.017862 -0.001857 -0.000564 0.000162 -0.002949 0.999995
1750194864.216960192 0.002242 -0.017907 -0.001857 -0.000561 0.000162 -0.002966 0.999995
1750194864.445512295 0.002249 -0.017961 -0.001858 -0.000564 0.000163 -0.002981 0.999995
1750194864.568675995 0.002260 -0.018006 -0.001857 -0.000564 0.000162 -0.002990 0.999995
1750194864.798615456 0.002266 -0.018059 -0.001858 -0.000560 0.000163 -0.003011 0.999995
1750194864.921499252 0.002274 -0.018106 -0.001858 -0.000560 0.000165 -0.003022 0.999995
1750194865.152771473 0.002279 -0.018142 -0.001861 -0.000555 0.000164 -0.003034 0.999995
1750194865.275393486 0.002285 -0.018189 -0.001861 -0.000555 0.000166 -0.003047 0.999995
1750194865.506589413 0.002291 -0.018226 -0.001862 -0.000553 0.000166 -0.003057 0.999995
1750194865.628440142 0.002295 -0.018272 -0.001863 -0.000556 0.000167 -0.003066 0.999995
1750194865.858737469 0.002300 -0.018316 -0.001863 -0.000551 0.000166 -0.003078 0.999995
1750194865.980274439 0.002306 -0.018352 -0.001865 -0.000547 0.000165 -0.003089 0.999995
1750194866.208721399 0.002312 -0.018392 -0.001865 -0.000547 0.000165 -0.003096 0.999995
1750194866.333047867 0.002320 -0.018446 -0.001865 -0.000546 0.000165 -0.003105 0.999995
1750194866.563108921 0.002329 -0.018493 -0.001864 -0.000544 0.000164 -0.003118 0.999995
1750194866.685443640 0.002335 -0.018531 -0.001867 -0.000545 0.000166 -0.003126 0.999995
1750194866.914876223 0.002339 -0.018575 -0.001868 -0.000540 0.000168 -0.003138 0.999995
1750194867.038367033 0.002347 -0.018614 -0.001869 -0.000539 0.000166 -0.003146 0.999995
1750194867.271347523 0.002350 -0.018667 -0.001871 -0.000538 0.000167 -0.003161 0.999995
1750194867.395690203 0.002357 -0.018723 -0.001872 -0.000540 0.000168 -0.003175 0.999995
1750194867.624981165 0.002365 -0.018769 -0.001873 -0.000538 0.000170 -0.003184 0.999995
1750194867.748168230 0.002376 -0.018821 -0.001872 -0.000537 0.000172 -0.003194 0.999995
1750194867.978210211 0.002383 -0.018867 -0.001872 -0.000538 0.000172 -0.003208 0.999995
1750194868.101391077 0.002392 -0.018924 -0.001873 -0.000539 0.000173 -0.003227 0.999995
1750194868.331451893 0.002396 -0.018980 -0.001873 -0.000533 0.000172 -0.003244 0.999995
1750194868.455871344 0.002400 -0.019017 -0.001875 -0.000529 0.000173 -0.003254 0.999995
1750194868.689916611 0.002408 -0.019057 -0.001874 -0.000527 0.000174 -0.003262 0.999995
1750194868.811487675 0.002415 -0.019118 -0.001877 -0.000524 0.000172 -0.003287 0.999994
1750194869.036818266 0.002424 -0.019166 -0.001877 -0.000523 0.000172 -0.003302 0.999994
1750194869.163631916 0.002431 -0.019209 -0.001877 -0.000519 0.000174 -0.003313 0.999994
1750194869.394825935 0.002439 -0.019254 -0.001878 -0.000519 0.000175 -0.003326 0.999994
1750194869.520939827 0.002443 -0.019298 -0.001879 -0.000522 0.000177 -0.003333 0.999994
1750194869.752620697 0.002451 -0.019352 -0.001881 -0.000522 0.000180 -0.003352 0.999994
1750194869.878345013 0.002457 -0.019393 -0.001883 -0.000515 0.000181 -0.003366 0.999994
1750194870.109156370 0.002462 -0.019433 -0.001885 -0.000515 0.000183 -0.003378 0.999994
1750194870.234716415 0.002471 -0.019478 -0.001885 -0.000517 0.000183 -0.003386 0.999994
1750194870.465336323 0.002480 -0.019520 -0.001885 -0.000518 0.000183 -0.003395 0.999994
1750194870.591036081 0.002487 -0.019571 -0.001885 -0.000518 0.000183 -0.003413 0.999994
1750194870.819201946 0.002494 -0.019613 -0.001885 -0.000514 0.000183 -0.003431 0.999994
1750194870.943226099 0.002502 -0.019660 -0.001886 -0.000512 0.000184 -0.003445 0.999994
1750194871.175091743 0.002509 -0.019702 -0.001885 -0.000511 0.000183 -0.003462 0.999994
1750194871.299727440 0.002517 -0.019743 -0.001889 -0.000505 0.000185 -0.003478 0.999994
1750194871.532444954 0.002520 -0.019779 -0.001893 -0.000502 0.000186 -0.003489 0.999994
1750194871.658497095 0.002528 -0.019829 -0.001892 -0.000502 0.000185 -0.003506 0.999994
1750194871.887216091 0.002535 -0.019871 -0.001893 -0.000499 0.000185 -0.003522 0.999994
1750194872.011753559 0.002541 -0.019922 -0.001893 -0.000499 0.000184 -0.003540 0.999994
1750194872.240340471 0.002548 -0.019968 -0.001893 -0.000495 0.000185 -0.003553 0.999994
1750194872.367270470 0.002558 -0.020011 -0.001892 -0.000493 0.000185 -0.003563 0.999994
1750194872.596152782 0.002563 -0.020063 -0.001894 -0.000489 0.000186 -0.003580 0.999993
1750194872.720347404 0.002565 -0.020107 -0.001897 -0.000492 0.000188 -0.003593 0.999993
1750194872.950785637 0.002574 -0.020154 -0.001898 -0.000489 0.000191 -0.003602 0.999993
1750194873.075030565 0.002582 -0.020196 -0.001898 -0.000489 0.000193 -0.003613 0.999993
1750194873.307842255 0.002591 -0.020232 -0.001898 -0.000487 0.000193 -0.003620 0.999993
1750194873.433998346 0.002597 -0.020276 -0.001899 -0.000485 0.000195 -0.003637 0.999993
1750194873.666197777 0.002601 -0.020320 -0.001900 -0.000483 0.000194 -0.003646 0.999993
1750194873.793145657 0.002608 -0.020368 -0.001900 -0.000479 0.000195 -0.003663 0.999993
1750194874.026768446 0.002616 -0.020411 -0.001908 -0.000490 0.000197 -0.003677 0.999993
1750194874.152472258 0.002624 -0.020452 -0.001912 -0.000496 0.000200 -0.003683 0.999993
1750194874.382092953 0.002632 -0.020493 -0.001912 -0.000495 0.000197 -0.003701 0.999993
1750194874.505933046 0.002638 -0.020536 -0.001915 -0.000499 0.000199 -0.003713 0.999993
1750194874.733339310 0.002645 -0.020582 -0.001917 -0.000496 0.000200 -0.003730 0.999993
1750194874.858100653 0.002654 -0.020630 -0.001916 -0.000492 0.000199 -0.003743 0.999993
1750194875.088305473 0.002659 -0.020675 -0.001917 -0.000493 0.000199 -0.003755 0.999993
1750194875.211844921 0.002668 -0.020721 -0.001918 -0.000489 0.000198 -0.003777 0.999993
1750194875.443329811 0.002672 -0.020757 -0.001919 -0.000485 0.000197 -0.003790 0.999993
1750194875.567028761 0.002681 -0.020806 -0.001918 -0.000483 0.000197 -0.003803 0.999993
1750194875.793868065 0.002686 -0.020864 -0.001921 -0.000481 0.000199 -0.003820 0.999993
1750194875.918136120 0.002693 -0.020911 -0.001920 -0.000478 0.000201 -0.003832 0.999993
1750194876.149118900 0.002701 -0.020955 -0.001921 -0.000470 0.000204 -0.003845 0.999992
1750194876.273195982 0.002709 -0.021010 -0.001922 -0.000468 0.000206 -0.003858 0.999992
1750194876.502113104 0.002718 -0.021057 -0.001921 -0.000470 0.000209 -0.003870 0.999992
1750194876.626204729 0.002726 -0.021108 -0.001922 -0.000465 0.000212 -0.003882 0.999992
1750194876.857213497 0.002736 -0.021157 -0.001921 -0.000459 0.000214 -0.003892 0.999992
1750194876.980824232 0.002744 -0.021202 -0.001921 -0.000453 0.000216 -0.003905 0.999992
1750194877.209272861 0.002756 -0.021253 -0.001921 -0.000449 0.000217 -0.003916 0.999992
1750194877.334405899 0.002764 -0.021303 -0.001923 -0.000449 0.000220 -0.003928 0.999992
1750194877.565042019 0.002772 -0.021352 -0.001925 -0.000448 0.000224 -0.003939 0.999992
1750194877.689409733 0.002780 -0.021400 -0.001926 -0.000445 0.000227 -0.003952 0.999992
1750194877.919276476 0.002790 -0.021444 -0.001925 -0.000442 0.000228 -0.003963 0.999992
1750194878.043236971 0.002800 -0.021493 -0.001926 -0.000441 0.000233 -0.003975 0.999992
1750194878.271945238 0.002809 -0.021535 -0.001926 -0.000437 0.000235 -0.003987 0.999992
1750194878.397641897 0.002815 -0.021575 -0.001927 -0.000437 0.000238 -0.003999 0.999992
1750194878.627876759 0.002823 -0.021618 -0.001928 -0.000432 0.000240 -0.004011 0.999992
1750194878.752719879 0.002832 -0.021676 -0.001930 -0.000423 0.000243 -0.004033 0.999992
1750194878.992501974 0.002842 -0.021723 -0.001929 -0.000417 0.000244 -0.004045 0.999992
1750194879.120316505 0.002849 -0.021773 -0.001930 -0.000413 0.000246 -0.004060 0.999992
1750194879.351618290 0.002857 -0.021814 -0.001932 -0.000411 0.000250 -0.004071 0.999992
1750194879.476331472 0.002861 -0.021858 -0.001935 -0.000407 0.000253 -0.004082 0.999992
1750194879.709710598 0.002869 -0.021908 -0.001935 -0.000404 0.000257 -0.004098 0.999991
1750194879.833421230 0.002881 -0.021965 -0.001934 -0.000396 0.000260 -0.004111 0.999991
1750194880.063484669 0.002889 -0.022018 -0.001935 -0.000402 0.000262 -0.004121 0.999991
1750194880.189527512 0.002897 -0.022071 -0.001937 -0.000392 0.000265 -0.004143 0.999991
1750194880.422717810 0.002908 -0.022118 -0.001936 -0.000385 0.000268 -0.004154 0.999991
1750194880.546909332 0.002918 -0.022164 -0.001937 -0.000385 0.000271 -0.004163 0.999991
1750194880.773305655 0.002925 -0.022214 -0.001938 -0.000378 0.000275 -0.004174 0.999991
1750194880.895260096 0.002933 -0.022272 -0.001940 -0.000375 0.000281 -0.004197 0.999991
1750194881.126224279 0.002939 -0.022316 -0.001943 -0.000369 0.000284 -0.004206 0.999991
1750194881.248194933 0.002953 -0.022369 -0.001943 -0.000364 0.000288 -0.004222 0.999991
1750194881.477555275 0.002959 -0.022430 -0.001945 -0.000361 0.000289 -0.004249 0.999991
1750194881.597850561 0.002968 -0.022480 -0.001946 -0.000350 0.000290 -0.004265 0.999991
1750194881.827375889 0.002975 -0.022527 -0.001945 -0.000345 0.000292 -0.004282 0.999991
1750194881.950848103 0.002980 -0.022573 -0.001947 -0.000338 0.000295 -0.004299 0.999991
1750194882.180983305 0.002986 -0.022625 -0.001947 -0.000334 0.000297 -0.004318 0.999991
1750194882.305766344 0.002992 -0.022669 -0.001950 -0.000334 0.000300 -0.004331 0.999991
1750194882.541306973 0.003000 -0.022720 -0.001954 -0.000328 0.000303 -0.004348 0.999990
1750194882.665877819 0.003010 -0.022768 -0.001953 -0.000322 0.000304 -0.004364 0.999990
1750194882.900302172 0.003023 -0.022833 -0.001954 -0.000321 0.000306 -0.004385 0.999990
1750194883.023217678 0.003035 -0.022889 -0.001953 -0.000313 0.000310 -0.004402 0.999990
1750194883.254449368 0.003048 -0.022939 -0.001953 -0.000313 0.000312 -0.004415 0.999990
1750194883.376780033 0.003054 -0.022986 -0.001954 -0.000310 0.000314 -0.004430 0.999990
1750194883.605060577 0.003057 -0.023028 -0.001955 -0.000300 0.000318 -0.004446 0.999990
1750194883.728920460 0.003067 -0.023072 -0.001957 -0.000295 0.000321 -0.004465 0.999990
1750194883.956613779 0.003076 -0.023127 -0.001957 -0.000291 0.000324 -0.004486 0.999990
1750194884.077727079 0.003080 -0.023180 -0.001959 -0.000288 0.000327 -0.004503 0.999990
1750194884.304564476 0.003091 -0.023232 -0.001959 -0.000281 0.000330 -0.004515 0.999990
1750194884.425858498 0.003099 -0.023274 -0.001961 -0.000282 0.000334 -0.004527 0.999990
1750194884.652487755 0.003106 -0.023322 -0.001961 -0.000281 0.000337 -0.004543 0.999990
1750194884.775199175 0.003115 -0.023366 -0.001963 -0.000273 0.000341 -0.004564 0.999989
1750194885.001109362 0.003127 -0.023415 -0.001962 -0.000273 0.000343 -0.004578 0.999989
1750194885.122408628 0.003137 -0.023468 -0.001962 -0.000266 0.000346 -0.004591 0.999989
1750194885.348813057 0.003146 -0.023514 -0.001962 -0.000268 0.000349 -0.004604 0.999989
1750194885.469663858 0.003158 -0.023557 -0.001964 -0.000266 0.000353 -0.004616 0.999989
1750194885.695091009 0.003169 -0.023607 -0.001965 -0.000265 0.000362 -0.004633 0.999989
1750194885.815669775 0.003179 -0.023664 -0.001966 -0.000259 0.000371 -0.004653 0.999989
1750194886.040291786 0.003185 -0.023716 -0.001967 -0.000256 0.000376 -0.004674 0.999989
1750194886.158908606 0.003196 -0.023764 -0.001968 -0.000255 0.000385 -0.004695 0.999989
1750194886.383182049 0.003208 -0.023823 -0.001969 -0.000257 0.000393 -0.004723 0.999989
1750194886.502569437 0.003221 -0.023875 -0.001970 -0.000257 0.000400 -0.004734 0.999989
1750194886.727390528 0.003234 -0.023938 -0.001972 -0.000259 0.000408 -0.004746 0.999989
1750194886.847025633 0.003242 -0.023979 -0.001975 -0.000264 0.000415 -0.004755 0.999989
1750194887.071583986 0.003253 -0.024026 -0.001977 -0.000265 0.000422 -0.004770 0.999988
1750194887.189657688 0.003260 -0.024069 -0.001979 -0.000269 0.000425 -0.004780 0.999988
1750194887.415082216 0.003268 -0.024128 -0.001984 -0.000274 0.000436 -0.004797 0.999988
1750194887.532949448 0.003277 -0.024175 -0.001986 -0.000272 0.000444 -0.004810 0.999988
1750194887.759634733 0.003291 -0.024217 -0.001988 -0.000275 0.000448 -0.004826 0.999988
1750194887.879622221 0.003297 -0.024268 -0.001991 -0.000277 0.000454 -0.004846 0.999988
1750194888.110318661 0.003304 -0.024327 -0.001994 -0.000280 0.000462 -0.004867 0.999988
1750194888.231957912 0.003315 -0.024376 -0.001995 -0.000286 0.000467 -0.004882 0.999988
1750194888.463218212 0.003329 -0.024427 -0.001996 -0.000288 0.000473 -0.004901 0.999988
1750194888.585234642 0.003339 -0.024478 -0.002001 -0.000285 0.000484 -0.004928 0.999988
1750194888.814560413 0.003349 -0.024528 -0.002004 -0.000286 0.000492 -0.004951 0.999988
1750194888.937837839 0.003361 -0.024586 -0.002006 -0.000289 0.000500 -0.004973 0.999987
1750194889.164263725 0.003373 -0.024634 -0.002009 -0.000290 0.000509 -0.004993 0.999987
1750194889.285849333 0.003387 -0.024694 -0.002013 -0.000294 0.000521 -0.005007 0.999987
1750194889.511530161 0.003396 -0.024737 -0.002017 -0.000303 0.000529 -0.005014 0.999987
1750194889.631302595 0.003407 -0.024789 -0.002019 -0.000301 0.000536 -0.005035 0.999987
1750194889.858199120 0.003420 -0.024849 -0.002020 -0.000303 0.000543 -0.005059 0.999987
1750194889.983029842 0.003430 -0.024899 -0.002022 -0.000309 0.000552 -0.005083 0.999987
1750194890.212317705 0.003441 -0.024957 -0.002026 -0.000307 0.000562 -0.005106 0.999987
1750194890.332970381 0.003448 -0.025001 -0.002027 -0.000304 0.000569 -0.005124 0.999987
1750194890.561133623 0.003451 -0.025063 -0.002034 -0.000309 0.000576 -0.005146 0.999987
1750194890.683364630 0.003462 -0.025110 -0.002036 -0.000307 0.000584 -0.005166 0.999986
1750194890.908312082 0.003469 -0.025158 -0.002041 -0.000310 0.000591 -0.005186 0.999986
1750194891.030057907 0.003479 -0.025205 -0.002044 -0.000310 0.000601 -0.005203 0.999986
1750194891.255825758 0.003491 -0.025248 -0.002047 -0.000314 0.000609 -0.005216 0.999986
1750194891.377654314 0.003504 -0.025308 -0.002049 -0.000318 0.000616 -0.005244 0.999986
1750194891.606974363 0.003517 -0.025357 -0.002051 -0.000319 0.000623 -0.005263 0.999986
1750194891.729021788 0.003521 -0.025412 -0.002054 -0.000321 0.000632 -0.005287 0.999986
1750194891.953175783 0.003535 -0.025471 -0.002057 -0.000322 0.000639 -0.005308 0.999986
1750194892.073554754 0.003544 -0.025522 -0.002061 -0.000324 0.000647 -0.005330 0.999986
1750194892.300360918 0.003554 -0.025565 -0.002064 -0.000329 0.000651 -0.005341 0.999985
1750194892.423343420 0.003567 -0.025616 -0.002064 -0.000330 0.000656 -0.005363 0.999985
1750194892.653137207 0.003574 -0.025668 -0.002068 -0.000334 0.000664 -0.005387 0.999985
1750194892.774759054 0.003585 -0.025730 -0.002070 -0.000338 0.000674 -0.005412 0.999985
1750194893.000435352 0.003594 -0.025782 -0.002073 -0.000345 0.000679 -0.005429 0.999985
1750194893.119477510 0.003606 -0.025832 -0.002078 -0.000344 0.000689 -0.005446 0.999985
1750194893.347356319 0.003613 -0.025882 -0.002080 -0.000351 0.000694 -0.005463 0.999985
1750194893.465499163 0.003626 -0.025929 -0.002083 -0.000349 0.000702 -0.005474 0.999985
1750194893.695152044 0.003641 -0.025982 -0.002084 -0.000354 0.000707 -0.005496 0.999985
1750194893.817848682 0.003652 -0.026017 -0.002083 -0.000359 0.000711 -0.005507 0.999985
1750194894.045395613 0.003660 -0.026078 -0.002086 -0.000360 0.000718 -0.005525 0.999984
1750194894.165832043 0.003669 -0.026136 -0.002089 -0.000361 0.000720 -0.005546 0.999984
1750194894.389770269 0.003673 -0.026202 -0.002096 -0.000352 0.000723 -0.005591 0.999984
1750194894.511592150 0.003685 -0.026259 -0.002097 -0.000347 0.000724 -0.005607 0.999984
1750194894.738909245 0.003687 -0.026314 -0.002101 -0.000345 0.000729 -0.005630 0.999984
1750194894.858641863 0.003698 -0.026377 -0.002104 -0.000337 0.000733 -0.005658 0.999984
1750194895.084029198 0.003711 -0.026431 -0.002106 -0.000333 0.000735 -0.005678 0.999984
1750194895.203454494 0.003725 -0.026490 -0.002109 -0.000335 0.000736 -0.005686 0.999984
1750194895.432263374 0.003736 -0.026555 -0.002115 -0.000337 0.000740 -0.005699 0.999983
1750194895.554591179 0.003755 -0.026616 -0.002115 -0.000336 0.000739 -0.005710 0.999983
1750194895.779746056 0.003754 -0.026688 -0.002124 -0.000330 0.000747 -0.005745 0.999983
1750194895.900506258 0.003771 -0.026749 -0.002130 -0.000331 0.000751 -0.005753 0.999983
1750194896.127631903 0.003788 -0.026805 -0.002134 -0.000331 0.000758 -0.005769 0.999983
1750194896.248394489 0.003807 -0.026873 -0.002136 -0.000324 0.000762 -0.005782 0.999983
1750194896.476991415 0.003819 -0.026939 -0.002142 -0.000321 0.000769 -0.005812 0.999983
1750194896.606956482 0.003835 -0.027004 -0.002150 -0.000312 0.000777 -0.005833 0.999983
1750194896.837582350 0.003850 -0.027072 -0.002154 -0.000311 0.000785 -0.005847 0.999983
1750194896.958927870 0.003876 -0.027150 -0.002157 -0.000305 0.000789 -0.005873 0.999982
1750194897.192941904 0.003900 -0.027216 -0.002158 -0.000301 0.000793 -0.005889 0.999982
1750194897.315807343 0.003914 -0.027272 -0.002160 -0.000297 0.000799 -0.005905 0.999982
1750194897.547412634 0.003931 -0.027329 -0.002164 -0.000289 0.000803 -0.005929 0.999982
1750194897.670684814 0.003942 -0.027386 -0.002166 -0.000287 0.000807 -0.005963 0.999982
1750194897.898032188 0.003945 -0.027451 -0.002177 -0.000277 0.000817 -0.006023 0.999981
1750194898.018235683 0.003967 -0.027519 -0.002181 -0.000274 0.000823 -0.006064 0.999981
1750194898.246860981 0.003985 -0.027572 -0.002186 -0.000271 0.000829 -0.006088 0.999981
1750194898.368312597 0.004008 -0.027635 -0.002192 -0.000267 0.000838 -0.006108 0.999981
1750194898.598265171 0.004020 -0.027691 -0.002196 -0.000267 0.000844 -0.006130 0.999981
1750194898.720561266 0.004038 -0.027743 -0.002198 -0.000264 0.000844 -0.006154 0.999981
1750194898.946249008 0.004055 -0.027818 -0.002206 -0.000251 0.000842 -0.006187 0.999980
1750194899.067148447 0.004062 -0.027885 -0.002211 -0.000248 0.000840 -0.006210 0.999980
1750194899.292021036 0.004075 -0.027947 -0.002221 -0.000234 0.000840 -0.006231 0.999980
1750194899.411448717 0.004090 -0.028013 -0.002228 -0.000231 0.000840 -0.006251 0.999980
1750194899.641998768 0.004089 -0.028076 -0.002233 -0.000232 0.000840 -0.006284 0.999980
1750194899.763643980 0.004095 -0.028148 -0.002244 -0.000213 0.000838 -0.006312 0.999980
1750194899.989781141 0.004104 -0.028228 -0.002252 -0.000204 0.000842 -0.006343 0.999980
1750194900.111007452 0.004117 -0.028306 -0.002262 -0.000196 0.000841 -0.006368 0.999979
1750194900.339899540 0.004138 -0.028369 -0.002266 -0.000191 0.000838 -0.006373 0.999979
1750194900.461156607 0.004141 -0.028427 -0.002273 -0.000183 0.000837 -0.006404 0.999979
1750194900.689740658 0.004158 -0.028496 -0.002279 -0.000181 0.000835 -0.006415 0.999979
1750194900.810753822 0.004168 -0.028566 -0.002289 -0.000170 0.000836 -0.006448 0.999979
1750194901.039026022 0.004437 -0.028640 -0.002240 -0.000097 0.000748 -0.006465 0.999979
1750194901.163622856 0.005978 -0.028772 -0.001954 0.000237 0.000232 -0.006424 0.999979
1750194901.349925995 0.009556 -0.029029 -0.001338 0.001032 -0.001024 -0.006360 0.999979
1750194901.420496702 0.015295 -0.029592 -0.000196 0.002405 -0.002903 -0.006490 0.999972
1750194901.586152077 0.023535 -0.030724 0.001463 0.003568 -0.005473 -0.007275 0.999952
1750194901.649836063 0.032552 -0.032236 0.003075 0.003820 -0.007876 -0.008514 0.999925
1750194901.807467699 0.041616 -0.033885 0.004207 0.003588 -0.009929 -0.009973 0.999895
1750194901.865250826 0.051530 -0.035788 0.004845 0.003244 -0.011813 -0.011620 0.999857
1750194902.025169134 0.061669 -0.038102 0.005069 0.002480 -0.013333 -0.013221 0.999821
1750194902.084382057 0.071917 -0.040291 0.005081 0.002109 -0.014394 -0.014783 0.999785
1750194902.246152401 0.082318 -0.040575 0.005154 0.003283 -0.014925 -0.015260 0.999767
1750194902.309697866 0.091594 -0.040366 0.004945 0.002944 -0.015052 -0.014796 0.999773
1750194902.468903542 0.101201 -0.040267 0.003973 0.002032 -0.015002 -0.013898 0.999789
1750194902.527324915 0.111251 -0.041002 0.003340 0.000092 -0.014772 -0.013093 0.999805
1750194902.684499264 0.122134 -0.041947 0.002920 -0.002340 -0.014295 -0.011980 0.999823
1750194902.743690968 0.133075 -0.042660 0.002465 -0.004042 -0.013416 -0.011267 0.999838
1750194902.900921822 0.143944 -0.043585 0.002026 -0.005771 -0.012262 -0.011161 0.999846
1750194902.956965208 0.154890 -0.045343 0.001646 -0.008731 -0.011053 -0.011485 0.999835
1750194903.113685131 0.165985 -0.047361 0.001384 -0.011596 -0.009824 -0.012018 0.999812
1750194903.170638084 0.177177 -0.049226 0.001313 -0.013804 -0.008523 -0.012711 0.999788
1750194903.327775955 0.188428 -0.051068 0.001284 -0.015751 -0.007085 -0.013379 0.999761
1750194903.381579638 0.199804 -0.053314 0.001130 -0.018596 -0.005647 -0.013950 0.999714
1750194903.542859077 0.211297 -0.055501 0.000730 -0.021059 -0.004203 -0.014525 0.999664
1750194903.599756956 0.222831 -0.057066 0.000212 -0.022069 -0.002817 -0.014937 0.999641
1750194903.758214951 0.234409 -0.058750 -0.000507 -0.023337 -0.001597 -0.015155 0.999612
1750194903.816828012 0.246171 -0.061060 -0.001442 -0.025679 -0.000539 -0.015229 0.999554
1750194903.979140282 0.258092 -0.063306 -0.001092 -0.027640 0.000075 -0.014966 0.999506
1750194904.035780430 0.269925 -0.064904 0.000453 -0.027370 0.000111 -0.014231 0.999524
1750194904.196252346 0.281572 -0.066626 0.001842 -0.026904 -0.000229 -0.013320 0.999549
1750194904.253710747 0.293217 -0.068523 0.002338 -0.026190 -0.000750 -0.012370 0.999580
1750194904.415195704 0.301968 -0.069746 0.004875 -0.028744 -0.000637 -0.018285 0.999419
1750194904.471054077 0.306488 -0.069740 0.007486 -0.032869 -0.000054 -0.030187 0.999004
1750194904.629422426 0.311809 -0.069639 0.008071 -0.035578 0.000093 -0.042136 0.998478
1750194904.684414625 0.317766 -0.068776 0.007321 -0.035117 -0.000279 -0.052918 0.997981
1750194904.846573830 0.324293 -0.067133 0.004914 -0.030967 -0.001178 -0.062802 0.997545
1750194904.907810450 0.332383 -0.066471 0.002979 -0.028566 -0.002982 -0.070897 0.997070
1750194905.075239658 0.341295 -0.066692 0.001235 -0.027148 -0.005329 -0.076792 0.996663
1750194905.140418291 0.350439 -0.067534 0.000099 -0.025584 -0.007792 -0.080638 0.996385
1750194905.299965858 0.357600 -0.069455 0.004174 -0.032393 -0.009078 -0.086553 0.995679
1750194905.356069088 0.364486 -0.070334 0.007712 -0.038615 -0.010423 -0.093388 0.994826
1750194905.516760588 0.372820 -0.070633 0.009248 -0.041954 -0.012252 -0.100387 0.993988
1750194905.578176260 0.380716 -0.069997 0.008972 -0.040031 -0.014273 -0.105929 0.993465
1750194905.739269733 0.388796 -0.069628 0.006923 -0.035266 -0.016400 -0.110997 0.993059
1750194905.802545071 0.397432 -0.070912 0.004253 -0.030503 -0.018391 -0.115169 0.992707
1750194905.969071388 0.406502 -0.074256 0.003724 -0.029137 -0.019657 -0.116710 0.992544
1750194906.030260801 0.416304 -0.077647 0.003199 -0.027558 -0.020627 -0.117756 0.992446
1750194906.191363573 0.425460 -0.080495 0.002569 -0.024294 -0.021594 -0.118114 0.992468
1750194906.250480890 0.435740 -0.084862 0.003007 -0.022701 -0.022207 -0.116973 0.992627
1750194906.409023523 0.447306 -0.088315 0.004577 -0.021087 -0.022399 -0.115040 0.992884
1750194906.467632055 0.462035 -0.087717 0.008744 -0.019970 -0.022339 -0.113093 0.993132
1750194906.628262997 0.477340 -0.088610 0.011504 -0.021940 -0.021841 -0.110404 0.993405
1750194906.688666821 0.492863 -0.090879 0.011576 -0.025330 -0.020943 -0.107351 0.993678
1750194906.850476742 0.508237 -0.093079 0.009879 -0.026223 -0.020182 -0.104226 0.994003
1750194906.909762144 0.522385 -0.093526 0.007211 -0.022569 -0.020100 -0.104772 0.994037
1750194907.073892593 0.535447 -0.095788 0.003865 -0.021600 -0.019428 -0.106251 0.993915
1750194907.135528564 0.548064 -0.099271 0.001967 -0.021731 -0.018624 -0.107589 0.993783
1750194907.300404072 0.560244 -0.102985 0.002980 -0.020490 -0.018057 -0.108761 0.993693
1750194907.361603022 0.572097 -0.106961 0.004259 -0.018117 -0.017568 -0.109745 0.993639
1750194907.524042845 0.583606 -0.111910 0.005807 -0.016897 -0.017007 -0.110809 0.993553
1750194907.583920956 0.595072 -0.117428 0.006795 -0.016477 -0.016364 -0.112275 0.993406
1750194907.747499704 0.607507 -0.121492 0.007912 -0.013605 -0.016213 -0.114813 0.993162
1750194907.808913946 0.621189 -0.126040 0.009328 -0.011243 -0.016226 -0.116561 0.992987
1750194907.971288681 0.635619 -0.131099 0.011986 -0.011208 -0.015975 -0.118998 0.992703
1750194908.031233311 0.650784 -0.136242 0.014872 -0.012342 -0.015544 -0.122021 0.992329
1750194908.191113949 0.666193 -0.141754 0.016275 -0.012869 -0.015237 -0.123920 0.992092
1750194908.250911951 0.681697 -0.147739 0.016630 -0.013780 -0.014819 -0.124878 0.991966
1750194908.411691427 0.696929 -0.153601 0.017183 -0.014264 -0.014372 -0.124632 0.991996
1750194908.472421885 0.711754 -0.159511 0.018200 -0.014980 -0.013753 -0.123351 0.992155
1750194908.634409904 0.726475 -0.164981 0.020283 -0.015035 -0.013096 -0.121191 0.992429
1750194908.694067478 0.741314 -0.170283 0.021886 -0.013873 -0.012640 -0.118502 0.992776
1750194908.854261160 0.755843 -0.175621 0.022343 -0.011332 -0.012476 -0.114867 0.993238
1750194908.914265633 0.769593 -0.181759 0.023927 -0.010845 -0.012206 -0.110434 0.993749
1750194909.074259758 0.782961 -0.188333 0.026246 -0.011673 -0.012000 -0.105395 0.994290
1750194909.133743048 0.796103 -0.194583 0.027707 -0.011489 -0.011893 -0.099774 0.994873
1750194909.298136234 0.808919 -0.200732 0.028468 -0.011281 -0.011551 -0.094958 0.995350
1750194909.358773470 0.821252 -0.206908 0.029468 -0.011135 -0.011732 -0.090804 0.995737
1750194909.519462109 0.833069 -0.213562 0.030535 -0.011694 -0.012436 -0.086999 0.996062
1750194909.581885338 0.844666 -0.220594 0.030970 -0.012504 -0.013642 -0.083074 0.996372
1750194909.739960670 0.855870 -0.227991 0.031185 -0.014448 -0.015330 -0.078973 0.996654
1750194909.799640417 0.866738 -0.235128 0.031020 -0.016051 -0.017574 -0.074516 0.996936
1750194909.956751823 0.877318 -0.241992 0.031115 -0.017114 -0.020524 -0.069720 0.997209
1750194910.015312672 0.887740 -0.248552 0.032037 -0.017731 -0.024249 -0.064465 0.997468
1750194910.167531252 0.897999 -0.255220 0.032871 -0.018800 -0.028325 -0.059345 0.997658
1750194910.227037907 0.908119 -0.261815 0.033543 -0.020193 -0.032403 -0.054681 0.997774
1750194910.377432823 0.918233 -0.267160 0.033390 -0.019181 -0.036156 -0.051551 0.997831
1750194910.435065031 0.928239 -0.270910 0.032935 -0.015879 -0.039469 -0.050621 0.997811
1750194910.583432913 0.938202 -0.273909 0.033550 -0.013462 -0.042439 -0.051401 0.997685
1750194910.641742945 0.948156 -0.276690 0.033966 -0.011432 -0.045189 -0.052435 0.997536
1750194910.785057545 0.957896 -0.280154 0.035114 -0.012222 -0.047240 -0.053819 0.997358
1750194910.842907190 0.967589 -0.283769 0.035869 -0.013553 -0.048807 -0.055744 0.997159
1750194910.991172791 0.977348 -0.288062 0.036072 -0.016189 -0.050078 -0.058258 0.996913
1750194911.048940897 0.987122 -0.292227 0.037978 -0.018230 -0.051090 -0.062171 0.996590
1750194911.196191072 0.996913 -0.295834 0.040372 -0.018232 -0.051994 -0.066784 0.996245
1750194911.253084183 1.006939 -0.299407 0.041310 -0.016825 -0.053147 -0.070330 0.995965
1750194911.399282932 1.017137 -0.303274 0.042246 -0.016161 -0.054044 -0.072645 0.995761
1750194911.458172083 1.027443 -0.307060 0.042770 -0.015306 -0.054803 -0.074045 0.995630
1750194911.606718779 1.037797 -0.310616 0.042967 -0.013684 -0.055483 -0.074958 0.995548
1750194911.667978525 1.048099 -0.314215 0.043029 -0.011825 -0.055984 -0.075727 0.995485
1750194911.813133717 1.058304 -0.317812 0.043107 -0.009787 -0.056335 -0.076430 0.995434
1750194911.870516300 1.068365 -0.321619 0.044394 -0.009250 -0.056392 -0.076872 0.995402
1750194912.014930248 1.078427 -0.325733 0.046460 -0.010338 -0.056097 -0.076689 0.995422
1750194912.073084116 1.088805 -0.330015 0.047448 -0.011076 -0.055646 -0.075925 0.995498
1750194912.217673779 1.099018 -0.334774 0.048422 -0.012405 -0.054748 -0.075100 0.995595
1750194912.272819757 1.109352 -0.339635 0.048923 -0.013530 -0.054016 -0.074591 0.995658
1750194912.417986631 1.119710 -0.344134 0.049098 -0.014267 -0.053170 -0.074656 0.995689
1750194912.475341797 1.129964 -0.347603 0.050152 -0.014158 -0.052102 -0.075568 0.995678
1750194912.622016191 1.140339 -0.350854 0.051248 -0.014858 -0.050602 -0.077140 0.995624
1750194912.678169966 1.151024 -0.353816 0.051868 -0.015081 -0.048942 -0.078762 0.995577
1750194912.823567152 1.162075 -0.356461 0.052191 -0.014467 -0.047279 -0.080131 0.995557
1750194912.879040241 1.173063 -0.359043 0.052591 -0.012580 -0.045627 -0.080741 0.995611
1750194913.024209976 1.184038 -0.361703 0.052278 -0.009989 -0.044020 -0.081117 0.995682
1750194913.080274343 1.195053 -0.364449 0.051153 -0.006519 -0.042470 -0.081265 0.995766
1750194913.228853941 1.206034 -0.367807 0.048890 -0.002612 -0.040894 -0.081311 0.995846
1750194913.284474611 1.216468 -0.373654 0.048078 -0.004754 -0.038473 -0.081703 0.995903
1750194913.435992241 1.226915 -0.379257 0.049034 -0.006277 -0.036471 -0.082086 0.995938
1750194913.491607189 1.237181 -0.383478 0.052101 -0.004907 -0.035150 -0.082122 0.995990
1750194913.644149303 1.247217 -0.387305 0.055272 -0.002894 -0.034166 -0.081760 0.996062
1750194913.701412678 1.257163 -0.390809 0.057831 -0.000430 -0.033347 -0.081181 0.996141
1750194913.850981951 1.267016 -0.394050 0.059977 0.001736 -0.032443 -0.080882 0.996194
1750194913.909924030 1.276951 -0.397106 0.061733 0.003851 -0.031533 -0.080683 0.996233
1750194914.060565233 1.286838 -0.400536 0.063575 0.005387 -0.030728 -0.080338 0.996279
1750194914.118071795 1.296604 -0.404668 0.065632 0.005699 -0.029929 -0.079988 0.996330
1750194914.269619703 1.306511 -0.409123 0.067270 0.006171 -0.029315 -0.079090 0.996417
1750194914.327307940 1.316606 -0.414135 0.068891 0.006853 -0.029029 -0.077330 0.996559
1750194914.474528790 1.326845 -0.420311 0.070642 0.005682 -0.028689 -0.075028 0.996752
1750194914.532714605 1.337160 -0.426444 0.072015 0.005920 -0.028624 -0.071941 0.996980
1750194914.683506489 1.347276 -0.432744 0.073244 0.006703 -0.028840 -0.067505 0.997279
1750194914.739083290 1.357211 -0.439563 0.074910 0.006301 -0.028882 -0.062302 0.997619
1750194914.886484146 1.367316 -0.446115 0.075679 0.007520 -0.029084 -0.056742 0.997937
1750194914.941922188 1.377586 -0.452472 0.074992 0.010903 -0.029592 -0.050968 0.998202
1750194915.091240168 1.387871 -0.459029 0.073144 0.015250 -0.030260 -0.044844 0.998419
1750194915.150840282 1.398256 -0.466539 0.071993 0.017324 -0.030988 -0.038194 0.998640
1750194915.302671671 1.408626 -0.474117 0.073857 0.017226 -0.031880 -0.030292 0.998884
1750194915.361127853 1.419114 -0.482477 0.075847 0.014434 -0.032564 -0.022100 0.999121
1750194915.511121511 1.429638 -0.491290 0.076653 0.010612 -0.032835 -0.014789 0.999295
1750194915.569520712 1.440505 -0.500061 0.075897 0.007737 -0.033392 -0.007945 0.999381
1750194915.722707272 1.451472 -0.508107 0.075704 0.005583 -0.033807 -0.002262 0.999410
1750194915.784285069 1.462476 -0.514375 0.076435 0.005911 -0.034105 0.001915 0.999399
1750194915.938100576 1.473527 -0.519855 0.076653 0.007288 -0.034218 0.004877 0.999376
1750194915.999605656 1.484507 -0.524801 0.076679 0.008389 -0.033968 0.006333 0.999368
1750194916.150578737 1.495555 -0.529148 0.076805 0.008916 -0.033384 0.006341 0.999383
1750194916.211647272 1.506761 -0.533070 0.076275 0.009400 -0.032536 0.005110 0.999413
1750194916.364248037 1.518147 -0.536266 0.075672 0.010576 -0.031502 0.003150 0.999443
1750194916.425552845 1.529678 -0.539061 0.075162 0.011919 -0.030358 0.001199 0.999467
1750194916.578394175 1.541237 -0.541658 0.075038 0.012753 -0.029056 -0.000654 0.999496
1750194916.641413689 1.552934 -0.544629 0.074698 0.012434 -0.027617 -0.002538 0.999538
1750194916.793862820 1.564960 -0.548058 0.074366 0.011648 -0.026334 -0.003578 0.999579
1750194916.853691339 1.577202 -0.551733 0.074944 0.011105 -0.024801 -0.003706 0.999624
1750194917.006871700 1.589621 -0.555670 0.074861 0.011262 -0.023113 -0.003318 0.999664
1750194917.068046808 1.601806 -0.559064 0.074630 0.014392 -0.021297 -0.002126 0.999667
1750194917.224428177 1.613718 -0.562958 0.075233 0.016400 -0.019272 -0.000479 0.999680
1750194917.285294056 1.625406 -0.567240 0.076640 0.016506 -0.017238 0.000334 0.999715
1750194917.441202879 1.637090 -0.571078 0.077664 0.017412 -0.015303 0.001191 0.999731
1750194917.499433279 1.648628 -0.574499 0.078689 0.018675 -0.013504 0.002158 0.999732
1750194917.657824516 1.659930 -0.577450 0.079798 0.020657 -0.011829 0.003291 0.999711
1750194917.719021559 1.670916 -0.579747 0.081362 0.023117 -0.010115 0.004132 0.999673
1750194917.879914522 1.681776 -0.581743 0.082913 0.025120 -0.008366 0.004593 0.999639
1750194917.940027237 1.692750 -0.583896 0.083782 0.026532 -0.006759 0.005218 0.999611
1750194918.100579739 1.703841 -0.586305 0.084218 0.027685 -0.005422 0.006391 0.999582
1750194918.159028292 1.714974 -0.589533 0.084981 0.026789 -0.004353 0.007844 0.999601
1750194918.321874619 1.726163 -0.592900 0.085626 0.025556 -0.003493 0.009520 0.999622
1750194918.383379698 1.737397 -0.595530 0.086178 0.026002 -0.002940 0.011671 0.999589
1750194918.547772169 1.748528 -0.598222 0.086476 0.026352 -0.002620 0.013891 0.999553
1750194918.609054327 1.759679 -0.601542 0.086856 0.025098 -0.002622 0.016230 0.999550
1750194918.773407936 1.770856 -0.605057 0.086967 0.023520 -0.002904 0.018716 0.999544
1750194918.836507082 1.782020 -0.608430 0.086888 0.022409 -0.003585 0.021541 0.999510
1750194918.996855736 1.793039 -0.611595 0.087220 0.021697 -0.004554 0.024416 0.999456
1750194919.058220625 1.804009 -0.615066 0.087582 0.020355 -0.005687 0.027008 0.999412
1750194919.222816229 1.814871 -0.618124 0.088070 0.019813 -0.006978 0.029230 0.999352
1750194919.281732798 1.825538 -0.620831 0.088788 0.019669 -0.008314 0.030817 0.999297
1750194919.441519260 1.836133 -0.623666 0.088675 0.019118 -0.009506 0.031586 0.999273
1750194919.501039982 1.846647 -0.626746 0.088331 0.017399 -0.010594 0.031586 0.999293
1750194919.664055347 1.857153 -0.629770 0.088058 0.015148 -0.011815 0.031601 0.999316
1750194919.722499132 1.867708 -0.632316 0.087403 0.013629 -0.013236 0.031867 0.999312
1750194919.881984711 1.878373 -0.635100 0.086267 0.011649 -0.015060 0.032652 0.999285
1750194919.942104578 1.889024 -0.638361 0.086565 0.008439 -0.017206 0.033613 0.999251
1750194920.102968216 1.899633 -0.640743 0.087649 0.007667 -0.019428 0.034720 0.999179
1750194920.163457632 1.910067 -0.642570 0.088923 0.008608 -0.021483 0.035367 0.999106
1750194920.324380398 1.920257 -0.644346 0.090225 0.009319 -0.023157 0.035249 0.999067
1750194920.384210587 1.930332 -0.645963 0.091551 0.010331 -0.024411 0.034701 0.999046
1750194920.539880753 1.940436 -0.647735 0.092624 0.011330 -0.025346 0.034140 0.999031
1750194920.597612619 1.950550 -0.649404 0.093668 0.012712 -0.025985 0.033499 0.999020
1750194920.750674248 1.960717 -0.650918 0.094976 0.014168 -0.026290 0.032719 0.999018
1750194920.809472084 1.971055 -0.652409 0.096142 0.015304 -0.026417 0.032026 0.999021
1750194920.967008829 1.981503 -0.653892 0.096649 0.016295 -0.026420 0.031527 0.999021
1750194921.028164148 1.992026 -0.655351 0.096680 0.017122 -0.026301 0.031177 0.999021
1750194921.182103157 2.002678 -0.656991 0.096455 0.017094 -0.026130 0.031048 0.999030
1750194921.242945910 2.013498 -0.659113 0.095978 0.015729 -0.025819 0.030824 0.999067
1750194921.397126675 2.024299 -0.660411 0.095958 0.016325 -0.025204 0.030510 0.999083
1750194921.456664085 2.035157 -0.661387 0.095955 0.017428 -0.024449 0.030348 0.999088
1750194921.611576080 2.046076 -0.662441 0.095636 0.018368 -0.023655 0.030329 0.999091
1750194921.669314623 2.057007 -0.663717 0.095594 0.018606 -0.022810 0.030479 0.999102
1750194921.827167988 2.067868 -0.664938 0.095849 0.019104 -0.021852 0.030661 0.999108
1750194921.886907339 2.078701 -0.666295 0.096381 0.019341 -0.020884 0.030926 0.999116
1750194922.044121027 2.089578 -0.667836 0.096556 0.019259 -0.019980 0.031276 0.999125
1750194922.105529547 2.100391 -0.669061 0.096633 0.020175 -0.019020 0.031572 0.999117
1750194922.261881113 2.111141 -0.670193 0.096605 0.021623 -0.017995 0.031710 0.999101
1750194922.320321083 2.121903 -0.671949 0.096629 0.021763 -0.017039 0.031693 0.999115
1750194922.480253458 2.132680 -0.674797 0.097772 0.018949 -0.016488 0.031717 0.999181
1750194922.538945675 2.143427 -0.677467 0.099073 0.017011 -0.016018 0.031790 0.999221
1750194922.698035955 2.154138 -0.679899 0.100068 0.015723 -0.015637 0.032004 0.999242
1750194922.757688046 2.164893 -0.682279 0.100218 0.014180 -0.015487 0.032554 0.999249
1750194922.914404392 2.175536 -0.684449 0.100416 0.012342 -0.015518 0.033442 0.999244
1750194922.972985268 2.186089 -0.686698 0.100945 0.009706 -0.015842 0.034631 0.999227
1750194923.132189274 2.196520 -0.688124 0.101719 0.008939 -0.016193 0.035698 0.999191
1750194923.191281319 2.206857 -0.689120 0.102376 0.009035 -0.016692 0.036472 0.999154
1750194923.348315716 2.217193 -0.690219 0.102464 0.008999 -0.017336 0.036888 0.999129
1750194923.407447100 2.227428 -0.691484 0.102934 0.008400 -0.018178 0.037353 0.999101
1750194923.565265179 2.237630 -0.692877 0.103607 0.007924 -0.019155 0.037907 0.999066
1750194923.623407125 2.247829 -0.694102 0.104548 0.008508 -0.020212 0.038367 0.999023
1750194923.785271645 2.258110 -0.695586 0.105454 0.008860 -0.021514 0.038849 0.998974
1750194923.843782663 2.268407 -0.697312 0.106179 0.008724 -0.023035 0.039430 0.998919
1750194923.998430490 2.278653 -0.699154 0.106733 0.008239 -0.024717 0.040054 0.998858
1750194924.055584669 2.288790 -0.700673 0.107035 0.008380 -0.026343 0.040428 0.998800
1750194924.206893682 2.298797 -0.701680 0.107435 0.009366 -0.027813 0.040539 0.998747
1750194924.265539646 2.308780 -0.703131 0.108405 0.008790 -0.029269 0.040590 0.998708
1750194924.417768717 2.318796 -0.705260 0.109369 0.006924 -0.030589 0.040274 0.998696
1750194924.474708319 2.328906 -0.707549 0.110277 0.004870 -0.031758 0.039657 0.998697
1750194924.628328800 2.339040 -0.709303 0.111368 0.003900 -0.032653 0.038729 0.998708
1750194924.684238672 2.349331 -0.710837 0.112324 0.002916 -0.033424 0.037939 0.998717
1750194924.834172726 2.359758 -0.712318 0.112350 0.002064 -0.034031 0.037154 0.998728
1750194924.891537905 2.370275 -0.713509 0.111854 0.001740 -0.034295 0.036113 0.998758
1750194925.040999651 2.380907 -0.714521 0.111254 0.001624 -0.034162 0.034945 0.998804
1750194925.097527266 2.391638 -0.715420 0.110444 0.002047 -0.033778 0.034058 0.998847
1750194925.250478506 2.402513 -0.716487 0.109929 0.002366 -0.033355 0.033784 0.998870
1750194925.305343151 2.413585 -0.718471 0.109730 0.001028 -0.032882 0.033785 0.998888
1750194925.456583023 2.424871 -0.721222 0.109216 -0.001738 -0.032313 0.033913 0.998901
1750194925.514143467 2.436117 -0.723689 0.108562 -0.003198 -0.031311 0.033783 0.998934
1750194925.669681549 2.447221 -0.725173 0.109046 -0.002256 -0.029815 0.033308 0.998998
1750194925.727065802 2.458392 -0.726794 0.109213 -0.001514 -0.028077 0.032608 0.999073
1750194925.882556438 2.469668 -0.728557 0.108865 -0.001107 -0.026139 0.031702 0.999155
1750194925.941540956 2.481134 -0.730401 0.108839 -0.001522 -0.024083 0.030818 0.999234
1750194926.105576992 2.492850 -0.732373 0.108740 -0.002390 -0.022066 0.030287 0.999295
1750194926.165412188 2.504786 -0.734512 0.108369 -0.003647 -0.020161 0.030063 0.999338
1750194926.324392080 2.516801 -0.736447 0.108563 -0.004710 -0.018251 0.029944 0.999374
1750194926.382124186 2.528858 -0.738301 0.108301 -0.005908 -0.016318 0.029790 0.999406
1750194926.541598320 2.540990 -0.740195 0.107887 -0.008035 -0.014550 0.029697 0.999421
1750194926.597719193 2.553212 -0.742185 0.106928 -0.010854 -0.012945 0.029599 0.999419
1750194926.761967182 2.565518 -0.744405 0.106147 -0.014998 -0.011579 0.029503 0.999385
1750194926.821587563 2.577832 -0.746008 0.105645 -0.017796 -0.010274 0.029371 0.999357
1750194926.983383894 2.589969 -0.746881 0.105365 -0.018701 -0.009155 0.029409 0.999351
1750194927.040859222 2.601667 -0.747508 0.105731 -0.019081 -0.008579 0.030045 0.999330
1750194927.205780268 2.612942 -0.748306 0.106549 -0.019694 -0.008408 0.031100 0.999287
1750194927.263990164 2.623764 -0.748978 0.107582 -0.019434 -0.008360 0.032217 0.999257
1750194927.427674770 2.634232 -0.749773 0.108421 -0.019188 -0.008413 0.033148 0.999231
1750194927.485920429 2.644594 -0.750891 0.108741 -0.019444 -0.008669 0.033932 0.999197
1750194927.652515888 2.654788 -0.752073 0.108832 -0.019700 -0.009086 0.034620 0.999165
1750194927.708062649 2.664800 -0.753228 0.109119 -0.020059 -0.009701 0.035191 0.999132
1750194927.870521545 2.674756 -0.754451 0.109752 -0.020740 -0.010688 0.035877 0.999084
1750194927.928925991 2.685183 -0.755673 0.110541 -0.021365 -0.011928 0.036609 0.999030
1750194928.095049620 2.694763 -0.756403 0.112269 -0.021463 -0.013118 0.037033 0.998997
1750194928.156216860 2.704309 -0.757414 0.113696 -0.022373 -0.014230 0.037102 0.998960
1750194928.318416119 2.713894 -0.758308 0.114783 -0.023143 -0.015326 0.037049 0.998928
1750194928.377814770 2.723572 -0.759092 0.115422 -0.023844 -0.016391 0.036876 0.998901
1750194928.540724993 2.733347 -0.759205 0.116082 -0.023391 -0.017465 0.036824 0.998895
1750194928.601498842 2.743217 -0.759017 0.116914 -0.022691 -0.018504 0.036823 0.998893
1750194928.762443781 2.753221 -0.759153 0.118019 -0.023376 -0.019459 0.036585 0.998868
1750194928.817767143 2.762750 -0.759585 0.118636 -0.024461 -0.020338 0.036549 0.998825
1750194928.976161003 2.772976 -0.760188 0.119121 -0.025674 -0.021279 0.036816 0.998766
1750194929.032221556 2.783262 -0.760933 0.119639 -0.027237 -0.022164 0.037139 0.998693
1750194929.187911272 2.793542 -0.761326 0.120576 -0.028202 -0.022948 0.037415 0.998638
1750194929.244037867 2.803755 -0.761546 0.121542 -0.028683 -0.023557 0.037392 0.998611
1750194929.398543835 2.813983 -0.761662 0.121987 -0.028467 -0.023951 0.037089 0.998619
1750194929.455938578 2.824167 -0.761440 0.122454 -0.027064 -0.024103 0.036683 0.998670
1750194929.610681534 2.834367 -0.761279 0.122808 -0.025163 -0.024115 0.036355 0.998731
1750194929.668443680 2.844785 -0.761483 0.123361 -0.024016 -0.023909 0.036135 0.998772
1750194929.825503588 2.855705 -0.762182 0.123833 -0.023349 -0.023577 0.036674 0.998776
1750194929.881127357 2.866919 -0.763308 0.124195 -0.022449 -0.023055 0.038039 0.998758
1750194930.037259340 2.878665 -0.764777 0.125111 -0.021863 -0.022299 0.040467 0.998693
1750194930.095018148 2.891045 -0.766183 0.125630 -0.020556 -0.021391 0.043696 0.998604
1750194930.250850677 2.903614 -0.767238 0.125150 -0.017046 -0.020321 0.047357 0.998526
1750194930.307915926 2.916373 -0.768371 0.124043 -0.012554 -0.019170 0.051545 0.998408
1750194930.464751959 2.929368 -0.769814 0.123485 -0.008621 -0.017890 0.056301 0.998216
1750194930.522060394 2.942477 -0.772007 0.123894 -0.007288 -0.016228 0.061188 0.997968
1750194930.682007551 2.955194 -0.774501 0.124415 -0.007229 -0.014190 0.065435 0.997730
1750194930.738907099 2.967520 -0.776394 0.125107 -0.006853 -0.012144 0.068496 0.997554
1750194930.898456812 2.979634 -0.778029 0.125113 -0.006537 -0.009906 0.070503 0.997441
1750194930.956806660 2.991631 -0.779865 0.124024 -0.007291 -0.007557 0.071504 0.997385
1750194931.123632431 3.003560 -0.781510 0.123008 -0.008606 -0.005422 0.072371 0.997326
1750194931.183492661 3.015463 -0.783361 0.122350 -0.011210 -0.003751 0.073489 0.997226
1750194931.349457741 3.027222 -0.784513 0.122583 -0.011949 -0.002702 0.075239 0.997090
1750194931.412895203 3.038715 -0.785414 0.123788 -0.011721 -0.002464 0.077344 0.996933
1750194931.581097841 3.050076 -0.786618 0.125029 -0.011763 -0.002883 0.079503 0.996761
1750194931.639146328 3.061382 -0.788154 0.125916 -0.012175 -0.003915 0.081867 0.996561
1750194931.805831432 3.072656 -0.789778 0.125737 -0.012259 -0.005354 0.084487 0.996335
1750194931.864642143 3.083838 -0.791451 0.125557 -0.012680 -0.007308 0.087213 0.996082
1750194932.027209997 3.094919 -0.793183 0.125297 -0.013555 -0.009585 0.089879 0.995814
1750194932.085134506 3.105913 -0.794801 0.125618 -0.014177 -0.012186 0.092470 0.995540
1750194932.247569561 3.116491 -0.795798 0.126145 -0.013134 -0.014487 0.094364 0.995346
1750194932.305319071 3.126661 -0.796272 0.126501 -0.010818 -0.016283 0.095266 0.995260
1750194932.468551397 3.137441 -0.796764 0.127179 -0.008758 -0.017750 0.095300 0.995252
1750194932.529216290 3.146909 -0.797184 0.128301 -0.007011 -0.018840 0.095359 0.995240
1750194932.694856644 3.156481 -0.797798 0.129069 -0.005158 -0.019940 0.096372 0.995132
1750194932.749650955 3.166747 -0.798873 0.129680 -0.003574 -0.020986 0.098728 0.994887
1750194932.912346125 3.177009 -0.800110 0.130931 -0.002772 -0.021573 0.101613 0.994586
1750194932.969041348 3.187270 -0.800881 0.131790 -0.001417 -0.022123 0.103690 0.994363
1750194933.128241062 3.197481 -0.801050 0.132411 0.000796 -0.022414 0.104891 0.994231
1750194933.185901165 3.207768 -0.800929 0.133212 0.002517 -0.022655 0.105487 0.994159
1750194933.346390486 3.218152 -0.800690 0.133554 0.003903 -0.022765 0.105615 0.994139
1750194933.401776075 3.228570 -0.800315 0.133603 0.005168 -0.022722 0.105394 0.994157
1750194933.560458899 3.239225 -0.800298 0.133653 0.004894 -0.022682 0.104963 0.994205
1750194933.616455793 3.250050 -0.800632 0.133240 0.003414 -0.022761 0.104653 0.994242
1750194933.776470184 3.260747 -0.800475 0.132887 0.002826 -0.022714 0.104548 0.994256
1750194933.833718300 3.271226 -0.799846 0.132840 0.003014 -0.022501 0.104463 0.994270
1750194933.990113258 3.281625 -0.799262 0.133374 0.002421 -0.022269 0.104281 0.994296
1750194934.047370434 3.292052 -0.798803 0.133630 0.001344 -0.022138 0.104226 0.994306
1750194934.205600739 3.302456 -0.798530 0.133537 -0.000284 -0.021989 0.103927 0.994342
1750194934.264142036 3.312878 -0.798462 0.133249 -0.002821 -0.021840 0.103396 0.994396
1750194934.424616814 3.323352 -0.798676 0.132580 -0.006263 -0.021726 0.103033 0.994421
1750194934.482897997 3.333507 -0.797644 0.132918 -0.007222 -0.021287 0.102843 0.994444
1750194934.647216320 3.343572 -0.796017 0.134101 -0.006641 -0.020538 0.102706 0.994478
1750194934.706530333 3.353767 -0.794634 0.134921 -0.006673 -0.019779 0.102493 0.994515
1750194934.869481325 3.363980 -0.793093 0.135394 -0.006214 -0.019008 0.102452 0.994537
1750194934.925828457 3.374182 -0.791435 0.135868 -0.004484 -0.018228 0.102578 0.994548
1750194935.087313890 3.384478 -0.790244 0.135969 -0.002695 -0.017494 0.102641 0.994561
1750194935.146039724 3.394909 -0.789595 0.136233 -0.001350 -0.017083 0.103068 0.994527
1750194935.305464506 3.405519 -0.789332 0.136787 -0.000092 -0.017220 0.104512 0.994375
1750194935.365709543 3.416489 -0.789974 0.138280 -0.001117 -0.017990 0.107416 0.994051
1750194935.524641514 3.427438 -0.790887 0.140444 -0.002395 -0.018984 0.111506 0.993580
1750194935.582905531 3.438480 -0.792214 0.142049 -0.004159 -0.020171 0.116139 0.993019
1750194935.742412329 3.449368 -0.793573 0.143934 -0.006156 -0.021389 0.121348 0.992360
1750194935.802549362 3.459892 -0.794821 0.146006 -0.007858 -0.022458 0.127028 0.991614
1750194935.963002205 3.470526 -0.795911 0.147560 -0.009506 -0.023244 0.132479 0.990868
1750194936.024754286 3.480179 -0.795689 0.148909 -0.008236 -0.024022 0.135913 0.990395
1750194936.187562227 3.489548 -0.794877 0.150160 -0.007108 -0.024682 0.137275 0.990200
1750194936.249336481 3.498932 -0.793400 0.150954 -0.006277 -0.025271 0.137537 0.990154
1750194936.424912214 3.508549 -0.791442 0.151228 -0.005631 -0.025899 0.137518 0.990145
1750194936.486273527 3.518267 -0.789436 0.151035 -0.005194 -0.026560 0.137431 0.990142
1750194936.649805069 3.528020 -0.787692 0.151322 -0.005911 -0.027254 0.137103 0.990164
1750194936.713573694 3.537843 -0.786139 0.151538 -0.006781 -0.027948 0.136679 0.990198
1750194936.872590303 3.547663 -0.784449 0.151745 -0.006901 -0.028616 0.136413 0.990215
1750194936.933959484 3.556912 -0.782861 0.151953 -0.006926 -0.029263 0.136205 0.990224
1750194937.090794563 3.566864 -0.781426 0.152263 -0.007819 -0.029978 0.135862 0.990243
1750194937.147009850 3.576912 -0.780120 0.152366 -0.009096 -0.030693 0.135442 0.990268
1750194937.303158045 3.587003 -0.778723 0.152050 -0.010175 -0.031336 0.134991 0.990299
1750194937.361651897 3.597162 -0.777396 0.151150 -0.011601 -0.031951 0.134453 0.990337
1750194937.516666889 3.607476 -0.776453 0.149634 -0.013710 -0.032664 0.134062 0.990340
1750194937.575502872 3.617504 -0.774386 0.149309 -0.012191 -0.033274 0.133948 0.990355
1750194937.734051943 3.627655 -0.772744 0.150049 -0.010641 -0.034486 0.133408 0.990404
1750194937.792327404 3.637963 -0.771347 0.151811 -0.008684 -0.035979 0.132269 0.990523
1750194937.947179317 3.648384 -0.770292 0.154660 -0.006619 -0.037702 0.130349 0.990729
1750194938.003878832 3.658963 -0.769510 0.158321 -0.004226 -0.039524 0.127849 0.990997
1750194938.155095577 3.669674 -0.769984 0.160373 -0.003756 -0.041380 0.125129 0.991270
1750194938.213730097 3.680607 -0.771163 0.160966 -0.004493 -0.043610 0.122655 0.991481
1750194938.367599726 3.691267 -0.771762 0.161645 -0.004507 -0.045691 0.120544 0.991646
1750194938.426278830 3.701828 -0.772402 0.162087 -0.005566 -0.047728 0.118349 0.991809
1750194938.579281569 3.712299 -0.773131 0.161856 -0.007579 -0.049623 0.116107 0.991967
1750194938.640939713 3.722516 -0.773380 0.162119 -0.009166 -0.050926 0.113631 0.992175
1750194938.799746037 3.732566 -0.772735 0.163035 -0.008846 -0.051518 0.111639 0.992373
1750194938.863679886 3.742239 -0.771917 0.164027 -0.008225 -0.051700 0.110382 0.992510
1750194939.021316051 3.751925 -0.770881 0.165039 -0.007056 -0.051599 0.109599 0.992611
1750194939.084819317 3.761669 -0.770296 0.165935 -0.006858 -0.051305 0.108993 0.992694
1750194939.244684696 3.771333 -0.769728 0.167017 -0.006545 -0.050599 0.108305 0.992808
1750194939.307047129 3.781011 -0.769016 0.168400 -0.005955 -0.049544 0.107554 0.992946
1750194939.461611748 3.790851 -0.768440 0.169367 -0.005723 -0.048461 0.106910 0.993070
1750194939.521212101 3.800442 -0.768007 0.170076 -0.006200 -0.047481 0.106346 0.993175
1750194939.673128366 3.810276 -0.767626 0.170583 -0.007033 -0.046509 0.105772 0.993277
1750194939.730970621 3.820380 -0.767251 0.170945 -0.008297 -0.045599 0.105336 0.993356
1750194939.884632349 3.830478 -0.766673 0.171202 -0.009677 -0.044714 0.105063 0.993413
1750194939.941445589 3.840570 -0.765632 0.171276 -0.010453 -0.043759 0.104665 0.993489
1750194940.097026110 3.850664 -0.764223 0.171208 -0.010662 -0.042730 0.104181 0.993583
1750194940.154457569 3.860643 -0.762474 0.171985 -0.009590 -0.041497 0.104045 0.993660
1750194940.309608221 3.870638 -0.761135 0.172777 -0.008264 -0.040338 0.104215 0.993702
1750194940.371112108 3.881121 -0.759870 0.173736 -0.006259 -0.039189 0.104562 0.993726
1750194940.530081511 3.890481 -0.759250 0.175643 -0.005301 -0.038549 0.104766 0.993735
1750194940.587923050 3.900513 -0.759020 0.177361 -0.004567 -0.038081 0.104983 0.993734
1750194940.743216991 3.910594 -0.759127 0.178736 -0.004004 -0.037756 0.105342 0.993711
1750194940.802385092 3.920685 -0.759460 0.179865 -0.003780 -0.037538 0.105816 0.993670
1750194940.960307360 3.930820 -0.759871 0.180997 -0.004275 -0.037520 0.106456 0.993600
1750194941.018342495 3.940848 -0.759754 0.182312 -0.004212 -0.037578 0.107353 0.993502
1750194941.178190231 3.950781 -0.759021 0.183516 -0.003281 -0.037687 0.108211 0.993408
1750194941.243060112 3.961474 -0.758077 0.184388 -0.001974 -0.037816 0.108902 0.993331
1750194941.402943134 3.971018 -0.757342 0.184947 -0.000961 -0.038002 0.109301 0.993282
1750194941.459181309 3.980672 -0.756960 0.185650 -0.001011 -0.038340 0.109692 0.993225
1750194941.612749100 3.990748 -0.756556 0.186431 -0.001110 -0.038719 0.110107 0.993165
1750194941.671280384 4.000754 -0.755750 0.187226 -0.000292 -0.038906 0.110220 0.993145
1750194941.826463699 4.010815 -0.755074 0.187814 0.000079 -0.039017 0.109895 0.993177
1750194941.883815765 4.020977 -0.754668 0.188356 -0.000550 -0.039072 0.109212 0.993250
1750194942.039298534 4.031181 -0.754360 0.188502 -0.001408 -0.039063 0.108569 0.993320
1750194942.097376108 4.041378 -0.754181 0.188530 -0.002532 -0.038961 0.107974 0.993387
1750194942.254578114 4.051996 -0.753694 0.189061 -0.003148 -0.038409 0.106888 0.993524
1750194942.312767267 4.061425 -0.753319 0.189478 -0.003811 -0.037735 0.105768 0.993667
1750194942.467544317 4.071515 -0.753086 0.189571 -0.004767 -0.036937 0.104534 0.993824
1750194942.527030230 4.081685 -0.752717 0.190407 -0.005639 -0.035885 0.103108 0.994007
1750194942.687410116 4.091530 -0.752674 0.190804 -0.006858 -0.034685 0.101472 0.994210
1750194942.745280266 4.101747 -0.753240 0.189834 -0.009189 -0.033497 0.099754 0.994406
1750194942.910236835 4.112150 -0.752491 0.190092 -0.008647 -0.031808 0.098083 0.994632
1750194942.969065189 4.121544 -0.752035 0.190917 -0.008669 -0.030445 0.096761 0.994804
1750194943.131466866 4.131697 -0.751949 0.192156 -0.010234 -0.029326 0.095621 0.994933
1750194943.189044237 4.141948 -0.751834 0.193377 -0.012516 -0.028579 0.094929 0.994995
1750194943.351999044 4.152228 -0.751447 0.194051 -0.014471 -0.028072 0.094614 0.995013
1750194943.410814285 4.162469 -0.750935 0.194763 -0.016307 -0.027750 0.094505 0.995004
1750194943.576161623 4.172604 -0.750078 0.195822 -0.017507 -0.027535 0.094385 0.995001
1750194943.636462450 4.182800 -0.749180 0.196854 -0.018687 -0.027596 0.094582 0.994959
1750194943.800050020 4.192986 -0.748234 0.197633 -0.019551 -0.027850 0.094992 0.994896
1750194943.858345509 4.203141 -0.747399 0.198064 -0.020321 -0.028221 0.095328 0.994838
1750194944.021398783 4.213218 -0.746744 0.198837 -0.021597 -0.028563 0.095282 0.994806
1750194944.078790188 4.223259 -0.745780 0.199832 -0.022114 -0.028885 0.095230 0.994790
1750194944.243232965 4.233288 -0.744610 0.200676 -0.021747 -0.029188 0.095444 0.994769
1750194944.300286293 4.243305 -0.743480 0.201143 -0.020838 -0.029379 0.095690 0.994759
1750194944.464020967 4.253343 -0.742372 0.201539 -0.019340 -0.029427 0.095856 0.994772
1750194944.522057533 4.263478 -0.741620 0.201705 -0.018003 -0.029498 0.096058 0.994776
1750194944.683891535 4.273745 -0.741602 0.202212 -0.018023 -0.029775 0.096488 0.994725
1750194944.742397070 4.284053 -0.741765 0.202809 -0.018019 -0.030205 0.097324 0.994631
1750194944.908613443 4.294151 -0.741609 0.203339 -0.016853 -0.030404 0.097995 0.994580
1750194944.972723007 4.304281 -0.741315 0.204085 -0.015344 -0.030346 0.098243 0.994581
1750194945.139316797 4.314244 -0.741394 0.204781 -0.014794 -0.030186 0.098259 0.994593
1750194945.196073771 4.324082 -0.741824 0.205300 -0.015247 -0.029979 0.098106 0.994607
1750194945.357365131 4.334113 -0.742119 0.205941 -0.015592 -0.029584 0.097720 0.994652
1750194945.415294886 4.344199 -0.741950 0.206918 -0.015314 -0.029087 0.097385 0.994704
1750194945.577179909 4.354298 -0.741284 0.208106 -0.014115 -0.028441 0.097164 0.994762
1750194945.635223150 4.364464 -0.740632 0.208960 -0.012406 -0.027570 0.097031 0.994822
1750194945.795144081 4.374699 -0.740213 0.209301 -0.010717 -0.026558 0.096793 0.994892
1750194945.852700949 4.385050 -0.740459 0.209993 -0.010516 -0.025691 0.096521 0.994944
1750194946.016111612 4.395389 -0.740693 0.211291 -0.010335 -0.025059 0.096606 0.994954
1750194946.074221611 4.405718 -0.740728 0.212476 -0.009555 -0.024659 0.097040 0.994929
1750194946.236005306 4.416019 -0.740720 0.213531 -0.008754 -0.024424 0.097546 0.994893
1750194946.294709206 4.426335 -0.740769 0.214532 -0.008314 -0.024328 0.098012 0.994853
1750194946.457507372 4.436729 -0.740769 0.215530 -0.008141 -0.024493 0.098719 0.994781
1750194946.516849518 4.447168 -0.740745 0.216167 -0.008003 -0.024894 0.099700 0.994674
1750194946.677271843 4.457650 -0.740892 0.216412 -0.008242 -0.025459 0.100686 0.994558
1750194946.735460520 4.468132 -0.741024 0.216371 -0.008390 -0.026031 0.101351 0.994475
1750194946.896219969 4.478511 -0.740571 0.216623 -0.007359 -0.026577 0.101792 0.994423
1750194946.957350492 4.488924 -0.740239 0.217139 -0.007188 -0.027267 0.102039 0.994381
1750194947.121755123 4.499410 -0.739954 0.217235 -0.006936 -0.028055 0.102331 0.994331
1750194947.183421135 4.509930 -0.739707 0.217051 -0.006554 -0.028882 0.102522 0.994290
1750194947.343698978 4.520399 -0.739639 0.217273 -0.006542 -0.029674 0.102437 0.994275
1750194947.403648853 4.530835 -0.739827 0.217953 -0.007304 -0.030420 0.102013 0.994291
1750194947.562781811 4.541261 -0.740264 0.218118 -0.008320 -0.031024 0.101368 0.994330
1750194947.622244596 4.551604 -0.740980 0.218279 -0.009991 -0.031486 0.100421 0.994396
1750194947.785717487 4.561870 -0.741643 0.218512 -0.011664 -0.031740 0.099244 0.994488
1750194947.846041679 4.572134 -0.742298 0.218608 -0.013283 -0.031700 0.097738 0.994618
1750194948.004322529 4.582419 -0.742902 0.218271 -0.014530 -0.031270 0.095954 0.994788
1750194948.063210011 4.592843 -0.743576 0.218124 -0.015653 -0.030603 0.094056 0.994973
1750194948.220113993 4.603441 -0.743996 0.218793 -0.015950 -0.029922 0.092343 0.995150
1750194948.279042482 4.614090 -0.744367 0.219383 -0.015781 -0.029112 0.090995 0.995301
1750194948.439004898 4.624735 -0.744534 0.219652 -0.014544 -0.028106 0.089983 0.995440
1750194948.498603106 4.635453 -0.744883 0.219438 -0.013388 -0.026894 0.088880 0.995589
1750194948.656563282 4.646038 -0.746085 0.219650 -0.013703 -0.025656 0.086594 0.995819
1750194948.715307236 4.656660 -0.747320 0.220378 -0.012799 -0.024303 0.083124 0.996161
1750194948.877782345 4.667160 -0.748848 0.220948 -0.011672 -0.022708 0.079319 0.996522
1750194948.938105106 4.677945 -0.750544 0.221006 -0.010973 -0.021386 0.076390 0.996788
1750194949.102777958 4.688888 -0.752238 0.221659 -0.011365 -0.020161 0.074388 0.996961
1750194949.163212776 4.699919 -0.754059 0.222462 -0.012771 -0.019028 0.072875 0.997078
1750194949.332263947 4.710908 -0.755507 0.222952 -0.013477 -0.017842 0.071901 0.997161
1750194949.392534733 4.721826 -0.756859 0.223526 -0.014250 -0.016630 0.071486 0.997201
1750194949.557012081 4.732718 -0.757898 0.223883 -0.014530 -0.015433 0.071419 0.997221
1750194949.618057966 4.743430 -0.758237 0.224358 -0.013414 -0.014089 0.071253 0.997269
1750194949.784550428 4.754189 -0.758685 0.224780 -0.013413 -0.012832 0.070853 0.997314
1750194949.845305681 4.765037 -0.759301 0.224735 -0.013917 -0.011662 0.070476 0.997348
1750194950.013581276 4.775916 -0.759886 0.225053 -0.014309 -0.010743 0.070580 0.997346
1750194950.072769880 4.786682 -0.760226 0.225806 -0.013688 -0.009889 0.070899 0.997341
1750194950.236090899 4.797383 -0.760737 0.226410 -0.013114 -0.008999 0.071095 0.997343
1750194950.296094656 4.808123 -0.761636 0.227014 -0.013460 -0.008335 0.071415 0.997321
1750194950.461907864 4.818850 -0.762627 0.227432 -0.014161 -0.007922 0.072009 0.997272
1750194950.520650148 4.829507 -0.763584 0.227339 -0.014873 -0.007624 0.072650 0.997217
1750194950.687310219 4.840087 -0.764267 0.227038 -0.014807 -0.007420 0.073244 0.997176
1750194950.748638630 4.850620 -0.764949 0.227515 -0.014928 -0.007522 0.073895 0.997126
1750194950.915428400 4.861222 -0.765880 0.228362 -0.015061 -0.008007 0.074803 0.997052
1750194950.975775719 4.871842 -0.766856 0.228880 -0.014436 -0.008635 0.075813 0.996980
1750194951.144256592 4.882418 -0.767775 0.229516 -0.013297 -0.009387 0.076752 0.996917
1750194951.203188419 4.892894 -0.768600 0.229988 -0.011560 -0.010077 0.077379 0.996884
1750194951.367159128 4.903279 -0.769474 0.230230 -0.009753 -0.010591 0.077534 0.996886
1750194951.425200939 4.913617 -0.770343 0.230385 -0.007979 -0.010820 0.077067 0.996935
1750194951.587754250 4.924040 -0.771404 0.231067 -0.006736 -0.011093 0.076571 0.996980
1750194951.647917032 4.934613 -0.772716 0.231811 -0.006189 -0.011519 0.076339 0.996996
1750194951.814524889 4.945375 -0.774574 0.232683 -0.006582 -0.012244 0.075791 0.997027
1750194951.876954794 4.956371 -0.776863 0.233941 -0.006968 -0.012934 0.074425 0.997118
1750194952.042404890 4.967324 -0.779615 0.235315 -0.007946 -0.013324 0.072352 0.997258
1750194952.100993872 4.978173 -0.782006 0.236051 -0.007778 -0.013462 0.069977 0.997427
1750194952.267422438 4.989103 -0.784241 0.236246 -0.007800 -0.013351 0.067691 0.997586
1750194952.327429533 5.000200 -0.786356 0.235932 -0.008539 -0.013108 0.065418 0.997735
1750194952.494816303 5.011338 -0.787873 0.235841 -0.008929 -0.012752 0.063575 0.997856
1750194952.555398703 5.022384 -0.788907 0.235892 -0.008876 -0.012409 0.062494 0.997929
1750194952.742482424 5.033285 -0.790132 0.236654 -0.009283 -0.012312 0.060957 0.998021
1750194952.803880453 5.044293 -0.791813 0.237801 -0.009811 -0.012367 0.058560 0.998159
1750194952.966212511 5.055266 -0.794021 0.239477 -0.010855 -0.012690 0.055765 0.998304
1750194953.026079655 5.066252 -0.795790 0.241640 -0.009523 -0.013131 0.052757 0.998476
1750194953.189912558 5.077344 -0.798061 0.243370 -0.008279 -0.013838 0.049451 0.998646
1750194953.248643160 5.088457 -0.800839 0.244368 -0.007438 -0.014655 0.045952 0.998808
1750194953.415832281 5.099278 -0.803544 0.245434 -0.006569 -0.015418 0.042554 0.998954
1750194953.475082159 5.110275 -0.805867 0.245765 -0.005525 -0.016504 0.040296 0.999036
1750194953.637614965 5.121434 -0.806773 0.246996 -0.002529 -0.017926 0.039316 0.999063
1750194953.696224928 5.132744 -0.808162 0.247470 -0.000744 -0.019623 0.038598 0.999062
1750194953.864626646 5.144197 -0.810907 0.246363 -0.002216 -0.021519 0.038116 0.999039
1750194953.926645756 5.155611 -0.814447 0.244775 -0.006226 -0.023735 0.038232 0.998968
1750194954.091170788 5.166894 -0.815695 0.243953 -0.006325 -0.026255 0.040607 0.998810
1750194954.154279947 5.176273 -0.816179 0.244306 -0.005787 -0.028479 0.041941 0.998697
1750194954.319159746 5.188091 -0.816586 0.245324 -0.005427 -0.031327 0.041154 0.998647
1750194954.378482580 5.202373 -0.816451 0.246786 -0.006054 -0.034596 0.038133 0.998655
1750194954.535732985 5.217898 -0.817296 0.247746 -0.009441 -0.038005 0.033379 0.998675
1750194954.594856024 5.232346 -0.818960 0.248051 -0.013757 -0.040826 0.028829 0.998656
1750194954.754407883 5.244182 -0.820722 0.248586 -0.016875 -0.042500 0.025496 0.998629
1750194954.814148188 5.254281 -0.822294 0.248831 -0.017493 -0.043472 0.023459 0.998626
1750194954.971572161 5.264529 -0.823673 0.248526 -0.017515 -0.044089 0.021323 0.998646
1750194955.028786421 5.275093 -0.824740 0.248705 -0.016808 -0.044336 0.019450 0.998686
1750194955.185078859 5.285915 -0.826009 0.248696 -0.016653 -0.044241 0.017562 0.998728
1750194955.243843079 5.296773 -0.827623 0.248283 -0.016671 -0.043869 0.015568 0.998777
1750194955.405104876 5.307411 -0.829967 0.248460 -0.017515 -0.043771 0.013147 0.998802
1750194955.462888241 5.318028 -0.832665 0.249424 -0.017931 -0.043920 0.010124 0.998823
1750194955.619498014 5.328546 -0.835333 0.251282 -0.016718 -0.044264 0.006458 0.998859
1750194955.679527521 5.338857 -0.838368 0.252959 -0.014778 -0.044811 0.002304 0.998883
1750194955.839765310 5.349026 -0.842002 0.254083 -0.013778 -0.045362 -0.001475 0.998874
1750194955.899281979 5.359086 -0.845522 0.255467 -0.012812 -0.046302 -0.003708 0.998838
1750194956.058695793 5.369060 -0.849163 0.257151 -0.012975 -0.047329 -0.004579 0.998785
1750194956.116583824 5.379014 -0.852622 0.258576 -0.013826 -0.048349 -0.004716 0.998724
1750194956.274213314 5.388926 -0.855713 0.259480 -0.014897 -0.049254 -0.004673 0.998664
1750194956.331529140 5.398807 -0.858346 0.260033 -0.015831 -0.050080 -0.004465 0.998610
1750194956.492889643 5.408802 -0.860495 0.260463 -0.016001 -0.050735 -0.004664 0.998573
1750194956.557157516 5.418615 -0.861622 0.261676 -0.014394 -0.051236 -0.005006 0.998570
1750194956.714705467 5.428232 -0.862668 0.263471 -0.013057 -0.051501 -0.005348 0.998573
1750194956.779157400 5.438576 -0.864209 0.265196 -0.012287 -0.051629 -0.005650 0.998575
1750194956.937711716 5.447748 -0.865892 0.266564 -0.012209 -0.051590 -0.005983 0.998576
1750194956.997025728 5.457530 -0.867704 0.267967 -0.011939 -0.051490 -0.006252 0.998583
1750194957.152944565 5.467385 -0.869594 0.269108 -0.011441 -0.051333 -0.006453 0.998595
1750194957.213669062 5.477311 -0.871277 0.270192 -0.009974 -0.051161 -0.006600 0.998619
1750194957.369115114 5.487363 -0.873040 0.271134 -0.008450 -0.051036 -0.006553 0.998640
1750194957.427901268 5.497398 -0.875173 0.272377 -0.007920 -0.050887 -0.006591 0.998651
1750194957.584916592 5.507455 -0.877668 0.273512 -0.008265 -0.050677 -0.006810 0.998658
1750194957.646257877 5.518260 -0.880279 0.274238 -0.008222 -0.050328 -0.006999 0.998674
1750194957.802083492 5.526778 -0.881850 0.277913 -0.001927 -0.049378 -0.004292 0.998769
1750194957.864188910 5.535167 -0.885069 0.280846 0.003169 -0.048448 -0.000957 0.998820
1750194958.020113945 5.543151 -0.889631 0.282177 0.004576 -0.047597 0.001812 0.998855
1750194958.077861547 5.551445 -0.895759 0.282496 0.002666 -0.046690 0.004203 0.998897
1750194958.234012127 5.559934 -0.902614 0.282103 -0.001255 -0.045971 0.006552 0.998921
1750194958.291932344 5.568427 -0.909586 0.282252 -0.007255 -0.045819 0.009325 0.998880
1750194958.448019266 5.576982 -0.916087 0.282420 -0.013323 -0.046257 0.012534 0.998762
1750194958.512472153 5.585953 -0.920880 0.283126 -0.016074 -0.047098 0.015896 0.998634
1750194958.676671505 5.594568 -0.924089 0.285027 -0.017270 -0.048322 0.019013 0.998502
1750194958.740867138 5.603040 -0.926804 0.286503 -0.018408 -0.049773 0.021611 0.998357
1750194958.903831720 5.611642 -0.929020 0.287477 -0.019313 -0.051274 0.023349 0.998225
1750194958.968272686 5.620458 -0.930836 0.288304 -0.020357 -0.052792 0.024201 0.998105
1750194959.129305363 5.629456 -0.932627 0.288797 -0.021795 -0.054309 0.024616 0.997983
1750194959.193835258 5.638604 -0.934111 0.289601 -0.023667 -0.055818 0.024627 0.997857
1750194959.355099916 5.647935 -0.934815 0.290605 -0.024613 -0.057149 0.024004 0.997774
1750194959.420715094 5.657553 -0.935297 0.291503 -0.025498 -0.058314 0.023231 0.997702
1750194959.580192804 5.667260 -0.936196 0.291886 -0.027118 -0.059320 0.022201 0.997624
1750194959.642486811 5.676997 -0.937122 0.292250 -0.028672 -0.060202 0.021077 0.997552
1750194959.804711819 5.686763 -0.937592 0.293271 -0.029248 -0.060799 0.020079 0.997519
1750194959.868870974 5.696616 -0.938281 0.294499 -0.030516 -0.061266 0.019418 0.997466
1750194960.027604580 5.706491 -0.939016 0.295402 -0.031707 -0.061596 0.018888 0.997419
1750194960.090584755 5.716331 -0.939437 0.296357 -0.031915 -0.061695 0.018356 0.997416
1750194960.248643398 5.726217 -0.939957 0.297430 -0.032261 -0.061550 0.017810 0.997424
1750194960.305168390 5.735572 -0.940706 0.298252 -0.033192 -0.061276 0.017402 0.997417
1750194960.457237482 5.745618 -0.941561 0.298558 -0.034186 -0.060915 0.017194 0.997409
1750194960.514732361 5.755734 -0.942153 0.298647 -0.034850 -0.060462 0.017273 0.997412
1750194960.669194937 5.765864 -0.942817 0.298505 -0.036238 -0.059871 0.017473 0.997395
1750194960.730288744 5.776204 -0.942871 0.298708 -0.036011 -0.058755 0.017798 0.997464
1750194960.891744852 5.786301 -0.942670 0.299655 -0.034001 -0.057147 0.018481 0.997615
1750194960.951611996 5.796282 -0.942710 0.300270 -0.030977 -0.055140 0.019234 0.997813
1750194961.106604815 5.805763 -0.943066 0.301163 -0.028057 -0.052975 0.019679 0.998008
1750194961.164506912 5.815983 -0.944031 0.302674 -0.026491 -0.050672 0.019946 0.998165
1750194961.319824934 5.826342 -0.945320 0.304038 -0.026188 -0.048458 0.020308 0.998275
1750194961.375660181 5.836825 -0.946956 0.305394 -0.027542 -0.046434 0.020932 0.998322
1750194961.536849976 5.847339 -0.948425 0.306098 -0.028736 -0.044410 0.021786 0.998362
1750194961.595550776 5.857848 -0.949358 0.306532 -0.029201 -0.042502 0.022894 0.998407
1750194961.758922100 5.868246 -0.949688 0.307577 -0.028687 -0.040711 0.023785 0.998476
1750194961.819047451 5.878676 -0.950204 0.308892 -0.029034 -0.039200 0.024903 0.998499
1750194961.982179642 5.889164 -0.950818 0.309933 -0.029046 -0.037862 0.026031 0.998522
1750194962.042893648 5.899669 -0.951294 0.311130 -0.028319 -0.036744 0.026999 0.998558
1750194962.203803539 5.910149 -0.951804 0.312420 -0.027472 -0.035811 0.027753 0.998595
1750194962.263198137 5.920717 -0.952687 0.313512 -0.027548 -0.035277 0.028612 0.998588
1750194962.427781582 5.931316 -0.953582 0.314313 -0.027303 -0.035060 0.029529 0.998576
1750194962.488398314 5.941890 -0.954649 0.314961 -0.027148 -0.035251 0.030591 0.998541
1750194962.655830622 5.952342 -0.955950 0.315684 -0.027542 -0.035778 0.031702 0.998477
1750194962.718359947 5.962648 -0.957200 0.316222 -0.027795 -0.036463 0.032606 0.998416
1750194962.887113571 5.972711 -0.958158 0.316981 -0.027654 -0.037262 0.033057 0.998376
1750194962.951294899 5.983343 -0.959363 0.318147 -0.028882 -0.038388 0.033131 0.998296
1750194963.119052172 5.992844 -0.960408 0.318985 -0.030409 -0.039478 0.032928 0.998215
1750194963.184091806 6.002430 -0.961399 0.319638 -0.032557 -0.040649 0.032654 0.998109
1750194963.352847099 6.011967 -0.962284 0.320121 -0.035332 -0.041923 0.032454 0.997968
1750194963.417885542 6.021509 -0.962894 0.320217 -0.037954 -0.043350 0.032418 0.997812
1750194963.586646080 6.031036 -0.962454 0.321169 -0.038158 -0.044665 0.032585 0.997741
1750194963.650125504 6.040778 -0.962018 0.322294 -0.037322 -0.045717 0.032664 0.997722
1750194963.820998192 6.050644 -0.962084 0.323556 -0.036590 -0.046723 0.032733 0.997701
1750194963.884846687 6.060363 -0.962767 0.325279 -0.037139 -0.047919 0.032786 0.997622
1750194964.052035570 6.070024 -0.963821 0.326719 -0.038173 -0.049132 0.032850 0.997522
1750194964.115953445 6.079595 -0.965021 0.328506 -0.040028 -0.050350 0.032978 0.997384
1750194964.281592369 6.089105 -0.965953 0.330612 -0.041868 -0.051499 0.033010 0.997249
1750194964.344106436 6.098596 -0.966404 0.332653 -0.042880 -0.052503 0.032886 0.997158
1750194964.509464741 6.108185 -0.966750 0.334023 -0.043742 -0.053410 0.032698 0.997078
1750194964.572984457 6.117880 -0.966969 0.334891 -0.044676 -0.054205 0.032558 0.996998
1750194964.736506224 6.127673 -0.967031 0.335406 -0.045591 -0.054868 0.032349 0.996927
1750194964.798952103 6.137368 -0.966717 0.336338 -0.045723 -0.055201 0.032009 0.996914
1750194964.958101034 6.146999 -0.966778 0.337305 -0.046389 -0.055309 0.031769 0.996885
1750194965.017557859 6.157025 -0.967068 0.338012 -0.046995 -0.055203 0.031720 0.996864
1750194965.176621914 6.167046 -0.967322 0.338924 -0.047212 -0.054847 0.031829 0.996870
1750194965.236720324 6.177118 -0.967564 0.339850 -0.047079 -0.054188 0.031921 0.996909
1750194965.396329641 6.187246 -0.968128 0.340321 -0.047254 -0.053207 0.031822 0.996957
1750194965.455437660 6.197439 -0.968931 0.340550 -0.047629 -0.051943 0.031633 0.997012
1750194965.616407394 6.207691 -0.969374 0.341059 -0.046676 -0.050372 0.031518 0.997141
1750194965.674707651 6.218158 -0.970164 0.341564 -0.046611 -0.048670 0.031597 0.997226
1750194965.834331274 6.228797 -0.971122 0.341998 -0.047143 -0.046816 0.031832 0.997283
1750194965.892769814 6.239521 -0.972232 0.341793 -0.048011 -0.044817 0.032001 0.997328
1750194966.052204132 6.250231 -0.972815 0.341423 -0.047683 -0.042700 0.031934 0.997438
1750194966.110104561 6.260966 -0.972892 0.341625 -0.046250 -0.040719 0.031877 0.997590
1750194966.272502184 6.271698 -0.972879 0.342975 -0.045265 -0.039031 0.031990 0.997700
1750194966.330361605 6.282372 -0.972811 0.344074 -0.043629 -0.037457 0.031946 0.997834
1750194966.494194508 6.293082 -0.972819 0.344701 -0.041693 -0.035967 0.031836 0.997975
1750194966.555177927 6.303897 -0.973007 0.344740 -0.039811 -0.034608 0.031676 0.998105
1750194966.720983982 6.314930 -0.973368 0.344935 -0.038140 -0.033791 0.031899 0.998191
1750194966.780733585 6.326181 -0.973982 0.345392 -0.036591 -0.033563 0.032740 0.998230
1750194966.949262857 6.337592 -0.975282 0.345873 -0.036362 -0.033665 0.033964 0.998194
1750194967.011047363 6.348957 -0.976504 0.346808 -0.035804 -0.033893 0.035405 0.998156
1750194967.181282759 6.360104 -0.977736 0.348110 -0.035193 -0.034297 0.036718 0.998117
1750194967.244235039 6.371016 -0.979271 0.349448 -0.035513 -0.034809 0.037680 0.998052
1750194967.410727501 6.381499 -0.980451 0.350846 -0.035417 -0.035230 0.038071 0.998026
1750194967.473172188 6.391604 -0.981012 0.351997 -0.034264 -0.035545 0.037985 0.998058
1750194967.642977715 6.402046 -0.981702 0.353451 -0.034270 -0.035899 0.037449 0.998065
1750194967.710248470 6.411607 -0.982857 0.355079 -0.036366 -0.036289 0.036445 0.998014
1750194967.884066820 6.420988 -0.983834 0.356513 -0.038572 -0.036683 0.035215 0.997961
1750194967.952584743 6.430365 -0.984224 0.357954 -0.039766 -0.037056 0.034072 0.997940
1750194968.125678778 6.439950 -0.984086 0.359257 -0.039976 -0.037558 0.033523 0.997932
1750194968.191952944 6.449716 -0.983934 0.360275 -0.040586 -0.038286 0.033374 0.997884
1750194968.375281572 6.459508 -0.983821 0.360826 -0.041449 -0.039181 0.033221 0.997819
1750194968.443413734 6.469111 -0.984070 0.361475 -0.043631 -0.040073 0.032661 0.997709
1750194968.615891695 6.478465 -0.984597 0.362239 -0.046709 -0.040820 0.031595 0.997574
1750194968.681231499 6.487635 -0.985075 0.363380 -0.049876 -0.041346 0.030118 0.997445
1750194968.856485605 6.496750 -0.985560 0.364653 -0.053037 -0.041698 0.028577 0.997312
1750194968.920907021 6.505784 -0.985321 0.366442 -0.053825 -0.042068 0.027340 0.997289
1750194969.091657639 6.514995 -0.985042 0.368384 -0.053653 -0.042612 0.026778 0.997291
1750194969.155583382 6.524389 -0.984909 0.369838 -0.053451 -0.043223 0.026532 0.997282
1750194969.325483084 6.534004 -0.984658 0.371063 -0.052993 -0.043880 0.026402 0.997281
1750194969.390760183 6.543841 -0.984354 0.372158 -0.051870 -0.044638 0.026451 0.997305
1750194969.559487820 6.553747 -0.984286 0.373065 -0.050153 -0.045493 0.026473 0.997354
1750194969.621610641 6.563345 -0.984413 0.373576 -0.048835 -0.046324 0.026295 0.997385
1750194969.783840656 6.573547 -0.984730 0.373705 -0.047607 -0.047279 0.025942 0.997409
1750194969.850384712 6.583619 -0.985391 0.374301 -0.047516 -0.048348 0.025498 0.997374
1750194970.013750792 6.592824 -0.985709 0.376205 -0.047947 -0.049345 0.025138 0.997313
1750194970.075618029 6.603247 -0.986025 0.378185 -0.048914 -0.050419 0.024791 0.997221
1750194970.244797468 6.613093 -0.986265 0.379400 -0.049705 -0.051391 0.024564 0.997138
1750194970.310877800 6.622974 -0.986519 0.380404 -0.050796 -0.052335 0.024474 0.997037
1750194970.477607489 6.632867 -0.986672 0.381638 -0.052260 -0.053219 0.024495 0.996914
1750194970.541360617 6.642905 -0.986200 0.383443 -0.052685 -0.054054 0.024694 0.996841
1750194970.705733299 6.652510 -0.985747 0.384843 -0.052457 -0.054627 0.024938 0.996816
1750194970.769783497 6.662384 -0.985347 0.386225 -0.051280 -0.054986 0.025352 0.996847
1750194970.931370974 6.671780 -0.985225 0.387173 -0.049833 -0.055222 0.025665 0.996899
1750194970.991812468 6.681793 -0.985350 0.387671 -0.048186 -0.055420 0.025800 0.996966
1750194971.149991989 6.691854 -0.985581 0.387916 -0.046073 -0.055623 0.025907 0.997052
1750194971.210831642 6.701920 -0.986129 0.387960 -0.044278 -0.055762 0.026020 0.997122
1750194971.371172190 6.711978 -0.986993 0.388395 -0.043679 -0.055688 0.026099 0.997151
1750194971.430393696 6.722047 -0.987586 0.388739 -0.042236 -0.055439 0.026356 0.997220
1750194971.590508223 6.732205 -0.988360 0.388743 -0.041041 -0.055107 0.026775 0.997277
1750194971.651581287 6.742547 -0.989433 0.388778 -0.041101 -0.054695 0.027377 0.997281
1750194971.812576294 6.752961 -0.990013 0.389068 -0.040387 -0.054306 0.028225 0.997308
1750194971.871670485 6.763269 -0.989875 0.389770 -0.037106 -0.054205 0.029268 0.997411
1750194972.031037092 6.773568 -0.990327 0.390390 -0.034306 -0.054229 0.030351 0.997477
1750194972.091739178 6.783894 -0.991161 0.391284 -0.032846 -0.054250 0.031352 0.997494
1750194972.254971981 6.794222 -0.991418 0.393116 -0.030014 -0.054480 0.031968 0.997552
1750194972.315259457 6.804428 -0.991513 0.396296 -0.026005 -0.054640 0.032003 0.997654
1750194972.476557732 6.814605 -0.992207 0.398750 -0.022398 -0.054585 0.031557 0.997759
1750194972.536193848 6.825080 -0.993600 0.399167 -0.019912 -0.054601 0.031161 0.997823
1750194972.693108320 6.835486 -0.994552 0.398874 -0.016794 -0.054596 0.031370 0.997874
1750194972.754313707 6.845757 -0.995332 0.399023 -0.013669 -0.054654 0.031903 0.997902
1750194972.911392927 6.855646 -0.996970 0.400520 -0.013788 -0.054580 0.032237 0.997894
1750194972.977610350 6.865860 -0.998704 0.402117 -0.014371 -0.054483 0.032585 0.997879
1750194973.144599438 6.875362 -1.000176 0.403210 -0.014849 -0.054393 0.032909 0.997867
1750194973.208331347 6.884677 -1.001361 0.404936 -0.015935 -0.054291 0.033036 0.997851
1750194973.372249603 6.893902 -1.002437 0.406687 -0.017460 -0.054191 0.032910 0.997835
1750194973.439024687 6.903138 -1.003581 0.407866 -0.019308 -0.054116 0.032645 0.997814
1750194973.602864027 6.912402 -1.004184 0.409271 -0.020485 -0.054080 0.032383 0.997801
1750194973.668710947 6.921820 -1.004213 0.411276 -0.021087 -0.054120 0.032228 0.997791
1750194973.833040237 6.931303 -1.004335 0.412962 -0.022088 -0.054127 0.032091 0.997774
1750194973.898309946 6.940818 -1.004527 0.414076 -0.023076 -0.054092 0.031958 0.997758
1750194974.065591097 6.950345 -1.004821 0.414702 -0.024013 -0.053989 0.031734 0.997748
1750194974.132831335 6.959906 -1.005021 0.415222 -0.024374 -0.053841 0.031462 0.997756
1750194974.299501657 6.969527 -1.005441 0.415965 -0.025191 -0.053688 0.031156 0.997754
1750194974.365453720 6.979108 -1.006295 0.417001 -0.027194 -0.053458 0.030696 0.997728
1750194974.530179501 6.988714 -1.006850 0.418273 -0.028025 -0.053346 0.030320 0.997722
1750194974.596186399 6.998393 -1.007186 0.420102 -0.028002 -0.053343 0.029942 0.997734
1750194974.762853861 7.008089 -1.007599 0.421718 -0.027677 -0.053108 0.029547 0.997768
1750194974.831304073 7.017871 -1.008075 0.423246 -0.026999 -0.052598 0.029214 0.997823
1750194974.995368958 7.027731 -1.009011 0.424421 -0.026894 -0.051975 0.028808 0.997870
1750194975.058346987 7.037474 -1.010120 0.425104 -0.026605 -0.051397 0.028475 0.997918
1750194975.217524052 7.047156 -1.010948 0.425762 -0.025445 -0.050914 0.028276 0.997978
1750194975.278983116 7.057341 -1.011895 0.426129 -0.024078 -0.050453 0.028072 0.998041
1750194975.436875343 7.067106 -1.011559 0.429917 -0.018096 -0.051162 0.028410 0.998122
1750194975.495304108 7.076832 -1.012814 0.433750 -0.014305 -0.052657 0.028640 0.998099
1750194975.652394772 7.086566 -1.014518 0.436867 -0.011272 -0.054535 0.029516 0.998012
1750194975.710645437 7.096125 -1.016370 0.440166 -0.008178 -0.056767 0.030940 0.997874
1750194975.866108418 7.105731 -1.018376 0.443162 -0.005680 -0.059042 0.032536 0.997709
1750194975.923188448 7.115380 -1.020361 0.445501 -0.003192 -0.061381 0.033946 0.997532
1750194976.076426983 7.125732 -1.022265 0.447937 -0.000884 -0.063901 0.034867 0.997347
1750194976.138179779 7.135126 -1.023772 0.449814 0.000755 -0.066134 0.035179 0.997190
1750194976.291533470 7.144734 -1.025101 0.451573 0.002084 -0.068396 0.035121 0.997038
1750194976.351927757 7.154375 -1.026610 0.453433 0.001784 -0.070571 0.034719 0.996901
1750194976.505177259 7.163880 -1.028025 0.455316 0.000575 -0.072680 0.034342 0.996764
1750194976.567844391 7.173863 -1.029241 0.456642 -0.000782 -0.074838 0.034039 0.996614
1750194976.723468065 7.183680 -1.029855 0.457748 -0.002129 -0.076848 0.033695 0.996471
1750194976.783980608 7.193563 -1.030266 0.458558 -0.004451 -0.078667 0.033059 0.996343
1750194976.936792612 7.203501 -1.030146 0.458981 -0.006339 -0.080267 0.032406 0.996226
1750194976.999142885 7.213289 -1.029989 0.458786 -0.008287 -0.081521 0.031648 0.996135
1750194977.145853281 7.222916 -1.029726 0.458178 -0.009874 -0.082345 0.030872 0.996077
1750194977.205091238 7.233498 -1.029352 0.457757 -0.010505 -0.082591 0.030366 0.996065
1750194977.350231409 7.242947 -1.029196 0.457585 -0.010931 -0.082315 0.030155 0.996090
1750194977.406808615 7.253086 -1.028913 0.457788 -0.010880 -0.081485 0.029976 0.996164
1750194977.553476572 7.263155 -1.028430 0.458189 -0.008924 -0.080022 0.030064 0.996300
1750194977.609324694 7.273228 -1.028433 0.458499 -0.006561 -0.078029 0.030180 0.996473
1750194977.758834839 7.283418 -1.029134 0.458160 -0.004875 -0.075637 0.030097 0.996669
1750194977.816427469 7.293728 -1.030522 0.457480 -0.004327 -0.072821 0.029679 0.996894
1750194977.969429731 7.304162 -1.032140 0.456162 -0.003839 -0.069588 0.028865 0.997151
1750194978.027334690 7.314757 -1.033540 0.455054 -0.002445 -0.065941 0.027661 0.997437
1750194978.183788538 7.325534 -1.035574 0.455049 -0.002873 -0.062368 0.026429 0.997699
1750194978.244097471 7.336399 -1.038215 0.455974 -0.005472 -0.059232 0.025666 0.997899
1750194978.400421619 7.347214 -1.040643 0.457407 -0.007839 -0.056339 0.025370 0.998059
1750194978.459625721 7.357928 -1.042271 0.459202 -0.008688 -0.053677 0.025541 0.998194
1750194978.618437052 7.368527 -1.043727 0.461459 -0.010095 -0.051486 0.026214 0.998279
1750194978.676236868 7.379116 -1.044927 0.463275 -0.010933 -0.049653 0.027212 0.998336
1750194978.838265419 7.389658 -1.045667 0.464673 -0.010509 -0.048139 0.028080 0.998391
1750194978.896903276 7.400147 -1.046534 0.465628 -0.010485 -0.046893 0.028566 0.998436
1750194979.058785677 7.410616 -1.047665 0.466624 -0.011423 -0.046021 0.029081 0.998452
1750194979.118625879 7.421043 -1.049091 0.467810 -0.013333 -0.045477 0.029413 0.998443
1750194979.278381109 7.431499 -1.050597 0.468638 -0.015216 -0.045195 0.029662 0.998422
1750194979.338891983 7.441951 -1.051797 0.469421 -0.016615 -0.045279 0.030144 0.998381
1750194979.504178762 7.452386 -1.053039 0.470023 -0.018433 -0.045736 0.030826 0.998308
1750194979.562015295 7.462755 -1.054320 0.470180 -0.020293 -0.046428 0.031448 0.998220
1750194979.725223541 7.473651 -1.055230 0.470681 -0.021238 -0.047176 0.031700 0.998158
1750194979.790146351 7.483240 -1.056420 0.471440 -0.023079 -0.047734 0.031348 0.998101
1750194979.958187103 7.492825 -1.057414 0.472521 -0.024085 -0.048314 0.030967 0.998061
1750194980.018642902 7.502216 -1.058216 0.474664 -0.025196 -0.049269 0.031423 0.997973
1750194980.181147814 7.511360 -1.058208 0.477980 -0.024579 -0.050489 0.034776 0.997816
1750194980.240759134 7.519066 -1.058447 0.483846 -0.021462 -0.051570 0.037396 0.997738
1750194980.400430918 7.525737 -1.059528 0.490173 -0.018060 -0.052766 0.041496 0.997581
1750194980.458081961 7.532805 -1.061592 0.493755 -0.016608 -0.054283 0.046273 0.997315
1750194980.618765593 7.540348 -1.064968 0.494987 -0.017996 -0.056203 0.051674 0.996919
1750194980.678075790 7.547953 -1.069023 0.493012 -0.020109 -0.058047 0.056912 0.996487
1750194980.849626303 7.555515 -1.072697 0.488646 -0.022680 -0.059859 0.062939 0.995962
1750194980.906777859 7.561925 -1.074557 0.485016 -0.027184 -0.061863 0.070521 0.995219
1750194981.064836264 7.568422 -1.074599 0.481878 -0.030197 -0.063679 0.078844 0.994393
1750194981.130389929 7.574700 -1.072395 0.483181 -0.028118 -0.064629 0.084864 0.993897
1750194981.290147305 7.581094 -1.070088 0.486294 -0.025912 -0.065062 0.090239 0.993455
1750194981.352023363 7.587916 -1.068116 0.488986 -0.023176 -0.065268 0.095437 0.993023
1750194981.516925097 7.594836 -1.066954 0.490882 -0.021389 -0.065230 0.100138 0.992603
1750194981.582123995 7.602199 -1.066335 0.492168 -0.020607 -0.064913 0.104531 0.992187
1750194981.738283634 7.610209 -1.065630 0.493304 -0.019987 -0.064216 0.108560 0.991812
1750194981.800459623 7.618343 -1.065023 0.493971 -0.019872 -0.063221 0.111709 0.991529
1750194981.959659815 7.626738 -1.064500 0.493810 -0.020225 -0.061920 0.114079 0.991334
1750194982.021576643 7.635427 -1.063773 0.493145 -0.020125 -0.060231 0.115647 0.991258
1750194982.186604977 7.644499 -1.063338 0.492695 -0.021256 -0.058308 0.116497 0.991250
1750194982.251476288 7.653784 -1.062546 0.493181 -0.022138 -0.056065 0.116630 0.991345
1750194982.414147854 7.663367 -1.061804 0.493860 -0.023135 -0.053777 0.116569 0.991456
1750194982.479141474 7.673202 -1.061627 0.494190 -0.025348 -0.051660 0.116573 0.991514
1750194982.642097235 7.683119 -1.061307 0.494300 -0.027216 -0.049666 0.116755 0.991545
1750194982.706026077 7.693034 -1.060181 0.494821 -0.027068 -0.047757 0.117151 0.991596
1750194982.868815422 7.702455 -1.059082 0.496066 -0.026665 -0.046487 0.117922 0.991576
1750194982.927391291 7.712407 -1.057953 0.497662 -0.025559 -0.045410 0.118678 0.991564
1750194983.090896368 7.722428 -1.057178 0.498969 -0.023534 -0.044731 0.118795 0.991631
1750194983.149435282 7.732291 -1.056928 0.501193 -0.020995 -0.044397 0.117836 0.991818
1750194983.311946392 7.741969 -1.057140 0.504139 -0.017944 -0.044250 0.116155 0.992083
1750194983.371500254 7.751584 -1.058332 0.506985 -0.016066 -0.044519 0.113977 0.992355
1750194983.535174131 7.761864 -1.060794 0.509022 -0.015573 -0.045060 0.111090 0.992666
1750194983.600084066 7.771019 -1.063567 0.509812 -0.015371 -0.045601 0.107880 0.992999
1750194983.761744976 7.780202 -1.066744 0.510369 -0.015482 -0.046303 0.104051 0.993373
1750194983.826912403 7.789087 -1.069785 0.511151 -0.015240 -0.047309 0.100139 0.993731
1750194983.990854979 7.797746 -1.072414 0.512429 -0.013911 -0.048640 0.096086 0.994087
1750194984.055187225 7.806221 -1.075498 0.513437 -0.013136 -0.050192 0.091357 0.994466
1750194984.217612505 7.814375 -1.078708 0.514350 -0.012410 -0.051706 0.085737 0.994898
1750194984.281411171 7.822240 -1.082078 0.515436 -0.011807 -0.053012 0.079066 0.995389
1750194984.442101240 7.829995 -1.086144 0.515798 -0.012737 -0.054290 0.071765 0.995861
1750194984.500755548 7.837148 -1.089329 0.516471 -0.012212 -0.055347 0.064395 0.996314
1750194984.656590223 7.844818 -1.092451 0.517898 -0.010858 -0.056496 0.056434 0.996747
1750194984.715484858 7.852636 -1.095782 0.518892 -0.009376 -0.057687 0.048411 0.997116
1750194984.871847153 7.860575 -1.099666 0.519569 -0.008759 -0.058757 0.040158 0.997426
1750194984.931157351 7.869443 -1.103816 0.519651 -0.008183 -0.059797 0.032009 0.997664
1750194985.095032930 7.878321 -1.107623 0.519562 -0.007900 -0.061106 0.025594 0.997772
1750194985.158466578 7.887553 -1.111089 0.520327 -0.007882 -0.062431 0.020459 0.997808
1750194985.317425966 7.896379 -1.114552 0.522035 -0.009342 -0.063534 0.016293 0.997803
1750194985.375499249 7.905806 -1.118458 0.523937 -0.011913 -0.064414 0.011941 0.997781
1750194985.531680107 7.915360 -1.122287 0.525090 -0.014444 -0.064965 0.007471 0.997755
1750194985.591225863 7.925177 -1.126003 0.525987 -0.017237 -0.065282 0.003243 0.997713
1750194985.745080471 7.935166 -1.128892 0.527237 -0.018633 -0.065377 -0.000415 0.997687
1750194985.803356171 7.943648 -1.132010 0.530656 -0.022289 -0.064634 -0.004905 0.997648
1750194985.957900047 7.950851 -1.135482 0.533674 -0.026544 -0.063445 -0.011259 0.997569
1750194986.017671108 7.958858 -1.139319 0.534206 -0.029312 -0.062217 -0.018862 0.997454
1750194986.175881386 7.966566 -1.142234 0.533122 -0.028120 -0.061078 -0.025950 0.997399
1750194986.235225677 7.974785 -1.146306 0.531846 -0.026760 -0.059481 -0.032541 0.997340
1750194986.392343521 7.982727 -1.152527 0.532404 -0.029758 -0.057331 -0.037114 0.997221
1750194986.450896978 7.991753 -1.157784 0.532735 -0.030658 -0.055948 -0.040333 0.997147
1750194986.607947588 8.001537 -1.160763 0.533701 -0.028407 -0.055598 -0.040888 0.997211
1750194986.666748762 8.011395 -1.162704 0.534829 -0.025850 -0.055622 -0.040310 0.997303
1750194986.823581696 8.021238 -1.164498 0.535871 -0.024109 -0.055931 -0.039647 0.997356
1750194986.881149292 8.031101 -1.166063 0.537205 -0.023089 -0.056611 -0.038954 0.997369
1750194987.039651632 8.041058 -1.167674 0.537956 -0.022019 -0.057567 -0.038409 0.997359
1750194987.099309206 8.051114 -1.169423 0.538238 -0.020938 -0.058833 -0.037931 0.997327
1750194987.257567883 8.061197 -1.171515 0.538201 -0.020204 -0.060345 -0.037396 0.997272
1750194987.316703558 8.071210 -1.174428 0.538290 -0.020989 -0.061978 -0.036946 0.997173
1750194987.475311756 8.081237 -1.177734 0.539664 -0.022458 -0.063660 -0.037584 0.997011
1750194987.534601450 8.091400 -1.181418 0.541483 -0.023737 -0.065372 -0.039082 0.996813
1750194987.688799381 8.101384 -1.185012 0.543750 -0.023176 -0.066686 -0.041473 0.996642
1750194987.746542454 8.111137 -1.189359 0.545576 -0.023282 -0.067780 -0.044636 0.996429
1750194987.901242733 8.120399 -1.194449 0.546530 -0.024455 -0.068516 -0.048820 0.996155
1750194987.958348751 8.129419 -1.199213 0.548146 -0.024047 -0.069082 -0.053893 0.995864
1750194988.111614704 8.138149 -1.204397 0.548811 -0.024118 -0.069442 -0.059556 0.995515
1750194988.168323994 8.146609 -1.209659 0.550144 -0.023615 -0.069289 -0.066280 0.995112
1750194988.320331097 8.155041 -1.215422 0.551197 -0.022940 -0.068764 -0.073858 0.994631
1750194988.376394272 8.163024 -1.222046 0.551517 -0.023681 -0.067648 -0.082055 0.994047
1750194988.532330036 8.170808 -1.228211 0.551966 -0.022577 -0.066143 -0.090202 0.993468
1750194988.592176914 8.178344 -1.234412 0.553483 -0.022034 -0.064564 -0.097029 0.992941
1750194988.749737024 8.185997 -1.241082 0.555393 -0.023156 -0.062800 -0.103006 0.992426
1750194988.806569815 8.194039 -1.247208 0.557066 -0.023586 -0.061282 -0.107532 0.992031
1750194988.964390039 8.202593 -1.252722 0.558518 -0.023780 -0.060009 -0.110360 0.991793
1750194989.022131443 8.211598 -1.257376 0.559835 -0.023224 -0.058842 -0.112108 0.991680
1750194989.181650400 8.220911 -1.261546 0.560913 -0.022573 -0.057591 -0.113330 0.991630
1750194989.240037203 8.230205 -1.265878 0.562380 -0.023501 -0.056154 -0.114511 0.991555
1750194989.396663189 8.239464 -1.270482 0.563774 -0.025582 -0.054665 -0.115515 0.991470
1750194989.456636667 8.248792 -1.274672 0.565002 -0.027123 -0.053263 -0.116274 0.991417
1750194989.620167017 8.258091 -1.278715 0.565716 -0.028338 -0.052185 -0.117467 0.991300
1750194989.681265593 8.267448 -1.282477 0.568168 -0.028308 -0.051500 -0.119669 0.991073
1750194989.845055342 8.276123 -1.285818 0.571704 -0.026773 -0.051293 -0.122432 0.990789
1750194989.901920319 8.285125 -1.289604 0.575440 -0.024729 -0.051260 -0.125906 0.990408
1750194990.062164545 8.294210 -1.294014 0.577535 -0.023014 -0.051099 -0.129583 0.989984
1750194990.121751308 8.303422 -1.298582 0.578644 -0.022202 -0.051323 -0.132263 0.989636
1750194990.286446571 8.312887 -1.302545 0.579512 -0.021155 -0.051745 -0.133666 0.989449
1750194990.345479727 8.322459 -1.306216 0.580681 -0.021224 -0.052197 -0.134337 0.989332
1750194990.505952358 8.331978 -1.310165 0.581638 -0.023402 -0.052520 -0.134959 0.989181
1750194990.565695047 8.341504 -1.313754 0.582306 -0.025418 -0.052809 -0.135899 0.988988
1750194990.731167078 8.350851 -1.317707 0.582984 -0.028430 -0.053303 -0.137349 0.988679
1750194990.792083979 8.360448 -1.321566 0.584214 -0.030430 -0.054379 -0.139589 0.988247
1750194990.951799631 8.370558 -1.325189 0.586123 -0.030234 -0.055880 -0.143040 0.987676
1750194991.009457350 8.380697 -1.329040 0.588611 -0.029131 -0.057569 -0.147696 0.986926
1750194991.167276859 8.390518 -1.333490 0.591232 -0.028489 -0.059064 -0.153171 0.986022
1750194991.225027561 8.399849 -1.338548 0.593910 -0.029283 -0.060195 -0.159333 0.984953
1750194991.383999825 8.408827 -1.343895 0.595585 -0.030377 -0.061042 -0.166076 0.983753
1750194991.442137718 8.417671 -1.349530 0.596500 -0.030898 -0.061579 -0.173630 0.982398
1750194991.597211123 8.426258 -1.355797 0.597295 -0.032235 -0.061612 -0.181942 0.980848
1750194991.657210112 8.434707 -1.362253 0.597710 -0.034345 -0.061398 -0.190332 0.979196
1750194991.812103271 8.443289 -1.367913 0.598673 -0.035325 -0.061281 -0.198620 0.977521
1750194991.870657682 8.451942 -1.373156 0.599639 -0.036141 -0.061166 -0.206612 0.975840
1750194992.025470734 8.460553 -1.378280 0.600943 -0.037400 -0.060980 -0.214577 0.974084
1750194992.083817005 8.468997 -1.383499 0.602440 -0.038905 -0.060581 -0.222719 0.972221
1750194992.240282059 8.477493 -1.388945 0.602666 -0.040547 -0.060046 -0.230727 0.970317
1750194992.300133467 8.485987 -1.394315 0.603038 -0.042971 -0.059436 -0.238423 0.968388
1750194992.456906557 8.495069 -1.398699 0.605008 -0.042605 -0.059561 -0.246159 0.966459
1750194992.514832735 8.504048 -1.403183 0.607347 -0.041977 -0.059718 -0.254002 0.964445
1750194992.670248508 8.513075 -1.407439 0.610006 -0.040825 -0.060115 -0.261834 0.962373
1750194992.728776693 8.522051 -1.411683 0.611906 -0.039921 -0.060592 -0.269506 0.960261
1750194992.886108875 8.531123 -1.416261 0.612597 -0.038930 -0.061002 -0.276354 0.958328
1750194992.944244623 8.540335 -1.421014 0.612896 -0.037392 -0.061863 -0.281117 0.956947
1750194993.098981142 8.549497 -1.426265 0.614015 -0.036818 -0.062784 -0.283319 0.956260
1750194993.156490088 8.558345 -1.431759 0.615574 -0.036767 -0.063944 -0.284031 0.955974
1750194993.310099602 8.566814 -1.437302 0.617288 -0.037376 -0.065180 -0.284037 0.955865
1750194993.367927790 8.575304 -1.442820 0.618784 -0.037486 -0.066604 -0.283820 0.955827
1750194993.530060053 8.584062 -1.448349 0.620631 -0.036336 -0.068547 -0.283779 0.955746
1750194993.587375641 8.592917 -1.454302 0.622919 -0.035204 -0.070784 -0.284372 0.955449
1750194993.740737200 8.601978 -1.460322 0.626112 -0.032981 -0.073404 -0.285824 0.954897
1750194993.798752069 8.610809 -1.466870 0.629004 -0.031439 -0.075921 -0.287802 0.954158
1750194993.949999332 8.619488 -1.473697 0.631963 -0.030086 -0.078515 -0.290461 0.953185
1750194994.004163504 8.627953 -1.481262 0.633497 -0.029849 -0.080748 -0.293556 0.952058
1750194994.155297756 8.635999 -1.488597 0.634557 -0.029623 -0.082597 -0.296489 0.950997
1750194994.210860014 8.643969 -1.495515 0.635367 -0.028409 -0.084661 -0.297933 0.950401
1750194994.359198809 8.651869 -1.502025 0.636646 -0.026368 -0.086634 -0.298109 0.950226
1750194994.414638281 8.659528 -1.508603 0.638341 -0.025291 -0.087912 -0.298267 0.950089
1750194994.563554287 8.667144 -1.515330 0.639460 -0.024429 -0.088651 -0.298684 0.949912
1750194994.618419170 8.674390 -1.522442 0.640601 -0.024601 -0.088420 -0.299509 0.949669
1750194994.770004034 8.681749 -1.529780 0.642139 -0.024741 -0.087825 -0.301572 0.949068
1750194994.825494289 8.689095 -1.537592 0.643572 -0.024965 -0.086953 -0.304940 0.948065
1750194994.971922159 8.696454 -1.545661 0.644759 -0.024808 -0.085887 -0.309397 0.946721
1750194995.024874449 8.703788 -1.554148 0.646088 -0.025062 -0.084490 -0.314878 0.945032
1750194995.171402693 8.711224 -1.563129 0.646868 -0.025353 -0.082828 -0.321337 0.942995
1750194995.224128962 8.718557 -1.572697 0.647215 -0.026664 -0.080628 -0.328705 0.940607
1750194995.376412153 8.725883 -1.582630 0.648007 -0.028530 -0.077950 -0.336956 0.937854
1750194995.429436207 8.733307 -1.592931 0.648216 -0.030499 -0.074887 -0.345743 0.934839
1750194995.581711769 8.740977 -1.602821 0.648100 -0.031549 -0.071824 -0.353745 0.932047
1750194995.637233257 8.749152 -1.612339 0.648734 -0.031889 -0.069141 -0.360014 0.929835
1750194995.788983822 8.758142 -1.621274 0.649644 -0.030307 -0.067349 -0.364648 0.928212
1750194995.845469475 8.767394 -1.629877 0.650769 -0.027884 -0.066084 -0.368122 0.927007
1750194995.999819040 8.775720 -1.638925 0.652524 -0.028426 -0.064161 -0.371837 0.925642
1750194996.057895184 8.783833 -1.648095 0.655491 -0.029990 -0.062090 -0.376211 0.923965
1750194996.213459492 8.792289 -1.657147 0.658674 -0.030555 -0.060711 -0.381009 0.922070
1750194996.268507242 8.800918 -1.666162 0.661511 -0.030532 -0.059755 -0.385974 0.920066
1750194996.423868179 8.809368 -1.674876 0.663994 -0.029817 -0.058934 -0.390635 0.918173
1750194996.477109909 8.817806 -1.683354 0.666146 -0.028001 -0.058655 -0.394398 0.916638
1750194996.634351254 8.825577 -1.691922 0.668653 -0.026350 -0.057962 -0.396944 0.915632
1750194996.685046196 8.832748 -1.700618 0.670809 -0.024970 -0.056813 -0.398861 0.914909
1750194996.840754509 8.839766 -1.709344 0.672321 -0.023612 -0.055576 -0.400170 0.914449
1750194996.893449545 8.846273 -1.718329 0.674230 -0.023903 -0.053592 -0.401086 0.914159
1750194997.047579288 8.852979 -1.727004 0.676377 -0.023530 -0.051838 -0.401606 0.914042
1750194997.102774620 8.860089 -1.735425 0.678250 -0.022229 -0.050629 -0.401667 0.914115
1750194997.253730774 8.867292 -1.744056 0.679586 -0.020992 -0.049684 -0.401516 0.914262
1750194997.306936502 8.874276 -1.752891 0.681257 -0.020851 -0.048439 -0.401314 0.914421
1750194997.459446192 8.881520 -1.761624 0.682608 -0.020239 -0.047587 -0.400989 0.914622
1750194997.513610601 8.888708 -1.770442 0.684015 -0.019622 -0.047079 -0.400566 0.914847
1750194997.665762901 8.895499 -1.779484 0.686109 -0.020447 -0.046075 -0.400316 0.914990
1750194997.717343807 8.902136 -1.788700 0.687973 -0.022566 -0.044334 -0.400536 0.914930
1750194997.868541956 8.909167 -1.797803 0.689047 -0.024355 -0.042580 -0.401056 0.914739
1750194997.920835495 8.916729 -1.806350 0.690582 -0.024247 -0.041635 -0.401817 0.914451
1750194998.073641777 8.924573 -1.815026 0.692056 -0.023155 -0.041476 -0.402917 0.914003
1750194998.127460241 8.932119 -1.824436 0.693809 -0.023336 -0.041184 -0.404883 0.913142
1750194998.281013012 8.940211 -1.834014 0.696186 -0.022398 -0.041971 -0.407554 0.911941
1750194998.333164454 8.948349 -1.844063 0.698833 -0.021684 -0.043009 -0.410851 0.910429
1750194998.487035751 8.956792 -1.854446 0.701026 -0.020471 -0.044546 -0.414543 0.908708
1750194998.540293455 8.964855 -1.865503 0.702450 -0.020394 -0.045657 -0.418847 0.906679
1750194998.692653656 8.971937 -1.876874 0.703603 -0.022353 -0.045579 -0.424019 0.904229
1750194998.745363235 8.979580 -1.887477 0.704238 -0.021815 -0.046605 -0.428431 0.902108
1750194998.900915623 8.986828 -1.898280 0.704673 -0.021707 -0.047566 -0.431712 0.900495
1750194998.952649832 8.993737 -1.908935 0.705794 -0.020650 -0.048771 -0.434483 0.899122
1750194999.105893850 9.000562 -1.919424 0.707254 -0.017972 -0.050607 -0.436396 0.898151
1750194999.156747103 9.006642 -1.930432 0.708191 -0.016896 -0.051301 -0.438034 0.897335
1750194999.309057236 9.012503 -1.942031 0.707733 -0.017139 -0.051008 -0.439864 0.896451
1750194999.360728025 9.018589 -1.953519 0.707186 -0.016346 -0.050824 -0.441907 0.895471
1750194999.511037111 9.024425 -1.964643 0.707897 -0.014738 -0.050656 -0.443842 0.894551
1750194999.560158014 9.029680 -1.975922 0.709247 -0.014305 -0.049621 -0.445873 0.893605
1750194999.710309029 9.035072 -1.987234 0.710005 -0.013935 -0.048296 -0.447989 0.892625
1750194999.759344578 9.040317 -1.998810 0.709893 -0.014672 -0.045917 -0.450607 0.891420
1750194999.914121389 9.046085 -2.010115 0.709820 -0.014160 -0.043734 -0.453610 0.890014
1750194999.963570356 9.052199 -2.021420 0.709652 -0.012322 -0.042170 -0.456465 0.888656
1750195000.120038748 9.058492 -2.032644 0.709049 -0.008537 -0.041613 -0.458769 0.887540
1750195000.170370817 9.064574 -2.043800 0.708695 -0.003286 -0.041644 -0.460847 0.886496
1750195000.326984167 9.069304 -2.055325 0.710306 0.000250 -0.040611 -0.462978 0.885439
1750195000.378899097 9.073250 -2.067411 0.712394 0.001754 -0.038404 -0.465181 0.884380
1750195000.540580750 9.077285 -2.079729 0.713757 0.002901 -0.035970 -0.467267 0.883379
1750195000.593788862 9.081796 -2.091892 0.714822 0.004995 -0.034113 -0.469099 0.882472
1750195000.756027460 9.086585 -2.103573 0.716477 0.008241 -0.032924 -0.470788 0.881593
1750195000.814477921 9.091021 -2.115222 0.718631 0.010446 -0.030968 -0.472599 0.880671
1750195000.979040623 9.095726 -2.126832 0.720245 0.012573 -0.028937 -0.474177 0.879864
1750195001.032655954 9.100777 -2.138204 0.721546 0.015111 -0.027055 -0.475642 0.879093
1750195001.193732262 9.106161 -2.149085 0.723144 0.019444 -0.026205 -0.476961 0.878318
1750195001.245668173 9.111248 -2.159870 0.724951 0.024506 -0.025846 -0.477799 0.877747
1750195001.408288002 9.115966 -2.171107 0.726463 0.028287 -0.024761 -0.478641 0.877205
1750195001.460418224 9.120660 -2.182620 0.727923 0.031468 -0.023475 -0.479348 0.876746
1750195001.620443344 9.125434 -2.194450 0.728964 0.034247 -0.022201 -0.479905 0.876371
1750195001.671624660 9.130311 -2.206491 0.729855 0.036495 -0.020911 -0.480163 0.876170
1750195001.836985826 9.135224 -2.218671 0.730920 0.038323 -0.019546 -0.480404 0.875991
1750195001.888024092 9.140361 -2.230646 0.732834 0.040890 -0.018780 -0.480658 0.875753
1750195002.050720215 9.145406 -2.242890 0.734658 0.043194 -0.018105 -0.481032 0.875451
1750195002.101025820 9.149882 -2.255863 0.735577 0.043136 -0.016258 -0.481846 0.875042
1750195002.271564960 9.154277 -2.269377 0.735923 0.041937 -0.014153 -0.482985 0.874509
1750195002.323089361 9.159280 -2.282766 0.737426 0.041957 -0.012888 -0.484720 0.873568
1750195002.486156940 9.164849 -2.295834 0.739243 0.043274 -0.012603 -0.486176 0.872698
1750195002.537630796 9.170683 -2.308464 0.741324 0.045886 -0.013420 -0.487047 0.872067
1750195002.702745914 9.176506 -2.321058 0.743438 0.049380 -0.015106 -0.487758 0.871450
1750195002.754307508 9.181980 -2.334107 0.745024 0.052147 -0.016872 -0.488426 0.870882
1750195002.922629118 9.187270 -2.347468 0.746639 0.054385 -0.018999 -0.488768 0.870510
1750195002.973040819 9.192112 -2.361350 0.747719 0.054809 -0.020623 -0.489092 0.870264
1750195003.138560534 9.196675 -2.375713 0.747735 0.053509 -0.021706 -0.489354 0.870171
1750195003.190346479 9.201172 -2.390090 0.748118 0.051304 -0.022818 -0.489370 0.870267
1750195003.357329369 9.205849 -2.404144 0.748762 0.048712 -0.024222 -0.488918 0.870632
1750195003.409508467 9.210659 -2.418067 0.748697 0.045767 -0.025708 -0.488306 0.871092
1750195003.570542574 9.215174 -2.432276 0.747960 0.041080 -0.026424 -0.487738 0.871622
1750195003.623057604 9.219965 -2.446360 0.747292 0.036065 -0.027349 -0.486874 0.872298
1750195003.783296108 9.225504 -2.459507 0.747452 0.033088 -0.029932 -0.485385 0.873161
1750195003.837029457 9.230977 -2.472416 0.747536 0.030459 -0.032950 -0.483859 0.873995
1750195003.992084265 9.236257 -2.485597 0.746763 0.027057 -0.035583 -0.482501 0.874754
1750195004.044486761 9.241726 -2.498454 0.746258 0.024046 -0.038691 -0.481072 0.875497
1750195004.199768782 9.247285 -2.510823 0.746944 0.021936 -0.042629 -0.479438 0.876265
1750195004.250150204 9.252560 -2.523498 0.747390 0.019036 -0.045981 -0.478135 0.876875
1750195004.399192095 9.257844 -2.536438 0.746748 0.015878 -0.048960 -0.477383 0.877187
1750195004.449797392 9.263084 -2.549590 0.745080 0.012067 -0.051335 -0.477207 0.877207
1750195004.598184586 9.268419 -2.562570 0.744027 0.008347 -0.053578 -0.477281 0.877076
1750195004.650022507 9.273955 -2.575059 0.744659 0.006060 -0.056552 -0.477365 0.876862
1750195004.795562983 9.279546 -2.587480 0.745490 0.004815 -0.060040 -0.477804 0.876399
1750195004.845809698 9.285070 -2.599624 0.747305 0.005170 -0.064458 -0.478333 0.875795
1750195004.991412640 9.289953 -2.611897 0.749641 0.005135 -0.068335 -0.479033 0.875118
1750195005.042041302 9.294511 -2.624601 0.750728 0.004450 -0.071428 -0.479848 0.874428
1750195005.186202049 9.298643 -2.637888 0.750709 0.002126 -0.073133 -0.481251 0.873524
1750195005.235689163 9.303095 -2.650972 0.750856 0.000693 -0.075083 -0.482891 0.872456
1750195005.379876614 9.307737 -2.663346 0.751938 0.001567 -0.077501 -0.484266 0.871480
1750195005.431510687 9.311894 -2.675857 0.752952 0.002074 -0.078860 -0.485689 0.870565
1750195005.573532343 9.315870 -2.688368 0.753979 0.002725 -0.079624 -0.487122 0.869692
1750195005.624898911 9.319794 -2.700453 0.755521 0.004678 -0.080264 -0.488438 0.868887
1750195005.768938780 9.322986 -2.712896 0.756857 0.004844 -0.079114 -0.490427 0.867870
1750195005.819883108 9.326205 -2.725302 0.757773 0.004965 -0.077201 -0.492911 0.866634
1750195005.966843843 9.329803 -2.737606 0.757765 0.005659 -0.075025 -0.495800 0.865171
1750195006.018788338 9.334104 -2.749470 0.757851 0.008641 -0.073574 -0.498377 0.863790
1750195006.165344238 9.338277 -2.761567 0.758134 0.010524 -0.071164 -0.501157 0.862361
1750195006.218312025 9.342631 -2.773756 0.758748 0.012075 -0.068508 -0.503701 0.861072
1750195006.365378380 9.347305 -2.785629 0.760311 0.014174 -0.066363 -0.505378 0.860225
1750195006.415814400 9.351968 -2.797334 0.762602 0.015262 -0.064092 -0.506454 0.859746
1750195006.559854507 9.356607 -2.809175 0.764521 0.014882 -0.061557 -0.507000 0.859616
1750195006.611730099 9.361276 -2.820896 0.766481 0.013327 -0.058848 -0.507235 0.859693
1750195006.759227276 9.366439 -2.832670 0.768225 0.012039 -0.056996 -0.506844 0.860067
1750195006.809244633 9.371975 -2.844547 0.770674 0.011765 -0.056457 -0.505192 0.861078
1750195006.956888437 9.377563 -2.856838 0.773125 0.011670 -0.056813 -0.502680 0.862525
1750195007.007232189 9.383101 -2.869391 0.775045 0.011777 -0.057822 -0.499567 0.864263
1750195007.151053667 9.388210 -2.882262 0.775887 0.010993 -0.058452 -0.496476 0.866010
1750195007.201251268 9.392438 -2.895669 0.776320 0.007248 -0.057938 -0.493799 0.867614
1750195007.346661806 9.396033 -2.909336 0.777624 0.000900 -0.056676 -0.491340 0.869121
1750195007.396875620 9.400859 -2.922159 0.780255 -0.002456 -0.058029 -0.488320 0.870730
1750195007.540647984 9.405861 -2.934895 0.783186 -0.005750 -0.060115 -0.485748 0.872010
1750195007.593053341 9.411144 -2.948094 0.784672 -0.008599 -0.062408 -0.483840 0.872886
1750195007.738065481 9.416383 -2.961623 0.785446 -0.011803 -0.064765 -0.482709 0.873303
1750195007.788788795 9.421955 -2.975172 0.786145 -0.014314 -0.067779 -0.482236 0.873298
1750195007.932343245 9.427802 -2.988125 0.786772 -0.015362 -0.071486 -0.481860 0.873192
1750195007.984903574 9.433289 -3.000462 0.787715 -0.016289 -0.075290 -0.481470 0.873071
1750195008.127870321 9.438723 -3.012348 0.788251 -0.016263 -0.079211 -0.481107 0.872925
1750195008.180810213 9.444083 -3.023503 0.789247 -0.014329 -0.083496 -0.480395 0.872951
1750195008.319616556 9.448807 -3.034279 0.791140 -0.011910 -0.087155 -0.479447 0.873151
1750195008.372684240 9.452858 -3.045336 0.793005 -0.011320 -0.089175 -0.479145 0.873121
1750195008.511861563 9.456933 -3.056415 0.794233 -0.011280 -0.090361 -0.479526 0.872790
1750195008.565587997 9.461307 -3.067147 0.795195 -0.010431 -0.091383 -0.480280 0.872279
1750195008.704311132 9.465655 -3.077426 0.796477 -0.008720 -0.091974 -0.481388 0.871625
1750195008.756540060 9.469874 -3.087596 0.797711 -0.006821 -0.091876 -0.482700 0.870927
1750195008.893954754 9.473964 -3.098050 0.798144 -0.005143 -0.091100 -0.484121 0.870230
1750195008.945048571 9.477808 -3.108773 0.798202 -0.004305 -0.089226 -0.485944 0.869413
1750195009.086449385 9.481631 -3.119647 0.797926 -0.003773 -0.086553 -0.488040 0.868511
1750195009.138714552 9.485784 -3.130412 0.797554 -0.002461 -0.083732 -0.490038 0.867667
1750195009.279370308 9.490212 -3.140929 0.797959 -0.000249 -0.080793 -0.491574 0.867080
1750195009.333633423 9.494798 -3.151519 0.798652 0.002048 -0.077555 -0.492659 0.866757
1750195009.475711346 9.499582 -3.162298 0.798847 0.004202 -0.074145 -0.493352 0.866654
1750195009.526258707 9.504087 -3.173377 0.799080 0.004914 -0.069671 -0.494145 0.866570
1750195009.667520761 9.508664 -3.184577 0.799641 0.004857 -0.064575 -0.494922 0.866521
1750195009.719451427 9.513759 -3.195779 0.799656 0.005233 -0.059639 -0.495447 0.866572
1750195009.867270947 9.519258 -3.206928 0.799182 0.006362 -0.055002 -0.495922 0.866600
1750195009.919694185 9.524559 -3.218395 0.800249 0.006429 -0.050157 -0.496074 0.866806
1750195010.063891172 9.530174 -3.229677 0.802918 0.007505 -0.046131 -0.495761 0.867200
1750195010.115966797 9.535770 -3.241155 0.805238 0.008504 -0.042284 -0.495359 0.867617
1750195010.260640860 9.541114 -3.252847 0.807975 0.008542 -0.038433 -0.494852 0.868085
1750195010.313086748 9.546457 -3.264776 0.810773 0.008020 -0.034966 -0.494152 0.868635
1750195010.461012363 9.552087 -3.276917 0.812915 0.007686 -0.032164 -0.493187 0.869294
1750195010.513923168 9.558168 -3.289113 0.813839 0.008282 -0.030308 -0.491913 0.870077
1750195010.663072586 9.564497 -3.301324 0.814109 0.009908 -0.029474 -0.490514 0.870878
1750195010.716744184 9.570145 -3.313456 0.816007 0.010930 -0.028851 -0.489283 0.871579
1750195010.868198633 9.575521 -3.325749 0.818220 0.011233 -0.028373 -0.488019 0.872299
1750195010.922019005 9.581192 -3.337895 0.819978 0.012426 -0.028575 -0.486630 0.873052
1750195011.071728468 9.587010 -3.349701 0.821397 0.014725 -0.029224 -0.485414 0.873672
1750195011.126462698 9.592333 -3.361399 0.822850 0.016360 -0.029284 -0.484783 0.873991
1750195011.276913881 9.597641 -3.373192 0.823991 0.017606 -0.029231 -0.484306 0.874233
1750195011.329852104 9.603215 -3.385092 0.824578 0.019166 -0.029635 -0.483686 0.874530
1750195011.476755142 9.609050 -3.397065 0.824572 0.021210 -0.030469 -0.482890 0.874894
1750195011.529762506 9.614670 -3.408995 0.824947 0.022965 -0.030866 -0.482356 0.875130
1750195011.678131104 9.619928 -3.420865 0.825947 0.023859 -0.030244 -0.482383 0.875113
1750195011.730092525 9.625478 -3.432831 0.826389 0.025083 -0.029595 -0.482571 0.874997
1750195011.886080265 9.631125 -3.445047 0.826545 0.025893 -0.028866 -0.482738 0.874906
1750195011.937683105 9.636772 -3.457359 0.826564 0.025971 -0.027797 -0.482998 0.874795
1750195012.087063313 9.642890 -3.469374 0.826406 0.027105 -0.027113 -0.483444 0.874535
1750195012.139233351 9.649184 -3.481129 0.826589 0.029363 -0.026835 -0.484030 0.874147
1750195012.288077831 9.655109 -3.493364 0.827214 0.030524 -0.026387 -0.484399 0.873916
1750195012.339212894 9.660829 -3.506075 0.828013 0.030332 -0.025909 -0.484313 0.873985
1750195012.489905834 9.666699 -3.519173 0.827754 0.029724 -0.025687 -0.483871 0.874257
1750195012.541403055 9.672484 -3.532369 0.828096 0.028445 -0.025663 -0.483214 0.874664
1750195012.691790104 9.678196 -3.545586 0.829833 0.026459 -0.026013 -0.482303 0.875218
1750195012.743852139 9.684001 -3.558986 0.831084 0.024341 -0.026708 -0.481312 0.875804
1750195012.896041155 9.689733 -3.572570 0.831552 0.021651 -0.027361 -0.480281 0.876420
1750195012.949337244 9.695592 -3.586010 0.832301 0.018967 -0.028242 -0.479380 0.876948
1750195013.099626780 9.701968 -3.598918 0.833140 0.018045 -0.030182 -0.478516 0.877374
1750195013.151943922 9.708000 -3.611692 0.833759 0.016644 -0.031460 -0.478322 0.877463
1750195013.300304890 9.713957 -3.624177 0.834380 0.015157 -0.032234 -0.478706 0.877252
1750195013.353750944 9.720496 -3.636434 0.834261 0.015219 -0.033781 -0.479314 0.876861
1750195013.506009340 9.726891 -3.648480 0.834247 0.015702 -0.035278 -0.480225 0.876295
1750195013.558711767 9.732675 -3.660561 0.834818 0.015088 -0.035441 -0.481836 0.875414
1750195013.708211422 9.738151 -3.672779 0.835663 0.013490 -0.034402 -0.483675 0.874467
1750195013.761446476 9.743924 -3.684891 0.835971 0.012422 -0.033196 -0.485627 0.873447
1750195013.910896301 9.749951 -3.696770 0.836104 0.012504 -0.032079 -0.487605 0.872385
1750195013.965991020 9.756092 -3.708603 0.835787 0.013600 -0.030963 -0.489317 0.871450
1750195014.116337299 9.761953 -3.720591 0.835162 0.014611 -0.029151 -0.490795 0.870665
1750195014.168207169 9.767598 -3.732304 0.835289 0.016059 -0.026598 -0.492215 0.869919
1750195014.318054438 9.773695 -3.744022 0.835356 0.018977 -0.024658 -0.493426 0.869231
1750195014.369987011 9.780119 -3.755911 0.835236 0.022899 -0.023225 -0.494241 0.868713
1750195014.518208742 9.786492 -3.768053 0.835175 0.026936 -0.021749 -0.494711 0.868368
1750195014.569196939 9.792505 -3.780528 0.835111 0.029988 -0.019622 -0.495100 0.868097
1750195014.721693039 9.798778 -3.792993 0.835204 0.033325 -0.017783 -0.495327 0.867885
1750195014.773046255 9.805650 -3.805537 0.835555 0.037942 -0.017152 -0.495295 0.867726
1750195014.924897432 9.812159 -3.818871 0.835788 0.041238 -0.016199 -0.495243 0.867624
1750195014.977619886 9.818307 -3.833010 0.835852 0.042703 -0.014789 -0.494957 0.867741
1750195015.132422924 9.824933 -3.847316 0.836134 0.044689 -0.014241 -0.494051 0.868167
1750195015.183649778 9.831221 -3.862142 0.837219 0.045366 -0.013356 -0.493079 0.868698
1750195015.344483614 9.837547 -3.877544 0.838093 0.045380 -0.012492 -0.491922 0.869366
1750195015.396569252 9.844344 -3.892979 0.838645 0.046432 -0.012503 -0.490368 0.870188
1750195015.553818464 9.850867 -3.908723 0.839307 0.046708 -0.012341 -0.488728 0.871097
1750195015.605541706 9.857790 -3.924399 0.839242 0.048078 -0.013044 -0.486713 0.872140
1750195015.761050463 9.864856 -3.940246 0.838506 0.050101 -0.014383 -0.484677 0.873139
1750195015.813151836 9.871782 -3.956305 0.837070 0.052038 -0.015756 -0.482801 0.874041
1750195015.969557524 9.877642 -3.972428 0.836671 0.051781 -0.015306 -0.482001 0.874505
1750195016.019769192 9.883289 -3.987831 0.837545 0.051469 -0.014218 -0.482370 0.874338
1750195016.173110485 9.888774 -4.003115 0.838241 0.050642 -0.012306 -0.483712 0.873674
1750195016.222478628 9.894549 -4.018383 0.837441 0.050198 -0.010274 -0.485775 0.872581
1750195016.377430201 9.900883 -4.033883 0.835314 0.050787 -0.008763 -0.487786 0.871440
1750195016.428432226 9.906650 -4.049916 0.832962 0.049711 -0.005799 -0.490541 0.869980
1750195016.585412979 9.912353 -4.066334 0.830275 0.048069 -0.002154 -0.493599 0.868358
1750195016.637226343 9.919245 -4.082243 0.827877 0.049877 -0.000416 -0.496144 0.866807
1750195016.798458099 9.926620 -4.097627 0.827549 0.054900 -0.000569 -0.498224 0.865309
1750195016.850580692 9.933139 -4.113220 0.829076 0.059741 -0.000556 -0.500252 0.863817
1750195017.011535645 9.939661 -4.129070 0.830823 0.065576 -0.001295 -0.502126 0.862304
1750195017.061477900 9.945448 -4.145750 0.831888 0.069610 -0.000995 -0.504198 0.860777
1750195017.253306866 9.950859 -4.163275 0.831912 0.072147 -0.000052 -0.506281 0.859345
1750195017.304171324 9.956029 -4.181437 0.831107 0.073346 0.001290 -0.508140 0.858145
1750195017.468409300 9.960503 -4.200280 0.830155 0.071720 0.003962 -0.509964 0.857192
1750195017.518720865 9.964848 -4.219533 0.828946 0.068731 0.006975 -0.511397 0.856563
1750195017.680967569 9.969206 -4.239239 0.826964 0.064809 0.010106 -0.512500 0.856178
1750195017.730266094 9.974372 -4.258927 0.824793 0.062382 0.011758 -0.512894 0.856102
1750195017.894123554 9.979866 -4.278735 0.822959 0.060631 0.012442 -0.512982 0.856165
1750195017.945728302 9.986009 -4.298367 0.821688 0.060904 0.011376 -0.512891 0.856215
1750195018.110533953 9.992171 -4.318317 0.819766 0.061384 0.009845 -0.512953 0.856163
1750195018.160377741 9.999073 -4.337994 0.817532 0.064378 0.006699 -0.512835 0.856044
1750195018.324863911 10.005955 -4.357757 0.814925 0.067925 0.003291 -0.512780 0.855823
1750195018.378376007 10.011890 -4.378101 0.812589 0.069347 0.001121 -0.513101 0.855522
1750195018.541719198 10.017062 -4.398817 0.811129 0.068589 0.000197 -0.513733 0.855204
1750195018.593207598 10.021984 -4.419939 0.809498 0.066465 0.000004 -0.514503 0.854909
1750195018.756178141 10.026682 -4.441733 0.806491 0.062787 0.000613 -0.515331 0.854688
1750195018.810025930 10.031477 -4.463908 0.802408 0.058397 0.001471 -0.516163 0.854496
1750195018.977691174 10.037517 -4.485706 0.798240 0.057042 0.000544 -0.516723 0.854250
1750195019.033234596 10.044825 -4.506609 0.795997 0.060169 -0.003030 -0.516838 0.853961
1750195019.198682070 10.051411 -4.527413 0.795654 0.062919 -0.006368 -0.516973 0.853662
1750195019.253313780 10.056458 -4.548664 0.796391 0.062387 -0.007785 -0.517517 0.853360
1750195019.416260958 10.060769 -4.570361 0.796810 0.060023 -0.008049 -0.518196 0.853115
1750195019.469218016 10.064758 -4.592639 0.795592 0.056244 -0.007552 -0.518960 0.852913
1750195019.634366751 10.068638 -4.615355 0.792882 0.051335 -0.006544 -0.519728 0.852763
1750195019.688511372 10.072772 -4.637941 0.789989 0.046282 -0.005679 -0.520231 0.852752
1750195019.851146221 10.077726 -4.659678 0.788543 0.042939 -0.006112 -0.520185 0.852951
1750195019.904636621 10.083365 -4.680123 0.789360 0.041727 -0.007801 -0.519658 0.853319
1750195020.066678286 10.089090 -4.700316 0.790345 0.040755 -0.009551 -0.518966 0.853770
1750195020.118622780 10.095033 -4.720336 0.790865 0.040162 -0.011389 -0.518229 0.854222
1750195020.278260946 10.101125 -4.740624 0.789991 0.039523 -0.013080 -0.517506 0.854666
1750195020.331792116 10.107185 -4.761331 0.787291 0.038149 -0.014302 -0.516889 0.855083
1750195020.494283438 10.113181 -4.782321 0.783484 0.036070 -0.015000 -0.516492 0.855400
1750195020.548492193 10.119679 -4.802457 0.780951 0.035779 -0.016366 -0.516212 0.855557
1750195020.711286545 10.126443 -4.821203 0.781398 0.037720 -0.018500 -0.516058 0.855523
1750195020.763546467 10.132620 -4.839526 0.783575 0.039459 -0.020255 -0.516140 0.855355
1750195020.920479774 10.138469 -4.858010 0.785497 0.040677 -0.021609 -0.516351 0.855137
1750195020.973024368 10.144083 -4.876611 0.786870 0.041445 -0.022653 -0.516698 0.854864
1750195021.129914999 10.149237 -4.895888 0.786741 0.040551 -0.022768 -0.517292 0.854545
1750195021.182375193 10.154241 -4.915687 0.785081 0.038670 -0.022366 -0.517949 0.854244
1750195021.341471672 10.159286 -4.935984 0.781422 0.036272 -0.021647 -0.518686 0.853921
1750195021.396235704 10.164758 -4.956068 0.777326 0.035034 -0.021447 -0.519318 0.853593
1750195021.555681705 10.171000 -4.974562 0.775969 0.037711 -0.023080 -0.519278 0.853461
1750195021.609663010 10.176265 -4.992451 0.777524 0.039578 -0.023939 -0.519389 0.853285
1750195021.771939278 10.181123 -5.010074 0.779563 0.040764 -0.024085 -0.519596 0.853099
1750195021.824270964 10.185520 -5.027819 0.781153 0.040642 -0.023154 -0.520129 0.852806
1750195021.983018160 10.189819 -5.045832 0.781434 0.039903 -0.021567 -0.520977 0.852365
1750195022.034859657 10.194197 -5.063887 0.780503 0.039095 -0.019453 -0.522243 0.851678
1750195022.197272062 10.198603 -5.082022 0.778341 0.038051 -0.016679 -0.524069 0.850662
1750195022.251453400 10.203340 -5.099735 0.776077 0.037652 -0.013746 -0.526491 0.849235
1750195022.412169456 10.208837 -5.116508 0.775237 0.039465 -0.011749 -0.529163 0.847520
1750195022.464883804 10.215103 -5.132606 0.775203 0.043828 -0.011286 -0.531413 0.845903
1750195022.630837679 10.220520 -5.148637 0.775479 0.047037 -0.009672 -0.534116 0.844046
1750195022.682579517 10.225955 -5.164468 0.775805 0.050665 -0.008097 -0.537004 0.842018
1750195022.847959995 10.231400 -5.180373 0.775587 0.054328 -0.006534 -0.539790 0.840019
1750195022.907497644 10.236677 -5.196708 0.774764 0.057168 -0.004588 -0.542568 0.838051
1750195023.070545673 10.241536 -5.212936 0.775295 0.058718 -0.002032 -0.545588 0.835991
1750195023.120644093 10.246456 -5.229329 0.775845 0.059455 0.000668 -0.548424 0.834084
1750195023.284366846 10.251902 -5.245806 0.776161 0.060725 0.002438 -0.550715 0.832478
1750195023.333132982 10.257123 -5.262492 0.776760 0.060793 0.004339 -0.552697 0.831151
1750195023.498451233 10.262175 -5.279377 0.777570 0.059622 0.006380 -0.554485 0.830031
1750195023.547519922 10.267450 -5.296502 0.777591 0.058418 0.007979 -0.555899 0.829156
1750195023.716428280 10.272526 -5.313989 0.777492 0.055979 0.009738 -0.557083 0.828511
1750195023.765320778 10.277919 -5.331528 0.777103 0.053829 0.010802 -0.557939 0.828064
1750195023.933356524 10.283706 -5.349110 0.776499 0.052598 0.010696 -0.558490 0.827773
1750195023.982350826 10.289501 -5.367001 0.775518 0.051272 0.010098 -0.558934 0.827564
1750195024.146952868 10.295319 -5.385244 0.773599 0.049839 0.009174 -0.559381 0.827360
1750195024.197631836 10.301536 -5.403810 0.770832 0.049263 0.007142 -0.559706 0.827195
1750195024.367716312 10.308465 -5.422574 0.767258 0.050440 0.003203 -0.559568 0.827242
1750195024.420664310 10.315819 -5.441396 0.764060 0.053706 -0.002283 -0.558961 0.827450
1750195024.593810797 10.321810 -5.460668 0.762949 0.054645 -0.005823 -0.558381 0.827763
1750195024.646968603 10.326775 -5.480281 0.763077 0.053201 -0.007206 -0.557955 0.828133
1750195024.813858509 10.331522 -5.499930 0.763141 0.051400 -0.007719 -0.557554 0.828512
1750195024.864476442 10.336342 -5.519580 0.762986 0.049898 -0.008298 -0.556852 0.829070
1750195025.028820038 10.341348 -5.539258 0.761912 0.048970 -0.009040 -0.555769 0.829844
1750195025.079829216 10.346631 -5.558825 0.760243 0.049147 -0.010294 -0.554484 0.830678
1750195025.246780396 10.352550 -5.578121 0.757987 0.051627 -0.012987 -0.552690 0.831685
1750195025.298497200 10.358615 -5.597456 0.755142 0.055183 -0.016115 -0.550813 0.832647
1750195025.464561701 10.363681 -5.616981 0.753254 0.057272 -0.017768 -0.549649 0.833241
1750195025.516305447 10.367160 -5.636457 0.753188 0.056169 -0.016530 -0.549726 0.833290
1750195025.683147669 10.370305 -5.655625 0.753743 0.054101 -0.014159 -0.550755 0.832792
1750195025.733606577 10.373904 -5.674684 0.753129 0.052745 -0.012026 -0.552056 0.832050
1750195025.902202845 10.377722 -5.694005 0.750706 0.051445 -0.009757 -0.553629 0.831116
1750195025.954416037 10.381625 -5.712974 0.748324 0.050310 -0.007144 -0.555932 0.829673
1750195026.132771492 10.385928 -5.731463 0.746250 0.050325 -0.004887 -0.558632 0.827873
1750195026.183419943 10.390684 -5.749027 0.745694 0.052562 -0.003714 -0.561416 0.825855
1750195026.354645729 10.395225 -5.765887 0.746050 0.056042 -0.003010 -0.564255 0.823691
1750195026.403369904 10.399834 -5.782385 0.746235 0.060926 -0.003148 -0.566747 0.821630
1750195026.573867083 10.404131 -5.798828 0.746209 0.066092 -0.003517 -0.568983 0.819682
1750195026.624323606 10.407549 -5.815085 0.746803 0.070448 -0.003058 -0.571216 0.817765
1750195026.795271635 10.410860 -5.831430 0.746657 0.074759 -0.002449 -0.573305 0.815921
1750195026.844460249 10.414204 -5.847936 0.745897 0.079428 -0.002094 -0.575416 0.813992
1750195027.017346382 10.417572 -5.864627 0.744753 0.084322 -0.001966 -0.577372 0.812113
1750195027.067533731 10.420750 -5.881809 0.743625 0.088576 -0.001648 -0.579300 0.810286
1750195027.239747047 10.423756 -5.899510 0.743174 0.091963 -0.001307 -0.580842 0.808804
1750195027.288333416 10.426411 -5.917910 0.743050 0.093865 -0.000537 -0.582117 0.807669
1750195027.465520859 10.429560 -5.936845 0.743394 0.095842 -0.001004 -0.582528 0.807140
1750195027.513433933 10.433176 -5.956203 0.743380 0.098232 -0.002211 -0.581955 0.807263
1750195027.686724186 10.436734 -5.976260 0.741754 0.100037 -0.003331 -0.581032 0.807702
1750195027.737184286 10.439517 -5.997305 0.738923 0.099264 -0.003125 -0.580018 0.808527
1750195027.917851686 10.441515 -6.018877 0.736614 0.096073 -0.002022 -0.578546 0.809969
1750195027.968282223 10.443740 -6.039774 0.736258 0.093841 -0.002545 -0.575859 0.812141
1750195028.144416809 10.445908 -6.059794 0.737466 0.092992 -0.004823 -0.572238 0.814784
1750195028.194462061 10.447240 -6.079704 0.738596 0.091413 -0.007053 -0.568542 0.817529
1750195028.374030828 10.447351 -6.099700 0.739488 0.088006 -0.008331 -0.565086 0.820283
1750195028.426389933 10.446489 -6.120109 0.739431 0.082510 -0.008789 -0.562096 0.822899
1750195028.598747969 10.445296 -6.141091 0.737275 0.075980 -0.008773 -0.559314 0.825420
1750195028.647931576 10.444719 -6.162088 0.733718 0.070508 -0.009846 -0.556085 0.828071
1750195028.819745541 10.445648 -6.182568 0.729522 0.068541 -0.013767 -0.551766 0.831064
1750195028.869275331 10.447302 -6.202573 0.725607 0.069143 -0.020030 -0.546657 0.834257
1750195029.044355392 10.447474 -6.222858 0.722628 0.067167 -0.025357 -0.542115 0.837232
1750195029.093036175 10.446316 -6.243211 0.721748 0.062299 -0.029886 -0.537843 0.840209
1750195029.262135983 10.444671 -6.263828 0.720866 0.055835 -0.034054 -0.533537 0.843244
1750195029.311385393 10.443584 -6.284378 0.718985 0.049912 -0.039046 -0.528614 0.846494
1750195029.477786064 10.443107 -6.304830 0.715974 0.044735 -0.044929 -0.523112 0.849902
1750195029.528701067 10.443784 -6.324765 0.712230 0.041890 -0.052537 -0.516843 0.853439
1750195029.689633608 10.445498 -6.343792 0.708853 0.041834 -0.061761 -0.510471 0.856653
1750195029.742679119 10.447637 -6.361463 0.708404 0.044148 -0.071805 -0.504894 0.859056
1750195029.903960943 10.448848 -6.378898 0.710190 0.044553 -0.080089 -0.500502 0.860871
1750195029.958333015 10.449093 -6.396830 0.712704 0.041984 -0.085812 -0.497294 0.862306
1750195030.117510319 10.449955 -6.414555 0.715194 0.040828 -0.091443 -0.494847 0.863191
1750195030.171366215 10.450837 -6.432336 0.717484 0.039485 -0.096120 -0.493295 0.863633
1750195030.322904110 10.451886 -6.450302 0.718555 0.038099 -0.100108 -0.492577 0.863652
1750195030.376733303 10.453218 -6.468306 0.718586 0.036925 -0.103560 -0.492703 0.863224
1750195030.527816534 10.454480 -6.486501 0.717664 0.034786 -0.105750 -0.494036 0.862285
1750195030.582570314 10.455743 -6.504737 0.716045 0.032028 -0.106778 -0.496674 0.860748
1750195030.732768536 10.457494 -6.522131 0.715166 0.030498 -0.107319 -0.500751 0.858371
1750195030.787752390 10.459624 -6.538569 0.715233 0.030405 -0.107456 -0.505903 0.855331
1750195030.937227249 10.461969 -6.554383 0.715689 0.031508 -0.107285 -0.511597 0.851919
1750195030.990611792 10.464227 -6.569795 0.716560 0.032784 -0.106306 -0.517730 0.848281
1750195031.141083956 10.466588 -6.585213 0.716652 0.034119 -0.104808 -0.524084 0.844504
1750195031.191684246 10.469079 -6.600542 0.716370 0.035432 -0.102769 -0.530530 0.840667
1750195031.343676090 10.471500 -6.615571 0.717132 0.036419 -0.099931 -0.536831 0.836958
1750195031.395114660 10.473842 -6.630725 0.717328 0.036773 -0.096323 -0.543012 0.833372
1750195031.547665119 10.476142 -6.646159 0.716359 0.036075 -0.091709 -0.549230 0.829840
1750195031.601874113 10.478674 -6.661556 0.714899 0.035534 -0.086786 -0.555507 0.826207
1750195031.766055584 10.481950 -6.676405 0.714456 0.036344 -0.082744 -0.560934 0.822913
1750195031.819960356 10.486283 -6.690238 0.715791 0.039735 -0.080760 -0.564555 0.820474
1750195031.977929354 10.490374 -6.703833 0.718305 0.042482 -0.078769 -0.567272 0.818653
1750195032.031015635 10.494088 -6.717828 0.721140 0.042944 -0.076138 -0.569388 0.817408
1750195032.192350388 10.497700 -6.732441 0.723508 0.041698 -0.073214 -0.571172 0.816495
1750195032.247123241 10.501272 -6.747730 0.725642 0.039090 -0.069797 -0.573028 0.815622
1750195032.405049324 10.504867 -6.763553 0.726845 0.035487 -0.066181 -0.574997 0.814702
1750195032.458742857 10.508891 -6.779710 0.727237 0.031871 -0.063017 -0.576954 0.813718
1750195032.619741440 10.513414 -6.795685 0.727800 0.028831 -0.060533 -0.579232 0.812401
1750195032.672460079 10.518655 -6.811314 0.729174 0.027421 -0.059479 -0.581778 0.810707
1750195032.833756447 10.524226 -6.826653 0.731211 0.026782 -0.059359 -0.584671 0.808652
1750195032.886650562 10.529887 -6.841824 0.733011 0.026374 -0.059679 -0.588013 0.806215
1750195033.044185638 10.535617 -6.856906 0.734221 0.026356 -0.060482 -0.591677 0.803471
1750195033.095235825 10.541478 -6.871824 0.735146 0.027040 -0.062056 -0.595561 0.800453
1750195033.256520987 10.546834 -6.886433 0.735921 0.026563 -0.063195 -0.600159 0.796938
1750195033.307698727 10.552162 -6.900434 0.737832 0.026316 -0.064903 -0.605160 0.793018
1750195033.470145702 10.557350 -6.914280 0.740031 0.026265 -0.067012 -0.610182 0.788985
1750195033.524143457 10.562117 -6.928012 0.742439 0.026125 -0.069153 -0.615241 0.784865
1750195033.680938482 10.566167 -6.941832 0.744193 0.025018 -0.070517 -0.620485 0.780640
1750195033.734996080 10.569590 -6.955530 0.745953 0.023377 -0.071219 -0.625929 0.776270
1750195033.894386768 10.572951 -6.969169 0.747715 0.022909 -0.072447 -0.631234 0.771862
1750195033.946615458 10.575803 -6.982798 0.749068 0.022511 -0.073163 -0.636698 0.767305
1750195034.101552486 10.578020 -6.996304 0.750971 0.022716 -0.073633 -0.642205 0.762650
1750195034.154209614 10.579834 -7.009736 0.753014 0.023527 -0.074050 -0.647810 0.757829
1750195034.309648275 10.581752 -7.023456 0.754387 0.025779 -0.075172 -0.653266 0.752946
1750195034.363229275 10.582509 -7.037517 0.754970 0.026669 -0.074626 -0.658968 0.747984
1750195034.517526627 10.582496 -7.051969 0.755911 0.027650 -0.073661 -0.664702 0.742954
1750195034.569885492 10.582038 -7.066681 0.756375 0.028485 -0.072112 -0.670577 0.737777
1750195034.729175091 10.581038 -7.081411 0.755748 0.028173 -0.069122 -0.676830 0.732346
1750195034.784542322 10.580084 -7.096086 0.754821 0.027404 -0.065562 -0.683158 0.726805
1750195034.942569971 10.580681 -7.110637 0.755409 0.028663 -0.064276 -0.689052 0.721287
1750195034.997505903 10.581838 -7.125061 0.757221 0.030548 -0.064059 -0.694956 0.715541
1750195035.154617786 10.583329 -7.139525 0.759069 0.032072 -0.064219 -0.700816 0.709721
1750195035.208432674 10.584815 -7.154030 0.760510 0.032900 -0.064262 -0.706693 0.703828
1750195035.366772413 10.586085 -7.168573 0.761786 0.032656 -0.063904 -0.712729 0.697759
1750195035.419767618 10.587950 -7.183304 0.762937 0.032585 -0.064583 -0.718644 0.691606
1750195035.576392889 10.589590 -7.198175 0.763101 0.031729 -0.064803 -0.724755 0.685218
1750195035.629180431 10.590961 -7.212724 0.763838 0.030460 -0.064970 -0.730944 0.678655
1750195035.782804251 10.593006 -7.227266 0.765538 0.031015 -0.067537 -0.736432 0.672417
1750195035.835106134 10.594388 -7.241700 0.766553 0.031009 -0.069480 -0.741980 0.666091
1750195035.988986015 10.594374 -7.255768 0.767543 0.029863 -0.069791 -0.747386 0.660039
1750195036.040345907 10.593751 -7.269913 0.768744 0.029240 -0.070448 -0.752140 0.654575
1750195036.195374966 10.593105 -7.284465 0.768594 0.029092 -0.071592 -0.756543 0.649362
1750195036.246592522 10.591091 -7.298722 0.768913 0.027884 -0.070887 -0.760967 0.644303
1750195036.398498535 10.588176 -7.312982 0.770562 0.027310 -0.070194 -0.765218 0.639350
1750195036.450370550 10.585555 -7.327779 0.772195 0.029040 -0.071692 -0.769137 0.634385
1750195036.602686167 10.582221 -7.342632 0.772576 0.030026 -0.071801 -0.773213 0.629352
1750195036.654742718 10.577941 -7.357154 0.772544 0.029424 -0.069553 -0.777705 0.624077
1750195036.805751801 10.573846 -7.371780 0.771932 0.028938 -0.067225 -0.782338 0.618539
1750195036.858593941 10.570465 -7.386869 0.770710 0.030185 -0.066686 -0.786769 0.612892
1750195037.010479450 10.566874 -7.401864 0.769735 0.031768 -0.066168 -0.791186 0.607155
1750195037.061613798 10.562466 -7.416276 0.770145 0.032734 -0.064474 -0.795676 0.601391
1750195037.214923620 10.558351 -7.430906 0.771601 0.034746 -0.064239 -0.799794 0.595815
1750195037.266582251 10.554562 -7.445652 0.773450 0.037508 -0.065083 -0.803634 0.590364
1750195037.416276455 10.550433 -7.460227 0.775075 0.039808 -0.065401 -0.807477 0.584909
1750195037.468082190 10.546103 -7.474894 0.775562 0.040963 -0.064626 -0.811450 0.579391
1750195037.617471218 10.542150 -7.489856 0.774811 0.041566 -0.063673 -0.815449 0.573812
1750195037.669884920 10.538668 -7.504736 0.773782 0.042040 -0.062965 -0.819572 0.567953
1750195037.826236010 10.535177 -7.519144 0.774554 0.042853 -0.062921 -0.823676 0.561927
1750195037.879025698 10.531593 -7.533470 0.776620 0.044306 -0.063870 -0.827640 0.555851
1750195038.032569170 10.527535 -7.547623 0.778288 0.045784 -0.064506 -0.831672 0.549604
1750195038.085551262 10.523423 -7.562143 0.779075 0.047831 -0.065967 -0.835494 0.543425
1750195038.235936165 10.519040 -7.576529 0.778872 0.049339 -0.066540 -0.839466 0.537062
1750195038.287334919 10.514074 -7.590224 0.778638 0.050079 -0.065443 -0.843770 0.530341
1750195038.437302589 10.508757 -7.603760 0.777517 0.050678 -0.063586 -0.848186 0.523421
1750195038.490586281 10.503188 -7.617312 0.775792 0.051411 -0.061597 -0.852613 0.516346
1750195038.644518137 10.497772 -7.630981 0.774657 0.052599 -0.060342 -0.856975 0.509103
1750195038.699034691 10.492547 -7.644917 0.774267 0.054054 -0.059897 -0.861192 0.501836
1750195038.853691339 10.487179 -7.659035 0.774404 -0.054810 0.058857 0.865455 -0.494490
1750195038.905251741 10.481567 -7.673236 0.774280 -0.054715 0.056741 0.869754 -0.487149
1750195039.062626362 10.476025 -7.687764 0.774101 -0.054121 0.054440 0.873920 -0.479969
1750195039.114743471 10.470625 -7.702535 0.773584 -0.053016 0.051917 0.878098 -0.472692
1750195039.271674633 10.465629 -7.717562 0.773110 -0.052060 0.050321 0.882167 -0.465338
1750195039.325907230 10.460912 -7.732585 0.773103 -0.051377 0.049868 0.886153 -0.457827
1750195039.480775833 10.456207 -7.747388 0.773465 -0.050971 0.050325 0.889952 -0.450394
1750195039.534990788 10.451161 -7.761734 0.774074 -0.050629 0.050972 0.893538 -0.443202
1750195039.687833071 10.445723 -7.775533 0.774966 -0.050190 0.051583 0.897018 -0.436094
1750195039.741270781 10.440066 -7.789183 0.775147 -0.049925 0.052388 0.900250 -0.429317
1750195039.893762350 10.433848 -7.802117 0.775463 -0.049595 0.052695 0.903271 -0.422924
1750195039.946766853 10.427246 -7.814576 0.775825 -0.049604 0.053162 0.906009 -0.416967
1750195040.110640526 10.420211 -7.826657 0.776487 -0.049772 0.053597 0.908596 -0.411222
1750195040.163997889 10.412890 -7.838503 0.777320 -0.050216 0.054344 0.911080 -0.405535
1750195040.316738844 10.405210 -7.850184 0.777615 -0.050671 0.054827 0.913484 -0.399966
1750195040.368957996 10.397164 -7.861592 0.778218 -0.051158 0.055118 0.915848 -0.394419
1750195040.516548395 10.388904 -7.872726 0.777910 -0.050990 0.053904 0.918401 -0.388631
1750195040.569255352 10.380616 -7.883649 0.776287 -0.049849 0.050542 0.921235 -0.382475
1750195040.720159292 10.372832 -7.895059 0.775308 -0.049628 0.048995 0.923967 -0.376062
1750195040.773036003 10.365059 -7.906734 0.774918 -0.050220 0.048970 0.926608 -0.369428
1750195040.922324657 10.357044 -7.918156 0.775359 -0.050963 0.048940 0.929358 -0.362354
1750195040.974845886 10.348833 -7.929530 0.775204 -0.051555 0.048388 0.932175 -0.355035
1750195041.127096415 10.340116 -7.940625 0.774722 -0.051736 0.046731 0.934985 -0.347768
1750195041.178012133 10.331179 -7.951553 0.773887 -0.051627 0.044169 0.937856 -0.340308
1750195041.328623772 10.322313 -7.962829 0.771793 -0.051680 0.041828 0.940645 -0.332817
1750195041.379634619 10.313120 -7.973827 0.770113 -0.051633 0.038923 0.943369 -0.325382
1750195041.530584335 10.303787 -7.984579 0.768617 -0.051603 0.035588 0.946041 -0.317925
1750195041.581387043 10.294563 -7.995637 0.766794 -0.051760 0.032716 0.948622 -0.310429
1750195041.732991457 10.285481 -8.006926 0.766211 -0.052133 0.030805 0.951131 -0.302791
1750195041.784656286 10.276726 -8.018605 0.765509 -0.052809 0.029905 0.953651 -0.294732
1750195041.937912226 10.267896 -8.030400 0.764530 -0.053334 0.029132 0.956187 -0.286378
1750195041.990699291 10.259095 -8.042166 0.763473 -0.053479 0.027829 0.958858 -0.277410
1750195042.143251657 10.250605 -8.054386 0.762336 -0.053984 0.027889 0.961441 -0.268216
1750195042.194029331 10.242051 -8.066627 0.761268 -0.054559 0.028392 0.963875 -0.259156
1750195042.349913836 10.233276 -8.078163 0.761175 -0.055171 0.028616 0.966165 -0.250326
1750195042.398141384 10.224298 -8.089360 0.760946 -0.055776 0.028430 0.968312 -0.241769
1750195042.553120852 10.215052 -8.100116 0.760374 -0.056116 0.027083 0.970366 -0.233468
1750195042.602060556 10.205670 -8.110691 0.759521 -0.056420 0.025263 0.972352 -0.225190
1750195042.759831667 10.196142 -8.121370 0.757776 -0.056697 0.023349 0.974246 -0.216989
1750195042.810345411 10.186369 -8.131743 0.756114 -0.056946 0.021030 0.976040 -0.208951
1750195042.969735861 10.176440 -8.142088 0.755037 -0.057409 0.019350 0.977758 -0.200794
1750195043.020608425 10.166424 -8.152538 0.754536 -0.058117 0.018585 0.979444 -0.192265
1750195043.182973146 10.156329 -8.163301 0.753217 -0.058950 0.018528 0.981067 -0.183544
1750195043.232588291 10.146038 -8.173643 0.751274 -0.059471 0.017277 0.982698 -0.174554
1750195043.390764713 10.135711 -8.183493 0.749348 -0.059813 0.014927 0.984282 -0.165495
1750195043.441194534 10.125378 -8.193496 0.746990 -0.060327 0.013338 0.985737 -0.156543
1750195043.597998619 10.115111 -8.203944 0.745129 -0.061266 0.013779 0.987043 -0.147660
1750195043.648509264 10.104728 -8.213674 0.744300 -0.062318 0.014009 0.988240 -0.138931
1750195043.811332941 10.094273 -8.223060 0.743764 -0.063546 0.014440 0.989277 -0.130710
1750195043.863245249 10.083691 -8.232292 0.743042 -0.065023 0.015340 0.990145 -0.123087
1750195044.023320675 10.072932 -8.241041 0.742186 -0.066501 0.015397 0.990930 -0.115748
1750195044.072499990 10.062030 -8.249575 0.741717 -0.068299 0.016086 0.991588 -0.108767
1750195044.236121178 10.050915 -8.257577 0.740665 -0.070123 0.015945 0.992174 -0.102073
1750195044.287529230 10.039723 -8.265053 0.739070 -0.071844 0.014263 0.992757 -0.095230
1750195044.451067924 10.028235 -8.272335 0.737821 -0.073640 0.012840 0.993278 -0.088376
1750195044.502675056 10.016579 -8.279646 0.736807 -0.075619 0.012205 0.993737 -0.081359
1750195044.667334318 10.005152 -8.286960 0.735869 -0.077507 0.011679 0.994162 -0.074149
1750195044.719698191 9.993686 -8.294570 0.734745 -0.079026 0.012167 0.994512 -0.067468
1750195044.884654522 9.982133 -8.302241 0.734228 -0.080331 0.013724 0.994793 -0.061204
1750195044.934911251 9.970492 -8.309605 0.733731 -0.081135 0.015000 0.995084 -0.054772
1750195045.102616310 9.958941 -8.316399 0.732162 -0.081389 0.014423 0.995441 -0.047594
1750195045.155804873 9.947358 -8.323078 0.730032 -0.081192 0.012867 0.995866 -0.038631
1750195045.323025465 9.935535 -8.330369 0.728668 -0.080349 0.012977 0.996284 -0.028158
1750195045.375372171 9.923731 -8.338000 0.727235 -0.079246 0.013707 0.996608 -0.017447
1750195045.537598610 9.911894 -8.345295 0.725960 -0.077835 0.013846 0.996847 -0.006757
1750195045.589376926 9.900037 -8.352422 0.724404 -0.076183 0.013478 0.996996 0.003806
1750195045.758066416 9.888155 -8.359552 0.722698 -0.074262 0.013118 0.997047 0.014477
1750195045.810724258 9.876341 -8.366873 0.721023 -0.072132 0.013421 0.996981 0.025423
1750195045.974347353 9.864486 -8.373835 0.720001 -0.069872 0.014388 0.996789 0.036361
1750195046.026131392 9.852680 -8.380663 0.718060 -0.067752 0.015945 0.996475 0.046825
1750195046.192589760 9.841262 -8.386186 0.715501 -0.065935 0.014934 0.996089 0.056884
1750195046.243552923 9.830092 -8.390348 0.712956 -0.064563 0.011098 0.995660 0.066097
1750195046.407806873 9.818983 -8.394132 0.710051 -0.063579 0.006478 0.995161 0.074637
1750195046.459706545 9.807165 -8.398147 0.709993 -0.063078 0.004518 0.994543 0.082972
1750195046.626195669 9.795522 -8.402247 0.709445 -0.063010 0.003028 0.993892 0.090554
1750195046.679281473 9.783853 -8.407050 0.707947 -0.062740 0.003578 0.993287 0.097116
1750195046.844009638 9.772249 -8.411208 0.706537 -0.062721 0.002879 0.992781 0.102190
1750195046.897220612 9.760581 -8.415105 0.705546 -0.062739 0.002013 0.992353 0.106283
1750195047.062469482 9.749050 -8.418887 0.704231 -0.062948 0.001546 0.992022 0.109209
1750195047.115046501 9.737918 -8.422017 0.701688 -0.063493 -0.000306 0.991793 0.110973
1750195047.283781290 9.727033 -8.424685 0.699688 -0.064287 -0.001081 0.991733 0.111048
1750195047.335647583 9.716099 -8.427493 0.698538 -0.065074 0.001089 0.991791 0.110066
1750195047.503117323 9.705191 -8.430188 0.696638 -0.065869 0.003700 0.991855 0.108952
1750195047.556903362 9.694359 -8.432191 0.694223 -0.066741 0.005925 0.991931 0.107626
1750195047.727328300 9.684641 -8.433070 0.694169 -0.067034 0.010106 0.992040 0.106116
1750195047.784799337 9.676250 -8.433122 0.694827 -0.066577 0.014956 0.992089 0.105367
1750195047.953891039 9.667913 -8.432104 0.693967 -0.066132 0.016053 0.992206 0.104388
1750195048.010787725 9.659054 -8.430928 0.692023 -0.065589 0.015883 0.992346 0.103420
1750195048.181108236 9.649572 -8.430055 0.690153 -0.064917 0.016654 0.992437 0.102849
1750195048.233441353 9.639337 -8.429878 0.689858 -0.063124 0.021060 0.992398 0.103527
1750195048.397546768 9.629584 -8.429882 0.689477 -0.060703 0.025838 0.992297 0.104850
1750195048.447451353 9.619639 -8.428709 0.687489 -0.058597 0.026464 0.992294 0.105914
1750195048.611604452 9.609083 -8.428050 0.686375 -0.055942 0.028279 0.992321 0.106631
1750195048.665947199 9.599583 -8.426306 0.685263 -0.053789 0.027426 0.992370 0.107497
1750195048.833794832 9.590455 -8.424399 0.684278 -0.051709 0.026497 0.992388 0.108581
1750195048.890166044 9.581551 -8.421958 0.683445 -0.049880 0.024911 0.992341 0.110231
1750195049.055199146 9.572882 -8.419728 0.682038 -0.048380 0.023168 0.992250 0.112087
1750195049.111380816 9.564150 -8.417775 0.680320 -0.047190 0.021762 0.992090 0.114264
1750195049.275612354 9.555744 -8.416356 0.678447 -0.046389 0.020114 0.991973 0.115900
1750195049.329095602 9.547239 -8.414884 0.676768 -0.046294 0.016711 0.991863 0.117413
1750195049.493362188 9.538427 -8.413991 0.675691 -0.046810 0.013671 0.991716 0.118829
1750195049.547229290 9.529319 -8.413557 0.675060 -0.047862 0.011015 0.991555 0.120025
1750195049.711966038 9.520015 -8.413525 0.673978 -0.049287 0.008730 0.991398 0.120931
1750195049.767374992 9.510720 -8.413447 0.671694 -0.051167 0.005433 0.991282 0.121294
1750195049.933833838 9.501041 -8.413585 0.668833 -0.053543 0.001919 0.991191 0.121123
1750195049.984938383 9.491883 -8.414414 0.666762 -0.055922 0.000688 0.991112 0.120706
1750195050.150912285 9.481608 -8.415812 0.665072 -0.058770 0.001000 0.991042 0.119920
1750195050.202479362 9.471274 -8.417294 0.662933 -0.061846 0.001515 0.990999 0.118715
1750195050.368167162 9.460691 -8.419221 0.660549 -0.064839 0.003598 0.990942 0.117547
1750195050.421348810 9.449936 -8.421295 0.658011 -0.067721 0.006527 0.990828 0.116753
1750195050.591183424 9.439170 -8.422219 0.656339 -0.070698 0.007653 0.990669 0.116268
1750195050.644301414 9.428235 -8.422828 0.655004 -0.073188 0.009360 0.990420 0.116727
1750195050.818970442 9.417353 -8.423117 0.653627 -0.075220 0.010979 0.990102 0.117979
1750195050.873818636 9.406674 -8.422836 0.652116 -0.076998 0.011098 0.989770 0.119601
1750195051.047018290 9.396182 -8.421916 0.650803 -0.078389 0.009721 0.989478 0.121221
1750195051.100005627 9.385766 -8.420825 0.648849 -0.079496 0.006937 0.989265 0.122424
1750195051.278953552 9.374975 -8.421016 0.647451 -0.079654 0.006606 0.989133 0.123397
1750195051.330059290 9.363873 -8.422252 0.647302 -0.078785 0.008560 0.989063 0.124393
1750195051.505501032 9.352977 -8.423196 0.647055 -0.077659 0.009246 0.989045 0.125191
1750195051.555898190 9.342249 -8.424414 0.646622 -0.076070 0.010701 0.989075 0.125818
1750195051.728283644 9.331656 -8.425815 0.646144 -0.073927 0.013165 0.989108 0.126595
1750195051.780483007 9.321386 -8.426803 0.645424 -0.071536 0.015165 0.989139 0.127505
1750195051.956977129 9.310883 -8.426482 0.644136 -0.069188 0.014283 0.989207 0.128367
1750195052.015206337 9.301743 -8.425512 0.643183 -0.066947 0.012388 0.989293 0.129090
1750195052.190360546 9.292594 -8.424193 0.641974 -0.064531 0.009887 0.989418 0.129574
1750195052.248604298 9.283440 -8.422892 0.640766 -0.061928 0.007764 0.989576 0.129780
1750195052.423878908 9.274186 -8.421956 0.639837 -0.058977 0.006858 0.989759 0.129816
1750195052.480239868 9.265003 -8.421259 0.638465 -0.055950 0.005877 0.989978 0.129530
1750195052.654359102 9.256122 -8.421140 0.637766 -0.052814 0.006097 0.990234 0.128877
1750195052.709357500 9.248798 -8.422270 0.640211 -0.050155 0.010543 0.990784 0.125383
1750195052.879456282 9.242380 -8.422985 0.640831 -0.047943 0.012494 0.991452 0.120696
1750195052.937630177 9.235571 -8.423428 0.639845 -0.046119 0.011362 0.992208 0.115188
1750195053.107904196 9.227760 -8.424741 0.641233 -0.044360 0.013254 0.992751 0.110910
1750195053.159191847 9.218350 -8.426683 0.643522 -0.042247 0.019027 0.993189 0.106903
1750195053.321827412 9.210037 -8.428889 0.643235 -0.040399 0.024187 0.993580 0.102871
1750195053.371174574 9.201335 -8.430881 0.644304 -0.039056 0.030431 0.993993 0.097606
1750195053.534841776 9.192254 -8.431886 0.644998 -0.038328 0.033654 0.994486 0.091629
1750195053.586543798 9.182687 -8.432662 0.645813 -0.038040 0.036681 0.994798 0.087085
1750195053.749959469 9.173053 -8.433370 0.645159 -0.038024 0.039264 0.995081 0.082618
1750195053.804263592 9.164064 -8.433788 0.642171 -0.038595 0.038567 0.995438 0.078268
1750195053.969655514 9.155547 -8.434842 0.638556 -0.039904 0.036525 0.995774 0.074220
1750195054.025228739 9.147453 -8.436309 0.635834 -0.041880 0.034215 0.996119 0.069448
1750195054.185667038 9.139773 -8.436940 0.631452 -0.043969 0.027762 0.996552 0.064660
1750195054.237563848 9.130566 -8.439111 0.627189 -0.045764 0.022311 0.996685 0.063456
1750195054.407296181 9.119832 -8.442068 0.623797 -0.047115 0.017660 0.996591 0.065383
1750195054.459975004 9.108763 -8.445531 0.622805 -0.047664 0.014750 0.996374 0.068923
1750195054.627614498 9.096807 -8.450413 0.622665 -0.047163 0.015702 0.996021 0.073966
1750195054.679968119 9.085086 -8.454680 0.621800 -0.046794 0.014154 0.995638 0.079470
1750195054.842779875 9.073504 -8.458948 0.620478 -0.046622 0.012736 0.995228 0.084767
1750195054.896334648 9.062301 -8.462932 0.618629 -0.046361 0.010929 0.994860 0.089359
1750195055.064941883 9.051248 -8.466783 0.616674 -0.045575 0.009027 0.994437 0.094528
1750195055.117893696 9.039438 -8.471279 0.615771 -0.043660 0.010142 0.993796 0.101785
1750195055.281761646 9.027846 -8.474925 0.614997 -0.041832 0.008995 0.993059 0.109560
1750195055.334185839 9.016729 -8.477851 0.613989 -0.040223 0.005471 0.992246 0.117476
1750195055.499245167 9.005758 -8.480756 0.614346 -0.038134 0.001548 0.991295 0.126008
1750195055.550657034 8.994579 -8.484933 0.614280 -0.035229 0.000579 0.990201 0.135134
1750195055.712570667 8.983600 -8.489218 0.613375 -0.032121 0.000018 0.988999 0.144395
1750195055.764583111 8.973398 -8.491888 0.612605 -0.029667 -0.003933 0.987768 0.153032
1750195055.925972700 8.963785 -8.494258 0.611744 -0.027463 -0.008305 0.986604 0.160588
1750195055.981254339 8.954038 -8.496624 0.611869 -0.024760 -0.012097 0.985641 0.166593
1750195056.147011518 8.945120 -8.498340 0.612731 -0.022260 -0.015430 0.984995 0.170446
1750195056.202654839 8.936456 -8.499648 0.614049 -0.019986 -0.018528 0.984559 0.172920
1750195056.365404844 8.928009 -8.500956 0.615120 -0.017817 -0.020987 0.984255 0.174599
1750195056.421394110 8.919574 -8.503049 0.615905 -0.015115 -0.020359 0.984040 0.176134
1750195056.582841158 8.911358 -8.504920 0.616645 -0.012366 -0.019156 0.983940 0.177035
1750195056.638168573 8.903358 -8.506079 0.617128 -0.009917 -0.018689 0.983915 0.177381
1750195056.807532787 8.895399 -8.507139 0.616948 -0.007491 -0.017598 0.983950 0.177418
1750195056.866175652 8.887482 -8.507848 0.616134 -0.005306 -0.016618 0.984081 0.176863
1750195057.025097847 8.879407 -8.508487 0.615105 -0.002975 -0.014722 0.984267 0.176049
1750195057.081839085 8.871263 -8.509396 0.613874 -0.000431 -0.011166 0.984526 0.174881
1750195057.241458654 8.863431 -8.509756 0.613711 0.001910 -0.008081 0.984791 0.173543
1750195057.302186728 8.855830 -8.509800 0.614443 0.003616 -0.006298 0.984945 0.172714
1750195057.460192204 8.848255 -8.510706 0.614982 0.005164 -0.002923 0.984995 0.172481
1750195057.514451265 8.840840 -8.511248 0.615840 0.006023 -0.000599 0.984998 0.172458
1750195057.665632725 8.833560 -8.511900 0.616137 0.006520 0.001703 0.984932 0.172812
1750195057.725117445 8.826132 -8.512236 0.615655 0.006299 0.002235 0.984889 0.173055
1750195057.881109238 8.818906 -8.512787 0.614113 0.005683 0.002533 0.984816 0.173490
1750195057.936626196 8.811133 -8.513442 0.613000 0.004777 0.004019 0.984627 0.174560
1750195058.093586445 8.803271 -8.513934 0.612204 0.003499 0.005767 0.984344 0.176128
1750195058.149231195 8.795205 -8.514131 0.611798 0.001852 0.007472 0.983969 0.178174
1750195058.304090977 8.787123 -8.514336 0.610565 -0.000027 0.009039 0.983502 0.180674
1750195058.361881971 8.779366 -8.513817 0.609202 -0.002547 0.008469 0.982966 0.183574
1750195058.518920422 8.771227 -8.513415 0.608376 -0.004779 0.008839 0.982147 0.187844
1750195058.576368093 8.763066 -8.513013 0.607499 -0.006709 0.008835 0.981054 0.193419
1750195058.738836050 8.754708 -8.512827 0.607113 -0.008144 0.009115 0.979694 0.200126
1750195058.794837236 8.746291 -8.512889 0.606867 -0.009095 0.009190 0.978107 0.207702
1750195058.950423479 8.738110 -8.513150 0.606918 -0.009431 0.009841 0.976427 0.215417
1750195059.003241539 8.729262 -8.513489 0.606905 -0.009413 0.010780 0.974441 0.224185
1750195059.162770510 8.720406 -8.513674 0.606602 -0.009204 0.011026 0.972422 0.232784
1750195059.220451593 8.711177 -8.513445 0.605993 -0.008612 0.009504 0.970582 0.240428
1750195059.387906313 8.703312 -8.512693 0.605438 -0.008238 0.006628 0.969273 0.245761
1750195059.447228670 8.695601 -8.511483 0.604987 -0.007884 0.003386 0.968219 0.249956
1750195059.616929293 8.688110 -8.509962 0.604711 -0.007576 0.000445 0.967451 0.252945
1750195059.676759481 8.680515 -8.508948 0.604165 -0.006873 -0.000547 0.966797 0.255451
1750195059.841597080 8.672945 -8.507961 0.603602 -0.006093 -0.000699 0.966299 0.257349
1750195059.899605036 8.665442 -8.506717 0.603182 -0.005442 -0.000913 0.965958 0.258639
1750195060.063859224 8.657982 -8.505203 0.603185 -0.004993 -0.001028 0.965771 0.259348
1750195060.121307850 8.650535 -8.503625 0.603487 -0.004695 -0.000303 0.965713 0.259570
1750195060.282790184 8.642980 -8.502324 0.603285 -0.004509 0.001561 0.965775 0.259336
1750195060.346741676 8.635847 -8.501133 0.603237 -0.004705 0.003741 0.965958 0.258628
1750195060.517916679 8.628855 -8.499569 0.603359 -0.005553 0.004890 0.966255 0.257479
1750195060.583094120 8.621884 -8.498342 0.603277 -0.006644 0.006448 0.966565 0.256255
1750195060.753511906 8.614932 -8.497315 0.602745 -0.007920 0.008143 0.966901 0.254899
1750195060.819649696 8.608146 -8.495712 0.601922 -0.009814 0.008033 0.967340 0.253164
1750195060.993594408 8.601137 -8.493792 0.601103 -0.012171 0.006899 0.967784 0.251394
1750195061.052441120 8.594858 -8.491226 0.601295 -0.014820 0.002651 0.968083 0.250178
1750195061.213619947 8.587697 -8.488334 0.604321 -0.017320 -0.005460 0.968393 0.248766
1750195061.270415306 8.579745 -8.487534 0.605505 -0.018794 -0.008638 0.968496 0.248169
1750195061.437809706 8.571604 -8.486215 0.606155 -0.020006 -0.012676 0.968517 0.247818
1750195061.493240595 8.562546 -8.484858 0.607564 -0.020421 -0.015549 0.968529 0.247574
1750195061.652556658 8.553221 -8.484713 0.607825 -0.020255 -0.015044 0.968681 0.247025
1750195061.705508709 8.544182 -8.482851 0.607761 -0.020301 -0.017001 0.968995 0.245659
1750195061.861229420 8.534182 -8.481269 0.607187 -0.019870 -0.016688 0.969524 0.243620
1750195061.914914370 8.523791 -8.479718 0.606591 -0.019232 -0.015084 0.970185 0.241131
1750195062.076053143 8.514210 -8.477959 0.606013 -0.018617 -0.013506 0.970818 0.238711
1750195062.131250620 8.504602 -8.476723 0.605497 -0.017686 -0.009765 0.971510 0.236137
1750195062.290043116 8.495154 -8.475819 0.604915 -0.016585 -0.004806 0.972216 0.233448
1750195062.344604731 8.486154 -8.474557 0.604071 -0.015580 -0.000193 0.972841 0.230949
1750195062.502631426 8.477401 -8.472866 0.603031 -0.014677 0.004301 0.973371 0.228724
1750195062.558078051 8.468829 -8.471557 0.601658 -0.013867 0.009913 0.973891 0.226377
1750195062.717937946 8.460819 -8.469658 0.600772 -0.013903 0.013797 0.974469 0.223666
1750195062.774767637 8.453178 -8.467669 0.599911 -0.014795 0.016287 0.975066 0.220823
1750195062.937715769 8.445650 -8.465774 0.599105 -0.016401 0.017805 0.975652 0.217986
1750195062.994583130 8.438206 -8.464095 0.598134 -0.018628 0.018517 0.976230 0.215138
1750195063.160310984 8.430688 -8.462715 0.597068 -0.021333 0.018749 0.976754 0.212471
1750195063.216576338 8.423033 -8.461717 0.595568 -0.024313 0.018987 0.977169 0.210212
1750195063.380748272 8.415248 -8.460576 0.594376 -0.027820 0.018268 0.977488 0.208349
1750195063.436256886 8.407280 -8.459224 0.593512 -0.031870 0.016565 0.977747 0.206690
1750195063.605087757 8.399876 -8.458118 0.592722 -0.036313 0.014044 0.978253 0.203730
1750195063.662056923 8.393028 -8.458061 0.592150 -0.041162 0.011396 0.978985 0.199411
1750195063.827589750 8.386154 -8.458530 0.591767 -0.046259 0.008499 0.979805 0.194343
1750195063.880829811 8.379296 -8.459399 0.591136 -0.051020 0.005781 0.980600 0.189173
1750195064.047869444 8.371591 -8.460528 0.590200 -0.055776 0.003353 0.981486 0.183202
1750195064.101372957 8.363188 -8.461578 0.589620 -0.060012 0.001428 0.982345 0.177185
1750195064.278701305 8.354095 -8.462144 0.589466 -0.063592 -0.000301 0.982927 0.172655
1750195064.333502531 8.344530 -8.462358 0.589592 -0.065846 -0.001334 0.983176 0.170377
1750195064.505420685 8.335115 -8.462709 0.589219 -0.067340 -0.001532 0.983234 0.169454
1750195064.556287050 8.324974 -8.462716 0.588521 -0.068595 -0.001877 0.983161 0.169370
1750195064.730459690 8.314686 -8.462750 0.587221 -0.069424 -0.001341 0.983006 0.169936
1750195064.781727076 8.304384 -8.462743 0.585574 -0.069899 -0.000169 0.982807 0.170893
1750195064.950117350 8.294245 -8.462383 0.583484 -0.070153 0.000610 0.982597 0.171990
1750195065.001835585 8.284128 -8.462241 0.581148 -0.069897 0.002842 0.982389 0.173259
1750195065.176014900 8.274087 -8.462378 0.578470 -0.069185 0.006233 0.982180 0.174634
1750195065.230862856 8.264016 -8.460831 0.576740 -0.068517 0.006267 0.982037 0.175694
1750195065.413102388 8.254294 -8.458814 0.575723 -0.067668 0.005750 0.982018 0.176148
1750195065.469665527 8.244839 -8.457034 0.574463 -0.066514 0.005641 0.982015 0.176607
1750195065.650151253 8.235487 -8.455081 0.573487 -0.065201 0.005111 0.982051 0.176914
1750195065.706645966 8.226113 -8.453068 0.572954 -0.063751 0.004739 0.982137 0.176976
1750195065.882656813 8.216697 -8.451407 0.572114 -0.062042 0.005031 0.982216 0.177134
1750195065.938505888 8.207306 -8.450010 0.570925 -0.060011 0.005652 0.982270 0.177520
1750195066.116450787 8.197966 -8.448884 0.569548 -0.057774 0.006889 0.982323 0.177921
1750195066.174278736 8.188732 -8.447908 0.568616 -0.055462 0.008955 0.982393 0.178181
1750195066.353266954 8.179890 -8.446061 0.568261 -0.053553 0.009018 0.982473 0.178317
1750195066.409519672 8.171166 -8.443833 0.568051 -0.051852 0.008218 0.982533 0.178528
1750195066.587536097 8.162477 -8.441781 0.567808 -0.050223 0.007668 0.982561 0.178863
1750195066.646211386 8.153815 -8.439869 0.567954 -0.048643 0.007408 0.982550 0.179375
1750195066.824281454 8.145288 -8.438120 0.567989 -0.047142 0.006924 0.982518 0.179966
1750195066.884346724 8.136907 -8.436594 0.567769 -0.045697 0.005975 0.982453 0.180725
1750195067.062933207 8.128577 -8.435101 0.567589 -0.044307 0.004322 0.982361 0.181620
1750195067.120973349 8.120171 -8.433835 0.567520 -0.043003 0.002998 0.982257 0.182520
1750195067.293010235 8.111677 -8.432729 0.567237 -0.041749 0.002246 0.982158 0.183350
1750195067.351691723 8.103199 -8.431433 0.566810 -0.040614 0.001247 0.982058 0.184150
1750195067.527330875 8.094724 -8.429803 0.566197 -0.039585 -0.000694 0.981949 0.184957
1750195067.586938143 8.086009 -8.428490 0.565854 -0.038313 -0.001694 0.981810 0.185952
1750195067.761500120 8.077108 -8.427647 0.565838 -0.036728 -0.001318 0.981629 0.187225
1750195067.820805073 8.068320 -8.427139 0.565340 -0.034998 -0.000518 0.981414 0.188686
1750195067.992445946 8.059714 -8.426435 0.564685 -0.033276 -0.000231 0.981178 0.190216
1750195068.049076080 8.051209 -8.425363 0.564061 -0.031698 -0.000440 0.981006 0.191372
1750195068.221007347 8.042647 -8.423841 0.563974 -0.030116 -0.000928 0.980856 0.192387
1750195068.280127764 8.034024 -8.421972 0.564162 -0.028485 -0.001673 0.980716 0.193344
1750195068.448751450 8.025424 -8.419917 0.564177 -0.026825 -0.002870 0.980614 0.194084
1750195068.507550716 8.016852 -8.418027 0.563964 -0.024939 -0.004135 0.980505 0.194863
1750195068.675396919 8.008229 -8.416583 0.563679 -0.022731 -0.004571 0.980385 0.195726
1750195068.733611107 7.999610 -8.415309 0.563479 -0.020259 -0.004576 0.980257 0.196635
1750195068.900910854 7.991057 -8.414245 0.563114 -0.017597 -0.004242 0.980117 0.197595
1750195068.956375360 7.982638 -8.413183 0.562837 -0.014798 -0.004218 0.980010 0.198350
1750195069.122067213 7.974399 -8.412030 0.562477 -0.011704 -0.004880 0.979889 0.199142
1750195069.180366993 7.966238 -8.411104 0.562217 -0.008072 -0.005224 0.979735 0.200068
1750195069.343610048 7.958100 -8.410452 0.562103 -0.004184 -0.005075 0.979627 0.200719
1750195069.402511120 7.950029 -8.409676 0.562511 -0.000305 -0.005378 0.979580 0.200981
1750195069.565240860 7.941968 -8.408562 0.563169 0.003472 -0.006384 0.979635 0.200653
1750195069.621641159 7.933820 -8.407347 0.563500 0.007189 -0.007632 0.979704 0.200177
1750195069.778378963 7.925498 -8.406119 0.563473 0.010819 -0.008750 0.979760 0.199690
1750195069.834654093 7.917042 -8.404829 0.563074 0.014315 -0.009699 0.979797 0.199244
1750195069.992416859 7.908543 -8.403245 0.562527 0.017575 -0.010981 0.979813 0.198837
1750195070.049903393 7.899884 -8.401500 0.562339 0.020497 -0.012265 0.979858 0.198264
1750195070.203742981 7.891231 -8.399990 0.562243 0.023170 -0.013403 0.979948 0.197445
1750195070.259994507 7.882729 -8.398544 0.562184 0.025503 -0.014877 0.980109 0.196250
1750195070.410135508 7.874208 -8.397145 0.562150 0.027563 -0.016455 0.980304 0.194868
1750195070.466481447 7.865631 -8.396035 0.562051 0.029497 -0.017241 0.980515 0.193448
1750195070.619147778 7.857056 -8.395240 0.562134 0.031150 -0.017144 0.980800 0.191748
1750195070.676099300 7.848503 -8.394581 0.562499 0.032488 -0.016467 0.981149 0.189788
1750195070.825253725 7.840098 -8.393809 0.562884 0.033339 -0.016173 0.981577 0.187438
1750195070.880855799 7.831610 -8.393447 0.563432 0.033992 -0.014559 0.982060 0.184908
1750195071.027685404 7.823283 -8.393397 0.563822 0.034317 -0.012179 0.982643 0.181897
1750195071.082570553 7.815037 -8.393340 0.564416 0.034224 -0.009523 0.983336 0.178291
1750195071.224135876 7.806913 -8.393035 0.564351 0.033668 -0.007621 0.984117 0.174132
1750195071.279052734 7.798571 -8.392943 0.563794 0.032893 -0.004890 0.984939 0.169676
1750195071.426971197 7.790406 -8.392671 0.562642 0.031676 -0.003213 0.985928 0.164109
1750195071.480532646 7.782798 -8.392705 0.561855 0.029676 -0.002659 0.987095 0.157336
1750195071.623663664 7.775407 -8.393323 0.561163 0.027146 -0.002566 0.988285 0.150163
1750195071.674511909 7.767483 -8.394333 0.560744 0.023986 -0.003267 0.989550 0.142143
1750195071.820251942 7.759299 -8.396034 0.559827 0.020591 -0.003476 0.990767 0.133954
1750195071.871285677 7.750834 -8.397679 0.559515 0.016536 -0.005017 0.991962 0.125349
1750195072.032727718 7.742181 -8.399794 0.558402 0.012204 -0.006017 0.993020 0.117159
1750195072.085347414 7.733539 -8.401215 0.557695 0.008081 -0.008360 0.993834 0.110269
1750195072.243002415 7.723773 -8.402847 0.558049 0.004404 -0.008910 0.994373 0.105468
1750195072.300335646 7.714230 -8.403843 0.558140 0.001749 -0.009859 0.994603 0.103274
1750195072.460720539 7.704485 -8.404824 0.557899 -0.000081 -0.010756 0.994610 0.103126
1750195072.515070677 7.694174 -8.406608 0.558393 -0.001082 -0.009806 0.994442 0.104825
1750195072.674762011 7.685061 -8.407520 0.558076 -0.002068 -0.011270 0.994190 0.107023
1750195072.731295586 7.675091 -8.407650 0.558005 -0.002635 -0.014102 0.993939 0.108989
1750195072.891170740 7.665558 -8.408056 0.558190 -0.002243 -0.015525 0.993685 0.111107
1750195072.947386980 7.656140 -8.408988 0.557766 -0.001051 -0.015666 0.993386 0.113746
1750195073.110485315 7.646931 -8.409947 0.556777 0.000664 -0.015809 0.993037 0.116732
1750195073.168801308 7.638005 -8.411000 0.555269 0.002788 -0.015954 0.992658 0.119867
1750195073.331727505 7.629515 -8.411368 0.555225 0.005253 -0.018439 0.992213 0.123069
1750195073.390090466 7.621277 -8.412172 0.556455 0.008048 -0.019986 0.991813 0.125866
1750195073.546678305 7.613404 -8.413240 0.557700 0.010892 -0.020732 0.991448 0.128387
1750195073.603371620 7.605417 -8.414871 0.558498 0.014005 -0.019059 0.991111 0.130916
1750195073.759947777 7.597328 -8.417043 0.558876 0.017190 -0.015184 0.990753 0.133725
1750195073.817970991 7.589686 -8.418975 0.560343 0.019908 -0.010603 0.990360 0.136669
1750195073.979018450 7.582632 -8.420090 0.561351 0.022031 -0.007463 0.990011 0.139057
1750195074.044484377 7.575636 -8.420192 0.561793 0.023902 -0.006451 0.989793 0.140345
1750195074.203686237 7.568470 -8.419449 0.562188 0.025413 -0.007549 0.989665 0.140926
1750195074.259463072 7.560570 -8.418588 0.562836 0.026941 -0.008429 0.989514 0.141649
1750195074.409910679 7.552568 -8.417624 0.563492 0.028351 -0.009326 0.989392 0.142173
1750195074.465698719 7.544419 -8.416594 0.564184 0.029550 -0.010607 0.989312 0.142396
1750195074.615560770 7.536122 -8.415958 0.564532 0.030704 -0.011014 0.989247 0.142567
1750195074.671512604 7.527820 -8.415668 0.564882 0.031667 -0.010602 0.989233 0.142487
1750195074.820873022 7.519616 -8.415063 0.565424 0.032195 -0.011762 0.989261 0.142083
1750195074.877143621 7.511239 -8.414671 0.565597 0.032519 -0.013137 0.989318 0.141492
1750195075.025796890 7.502791 -8.414792 0.565033 0.032643 -0.014070 0.989428 0.140601
1750195075.081253290 7.494213 -8.415372 0.564610 0.032519 -0.014091 0.989608 0.139354
1750195075.230873108 7.485558 -8.416660 0.564315 0.032245 -0.012372 0.989842 0.137911
1750195075.287022829 7.477058 -8.417746 0.563234 0.031583 -0.011604 0.990118 0.136141
1750195075.437899351 7.468527 -8.418617 0.561615 0.030538 -0.011700 0.990424 0.134134
1750195075.493894339 7.459946 -8.419841 0.559963 0.029187 -0.011386 0.990768 0.131900
1750195075.644880056 7.451430 -8.421230 0.558394 0.027461 -0.011404 0.991145 0.129414
1750195075.702080965 7.442748 -8.422792 0.558142 0.025424 -0.010936 0.991531 0.126891
1750195075.855830431 7.433975 -8.424978 0.558294 0.023277 -0.008890 0.991904 0.124525
1750195075.912187338 7.425363 -8.427326 0.558443 0.020836 -0.006771 0.992270 0.122147
1750195076.067691088 7.416876 -8.429835 0.558565 0.018145 -0.004321 0.992638 0.119676
1750195076.125456333 7.408417 -8.432545 0.558594 0.015362 -0.001072 0.992956 0.117477
1750195076.282372713 7.400104 -8.434373 0.557919 0.012433 -0.000060 0.993209 0.115681
1750195076.339236021 7.391733 -8.435257 0.557436 0.009257 -0.001772 0.993435 0.114013
1750195076.499309540 7.383046 -8.436632 0.557557 0.006317 -0.002398 0.993556 0.113145
1750195076.556990385 7.374042 -8.438434 0.557760 0.003912 -0.001297 0.993535 0.113449
1750195076.719987392 7.364963 -8.440243 0.557195 0.001857 0.000301 0.993395 0.114732
1750195076.777904749 7.355985 -8.441564 0.555881 -0.000045 0.000846 0.993155 0.116802
1750195076.944428205 7.346970 -8.441698 0.554867 -0.002007 -0.002062 0.992895 0.118958
1750195077.000772953 7.337568 -8.441992 0.555297 -0.003319 -0.004660 0.992577 0.121483
1750195077.165649891 7.328143 -8.443024 0.556074 -0.004085 -0.005917 0.992206 0.124401
1750195077.222934961 7.318944 -8.444144 0.556038 -0.004677 -0.007554 0.991804 0.127460
1750195077.387038946 7.309849 -8.445457 0.555613 -0.004866 -0.008796 0.991338 0.130951
1750195077.445068836 7.301039 -8.445983 0.555594 -0.005066 -0.012394 0.990833 0.134427
1750195077.610773802 7.292300 -8.446488 0.556425 -0.005068 -0.016391 0.990302 0.137871
1750195077.668571234 7.283742 -8.447368 0.557312 -0.004773 -0.019800 0.989738 0.141438
1750195077.833038568 7.275236 -8.448888 0.557752 -0.003983 -0.021740 0.989121 0.145434
1750195077.890422344 7.266828 -8.450689 0.557738 -0.002742 -0.022807 0.988429 0.149938
1750195078.051573992 7.258693 -8.452210 0.557344 -0.001307 -0.024384 0.987662 0.154687
1750195078.107348442 7.250904 -8.453065 0.557299 0.000073 -0.027396 0.986879 0.159121
1750195078.268179417 7.243273 -8.453649 0.557771 0.001327 -0.031450 0.986178 0.162674
1750195078.324766159 7.235584 -8.454759 0.558114 0.002901 -0.034331 0.985517 0.166037
1750195078.483200312 7.228065 -8.456108 0.558425 0.004613 -0.036668 0.984915 0.169046
1750195078.539844036 7.220704 -8.457886 0.559473 0.006331 -0.037439 0.984514 0.171144
1750195078.699145555 7.213542 -8.459744 0.561052 0.007837 -0.037595 0.984323 0.172146
1750195078.755151510 7.206412 -8.462544 0.562748 0.009479 -0.035269 0.984301 0.172677
1750195078.910204172 7.199449 -8.465727 0.563894 0.011031 -0.032155 0.984379 0.172750
1750195078.967006683 7.192857 -8.468896 0.564385 0.012270 -0.029114 0.984564 0.172152
1750195079.129516363 7.186255 -8.471316 0.564793 0.012858 -0.028061 0.984897 0.170368
1750195079.190774441 7.179713 -8.473754 0.564903 0.013160 -0.026840 0.985322 0.168070
1750195079.350577354 7.173210 -8.476513 0.564280 0.013162 -0.025463 0.985805 0.165431
1750195079.412442446 7.166676 -8.478999 0.563536 0.012649 -0.025018 0.986342 0.162308
1750195079.569383383 7.159890 -8.481629 0.563167 0.011933 -0.023593 0.986895 0.159181
1750195079.627286434 7.152487 -8.484068 0.562745 0.010724 -0.022818 0.987493 0.155636
1750195079.783736944 7.145168 -8.485972 0.562327 0.009238 -0.022776 0.988035 0.152258
1750195079.839034319 7.137180 -8.487887 0.562170 0.007647 -0.022018 0.988545 0.149113
1750195079.993149519 7.128975 -8.489852 0.562098 0.006003 -0.020740 0.989002 0.146319
1750195080.049102783 7.120645 -8.491787 0.561644 0.004392 -0.019433 0.989357 0.144138
1750195080.206697941 7.112085 -8.493440 0.561201 0.002816 -0.017809 0.989615 0.142611
1750195080.263059378 7.103386 -8.494477 0.560936 0.001001 -0.017012 0.989824 0.141270
1750195080.423252821 7.094457 -8.495556 0.560327 -0.000540 -0.015703 0.989942 0.140599
1750195080.479562521 7.085407 -8.496198 0.559823 -0.001938 -0.015113 0.989979 0.140388
1750195080.640745401 7.076209 -8.496260 0.559662 -0.003329 -0.015700 0.989943 0.140553
1750195080.698237181 7.066716 -8.496477 0.559658 -0.004334 -0.015163 0.989866 0.141126
1750195080.859749556 7.057245 -8.497032 0.558842 -0.005156 -0.013880 0.989840 0.141413
1750195080.915588140 7.047881 -8.497647 0.557382 -0.005966 -0.012455 0.989897 0.141114
1750195081.076019049 7.038522 -8.498086 0.555814 -0.006707 -0.011051 0.990017 0.140357
1750195081.133042574 7.029147 -8.498593 0.554070 -0.007292 -0.009139 0.990172 0.139367
1750195081.297690868 7.019768 -8.499228 0.553261 -0.007490 -0.005861 0.990321 0.138470
1750195081.355905056 7.010619 -8.499596 0.553461 -0.007785 -0.003021 0.990508 0.137203
1750195081.519546270 7.001708 -8.500114 0.553630 -0.008161 -0.000029 0.990730 0.135600
1750195081.577165127 6.993130 -8.500131 0.554085 -0.008762 0.001300 0.990958 0.133876
1750195081.756271124 6.984640 -8.500091 0.554551 -0.009167 0.002224 0.991111 0.132703
1750195081.819920778 6.976131 -8.500247 0.555211 -0.009229 0.003687 0.991181 0.132144
1750195081.984505653 6.967778 -8.500111 0.556536 -0.009206 0.004658 0.991225 0.131780
1750195082.041229248 6.959527 -8.499973 0.557810 -0.009172 0.005336 0.991275 0.131384
1750195082.237189293 6.951319 -8.500105 0.558464 -0.009091 0.006093 0.991332 0.130927
1750195082.290668726 6.943105 -8.500381 0.558463 -0.008974 0.006982 0.991389 0.130455
1750195082.454034328 6.934847 -8.500692 0.557858 -0.008719 0.007938 0.991412 0.130243
1750195082.508661747 6.926534 -8.500579 0.556929 -0.008370 0.007800 0.991406 0.130322
1750195082.670748234 6.917798 -8.499555 0.557567 -0.007824 0.005643 0.991382 0.130644
1750195082.725539684 6.908818 -8.498975 0.558784 -0.007043 0.004630 0.991357 0.130921
1750195082.885714531 6.899963 -8.498897 0.559521 -0.006201 0.004363 0.991346 0.131056
1750195082.940310240 6.891178 -8.499021 0.559983 -0.005311 0.004779 0.991354 0.131020
1750195083.102954388 6.882424 -8.499021 0.560134 -0.004427 0.005280 0.991376 0.130866
1750195083.157335758 6.873668 -8.499115 0.560059 -0.003509 0.006548 0.991401 0.130644
1750195083.317030430 6.865010 -8.498937 0.559277 -0.002661 0.007414 0.991439 0.130332
1750195083.370342493 6.856271 -8.498470 0.558180 -0.001838 0.008116 0.991468 0.130083
1750195083.531210423 6.847404 -8.497643 0.556827 -0.001045 0.008320 0.991495 0.129872
1750195083.584949732 6.838420 -8.496279 0.555468 -0.000272 0.006931 0.991527 0.129717
1750195083.743968725 6.829263 -8.495238 0.553754 0.000625 0.005551 0.991546 0.129637
1750195083.798501730 6.820202 -8.494550 0.551588 0.001590 0.004067 0.991569 0.129509
1750195083.961203098 6.811132 -8.494385 0.549551 0.002682 0.003219 0.991580 0.129426
1750195084.017353535 6.801885 -8.495155 0.549544 0.003988 0.005242 0.991544 0.129600
1750195084.177910566 6.792762 -8.496532 0.550003 0.005245 0.008916 0.991488 0.129788
1750195084.233380079 6.784048 -8.497393 0.550157 0.005977 0.011032 0.991503 0.129477
1750195084.394504786 6.775488 -8.497098 0.550492 0.006305 0.010120 0.991595 0.128830
1750195084.450234890 6.766638 -8.496526 0.551412 0.006762 0.008643 0.991634 0.128610
1750195084.608174086 6.757634 -8.496188 0.553038 0.007309 0.008366 0.991645 0.128516
1750195084.663963079 6.748675 -8.495924 0.554355 0.007790 0.008480 0.991664 0.128338
1750195084.819098949 6.739665 -8.495653 0.555233 0.008171 0.009132 0.991691 0.128056
1750195084.873572111 6.730612 -8.495352 0.555735 0.008427 0.010029 0.991723 0.127724
1750195085.031761885 6.721584 -8.495135 0.555398 0.008558 0.010929 0.991756 0.127383
1750195085.087148190 6.712507 -8.494823 0.554413 0.008599 0.011593 0.991782 0.127125
1750195085.243093014 6.703487 -8.494242 0.553328 0.008379 0.011521 0.991809 0.126932
1750195085.298513651 6.694587 -8.493507 0.552211 0.007742 0.010373 0.991855 0.126712
1750195085.454918385 6.685658 -8.492791 0.551480 0.006809 0.008521 0.991910 0.126473
1750195085.512432337 6.676627 -8.492740 0.552494 0.005649 0.008030 0.991946 0.126279
1750195085.673800230 6.667688 -8.493281 0.553362 0.004294 0.008227 0.991970 0.126133
1750195085.730429411 6.658867 -8.493755 0.553696 0.002673 0.007538 0.992007 0.125927
1750195085.887053251 6.650019 -8.494201 0.553712 0.000739 0.006530 0.992059 0.125602
1750195085.943662167 6.641167 -8.494768 0.553044 -0.001533 0.005424 0.992134 0.125056
1750195086.105213881 6.632263 -8.495363 0.551319 -0.004053 0.003864 0.992225 0.124328
1750195086.171267986 6.622998 -8.496037 0.549857 -0.006695 0.002763 0.992301 0.123639
1750195086.336039543 6.613413 -8.496776 0.549079 -0.009327 0.002263 0.992342 0.123143
1750195086.393647909 6.603689 -8.497260 0.548551 -0.011852 0.001344 0.992348 0.122893
1750195086.561850548 6.593941 -8.497619 0.547491 -0.014194 -0.000155 0.992300 0.123040
1750195086.620240927 6.584063 -8.498072 0.546642 -0.016150 -0.001401 0.992174 0.123804
1750195086.785296679 6.573866 -8.498853 0.546219 -0.017597 -0.001255 0.991985 0.125117
1750195086.837647438 6.564714 -8.499667 0.545266 -0.018571 -0.000789 0.991786 0.126549
1750195087.003911257 6.554396 -8.500484 0.544123 -0.019060 0.000067 0.991494 0.128752
1750195087.061426640 6.544437 -8.500630 0.543312 -0.019117 -0.000240 0.991150 0.131361
1750195087.234319210 6.534954 -8.500237 0.542835 -0.019159 -0.002348 0.990868 0.133449
1750195087.291998625 6.525573 -8.499685 0.542391 -0.019065 -0.005180 0.990640 0.135066
1750195087.460146189 6.516133 -8.499365 0.541813 -0.018692 -0.007333 0.990430 0.136551
1750195087.517740011 6.506610 -8.499278 0.541540 -0.017981 -0.008421 0.990216 0.138121
1750195087.689370155 6.497218 -8.499366 0.540592 -0.017246 -0.009414 0.990011 0.139614
1750195087.746551752 6.487901 -8.499931 0.538949 -0.016439 -0.009528 0.989866 0.140731
1750195087.913554430 6.478475 -8.501034 0.538257 -0.015280 -0.007708 0.989781 0.141563
1750195087.971290350 6.469323 -8.501449 0.538474 -0.014436 -0.007032 0.989787 0.141648
1750195088.138376713 6.460217 -8.501161 0.539004 -0.013832 -0.007387 0.989833 0.141365
1750195088.193367481 6.451096 -8.501021 0.538935 -0.013078 -0.007212 0.989852 0.141312
1750195088.361454487 6.442065 -8.500289 0.539117 -0.012508 -0.008247 0.989859 0.141261
1750195088.420425177 6.433054 -8.499642 0.539686 -0.011922 -0.009408 0.989830 0.141440
1750195088.584636450 6.424092 -8.499627 0.540468 -0.011124 -0.009164 0.989814 0.141634
1750195088.641581774 6.415393 -8.499883 0.540805 -0.010413 -0.008732 0.989852 0.141448
1750195088.808913708 6.407248 -8.499957 0.540862 -0.010084 -0.010060 0.990011 0.140270
1750195088.868976116 6.399827 -8.500400 0.541706 -0.010277 -0.012206 0.990344 0.137713
1750195089.043527842 6.392920 -8.501673 0.542308 -0.010919 -0.013706 0.990789 0.134273
1750195089.108208895 6.386038 -8.503309 0.542984 -0.011739 -0.014650 0.991231 0.130803
1750195089.273388147 6.378868 -8.505155 0.543797 -0.012225 -0.014470 0.991625 0.127756
1750195089.328958273 6.371231 -8.507290 0.544408 -0.012692 -0.013671 0.992035 0.124575
1750195089.497113705 6.363565 -8.509803 0.544716 -0.012917 -0.011734 0.992426 0.121598
1750195089.553545713 6.355827 -8.512699 0.544663 -0.013009 -0.008623 0.992822 0.118579
1750195089.718848705 6.348256 -8.515629 0.544124 -0.013342 -0.005450 0.993223 0.115331
1750195089.774905443 6.340831 -8.517452 0.543936 -0.014298 -0.004999 0.993655 0.111445
1750195089.940522432 6.333063 -8.518831 0.544047 -0.015360 -0.005379 0.994052 0.107681
1750195089.997358084 6.324754 -8.520451 0.544634 -0.016237 -0.004379 0.994399 0.104349
1750195090.162782907 6.316255 -8.522245 0.544341 -0.017140 -0.002813 0.994724 0.101107
1750195090.218419313 6.307540 -8.523738 0.543272 -0.018129 -0.001514 0.995025 0.097946
1750195090.383584261 6.298622 -8.524914 0.541644 -0.019038 -0.000224 0.995287 0.095089
1750195090.440914154 6.289479 -8.526210 0.540520 -0.019500 0.002924 0.995456 0.093158
1750195090.608551025 6.280414 -8.527119 0.539532 -0.020056 0.005472 0.995566 0.091741
1750195090.665416718 6.271369 -8.527474 0.538629 -0.020810 0.006306 0.995661 0.090478
1750195090.835512400 6.262152 -8.527175 0.538448 -0.021595 0.005326 0.995737 0.089516
1750195090.891033649 6.252784 -8.527091 0.538848 -0.021796 0.004756 0.995800 0.088795
1750195091.053853989 6.243545 -8.527470 0.539585 -0.021313 0.005871 0.995826 0.088557
1750195091.109897614 6.234568 -8.527911 0.540198 -0.020426 0.007615 0.995825 0.088646
1750195091.277879000 6.225825 -8.528210 0.540391 -0.019324 0.009060 0.995822 0.088786
1750195091.337398291 6.217239 -8.528392 0.540338 -0.017955 0.010360 0.995815 0.089007
1750195091.508662224 6.208764 -8.528531 0.540195 -0.016111 0.011956 0.995771 0.089658
1750195091.568856716 6.200450 -8.528632 0.539918 -0.013788 0.013535 0.995690 0.090709
1750195091.735439539 6.192263 -8.528533 0.539607 -0.011176 0.014379 0.995621 0.091694
1750195091.791610956 6.184081 -8.528238 0.539757 -0.008255 0.014918 0.995560 0.092569
1750195091.955222607 6.175752 -8.527364 0.540950 -0.005126 0.014233 0.995529 0.093241
1750195092.010220051 6.167199 -8.526501 0.541971 -0.001869 0.012889 0.995504 0.093822
1750195092.180249453 6.158499 -8.525746 0.542345 0.001563 0.011360 0.995487 0.094198
1750195092.238304138 6.149681 -8.525008 0.542410 0.005241 0.009803 0.995488 0.094235
1750195092.399130106 6.140873 -8.524319 0.542161 0.009085 0.008015 0.995511 0.093870
1750195092.456676245 6.132110 -8.524186 0.541865 0.013071 0.007004 0.995532 0.093258
1750195092.616667986 6.123427 -8.524784 0.541745 0.017038 0.007117 0.995536 0.092556
1750195092.675052404 6.114826 -8.525512 0.542099 0.020602 0.006954 0.995575 0.091415
1750195092.832552671 6.106182 -8.526534 0.542625 0.023829 0.007171 0.995633 0.089972
1750195092.891946554 6.097530 -8.527687 0.542863 0.026804 0.007452 0.995697 0.088396
1750195093.047371149 6.088916 -8.528661 0.543055 0.029750 0.007384 0.995745 0.086907
1750195093.105571985 6.080290 -8.529400 0.543528 0.032659 0.007198 0.995767 0.085612
1750195093.255536795 6.071662 -8.531047 0.544515 0.035429 0.009365 0.995752 0.084470
1750195093.309767723 6.063169 -8.532911 0.545839 0.037729 0.011973 0.995773 0.082875
1750195093.456418753 6.054816 -8.534137 0.546459 0.039512 0.012579 0.995885 0.080579
1750195093.509516954 6.046206 -8.534814 0.546518 0.040881 0.011403 0.996063 0.077826
1750195093.654312849 6.037291 -8.535863 0.546025 0.041987 0.010674 0.996221 0.075279
1750195093.709484816 6.028511 -8.537204 0.545101 0.042697 0.009864 0.996383 0.072800
1750195093.854809284 6.019791 -8.538983 0.545041 0.042947 0.009837 0.996526 0.070678
1750195093.909690857 6.011023 -8.541121 0.545699 0.042784 0.010891 0.996650 0.068847
1750195094.054111242 6.002454 -8.543139 0.545947 0.042104 0.011073 0.996806 0.066949
1750195094.109580517 5.993875 -8.544501 0.545719 0.040873 0.008826 0.997023 0.064785
1750195094.254098892 5.984907 -8.546150 0.545223 0.039330 0.006636 0.997227 0.062830
1750195094.307841301 5.975974 -8.548670 0.545026 0.037370 0.005965 0.997425 0.060917
1750195094.452840805 5.967129 -8.551644 0.544908 0.034978 0.005978 0.997635 0.058866
1750195094.510106802 5.958317 -8.554838 0.543592 0.032278 0.005887 0.997854 0.056667
1750195094.658512354 5.949457 -8.557950 0.541563 0.029207 0.005257 0.998081 0.054339
1750195094.715004921 5.940486 -8.560801 0.539548 0.025746 0.003925 0.998319 0.051787
1750195094.867041588 5.931221 -8.563607 0.539319 0.022000 0.003261 0.998552 0.048992
1750195094.921196938 5.921586 -8.566259 0.538829 0.018344 0.002749 0.998737 0.046692
1750195095.074239254 5.912228 -8.568351 0.537475 0.015097 0.001912 0.998864 0.045155
1750195095.130027056 5.902142 -8.570724 0.536007 0.011698 0.002556 0.998968 0.043810
1750195095.282909870 5.892061 -8.573547 0.535051 0.008201 0.005536 0.999056 0.042298
1750195095.337593317 5.881753 -8.576456 0.534729 0.004995 0.010243 0.999082 0.041302
1750195095.494149685 5.871192 -8.579358 0.534031 0.002306 0.014985 0.999017 0.041655
1750195095.547901869 5.861104 -8.581440 0.532943 -0.000512 0.016567 0.998936 0.043032
1750195095.704846382 5.850708 -8.583115 0.534012 -0.002885 0.016722 0.998797 0.046005
1750195095.761339426 5.839949 -8.584184 0.534764 -0.005567 0.013370 0.998652 0.049840
1750195095.920782328 5.829993 -8.585930 0.535590 -0.007738 0.011486 0.998428 0.054304
1750195095.972871542 5.820630 -8.588284 0.535965 -0.009301 0.011352 0.998123 0.059451
1750195096.128526449 5.810682 -8.591133 0.536526 -0.010450 0.011162 0.997684 0.066285
1750195096.181011200 5.800991 -8.594222 0.537020 -0.011217 0.011400 0.997115 0.074206
1750195096.339085340 5.792049 -8.596925 0.536611 -0.012115 0.009852 0.996475 0.082426
1750195096.392416716 5.783537 -8.600137 0.536395 -0.012820 0.009285 0.995730 0.090944
1750195096.546969652 5.775167 -8.603238 0.536465 -0.013274 0.009089 0.994868 0.099891
1750195096.601003170 5.767102 -8.606255 0.536361 -0.013748 0.008399 0.993934 0.108793
1750195096.757750034 5.759006 -8.609775 0.538069 -0.013947 0.010731 0.992890 0.117727
1750195096.809959173 5.751019 -8.613039 0.539631 -0.014080 0.013381 0.991730 0.126862
1750195096.966244459 5.743103 -8.616540 0.541545 -0.014131 0.017778 0.990453 0.135970
1750195097.017760992 5.735460 -8.619736 0.542878 -0.014375 0.021748 0.989077 0.145079
1750195097.176043034 5.728047 -8.621922 0.543234 -0.014960 0.022836 0.987804 0.153290
1750195097.233421803 5.720414 -8.623152 0.543086 -0.015527 0.021076 0.986726 0.160271
1750195097.396531105 5.713701 -8.623244 0.543364 -0.016358 0.017718 0.986002 0.164983
1750195097.460869789 5.706624 -8.623041 0.543519 -0.017193 0.014915 0.985388 0.168797
1750195097.630332232 5.699486 -8.622778 0.543352 -0.017882 0.013049 0.984879 0.171823
1750195097.693554401 5.692239 -8.622458 0.542707 -0.018479 0.011537 0.984513 0.173951
1750195097.866211176 5.685597 -8.622046 0.542108 -0.019078 0.010060 0.984597 0.173504
1750195097.928684235 5.679572 -8.622307 0.541613 -0.019688 0.009711 0.985081 0.170684
1750195098.099140406 5.673592 -8.622887 0.540852 -0.020289 0.010033 0.985721 0.166859
1750195098.160890818 5.666910 -8.623117 0.540426 -0.020814 0.010689 0.986250 0.163598
1750195098.333501101 5.659652 -8.622802 0.539922 -0.021026 0.010716 0.986635 0.161229
1750195098.391093254 5.652129 -8.622766 0.539322 -0.020963 0.011658 0.986876 0.159686
1750195098.555770397 5.644070 -8.623249 0.538832 -0.020714 0.014131 0.987016 0.158650
1750195098.612807512 5.636207 -8.622849 0.538900 -0.020672 0.014565 0.987119 0.157977
1750195098.778911591 5.628108 -8.622331 0.539087 -0.020601 0.014633 0.987179 0.157602
1750195098.834507227 5.619807 -8.622168 0.539372 -0.020412 0.015799 0.987183 0.157494
1750195098.997413874 5.611523 -8.621940 0.539203 -0.020242 0.016714 0.987168 0.157514
1750195099.054789782 5.603231 -8.621291 0.539321 -0.020242 0.016772 0.987139 0.157688
1750195099.220780611 5.595179 -8.620672 0.538866 -0.020206 0.016236 0.986983 0.158719
1750195099.277720690 5.587419 -8.620421 0.538237 -0.020220 0.015722 0.986623 0.160992
1750195099.445124388 5.579537 -8.620802 0.538336 -0.020034 0.016976 0.986023 0.164529
1750195099.503565073 5.571545 -8.621106 0.539135 -0.019773 0.018477 0.985211 0.169197
1750195099.668644428 5.563721 -8.621280 0.539741 -0.019699 0.019713 0.984254 0.174549
1750195099.729425430 5.556394 -8.621037 0.539275 -0.019880 0.019300 0.983404 0.179301
1750195099.900086641 5.548744 -8.620109 0.538636 -0.019851 0.017937 0.982805 0.182696
1750195099.957762241 5.540866 -8.618221 0.538700 -0.019754 0.015869 0.982498 0.184543
1750195100.124901772 5.532667 -8.616001 0.538789 -0.019443 0.014856 0.982268 0.185877
1750195100.182097435 5.524337 -8.613463 0.539047 -0.018994 0.013785 0.982119 0.186790
1750195100.346580029 5.515846 -8.610831 0.539267 -0.018467 0.012256 0.982041 0.187362
1750195100.404611349 5.507332 -8.608382 0.538886 -0.017886 0.010705 0.982010 0.187674
1750195100.568775654 5.498735 -8.606201 0.538582 -0.017233 0.010028 0.982025 0.187693
1750195100.626065731 5.490165 -8.604306 0.538392 -0.016554 0.010235 0.982073 0.187495
1750195100.790569305 5.481734 -8.602398 0.537746 -0.015944 0.009882 0.982115 0.187344
1750195100.848070383 5.473231 -8.600481 0.537105 -0.015259 0.009689 0.982128 0.187343
1750195101.011687279 5.464548 -8.598289 0.537124 -0.014558 0.009992 0.982129 0.187380
1750195101.070003748 5.455880 -8.595964 0.536857 -0.013934 0.010283 0.982132 0.187392
1750195101.234715700 5.447232 -8.593566 0.536092 -0.013444 0.010452 0.982142 0.187369
1750195101.292672873 5.438562 -8.590934 0.535040 -0.013082 0.010180 0.982135 0.187447
1750195101.454375267 5.429759 -8.588049 0.533713 -0.012903 0.009181 0.982126 0.187558
1750195101.512856245 5.420743 -8.585130 0.532195 -0.012912 0.007530 0.982116 0.187683
1750195101.673654079 5.411628 -8.582396 0.530245 -0.013007 0.005626 0.982080 0.187928
1750195101.732801199 5.402610 -8.580256 0.528234 -0.012982 0.004118 0.981926 0.188774
1750195101.899615526 5.393045 -8.579087 0.528689 -0.012663 0.006089 0.981504 0.190928
1750195101.959887028 5.383535 -8.578192 0.530099 -0.012592 0.009389 0.980884 0.193957
1750195102.125096560 5.374567 -8.577181 0.530576 -0.012879 0.011310 0.980205 0.197242
1750195102.186700583 5.365937 -8.575489 0.530690 -0.013201 0.010407 0.979619 0.200159
1750195102.353075743 5.357252 -8.573461 0.531168 -0.013494 0.008636 0.979197 0.202277
1750195102.411178350 5.348515 -8.571308 0.531426 -0.013672 0.006693 0.978931 0.203624
1750195102.573355913 5.339858 -8.568932 0.531230 -0.013847 0.004368 0.978770 0.204448
1750195102.630158901 5.331147 -8.566271 0.530770 -0.014037 0.001492 0.978646 0.205069
1750195102.796372414 5.322199 -8.563455 0.530177 -0.014117 -0.001538 0.978539 0.205573
1750195102.856614351 5.313078 -8.560580 0.529828 -0.014009 -0.003847 0.978484 0.205811
1750195103.022117138 5.303945 -8.557756 0.529492 -0.013771 -0.006048 0.978447 0.205948
1750195103.082769871 5.294854 -8.555492 0.528779 -0.013361 -0.007623 0.978420 0.206052
1750195103.250334263 5.285799 -8.553888 0.528253 -0.012709 -0.007860 0.978423 0.206069
1750195103.309887171 5.276956 -8.552556 0.527608 -0.012019 -0.007613 0.978477 0.205866
1750195103.475269556 5.268390 -8.551083 0.526853 -0.011369 -0.007694 0.978538 0.205611
1750195103.535478592 5.259912 -8.549313 0.526785 -0.010653 -0.008074 0.978555 0.205553
1750195103.700993538 5.251491 -8.547758 0.526876 -0.009770 -0.007601 0.978590 0.205446
1750195103.759968519 5.243327 -8.545894 0.526912 -0.008982 -0.008131 0.978616 0.205338
1750195103.923490763 5.235182 -8.543754 0.527044 -0.008233 -0.009521 0.978631 0.205237
1750195103.981515408 5.226963 -8.541828 0.526863 -0.007479 -0.010526 0.978688 0.204946
1750195104.145575523 5.218611 -8.540059 0.526815 -0.006847 -0.010847 0.978894 0.203964
1750195104.202990055 5.210307 -8.538552 0.526369 -0.006398 -0.010464 0.979251 0.202282
1750195104.369950294 5.202158 -8.537203 0.525450 -0.006086 -0.009959 0.979642 0.200412
1750195104.427615881 5.193966 -8.536408 0.525253 -0.005650 -0.007840 0.980008 0.198723
1750195104.591945171 5.185933 -8.535592 0.526242 -0.005443 -0.005418 0.980358 0.197079
1750195104.647951841 5.178136 -8.534438 0.527701 -0.005657 -0.004123 0.980709 0.195351
1750195104.813976288 5.170436 -8.533233 0.528993 -0.006111 -0.003433 0.981056 0.193599
1750195104.869185686 5.162696 -8.532300 0.529914 -0.006661 -0.002438 0.981401 0.191840
1750195105.031349897 5.154873 -8.531618 0.530531 -0.007205 -0.000786 0.981725 0.190168
1750195105.085900068 5.146926 -8.530785 0.530736 -0.007741 0.000548 0.981973 0.188864
1750195105.246048450 5.138760 -8.529853 0.530798 -0.008201 0.001798 0.982139 0.187972
1750195105.300923824 5.130358 -8.528865 0.530799 -0.008618 0.003325 0.982233 0.187441
1750195105.460394382 5.122004 -8.527941 0.530032 -0.009016 0.004773 0.982163 0.187754
1750195105.515195608 5.114254 -8.526825 0.528717 -0.009775 0.004428 0.981839 0.189414
1750195105.680205822 5.107321 -8.525698 0.526989 -0.010839 0.001930 0.981338 0.191978
1750195105.735786915 5.099329 -8.524525 0.524962 -0.012035 -0.001334 0.980878 0.194246
1750195105.902320623 5.091031 -8.523320 0.524081 -0.012766 -0.002912 0.980600 0.195584
1750195105.958421469 5.082467 -8.521687 0.523928 -0.013531 -0.004797 0.980450 0.196245
1750195106.122724295 5.073598 -8.519959 0.523751 -0.014254 -0.006564 0.980375 0.196517
1750195106.179976225 5.064606 -8.518290 0.523151 -0.015001 -0.008111 0.980340 0.196577
1750195106.345352650 5.055471 -8.516772 0.522533 -0.015759 -0.009293 0.980330 0.196513
1750195106.402852535 5.046279 -8.515347 0.521627 -0.016491 -0.010393 0.980350 0.196302
1750195106.566939592 5.037003 -8.513728 0.520420 -0.017126 -0.011787 0.980371 0.196062
1750195106.624408007 5.027511 -8.512178 0.519340 -0.017387 -0.012525 0.980323 0.196235
1750195106.794339180 5.017923 -8.511079 0.518576 -0.017205 -0.012164 0.980083 0.197466
1750195106.850674391 5.008233 -8.510594 0.518338 -0.016858 -0.010404 0.979619 0.199885
1750195107.017140388 4.998468 -8.510620 0.518721 -0.016386 -0.007071 0.978992 0.203115
1750195107.073940277 4.989192 -8.510621 0.519214 -0.016538 -0.004165 0.978274 0.206615
1750195107.243071795 4.980805 -8.509574 0.518982 -0.017682 -0.004545 0.977603 0.209663
1750195107.299219608 4.972411 -8.507882 0.518219 -0.018918 -0.006002 0.977108 0.211818
1750195107.465804100 4.963805 -8.506163 0.516914 -0.020125 -0.006798 0.976767 0.213248
1750195107.521317959 4.955162 -8.504183 0.514975 -0.021581 -0.007937 0.976583 0.213909
1750195107.689357996 4.946174 -8.502146 0.513056 -0.022874 -0.008366 0.976433 0.214443
1750195107.745898247 4.936967 -8.500011 0.511790 -0.023942 -0.008081 0.976301 0.214935
1750195107.914895058 4.927813 -8.497964 0.511109 -0.024882 -0.007397 0.976178 0.215411
1750195107.971966028 4.918847 -8.496046 0.510287 -0.025818 -0.006887 0.976026 0.216007
1750195108.143169880 4.909932 -8.493999 0.509913 -0.026549 -0.006534 0.975834 0.216794
1750195108.199480772 4.901011 -8.491623 0.510045 -0.026936 -0.006832 0.975586 0.217853
1750195108.369297266 4.892078 -8.489365 0.509603 -0.026851 -0.007338 0.975299 0.219128
1750195108.426160812 4.883157 -8.487312 0.509065 -0.026273 -0.007474 0.974974 0.220633
1750195108.595532179 4.874290 -8.485470 0.508703 -0.025099 -0.006994 0.974578 0.222530
1750195108.653800726 4.865766 -8.483287 0.508312 -0.023918 -0.007801 0.974146 0.224515
1750195108.821536541 4.857060 -8.481805 0.507270 -0.022108 -0.007248 0.973585 0.227135
1750195108.880371571 4.848393 -8.480876 0.506890 -0.019818 -0.005448 0.972769 0.230864
1750195109.047000885 4.840318 -8.479787 0.507085 -0.017798 -0.004906 0.971766 0.235222
1750195109.103112459 4.832552 -8.478812 0.507464 -0.016039 -0.005215 0.970569 0.240230
1750195109.273153543 4.825164 -8.477712 0.507574 -0.014672 -0.006394 0.969351 0.245159
1750195109.337434530 4.817876 -8.476197 0.507605 -0.013465 -0.008603 0.968328 0.249169
1750195109.502152443 4.810738 -8.474297 0.507905 -0.012640 -0.011661 0.967533 0.252160
1750195109.558224916 4.803391 -8.472001 0.508773 -0.012398 -0.016102 0.966876 0.254438
1750195109.722441673 4.796110 -8.470279 0.509926 -0.012396 -0.019826 0.966341 0.256199
1750195109.777308226 4.788903 -8.469273 0.511322 -0.012488 -0.022374 0.965904 0.257631
1750195109.945328712 4.781503 -8.468647 0.512327 -0.012858 -0.024772 0.965535 0.258774
1750195110.005944014 4.774451 -8.468151 0.513649 -0.013896 -0.027616 0.965304 0.259291
1750195110.174344540 4.767165 -8.468521 0.514787 -0.014929 -0.028699 0.965207 0.259479
1750195110.234716177 4.759637 -8.469733 0.515132 -0.015978 -0.028235 0.965269 0.259237
1750195110.401916504 4.752312 -8.471086 0.514283 -0.017246 -0.027600 0.965483 0.258424
1750195110.457213163 4.744971 -8.472433 0.513047 -0.018636 -0.026308 0.965849 0.257094
1750195110.619775295 4.737616 -8.472008 0.511993 -0.020318 -0.026053 0.965611 0.257883
1750195110.678196192 4.731412 -8.468561 0.511742 -0.022219 -0.027033 0.964190 0.262893
1750195110.840815306 4.725345 -8.464502 0.510966 -0.024099 -0.027369 0.962471 0.268923
1750195110.901290894 4.719369 -8.460954 0.510031 -0.025853 -0.026322 0.961174 0.273467
1750195111.071571350 4.712919 -8.457479 0.508602 -0.027663 -0.024248 0.960122 0.277151
1750195111.127072096 4.706412 -8.453891 0.507136 -0.029537 -0.022354 0.959432 0.279498
1750195111.289611340 4.699818 -8.448783 0.505516 -0.031844 -0.021564 0.959029 0.280686
1750195111.343176842 4.692309 -8.442075 0.504569 -0.033092 -0.019695 0.958327 0.283067
1750195111.503443718 4.683943 -8.433009 0.503762 -0.033436 -0.018792 0.957058 0.287346
1750195111.555340528 4.674585 -8.422950 0.502688 -0.033228 -0.018098 0.955724 0.291822
1750195111.716344357 4.665288 -8.414360 0.502197 -0.032871 -0.017685 0.954480 0.295931
1750195111.766617775 4.656094 -8.407458 0.502015 -0.032076 -0.016899 0.953614 0.298842
1750195111.932173967 4.646930 -8.401718 0.501965 -0.031115 -0.015735 0.953086 0.300684
1750195111.981911182 4.638256 -8.396267 0.502527 -0.030317 -0.015142 0.952810 0.301670
1750195112.147209406 4.629485 -8.390687 0.502769 -0.029685 -0.014565 0.952783 0.301846
1750195112.204311848 4.621466 -8.385545 0.502335 -0.029234 -0.014263 0.952900 0.301535
1750195112.368409395 4.613647 -8.381163 0.501288 -0.028766 -0.013959 0.953354 0.300155
1750195112.424628735 4.606053 -8.377340 0.501226 -0.028781 -0.014744 0.954313 0.297054
1750195112.587056398 4.598508 -8.374495 0.501865 -0.028930 -0.015531 0.955609 0.292803
1750195112.641501427 4.591064 -8.372079 0.502367 -0.029376 -0.017363 0.957176 0.287490
1750195112.805537939 4.583475 -8.370780 0.501915 -0.029422 -0.017698 0.958935 0.281541
1750195112.859567642 4.576372 -8.370400 0.501056 -0.029213 -0.016475 0.960794 0.275228
1750195113.017842293 4.569010 -8.370318 0.499670 -0.029164 -0.014928 0.962990 0.267537
1750195113.069173813 4.561655 -8.370179 0.498543 -0.029247 -0.013295 0.965307 0.259135
1750195113.235227108 4.554278 -8.370114 0.497178 -0.029354 -0.011260 0.967610 0.250483
1750195113.286247730 4.546819 -8.369853 0.495888 -0.029637 -0.009405 0.969781 0.241987
1750195113.455848694 4.538565 -8.369524 0.494696 -0.029871 -0.006604 0.971660 0.234396
1750195113.513597012 4.530679 -8.367995 0.494666 -0.029606 -0.005123 0.972876 0.229368
1750195113.686285019 4.522780 -8.366246 0.495155 -0.028866 -0.003222 0.973685 0.226039
1750195113.743197918 4.514910 -8.364516 0.495528 -0.027747 -0.000802 0.974238 0.223809
1750195113.915352345 4.507102 -8.362844 0.496165 -0.026094 0.001930 0.974543 0.222667
1750195113.970785141 4.499604 -8.361199 0.496520 -0.024346 0.004115 0.974585 0.222653
1750195114.142421484 4.492420 -8.359544 0.496729 -0.022374 0.005953 0.974287 0.224117
1750195114.205051184 4.485345 -8.357313 0.496086 -0.020624 0.005630 0.973827 0.226283
1750195114.376794815 4.477956 -8.354983 0.494763 -0.018322 0.004712 0.973379 0.228421
1750195114.432917356 4.470262 -8.352383 0.493896 -0.015888 0.003515 0.973014 0.230171
1750195114.603424311 4.462409 -8.349472 0.493825 -0.013291 0.002302 0.972725 0.231570
1750195114.659585714 4.454757 -8.346244 0.494122 -0.011120 0.000166 0.972572 0.232336
1750195114.825541258 4.447126 -8.343169 0.494987 -0.009315 -0.002230 0.972448 0.232923
1750195114.880225420 4.439550 -8.340385 0.495701 -0.007777 -0.004604 0.972340 0.233394
1750195115.048007965 4.431953 -8.338094 0.495731 -0.006216 -0.006368 0.972218 0.233908
1750195115.103592873 4.424427 -8.335818 0.496090 -0.004921 -0.008288 0.972148 0.234171
1750195115.268285990 4.416767 -8.333987 0.497192 -0.003668 -0.009081 0.972133 0.234226
1750195115.324395180 4.409299 -8.332437 0.498175 -0.002562 -0.009793 0.972172 0.234050
1750195115.485912800 4.401804 -8.330726 0.499501 -0.001714 -0.010793 0.972272 0.233597
1750195115.540565968 4.394094 -8.329469 0.501253 -0.000848 -0.010092 0.972468 0.232814
1750195115.704154015 4.386642 -8.329659 0.504026 0.000528 -0.004653 0.973027 0.230645
1750195115.763439894 4.379729 -8.329628 0.504947 0.001300 -0.000934 0.973693 0.227859
1750195115.929602146 4.372529 -8.329539 0.505846 0.001788 0.003159 0.974426 0.224681
1750195115.987184525 4.365732 -8.329196 0.506383 0.001874 0.006872 0.975245 0.221011
1750195116.151405096 4.359761 -8.328553 0.504380 0.001130 0.007552 0.976209 0.216699
1750195116.206914902 4.353992 -8.327646 0.501070 -0.000701 0.004806 0.977281 0.211891
1750195116.373612404 4.346129 -8.327151 0.502135 -0.002022 0.007695 0.977871 0.209058
1750195116.423102140 4.337793 -8.326418 0.504742 -0.002876 0.014666 0.978407 0.206145
1750195116.588741779 4.330421 -8.325559 0.504624 -0.004150 0.019065 0.978987 0.202989
1750195116.648428202 4.323512 -8.324046 0.502780 -0.006474 0.019570 0.979719 0.199311
1750195116.822969198 4.316275 -8.323082 0.500922 -0.009249 0.019894 0.980380 0.195893
1750195116.876478672 4.308621 -8.323323 0.500794 -0.011399 0.024427 0.980795 0.193168
1750195117.055124760 4.301213 -8.322191 0.500000 -0.014462 0.024457 0.981296 0.190398
1750195117.110306978 4.293845 -8.320662 0.498376 -0.017500 0.022455 0.981771 0.187922
1750195117.279804230 4.285004 -8.319144 0.498125 -0.019321 0.022655 0.981780 0.187673
1750195117.331284046 4.274482 -8.317305 0.499565 -0.020635 0.025640 0.981530 0.188458
1750195117.503077269 4.265511 -8.315678 0.500699 -0.022247 0.027982 0.981538 0.187896
1750195117.557023048 4.256635 -8.313494 0.500343 -0.024112 0.027692 0.981639 0.187182
1750195117.732290030 4.247531 -8.311231 0.499395 -0.025503 0.026890 0.981707 0.186755
1750195117.789097071 4.238138 -8.309033 0.498421 -0.026273 0.026402 0.981672 0.186901
1750195117.961905479 4.228691 -8.306644 0.497251 -0.026663 0.025450 0.981581 0.187459
1750195118.016963482 4.219158 -8.304406 0.496032 -0.026330 0.025312 0.981378 0.188580
1750195118.193120003 4.209872 -8.301942 0.494698 -0.025674 0.024737 0.981172 0.189817
1750195118.247992277 4.200792 -8.299509 0.492877 -0.024860 0.023512 0.981058 0.190671
1750195118.421844244 4.191768 -8.297233 0.491001 -0.023764 0.021816 0.981031 0.191146
1750195118.476121664 4.182790 -8.295101 0.489296 -0.022488 0.019468 0.981063 0.191393
1750195118.649508715 4.173724 -8.293672 0.487529 -0.020660 0.017914 0.980988 0.192133
1750195118.702656507 4.164489 -8.292877 0.487706 -0.018309 0.017379 0.980678 0.193993
1750195118.871326447 4.155337 -8.292871 0.490090 -0.015125 0.018919 0.980157 0.196738
1750195118.921976089 4.145671 -8.293400 0.493604 -0.011285 0.021438 0.979490 0.200033
1750195119.090509415 4.135913 -8.293845 0.496799 -0.007446 0.022393 0.978798 0.203465
1750195119.145337820 4.127642 -8.294371 0.498268 -0.004344 0.021961 0.978175 0.206576
1750195119.314736128 4.119785 -8.294861 0.497962 -0.001553 0.020117 0.977525 0.209853
1750195119.368940115 4.112416 -8.294747 0.497329 0.001182 0.016750 0.976948 0.212816
1750195119.535406113 4.107710 -8.296568 0.500982 0.004212 0.019731 0.977623 0.209393
1750195119.587554932 4.103875 -8.298843 0.503848 0.007058 0.022287 0.978900 0.202998
1750195119.751859426 4.100789 -8.300497 0.504026 0.008953 0.021537 0.980210 0.196584
1750195119.799399614 4.097944 -8.301899 0.502284 0.010075 0.017331 0.981689 0.189434
1750195119.954005718 4.095557 -8.303097 0.499602 0.010072 0.009146 0.983238 0.181819
1750195120.001797199 4.093382 -8.305367 0.497293 0.009667 0.000868 0.984794 0.173456
1750195120.162130117 4.090946 -8.311077 0.498108 0.010400 0.002014 0.986410 0.163958
1750195120.211737156 4.088641 -8.316946 0.499626 0.011209 0.004220 0.988076 0.153497
1750195120.370377064 4.086842 -8.322046 0.499657 0.011551 0.003629 0.989639 0.143065
1750195120.417183161 4.086052 -8.327146 0.497811 0.011368 0.000892 0.991010 0.133303
1750195120.579668999 4.085160 -8.332549 0.495114 0.011026 -0.001249 0.992186 0.124271
1750195120.631702900 4.083003 -8.338449 0.494588 0.011203 0.000763 0.993009 0.117506
1750195120.799141169 4.079845 -8.343836 0.496279 0.011880 0.005303 0.993483 0.113239
1750195120.858034134 4.077030 -8.348216 0.497238 0.012422 0.008138 0.993884 0.109429
1750195121.028101683 4.074964 -8.351157 0.496544 0.012487 0.007410 0.994337 0.105273
1750195121.091595888 4.072887 -8.353746 0.494683 0.012315 0.005191 0.994761 0.101354
1750195121.279320478 4.069669 -8.356315 0.494375 0.012814 0.005681 0.994868 0.100203
1750195121.343217134 4.065253 -8.359164 0.494899 0.014128 0.008657 0.994696 0.101520
1750195121.531947613 4.061081 -8.361058 0.495024 0.015175 0.009538 0.994496 0.103232
1750195121.606640339 4.056606 -8.362583 0.495313 0.016192 0.009374 0.994188 0.106022
1750195121.784922600 4.051716 -8.364049 0.495687 0.017281 0.008965 0.993740 0.110008
1750195121.839617014 4.046307 -8.365463 0.496764 0.018493 0.009465 0.993125 0.115204
1750195121.998190165 4.042415 -8.368838 0.501389 0.019537 0.016595 0.992651 0.118262
1750195122.045631409 4.039948 -8.373521 0.506191 0.020579 0.026927 0.992256 0.119495
1750195122.207338095 4.038066 -8.377277 0.508571 0.020958 0.033015 0.991995 0.120072
1750195122.288544655 4.036776 -8.379349 0.508611 0.020538 0.033438 0.992064 0.119453
1750195122.458784819 4.035330 -8.380661 0.506864 0.019571 0.029678 0.992418 0.117653
1750195122.510549068 4.033478 -8.382602 0.503600 0.018265 0.023864 0.992839 0.115619
1750195122.668751001 4.031394 -8.385187 0.499628 0.016490 0.016244 0.993292 0.113294
1750195122.721925259 4.030559 -8.392083 0.501544 0.014767 0.019727 0.993795 0.108462
1750195122.883005142 4.030996 -8.399554 0.504892 0.013281 0.026351 0.994299 0.102461
1750195122.931210518 4.031900 -8.406237 0.506072 0.011278 0.028910 0.994952 0.095435
1750195123.091115236 4.033208 -8.412090 0.504820 0.008752 0.027504 0.995734 0.087636
1750195123.139217854 4.034916 -8.417496 0.501974 0.005524 0.022024 0.996564 0.079653
1750195123.304385424 4.036055 -8.423457 0.498865 0.002420 0.016401 0.997248 0.072266
1750195123.362537384 4.034482 -8.430866 0.499159 0.001453 0.017306 0.997462 0.069054
1750195123.538280725 4.031121 -8.437459 0.501346 0.002357 0.021666 0.997264 0.070643
1750195123.598333836 4.027966 -8.443079 0.502685 0.003132 0.023500 0.997081 0.072577
1750195123.776064157 4.024954 -8.448310 0.502517 0.003775 0.023339 0.996935 0.074577
1750195123.836177111 4.021957 -8.452736 0.501106 0.004334 0.020618 0.996828 0.076742
1750195124.011075258 4.017621 -8.457208 0.501015 0.006044 0.020445 0.996490 0.080957
1750195124.062994480 4.012251 -8.461533 0.501867 0.008629 0.021458 0.995962 0.086743
1750195124.226604939 4.005768 -8.465293 0.503931 0.012123 0.023001 0.995200 0.094341
1750195124.273975611 3.999715 -8.468086 0.504002 0.015071 0.021072 0.994508 0.101404
1750195124.436217785 3.992373 -8.471073 0.505190 0.019163 0.021228 0.993554 0.109691
1750195124.483510017 3.984924 -8.473494 0.505432 0.023352 0.020133 0.992502 0.118273
1750195124.644702196 3.977585 -8.475182 0.504921 0.027439 0.017071 0.991419 0.126664
1750195124.692354202 3.969652 -8.477336 0.504699 0.032358 0.015743 0.990122 0.135509
1750195124.846819878 3.961612 -8.479711 0.503550 0.037644 0.015024 0.988636 0.144764
1750195124.896117210 3.954219 -8.481169 0.502214 0.042545 0.011910 0.987154 0.153541
1750195125.047240734 3.947364 -8.481972 0.502608 0.047305 0.008076 0.985676 0.161679
1750195125.096386194 3.940857 -8.483220 0.504413 0.052172 0.007096 0.984151 0.169335
1750195125.247621536 3.934658 -8.484968 0.507821 0.057186 0.010025 0.982607 0.176391
1750195125.296665192 3.929022 -8.486508 0.511910 0.061944 0.014451 0.981103 0.182733
1750195125.444241047 3.924077 -8.487507 0.515650 0.066208 0.018399 0.979654 0.188561
1750195125.495349169 3.919829 -8.487700 0.518715 0.069902 0.020889 0.978306 0.193892
1750195125.649680138 3.916359 -8.487241 0.520498 0.072945 0.021670 0.977101 0.198702
1750195125.708088636 3.913619 -8.485808 0.521120 0.075166 0.019866 0.976148 0.202708
1750195125.860961437 3.910567 -8.484047 0.521674 0.076954 0.018272 0.975251 0.206471
1750195125.918994188 3.906774 -8.481834 0.523275 0.078666 0.018162 0.974246 0.210540
1750195126.070885658 3.902579 -8.478939 0.525071 0.080275 0.017140 0.973222 0.214710
1750195126.127619505 3.898103 -8.475789 0.526637 0.081700 0.016230 0.972127 0.219159
1750195126.277305603 3.893464 -8.472219 0.528082 0.082839 0.015210 0.971000 0.223751
1750195126.334548950 3.888687 -8.468193 0.529421 0.083554 0.013484 0.969906 0.228296
1750195126.482826710 3.883694 -8.464078 0.530263 0.083987 0.011500 0.968807 0.232865
1750195126.538437128 3.878455 -8.459919 0.530278 0.084280 0.009668 0.967748 0.237207
1750195126.688149452 3.872914 -8.455810 0.529490 0.084483 0.008200 0.966796 0.241041
1750195126.745616436 3.867054 -8.451996 0.528501 0.084651 0.007677 0.966038 0.244022
1750195126.893992186 3.861030 -8.448515 0.527790 0.084718 0.008210 0.965508 0.246068
1750195126.951510429 3.854969 -8.444767 0.527154 0.084259 0.007903 0.965291 0.247087
1750195127.097738981 3.848723 -8.441244 0.525900 0.083520 0.007470 0.965234 0.247572
1750195127.155325413 3.842307 -8.438160 0.524655 0.082604 0.007749 0.965283 0.247679
1750195127.302345037 3.835758 -8.435386 0.525116 0.081599 0.009854 0.965479 0.247172
1750195127.359287024 3.829308 -8.432472 0.525806 0.080196 0.011713 0.965850 0.246102
1750195127.505460501 3.823034 -8.429602 0.526306 0.078294 0.013017 0.966361 0.244636
1750195127.565104485 3.816761 -8.427433 0.526897 0.076328 0.015912 0.966834 0.243214
1750195127.716794252 3.810720 -8.425634 0.527066 0.074323 0.019865 0.967148 0.242295
1750195127.774330378 3.805383 -8.423956 0.526906 0.071824 0.023903 0.967269 0.242199
1750195127.925993204 3.801214 -8.421809 0.525575 0.068268 0.025385 0.967384 0.242619
1750195127.985152245 3.797469 -8.419764 0.523144 0.064006 0.025439 0.967398 0.243717
1750195128.140398502 3.793340 -8.417696 0.521292 0.059584 0.026395 0.967093 0.245933
1750195128.195333719 3.788880 -8.415293 0.519682 0.055006 0.027904 0.966461 0.249297
1750195128.347615957 3.783974 -8.412472 0.518400 0.050453 0.030111 0.965487 0.253739
1750195128.399523020 3.779055 -8.409454 0.517485 0.046299 0.032647 0.964286 0.258734
1750195128.545454502 3.773934 -8.406229 0.517034 0.042492 0.035708 0.962845 0.264288
1750195128.594520807 3.768414 -8.402803 0.517577 0.039507 0.040243 0.961060 0.270523
1750195128.744057655 3.762965 -8.398960 0.518633 0.037039 0.045028 0.959060 0.277136
1750195128.793287992 3.758192 -8.394396 0.519020 0.034299 0.048045 0.957067 0.283793
1750195128.944705486 3.753770 -8.389470 0.518874 0.031615 0.050256 0.955090 0.290306
1750195128.994003296 3.748959 -8.384224 0.518373 0.029189 0.052731 0.952879 0.297303
1750195129.152167797 3.745499 -8.382044 0.521277 0.027322 0.052240 0.951167 0.302996
1750195129.203737497 3.742198 -8.381520 0.524739 0.026093 0.052703 0.948868 0.310146
1750195129.356156826 3.738830 -8.381929 0.526338 0.025777 0.055249 0.946398 0.317196
1750195129.405564785 3.735742 -8.381631 0.527186 0.024798 0.055367 0.944005 0.324305
1750195129.565222502 3.732403 -8.381063 0.528243 0.024409 0.055632 0.941845 0.330511
1750195129.617183685 3.728782 -8.380958 0.527811 0.024904 0.057206 0.939595 0.336553
1750195129.777958155 3.725160 -8.380463 0.526654 0.025715 0.058611 0.937425 0.342253
1750195129.837391376 3.721497 -8.378219 0.526151 0.025965 0.057136 0.935980 0.346413
1750195130.003359556 3.717228 -8.375138 0.526597 0.026731 0.055413 0.934983 0.349315
1750195130.061119795 3.712768 -8.371164 0.527304 0.027290 0.051991 0.934531 0.351006
1750195130.225560427 3.707994 -8.367291 0.527485 0.028310 0.048896 0.934118 0.352465
1750195130.284091473 3.702714 -8.363146 0.527627 0.029812 0.045903 0.933801 0.353582
1750195130.443711281 3.696762 -8.358411 0.527833 0.031914 0.042885 0.933615 0.354267
1750195130.496490002 3.690577 -8.353382 0.527899 0.034189 0.039507 0.933655 0.354344
1750195130.651299238 3.683724 -8.348086 0.527657 0.036593 0.035556 0.933802 0.354134
1750195130.703445673 3.676447 -8.342802 0.527025 0.039143 0.031344 0.933911 0.353972
1750195130.852750540 3.669028 -8.337518 0.525941 0.041882 0.026966 0.933932 0.353962
1750195130.905970335 3.661784 -8.332480 0.525272 0.045089 0.023677 0.933847 0.354029
1750195131.055687189 3.655063 -8.328584 0.526489 0.048761 0.023913 0.933981 0.353171
1750195131.114827871 3.649080 -8.325175 0.527829 0.052262 0.025010 0.934349 0.351619
1750195131.268703461 3.643640 -8.321963 0.529579 0.055610 0.027003 0.934911 0.349457
1750195131.326783657 3.638801 -8.318738 0.531185 0.058468 0.028736 0.935670 0.346811
1750195131.476937532 3.634371 -8.315792 0.532228 0.061054 0.030630 0.936560 0.343788
1750195131.535079241 3.630307 -8.312912 0.533646 0.063192 0.032486 0.937694 0.340120
1750195131.684208870 3.626489 -8.310011 0.535411 0.064858 0.034137 0.938936 0.336194
1750195131.741897583 3.622782 -8.307230 0.536708 0.066215 0.035748 0.940208 0.332185
1750195131.890568256 3.619205 -8.304299 0.537482 0.066971 0.036322 0.941600 0.328002
1750195131.946052313 3.616109 -8.300999 0.536850 0.066461 0.033788 0.943318 0.323407
1750195132.087203741 3.613392 -8.297987 0.535444 0.065120 0.029800 0.945047 0.318996
1750195132.147930622 3.609538 -8.295849 0.535866 0.064212 0.029050 0.946368 0.315309
1750195132.306131601 3.604910 -8.294211 0.537133 0.064146 0.032039 0.947057 0.312957
1750195132.373948336 3.601092 -8.292427 0.537757 0.063585 0.034506 0.947485 0.311509
1750195132.533783913 3.598340 -8.290708 0.536856 0.061981 0.035071 0.947826 0.310733
1750195132.602595091 3.596033 -8.289366 0.534340 0.059364 0.033550 0.948185 0.310315
1750195132.767256975 3.593239 -8.288161 0.532011 0.056489 0.032323 0.948401 0.310323
1750195132.841021776 3.589920 -8.286512 0.530582 0.053712 0.032451 0.948380 0.310865
1750195133.000784636 3.586054 -8.284339 0.530791 0.051342 0.035268 0.947809 0.312694
1750195133.060557365 3.582501 -8.281810 0.531470 0.049234 0.038939 0.946947 0.315200
1750195133.208577871 3.578757 -8.278430 0.532001 0.046817 0.043540 0.945690 0.318720
1750195133.262206793 3.575705 -8.274831 0.530916 0.043997 0.047115 0.944445 0.322285
1750195133.418662071 3.573254 -8.270695 0.528306 0.040070 0.047932 0.943497 0.325439
1750195133.474423409 3.570251 -8.266792 0.525691 0.035965 0.048559 0.942416 0.328939
1750195133.627766371 3.565839 -8.262203 0.525359 0.032935 0.052745 0.940573 0.333851
1750195133.677699089 3.561798 -8.257747 0.525741 0.030874 0.057675 0.938569 0.338835
1750195133.826590776 3.557592 -8.252672 0.525462 0.028800 0.062901 0.936181 0.344644
1750195133.877160788 3.553804 -8.246765 0.524476 0.026264 0.066847 0.933750 0.350645
1750195134.032362461 3.550444 -8.240433 0.522956 0.023610 0.069561 0.931434 0.356419
1750195134.084842682 3.546947 -8.233934 0.521463 0.021347 0.072218 0.928993 0.362355
1750195134.245276690 3.543742 -8.227177 0.519727 0.019035 0.074130 0.926519 0.368380
1750195134.299757004 3.540448 -8.220445 0.518117 0.016993 0.076116 0.923894 0.374616
1750195134.458368301 3.537332 -8.213630 0.516492 0.015023 0.077811 0.921209 0.380912
1750195134.513030291 3.534246 -8.206855 0.515014 0.013358 0.079861 0.918449 0.387163
1750195134.674384594 3.531284 -8.200066 0.513763 0.011976 0.082011 0.915675 0.393281
1750195134.728597641 3.528149 -8.193393 0.513130 0.010977 0.084791 0.912871 0.399196
1750195134.893954515 3.525401 -8.186914 0.511992 0.009516 0.086269 0.910590 0.404094
1750195134.949264526 3.522520 -8.179845 0.509977 0.007594 0.086072 0.908723 0.408359
1750195135.114602804 3.519383 -8.172993 0.509534 0.005458 0.084385 0.907662 0.411095
1750195135.169474602 3.515324 -8.166509 0.510695 0.004029 0.083422 0.906912 0.412958
1750195135.337091446 3.510810 -8.160311 0.511458 0.003115 0.082869 0.906313 0.414391
1750195135.391464472 3.505581 -8.154441 0.511765 0.003308 0.083616 0.905647 0.415694
1750195135.555025339 3.500367 -8.148469 0.511241 0.003766 0.084093 0.905049 0.416893
1750195135.608861446 3.495141 -8.142078 0.510546 0.004243 0.083674 0.904757 0.417607
1750195135.774177790 3.489842 -8.135664 0.509411 0.004804 0.082883 0.904716 0.417847
1750195135.829121590 3.484400 -8.129349 0.507695 0.005634 0.082066 0.904789 0.417840
1750195135.995563984 3.478836 -8.122844 0.506191 0.006849 0.081230 0.904898 0.417749
1750195136.052456856 3.473361 -8.116065 0.505384 0.008010 0.079631 0.905050 0.417708
1750195136.218650103 3.467944 -8.109477 0.505012 0.009455 0.078370 0.905188 0.417617
1750195136.275597095 3.462575 -8.103269 0.504312 0.011505 0.078183 0.905231 0.417507
1750195136.441507816 3.457597 -8.097029 0.503660 0.013340 0.077693 0.905313 0.417366
1750195136.497521400 3.453016 -8.090878 0.503751 0.014856 0.077187 0.905484 0.417037
1750195136.670762539 3.448901 -8.084924 0.504533 0.016020 0.076831 0.905755 0.416472
1750195136.732690334 3.444922 -8.079407 0.505468 0.017385 0.077535 0.906018 0.415714
1750195136.901047945 3.441400 -8.073859 0.506744 0.018221 0.077938 0.906459 0.414639
1750195136.962583065 3.438142 -8.068662 0.507478 0.018773 0.078591 0.906860 0.413613
1750195137.133794308 3.435048 -8.064118 0.506951 0.019506 0.080251 0.906945 0.413074
1750195137.209955931 3.433017 -8.060510 0.506617 0.019518 0.082290 0.906597 0.413435
1750195137.386466026 3.431540 -8.056974 0.506459 0.018930 0.084384 0.905936 0.414488
1750195137.460818529 3.430474 -8.053561 0.505167 0.017403 0.085178 0.905191 0.416019
1750195137.642491579 3.429618 -8.050204 0.503096 0.015071 0.084842 0.904356 0.417989
1750195137.710040569 3.427965 -8.046463 0.502715 0.013527 0.086454 0.902892 0.420867
1750195137.882045031 3.426737 -8.042264 0.503519 0.011315 0.087490 0.900841 0.425092
1750195137.937162399 3.425959 -8.038457 0.504453 0.008832 0.087949 0.898371 0.430251
1750195138.100395441 3.425185 -8.034936 0.503574 0.006570 0.088798 0.895628 0.435801
1750195138.156824350 3.424339 -8.031313 0.501527 0.004559 0.089621 0.892775 0.441476
1750195138.326529503 3.423139 -8.026852 0.500872 0.002795 0.090059 0.889888 0.447192
1750195138.383952141 3.421183 -8.022027 0.501117 0.002240 0.091487 0.886808 0.452986
1750195138.550504923 3.419110 -8.016923 0.501662 0.002242 0.093375 0.883704 0.458632
1750195138.605695248 3.417823 -8.011578 0.501332 0.001526 0.093747 0.880643 0.464411
1750195138.775063515 3.416653 -8.006309 0.500635 0.000921 0.093828 0.877370 0.470550
1750195138.831080437 3.415832 -8.000795 0.498878 -0.000364 0.092277 0.874501 0.476165
1750195138.999405622 3.414371 -7.995062 0.497459 -0.001091 0.091335 0.871520 0.481778
1750195139.055245399 3.413087 -7.988912 0.496822 -0.001468 0.091090 0.868255 0.487682
1750195139.222790718 3.412065 -7.982731 0.496398 -0.001686 0.091329 0.864761 0.493806
1750195139.276104450 3.411236 -7.976581 0.496233 -0.001539 0.092153 0.860978 0.500222
1750195139.443038464 3.410819 -7.970105 0.496311 -0.001544 0.092909 0.857121 0.506665
1750195139.499778032 3.410736 -7.963556 0.495801 -0.002227 0.092613 0.853887 0.512147
1750195139.677459240 3.410307 -7.956587 0.495095 -0.002662 0.091801 0.851300 0.516579
1750195139.733793974 3.410076 -7.949199 0.496011 -0.004491 0.088780 0.849798 0.519558
1750195139.899247885 3.409541 -7.940699 0.497218 -0.007390 0.084320 0.848455 0.522456
1750195139.952258825 3.407633 -7.932403 0.498264 -0.009725 0.080948 0.847291 0.524834
1750195140.119826317 3.405536 -7.924122 0.499403 -0.013170 0.076235 0.846136 0.527322
1750195140.171244383 3.402606 -7.916277 0.499282 -0.015674 0.073115 0.844964 0.529571
1750195140.338258028 3.399225 -7.908045 0.499406 -0.018300 0.069839 0.844253 0.531059
1750195140.392024755 3.395192 -7.900628 0.498758 -0.019848 0.068403 0.843263 0.532762
1750195140.560111761 3.391237 -7.892931 0.498186 -0.021230 0.067262 0.842477 0.534095
1750195140.613413572 3.387289 -7.885724 0.496304 -0.021783 0.067417 0.841508 0.535579
1750195140.781977177 3.382769 -7.879388 0.492422 -0.020402 0.070446 0.840053 0.537524
1750195140.834817171 3.379383 -7.871097 0.490866 -0.020912 0.071192 0.839840 0.537739
1750195140.998253584 3.375544 -7.861779 0.489726 -0.021536 0.071425 0.840171 0.537167
1750195141.047512054 3.371711 -7.853162 0.488164 -0.021397 0.072335 0.840659 0.536286
1750195141.215317011 3.368184 -7.844109 0.487885 -0.020851 0.074291 0.839957 0.537138
1750195141.270512581 3.365823 -7.837455 0.489035 -0.019433 0.078575 0.837110 0.541013
1750195141.432438850 3.363229 -7.832096 0.489285 -0.015943 0.085422 0.833707 0.545328
1750195141.479613543 3.362825 -7.826591 0.490237 -0.013289 0.091420 0.829363 0.551019
1750195141.646641731 3.363780 -7.819834 0.490047 -0.011714 0.095463 0.825721 0.555818
1750195141.698978186 3.365246 -7.812587 0.489376 -0.011044 0.097762 0.822508 0.560180
1750195141.865137815 3.367123 -7.805929 0.487404 -0.011246 0.098747 0.819215 0.564810
1750195141.923168659 3.368630 -7.799087 0.485103 -0.012078 0.098600 0.816128 0.569270
1750195142.097880363 3.369226 -7.792366 0.483378 -0.011955 0.099179 0.812835 0.573864
1750195142.156790733 3.369403 -7.785850 0.481527 -0.011295 0.099716 0.809714 0.578180
1750195142.336390972 3.369353 -7.779225 0.480183 -0.010120 0.100141 0.806903 0.582046
1750195142.389086008 3.368524 -7.771393 0.477819 -0.008736 0.099866 0.806237 0.583037
1750195142.563671112 3.366631 -7.762967 0.474865 -0.006484 0.099475 0.806504 0.582763
1750195142.617409706 3.364176 -7.753778 0.471272 -0.003707 0.098728 0.807228 0.581913
1750195142.788695097 3.361726 -7.744426 0.467375 -0.000521 0.097418 0.808064 0.580984
1750195142.841970682 3.359385 -7.734371 0.463588 0.002798 0.095119 0.809100 0.579915
1750195143.016848326 3.357761 -7.725551 0.461033 0.004885 0.092205 0.809746 0.579470
1750195143.073018789 3.356168 -7.716847 0.459834 0.006476 0.089292 0.809909 0.579683
1750195143.246658087 3.354571 -7.708406 0.458965 0.007749 0.086646 0.809705 0.580354
1750195143.304468393 3.353059 -7.700091 0.458203 0.008498 0.084025 0.809267 0.581339
1750195143.475361586 3.351387 -7.691838 0.457619 0.009201 0.082031 0.808557 0.582600
1750195143.530768871 3.349695 -7.683645 0.456852 0.010099 0.080797 0.807828 0.583767
1750195143.702478886 3.348136 -7.675478 0.456369 0.011090 0.080376 0.807033 0.584906
1750195143.758462667 3.346832 -7.667273 0.455902 0.011977 0.080311 0.806305 0.585900
1750195143.929506302 3.345856 -7.659047 0.454993 0.012455 0.079986 0.805745 0.586705
1750195143.985951662 3.345307 -7.650823 0.453695 0.012113 0.078906 0.805296 0.587473
1750195144.157438040 3.344964 -7.642807 0.451802 0.011398 0.077637 0.804772 0.588374
1750195144.215289354 3.344003 -7.634770 0.450216 0.011658 0.077717 0.804080 0.589305
1750195144.384829760 3.343205 -7.626342 0.450015 0.011621 0.077506 0.803546 0.590061
1750195144.441865683 3.342775 -7.617986 0.450302 0.011190 0.077058 0.802969 0.590912
1750195144.614291191 3.342422 -7.610063 0.449764 0.011111 0.077004 0.801918 0.592346
1750195144.675292253 3.342261 -7.602862 0.448980 0.011393 0.077809 0.800129 0.594650
1750195144.855546474 3.342298 -7.595637 0.447550 0.011489 0.078519 0.798261 0.597061
1750195144.912121534 3.342642 -7.587862 0.446842 0.010818 0.077470 0.797188 0.598642
1750195145.087474108 3.343053 -7.579867 0.446617 0.009527 0.075445 0.796464 0.599885
1750195145.142733335 3.343462 -7.571942 0.446280 0.008055 0.072915 0.795951 0.600900
1750195145.317191124 3.343497 -7.564102 0.445876 0.006962 0.070727 0.795540 0.601718
1750195145.374008656 3.342988 -7.556374 0.445062 0.006779 0.069560 0.795102 0.602435
1750195145.547622919 3.342318 -7.548419 0.444313 0.006735 0.068397 0.794753 0.603029
1750195145.604236364 3.341910 -7.540386 0.443610 0.006148 0.066475 0.794548 0.603521
1750195145.776700735 3.341328 -7.532443 0.443027 0.005825 0.065085 0.794279 0.604029
1750195145.830029249 3.340489 -7.524486 0.442254 0.005974 0.064415 0.793949 0.604533
1750195146.002253771 3.339729 -7.516282 0.441379 0.005750 0.063361 0.793685 0.604993
1750195146.056664467 3.338939 -7.508038 0.440514 0.005315 0.062428 0.793337 0.605551
1750195146.233484507 3.338344 -7.500016 0.439120 0.004622 0.061809 0.792951 0.606125
1750195146.289489269 3.337715 -7.492099 0.438069 0.004084 0.062102 0.792416 0.606798
1750195146.467599630 3.337164 -7.484057 0.437449 0.003585 0.062866 0.791847 0.607464
1750195146.525735855 3.336791 -7.475957 0.436664 0.002814 0.063625 0.791318 0.608079
1750195146.698649168 3.336390 -7.468055 0.435594 0.002372 0.065097 0.790721 0.608702
1750195146.756153822 3.336016 -7.460221 0.434806 0.002445 0.067345 0.790173 0.609168
1750195146.930520773 3.336080 -7.452223 0.434240 0.002150 0.069083 0.789904 0.609323
1750195146.987624645 3.336525 -7.444163 0.433418 0.001378 0.069889 0.790013 0.609091
1750195147.162886620 3.337014 -7.436333 0.432066 0.000846 0.070858 0.790195 0.608744
1750195147.220742226 3.337300 -7.428527 0.430346 0.000927 0.072156 0.790498 0.608198
1750195147.399129868 3.337890 -7.420275 0.429936 0.000557 0.072100 0.791163 0.607340
1750195147.458621502 3.338945 -7.412106 0.429901 -0.000404 0.070934 0.792006 0.606378
1750195147.641116858 3.339696 -7.404284 0.429455 -0.000970 0.070274 0.792648 0.605615
1750195147.699265957 3.340112 -7.396578 0.428572 -0.001289 0.069767 0.793223 0.604920
1750195147.876073122 3.340225 -7.388857 0.428165 -0.001382 0.069323 0.793709 0.604333
1750195147.934817791 3.340562 -7.381083 0.428360 -0.001946 0.068012 0.794149 0.603902
1750195148.114476442 3.340696 -7.373396 0.427958 -0.002032 0.066920 0.794697 0.603303
1750195148.175137520 3.340310 -7.366188 0.427448 -0.001236 0.066633 0.795279 0.602569
1750195148.395653009 3.340018 -7.358619 0.427565 -0.000731 0.065702 0.795702 0.602114
1750195148.456166506 3.339552 -7.352923 0.430170 -0.001889 0.061374 0.797390 0.600333
1750195148.638377190 3.338855 -7.349524 0.432743 -0.002944 0.056899 0.798217 0.599670
1750195148.707905054 3.337932 -7.346235 0.433491 -0.003034 0.053420 0.799427 0.598376
1750195148.880064249 3.337496 -7.340792 0.434931 -0.003501 0.047575 0.801753 0.595749
1750195148.934782743 3.336472 -7.334951 0.435596 -0.002739 0.043043 0.804086 0.592947
1750195149.105473757 3.334346 -7.328707 0.437197 -0.000600 0.039533 0.806681 0.589663
1750195149.158250570 3.331093 -7.323120 0.438841 0.003167 0.038367 0.808965 0.586595
1750195149.326160192 3.327096 -7.317638 0.438719 0.009050 0.040199 0.810679 0.584039
1750195149.374141216 3.323300 -7.312867 0.437236 0.015862 0.044317 0.811828 0.581997
1750195149.532858610 3.319649 -7.307658 0.434454 0.023718 0.049886 0.812884 0.579800
1750195149.584622860 3.317402 -7.301170 0.432439 0.030365 0.054556 0.814064 0.577409
1750195149.757676125 3.316403 -7.293914 0.431288 0.033711 0.055725 0.815235 0.575457
1750195149.817843437 3.315589 -7.286513 0.430924 0.035111 0.055276 0.815927 0.574434
1750195149.981311560 3.314153 -7.279099 0.430278 0.036564 0.055536 0.815995 0.574221
1750195150.039243937 3.312357 -7.271285 0.428690 0.038128 0.056335 0.815756 0.574382
1750195150.201349258 3.310497 -7.263036 0.426869 0.038975 0.056700 0.815475 0.574689
1750195150.256915808 3.308487 -7.254595 0.424580 0.039437 0.057057 0.815151 0.575081
1750195150.418832302 3.306470 -7.245958 0.422401 0.039147 0.057075 0.814817 0.575573
1750195150.473668814 3.304474 -7.237151 0.421023 0.038025 0.056858 0.814279 0.576429
1750195150.634845018 3.302567 -7.228520 0.419199 0.036444 0.056706 0.813502 0.577643
1750195150.690498829 3.301018 -7.219918 0.417270 0.033824 0.055806 0.812612 0.579140
1750195150.853868723 3.299803 -7.211339 0.415540 0.029975 0.053836 0.811756 0.580736
1750195150.910611153 3.298483 -7.203279 0.413335 0.026292 0.052626 0.810713 0.582481
1750195151.076655388 3.295656 -7.195355 0.411584 0.023253 0.052611 0.810693 0.582639
1750195151.138017178 3.291721 -7.187309 0.410371 0.020030 0.052465 0.812242 0.580611
1750195151.313355207 3.288534 -7.179364 0.410159 0.016501 0.052084 0.813408 0.579122
1750195151.366558790 3.287738 -7.172817 0.415460 0.010348 0.046489 0.813894 0.579058
1750195151.535201788 3.286352 -7.167501 0.420444 0.005360 0.042634 0.814269 0.578895
1750195151.594903708 3.284261 -7.163273 0.423371 0.002662 0.042341 0.814296 0.578897
1750195151.776691437 3.281490 -7.159663 0.424424 0.001891 0.045310 0.813989 0.579108
1750195151.837800026 3.278626 -7.156845 0.423009 0.002498 0.050325 0.813377 0.579550
1750195152.010894060 3.278647 -7.152943 0.423265 -0.000594 0.047593 0.813562 0.579528
1750195152.059570551 3.280318 -7.148451 0.427426 -0.006034 0.038549 0.814671 0.578610
1750195152.232163191 3.280450 -7.144368 0.430250 -0.008897 0.033357 0.815002 0.578429
1750195152.304794312 3.279393 -7.141272 0.431002 -0.009078 0.032659 0.814522 0.579141
1750195152.485983372 3.277727 -7.138375 0.429588 -0.007509 0.034870 0.813366 0.580658
1750195152.537949800 3.275806 -7.135568 0.426714 -0.004051 0.040046 0.811671 0.582726
1750195152.701766253 3.274248 -7.132352 0.422645 0.000181 0.046051 0.809973 0.584656
1750195152.752453327 3.274830 -7.122752 0.425496 0.000145 0.039961 0.812240 0.581953
1750195152.921739101 3.274612 -7.116404 0.427816 0.001846 0.037143 0.812267 0.582099
1750195152.979397297 3.273720 -7.110712 0.427597 0.005137 0.036628 0.811593 0.583051
1750195153.145438433 3.272557 -7.104597 0.425702 0.009448 0.037328 0.810851 0.583985
1750195153.196467638 3.271318 -7.095761 0.426844 0.013097 0.034334 0.811839 0.582724
1750195153.357650280 3.268800 -7.087490 0.426253 0.019061 0.034616 0.812146 0.582114
1750195153.408623457 3.266429 -7.078635 0.424173 0.025641 0.035481 0.812521 0.581286
1750195153.559299231 3.264133 -7.069781 0.422535 0.032100 0.036095 0.813215 0.579955
1750195153.607650995 3.261822 -7.059995 0.420260 0.039278 0.036771 0.814135 0.578177
1750195153.761018991 3.259787 -7.050014 0.417683 0.046343 0.037444 0.814982 0.576415
1750195153.814724684 3.258778 -7.040735 0.417088 0.050839 0.036251 0.815517 0.575355
1750195153.967164278 3.258359 -7.031896 0.417181 0.053525 0.033814 0.815661 0.575055
1750195154.020365477 3.258718 -7.023392 0.416614 0.054484 0.029698 0.815726 0.575100
1750195154.172168970 3.258192 -7.015415 0.416750 0.056054 0.027453 0.815193 0.575817
1750195154.225664616 3.257074 -7.007386 0.417648 0.057973 0.026323 0.814491 0.576672
1750195154.379022837 3.255924 -6.999452 0.418179 0.059603 0.025346 0.813802 0.577522
1750195154.432325363 3.254966 -6.992038 0.418763 0.060837 0.024652 0.812700 0.578973
1750195154.581674099 3.255912 -6.985468 0.421147 0.058877 0.021131 0.810215 0.582785
1750195154.633833647 3.254446 -6.980392 0.424264 0.057579 0.019310 0.807038 0.587368
1750195154.785935640 3.252934 -6.975859 0.425540 0.056089 0.017477 0.803998 0.591723
1750195154.842809439 3.251352 -6.972047 0.424874 0.055336 0.016946 0.800915 0.595974
1750195154.989929914 3.249539 -6.968668 0.423113 0.056003 0.018903 0.797401 0.600548
1750195155.042158604 3.249535 -6.965281 0.422366 0.055021 0.019515 0.793652 0.605564
1750195155.189292908 3.249362 -6.962515 0.421158 0.055483 0.022519 0.789616 0.610673
1750195155.244325161 3.250182 -6.958952 0.420254 0.054985 0.024821 0.786208 0.615011
1750195155.395644903 3.252507 -6.955170 0.420879 0.052015 0.024641 0.782914 0.619462
1750195155.445240021 3.254718 -6.951472 0.420793 0.048886 0.024615 0.779530 0.623968
1750195155.594291449 3.255950 -6.948639 0.418398 0.047638 0.027113 0.775820 0.628569
1750195155.644533873 3.256414 -6.946715 0.415557 0.046753 0.030375 0.771734 0.633496
1750195155.792858839 3.257049 -6.944504 0.412755 0.045480 0.033882 0.767262 0.638821
1750195155.847327471 3.258789 -6.940881 0.411054 0.041785 0.035030 0.763933 0.642988
1750195155.999076605 3.261218 -6.936745 0.410662 0.036525 0.034216 0.761956 0.645692
1750195156.045491457 3.260175 -6.932670 0.414032 0.028698 0.031683 0.759909 0.648623
1750195156.194175005 3.258631 -6.929166 0.416201 0.019045 0.026936 0.757971 0.651454
1750195156.240834475 3.256940 -6.926259 0.415417 0.010550 0.023262 0.755942 0.654140
1750195156.398316383 3.254332 -6.923582 0.413144 0.004528 0.023200 0.753404 0.657133
1750195156.450002193 3.251224 -6.921297 0.409570 0.001231 0.026648 0.750595 0.660224
1750195156.611076355 3.248189 -6.919628 0.404254 -0.000409 0.031686 0.747691 0.663290
1750195156.661493778 3.244752 -6.918083 0.397430 -0.000102 0.039772 0.744160 0.666816
1750195156.823976040 3.242564 -6.915718 0.393248 0.000992 0.048550 0.740292 0.670529
1750195156.881104946 3.244035 -6.911105 0.394782 -0.002607 0.049634 0.737436 0.673585
1750195157.058777332 3.246275 -6.905633 0.399012 -0.007408 0.047802 0.735015 0.676324
1750195157.113982677 3.248488 -6.900539 0.402489 -0.011898 0.045578 0.732861 0.678746
1750195157.294898510 3.250383 -6.895398 0.405544 -0.015734 0.043459 0.730964 0.680849
1750195157.355344534 3.252192 -6.890350 0.407545 -0.019261 0.041238 0.729328 0.682648
1750195157.530462027 3.254090 -6.885361 0.408377 -0.022880 0.038222 0.728285 0.683825
1750195157.598486900 3.255283 -6.880507 0.407459 -0.024725 0.036726 0.727147 0.685053
1750195157.778883696 3.255815 -6.875694 0.405741 -0.024503 0.036690 0.725798 0.686492
1750195157.841506243 3.256034 -6.870382 0.404088 -0.022616 0.037349 0.724456 0.687936
1750195158.022375584 3.255753 -6.864244 0.404102 -0.020005 0.037392 0.722967 0.689580
1750195158.081224442 3.255429 -6.857902 0.405381 -0.018406 0.035476 0.721081 0.691698
1750195158.259354115 3.253503 -6.851776 0.406175 -0.017347 0.032793 0.718574 0.694461
1750195158.319846630 3.252031 -6.845533 0.405631 -0.016724 0.029486 0.716516 0.696746
1750195158.494577646 3.251135 -6.838694 0.405084 -0.015006 0.026980 0.715082 0.698359
1750195158.554359198 3.250795 -6.831560 0.404722 -0.012659 0.024843 0.714313 0.699271
1750195158.724717617 3.250653 -6.824614 0.406716 -0.012972 0.020401 0.711627 0.702141
1750195158.773768663 3.249324 -6.820086 0.407238 -0.012363 0.017865 0.706693 0.707187
1750195158.938327789 3.248085 -6.816405 0.405358 -0.010600 0.016599 0.702041 0.711864
1750195158.996237278 3.247043 -6.813104 0.403609 -0.009617 0.015194 0.697970 0.715901
1750195159.168733120 3.245979 -6.810844 0.401964 -0.007540 0.015403 0.695444 0.718375
1750195159.227634668 3.244531 -6.809327 0.399706 -0.003755 0.017665 0.693073 0.720641
1750195159.404555798 3.244018 -6.807831 0.397794 -0.000860 0.019063 0.691249 0.722365
1750195159.460137367 3.244331 -6.804604 0.401101 -0.005371 0.013826 0.690716 0.722974
1750195159.624364138 3.243431 -6.801143 0.404162 -0.009563 0.008832 0.690660 0.723062
1750195159.688988686 3.242010 -6.798490 0.405091 -0.011788 0.006007 0.690755 0.722968
1750195159.874024391 3.240344 -6.796353 0.404442 -0.011582 0.005627 0.690764 0.722966
1750195159.944273710 3.238759 -6.794653 0.402313 -0.009137 0.007518 0.690689 0.723055
1750195160.110462904 3.237434 -6.793308 0.398952 -0.004862 0.011329 0.690505 0.723222
1750195160.200623989 3.237080 -6.791014 0.398197 -0.004226 0.011958 0.690432 0.723286
1750195160.388386011 3.237217 -6.787896 0.397952 -0.004762 0.010801 0.691269 0.722501
1750195160.436068773 3.236584 -6.782720 0.402560 -0.010264 0.005080 0.693373 0.720488
1750195160.594565392 3.234652 -6.778004 0.406151 -0.014974 0.000146 0.695123 0.718735
1750195160.656648636 3.231980 -6.773634 0.407963 -0.017643 -0.002740 0.696929 0.716918
1750195160.841476440 3.229129 -6.770022 0.407779 -0.017512 -0.003007 0.698052 0.715826
1750195160.900774717 3.225897 -6.766633 0.406170 -0.014197 -0.000995 0.698375 0.715591
1750195161.064354420 3.222264 -6.763397 0.402771 -0.008308 0.003290 0.698144 0.715901
1750195161.114079952 3.218443 -6.760492 0.399037 0.000665 0.010421 0.697209 0.716791
1750195161.273905993 3.215170 -6.757334 0.395272 0.012056 0.019566 0.695627 0.718036
1750195161.329161167 3.216648 -6.751776 0.395167 0.018884 0.022517 0.695221 0.718195
1750195161.495695114 3.219306 -6.745336 0.395851 0.024380 0.023503 0.695723 0.717511
1750195161.555952072 3.222217 -6.739119 0.396156 0.029543 0.024561 0.696157 0.716861
1750195161.720099926 3.225859 -6.732669 0.397379 0.033609 0.024590 0.696329 0.716513
1750195161.774923086 3.230453 -6.726667 0.399731 0.034904 0.022186 0.696177 0.716678
1750195161.934149981 3.235116 -6.721011 0.401562 0.035551 0.019457 0.695326 0.717551
1750195161.994549036 3.238763 -6.715027 0.402390 0.037591 0.018111 0.693533 0.719216
1750195162.157151222 3.240083 -6.708303 0.402378 0.040445 0.017756 0.690954 0.721548
1750195162.215930223 3.241699 -6.701044 0.402353 0.041743 0.015799 0.688538 0.723825
1750195162.371448517 3.243373 -6.693423 0.402155 0.042362 0.013141 0.686328 0.725938
1750195162.425259829 3.244130 -6.685512 0.402110 0.042730 0.010223 0.684726 0.727475
1750195162.579440117 3.244041 -6.677284 0.402085 0.043137 0.007641 0.684054 0.728115
1750195162.633099794 3.245032 -6.669599 0.402973 0.041729 0.004133 0.684960 0.727373
1750195162.787887573 3.244856 -6.662731 0.403063 0.041449 0.002224 0.685846 0.726562
1750195162.842657089 3.243818 -6.654645 0.403422 0.040691 0.000054 0.687183 0.725343
1750195162.993013144 3.242468 -6.645789 0.403617 0.040026 -0.001960 0.688620 0.724014
1750195163.045470476 3.242182 -6.637033 0.404003 0.038120 -0.004685 0.690403 0.722405
1750195163.197163820 3.239297 -6.627887 0.403410 0.040098 -0.003624 0.692449 0.720343
1750195163.246341944 3.237886 -6.617608 0.402663 0.039754 -0.004593 0.696248 0.716685
1750195163.394230604 3.237487 -6.607676 0.402678 0.038835 -0.005765 0.701116 0.711966
1750195163.443389893 3.236848 -6.597323 0.402006 0.038442 -0.006071 0.706829 0.706313
1750195163.592068672 3.235405 -6.587959 0.400763 0.039495 -0.004219 0.712754 0.700289
1750195163.641991854 3.234010 -6.579250 0.399539 0.039900 -0.002114 0.718903 0.693961
1750195163.795753717 3.232810 -6.570685 0.397954 0.038935 -0.000383 0.724610 0.688058
1750195163.850273371 3.231876 -6.562957 0.395795 0.037845 0.000914 0.728736 0.683748
1750195164.009240389 3.231574 -6.555309 0.394020 0.036174 0.001562 0.731711 0.680652
1750195164.065920591 3.231557 -6.547266 0.393949 0.035214 0.002531 0.733554 0.678714
1750195164.227630615 3.231914 -6.538950 0.395079 0.034686 0.003201 0.735004 0.677168
1750195164.287518740 3.232693 -6.530872 0.395900 0.033919 0.003067 0.736370 0.675721
1750195164.446545124 3.233562 -6.523087 0.396728 0.033260 0.002624 0.737702 0.674301
1750195164.504883766 3.234200 -6.515435 0.397746 0.033291 0.002323 0.738958 0.672924
1750195164.665434361 3.234878 -6.507947 0.398213 0.033857 0.001827 0.740282 0.671441
1750195164.729921103 3.235583 -6.500667 0.398096 0.034948 0.001268 0.741633 0.669893
1750195164.897339344 3.236476 -6.493554 0.397445 0.036210 0.000249 0.742994 0.668317
1750195164.964898825 3.237124 -6.486680 0.397027 0.038039 -0.000494 0.744233 0.666836
1750195165.130095243 3.238060 -6.479923 0.397896 0.039023 -0.002243 0.745357 0.665519
1750195165.191674948 3.240052 -6.473351 0.399546 0.037129 -0.007054 0.746651 0.664141
1750195165.350469589 3.241908 -6.467596 0.400640 0.034789 -0.012045 0.748100 0.662564
1750195165.423365593 3.242081 -6.462832 0.401196 0.034933 -0.013771 0.749472 0.660970
1750195165.596958160 3.241653 -6.459068 0.400634 0.035868 -0.014062 0.750679 0.659543
1750195165.676568747 3.241270 -6.455581 0.399829 0.036583 -0.014084 0.751983 0.658016
1750195165.854700089 3.241393 -6.451738 0.400836 0.035754 -0.015527 0.753390 0.656418
1750195165.934556723 3.241003 -6.447843 0.402545 0.036531 -0.015674 0.754451 0.655152
1750195166.108985424 3.240742 -6.444011 0.404538 0.037584 -0.015444 0.755528 0.653855
1750195166.186027050 3.240513 -6.440554 0.405615 0.039268 -0.014514 0.756478 0.652677
1750195166.366973162 3.240567 -6.437378 0.405920 0.041176 -0.013425 0.757308 0.651620
1750195166.447974920 3.240886 -6.434535 0.405405 0.043349 -0.012112 0.757975 0.650729
1750195166.622540474 3.242124 -6.431618 0.404855 0.043929 -0.012754 0.758907 0.649591
1750195166.699495792 3.243885 -6.428530 0.404472 0.042797 -0.015395 0.760071 0.648246
1750195166.875176668 3.244738 -6.425270 0.404387 0.042943 -0.016920 0.760912 0.647211
1750195166.954619408 3.245193 -6.421155 0.405876 0.043400 -0.018313 0.761592 0.646342
1750195167.118390799 3.246167 -6.417094 0.407986 0.042410 -0.021337 0.762633 0.645087
1750195167.182842731 3.247140 -6.413137 0.410433 0.040506 -0.025307 0.764329 0.643055
1750195167.339797735 3.247311 -6.409515 0.412896 0.039087 -0.028493 0.766405 0.640534
1750195167.417022943 3.246525 -6.406880 0.413250 0.039963 -0.028931 0.767842 0.638737
1750195167.576235294 3.245446 -6.404710 0.411560 0.042815 -0.027170 0.768756 0.637529
1750195167.654922485 3.245439 -6.401652 0.410994 0.044243 -0.026962 0.770042 0.635886
1750195167.810071707 3.245746 -6.397770 0.412713 0.043431 -0.029045 0.771997 0.633475
1750195167.872498274 3.245927 -6.394018 0.414593 0.042301 -0.031347 0.774008 0.630984
1750195168.035653591 3.245480 -6.390790 0.415262 0.042551 -0.031998 0.775648 0.628916
1750195168.108259678 3.244580 -6.388263 0.413855 0.044530 -0.030533 0.776674 0.627584
1750195168.271994591 3.244248 -6.385118 0.412451 0.046106 -0.029623 0.777857 0.626048
1750195168.349221468 3.244378 -6.381093 0.412864 0.046301 -0.030309 0.779679 0.623729
1750195168.500999212 3.244773 -6.376724 0.414016 0.045616 -0.032051 0.781996 0.620785
1750195168.561925650 3.245089 -6.372682 0.415133 0.045051 -0.033592 0.784251 0.617894
1750195168.723812342 3.245152 -6.368930 0.415116 0.045406 -0.033984 0.786312 0.615221
1750195168.799449682 3.244789 -6.365382 0.415020 0.047000 -0.032764 0.787985 0.613023
1750195168.965902567 3.244399 -6.361233 0.416121 0.048355 -0.032385 0.789818 0.610574
1750195169.039819956 3.244028 -6.357087 0.417418 0.049234 -0.032460 0.791863 0.607845
1750195169.205046177 3.243629 -6.353039 0.418056 0.049716 -0.032855 0.794073 0.604895
1750195169.276044846 3.243239 -6.348997 0.418623 0.049475 -0.033977 0.796190 0.602062
1750195169.423652887 3.243178 -6.345332 0.418362 0.048229 -0.036073 0.798169 0.599415
1750195169.492259264 3.242668 -6.341848 0.418109 0.047333 -0.037461 0.799892 0.597100
1750195169.656441689 3.241149 -6.338247 0.418741 0.048417 -0.036290 0.801005 0.595592
1750195169.728855848 3.239976 -6.334475 0.419714 0.048950 -0.035515 0.801993 0.594264
1750195169.891697168 3.238553 -6.330785 0.421177 0.050153 -0.033386 0.802671 0.593371
1750195169.960426092 3.237390 -6.327238 0.422004 0.051138 -0.031173 0.803500 0.592285
1750195170.118196011 3.236449 -6.323726 0.422222 0.051889 -0.028928 0.804314 0.591227
1750195170.187177658 3.236098 -6.320028 0.422040 0.051298 -0.028136 0.805335 0.589925
1750195170.338622808 3.236464 -6.316075 0.421016 0.048534 -0.029946 0.806739 0.588150
1750195170.398089886 3.236568 -6.312312 0.419302 0.045189 -0.032386 0.808172 0.586316
1750195170.560055494 3.234575 -6.308288 0.419427 0.045095 -0.030631 0.808733 0.585645
1750195170.617001772 3.232463 -6.303330 0.420733 0.045694 -0.028105 0.809110 0.585203
1750195170.767463923 3.230537 -6.297911 0.421800 0.046464 -0.025631 0.809436 0.584805
1750195170.827136755 3.228757 -6.292304 0.422214 0.047310 -0.023303 0.809839 0.584277
1750195170.975576639 3.227011 -6.286543 0.421837 0.048375 -0.021015 0.810315 0.583616
1750195171.033107281 3.225308 -6.280622 0.420678 0.049618 -0.018894 0.810873 0.582808
1750195171.185284853 3.223644 -6.274854 0.418548 0.051269 -0.016470 0.811400 0.582005
1750195171.244348526 3.222350 -6.268595 0.417083 0.051932 -0.015755 0.812145 0.580926
1750195171.394812584 3.220860 -6.262100 0.416849 0.052079 -0.016043 0.812803 0.579984
1750195171.452750444 3.219475 -6.255535 0.417661 0.051794 -0.017214 0.813202 0.579417
1750195171.599754095 3.218221 -6.249060 0.418847 0.050857 -0.019561 0.813525 0.578972
1750195171.659024954 3.216688 -6.242863 0.420420 0.049982 -0.022171 0.813754 0.578632
1750195171.807596445 3.214828 -6.236912 0.422322 0.049624 -0.024247 0.813814 0.578495
1750195171.866740465 3.213128 -6.231285 0.424046 0.049075 -0.026496 0.813846 0.578398
1750195172.017074108 3.211437 -6.225959 0.425849 0.048501 -0.028654 0.813802 0.578406
1750195172.073966503 3.209852 -6.220721 0.427212 0.047824 -0.031213 0.813729 0.578432
1750195172.224287033 3.208390 -6.215688 0.428363 0.047031 -0.034165 0.813588 0.578528
1750195172.283105612 3.206750 -6.210943 0.429382 0.046822 -0.036398 0.813392 0.578685
1750195172.440888166 3.204928 -6.206498 0.430495 0.047219 -0.037530 0.813328 0.578671
1750195172.509526253 3.203066 -6.202111 0.431326 0.047926 -0.038049 0.813389 0.578492
1750195172.662626982 3.201160 -6.197561 0.432174 0.048963 -0.037975 0.813548 0.578187
1750195172.729588985 3.199261 -6.192890 0.432470 0.050100 -0.037409 0.813979 0.577520
1750195172.878108501 3.197461 -6.188205 0.432796 0.051212 -0.036416 0.814702 0.576465
1750195172.935490608 3.195805 -6.183346 0.433107 0.051918 -0.035624 0.815847 0.574830
1750195173.080802679 3.194412 -6.178424 0.433425 0.051732 -0.035668 0.817219 0.572891
1750195173.138636112 3.192495 -6.173494 0.433568 0.052085 -0.034559 0.818397 0.571244
1750195173.284555674 3.190421 -6.168062 0.433684 0.052199 -0.033504 0.819671 0.569467
1750195173.342792988 3.188192 -6.162143 0.433293 0.051569 -0.033314 0.821164 0.567380
1750195173.492303371 3.185630 -6.156028 0.431932 0.050423 -0.033679 0.822795 0.565095
1750195173.549768209 3.182412 -6.149791 0.430516 0.049748 -0.033084 0.824282 0.563018
1750195173.699130774 3.178794 -6.143530 0.429512 0.050014 -0.030794 0.825455 0.561404
1750195173.759117365 3.175753 -6.137292 0.428859 0.049993 -0.028666 0.826303 0.560270
1750195173.908284903 3.172990 -6.131334 0.428732 0.050158 -0.026056 0.826637 0.559890
1750195173.967310190 3.170189 -6.125870 0.428501 0.051114 -0.022040 0.826210 0.560605
1750195174.115962029 3.168445 -6.120835 0.427488 0.051101 -0.019151 0.825311 0.562035
1750195174.188296080 3.167839 -6.116287 0.426453 0.049839 -0.018010 0.824016 0.564083
1750195174.341651917 3.167132 -6.111542 0.425756 0.049284 -0.016169 0.822094 0.566984
1750195174.402639627 3.166717 -6.106925 0.425594 0.049084 -0.014137 0.819864 0.570275
1750195174.553949833 3.166670 -6.102193 0.425748 0.048876 -0.012061 0.817318 0.573984
1750195174.616175175 3.167116 -6.097500 0.425602 0.048094 -0.010584 0.814770 0.577689
1750195174.767827749 3.167680 -6.092801 0.425314 0.047075 -0.009388 0.812288 0.581278
1750195174.829951286 3.168015 -6.088037 0.425024 0.046316 -0.008167 0.809870 0.584721
1750195174.980754375 3.167727 -6.083312 0.425489 0.046880 -0.005657 0.807331 0.588206
1750195175.042489529 3.167661 -6.078749 0.426034 0.047391 -0.003834 0.804939 0.591450
1750195175.206076145 3.167857 -6.074252 0.426318 0.047575 -0.003149 0.802784 0.594361
1750195175.281050682 3.168378 -6.070139 0.426018 0.047056 -0.003626 0.800956 0.596860
1750195175.444498062 3.169144 -6.065959 0.425902 0.045560 -0.005539 0.799461 0.598962
1750195175.522205114 3.169197 -6.061530 0.427031 0.044918 -0.006962 0.797897 0.601078
1750195175.689243078 3.169279 -6.056963 0.428596 0.043953 -0.008912 0.796471 0.603012
1750195175.764324665 3.169146 -6.052640 0.429794 0.043424 -0.010355 0.794973 0.605000
1750195175.931381226 3.168775 -6.048574 0.430722 0.043495 -0.010963 0.793424 0.607014
1750195176.004063606 3.168519 -6.044393 0.431332 0.043527 -0.011796 0.792047 0.608792
1750195176.165531397 3.168345 -6.039944 0.431520 0.043493 -0.012892 0.791006 0.610125
1750195176.238814354 3.168125 -6.035407 0.431773 0.043471 -0.013820 0.790267 0.611063
1750195176.408120155 3.167633 -6.030679 0.432305 0.043685 -0.014352 0.789910 0.611496
1750195176.479892015 3.166738 -6.025923 0.432718 0.044750 -0.013764 0.789765 0.611621
1750195176.641616344 3.165732 -6.021360 0.432895 0.046250 -0.012226 0.790003 0.611233
1750195176.709503651 3.164911 -6.016838 0.433505 0.047429 -0.010554 0.790806 0.610135
1750195176.854112864 3.163969 -6.011790 0.434958 0.048154 -0.008946 0.792187 0.608310
1750195176.920237064 3.162984 -6.006968 0.435957 0.048823 -0.006944 0.793703 0.606303
1750195177.078886747 3.162243 -6.002475 0.436390 0.048873 -0.005378 0.795367 0.604130
1750195177.148342609 3.161690 -5.998047 0.435849 0.048182 -0.004410 0.797225 0.601741
1750195177.305390358 3.161078 -5.993744 0.434935 0.046805 -0.003877 0.799307 0.599084
1750195177.362308025 3.160554 -5.989494 0.433194 0.044298 -0.004486 0.801588 0.596216
1750195177.515298367 3.158757 -5.985348 0.432153 0.043266 -0.002531 0.803405 0.593853
1750195177.575089931 3.156653 -5.981287 0.431876 0.043248 0.001062 0.804681 0.592129
1750195177.738549948 3.155173 -5.976965 0.431233 0.042313 0.003885 0.805822 0.590632
1750195177.814528942 3.154082 -5.972849 0.431038 0.040763 0.006171 0.806681 0.589548
1750195177.982931376 3.153188 -5.968830 0.430824 0.039136 0.008551 0.807161 0.588971
1750195178.057943106 3.152661 -5.964756 0.430517 0.037270 0.010012 0.807428 0.588703
1750195178.224939585 3.152073 -5.960841 0.429665 0.035888 0.011174 0.807195 0.589087
1750195178.299475908 3.151451 -5.956993 0.428980 0.034576 0.011372 0.806513 0.590095
1750195178.466690779 3.150526 -5.952935 0.428752 0.034212 0.011560 0.805210 0.591889
1750195178.538307905 3.149577 -5.948782 0.429058 0.034434 0.011772 0.803306 0.594454
1750195178.694509506 3.148986 -5.944466 0.429517 0.034705 0.011882 0.800742 0.597885
1750195178.756069183 3.149014 -5.940367 0.429850 0.034347 0.011491 0.798077 0.601466
1750195178.913855076 3.149453 -5.936214 0.430541 0.033089 0.010300 0.795485 0.604981
1750195178.976030350 3.149755 -5.931843 0.432664 0.032179 0.009266 0.792883 0.608453
1750195179.129611731 3.150259 -5.927704 0.434899 0.031151 0.008186 0.790452 0.611676
1750195179.191033363 3.150792 -5.923798 0.436504 0.030328 0.007588 0.788109 0.614742
1750195179.352179527 3.151138 -5.920414 0.436880 0.030213 0.008102 0.785922 0.617534
1750195179.409238815 3.151052 -5.917827 0.435564 0.031608 0.010919 0.783577 0.620394
1750195179.554164171 3.151058 -5.915622 0.433458 0.033728 0.014957 0.781276 0.623094
1750195179.625746965 3.152648 -5.912281 0.433216 0.032952 0.015678 0.779931 0.624800
1750195179.791038752 3.153788 -5.908692 0.433708 0.031895 0.015744 0.778977 0.626043
1750195179.862660646 3.154021 -5.905234 0.434129 0.031573 0.016720 0.778004 0.627243
1750195180.032666922 3.153837 -5.901899 0.434316 0.030910 0.017260 0.777319 0.628110
1750195180.104640245 3.153590 -5.898782 0.433764 0.029102 0.016503 0.777142 0.628436
1750195180.273429155 3.153258 -5.895173 0.433445 0.026471 0.014723 0.777520 0.628129
1750195180.347439289 3.152210 -5.890740 0.434074 0.024793 0.013625 0.777655 0.628054
1750195180.505533457 3.151026 -5.885820 0.434748 0.023559 0.012995 0.777699 0.628061
1750195180.567507982 3.149783 -5.880195 0.434981 0.022366 0.012350 0.777858 0.627921
1750195180.726727962 3.148420 -5.874268 0.434908 0.021701 0.012195 0.778162 0.627570
1750195180.787108421 3.146927 -5.867829 0.434731 0.021577 0.012669 0.778432 0.627230
1750195180.942332983 3.145381 -5.861069 0.433817 0.022083 0.013881 0.778552 0.627038
1750195181.003509521 3.144163 -5.853996 0.432809 0.022443 0.014697 0.779038 0.626403
1750195181.155764341 3.143059 -5.846841 0.432471 0.022594 0.015081 0.779766 0.625482
1750195181.212316275 3.141615 -5.839018 0.432320 0.023310 0.016381 0.780340 0.624706
1750195181.369604349 3.140473 -5.832130 0.431900 0.024126 0.018047 0.780891 0.623940
1750195181.429862261 3.139535 -5.825204 0.431633 0.024980 0.019789 0.781664 0.622884
1750195181.587386131 3.138791 -5.818224 0.432310 0.025697 0.021513 0.782594 0.621630
1750195181.648361921 3.138525 -5.811526 0.432608 0.025802 0.022655 0.783529 0.620405
1750195181.806854248 3.138487 -5.805121 0.432906 0.025684 0.023782 0.784233 0.619479
1750195181.866996050 3.138815 -5.798813 0.433258 0.024913 0.024235 0.784849 0.618712
1750195182.024036884 3.139504 -5.792547 0.433583 0.023377 0.023696 0.785412 0.618078
1750195182.084558249 3.140044 -5.786588 0.433834 0.021898 0.023565 0.785736 0.617725
1750195182.241675377 3.140532 -5.780684 0.434711 0.020233 0.023502 0.785767 0.617745
1750195182.302248716 3.140976 -5.774849 0.434877 0.018573 0.023434 0.785555 0.618069
1750195182.460205793 3.141517 -5.768831 0.434645 0.016406 0.022619 0.785216 0.618591
1750195182.521570206 3.141929 -5.762658 0.434086 0.013958 0.021465 0.784740 0.619296
1750195182.685322285 3.141720 -5.756423 0.433666 0.012223 0.021480 0.783950 0.620332
1750195182.746155500 3.141412 -5.750051 0.432947 0.010671 0.021935 0.783086 0.621435
1750195182.912953854 3.141196 -5.743343 0.431844 0.008827 0.022028 0.782335 0.622406
1750195182.974799633 3.140732 -5.736356 0.430751 0.007205 0.022319 0.781654 0.623271
1750195183.137983322 3.140107 -5.729048 0.430258 0.005919 0.022787 0.781098 0.623964
1750195183.192734480 3.139326 -5.721856 0.430409 0.004929 0.023321 0.780735 0.624407
1750195183.347599030 3.138274 -5.713960 0.430738 0.004681 0.024442 0.780324 0.624880
1750195183.401059866 3.137579 -5.706287 0.430995 0.004311 0.024699 0.780113 0.625136
1750195183.557690144 3.136923 -5.698735 0.431172 0.004134 0.024926 0.780078 0.625172
1750195183.613866568 3.136236 -5.691254 0.431800 0.004305 0.025261 0.780153 0.625064
1750195183.774216175 3.135716 -5.683931 0.432022 0.004620 0.025254 0.780425 0.624722
1750195183.836105108 3.135332 -5.676679 0.431807 0.004841 0.024719 0.780768 0.624313
1750195183.998030901 3.134966 -5.669531 0.431674 0.005216 0.024073 0.781114 0.623902
1750195184.059741259 3.134698 -5.662501 0.431747 0.005549 0.023086 0.781593 0.623336
1750195184.219613552 3.134311 -5.655778 0.431797 0.006197 0.022516 0.782149 0.622653
1750195184.280565500 3.133768 -5.649297 0.432279 0.007389 0.022866 0.782641 0.622010
1750195184.443145752 3.133596 -5.642968 0.432820 0.008259 0.022799 0.783263 0.621217
1750195184.502380848 3.133856 -5.636958 0.432760 0.008418 0.022024 0.784026 0.620280
1750195184.662248135 3.134440 -5.631228 0.432839 0.007681 0.020564 0.784913 0.619216
1750195184.722747564 3.134405 -5.625772 0.433334 0.007840 0.020729 0.785555 0.618395
1750195184.884068251 3.134569 -5.620332 0.433975 0.007681 0.020789 0.786222 0.617547
1750195184.943703413 3.135061 -5.614901 0.434891 0.006573 0.019928 0.787123 0.616439
1750195185.105240822 3.135373 -5.609680 0.435622 0.005504 0.019547 0.787888 0.615484
1750195185.165906191 3.135289 -5.604566 0.435961 0.005128 0.020363 0.788412 0.614789
1750195185.325468063 3.135362 -5.599436 0.435811 0.004411 0.021048 0.788973 0.614052
1750195185.384119987 3.135503 -5.594089 0.435733 0.003209 0.021485 0.789515 0.613346
1750195185.546990871 3.135611 -5.588578 0.435124 0.001691 0.021834 0.789967 0.612758
1750195185.607885361 3.135758 -5.582944 0.433746 -0.000355 0.021911 0.790367 0.612241
1750195185.769774675 3.135555 -5.576959 0.432535 -0.002397 0.022253 0.790830 0.611627
1750195185.830301523 3.134743 -5.570399 0.431776 -0.003773 0.023466 0.791213 0.611078
1750195185.997551680 3.133837 -5.563367 0.430617 -0.005272 0.024443 0.791638 0.610478
1750195186.052519083 3.132866 -5.555851 0.430099 -0.006842 0.024677 0.792090 0.609867
1750195186.209712982 3.131590 -5.547703 0.429328 -0.007881 0.024710 0.792629 0.609152
1750195186.266364813 3.130127 -5.539684 0.428360 -0.008210 0.025083 0.793145 0.608460
1750195186.427297354 3.128819 -5.531558 0.427745 -0.008670 0.024850 0.793737 0.607692
1750195186.481573343 3.127561 -5.523449 0.427137 -0.009268 0.024030 0.794384 0.606870
1750195186.643107653 3.126003 -5.515514 0.426703 -0.008913 0.023943 0.794822 0.606304
1750195186.697591066 3.124343 -5.507638 0.426786 -0.007666 0.024569 0.795021 0.606035
1750195186.862076044 3.123000 -5.499737 0.427135 -0.006594 0.024583 0.795209 0.605801
1750195186.918337822 3.121519 -5.492093 0.427487 -0.004947 0.025197 0.795346 0.605611
1750195187.081670761 3.120196 -5.484818 0.427610 -0.002934 0.026064 0.795414 0.605499
1750195187.144708633 3.119375 -5.477428 0.427257 -0.001218 0.026052 0.795498 0.605394
1750195187.311418295 3.119011 -5.470276 0.427408 -0.000410 0.024702 0.795655 0.605246
1750195187.375071287 3.118668 -5.463470 0.428046 0.000224 0.023189 0.795709 0.605235
1750195187.538230419 3.118025 -5.456954 0.428596 0.001376 0.022307 0.795635 0.605364
1750195187.600560427 3.117206 -5.450310 0.429331 0.002550 0.021480 0.795535 0.605521
1750195187.763071060 3.116455 -5.443582 0.430429 0.003252 0.020195 0.795569 0.605518
1750195187.825789928 3.115770 -5.437062 0.431135 0.003751 0.018703 0.795612 0.605506
1750195187.987642050 3.115019 -5.430757 0.431249 0.004234 0.017333 0.795527 0.605655
1750195188.048419952 3.114152 -5.424552 0.431314 0.004581 0.016073 0.795382 0.605879
1750195188.209584236 3.113045 -5.418312 0.431746 0.005130 0.015349 0.795136 0.606215
1750195188.271091938 3.112080 -5.411958 0.432358 0.005021 0.014228 0.794898 0.606556
1750195188.430204153 3.110838 -5.405675 0.432390 0.005202 0.013908 0.794538 0.607033
1750195188.491498709 3.109589 -5.399245 0.431860 0.005234 0.013776 0.794087 0.607626
1750195188.647614956 3.108039 -5.392567 0.431288 0.005686 0.014588 0.793510 0.608356
1750195188.708990097 3.106865 -5.385748 0.430607 0.005420 0.014746 0.793017 0.608997
1750195188.871634007 3.105877 -5.378640 0.430145 0.004188 0.013755 0.792752 0.609374
1750195188.932694674 3.104531 -5.371502 0.429199 0.003212 0.012993 0.792518 0.609702
1750195189.092547178 3.102665 -5.364364 0.428414 0.003196 0.013360 0.792227 0.610072
1750195189.148088932 3.100984 -5.356935 0.427827 0.002961 0.013417 0.792063 0.610285
1750195189.304231644 3.099651 -5.349261 0.427574 0.001839 0.012055 0.792093 0.610279
1750195189.357748032 3.098226 -5.341860 0.426564 0.000998 0.010680 0.792105 0.610291
1750195189.512511492 3.096164 -5.334450 0.425954 0.001570 0.010688 0.791910 0.610542
1750195189.566571951 3.094218 -5.327057 0.425574 0.002463 0.010904 0.791784 0.610699
1750195189.720137358 3.092360 -5.319586 0.426004 0.003677 0.011317 0.791742 0.610740
1750195189.774745941 3.090734 -5.312513 0.426429 0.004928 0.011953 0.791603 0.610900
1750195189.932683706 3.089347 -5.305490 0.426429 0.006156 0.012533 0.791409 0.611127
1750195189.991989613 3.088418 -5.298673 0.426608 0.006973 0.012264 0.791255 0.611324
1750195190.148808241 3.087442 -5.292041 0.427717 0.008027 0.012119 0.791044 0.611587
1750195190.208680153 3.086626 -5.285643 0.428742 0.009155 0.011933 0.790903 0.611756
1750195190.365050316 3.085986 -5.279238 0.429948 0.010183 0.011355 0.790869 0.611796
1750195190.424223185 3.085510 -5.272934 0.431101 0.010967 0.010427 0.790707 0.612008
1750195190.578598976 3.085095 -5.266783 0.431647 0.011726 0.009500 0.790403 0.612401
1750195190.637487650 3.084718 -5.260824 0.432222 0.012410 0.008627 0.790095 0.612798
1750195190.789561510 3.084096 -5.254975 0.432488 0.013610 0.008621 0.789619 0.613387
1750195190.847367525 3.083607 -5.249076 0.432498 0.014569 0.008653 0.788958 0.614213
1750195190.997802258 3.083302 -5.243024 0.432163 0.015105 0.008286 0.788237 0.615131
1750195191.056570530 3.083095 -5.236866 0.431604 0.015296 0.007651 0.787419 0.616181
1750195191.208920002 3.083054 -5.230577 0.431085 0.014827 0.006427 0.786470 0.617417
1750195191.266659498 3.082961 -5.224279 0.430227 0.014254 0.005188 0.785292 0.618940
1750195191.418413639 3.082926 -5.217561 0.429773 0.012953 0.003027 0.784115 0.620472
1750195191.475577116 3.082629 -5.210620 0.429485 0.011340 0.000781 0.782598 0.622424
1750195191.626496077 3.082133 -5.203383 0.429094 0.009969 -0.001154 0.780938 0.624528
1750195191.682018042 3.081529 -5.195711 0.428568 0.008531 -0.003106 0.779357 0.626514
1750195191.825984478 3.080846 -5.188017 0.428301 0.007042 -0.004991 0.778128 0.628046
1750195191.878038168 3.079863 -5.180057 0.428047 0.005871 -0.006348 0.777036 0.629397
1750195192.025194407 3.079112 -5.172164 0.426713 0.004307 -0.008184 0.776198 0.630421
1750195192.077482462 3.078725 -5.164385 0.424403 0.001425 -0.011620 0.775785 0.630888
1750195192.224116087 3.077307 -5.156590 0.423459 -0.000331 -0.013400 0.775433 0.631288
1750195192.277209044 3.075412 -5.148737 0.423411 -0.000802 -0.013316 0.775173 0.631608
1750195192.423382044 3.073577 -5.140951 0.423520 -0.000337 -0.012002 0.774997 0.631851
1750195192.474795818 3.072207 -5.133163 0.423109 0.000291 -0.010716 0.774984 0.631889
1750195192.621359825 3.071255 -5.125501 0.422231 0.000804 -0.009613 0.775190 0.631654
1750195192.675744772 3.070331 -5.118034 0.421906 0.001890 -0.007599 0.775655 0.631108
1750195192.825745583 3.069762 -5.110426 0.422317 0.002804 -0.005610 0.776440 0.630159
1750195192.885769367 3.069662 -5.103192 0.422154 0.003271 -0.004415 0.777500 0.628859
1750195193.040568113 3.069374 -5.096080 0.421822 0.004576 -0.002213 0.778747 0.627318
1750195193.100573540 3.069324 -5.088935 0.422118 0.005946 0.000183 0.780149 0.625566
1750195193.255355358 3.069837 -5.081887 0.422631 0.006029 0.001188 0.781796 0.623503
1750195193.313989162 3.070221 -5.075148 0.422619 0.006038 0.002294 0.783455 0.621415
1750195193.467745781 3.070309 -5.068572 0.422272 0.006339 0.003849 0.785111 0.619311
1750195193.526885271 3.070315 -5.061910 0.421814 0.006372 0.005023 0.786731 0.617243
1750195193.682328939 3.070416 -5.055159 0.421695 0.005500 0.005168 0.788133 0.615459
1750195193.741554260 3.069952 -5.048464 0.421507 0.005016 0.006070 0.789086 0.614232
1750195193.896005154 3.069266 -5.041603 0.420987 0.004623 0.007096 0.789825 0.613273
1750195193.954056501 3.068645 -5.034564 0.420279 0.003745 0.007556 0.790440 0.612482
1750195194.109594107 3.068357 -5.027227 0.419624 0.001427 0.006073 0.791198 0.611528
1750195194.169680595 3.067545 -5.019951 0.418876 -0.000564 0.004968 0.791869 0.610670
1750195194.326370955 3.066099 -5.012744 0.417788 -0.001554 0.005016 0.792485 0.609869
1750195194.384373903 3.064794 -5.005545 0.416975 -0.002674 0.004566 0.793163 0.608986
1750195194.536052465 3.063292 -4.997981 0.416611 -0.003536 0.004068 0.793820 0.608129
1750195194.589856625 3.061527 -4.990662 0.416210 -0.003374 0.004575 0.794343 0.607443
1750195194.742625475 3.059817 -4.983564 0.415579 -0.002542 0.005780 0.794664 0.607017
1750195194.803560495 3.058494 -4.976270 0.414662 -0.001865 0.006701 0.794843 0.606776
1750195194.965776443 3.057745 -4.969066 0.414823 -0.002017 0.006414 0.794944 0.606646
1750195195.027026176 3.056787 -4.962284 0.414976 -0.001426 0.007348 0.794966 0.606608
1750195195.184378862 3.056229 -4.955756 0.415069 -0.001195 0.008125 0.794930 0.606646
1750195195.244218588 3.056342 -4.949309 0.415573 -0.002283 0.007479 0.795019 0.606535
1750195195.399026394 3.056480 -4.943072 0.416187 -0.003741 0.006647 0.795023 0.606532
1750195195.459025145 3.056392 -4.937023 0.417554 -0.005270 0.006126 0.794727 0.606913
1750195195.618690252 3.056246 -4.931122 0.418729 -0.007011 0.005632 0.794291 0.607471
1750195195.677877188 3.056081 -4.925543 0.419016 -0.008811 0.005383 0.793758 0.608147
1750195195.834529161 3.055858 -4.920125 0.419043 -0.010662 0.005411 0.793087 0.608991
1750195195.891971588 3.055317 -4.914433 0.419641 -0.012178 0.006043 0.792272 0.610017
1750195196.049483776 3.054672 -4.908537 0.419885 -0.013601 0.006818 0.791405 0.611103
1750195196.107909679 3.054098 -4.902416 0.419628 -0.015330 0.007273 0.790671 0.612007
1750195196.266260147 3.053166 -4.896305 0.418460 -0.016338 0.008617 0.789931 0.612918
1750195196.324853659 3.052046 -4.889659 0.417068 -0.016973 0.010313 0.789250 0.613751
1750195196.480884552 3.050690 -4.882203 0.415745 -0.016967 0.012656 0.788564 0.614588
1750195196.534192324 3.049774 -4.874234 0.414954 -0.018152 0.013265 0.788244 0.614953
1750195196.688059330 3.048754 -4.865908 0.414097 -0.020151 0.012827 0.787950 0.615276
1750195196.738482475 3.047220 -4.857698 0.412527 -0.021490 0.012921 0.787550 0.615740
1750195196.893974781 3.045328 -4.849262 0.411106 -0.022427 0.013136 0.787183 0.616171
1750195196.947723627 3.043583 -4.840607 0.410693 -0.023802 0.012819 0.786873 0.616523
1750195197.101231337 3.041841 -4.832284 0.409702 -0.025136 0.012573 0.786433 0.617036
1750195197.153753757 3.040036 -4.824068 0.408281 -0.026284 0.012399 0.785863 0.617717
1750195197.313359261 3.038004 -4.815676 0.407457 -0.026908 0.012598 0.785085 0.618676
1750195197.366980791 3.036401 -4.807100 0.407357 -0.028371 0.011814 0.784370 0.619531
1750195197.524999380 3.034964 -4.798664 0.407212 -0.030506 0.010429 0.783724 0.620272
1750195197.577497959 3.033107 -4.790371 0.406484 -0.032002 0.009855 0.783102 0.620992
1750195197.736362696 3.031066 -4.781627 0.406191 -0.033056 0.009700 0.782673 0.621480
1750195197.787180662 3.029126 -4.772713 0.405648 -0.034469 0.009189 0.782506 0.621621
1750195197.945302010 3.027081 -4.763844 0.404545 -0.035964 0.008732 0.782394 0.621683
1750195197.998733521 3.024535 -4.755043 0.403699 -0.036419 0.009661 0.782235 0.621843
1750195198.159020185 3.022307 -4.746387 0.403102 -0.036835 0.011021 0.782252 0.621774
1750195198.211883545 3.020522 -4.737774 0.402798 -0.038148 0.011669 0.782364 0.621543
1750195198.370325327 3.018549 -4.729336 0.402531 -0.039101 0.012994 0.782274 0.621570
1750195198.423442364 3.016789 -4.720724 0.402751 -0.040431 0.014063 0.782089 0.621695
1750195198.585124016 3.015158 -4.711965 0.402856 -0.042156 0.014601 0.781866 0.621849
1750195198.637041092 3.013423 -4.703212 0.402281 -0.043793 0.015188 0.781579 0.622082
1750195198.799994707 3.011420 -4.694708 0.401107 -0.044908 0.016614 0.781345 0.622260
1750195198.852279663 3.009315 -4.686230 0.400158 -0.045591 0.018844 0.781132 0.622414
1750195199.012936354 3.007475 -4.677655 0.398946 -0.046454 0.020891 0.780866 0.622618
1750195199.065217733 3.005900 -4.668721 0.397937 -0.047826 0.022242 0.780664 0.622721
1750195199.228650570 3.004324 -4.659541 0.396576 -0.049577 0.023107 0.780593 0.622641
1750195199.283205986 3.002506 -4.650196 0.394569 -0.051296 0.023985 0.780601 0.622460
1750195199.450817585 3.000406 -4.640878 0.392490 -0.052499 0.025517 0.780434 0.622507
1750195199.505045176 2.998353 -4.631376 0.391583 -0.053229 0.027572 0.780053 0.622835
1750195199.671610355 2.996492 -4.621667 0.391082 -0.053732 0.029706 0.779517 0.623365
1750195199.720662117 2.994829 -4.612244 0.390048 -0.053839 0.031651 0.778942 0.623979
1750195199.887247801 2.993307 -4.602616 0.388350 -0.053665 0.033432 0.778429 0.624540
1750195199.936378717 2.991781 -4.592754 0.386450 -0.053236 0.034983 0.778036 0.624981
1750195200.101480722 2.990318 -4.582891 0.384429 -0.052624 0.036286 0.777747 0.625318
1750195200.150656223 2.988947 -4.572898 0.382939 -0.052214 0.036904 0.777516 0.625604
1750195200.319266081 2.987337 -4.562794 0.381706 -0.051557 0.038044 0.777290 0.625871
1750195200.374772549 2.986029 -4.553106 0.380242 -0.051328 0.038979 0.777082 0.626091
1750195200.544719219 2.984715 -4.543594 0.379722 -0.051588 0.039609 0.776784 0.626399
1750195200.599235535 2.983165 -4.533941 0.378999 -0.051414 0.040651 0.776298 0.626950
1750195200.764366865 2.981659 -4.523836 0.377790 -0.050927 0.041864 0.775676 0.627679
1750195200.815906048 2.980230 -4.513994 0.376127 -0.050107 0.043359 0.775179 0.628257
1750195200.980360031 2.978923 -4.504829 0.375077 -0.049143 0.044863 0.774876 0.628601
1750195201.029767990 2.977512 -4.494619 0.374291 -0.048388 0.046234 0.774400 0.629146
1750195201.199681282 2.976549 -4.484435 0.372764 -0.048120 0.046927 0.773494 0.630229
1750195201.248263359 2.975798 -4.474186 0.371096 -0.047981 0.047738 0.771889 0.632145
1750195201.414131641 2.975138 -4.463867 0.370250 -0.047530 0.048935 0.769702 0.634748
1750195201.463677168 2.974895 -4.453641 0.369462 -0.047385 0.049921 0.767105 0.637818
1750195201.630639791 2.974923 -4.443598 0.368108 -0.047349 0.050888 0.764166 0.641263
1750195201.680302620 2.975381 -4.433533 0.366968 -0.047869 0.050997 0.760868 0.645126
1750195201.849528313 2.976077 -4.423539 0.365051 -0.048455 0.050997 0.757180 0.649407
1750195201.906613350 2.977216 -4.413561 0.361993 -0.049581 0.050170 0.753226 0.653969
1750195202.078767538 2.978259 -4.404378 0.360612 -0.050798 0.049125 0.749257 0.658499
1750195202.136404514 2.979007 -4.395312 0.358739 -0.051315 0.048827 0.744990 0.663304
1750195202.313149214 2.979963 -4.386292 0.357082 -0.052078 0.048389 0.741362 0.667330
1750195202.370193005 2.981074 -4.377223 0.355174 -0.053008 0.047616 0.738582 0.670387
1750195202.545936823 2.981769 -4.368131 0.353039 -0.053296 0.047626 0.736479 0.672674
1750195202.604731560 2.981979 -4.358818 0.351085 -0.052836 0.047921 0.735367 0.673904
1750195202.783772230 2.981957 -4.349117 0.350108 -0.052272 0.048133 0.735089 0.674236
1750195202.842739105 2.981980 -4.339591 0.349062 -0.051914 0.048208 0.734922 0.674441
1750195203.022610188 2.981911 -4.330166 0.348165 -0.051386 0.048425 0.734727 0.674678
1750195203.076749086 2.982376 -4.319480 0.348566 -0.052038 0.046037 0.735869 0.673550
1750195203.244689465 2.981923 -4.309792 0.347396 -0.050950 0.045763 0.736804 0.672629
1750195203.298087120 2.981501 -4.298829 0.346438 -0.049810 0.045019 0.738073 0.671372
1750195203.472211599 2.980828 -4.288263 0.344768 -0.048045 0.044939 0.738980 0.670508
1750195203.527585030 2.980557 -4.278015 0.343329 -0.047273 0.043977 0.739230 0.670351
1750195203.700936556 2.980045 -4.269136 0.343306 -0.047690 0.041430 0.739544 0.670137
1750195203.756342411 2.979020 -4.260374 0.343953 -0.047967 0.038370 0.739863 0.669948
1750195203.931629658 2.977698 -4.251439 0.344401 -0.047560 0.035623 0.739910 0.670076
1750195203.988323689 2.976342 -4.241952 0.344209 -0.046804 0.033086 0.740110 0.670039
1750195204.166507721 2.975188 -4.232492 0.343318 -0.046124 0.030788 0.740204 0.670092
1750195204.222537279 2.974367 -4.223304 0.342271 -0.046247 0.028160 0.740095 0.670320
1750195204.393794537 2.973527 -4.214247 0.340808 -0.046368 0.025918 0.740036 0.670466
1750195204.449916363 2.972519 -4.204857 0.338931 -0.046067 0.024221 0.740327 0.670229
1750195204.617174625 2.971481 -4.195561 0.337025 -0.045314 0.023177 0.740447 0.670185
1750195204.671338558 2.970578 -4.186388 0.335786 -0.044274 0.022982 0.740444 0.670264
1750195204.840994120 2.970005 -4.177646 0.335052 -0.043266 0.023296 0.740047 0.670757
1750195204.896297216 2.969722 -4.169175 0.334659 -0.042299 0.024172 0.738984 0.671959
1750195205.063801050 2.969485 -4.160897 0.334835 -0.040845 0.026297 0.737249 0.673872
1750195205.117939472 2.969894 -4.152846 0.334837 -0.039959 0.028348 0.735096 0.676191
1750195205.286681890 2.971199 -4.145237 0.334102 -0.040278 0.029668 0.732477 0.678951
1750195205.345515966 2.973098 -4.138087 0.332976 -0.041319 0.030597 0.729185 0.682382
1750195205.511619329 2.975438 -4.131444 0.331818 -0.043078 0.031071 0.725242 0.686442
1750195205.566074610 2.977473 -4.124815 0.330409 -0.043802 0.032674 0.720591 0.691204
1750195205.735374689 2.979939 -4.118233 0.328925 -0.044779 0.033914 0.715826 0.696016
1750195205.791435242 2.982587 -4.111436 0.327952 -0.045366 0.035433 0.710953 0.700879
1750195205.961706161 2.985072 -4.104507 0.327443 -0.045169 0.037410 0.706103 0.705676
1750195206.015642881 2.987853 -4.097682 0.326996 -0.045037 0.039277 0.701544 0.710117
1750195206.183346033 2.990026 -4.090951 0.325538 -0.043657 0.042181 0.697780 0.713735
1750195206.238394737 2.991797 -4.083574 0.325101 -0.041915 0.044572 0.696029 0.715402
1750195206.405596495 2.993771 -4.074564 0.325467 -0.040919 0.045983 0.695687 0.715703
1750195206.459893703 2.995509 -4.065446 0.325571 -0.040624 0.046531 0.696037 0.715344
1750195206.630667925 2.997191 -4.056301 0.324693 -0.041026 0.046360 0.696637 0.714748
1750195206.684028149 2.998868 -4.047195 0.322886 -0.042278 0.045405 0.697340 0.714050
1750195206.849624634 3.000682 -4.038350 0.319708 -0.044581 0.043581 0.698076 0.713305
1750195206.903732061 3.001404 -4.029225 0.316648 -0.046008 0.042389 0.698753 0.712622
1750195207.075522900 3.001612 -4.019808 0.314637 -0.046639 0.041349 0.699373 0.712034
1750195207.129600763 3.001251 -4.010242 0.314169 -0.045593 0.041054 0.700091 0.711413
1750195207.301240206 3.000947 -4.000892 0.314157 -0.043490 0.040955 0.700895 0.710758
1750195207.355499268 3.001146 -3.991882 0.313667 -0.041469 0.040261 0.701545 0.710277
1750195207.525926352 3.001718 -3.983071 0.312357 -0.039782 0.038882 0.702141 0.709862
1750195207.582481623 3.002375 -3.974248 0.311271 -0.038384 0.037031 0.702737 0.709448
1750195207.746806622 3.003082 -3.965546 0.310696 -0.036945 0.034935 0.703110 0.709261
1750195207.802702665 3.002716 -3.956832 0.310640 -0.032754 0.035042 0.702902 0.709667
1750195207.968683243 3.003206 -3.948816 0.309855 -0.029690 0.034228 0.702520 0.710220
1750195208.024316311 3.004219 -3.940919 0.309576 -0.027392 0.032676 0.701854 0.711043
1750195208.185623407 3.005727 -3.932974 0.309636 -0.025946 0.030175 0.700699 0.712346
1750195208.239282846 3.008054 -3.925671 0.308451 -0.026166 0.026328 0.699113 0.714047
1750195208.405835152 3.010474 -3.918808 0.306369 -0.026831 0.022255 0.696849 0.716371
1750195208.468644381 3.012377 -3.912208 0.304439 -0.026959 0.018920 0.694069 0.719154
1750195208.634572983 3.013842 -3.904611 0.303787 -0.026111 0.016337 0.690463 0.722712
1750195208.688091040 3.015937 -3.897387 0.302787 -0.026456 0.013068 0.686763 0.726282
1750195208.849997520 3.017668 -3.889666 0.302729 -0.025284 0.011550 0.682617 0.730247
1750195208.903414011 3.020225 -3.882110 0.302700 -0.024770 0.010028 0.678160 0.734429
1750195209.062959194 3.023336 -3.875113 0.301910 -0.024766 0.008545 0.673328 0.738880
1750195209.118708849 3.026632 -3.868001 0.301767 -0.023860 0.008346 0.668018 0.743716
1750195209.276124716 3.031085 -3.861397 0.300733 -0.024712 0.007010 0.662556 0.748571
1750195209.328508854 3.034976 -3.855166 0.300440 -0.024464 0.006884 0.657087 0.753386
1750195209.484112501 3.039425 -3.849480 0.300419 -0.025319 0.006184 0.650474 0.759081
1750195209.531629562 3.043067 -3.845183 0.301347 -0.025328 0.006673 0.642608 0.765748
1750195209.684582472 3.046804 -3.841400 0.300811 -0.024854 0.007543 0.634602 0.772402
1750195209.735545397 3.051001 -3.837342 0.300475 -0.024567 0.008457 0.627263 0.778374
1750195209.891065598 3.055847 -3.832679 0.300639 -0.025010 0.009028 0.620879 0.783455
1750195209.944498777 3.061123 -3.827423 0.300999 -0.027011 0.008038 0.616354 0.786965
1750195210.100504160 3.065783 -3.820207 0.303080 -0.030722 0.005714 0.613435 0.789127
1750195210.153590202 3.069018 -3.811778 0.305294 -0.034391 0.003420 0.610942 0.790921
1750195210.307496786 3.071680 -3.802717 0.307441 -0.038567 0.000763 0.609166 0.792104
1750195210.360086441 3.073957 -3.792976 0.308801 -0.042671 -0.001706 0.607880 0.792879
1750195210.514964819 3.075833 -3.783486 0.309529 -0.045927 -0.003516 0.607588 0.792916
1750195210.561967373 3.077632 -3.773414 0.310448 -0.048958 -0.004871 0.607448 0.792835
1750195210.716004133 3.079492 -3.763294 0.310543 -0.050446 -0.004997 0.606974 0.793103
1750195210.768432379 3.081965 -3.753809 0.310662 -0.051353 -0.004381 0.606327 0.793544
1750195210.927949905 3.085296 -3.744190 0.310547 -0.051076 -0.002767 0.606104 0.793739
1750195210.976201773 3.088554 -3.735284 0.309285 -0.049817 -0.000691 0.606199 0.793751
1750195211.130666494 3.092734 -3.725487 0.308273 -0.049726 0.000952 0.606541 0.793495
1750195211.179610252 3.096853 -3.714659 0.306821 -0.050116 0.002342 0.607282 0.792901
1750195211.334849596 3.100420 -3.704241 0.304660 -0.050412 0.004184 0.607479 0.792723
1750195211.383605242 3.103621 -3.694346 0.300733 -0.049172 0.007357 0.607478 0.792779
1750195211.545077324 3.106804 -3.684841 0.297094 -0.047210 0.011829 0.607775 0.792616
1750195211.594311237 3.109798 -3.675386 0.293499 -0.043537 0.018263 0.608645 0.792037
1750195211.752168894 3.112894 -3.666358 0.289255 -0.038361 0.026231 0.609479 0.791439
1750195211.803835392 3.117087 -3.657623 0.285577 -0.033889 0.033450 0.609983 0.790983
1750195211.969328880 3.122969 -3.649443 0.284508 -0.032725 0.036431 0.609968 0.790911
1750195212.025592089 3.129373 -3.641134 0.285618 -0.032528 0.037901 0.609780 0.790996
1750195212.194823027 3.135165 -3.634099 0.287307 -0.032606 0.038332 0.609348 0.791304
1750195212.247653484 3.141076 -3.627308 0.288304 -0.032636 0.038202 0.608758 0.791764
1750195212.413636446 3.147466 -3.621074 0.288889 -0.033862 0.036274 0.608384 0.792090
1750195212.468456030 3.153541 -3.615285 0.288893 -0.034870 0.034234 0.607875 0.792528
1750195212.635306835 3.158896 -3.609605 0.287787 -0.034974 0.032918 0.607241 0.793065
1750195212.690470457 3.163224 -3.603220 0.287635 -0.034179 0.030948 0.607966 0.792623
1750195212.854150772 3.166360 -3.595814 0.288236 -0.031302 0.029736 0.609019 0.791979
1750195212.907998323 3.169364 -3.588055 0.288128 -0.027727 0.028607 0.609661 0.791660
1750195213.070199728 3.172414 -3.579772 0.287476 -0.023821 0.027207 0.609898 0.791654
1750195213.124340296 3.175480 -3.571399 0.286274 -0.020079 0.025324 0.609931 0.791795
1750195213.291774750 3.178416 -3.563043 0.285128 -0.016536 0.023152 0.609934 0.791942
1750195213.347852707 3.181520 -3.554957 0.284600 -0.014216 0.020127 0.610163 0.791893
1750195213.506742954 3.184589 -3.547181 0.284681 -0.012526 0.017070 0.610181 0.791979
1750195213.560637236 3.187589 -3.539741 0.284401 -0.010879 0.014328 0.610030 0.792174
1750195213.716340780 3.190450 -3.532366 0.284368 -0.008976 0.012148 0.609645 0.792531
1750195213.771840811 3.192973 -3.524850 0.284732 -0.006053 0.011186 0.608775 0.793241
1750195213.929918766 3.196154 -3.517618 0.284893 -0.004214 0.009908 0.607630 0.794147
1750195213.985052347 3.199903 -3.510527 0.285596 -0.004180 0.007700 0.606285 0.795199
1750195214.141533613 3.203542 -3.503408 0.286111 -0.004568 0.005330 0.604823 0.796329
1750195214.196878910 3.206874 -3.496154 0.286327 -0.004866 0.003215 0.603132 0.797620
1750195214.399287701 3.210056 -3.488891 0.285939 -0.004446 0.002029 0.600836 0.799358
1750195214.452694893 3.213778 -3.481762 0.285731 -0.004883 0.000626 0.598409 0.801176
1750195214.606852293 3.217771 -3.474868 0.285473 -0.006204 -0.001056 0.596041 0.802929
1750195214.661663055 3.221470 -3.467952 0.285011 -0.007081 -0.002003 0.593519 0.804787
1750195214.813782692 3.224979 -3.460952 0.284495 -0.007090 -0.001855 0.590710 0.806851
1750195214.866752148 3.228973 -3.453995 0.283726 -0.007974 -0.002120 0.588156 0.808706
1750195215.020679951 3.233080 -3.446790 0.282771 -0.009923 -0.003155 0.586331 0.810005
1750195215.073884010 3.236436 -3.438751 0.282390 -0.010424 -0.003022 0.584960 0.810990
1750195215.224517107 3.239916 -3.430201 0.281586 -0.010274 -0.002392 0.584171 0.811562
1750195215.275755882 3.243275 -3.421417 0.280270 -0.009812 -0.001728 0.584158 0.811579
1750195215.430172443 3.247111 -3.412442 0.278611 -0.010323 -0.001444 0.584103 0.811613
1750195215.484567881 3.251477 -3.403545 0.277231 -0.012357 -0.001717 0.583789 0.811810
1750195215.646284342 3.255423 -3.395085 0.276168 -0.013946 -0.001310 0.583196 0.812211
1750195215.701263666 3.259523 -3.386675 0.275498 -0.015995 -0.000898 0.582480 0.812687
1750195215.857098818 3.263596 -3.378249 0.275113 -0.018194 -0.000455 0.581749 0.813165
1750195215.912791252 3.267302 -3.369426 0.274891 -0.019357 0.000677 0.581028 0.813653
1750195216.069570780 3.271197 -3.360485 0.274171 -0.020636 0.001539 0.580558 0.813956
1750195216.126469374 3.275021 -3.351556 0.272769 -0.021802 0.002441 0.580118 0.814237
1750195216.287204266 3.278922 -3.342695 0.271087 -0.023208 0.003192 0.579549 0.814600
1750195216.343099356 3.283149 -3.334072 0.269509 -0.025639 0.003194 0.578978 0.814934
1750195216.505894184 3.287112 -3.325447 0.268269 -0.027393 0.003441 0.578323 0.815341
1750195216.562665462 3.290852 -3.316632 0.268169 -0.028622 0.003669 0.577624 0.815793
1750195216.725555420 3.294343 -3.307730 0.268580 -0.029037 0.003973 0.577000 0.816218
1750195216.781069756 3.297844 -3.299025 0.268552 -0.029130 0.004258 0.576348 0.816674
1750195216.946775913 3.301612 -3.290553 0.268210 -0.029804 0.003950 0.575774 0.817056
1750195217.001598835 3.305525 -3.282299 0.267709 -0.030990 0.003171 0.575158 0.817449
1750195217.167412996 3.309364 -3.274156 0.267272 -0.032214 0.002281 0.574388 0.817946
1750195217.223481417 3.313211 -3.266164 0.266779 -0.033552 0.001032 0.573676 0.818395
1750195217.385013819 3.316845 -3.258066 0.266185 -0.034132 -0.000318 0.573345 0.818603
1750195217.441052437 3.320138 -3.249623 0.266089 -0.033343 -0.001167 0.573363 0.818622
1750195217.602726460 3.323560 -3.241230 0.266026 -0.032404 -0.002098 0.573557 0.818522
1750195217.657417297 3.326918 -3.233117 0.265802 -0.031516 -0.002811 0.573737 0.818428
1750195217.815098763 3.329989 -3.225311 0.266088 -0.030276 -0.002758 0.573970 0.818312
1750195217.870533228 3.333083 -3.217858 0.266244 -0.028962 -0.002328 0.574354 0.818092
1750195218.031166792 3.336502 -3.210679 0.266423 -0.028556 -0.002253 0.574758 0.817822
1750195218.085548639 3.339910 -3.203626 0.266824 -0.028656 -0.002198 0.575003 0.817646
1750195218.245936394 3.343080 -3.196590 0.267583 -0.028310 -0.001443 0.575174 0.817540
1750195218.300199747 3.346610 -3.189899 0.268394 -0.029148 -0.001118 0.575353 0.817385
1750195218.463426352 3.350096 -3.183469 0.268791 -0.030428 -0.000628 0.575356 0.817336
1750195218.523725510 3.353389 -3.177251 0.268613 -0.031586 0.000465 0.575214 0.817393
1750195218.695098400 3.356398 -3.171099 0.267925 -0.031851 0.002606 0.574968 0.817551
1750195218.756654024 3.359775 -3.165088 0.267064 -0.032467 0.004761 0.574802 0.817634
1750195218.928056717 3.363513 -3.159041 0.266740 -0.034097 0.006504 0.574684 0.817639
1750195218.988770723 3.367380 -3.153230 0.265923 -0.036245 0.008211 0.574391 0.817737
1750195219.161648750 3.371070 -3.147461 0.264496 -0.037733 0.010543 0.573909 0.817982
1750195219.224192619 3.374586 -3.141354 0.263179 -0.038070 0.013734 0.573210 0.818408
1750195219.397574902 3.378780 -3.134686 0.262924 -0.039441 0.016159 0.572634 0.818702
1750195219.452404976 3.383324 -3.128155 0.262617 -0.041759 0.017342 0.572464 0.818682
1750195219.624297142 3.387878 -3.121099 0.262528 -0.043548 0.018256 0.572724 0.818387
1750195219.679678917 3.392402 -3.113627 0.262891 -0.044941 0.018659 0.573355 0.817861
1750195219.848339796 3.396817 -3.105759 0.263132 -0.045491 0.018738 0.574472 0.817045
1750195219.903291941 3.401124 -3.097786 0.262711 -0.045434 0.018673 0.575615 0.816244
1750195220.073313951 3.405439 -3.089827 0.261802 -0.045249 0.018221 0.576609 0.815563
1750195220.128935099 3.409655 -3.081849 0.260743 -0.045066 0.017329 0.577295 0.815107
1750195220.297072649 3.413765 -3.073813 0.260034 -0.045308 0.015652 0.577740 0.814812
1750195220.352370501 3.417406 -3.065520 0.259281 -0.044468 0.014206 0.578117 0.814617
1750195220.521578074 3.420953 -3.057129 0.258888 -0.043615 0.012607 0.578369 0.814511
1750195220.576169729 3.424392 -3.048763 0.258858 -0.042733 0.011120 0.578580 0.814430
1750195220.746277332 3.427865 -3.040450 0.258801 -0.041647 0.009832 0.578860 0.814303
1750195220.800515652 3.431503 -3.032259 0.258684 -0.041153 0.008371 0.579074 0.814193
1750195220.966925144 3.435288 -3.024323 0.258256 -0.041298 0.006760 0.579215 0.814100
1750195221.019025087 3.438883 -3.016327 0.257987 -0.041356 0.005448 0.579217 0.814105
1750195221.185338736 3.442361 -3.008067 0.258139 -0.041922 0.004132 0.579164 0.814122
1750195221.240219831 3.445756 -2.999720 0.257894 -0.042483 0.003183 0.579154 0.814104
1750195221.405116320 3.449040 -2.991173 0.257418 -0.042757 0.002719 0.579232 0.814036
1750195221.461172819 3.452243 -2.982402 0.256820 -0.041970 0.003235 0.579347 0.813993
1750195221.626540184 3.455756 -2.973677 0.255740 -0.041198 0.003808 0.579505 0.813918
1750195221.680815220 3.459443 -2.965091 0.254096 -0.040465 0.004447 0.579681 0.813826
1750195221.850219011 3.463300 -2.956642 0.252525 -0.039799 0.005216 0.579858 0.813728
1750195221.905399323 3.467551 -2.948393 0.251593 -0.040127 0.005439 0.580090 0.813545
1750195222.076978922 3.471776 -2.940314 0.250956 -0.040377 0.005885 0.580246 0.813418
1750195222.132490396 3.476013 -2.932202 0.251334 -0.040663 0.006306 0.580433 0.813268
1750195222.300146341 3.480107 -2.924044 0.252046 -0.040472 0.006980 0.580470 0.813245
1750195222.353728533 3.484323 -2.916063 0.251959 -0.040361 0.007537 0.580476 0.813242
1750195222.520785570 3.488526 -2.908100 0.251237 -0.040131 0.008171 0.580450 0.813265
1750195222.574244022 3.492832 -2.900128 0.249892 -0.040017 0.008664 0.580384 0.813313
1750195222.742605686 3.497766 -2.892423 0.248498 -0.041878 0.007653 0.580636 0.813049
1750195222.797527552 3.502464 -2.884768 0.247463 -0.043876 0.006574 0.580884 0.812776
1750195222.966458082 3.506342 -2.876594 0.247370 -0.044310 0.006461 0.581214 0.812518
1750195223.019385338 3.509951 -2.867926 0.247652 -0.044155 0.006560 0.581740 0.812149
1750195223.185273886 3.513552 -2.859068 0.247235 -0.043767 0.006606 0.582359 0.811726
1750195223.239307404 3.517049 -2.849992 0.246533 -0.042970 0.006771 0.582849 0.811416
1750195223.405235052 3.520648 -2.840884 0.245623 -0.041883 0.007158 0.583061 0.811316
1750195223.458569765 3.524373 -2.831913 0.244188 -0.040829 0.007508 0.583158 0.811297
1750195223.626045465 3.528546 -2.823286 0.242878 -0.040964 0.007098 0.583198 0.811266
1750195223.678027868 3.533040 -2.815065 0.241903 -0.042250 0.006158 0.583213 0.811196
1750195223.847114563 3.537056 -2.806722 0.241835 -0.043128 0.005866 0.583145 0.811201
1750195223.900827408 3.540651 -2.797971 0.242556 -0.043421 0.006130 0.583191 0.811151
1750195224.067740440 3.544157 -2.788929 0.242929 -0.043130 0.006757 0.583374 0.811030
1750195224.121463776 3.547728 -2.779658 0.242738 -0.042571 0.007487 0.583630 0.810868
1750195224.283046722 3.551430 -2.770192 0.241768 -0.042062 0.008124 0.583956 0.810654
1750195224.331619978 3.554877 -2.761766 0.240273 -0.041946 0.008487 0.584213 0.810471
1750195224.497859955 3.558932 -2.752478 0.238022 -0.042251 0.008776 0.584351 0.810353
1750195224.551466942 3.563150 -2.743726 0.235820 -0.043536 0.008819 0.584213 0.810384
1750195224.720418930 3.567092 -2.735273 0.234400 -0.044918 0.009301 0.583776 0.810618
1750195224.775898695 3.570645 -2.726599 0.234079 -0.044835 0.011193 0.583210 0.811006
1750195224.946429253 3.574543 -2.717896 0.234390 -0.044745 0.013157 0.582805 0.811272
1750195225.000981092 3.578728 -2.709339 0.233896 -0.044741 0.014913 0.582545 0.811429
1750195225.172135592 3.583066 -2.700789 0.232921 -0.044726 0.016504 0.582460 0.811460
1750195225.227034807 3.587647 -2.692313 0.231905 -0.045305 0.017451 0.582546 0.811346
1750195225.400556564 3.592252 -2.684127 0.230884 -0.046182 0.018028 0.582581 0.811259
1750195225.456224203 3.596339 -2.675824 0.230692 -0.045952 0.019042 0.582627 0.811216
1750195225.628452301 3.600155 -2.667364 0.230877 -0.044659 0.020478 0.582572 0.811293
1750195225.680993557 3.604179 -2.658933 0.230892 -0.043450 0.021631 0.582509 0.811374
1750195225.848954439 3.608473 -2.650724 0.230457 -0.042863 0.022089 0.582492 0.811405
1750195225.902574301 3.612959 -2.642785 0.229961 -0.043078 0.021717 0.582509 0.811391
1750195226.076258421 3.617329 -2.635146 0.229034 -0.043427 0.021072 0.582484 0.811408
1750195226.129656792 3.621433 -2.627577 0.228095 -0.043417 0.020392 0.582461 0.811442
1750195226.298488855 3.625560 -2.620103 0.228027 -0.044368 0.018959 0.582248 0.811578
1750195226.349313974 3.629239 -2.612519 0.228341 -0.045119 0.017603 0.581823 0.811872
1750195226.521011829 3.632716 -2.604805 0.228386 -0.045580 0.016346 0.581343 0.812216
1750195226.572566748 3.636413 -2.597144 0.228193 -0.046955 0.014462 0.580864 0.812516
1750195226.741707802 3.640389 -2.589793 0.227327 -0.049462 0.011812 0.580445 0.812710
1750195226.793524027 3.643465 -2.581823 0.227332 -0.050111 0.010120 0.580135 0.812914
1750195226.964750290 3.646490 -2.573475 0.228346 -0.050719 0.008237 0.580039 0.812967
1750195227.015929937 3.649388 -2.564802 0.229551 -0.050881 0.006406 0.580054 0.812963
1750195227.184683084 3.652384 -2.555925 0.230377 -0.051036 0.004388 0.580152 0.812896
1750195227.234874487 3.655376 -2.546866 0.230682 -0.051094 0.002284 0.580259 0.812824
1750195227.404282808 3.658431 -2.537736 0.230384 -0.051209 0.000039 0.580380 0.812734
1750195227.456114292 3.661487 -2.528615 0.229575 -0.051325 -0.002233 0.580533 0.812615
1750195227.625796795 3.664585 -2.519775 0.228375 -0.051357 -0.004386 0.580696 0.812487
1750195227.677853107 3.667613 -2.511237 0.227546 -0.050697 -0.005854 0.580888 0.812382
1750195227.846247435 3.670939 -2.503021 0.227534 -0.050243 -0.007230 0.581126 0.812229
1750195227.898138523 3.674514 -2.495173 0.227259 -0.050025 -0.008621 0.581343 0.812074
1750195228.064483881 3.678023 -2.487349 0.227221 -0.049355 -0.009688 0.581493 0.811995
1750195228.115842819 3.681546 -2.479406 0.227398 -0.048526 -0.010772 0.581624 0.811937
1750195228.279506207 3.685299 -2.471436 0.227698 -0.048553 -0.012396 0.581814 0.811777
1750195228.332455158 3.689024 -2.463509 0.227332 -0.048747 -0.013922 0.582008 0.811601
1750195228.498486280 3.692544 -2.455366 0.226662 -0.048274 -0.014728 0.582233 0.811454
1750195228.549159050 3.696089 -2.447040 0.225758 -0.047175 -0.014949 0.582463 0.811349
1750195228.710832119 3.699766 -2.438791 0.224318 -0.045781 -0.015116 0.582755 0.811217
1750195228.761733532 3.703492 -2.430479 0.223083 -0.044242 -0.015426 0.583025 0.811102
1750195228.931685925 3.707285 -2.422118 0.222311 -0.043116 -0.016064 0.583285 0.810963
1750195228.982114315 3.710908 -2.413706 0.221438 -0.041162 -0.016213 0.583446 0.810946
1750195229.144691706 3.715104 -2.405453 0.221237 -0.040189 -0.016964 0.583566 0.810893
1750195229.196613073 3.719684 -2.397484 0.221526 -0.040553 -0.018283 0.583778 0.810694
1750195229.360876083 3.723849 -2.389594 0.221110 -0.039871 -0.018492 0.583876 0.810652
1750195229.413252592 3.728011 -2.381599 0.220397 -0.038967 -0.018230 0.583921 0.810670
1750195229.576217413 3.732173 -2.373486 0.219255 -0.038033 -0.017858 0.583987 0.810675
1750195229.627879620 3.736154 -2.364918 0.218948 -0.036815 -0.017322 0.584062 0.810689
1750195229.791934729 3.740316 -2.356272 0.218946 -0.035956 -0.017053 0.584252 0.810596
1750195229.844014168 3.744455 -2.347722 0.218606 -0.034825 -0.016601 0.584448 0.810513
1750195230.008014679 3.748579 -2.339180 0.217997 -0.033622 -0.015976 0.584635 0.810442
1750195230.060252666 3.752654 -2.330512 0.217176 -0.032334 -0.015077 0.584786 0.810403
1750195230.223656416 3.756825 -2.321748 0.216164 -0.031486 -0.014140 0.584953 0.810332
1750195230.276208162 3.761078 -2.312973 0.214955 -0.031276 -0.013242 0.585179 0.810192
1750195230.442036390 3.765267 -2.304307 0.213168 -0.031028 -0.012131 0.585448 0.810025
1750195230.495865107 3.769162 -2.295649 0.211232 -0.029901 -0.010343 0.585810 0.809831
1750195230.662095547 3.772785 -2.286790 0.210064 -0.027231 -0.007388 0.586310 0.809595
1750195230.715393305 3.776756 -2.278063 0.209364 -0.024645 -0.004216 0.586983 0.809213
1750195230.882425785 3.781115 -2.269667 0.208757 -0.022659 -0.001132 0.587619 0.808820
1750195230.935385227 3.786118 -2.261783 0.207873 -0.022223 0.001235 0.588245 0.808376
1750195231.102331400 3.791492 -2.254172 0.206805 -0.023131 0.002881 0.588916 0.807858
1750195231.155512333 3.795993 -2.246143 0.205905 -0.022483 0.005590 0.589546 0.807402
1750195231.326764584 3.799996 -2.237674 0.205065 -0.020628 0.009071 0.590044 0.807057
1750195231.380896568 3.804120 -2.229054 0.203917 -0.018354 0.012534 0.590346 0.806844
1750195231.552473307 3.808991 -2.220661 0.203267 -0.017531 0.014515 0.590486 0.806727
1750195231.606984854 3.814453 -2.212818 0.203282 -0.018411 0.014808 0.590611 0.806611
1750195231.780010700 3.819942 -2.205342 0.203676 -0.019932 0.014153 0.590934 0.806350
1750195231.834014654 3.824661 -2.197757 0.204318 -0.020273 0.013695 0.591669 0.805810
1750195232.003547907 3.828777 -2.190076 0.204701 -0.019594 0.013510 0.592618 0.805132
1750195232.056001425 3.832691 -2.182300 0.204949 -0.018269 0.013294 0.593746 0.804335
1750195232.226217508 3.836759 -2.174691 0.204771 -0.017044 0.012623 0.594907 0.803515
1750195232.279802322 3.840888 -2.167309 0.204181 -0.015839 0.011768 0.595653 0.802999
1750195232.446197510 3.845333 -2.160102 0.203832 -0.015542 0.010068 0.596039 0.802742
1750195232.499958038 3.850028 -2.153085 0.203759 -0.016276 0.007506 0.596294 0.802566
1750195232.666041136 3.854244 -2.145999 0.204147 -0.016546 0.005268 0.596363 0.802527
1750195232.719458580 3.857911 -2.138710 0.204373 -0.015793 0.003821 0.596313 0.802587
1750195232.881720066 3.861409 -2.131213 0.203900 -0.014620 0.002760 0.596239 0.802669
1750195232.935424328 3.864701 -2.123337 0.202893 -0.012613 0.002505 0.595908 0.802950
1750195233.101367235 3.868318 -2.115067 0.201982 -0.010606 0.002450 0.595421 0.803340
1750195233.156146526 3.872559 -2.106915 0.201390 -0.009849 0.001662 0.594946 0.803704
1750195233.320737123 3.877167 -2.099087 0.201260 -0.010150 0.000339 0.594541 0.804001
1750195233.374667168 3.881768 -2.091477 0.201512 -0.010671 -0.000963 0.594184 0.804258
1750195233.544950485 3.886075 -2.083964 0.201735 -0.010604 -0.001771 0.593753 0.804575
1750195233.599806309 3.889888 -2.076387 0.201265 -0.009079 -0.001481 0.593226 0.804984
1750195233.763726950 3.893871 -2.068600 0.200574 -0.007357 -0.000977 0.592728 0.805368
1750195233.818208456 3.898464 -2.061188 0.199022 -0.006721 -0.000988 0.592196 0.805766
1750195233.982314587 3.903476 -2.054035 0.197908 -0.007107 -0.001565 0.591702 0.806124
1750195234.034536362 3.908145 -2.046734 0.197850 -0.006900 -0.001801 0.591516 0.806262
1750195234.196920872 3.912452 -2.039170 0.198292 -0.005891 -0.001614 0.591745 0.806102
1750195234.251783609 3.916494 -2.031440 0.198346 -0.004090 -0.000742 0.591982 0.805940
1750195234.415911436 3.920559 -2.023745 0.197934 -0.001874 0.000572 0.592368 0.805665
1750195234.470584869 3.924921 -2.016257 0.197418 0.000061 0.001755 0.592860 0.805303
1750195234.635717154 3.930087 -2.009295 0.197270 0.000225 0.001667 0.593517 0.804820
1750195234.689966917 3.935334 -2.002604 0.197585 0.000055 0.001239 0.594400 0.804168
1750195234.851482391 3.940326 -1.995988 0.198507 0.000311 0.001292 0.595329 0.803481
1750195234.905274391 3.945152 -1.989539 0.198740 0.001140 0.001869 0.596322 0.802742
1750195235.069004774 3.950083 -1.983355 0.198046 0.001930 0.002417 0.597348 0.801976
1750195235.123676777 3.955171 -1.977421 0.197701 0.002283 0.002414 0.598498 0.801117
1750195235.291162968 3.959890 -1.971342 0.198788 0.002984 0.002593 0.599598 0.800292
1750195235.347270250 3.964663 -1.965303 0.200089 0.003124 0.002443 0.600697 0.799467
1750195235.510143518 3.969800 -1.959645 0.199847 0.002384 0.001753 0.601842 0.798609
1750195235.574365139 3.974333 -1.953803 0.199127 0.003328 0.002215 0.602891 0.797813
1750195235.741735697 3.978190 -1.948150 0.199914 0.004864 0.003020 0.603659 0.797222
1750195235.794261217 3.983078 -1.942040 0.201002 0.004393 0.002324 0.604608 0.796508
1750195235.961170673 3.987578 -1.936380 0.201490 0.003501 0.001507 0.605308 0.795982
1750195236.020951033 3.991924 -1.930428 0.201063 0.003031 0.000972 0.605979 0.795474
1750195236.189188004 3.995599 -1.924167 0.200689 0.003887 0.001095 0.606581 0.795011
1750195236.244502544 3.999275 -1.917724 0.201175 0.004101 0.000685 0.606917 0.794754
1750195236.405381203 4.003131 -1.910891 0.201558 0.003389 -0.000284 0.606943 0.794738
1750195236.460166931 4.006838 -1.904101 0.201234 0.002297 -0.001349 0.606695 0.794931
1750195236.624681950 4.010197 -1.897137 0.200518 0.001697 -0.002032 0.606423 0.795138
1750195236.679306507 4.013069 -1.889973 0.200191 0.002312 -0.001791 0.606080 0.795398
1750195236.840102673 4.016245 -1.882815 0.200493 0.002296 -0.002021 0.605684 0.795700
1750195236.892425299 4.019743 -1.875835 0.200462 0.001329 -0.003008 0.605228 0.796045
1750195237.053265095 4.023207 -1.869023 0.199819 0.000120 -0.004155 0.604563 0.796547
1750195237.108093977 4.026102 -1.862035 0.199567 0.000182 -0.004366 0.603466 0.797377
1750195237.272698641 4.029009 -1.855133 0.200077 0.000205 -0.004778 0.602687 0.797963
1750195237.325662374 4.031723 -1.848033 0.201863 0.000595 -0.005153 0.602261 0.798283
1750195237.486034870 4.034355 -1.840967 0.203769 0.001271 -0.005437 0.602203 0.798323
1750195237.542783976 4.036774 -1.834164 0.204973 0.002774 -0.005042 0.602114 0.798389
1750195237.707248926 4.039516 -1.827377 0.205146 0.004524 -0.004515 0.602059 0.798426
1750195237.766562223 4.042591 -1.821047 0.204541 0.005805 -0.004458 0.602014 0.798452
1750195237.931427002 4.045851 -1.814574 0.205000 0.006594 -0.004734 0.601846 0.798571
1750195237.990831375 4.049307 -1.808068 0.206054 0.006888 -0.005158 0.601527 0.798806
1750195238.155776739 4.052784 -1.801732 0.206626 0.007222 -0.005308 0.601113 0.799113
1750195238.214462280 4.056315 -1.795618 0.205908 0.007762 -0.005209 0.600557 0.799527
1750195238.379498243 4.060139 -1.789460 0.205187 0.007535 -0.005761 0.600280 0.799734
1750195238.435042143 4.063885 -1.783071 0.205662 0.006668 -0.006699 0.600059 0.799900
1750195238.592555285 4.067702 -1.776123 0.206464 0.005455 -0.007737 0.599752 0.800130
1750195238.645490408 4.071267 -1.769214 0.206245 0.004529 -0.008371 0.599165 0.800569
1750195238.804016352 4.074755 -1.762122 0.205278 0.003863 -0.008900 0.598227 0.801268
1750195238.856266022 4.078392 -1.754783 0.204547 0.002454 -0.010218 0.597436 0.801848
1750195239.012854815 4.082143 -1.747374 0.204016 0.000257 -0.012240 0.597257 0.801956
1750195239.064701080 4.085420 -1.739714 0.203805 -0.001352 -0.013697 0.597204 0.801971
1750195239.231936455 4.088357 -1.731816 0.203424 -0.002159 -0.014373 0.597104 0.802032
1750195239.283714533 4.091335 -1.723736 0.202470 -0.002712 -0.014858 0.597152 0.801986
1750195239.442191601 4.094191 -1.715367 0.201303 -0.002522 -0.014819 0.597122 0.802009
1750195239.496288300 4.097155 -1.706752 0.199985 -0.001648 -0.014453 0.597019 0.802095
1750195239.654818535 4.100589 -1.698172 0.199057 -0.001366 -0.014868 0.597218 0.801940
1750195239.709282637 4.104003 -1.689886 0.198900 -0.001091 -0.015395 0.597563 0.801673
1750195239.868896484 4.106885 -1.681805 0.199641 0.000529 -0.014669 0.597758 0.801542
1750195239.920704842 4.109606 -1.673955 0.200681 0.003305 -0.012965 0.597910 0.801452
1750195240.078565598 4.112766 -1.666467 0.201338 0.005949 -0.011289 0.598135 0.801294
1750195240.133036137 4.116710 -1.659591 0.201516 0.007093 -0.010674 0.598483 0.801033
1750195240.290288210 4.120969 -1.653204 0.202144 0.006916 -0.010873 0.598787 0.800805
1750195240.341606617 4.124634 -1.646687 0.204029 0.007324 -0.010447 0.598787 0.800807
1750195240.501019478 4.128215 -1.640279 0.205447 0.008094 -0.009599 0.598668 0.800899
1750195240.561612368 4.131959 -1.634123 0.205984 0.008653 -0.008776 0.598487 0.801037
1750195240.724065781 4.135963 -1.628258 0.206389 0.008316 -0.008510 0.598271 0.801206
1750195240.782543659 4.139798 -1.622354 0.207379 0.007695 -0.008282 0.598112 0.801333
1750195240.944075108 4.143174 -1.616184 0.208444 0.007973 -0.007221 0.597667 0.801672
1750195241.002017260 4.146678 -1.609984 0.208736 0.008290 -0.006111 0.596978 0.802192
1750195241.164158821 4.150532 -1.603897 0.208517 0.007734 -0.005634 0.596233 0.802754
1750195241.223044634 4.154802 -1.597929 0.208241 0.005698 -0.006287 0.595684 0.803174
1750195241.387620449 4.158762 -1.591858 0.208050 0.003827 -0.006829 0.595287 0.803475
1750195241.446132898 4.162323 -1.585530 0.208062 0.002733 -0.006946 0.594808 0.803833
1750195241.611837864 4.165624 -1.578979 0.208419 0.002369 -0.006630 0.594089 0.804368
1750195241.661366940 4.169345 -1.572477 0.210819 0.000071 -0.008935 0.594442 0.804089
1750195241.814095259 4.173903 -1.565133 0.214736 -0.003954 -0.014302 0.596359 0.802581
1750195241.862215996 4.177540 -1.558723 0.215677 -0.005989 -0.017846 0.597903 0.801347
1750195242.010714769 4.181375 -1.550931 0.217022 -0.007255 -0.021823 0.599942 0.799713
1750195242.058347225 4.184444 -1.542789 0.218046 -0.006649 -0.024862 0.601705 0.798304
1750195242.207767963 4.186675 -1.534757 0.216515 -0.003344 -0.025757 0.602802 0.797468
1750195242.255577087 4.188085 -1.527342 0.213284 0.002324 -0.024357 0.603339 0.797110
1750195242.401312828 4.189449 -1.519567 0.209949 0.010458 -0.020871 0.602790 0.797559
1750195242.450800419 4.191906 -1.515153 0.210595 0.016243 -0.017741 0.598535 0.800735
1750195242.606693029 4.194278 -1.511423 0.213487 0.020054 -0.015681 0.595767 0.802754
1750195242.671606302 4.197018 -1.508497 0.215613 0.022882 -0.014224 0.593176 0.804622
1750195242.835774899 4.200406 -1.505991 0.215919 0.023528 -0.014393 0.591432 0.805883
1750195242.902286291 4.203880 -1.503801 0.214703 0.022279 -0.015906 0.589964 0.806965
1750195243.059985161 4.207236 -1.501793 0.212748 0.019798 -0.018003 0.587713 0.808627
1750195243.125877142 4.209734 -1.499064 0.211017 0.017672 -0.019748 0.585676 0.810112
1750195243.294931173 4.211725 -1.495068 0.210987 0.017600 -0.019806 0.582887 0.812121
1750195243.354707956 4.214225 -1.490369 0.211950 0.018639 -0.018857 0.578819 0.815025
1750195243.510386944 4.217547 -1.486131 0.212217 0.018525 -0.018573 0.574382 0.818167
1750195243.564244747 4.221517 -1.482159 0.211346 0.016840 -0.019273 0.569663 0.821480
1750195243.713957787 4.225488 -1.478461 0.210009 0.013966 -0.020575 0.564576 0.825006
1750195243.764159679 4.229474 -1.474151 0.209232 0.011573 -0.021374 0.558766 0.828969
1750195243.915423393 4.233596 -1.469325 0.209130 0.009785 -0.021724 0.552522 0.833157
1750195243.964336634 4.238136 -1.464083 0.209180 0.008302 -0.021786 0.545782 0.837603
1750195244.112013578 4.242834 -1.458639 0.209790 0.007625 -0.021176 0.538900 0.842069
1750195244.161216021 4.248128 -1.453528 0.210046 0.006507 -0.020683 0.531960 0.846492
1750195244.312704086 4.253434 -1.448328 0.210331 0.005714 -0.019940 0.525107 0.850784
1750195244.365063667 4.259022 -1.443319 0.210296 0.004617 -0.019350 0.518309 0.854962
1750195244.520951271 4.264689 -1.438476 0.209873 0.003184 -0.018999 0.511575 0.859023
1750195244.573174000 4.270266 -1.433551 0.209832 0.001992 -0.018666 0.504985 0.862924
1750195244.735908270 4.275763 -1.428364 0.210120 0.001292 -0.018258 0.498401 0.866753
1750195244.794601917 4.280481 -1.423429 0.211047 0.001652 -0.017581 0.492527 0.870118
1750195244.958214283 4.285005 -1.418894 0.211509 0.001856 -0.017225 0.487435 0.872988
1750195245.025470018 4.290027 -1.414005 0.212209 0.001470 -0.017336 0.483515 0.875163
1750195245.199150801 4.295518 -1.409223 0.213053 -0.000149 -0.018577 0.480577 0.876756
1750195245.263370037 4.301240 -1.404751 0.213627 -0.002762 -0.020461 0.478045 0.878093
1750195245.434761047 4.306921 -1.400282 0.214284 -0.005696 -0.022724 0.475898 0.879188
1750195245.501597404 4.312068 -1.395262 0.214802 -0.007117 -0.024490 0.474322 0.879982
1750195245.672956228 4.317183 -1.390122 0.215228 -0.008319 -0.026031 0.473085 0.880593
1750195245.737347126 4.322048 -1.384694 0.215996 -0.008590 -0.026794 0.471973 0.881164
1750195245.901679754 4.326861 -1.379257 0.216573 -0.007986 -0.026746 0.471078 0.881650
1750195245.964870691 4.331768 -1.374032 0.217183 -0.006931 -0.025971 0.470149 0.882177
1750195246.130660534 4.336464 -1.369437 0.217945 -0.005572 -0.024702 0.468106 0.883309
1750195246.193853617 4.341256 -1.365898 0.218593 -0.004137 -0.022927 0.464767 0.885126
1750195246.364984989 4.346426 -1.362834 0.219051 -0.002792 -0.020994 0.460710 0.887298
1750195246.425652504 4.351795 -1.359988 0.219351 -0.001749 -0.019206 0.456217 0.889660
1750195246.587081909 4.357924 -1.357301 0.219114 -0.002346 -0.018202 0.451072 0.892299
1750195246.645423174 4.364161 -1.354808 0.218431 -0.003977 -0.017862 0.445740 0.894975
1750195246.811187506 4.370072 -1.351632 0.218024 -0.004687 -0.017340 0.440212 0.897714
1750195246.868982315 4.375914 -1.347875 0.218339 -0.003995 -0.016454 0.434623 0.900453
1750195247.031524658 4.382178 -1.344791 0.217854 -0.004717 -0.016369 0.429175 0.903061
1750195247.090257645 4.388318 -1.341644 0.217035 -0.005796 -0.016630 0.423530 0.905711
1750195247.257496834 4.394404 -1.338100 0.216886 -0.005959 -0.016740 0.417584 0.908464
1750195247.315492392 4.400248 -1.334373 0.217383 -0.005262 -0.016794 0.411762 0.911122
1750195247.482464790 4.405995 -1.330724 0.218234 -0.004004 -0.016768 0.406099 0.913667
1750195247.537548304 4.411933 -1.327735 0.218564 -0.003382 -0.017037 0.400596 0.916090
1750195247.702753305 4.418002 -1.325202 0.218770 -0.002977 -0.017378 0.394947 0.918535
1750195247.760982275 4.423709 -1.322464 0.219833 -0.001380 -0.017344 0.389796 0.920737
1750195247.938915491 4.429890 -1.319389 0.220911 0.000273 -0.017592 0.385698 0.922457
1750195248.004636765 4.436624 -1.316216 0.221753 0.000886 -0.018908 0.382986 0.923560
1750195248.174892426 4.443703 -1.312984 0.222832 0.000483 -0.020763 0.381032 0.924328
1750195248.235439062 4.450760 -1.309523 0.223384 0.000286 -0.022695 0.379625 0.924862
1750195248.398612022 4.457844 -1.305874 0.223927 -0.000142 -0.024706 0.378473 0.925283
1750195248.460225582 4.464727 -1.301682 0.223925 0.000501 -0.026288 0.377583 0.925602
1750195248.630959034 4.471687 -1.296751 0.224508 0.001491 -0.027656 0.377017 0.925792
1750195248.690127373 4.478850 -1.291654 0.224896 0.002131 -0.029047 0.376653 0.925896
1750195248.856701612 4.485947 -1.286468 0.224560 0.003345 -0.030131 0.376242 0.926025
1750195248.917077780 4.493121 -1.281966 0.224009 0.004069 -0.031220 0.374867 0.926544
1750195249.085835934 4.500098 -1.278210 0.223695 0.004663 -0.031809 0.372266 0.927569
1750195249.146410942 4.507044 -1.275022 0.224074 0.005193 -0.031958 0.368780 0.928953
1750195249.309693098 4.514279 -1.272368 0.224896 0.005472 -0.031757 0.364625 0.930597
1750195249.368064880 4.521734 -1.270322 0.225490 0.005452 -0.031260 0.359878 0.932460
1750195249.529989958 4.529122 -1.268214 0.226621 0.006873 -0.029817 0.354149 0.934688
1750195249.591164112 4.536876 -1.266234 0.227681 0.008934 -0.027906 0.347667 0.937160
1750195249.755120754 4.544838 -1.264791 0.228523 0.009741 -0.026410 0.341337 0.939519
1750195249.817482710 4.553286 -1.263858 0.228542 0.009600 -0.025101 0.334798 0.941906
1750195249.979524851 4.561830 -1.263278 0.227776 0.008888 -0.023852 0.328086 0.944305
1750195250.038014174 4.570367 -1.262314 0.227218 0.008043 -0.022555 0.321359 0.946655
1750195250.202399254 4.579439 -1.260655 0.226307 0.006712 -0.021473 0.315885 0.948531
1750195250.264566898 4.588516 -1.258223 0.225371 0.004778 -0.021385 0.312990 0.949504
1750195250.432669878 4.597642 -1.254889 0.224910 0.002882 -0.021578 0.311786 0.949903
1750195250.494400501 4.606436 -1.250551 0.224609 0.002291 -0.021511 0.311391 0.950036
1750195250.665776730 4.615175 -1.245874 0.224052 0.002045 -0.021584 0.311677 0.949941
1750195250.726323128 4.623788 -1.240999 0.223493 0.002190 -0.021841 0.312554 0.949646
1750195250.895169258 4.632242 -1.236095 0.223419 0.002465 -0.022202 0.313381 0.949365
1750195250.955097437 4.640627 -1.231459 0.223464 0.002665 -0.022515 0.313635 0.949273
1750195251.126047373 4.649046 -1.227443 0.223619 0.002732 -0.022822 0.312810 0.949537
1750195251.186916113 4.657570 -1.224238 0.224072 0.002151 -0.023098 0.310902 0.950159
1750195251.355191946 4.665935 -1.221168 0.224807 0.001399 -0.023589 0.308844 0.950819
1750195251.413445950 4.674342 -1.217734 0.225248 0.000621 -0.024576 0.307728 0.951157
1750195251.584252596 4.682694 -1.214000 0.225459 -0.000033 -0.025650 0.307335 0.951255
1750195251.645365715 4.690833 -1.210082 0.225582 -0.000098 -0.026545 0.306951 0.951355
1750195251.813609362 4.698414 -1.206487 0.225630 0.000578 -0.027187 0.305523 0.951796
1750195251.875755548 4.705540 -1.203593 0.226893 0.001824 -0.027471 0.302812 0.952652
1750195252.044572115 4.712544 -1.201212 0.228888 0.003555 -0.027624 0.299538 0.953678
1750195252.104235172 4.719819 -1.199666 0.231322 0.004116 -0.028144 0.295785 0.954831
1750195252.267660141 4.727453 -1.199182 0.232806 0.002979 -0.029059 0.291575 0.956102
1750195252.329589844 4.735140 -1.199229 0.232759 0.001699 -0.029842 0.286908 0.957492
1750195252.492889404 4.742722 -1.199526 0.232399 -0.000283 -0.030669 0.281836 0.958972
1750195252.553979397 4.749878 -1.198687 0.233094 0.000053 -0.030826 0.276387 0.960552
1750195252.717655897 4.756661 -1.197375 0.234504 0.001927 -0.030505 0.271003 0.962093
1750195252.782822132 4.763338 -1.196547 0.235200 0.002655 -0.030567 0.266019 0.963479
1750195252.952361822 4.770303 -1.196279 0.235204 0.001843 -0.031034 0.261009 0.964836
1750195253.021357536 4.776588 -1.195643 0.235613 0.002155 -0.031101 0.256413 0.966064
1750195253.193099737 4.782377 -1.194676 0.236116 0.002986 -0.031025 0.252179 0.967178
1750195253.261787176 4.787648 -1.192842 0.237713 0.005599 -0.030338 0.248799 0.968064
1750195253.434696913 4.793483 -1.190643 0.239542 0.007932 -0.029932 0.247408 0.968417
1750195253.497349024 4.800507 -1.188266 0.241545 0.009466 -0.030411 0.247661 0.968323
1750195253.659141302 4.808196 -1.186421 0.242877 0.009235 -0.031392 0.248610 0.968051
1750195253.720238924 4.816029 -1.184728 0.243451 0.008684 -0.032432 0.249723 0.967735
1750195253.879207373 4.823818 -1.182380 0.244386 0.009225 -0.033183 0.250927 0.967393
1750195253.941701651 4.831702 -1.179656 0.245700 0.009884 -0.033873 0.251966 0.967093
1750195254.100518942 4.839514 -1.177469 0.246430 0.010149 -0.034547 0.251791 0.967112
1750195254.162433624 4.847414 -1.176185 0.247347 0.009298 -0.035149 0.250387 0.967463
1750195254.330347776 4.855312 -1.175074 0.249240 0.008645 -0.035462 0.247457 0.968211
1750195254.390477657 4.863303 -1.174043 0.251419 0.008114 -0.035819 0.243559 0.969190
1750195254.548345566 4.871545 -1.173891 0.251518 0.006339 -0.036550 0.239627 0.970156
1750195254.611298323 4.879805 -1.174210 0.250885 0.003061 -0.037741 0.235771 0.971071
1750195254.771326542 4.887602 -1.173357 0.250529 0.002228 -0.038380 0.231518 0.972071
1750195254.834197521 4.895398 -1.172136 0.250722 0.001701 -0.039046 0.226582 0.973208
1750195254.993554115 4.903622 -1.171402 0.250969 0.000540 -0.039707 0.220688 0.974536
1750195255.056988001 4.912258 -1.171394 0.250429 -0.001941 -0.040581 0.214284 0.975926
1750195255.214729786 4.921156 -1.171456 0.249805 -0.003989 -0.041102 0.206909 0.977488
1750195255.274966240 4.929663 -1.171137 0.250210 -0.004848 -0.041156 0.199598 0.979001
1750195255.431966543 4.937924 -1.170268 0.251022 -0.003890 -0.040780 0.192771 0.980388
1750195255.496742964 4.946883 -1.169489 0.252096 -0.003033 -0.040245 0.185821 0.981754
1750195255.657956839 4.955608 -1.169047 0.252756 -0.002815 -0.039635 0.180225 0.982823
1750195255.722406387 4.964838 -1.168553 0.253192 -0.003072 -0.039380 0.176327 0.983539
1750195255.885734081 4.974444 -1.167586 0.253647 -0.003397 -0.039380 0.174332 0.983893
1750195255.950001478 4.984261 -1.166753 0.254239 -0.004364 -0.039562 0.172970 0.984123
1750195256.113131523 4.994135 -1.165886 0.254795 -0.005393 -0.039770 0.172118 0.984258
1750195256.177983046 5.004010 -1.164788 0.254841 -0.005717 -0.039818 0.171818 0.984307
1750195256.341022015 5.013684 -1.162985 0.254812 -0.003905 -0.039200 0.171546 0.984388
1750195256.401234150 5.022997 -1.161702 0.254549 -0.002765 -0.038405 0.171113 0.984499
1750195256.559376955 5.033069 -1.160742 0.254310 -0.002210 -0.037463 0.170725 0.984604
1750195256.619228840 5.043289 -1.160039 0.254669 -0.002614 -0.036660 0.170547 0.984664
1750195256.780378819 5.053509 -1.159424 0.255701 -0.003172 -0.036087 0.169965 0.984784
1750195256.838118076 5.063808 -1.159735 0.255991 -0.005258 -0.035863 0.168901 0.984966
1750195256.998082161 5.074221 -1.161057 0.256184 -0.009206 -0.035930 0.167511 0.985172
1750195257.057064533 5.084708 -1.162900 0.256018 -0.013840 -0.036213 0.165859 0.985387
1750195257.214629889 5.095069 -1.164584 0.255799 -0.017633 -0.036406 0.163837 0.985658
1750195257.275112152 5.105711 -1.164643 0.256511 -0.016791 -0.035598 0.160436 0.986261
1750195257.439433575 5.115430 -1.164418 0.257369 -0.015656 -0.034762 0.157366 0.986804
1750195257.501885653 5.125493 -1.163891 0.258827 -0.015809 -0.034767 0.155703 0.987065
1750195257.667572498 5.135133 -1.162933 0.259633 -0.015548 -0.034852 0.154865 0.987198
1750195257.732941389 5.144960 -1.161540 0.260041 -0.015224 -0.035072 0.154551 0.987245
1750195257.896508694 5.154714 -1.159967 0.260319 -0.015060 -0.035444 0.154537 0.987236
1750195257.961562634 5.164318 -1.158471 0.261087 -0.015702 -0.036143 0.154865 0.987149
1750195258.127167702 5.173725 -1.156926 0.261883 -0.015991 -0.036780 0.154975 0.987104
1750195258.189621925 5.183102 -1.155434 0.263011 -0.016690 -0.037632 0.155064 0.987046
1750195258.354044676 5.192482 -1.154219 0.264131 -0.018583 -0.038812 0.154996 0.986977
1750195258.419280291 5.201779 -1.153145 0.264773 -0.020734 -0.039964 0.154641 0.986944
1750195258.585280418 5.210962 -1.152059 0.265291 -0.022670 -0.040960 0.154173 0.986934
1750195258.649920225 5.220010 -1.150959 0.266409 -0.024478 -0.041796 0.153872 0.986903
1750195258.814002037 5.228978 -1.149656 0.267620 -0.025527 -0.042359 0.153411 0.986924
1750195258.879602194 5.238012 -1.148314 0.268450 -0.026372 -0.042787 0.152761 0.986984
1750195259.042281151 5.247093 -1.146716 0.269370 -0.026652 -0.043074 0.152063 0.987072
1750195259.106752157 5.256265 -1.145087 0.270668 -0.027061 -0.043407 0.151439 0.987142
1750195259.269646883 5.265489 -1.143720 0.272080 -0.028271 -0.043774 0.151000 0.987159
1750195259.333675861 5.274779 -1.142490 0.272892 -0.029906 -0.044115 0.150896 0.987112
1750195259.500642061 5.284043 -1.140965 0.273419 -0.031168 -0.044282 0.151079 0.987037
1750195259.565133572 5.293319 -1.138852 0.274007 -0.031168 -0.044150 0.151420 0.986991
1750195259.726206541 5.302781 -1.136675 0.274216 -0.030570 -0.043841 0.151741 0.986974
1750195259.789882183 5.312336 -1.134729 0.274667 -0.030454 -0.043552 0.152084 0.986938
1750195259.953915358 5.321878 -1.132809 0.275998 -0.030406 -0.043221 0.152570 0.986879
1750195260.019685745 5.331476 -1.131052 0.277223 -0.030439 -0.042870 0.152935 0.986837
1750195260.183501720 5.341091 -1.129401 0.278560 -0.030702 -0.042418 0.153123 0.986819
1750195260.246953964 5.350855 -1.128028 0.279770 -0.031923 -0.042016 0.153349 0.986762
1750195260.409616232 5.360946 -1.126618 0.280305 -0.033339 -0.041630 0.153815 0.986659
1750195260.471448183 5.369987 -1.124721 0.280559 -0.033594 -0.041076 0.154317 0.986595
1750195260.631625652 5.379830 -1.122176 0.280741 -0.033176 -0.040435 0.154893 0.986546
1750195260.693432093 5.389750 -1.119697 0.280548 -0.032909 -0.039946 0.155544 0.986472
1750195260.855208158 5.399733 -1.117344 0.280060 -0.032543 -0.039613 0.156162 0.986400
1750195260.916753054 5.409661 -1.114919 0.280513 -0.031873 -0.039459 0.156831 0.986322
1750195261.078504562 5.419607 -1.112641 0.281205 -0.030945 -0.039576 0.157762 0.986198
1750195261.140845776 5.429487 -1.110703 0.282031 -0.030424 -0.039774 0.158608 0.986071
1750195261.300257206 5.439229 -1.108780 0.283537 -0.030406 -0.040081 0.159275 0.985952
1750195261.363974094 5.449456 -1.106435 0.284874 -0.029725 -0.040457 0.159987 0.985842
1750195261.527600527 5.459005 -1.104079 0.285563 -0.028862 -0.040937 0.160532 0.985759
1750195261.593681335 5.468597 -1.101783 0.285716 -0.028186 -0.041570 0.160956 0.985683
1750195261.762380838 5.478293 -1.099837 0.285657 -0.028208 -0.042449 0.161541 0.985549
1750195261.829937220 5.488031 -1.098104 0.285857 -0.028612 -0.043503 0.162333 0.985361
1750195262.001769066 5.497575 -1.095982 0.286687 -0.027806 -0.044297 0.162965 0.985245
1750195262.069868326 5.507075 -1.094121 0.287206 -0.027070 -0.044951 0.163251 0.985188
1750195262.236150980 5.516539 -1.092435 0.287303 -0.026268 -0.045534 0.163293 0.985176
1750195262.299887896 5.525993 -1.091026 0.287117 -0.025951 -0.046294 0.163254 0.985156
1750195262.465506792 5.535408 -1.089799 0.287187 -0.026524 -0.047436 0.163285 0.985081
1750195262.531275511 5.544777 -1.088865 0.288121 -0.028878 -0.049273 0.163396 0.984906
1750195262.694409609 5.553997 -1.087800 0.288827 -0.031483 -0.051446 0.163588 0.984683
1750195262.761864662 5.563032 -1.086498 0.289276 -0.034168 -0.053792 0.163769 0.984438
1750195262.927677155 5.571889 -1.084776 0.289621 -0.036398 -0.056153 0.163923 0.984201
1750195262.995160818 5.580579 -1.082365 0.290405 -0.037633 -0.058397 0.163884 0.984030
1750195263.159574747 5.589337 -1.079658 0.291280 -0.037974 -0.060425 0.163592 0.983943
1750195263.226974487 5.598102 -1.077405 0.292441 -0.039210 -0.062297 0.162803 0.983909
1750195263.392179012 5.606817 -1.075477 0.293516 -0.040850 -0.064060 0.161735 0.983905
1750195263.459356308 5.615344 -1.073315 0.294644 -0.041067 -0.065453 0.160697 0.983975
1750195263.625436783 5.623828 -1.071276 0.296258 -0.041023 -0.066526 0.159828 0.984046
1750195263.691397429 5.632254 -1.069411 0.297984 -0.041046 -0.067287 0.158981 0.984130
1750195263.870414019 5.640711 -1.067533 0.299418 -0.040345 -0.067622 0.158126 0.984274
1750195263.937534571 5.649303 -1.065898 0.300541 -0.039659 -0.067772 0.157202 0.984440
1750195264.102239370 5.657970 -1.064857 0.301571 -0.040167 -0.067932 0.156059 0.984590
1750195264.167604685 5.666529 -1.064380 0.302963 -0.042145 -0.067982 0.154645 0.984727
1750195264.328332901 5.674808 -1.063759 0.304498 -0.043330 -0.067478 0.152997 0.984968
1750195264.395158529 5.682931 -1.063638 0.306550 -0.045714 -0.066644 0.151084 0.985212
1750195264.557461023 5.690831 -1.063824 0.309025 -0.048925 -0.065376 0.148757 0.985497
1750195264.622730017 5.698763 -1.063660 0.310393 -0.050811 -0.063718 0.146209 0.985891
1750195264.785336971 5.706865 -1.063186 0.311737 -0.052276 -0.061694 0.143477 0.986345
1750195264.849808455 5.715301 -1.062795 0.312904 -0.054278 -0.059390 0.141018 0.986732
1750195265.011322975 5.723858 -1.062584 0.313711 -0.056909 -0.056750 0.138585 0.987084
1750195265.075505257 5.732427 -1.062281 0.313836 -0.058951 -0.053649 0.136044 0.987491
1750195265.243992805 5.740941 -1.061656 0.313218 -0.058939 -0.050080 0.133012 0.988092
1750195265.309785128 5.749158 -1.061264 0.312725 -0.057959 -0.045949 0.128958 0.988888
1750195265.471636772 5.756820 -1.060959 0.312887 -0.055397 -0.041810 0.124015 0.989850
1750195265.533714533 5.765207 -1.060760 0.313538 -0.050887 -0.037178 0.118085 0.991002
1750195265.698767662 5.773922 -1.061747 0.314237 -0.047592 -0.032681 0.111524 0.992083
1750195265.760367155 5.782729 -1.063512 0.314965 -0.045905 -0.028437 0.104255 0.993084
1750195265.928479433 5.792471 -1.065130 0.316877 -0.045043 -0.024916 0.096802 0.993972
1750195265.991502285 5.801882 -1.066246 0.319372 -0.044759 -0.022635 0.090608 0.994623
1750195266.154261351 5.811061 -1.066953 0.322063 -0.044248 -0.021361 0.085179 0.995153
1750195266.210301161 5.821087 -1.067424 0.324462 -0.043470 -0.020713 0.079770 0.995650
1750195266.375478983 5.831440 -1.067938 0.326272 -0.043004 -0.020819 0.074588 0.996069
1750195266.431188822 5.841933 -1.068906 0.327671 -0.044210 -0.021668 0.069769 0.996347
1750195266.596019745 5.852230 -1.069309 0.328111 -0.044606 -0.022775 0.065945 0.996566
1750195266.654115915 5.862559 -1.068751 0.327436 -0.043679 -0.024574 0.064185 0.996679
1750195266.825316668 5.872961 -1.067794 0.326940 -0.043672 -0.027260 0.064130 0.996613
1750195266.891437769 5.882780 -1.066769 0.326136 -0.044203 -0.030466 0.064551 0.996469
1750195267.067562342 5.892274 -1.065693 0.325460 -0.044555 -0.034063 0.065134 0.996299
1750195267.134989262 5.901732 -1.064764 0.324677 -0.044050 -0.037912 0.065590 0.996153
1750195267.303613186 5.911008 -1.063936 0.324000 -0.042882 -0.041527 0.066064 0.996028
1750195267.366773367 5.919957 -1.062967 0.324435 -0.039764 -0.044407 0.066545 0.996001
1750195267.531765699 5.928922 -1.062556 0.325313 -0.036759 -0.047000 0.066964 0.995970
1750195267.594823360 5.937955 -1.062737 0.326477 -0.035071 -0.049546 0.067275 0.995886
1750195267.755776405 5.946995 -1.062877 0.327347 -0.032892 -0.051980 0.067545 0.995818
1750195267.820822716 5.956061 -1.063223 0.328784 -0.031534 -0.054301 0.067473 0.995743
1750195267.983635426 5.965140 -1.064031 0.330868 -0.031287 -0.056384 0.066420 0.995706
1750195268.048181772 5.974167 -1.064512 0.333407 -0.029115 -0.057680 0.064105 0.995849
1750195268.210367203 5.983170 -1.065566 0.336173 -0.027629 -0.058524 0.060432 0.996072
1750195268.275532961 5.992155 -1.067203 0.338496 -0.026720 -0.059190 0.055902 0.996322
1750195268.433724642 6.001031 -1.069456 0.340965 -0.027286 -0.059698 0.050473 0.996566
1750195268.495305300 6.009870 -1.072151 0.342438 -0.028533 -0.059914 0.044084 0.996821
1750195268.661071062 6.018775 -1.074616 0.342628 -0.028579 -0.059792 0.037516 0.997096
1750195268.725648165 6.027877 -1.076880 0.343217 -0.030095 -0.060127 0.032403 0.997211
1750195268.890481472 6.037404 -1.078359 0.343668 -0.031763 -0.060557 0.028913 0.997240
1750195268.950312614 6.046975 -1.079307 0.344119 -0.033908 -0.061012 0.026710 0.997203
1750195269.105794191 6.056912 -1.079554 0.344751 -0.035645 -0.061359 0.025179 0.997161
1750195269.165466785 6.067021 -1.079508 0.345255 -0.036882 -0.061590 0.024018 0.997131
1750195269.320852757 6.077167 -1.079539 0.345113 -0.038115 -0.061717 0.023187 0.997096
1750195269.379575491 6.087338 -1.079870 0.344552 -0.040021 -0.061740 0.022502 0.997036
1750195269.534446478 6.097542 -1.080726 0.343586 -0.043241 -0.061582 0.021787 0.996927
1750195269.595021486 6.108210 -1.081131 0.343169 -0.045241 -0.060853 0.020927 0.996901
1750195269.751754522 6.117610 -1.080940 0.344128 -0.044474 -0.059827 0.020371 0.997009
1750195269.809958458 6.127790 -1.081615 0.345816 -0.045437 -0.058863 0.019867 0.997034
1750195269.964866161 6.138102 -1.082450 0.347245 -0.046230 -0.058097 0.019607 0.997047
1750195270.024253368 6.148414 -1.083153 0.348176 -0.046334 -0.057411 0.019554 0.997083
1750195270.180414200 6.158673 -1.083633 0.349699 -0.046373 -0.056937 0.019696 0.997106
1750195270.238439798 6.168996 -1.084300 0.351584 -0.047515 -0.056806 0.020093 0.997051
1750195270.394162655 6.179337 -1.084732 0.353103 -0.048112 -0.056856 0.020894 0.997004
1750195270.450284958 6.189552 -1.085003 0.354170 -0.048086 -0.057042 0.021795 0.996975
1750195270.606502295 6.199575 -1.084981 0.355074 -0.047010 -0.057170 0.022323 0.997007
1750195270.663923264 6.209671 -1.085080 0.355792 -0.045275 -0.057175 0.022346 0.997087
1750195270.818351030 6.219863 -1.085566 0.355983 -0.043908 -0.057079 0.022322 0.997154
1750195270.874634743 6.230074 -1.086249 0.356283 -0.042832 -0.056909 0.022486 0.997207
1750195271.030975580 6.240290 -1.087160 0.357042 -0.042369 -0.056660 0.022911 0.997231
1750195271.087187529 6.250365 -1.088218 0.357816 -0.041874 -0.055979 0.023133 0.997285
1750195271.244983912 6.260363 -1.089742 0.358403 -0.042341 -0.054787 0.022849 0.997338
1750195271.302628517 6.270359 -1.091351 0.358384 -0.042945 -0.053141 0.022033 0.997420
1750195271.461571217 6.280398 -1.092968 0.358215 -0.043582 -0.051029 0.020904 0.997527
1750195271.524485111 6.290677 -1.094742 0.358619 -0.045170 -0.048022 0.019456 0.997635
1750195271.690854549 6.299699 -1.096402 0.358001 -0.046423 -0.043413 0.017391 0.997827
1750195271.757000923 6.307395 -1.098070 0.356672 -0.046971 -0.037677 0.015193 0.998070
1750195271.933310270 6.314314 -1.100090 0.357140 -0.048838 -0.032139 0.013553 0.998197
1750195272.006351709 6.320817 -1.101927 0.359479 -0.050737 -0.027308 0.013008 0.998254
1750195272.187415838 6.326572 -1.103216 0.362263 -0.050419 -0.023067 0.013371 0.998372
1750195272.259604692 6.332205 -1.104732 0.365106 -0.049552 -0.019177 0.014283 0.998485
1750195272.441576004 6.337814 -1.106690 0.367612 -0.048662 -0.015816 0.015652 0.998567
1750195272.512916565 6.343337 -1.109274 0.369829 -0.048451 -0.013029 0.017506 0.998587
1750195272.695481777 6.348647 -1.112261 0.371629 -0.048375 -0.010771 0.019868 0.998574
1750195272.765568256 6.353471 -1.115316 0.372776 -0.047674 -0.008931 0.022864 0.998561
1750195272.950211287 6.357703 -1.118498 0.373819 -0.046944 -0.007607 0.026535 0.998516
1750195273.020325184 6.361413 -1.121686 0.374021 -0.045757 -0.006633 0.030757 0.998457
1750195273.203192472 6.364453 -1.125051 0.373975 -0.044916 -0.006126 0.035241 0.998350
1750195273.272268772 6.366891 -1.128537 0.374275 -0.044936 -0.006246 0.039881 0.998174
1750195273.454973221 6.368997 -1.131950 0.374308 -0.045027 -0.006898 0.044851 0.997955
1750195273.525196314 6.370782 -1.135367 0.373986 -0.045352 -0.008094 0.049973 0.997688
1750195273.711152315 6.372232 -1.138619 0.373393 -0.045482 -0.009843 0.055082 0.997397
1750195273.783591986 6.373458 -1.141778 0.372488 -0.045502 -0.012165 0.060031 0.997085
