#timestamp [ns],p_RS_R_x [m],p_RS_R_y [m],p_RS_R_z [m],q_RS_w [],q_RS_x [],q_RS_y [],q_RS_z []
1749296433116878080,8.881784197001252e-16,8.881784197001252e-16,0.0,1.0,-9.76713373654549e-19,2.137941068272678e-18,5.6744267251350134e-18
1749296433330665216,2.590927472567728e-07,-4.760196482145318e-05,-7.542687039396867e-06,0.9999999998275381,-1.0579579935057584e-05,-1.512846888860921e-05,-2.0313097229301996e-06
1749296433448720128,2.4375022551481607e-06,-8.658561835162004e-05,-1.2601587945137993e-05,0.9999999994210774,-1.6354663701094178e-05,-2.975989131310141e-05,2.1723898967462313e-06
1749296433667289856,4.022080501542291e-06,-0.00012868304541768794,-1.9899972004022715e-05,0.9999999987349871,-2.4855047082061067e-05,-4.319923119175712e-05,6.7881545921661134e-06
1749296433786210048,8.641401220366163e-06,-0.00016793753681021428,-2.5584896588881634e-05,0.9999999976283811,-3.0836121828537304e-05,-5.685159312790488e-05,2.3669981567653424e-05
1749296433998333184,1.1568414240770153e-05,-0.00020271840454011425,-3.353843120690314e-05,0.9999999962565583,-3.9526282512333074e-05,-7.247769010479379e-05,2.591411182843886e-05
1749296434114120448,1.2988607119623907e-05,-0.0002416050315652285,-4.132324763972406e-05,0.999999994374056,-4.842583972234651e-05,-8.905540713911308e-05,3.1240365462457964e-05
1749296434326957312,1.2919997804061722e-05,-0.00027985190470314336,-4.683611966926904e-05,0.9999999925978224,-5.419240798983761e-05,-0.00010114452136428545,4.046385776330114e-05
1749296434442688256,1.451274226393906e-05,-0.00032003191136986686,-5.4568997460702207e-05,0.9999999895848598,-6.513967421557673e-05,-0.00011748552702852297,5.276602936898042e-05
1749296434666367744,1.7070770331528706e-05,-0.0003600011002387049,-6.135339423840591e-05,0.9999999862355329,-7.351563783106926e-05,-0.00013435421833863417,6.382263628461641e-05
1749296434787136000,1.995481494088125e-05,-0.00041023605317480616,-7.313981970868966e-05,0.9999999798818363,-8.885737655863931e-05,-0.0001629115312787927,7.616118890729972e-05
1749296435000045312,2.1782587491969707e-05,-0.0004636207747443777,-8.105358036836208e-05,0.9999999743001003,-0.00010209446106567428,-0.00018194369487050548,8.872999212179692e-05
1749296435117284096,2.4409407738623656e-05,-0.0005075154208169508,-8.841389416414103e-05,0.9999999692083729,-0.00011075510615356565,-0.00019815720197160973,0.00010025109960614371
1749296435331513856,2.684611028236361e-05,-0.0005499058896081266,-9.489622698710676e-05,0.9999999649501777,-0.00012121575681013494,-0.00021130880560920172,0.00010370618195943222
1749296435447849472,3.01412527905498e-05,-0.0005846035220669066,-0.00010090560408304583,0.9999999610673982,-0.00012965442895040315,-0.00022401828067806858,0.00010426284722209036
1749296435659341824,3.14712390920846e-05,-0.0006354310491900605,-0.00010696335267157409,0.9999999547671848,-0.00013943269831404644,-0.00023937055955007105,0.00011715752578994358
1749296435776249344,3.2834055270214435e-05,-0.0006855680247523921,-0.00011782268809712448,0.9999999478709007,-0.00014921256015713814,-0.0002575427763575068,0.0001251619994791918
1749296435988853248,3.5426073319300144e-05,-0.0007429993356291575,-0.0001294503864781582,0.999999935306031,-0.00016507583944929866,-0.00028364803992223284,0.00014724703968590024
1749296436104397056,3.687085627035458e-05,-0.0007972198666239549,-0.00014158307863221253,0.9999999249603454,-0.00017886217949320964,-0.0003068252107667787,0.0001547446749785468
1749296436317602816,4.0613340845041535e-05,-0.000839761983225884,-0.0001528965483759137,0.9999999156020523,-0.00018599481759305013,-0.00032974556577061807,0.00015959222433779434
1749296436431988224,4.8947306801494506e-05,-0.0008891314611112477,-0.00016233112470320776,0.9999999101124428,-0.0001915122495419436,-0.0003426864110158201,0.00016020046230792468
1749296436642310400,5.196145999697421e-05,-0.000937050532943573,-0.00017488457393488588,0.9999998950492766,-0.000203621533620533,-0.0003677905437734651,0.0001821258438070364
1749296436757495552,5.592508979201938e-05,-0.0009695302818304441,-0.00018260662623781343,0.9999998871708383,-0.00020947898618621958,-0.0003835581140572408,0.00018617206497968327
1749296436969684992,5.667634356054663e-05,-0.001015591103249669,-0.0001917119132959222,0.9999998724515101,-0.00022363694488602645,-0.000404355405883899,0.00020391220122109854
1749296437084238080,5.78001183484389e-05,-0.0010616213888070547,-0.0001991055227352767,0.9999998604477588,-0.00023231156845367242,-0.0004246660561180203,0.00021164720341690442
1749296437295394560,5.9680662861438805e-05,-0.001101531468163941,-0.00020982825961946006,0.9999998485686751,-0.00024274079411684845,-0.00044426037531692926,0.00021580605315172009
1749296437410381312,6.141915789292796e-05,-0.0011476449688352375,-0.00021914746518092443,0.9999998344843406,-0.00025444447836556585,-0.0004652567362832268,0.00022321619142857746
1749296437618407168,6.24800043453888e-05,-0.0011867202299509216,-0.00022934139894292827,0.999999816967665,-0.0002663973586728127,-0.0004894547074202414,0.00023565053234775557
1749296437732102400,0.0003204164049996905,-0.0012250498717563119,-0.00025025605367412496,0.9999997376641081,-0.00033339615389017325,-0.000601838643410129,0.00022651482618908975
1749296437938944256,0.001617210398841884,-0.0012552936506038392,-0.0003242872847861733,0.999999042879547,-0.0006804713466573625,-0.001203891924246053,4.292984097006955e-05
1749296438025009152,0.0045562963322920425,-0.0012489522989325152,-0.0004320705468319197,0.9999950430267025,-0.0016659965076376972,-0.002657201507565296,-0.00027867150609232926
1749296438194187520,0.009110675934467238,-0.0013732292497090626,-0.0006934327987502265,0.9999815130472414,-0.0035859077673918937,-0.004865571813785007,-0.0006641085443234835
1749296438259253248,0.015431386771938449,-0.001582455492104451,-0.0006261219297183374,0.9999510627203732,-0.006367678772776535,-0.007498798166831463,-0.0010453982477684528
1749296438412952576,0.023511809777174264,-0.0018923610839820526,-0.0004247494810729613,0.9998966082758249,-0.009743897566088374,-0.01051912305055036,-0.0010850202626613375
1749296438472333056,0.03199697972670279,-0.002521796411749655,-0.0012773317435383902,0.9998106338776195,-0.014111327360385633,-0.013352341646496636,-0.0011321651451904585
1749296438621217280,0.04099310725485683,-0.0034566835908407256,-0.003414892052254981,0.9996782526471627,-0.019517163274356618,-0.016124872470405217,-0.0015684418545115148
1749296438682043648,0.05045111047897688,-0.003278545785525999,-0.004647329120897048,0.9995584547106312,-0.022706727125172178,-0.0190672607867347,-0.001933837079167962
1749296438832596480,0.059975812808226614,-0.0029291739288836993,-0.004478142495433879,0.9994613936782092,-0.024090946531080955,-0.022207152292816265,-0.0018415290092624324
1749296438894015488,0.06932073611027345,-0.003110896037725297,-0.004515202369908877,0.9993619687596738,-0.025055683656089452,-0.025384146688033786,-0.0018743559521368174
1749296439042767872,0.07849781925539467,-0.0036941269213084382,-0.0040555982541627955,0.9992548637424623,-0.02620470547643955,-0.028266045010750175,-0.002015290891184476
1749296439104635136,0.08748133115481593,-0.0044045883440198,-0.002772243339652647,0.9991630291386688,-0.026838139099107965,-0.03079379382621825,-0.0021674302583051166
1749296439251560960,0.09629868462284286,-0.005364525869151038,-0.0011978122694564775,0.9990885313196349,-0.027158649198687237,-0.0328415909013953,-0.002438086615175675
1749296439312519424,0.10506247722442019,-0.006557152767707741,0.0006711513272805725,0.9990279478322602,-0.027365834383120523,-0.03444561876476552,-0.002787455199804969
1749296439458359552,0.11390912291924149,-0.007875204474854236,0.0023241357648196015,0.9989884308181207,-0.02710611129025061,-0.03573884998997729,-0.00317937472835111
1749296439518838272,0.12292777852064418,-0.009080760046735747,0.003627470921960363,0.9989859703943379,-0.02574342756926685,-0.03675381616391087,-0.0036693173286995086
1749296439665840384,0.1321926517280101,-0.010575716704987137,0.00447414282594405,0.9989892261313199,-0.02441536873101766,-0.0375133556269153,-0.004142944953016294
1749296439726009600,0.1416007067632803,-0.01231972336108722,0.0048136922603077,0.9989946894386678,-0.023280291256101468,-0.0380352944453688,-0.0045776510160760245
1749296439868983808,0.1510166071341148,-0.014558173226336457,0.005390660705504313,0.9989864791270004,-0.023282521590155734,-0.03820301009675574,-0.0049465876511508985
1749296439928639232,0.1603405063948138,-0.01679693736807586,0.005893343336468071,0.9990023210036583,-0.022797653983441364,-0.03801117092060906,-0.0054571501169816275
1749296440072439552,0.16974306492247493,-0.01874243897473793,0.006420035253807299,0.9990518042047294,-0.021308836667073817,-0.03745986348334368,-0.006179370759248086
1749296440131977728,0.1793928848906461,-0.020530758618175327,0.0066915526178203955,0.9991223502824375,-0.019061305764006137,-0.03666777433658862,-0.006831552815443391
1749296440272245248,0.18932089898194882,-0.022313563906261713,0.006442114304916924,0.9992037562854434,-0.016370221389658823,-0.035627347450785295,-0.007386568238017324
1749296440328646912,0.19888881307940576,-0.02389460557270695,0.005734007818605669,0.9992910330817107,-0.013066636441816675,-0.034391759783690024,-0.00799381470673286
1749296440467729408,0.20929997306712167,-0.025843421714435877,0.004780930068755573,0.9993827736399973,-0.009206062807506193,-0.032793355261113946,-0.008597442057302477
1749296440524894464,0.21975664869935496,-0.028598467548439643,0.00459438060833417,0.9994558188873419,-0.007089913876972642,-0.030869687836593517,-0.00921203486321557
1749296440663883776,0.23022276632765415,-0.03156773894828113,0.005280077124156346,0.9995289409107223,-0.0050860478039805234,-0.028673481332845953,-0.00968813025719753
1749296440722412544,0.24073160514118808,-0.034802836926321135,0.005835388684714893,0.999599371615541,-0.0033657554367433084,-0.02618890931836932,-0.010193575666556782
1749296440865229056,0.25132304350334245,-0.03831510766381552,0.005891253442027455,0.9996650326582359,-0.002091523006084689,-0.023449921911581375,-0.010749380180442364
1749296440923739136,0.2620565345364767,-0.04170941219802149,0.00546876290429088,0.9997252166662768,-0.0006131117617625433,-0.020464737039588402,-0.01141533150785661
1749296441074353408,0.2730407367928347,-0.044919372060153506,0.0047676454994953765,0.9997750059270955,0.0007189715369140534,-0.017262970936084716,-0.012304894874209082
1749296441132804608,0.2843282397774374,-0.04766839209598128,0.004227682893162221,0.9998111358134677,0.0021781202703070766,-0.013845438759231244,-0.013462998218680316
1749296441281710592,0.295968037491547,-0.04996642877235935,0.004044486097458222,0.9998265875707896,0.0048524817685744,-0.010529550937166454,-0.014573152174372843
1749296441341186816,0.30767988716174344,-0.05251589974661375,0.003641639736275515,0.9998195182162137,0.008038249647139102,-0.0073868204028096525,-0.015548389654405873
1749296441492247552,0.31941568759482664,-0.055386262724717916,0.004028887060655073,0.9997929355826892,0.011294367852083032,-0.004525540494211397,-0.016310815338466393
1749296441551559680,0.3313466123931148,-0.05882179159690981,0.0049012496238072245,0.999762261669069,0.013717305604154484,-0.0020641130886061274,-0.016822458395482222
1749296441703863296,0.34342590862987343,-0.06278190048779209,0.005298237790584803,0.9997289838982809,0.015758912455465398,4.184887878712515e-05,-0.017135159193981873
1749296441762141952,0.3555530188192195,-0.06743402305196344,0.004744393781086931,0.999711268704707,0.01669902013757175,0.001985806098733691,-0.017163290051986503
1749296441916016640,0.3676784779065043,-0.07208567214511419,0.0044464121327632,0.9996978998600443,0.01752357559164534,0.0036605430725021463,-0.016841429224249724
1749296441976059392,0.37977724059875584,-0.07673470198192867,0.004529988967012066,0.9996907368775033,0.018058283451043572,0.005103019579765312,-0.0163183391092474
1749296442128073472,0.39183054174081544,-0.08125094480273365,0.00471464121756604,0.9996775217546556,0.0188030592343258,0.006320553349817406,-0.015853960617226045
1749296442186829056,0.4037401025690581,-0.08573617224012064,0.004352116851360055,0.9996576654259497,0.01968060003253816,0.007459561573903427,-0.015542872277170463
1749296442342203904,0.4154454885804535,-0.09072796591407162,0.0036357544269849384,0.9996622234756005,0.018959607401871494,0.008671562835613504,-0.015516966229694718
1749296442399632128,0.4270163901606585,-0.09613671467581053,0.0024981442291776013,0.9996831815639861,0.016922083286437174,0.009932900431950376,-0.015764424644186537
1749296442553971712,0.43848373943340135,-0.10059491340151538,0.001373186644295199,0.9996693286334125,0.016479627595058405,0.011100066385812337,-0.016323106021253444
1749296442612084736,0.4498258581430701,-0.10415184536381261,0.0008085855578818801,0.9996283756883356,0.017162895130770996,0.012216330396158302,-0.017300486151598782
1749296442768323072,0.4611637772007944,-0.10766127425138805,1.9191628689796403e-05,0.9995952111622697,0.017560795183356907,0.01316776084391188,-0.018100894131044827
1749296442827869440,0.4725094556588578,-0.11084820605868728,-0.0006363059861196341,0.9995696784857195,0.018653489736556526,0.013702557444172196,-0.018020685117182966
1749296442984897792,0.48374555415880227,-0.11452630018115695,-0.0002969236137899678,0.9995762152196451,0.018548593234926657,0.013988139914624668,-0.0175405700564049
1749296443044254464,0.4948800627234968,-0.11852328983575422,0.00036907354450788077,0.9995968508817857,0.017880325017332017,0.014134569332119287,-0.016930553277638264
1749296443203406080,0.5061215369206336,-0.12259029304347102,0.0007825353026094106,0.9996348119414927,0.017240523145076018,0.013972284492730021,-0.01542019398174365
1749296443261503232,0.5176210192180282,-0.12702131904956904,0.0016677569414400573,0.9997037961441305,0.0158942829092894,0.013661169082943816,-0.01237191194203862
1749296443417768192,0.5293476286566943,-0.13198712059697648,0.0028195755760553887,0.999783408839153,0.013635018586962913,0.013240406064403151,-0.008480172483284401
1749296443476911872,0.5411041370799659,-0.13683096740123268,0.003711052300088724,0.9998339047488887,0.01243689999833106,0.012749321827112912,-0.0038653882043496865
1749296443635019264,0.5526312179767201,-0.14150242507337651,0.003413837385339402,0.9998502187497814,0.011992905140984705,0.012465686135311117,0.0005629933119102678
1749296443694067456,0.5638063950293795,-0.14569409614600648,0.0027258981309734587,0.9998446610806103,0.012271899754303667,0.01200024831114763,0.0040060236507835955
1749296443851126016,0.5746135787687701,-0.14917619237611923,0.002361132426849988,0.9998244181744202,0.01332020959106393,0.011529500279983684,0.006385566687937694
1749296443909078272,0.5851426570151528,-0.153470141689942,0.001674392860561813,0.9998389489185402,0.01169988371693477,0.011119611948062056,0.00784494592736808
1749296444066929664,0.5955725781088139,-0.15834786076144525,0.00037724918158721366,0.9998666137253017,0.008548336535297659,0.010641596250891635,0.008968674885978137
1749296444126521344,0.6059389721989135,-0.1616023673100191,0.00034133535517133495,0.9998625812495088,0.00862822012253644,0.009859592895532954,0.010156813600765514
1749296444285209088,0.6161239363710864,-0.16437266431631414,0.0009939767798265997,0.9998602754262866,0.008791833749156694,0.009018175878776008,0.010991168619241447
1749296444343997184,0.6261914990211928,-0.167005776887307,0.0014318773722710176,0.999862915852206,0.008728017556725415,0.008236454926678816,0.01140754238628996
1749296444502475520,0.6362329145303152,-0.16980144901119498,0.0015946292393334005,0.9998721606005286,0.008067069578058562,0.007456217030788599,0.011618505585634539
1749296444561283840,0.6463093540542184,-0.1717949185194385,0.0022263457517550655,0.9998684324447213,0.0087899159826851,0.006519600317438532,0.01197288558593259
1749296444717134336,0.6563571761892186,-0.17334624980037194,0.002887619419134513,0.9998635505307678,0.009685729723051368,0.005517273714924305,0.012191253032119419
1749296444773347840,0.6664769989068251,-0.17462163453975865,0.0031813308602455237,0.9998645789856637,0.010252290204954825,0.004595022801228972,0.012024974047014277
1749296444930261248,0.6766647722552994,-0.17566107975619616,0.002957541689198706,0.9998705558528153,0.010547510131548414,0.00381169452999772,0.011536574596338953
1749296444990157568,0.6869869704112643,-0.17659158725413615,0.0022091314791325978,0.9998776609300788,0.010704779415531284,0.003063215186934396,0.010985790066167619
1749296445147589376,0.6974049240928348,-0.17793339728945856,0.001045719989273497,0.9998851063088195,0.010439309907795485,0.0021675205397407955,0.010774824599935564
1749296445207977472,0.7077923592872892,-0.1794630693654753,0.00012652618149777695,0.9998793796528523,0.010775141851587898,0.0011108182532982794,0.011130523164420711
1749296445366246144,0.7181233441071937,-0.18142283367058987,0.00035025927505927257,0.9998724772314176,0.010609406233321093,-1.4684233247609263e-05,0.011936061279076806
1749296445425813504,0.7283667952534039,-0.18373297665044852,0.0007933346913246986,0.9998665036279274,0.01035539008384751,-0.0009705787829006774,0.012601539425855403
1749296445581509888,0.7385420616929861,-0.1858434607150743,0.0015055237410459554,0.9998586209658431,0.010722651058275969,-0.0017032108451937621,0.012839856205648334
1749296445641746688,0.7487322649362911,-0.18796357597570434,0.0021372896447937606,0.9998601914075109,0.010684131396480346,-0.0022490131351745944,0.012664474515589082
1749296445799859456,0.7590124484552176,-0.18993853879246814,0.0021600769074576753,0.9998597885557644,0.010944327111823932,-0.0026771056512923815,0.012387818154278115
1749296445860323072,0.7693712992387844,-0.1917924870664205,0.0019187664382531722,0.9998604468947703,0.011177855847920921,-0.0029827821181172133,0.012051775175025791
1749296446017213696,0.779779623013984,-0.19351540428359115,0.0015014935107409144,0.9998568487072302,0.01172814763012849,-0.0031793848905588154,0.011773876087794835
1749296446076863744,0.7901889603550343,-0.1949426667335148,0.0013732246487387911,0.9998454519222459,0.01287559343845165,-0.003224572185803682,0.011527944232433805
1749296446232518144,0.8006693199680464,-0.19630614177728134,0.0014592311569234795,0.9998328094110758,0.014067850194835493,-0.0031391143366686107,0.011251434452219463
1749296446291314176,0.8112825711648628,-0.19786344431948777,0.0013716274556503372,0.9998247042386053,0.014720085080906527,-0.0030303814190431946,0.011166766669517384
1749296446444466688,0.8219261390694848,-0.19940579550524973,0.0010904902190747023,0.9998102551908585,0.015559401127256369,-0.003032573257299561,0.011320872368792376
1749296446503535616,0.832528925826082,-0.2008510642028396,0.0006503841201097593,0.9997863389709464,0.016942073857213885,-0.0030807741607710177,0.011434656578097646
1749296446660664064,0.843138095477145,-0.20274775994388872,3.203347249547406e-05,0.9997748121911827,0.01759972641295154,-0.003049534425556373,0.011457524953598225
1749296446719523328,0.8537809023689458,-0.20541669963799336,-0.0006883888124309401,0.9997889053359534,0.01681504933512543,-0.0028860348382507236,0.011448566980429417
1749296446880773376,0.86437632335101,-0.20786274400176907,-0.0010252515216904179,0.9997928884580433,0.016760054517347973,-0.0026039052588339136,0.011247241381825018
1749296446940971264,0.874921157158091,-0.20995342209152046,-0.0010235591798859467,0.9997856572578685,0.01739110295764281,-0.0022814582981194823,0.010999273948876658
1749296447097293568,0.8854629609492126,-0.21203025283971844,-0.0010084364326945483,0.9997819889574824,0.017719712679239726,-0.002034702230930835,0.010855704749914867
1749296447155505664,0.8959410413185802,-0.21371433720719057,-0.00042777360392687314,0.9997646639937596,0.01860779491636919,-0.00192777187649617,0.010984092743045758
1749296447314607616,0.9063331832994583,-0.2152310842477041,0.0002167604951126556,0.9997410666614491,0.019749672119260014,-0.001848162600141449,0.011150532579781663
1749296447373354496,0.9166376889663015,-0.216701019001607,0.00044558778636938356,0.9997099031962665,0.021254180164683282,-0.0016647524877771058,0.011207045819166275
1749296447529364224,0.926918579963596,-0.21801544263432326,0.0007150039530881003,0.9996654902851512,0.02335398783419114,-0.0013273716219129902,0.011033443241621855
1749296447587947264,0.9372627039946462,-0.2192961176768602,0.0011518102006595754,0.9996153572109491,0.025639845229856777,-0.0007832799858700322,0.01054146275806063
1749296447746096128,0.9476826941758598,-0.2210358277043234,0.0012713493260703146,0.9995782301597106,0.027289483465602803,-0.0002411850211201773,0.009929134541679098
1749296447802791168,0.9582094743786813,-0.22419519000251853,0.0017279212518168663,0.9996283590896362,0.025501823631890283,-0.0001658220373551661,0.00963188446055738
1749296447958205440,0.9687487851321261,-0.22764385703730117,0.002078665264981794,0.9996909696521381,0.022840773405722308,-0.00046372607609925615,0.009800470617395148
1749296448017138176,0.9791917137923423,-0.23003808988836827,0.0021235261790084614,0.9996947155156,0.022557504186783876,-0.0008147780979509419,0.01004842831979797
1749296448173193728,0.9895494449926625,-0.23201213384248032,0.0024040599177839184,0.9996883341682198,0.022673652584897577,-0.0012746713189076887,0.010368954598110078
1749296448231708928,0.9998307554126962,-0.23388307179687917,0.0031847383529699513,0.9996932976931849,0.022242159899521666,-0.0018971033627849124,0.010723705943381009
1749296448386418688,1.0101172818494177,-0.23557911878901727,0.0035818462809396046,0.9996941074234231,0.021957982159103325,-0.00260324204551863,0.011079789404048924
1749296448445166592,1.0203463141384206,-0.23715414203242524,0.0038719466589483,0.9996973211945203,0.0214172910532822,-0.0034409794232216884,0.011607122858323212
1749296448601592832,1.0305650468425749,-0.2386536974316007,0.003733481080059331,0.9996945644461305,0.021041594764957285,-0.004437887180254727,0.01217925547740557
1749296448660078080,1.0407144996536908,-0.24017949292073126,0.003328250066687133,0.9996939609328135,0.02051619201206915,-0.005520252742016052,0.012672693062278365
1749296448816258560,1.0508217331313983,-0.24180196748371152,0.0034192180095260483,0.9997098234997849,0.018945069412724915,-0.006782998514413616,0.013241754949006066
1749296448875382784,1.0608508673166215,-0.24345569518382426,0.003710424369270271,0.9997287902876555,0.0173269677394366,-0.007937720388326835,0.01338337229453902
1749296449024322304,1.0707865871322508,-0.24479830228209742,0.003631283742339786,0.9997314850858071,0.017103246365712522,-0.008842159353567837,0.012893909796740322
1749296449082556160,1.0807570190494777,-0.24603173861865368,0.0037750056374319385,0.9997302058880793,0.017401920228620596,-0.009481117925644073,0.012115981603468294
1749296449233925888,1.0907537677362322,-0.24751600222295878,0.004635523771659322,0.9997470235021503,0.016828675567642795,-0.00984053869177202,0.011218220691617624
1749296449289477888,1.1007663102909366,-0.2493103494569331,0.004926506711296685,0.9997706044592752,0.01608572101714288,-0.009929288755543164,0.010069620812275977
1749296449439069184,1.1108146739773486,-0.251391919925144,0.004705255965811617,0.9998020942558777,0.014981256119229859,-0.009727418081782771,0.00875851723256257
1749296449497678848,1.1208901079810105,-0.2538841042961044,0.004260712455461668,0.9998489932395181,0.012858542440585551,-0.009204677317176276,0.007205728256895205
1749296449648035072,1.131075367860403,-0.25702697578613165,0.003339311777373677,0.9999054748559836,0.009222522848980811,-0.008547238910106938,0.0055615764261060215
1749296449705555456,1.1413406191891227,-0.26044907178660726,0.0019800073671469853,0.99994983117973,0.005082889766998979,-0.007706217930033104,0.003887616295474336
1749296449856197888,1.1516544175586718,-0.2628378459372298,0.0014023394479720785,0.9999694593586864,0.0040049322617102786,-0.006394736660153675,0.0020367156214383124
1749296449913056000,1.1622391068110032,-0.26485149457313906,0.001219834697458566,0.9999814347624871,0.003520496784383118,-0.004912069091205588,0.0007796216979518773
1749296450069238784,1.173099246109599,-0.26658304921484977,0.0010717449774944043,0.9999897365631605,0.003053945963852109,-0.003344904297491966,0.00010861690038850574
1749296450126364928,1.1840652922493726,-0.2682896878548595,0.0003014001165175806,0.9999945062807784,0.0028448901396139962,-0.001669984512202698,-0.00032428395739444896
1749296450278388736,1.195119167725951,-0.2699089160814978,-0.0009272162951856622,0.9999949636779981,0.0031093862141908907,9.194963961510099e-05,-0.0006291909679380511
1749296450334382080,1.206205737717918,-0.27141984373512074,-0.002352877428411837,0.999989517850821,0.004014577404210488,0.0020251808375209464,-0.0008637125235970794
1749296450491398912,1.2176434858446799,-0.27380084927702697,-0.0037930188341648297,0.9999867654201361,0.0033580149087044167,0.003894518671900701,-0.00015951413951618805
1749296450548601600,1.2295844582107383,-0.27665774865588766,-0.004090306411641542,0.9999780815069895,0.0023123548669027262,0.005816808817658377,0.0021573724177150907
1749296450704157952,1.2421747059808639,-0.280196044450685,-0.0032362301700472607,0.9999509642381765,-0.0003883947897207966,0.007693200295682864,0.006223579182324479
1749296450760699136,1.2552919551762822,-0.2841617314484495,-0.002951628052784372,0.9998817341622196,-0.0034990826077959873,0.009462820734989353,0.011607287943090034
1749296450915085312,1.2686837963541118,-0.28795655368613726,-0.0038487852345383544,0.999761150550525,-0.005325924467930656,0.011276307718929382,0.017947736979363225
1749296450972796672,1.2820959936298886,-0.29099315014145777,-0.005536776522370612,0.9995910866958234,-0.004724854837712423,0.013394591537962838,0.024817736854040227
1749296451134326016,1.295182380339034,-0.29453557844295997,-0.007495491899261353,0.999380156262185,-0.005329595773860046,0.01564497104550291,0.031082689060685866
1749296451192438784,1.3082960812686841,-0.2991167534369321,-0.010195037631841597,0.9991318839927323,-0.008363126283913034,0.0173946761623481,0.036918311839787506
1749296451352605952,1.3212565077144127,-0.3031569697072296,-0.012073855580676085,0.9988857626697616,-0.011238598230681901,0.018983472709551218,0.04171995696718421
1749296451410760960,1.3339455825486706,-0.3060849327059616,-0.013421632176011666,0.9986830464532379,-0.012446496190886473,0.020518450084619624,0.045345900206911406
1749296451577223424,1.3464431223778481,-0.30873778828920795,-0.01351186224106149,0.9984989697376933,-0.014225349660799287,0.021705063200015515,0.04823211680277447
1749296451635103232,1.3588407866617893,-0.3113095165645765,-0.014064930402133413,0.9983125431141044,-0.015604524290099968,0.022575288209006023,0.05117539882609219
1749296451800847104,1.371062058399903,-0.3136160174703466,-0.014584872296259821,0.9981333437561232,-0.016249583085396754,0.02302778634355234,0.05418025643984621
1749296451859554560,1.383011072466291,-0.3156700522650997,-0.014524862046811027,0.9979546712451193,-0.01691541287127194,0.022941193729091286,0.05721926753922059
1749296452024528128,1.3946003141863557,-0.3174167439964073,-0.014686800373544973,0.9977837468450078,-0.017006879154494822,0.02248505426774432,0.06027257193731032
1749296452083954688,1.4060715210141015,-0.31956740599713296,-0.015448910148299522,0.9976207296801696,-0.017544379177845106,0.021708721584958075,0.0630381303562918
1749296452247227136,1.4172341988056552,-0.32191163445245685,-0.01613849388992783,0.9974670340152864,-0.018778882735414983,0.020637561972786975,0.06542905051868338
1749296452303929600,1.4279894820783259,-0.32428651911716777,-0.01679728236932876,0.9973383743608971,-0.020666200573304278,0.019513502300982363,0.0671438635243528
1749296452476841472,1.4383826090091647,-0.325827635048932,-0.01751254365268462,0.9972713547467457,-0.021221601049121634,0.018422440212511704,0.06826494229924167
1749296452534620160,1.4485838825477244,-0.3270858404829724,-0.017835394380918856,0.9972267779138861,-0.02191605191813466,0.01727097630107049,0.06899386536075783
1749296452697664000,1.458793356723099,-0.3278735159328976,-0.01737107144759742,0.9971974795371441,-0.021972250551673542,0.01588480122662841,0.06972861751427517
1749296452757560320,1.4689812218603406,-0.32833421613084557,-0.016813299020732142,0.9972069628902349,-0.021061143674124556,0.014302820173635994,0.07021488962785676
1749296452922745088,1.4782170242020762,-0.32890061443144614,-0.016287205340606015,0.99727123398956,-0.01965155146440964,0.012541163967452978,0.07004728109158485
1749296452979832576,1.4881228448227968,-0.33006252797549873,-0.013990166476442134,0.9973734032085342,-0.018733057021775523,0.010438457875404504,0.06918385464853014
1749296453140325632,1.4978421648195988,-0.33219628997682715,-0.011726725544985328,0.9974619923369096,-0.019541165686795883,0.008471316175305471,0.06794080871716238
1749296453195133440,1.5075465169667783,-0.33505476540659096,-0.010139908414445564,0.9975119362267559,-0.022546150064800295,0.006370077526967383,0.06649082880145601
1749296453354762240,1.517519914958894,-0.33699907179192756,-0.008621245356992269,0.9975615666860755,-0.02471331327275571,0.0042887350539867666,0.06512894571188745
1749296453414153472,1.5272766277395022,-0.33774406184917183,-0.007432821946559365,0.9976208083458386,-0.02600361190085609,0.0023832262716791414,0.06380325349105039
1749296453572095488,1.5369750080696685,-0.3376788029345308,-0.007110128131453841,0.9976736010233999,-0.026816524463691652,0.0006340944705255193,0.06267262369561974
1749296453630263296,1.546844474057596,-0.3368716319772096,-0.007514507995200592,0.9977090234821496,-0.02733617225168622,-0.0009867811037688043,0.061874586155990015
1749296453792107264,1.5569570111619613,-0.3357148947770572,-0.008234134051827713,0.9977053852296894,-0.028573321622678467,-0.0024688801089778225,0.061330532413567965
1749296453851004416,1.5668539025944614,-0.33427917274268903,-0.008618368709016888,0.9976626007971658,-0.030400520815872897,-0.0037336881853138265,0.06108357289233806
1749296454005242880,1.5759509010397852,-0.3329116744813643,-0.009429649733640133,0.9976111321591371,-0.03187281743557493,-0.004789664202661028,0.0611000132382053
1749296454062743040,1.5865777845849527,-0.3314753836671471,-0.010766034201058261,0.9975593778011844,-0.03333026795001877,-0.005879056752055801,0.0610722333880124
1749296454216179968,1.5956536521139761,-0.3302836751003335,-0.011821007098081981,0.9975537221488099,-0.033338219235446026,-0.006601911937441243,0.06108640866866096
1749296454273271040,1.6056088789997132,-0.3295253333324917,-0.012500485204504308,0.9975554352925705,-0.0330605700037458,-0.00718475283478413,0.06114353241333581
1749296454425496832,1.6156371083014949,-0.3288832629898577,-0.01250378970506727,0.997569341652672,-0.032679349508325524,-0.007365078610029172,0.061100117245675274
1749296454482816512,1.62581586424856,-0.3282796863443336,-0.012616312297257792,0.9976092640170998,-0.03136666717802986,-0.007261895993982056,0.06114861735129689
1749296454635578880,1.635927820798723,-0.3279021518850893,-0.012976668552194148,0.997672277737858,-0.029521072636828447,-0.006770683452271659,0.061095747391403755
1749296454693137664,1.6461202480801016,-0.32759928960471996,-0.013788279460135389,0.9977586085229337,-0.026945605009855975,-0.005826607496889609,0.060973306734248923
1749296454848052480,1.656458509157479,-0.32766358376808924,-0.014941064336661203,0.9978392106842295,-0.024670899172148656,-0.004429866176703088,0.060734114307924046
1749296454905127936,1.667084350177599,-0.3283141187810994,-0.016088293952619015,0.9978874759477475,-0.023635877562447793,-0.002675509017953845,0.0604547127193695
1749296455060287744,1.6778785361777744,-0.3291776718769288,-0.01728357095644384,0.9979354465450735,-0.022896474123683105,-0.0005773160638237306,0.06000218919131665
1749296455116990720,1.6887832299894932,-0.3299252904268135,-0.019188644065935456,0.9980079668003541,-0.021628001706019924,0.0018612767602128363,0.05923565981779562
1749296455272700160,1.6998974620166356,-0.33017840832141765,-0.021140238003138023,0.9981147272617839,-0.019132252079216365,0.004545797990631222,0.058140208755565526
1749296455329138944,1.7113580147610814,-0.33040988394235615,-0.022611202866981372,0.9982204274344532,-0.016671355687902026,0.007206987203694992,0.05679879829319141
1749296455490887424,1.7229673930159022,-0.33125240001734557,-0.02259702227148841,0.9983077522405451,-0.015785070046836346,0.00953395721433514,0.055150403805247536
1749296455550496768,1.7346673493188236,-0.3331074586613463,-0.02166648964565976,0.9983528407636845,-0.0172328785051244,0.011274050321488708,0.053549313971864416
1749296455709909760,1.7463126025790237,-0.3349351519327355,-0.0210427171143861,0.9983754961809616,-0.018442135322710707,0.01269181103967398,0.052394410032855804
1749296455767366144,1.757791895183217,-0.33627084556261,-0.020788386212938104,0.9983711488358897,-0.01880804892149144,0.013749296570421518,0.052079394309948006
1749296455928192256,1.7689681036886138,-0.33709177821967184,-0.020499493733311613,0.9983436718926498,-0.018665464677117473,0.014440879780469111,0.052468792738680534
1749296455985882112,1.780025257207189,-0.3386817626709018,-0.019975435361228477,0.9982575115063516,-0.020983521630813556,0.014499432894588184,0.05321089161864004
1749296456148444416,1.79123753137451,-0.3406168020032645,-0.020345574676964517,0.9981728835099266,-0.023359729571671674,0.013840076895146207,0.05397842097869375
1749296456206984704,1.8026818300110379,-0.3423639143250359,-0.020568348760347632,0.9981638889602533,-0.02405386517818199,0.012737473271734105,0.05411117371102639
1749296456369315584,1.8140573670333575,-0.3441382430277429,-0.01952654208647031,0.998184224418918,-0.024438310642534582,0.011155750007727115,0.053912636143187496
1749296456426026240,1.8251365186969357,-0.3456583557944839,-0.018853596924788718,0.9981888484880078,-0.02440800208399002,0.009192961257085823,0.054210346353610696
1749296456586445312,1.8358854191508258,-0.3469423685873627,-0.01859372565212203,0.9981707803950424,-0.024578735333606546,0.007096268742699955,0.05477793264521905
1749296456644218880,1.8463070005958535,-0.3478009248392189,-0.01865433896820745,0.9981740554309675,-0.02412611806690934,0.00494793933319119,0.0551543596452053
1749296456803174912,1.8564474675823353,-0.34839238542324047,-0.019475947725078324,0.9982078942188728,-0.022846252468218753,0.002889101702027593,0.05523315814469629
1749296456863732736,1.8669697232126508,-0.34898761161409286,-0.020013684812505872,0.9982363629421614,-0.021430296326606993,0.0007354054701178381,0.05535670942310285
1749296457030766336,1.8766210231999065,-0.350050995660971,-0.01942014227324451,0.9983001704750548,-0.020786376903138743,-0.0010884414591209137,0.05443814342818275
1749296457094598400,1.8860467796925655,-0.3512670795904951,-0.01771551606640598,0.9984376468260578,-0.019147259430350907,-0.0024058251171846937,0.05243910623052775
1749296457253037568,1.8953761237054727,-0.3528714858609643,-0.016671904106212665,0.9985953306155619,-0.01724164814966118,-0.0033167600443582326,0.049990902619258225
1749296457312903680,1.9049215299653133,-0.35493900513305743,-0.0162764748066353,0.9987170639964674,-0.01619469001140449,-0.003965941727733735,0.047814531305062816
1749296457473497344,1.9144030486290196,-0.3572558864313846,-0.016304474566557925,0.9988742060767513,-0.01528341842200809,-0.004282647531315415,0.04470342812358147
1749296457538333440,1.9237019134655773,-0.359948635406969,-0.015896672591452887,0.9990816019195612,-0.013957209486156261,-0.00391439985391157,0.04032153869815299
1749296457697651200,1.9328638530491116,-0.3636479448215608,-0.01581392043208929,0.9992605574743564,-0.014376503336293605,-0.0033375107478424305,0.03550373853368397
1749296457756160256,1.942036197207588,-0.36690385667356384,-0.015676219552453574,0.9994694213642648,-0.012871096279170286,-0.0023335121060156245,0.02982893493916672
1749296457919697152,1.9516354445886952,-0.3704291807435407,-0.015900696934671554,0.9996458511006241,-0.011340616271346355,-0.001007806317806479,0.024053006596278636
1749296457980055552,1.9614837945877053,-0.3733123037733188,-0.016126186182004787,0.9997687923717873,-0.008384010784004251,0.00020356788124423873,0.019799715218900147
1749296458137475840,1.971966042532534,-0.3764043360279663,-0.01614441689702817,0.9998334542329124,-0.006542993343199827,0.0015434040191046445,0.01696675982111903
1749296458194275328,1.9828101904421795,-0.37941520370426396,-0.016611147540219307,0.9998737343935955,-0.005040378292925085,0.0029556351641876694,0.014777485484560078
1749296458356396032,1.993733447938515,-0.38251241660440716,-0.017224299387536668,0.9999067578910592,-0.004346313380463905,0.00425640487984865,0.01222571475572194
1749296458414072832,2.0045727786572014,-0.3864243018606288,-0.01789740554884167,0.9999256660086085,-0.005716959688512969,0.005440894352379485,0.009293841929322992
1749296458574293504,2.015471845480105,-0.3903084362657392,-0.01779226726507499,0.9999388402315855,-0.006628531597844083,0.0065993355744089505,0.0059014519522480775
1749296458632713984,2.0266610085276393,-0.3940415794683245,-0.017396058613011522,0.9999501504467936,-0.006149839150121783,0.007587648642781535,0.002074533185125724
1749296458790777600,2.0381857658509026,-0.3976731138325622,-0.01694050138991887,0.9999532991993014,-0.004304930546823354,0.00834997505948975,-0.0022682393889126625
1749296458847996416,2.049869789060938,-0.4015460856471993,-0.01644114271504904,0.999933706051621,-0.002293198554924102,0.008836550829390177,-0.0070171298760515
1749296459009855488,2.0615256027577935,-0.4061255805210733,-0.01701668536649681,0.9998905328229579,-0.0014803285955140221,0.009183526815585982,-0.011506251930923589
1749296459068315136,2.073278549851577,-0.4104994381843925,-0.019030219822465444,0.9998411154381363,0.000875634506393786,0.00913770335077369,-0.015280036685434779
1749296459231035648,2.085095125517987,-0.4151479246192329,-0.02056316618516485,0.9998014194760337,0.001636345097835671,0.008777040134034875,-0.017815935420693648
1749296459289544704,2.0969578441065138,-0.4198722709779803,-0.02093178670807916,0.9997943678881637,0.0003055012289233595,0.00774899405320657,-0.018737174260534027
1749296459447429376,2.108692830106281,-0.42410271961190116,-0.021489109388937333,0.9998094419838062,-0.0001314870490582659,0.00672664644758106,-0.018325246485522865
1749296459505796608,2.1195226938508642,-0.42786217167131824,-0.021360972379221188,0.9998314992712997,0.0007349687303505083,0.006238436315958141,-0.017248617283780875
1749296459666789376,2.1296502327072817,-0.43207806281382055,-0.02034260162355217,0.9998600243702899,0.0006798199024430833,0.0056564137059874715,-0.015731322103697657
1749296459723540992,2.1392887151937447,-0.43652087755168356,-0.01933924432305556,0.999894513502686,0.0008271446334788268,0.0049195702607660735,-0.01364095038593572
1749296459880466688,2.148306201544223,-0.4412188824712633,-0.018827689847210838,0.9999290825855187,0.0010601542829869709,0.00428316423080624,-0.011061662476824356
1749296459938637312,2.1568040268794983,-0.44657537369333955,-0.018489410566546738,0.999964577034821,-0.00031373747796758155,0.003426805885091905,-0.007681357028039634
1749296460102633472,2.1652236814035817,-0.45228712520006553,-0.018935926351264065,0.9999887602881324,-0.0010780048721747066,0.002589781220203648,-0.003822333859167855
1749296460166956032,2.1716538422067297,-0.45727282720240314,-0.018368664105306465,0.9999958876262598,-0.001619489285763583,0.0021543396115241316,-0.0009802070496440158
1749296460328167424,2.177458943933376,-0.4626842995977878,-0.017930883815787446,0.9999925346206409,-0.0029342271149325107,0.0017557416908380713,0.0017995514271816517
1749296460393992448,2.182381212952626,-0.46765296164773407,-0.01764487834972117,0.9999833414297569,-0.003766870600776997,0.0014909710793564288,0.004111514817640227
1749296460561888000,2.18659982858741,-0.47254620388701785,-0.01720123390696715,0.9999719510804976,-0.004627761570831243,0.001436634396056356,0.005711125696244546
1749296460630774528,2.190015558294782,-0.47692856231076775,-0.016867537203209437,0.9999614485108462,-0.005362203945728211,0.0014345628965030653,0.0068036968061878965
1749296460813794816,2.1927379038198316,-0.48063254498772867,-0.016504130020102536,0.9999559100483115,-0.0051996276625252465,0.0013887649877326914,0.007695008994979598
1749296460897699072,2.1948624496510623,-0.48394364751481955,-0.016348658711498487,0.9999501052600639,-0.00481879447467543,0.001169872722970061,0.0086716554365421
1749296461083999488,2.196490341743606,-0.48697611986392353,-0.01621682829501392,0.9999371816765344,-0.004918915913206,0.0006723094272882152,0.010049127676680146
1749296461183912192,2.1975684054277536,-0.4894136081175757,-0.01625470820738162,0.9999244486866689,-0.004926643464241148,7.415071521951291e-05,0.011261421069701263
1749296461412281600,2.1980643564402365,-0.4908786679531456,-0.01632425406590432,0.9999179273756909,-0.004942432369744963,-0.0004224733504787257,0.011812382962012482
1749296461535201024,2.1982396544341922,-0.49123030233507947,-0.016348327830929765,0.9999172092367445,-0.0047856436033064265,-0.000724614954507479,0.011922550929675866
1749296461759506688,2.198299010807097,-0.49122719901318224,-0.016474810214293978,0.999916516347135,-0.004953145021371363,-0.0007820652111054014,0.01190861304320938
1749296461884666880,2.198313617550295,-0.4912725448952271,-0.016482593292355574,0.9999167228963081,-0.004953377407063599,-0.0007998183351165357,0.011889979613186587
1749296462108968192,2.1983230487589904,-0.4913254561318716,-0.0164919378096533,0.9999169536405381,-0.004951764844088864,-0.0008223743986833212,0.011869690286743152
1749296462235272704,2.1983263683265464,-0.4913685085382564,-0.016499231450564977,0.999917006429654,-0.004955380593920893,-0.0008403200010172332,0.01186247521493313
1749296462458935040,2.198333209715625,-0.4914192083820641,-0.016506192068659775,0.9999171160295434,-0.004953678297810585,-0.0008616435673590669,0.011852413798268065
1749296462582695424,2.1983386521270702,-0.49147042319740475,-0.016512573359776184,0.999917156661896,-0.004954562514212995,-0.0008824980700375644,0.011847080679994489
1749296462805977088,2.198339547424266,-0.4915103813347379,-0.016520125197511337,0.9999171659536822,-0.004955624374134556,-0.0009024719528616844,0.01184434728437398
1749296462928912640,2.1983473569463636,-0.4915558660121091,-0.016526293649309576,0.9999171428862237,-0.004958637948446584,-0.0009198701453157942,0.011843694983545216
1749296463156701184,2.1983529241495914,-0.4916016780181067,-0.016533163785172,0.9999171550407899,-0.004957677939278307,-0.0009402576398976213,0.011841469509897916
1749296463279199232,2.1983564982354995,-0.4916501073595647,-0.016541678844171237,0.9999171948116137,-0.00496218036123915,-0.0009606426556940931,0.011834587099859491
1749296463507154688,2.1983599459875043,-0.49169888246231697,-0.0165496288932383,0.9999172427608891,-0.00495997817405695,-0.0009835258436427326,0.01182957830562124
1749296463630109952,2.1983628974953797,-0.49175015741867156,-0.016555799095420376,0.9999173470946591,-0.004957847709811683,-0.001002838608820722,0.011820027072306487
1749296463853745408,2.1983683314321874,-0.49180227824480216,-0.016561730659766738,0.9999173515154001,-0.004957901748630523,-0.0010212900659413435,0.011818050400971811
1749296463976537856,2.1984249494371806,-0.4919038322507676,-0.01656453649453793,0.9999145446189202,-0.004936165043379228,-0.0010503504713228608,0.012059622634627811
1749296464196827648,2.1986525452747903,-0.4922408838877379,-0.016555718737583103,0.999901482536901,-0.0047976096645783155,-0.0011123700475123746,0.013144230479233455
1749296464287181824,2.199065560979687,-0.492790880656254,-0.016390477382253188,0.9998697869687094,-0.004377505121540887,-0.0010981770669259954,0.015493242500780768
1749296464461613824,2.1994403949729175,-0.4936388516686385,-0.016196799272919282,0.9998054690452247,-0.003662470636205733,-0.0009419567992488712,0.01935776571521439
1749296464526021120,2.1993135895744276,-0.4948764023485026,-0.015461919292709236,0.9996937736001162,-0.002975735386061283,-0.0006030128334682003,0.02455891690597237
1749296464686595072,2.198642152173972,-0.4969792682350045,-0.014236271835585512,0.9994854415771026,-0.0027174962407085436,-0.00023433702424627837,0.03195954279656058
1749296464743662592,2.1976696828470192,-0.49918770569192894,-0.013399486910558256,0.9992352611386016,-0.0021067471141417923,0.0001127058233123076,0.0390441008510305
1749296464899455744,2.1963958169213935,-0.502118335770418,-0.013002021420677412,0.998888902192264,-0.0020951253918623344,0.0005924077776257858,0.047076752009363385
1749296464957090048,2.194790094315093,-0.5053207699289182,-0.012524760226590548,0.9984496962055274,-0.0023715805016222054,0.0012061934612581195,0.055597885304647
1749296465111699456,2.1927876294535236,-0.5088016197954497,-0.012298739901778433,0.9979041389024638,-0.0023856905500189113,0.001850040276056006,0.0646391165851517
1749296465168873216,2.1908780084163273,-0.5124765744342872,-0.01192647218926135,0.9972725855921496,-0.002762000192011418,0.0024040258582420627,0.07371554816292959
1749296465325672448,2.189547608578924,-0.5159434145089881,-0.011695333551254183,0.9966486264200562,-0.0027499290995287606,0.0027775308193578206,0.08170825336225288
1749296465389106688,2.1883328331498886,-0.5189546499061919,-0.011762363158990041,0.9961725050641531,-0.002624096817452812,0.003081909893043827,0.087315268432926
1749296465566105344,2.187303613835875,-0.5211276464058407,-0.012033507381002284,0.9958770997757205,-0.0015179542143928613,0.003310766228311788,0.09063959832371415
1749296465658927104,2.186588801521867,-0.5225529911117599,-0.012361342550950116,0.9957327451352385,-0.0002465187453100407,0.0034600266316125593,0.09221858657374248
1749296465880129792,2.186228740216894,-0.5230471307903377,-0.012334373531621257,0.9956750264076986,-0.00017832381669081576,0.0034807361720600514,0.09283907832559482
1749296465995538432,2.1861686597576373,-0.5230901144588609,-0.012362441093423993,0.9956717046239979,-0.00022473045171977817,0.0034157893033202984,0.09287700733120886
1749296466215182080,2.186169201241055,-0.5231217282898601,-0.012394141448229146,0.9956717729285378,-0.00025877435558145786,0.003385946006175151,0.09287727923888811
1749296466331616768,2.186178106440998,-0.5231612057143646,-0.012418522067247917,0.9956727744926349,-0.00028432901476130963,0.003360902321991502,0.09286737654705077
1749296466548427008,2.1861785346000793,-0.5231863442748459,-0.01244729123992494,0.9956739450467498,-0.00032056620269284406,0.0033033886142544043,0.092856771514062
1749296466661756416,2.1863976390718785,-0.5231534036774921,-0.012473114291474907,0.9956785049731582,-0.0004331815849552986,0.003130069476897234,0.09281341364910901
1749296466875236864,2.187528747967584,-0.5229016550023049,-0.012444020168131065,0.995689240447697,-0.0008522110305193938,0.002334140075199981,0.09271872509454196
1749296466970109184,2.1901009783986276,-0.5223434458644336,-0.01241120526343975,0.9956951488120488,-0.0016125508151606065,0.0006045580294120522,0.09267256779441063
1749296467146585600,2.1941432468039013,-0.5215118127411209,-0.012441943275006473,0.9956835665670676,-0.0030440343311257103,-0.0018877207681250875,0.09274376331363955
1749296467212119808,2.199627002591619,-0.5202140991871449,-0.011876015294954634,0.9956412727588189,-0.004009723573313531,-0.004577131786917883,0.09306679300733635
1749296467373203456,2.206571467593719,-0.5190367545784911,-0.011326361035588484,0.9955457167736639,-0.004907938619456461,-0.007462241669293457,0.09385602219031222
1749296467434223616,2.2144123879426685,-0.5179113269649447,-0.010789326067084826,0.9954344114360397,-0.00591023762237911,-0.010231487483467964,0.09471387587944934
1749296467590535680,2.2226224378040293,-0.5165851453523347,-0.00974850506096292,0.9953663496721638,-0.0070377972646252325,-0.012561927762815344,0.09507101199027891
1749296467648294400,2.231477676730437,-0.5151979171059535,-0.008911788168822987,0.9953342072658039,-0.007803179997403613,-0.014505840431305608,0.09507106195821742
1749296467799028736,2.2406709184643234,-0.5140429095702492,-0.008721698621462881,0.9953294426062064,-0.008625491347509074,-0.01606088736549397,0.09479952255821388
1749296467857427200,2.2500310842700264,-0.5132632435288373,-0.009187168331015627,0.9953598674166421,-0.009693565645022606,-0.017209860435096085,0.09417319058636009
1749296468009960448,2.2594447861571276,-0.5129971640785556,-0.010352353963763328,0.995426428633252,-0.011263334423895358,-0.01795587986772224,0.09315014146140772
1749296468069319680,2.2689011567136155,-0.5130353328330308,-0.0115746656217115,0.9955132976468645,-0.013122359086873162,-0.018402023777029073,0.0918827699907354
1749296468224344576,2.278409679843231,-0.5123630805975159,-0.011342295838888905,0.9956014122718208,-0.013090487783056076,-0.01862159285082126,0.09088290978867189
1749296468282452992,2.288144912624953,-0.5115577922700032,-0.010650450360613739,0.9956736777143599,-0.012102652209699903,-0.01867586680958736,0.0902145515710341
1749296468433619712,2.297658569100857,-0.510787607047348,-0.010662442065592082,0.9957203615808524,-0.010466236291556477,-0.01875642057436109,0.08988668487837063
1749296468487986688,2.307517072909595,-0.5101276227076541,-0.011104816300642195,0.9957542908764777,-0.009048586383414334,-0.018826424214808186,0.08964976874944337
1749296468638435584,2.3176734726319976,-0.5095830977699887,-0.011968954649900887,0.9957917531739698,-0.007660495119705899,-0.018826755244141128,0.08936248884296898
1749296468694315008,2.32788670319211,-0.5091873607133133,-0.013315672631825315,0.9958329363910636,-0.005675533812839515,-0.01870439846491474,0.08907691391576532
1749296468845679360,2.3381924858200436,-0.5094861031980802,-0.014258217128633177,0.9958829301297892,-0.004643113244595896,-0.018418631587142114,0.08863625096968016
1749296468903031808,2.3487193739524965,-0.5105622268270951,-0.013592188484516043,0.9959204481857836,-0.005913383871897069,-0.01807808035872489,0.08820813900743371
1749296469056065024,2.3592696309199583,-0.5115538662699546,-0.013284737045290207,0.9959473954486623,-0.006823869763722703,-0.01769415642347495,0.08791551131020807
1749296469112275456,2.3697825505564465,-0.5120475778928508,-0.013230233142927261,0.9959826341801683,-0.006656856741727351,-0.017203565532936713,0.0876260007235682
1749296469264204800,2.3802528237078757,-0.5120356673359936,-0.0133649928525017,0.9960389300666435,-0.0057421855527799584,-0.01660553398451262,0.08716497770241576
1749296469322092800,2.3907367046469647,-0.5114395800430174,-0.013608446008389397,0.9960801474148497,-0.004150930562039831,-0.016053255767730826,0.08688729873080499
1749296469476081152,2.4011900053391453,-0.5111244566049784,-0.013478749532829237,0.9961008700113888,-0.004281097232336472,-0.01571392399895942,0.08670525682792637
1749296469533107712,2.4116932685389583,-0.5112856464354625,-0.013314467527470786,0.9960852231891615,-0.0060924958731713,-0.015612782153975107,0.08679487698963773
1749296469686392576,2.422112045422697,-0.5113270785958415,-0.01316621411185892,0.9960419137422737,-0.007683626724700909,-0.015587837584385736,0.0871693023284408
1749296469744306944,2.4324144170599413,-0.5111313527380394,-0.01296706903172451,0.9960132500864324,-0.0088402300752037,-0.01553132520432434,0.0873969903479338
1749296469903402240,2.4427631447839855,-0.5111091986239265,-0.012803011158155186,0.9960355965724847,-0.009853735062570769,-0.015589206404797244,0.08702281832645822
1749296469961197824,2.453029718112462,-0.5115404874159575,-0.011972412340695016,0.9961270930189153,-0.01107279433174506,-0.015563654933226248,0.085825290121802
1749296470116636672,2.4631241038605625,-0.5119592115144149,-0.011505630952236334,0.9962491703041468,-0.011524338966462159,-0.015414017497416301,0.08436343013578004
1749296470175759104,2.473186065007674,-0.5121794291739228,-0.011606731374099066,0.9963183202929979,-0.011772639399433337,-0.015578158323499527,0.08347772513286314
1749296470333123072,2.483380861327791,-0.5117661942394669,-0.011328111859602252,0.9963346612562491,-0.011711819574165777,-0.01583456672741334,0.08324267269983968
1749296470391223808,2.4939546014946705,-0.5106762339536424,-0.010511600677361344,0.9963436165459609,-0.011000817011505133,-0.016193820642237605,0.08316333306332419
1749296470548794368,2.5031805073222286,-0.5098893546267149,-0.010148933192368315,0.9963605377501151,-0.010973504862465526,-0.016540299302753077,0.08289559399817377
1749296470606523136,2.5132173928287287,-0.5090436226728476,-0.010136135674486901,0.9963776989727205,-0.010725674244788031,-0.016920888164037265,0.08264456694521154
1749296470765226496,2.5239251406850443,-0.508097114784201,-0.010005631687989958,0.9964095821211912,-0.00980011488101389,-0.017164898367738383,0.08232416819754279
1749296470827556352,2.533598018704266,-0.5076471373876812,-0.008979153531492035,0.9964306387944556,-0.009336719993168131,-0.01732602320232893,0.08208907754040581
1749296470987945728,2.5434839574571213,-0.507954226455011,-0.008383418242462692,0.9964805431058084,-0.009543348362553097,-0.017667620090166546,0.0813837017708945
1749296471050861312,2.5531976740982296,-0.5081563928179111,-0.007436220621130918,0.9966313159438259,-0.008160850145986059,-0.017788645229105518,0.07964285721824531
1749296471211171328,2.562745373677703,-0.508190642692739,-0.005036028746461696,0.9968835590412137,-0.0051144123087983875,-0.01751747538391216,0.0767473162803254
1749296471271837440,2.5721639358142276,-0.5092010071409394,-0.002567869012808366,0.9971769932760084,-0.0034897802379078614,-0.017123163307086794,0.07302508331573238
1749296471428040192,2.5814100124865242,-0.511230952854012,-0.001579740111907313,0.997477165401708,-0.003344109553556648,-0.0167805474121478,0.0688950989694916
1749296471490130432,2.5903221250827095,-0.5132698430095646,-0.00047094813465209384,0.9978159163986752,-0.002480450775163998,-0.016305166518956127,0.06396394210969913
1749296471644676608,2.599217182781309,-0.5154229479307642,0.0006345602477804135,0.9981686482904243,-0.0014032376829081037,-0.015918509651130137,0.058343650421955114
1749296471705138688,2.6081227790210844,-0.5185363010112569,0.0007574013472044783,0.9984652733139743,-0.0028317364909749366,-0.01596688672482337,0.05295411015977103
1749296471867034112,2.6169663933636693,-0.5215663083076771,0.0004014796756046657,0.9986971021187228,-0.005081844387065955,-0.016273186549397436,0.04809840409846963
1749296471926473728,2.626037793641299,-0.5235221958579199,-0.00018384423694373098,0.9988496441258805,-0.006203435042073368,-0.017040762994317782,0.04439051948166931
1749296472082967040,2.635564576187793,-0.5239714800812223,0.00018842982218814086,0.9988990439142613,-0.005833886423575317,-0.01808509815807005,0.04289050082458932
1749296472142770688,2.645351354318587,-0.5237188036290119,0.0007453815385862761,0.9988491888056076,-0.006060001857226083,-0.01960294813680344,0.04335088031650301
1749296472300936192,2.6549073031701917,-0.5233728092446581,0.0008371921425522899,0.9987771040477801,-0.00619210272820385,-0.02126251549913659,0.044202485545299056
1749296472361278720,2.6642824011163286,-0.5230744336806552,0.0004972428078855451,0.9986900450883832,-0.006203502485890347,-0.022962918993653523,0.045303584290444274
1749296472516479488,2.6735329078505745,-0.5229700416627345,-0.00010819038553933069,0.9986045868395649,-0.005869833597585084,-0.024567664725917395,0.046377300982632805
1749296472576092160,2.6827133215981167,-0.5229503376256357,-0.00022678206384707522,0.9985375327102736,-0.00484866427432999,-0.025995609939464356,0.047154156630241584
1749296472729837824,2.691914406604368,-0.5229357639208239,0.0008875268096932842,0.9984830826720291,-0.0030964146776849954,-0.027232399518407696,0.04775292923345336
1749296472791629312,2.7011781989384263,-0.5231932337828447,0.0021055210647480394,0.9984407769043949,-0.0009211019767885541,-0.02828775216850193,0.04811413163458143
1749296472947954688,2.7103530005106338,-0.5241105979186811,0.003118106135935772,0.9984388291320885,0.0006520296646918265,-0.029188355536128623,0.04761847582354269
1749296473008232448,2.7194062885292105,-0.5257554179633557,0.004495996162090954,0.9985172566130341,0.0012063093236005325,-0.029725082104276955,0.04558785537497871
1749296473162252800,2.7284619166364372,-0.5274205409594561,0.006203240636593499,0.9986552137229561,0.0029410147154741834,-0.029912407029880923,0.042241714478451854
1749296473222725120,2.7374023050641485,-0.5296660298824962,0.007876046747299359,0.9988386354454578,0.004057863279449741,-0.029892300743131688,0.037568130687368514
1749296473372617216,2.7463050184356628,-0.5322608247336973,0.009627078637297615,0.9990372009479668,0.005174157345169334,-0.029676520436864782,0.03189362557910073
1749296473433549056,2.755177205137975,-0.5357721954819965,0.01058844369576617,0.9992273277354308,0.0044037080654582925,-0.02949828734606372,0.025596990167469424
1749296473589704448,2.7640803072991478,-0.5395473770657473,0.010822631014950623,0.9993860411809452,0.0029885103956905734,-0.029334014033078816,0.01892419401189997
1749296473648488960,2.773238308457385,-0.5432662830479247,0.010605581857374258,0.9995120367724564,0.0017910554209798757,-0.029049115953379008,0.011341487106279467
1749296473797744896,2.781637363761428,-0.5465375545692055,0.010101813053433606,0.9995824087309819,0.001351139720977405,-0.028617481405858264,0.0037712511196932
1749296473853128704,2.790697916506703,-0.5500982292275447,0.009437257623252204,0.9995981485380935,0.0007642580265838288,-0.027939824295197944,-0.0047247822423821615
1749296474003998208,2.8001248164051544,-0.5536111068489964,0.00909936376825371,0.9995611966521111,0.0007268608956550568,-0.026960277396243307,-0.01224864332715117
1749296474059554816,2.810168121455167,-0.5573124060594834,0.00897011102714007,0.9995004148474927,-0.0013492716292063203,-0.026219407847095557,-0.01759667121667644
1749296474209146624,2.8204693904040097,-0.5610589388489453,0.00787525949516299,0.9994240258965581,-0.003766570696583793,-0.025392975329477287,-0.022195184383551468
1749296474266851072,2.8309716097014315,-0.5644202638931377,0.006374131753492662,0.9993470474146678,-0.0053190350925462785,-0.024358621509408086,-0.0261504158175592
1749296474420942080,2.8416405090743995,-0.567768060047471,0.0051946150880883835,0.999277538960161,-0.007211365273636576,-0.023093483721229567,-0.02931019191734237
1749296474477910528,2.852440426758518,-0.5707040521310578,0.00527831467807216,0.999223758081263,-0.008651354486375225,-0.021600642726864825,-0.03178753820752879
1749296474632714496,2.863362116178915,-0.5731053728177109,0.00563555010341954,0.9992040293175215,-0.009180099704878375,-0.020097129445704343,-0.03321353569074873
1749296474689997312,2.8742674849463756,-0.5753442273301639,0.005616514871557676,0.9992022459299975,-0.00927715662077879,-0.018438230739234673,-0.034188269050789324
1749296474844472064,2.8850719080559495,-0.5779300959961855,0.005216269964750442,0.9991895611153927,-0.010024857413357057,-0.016511780724524347,-0.035314080607830645
1749296474901778944,2.89580329547383,-0.5804654160884484,0.004809299603433459,0.9991685382924452,-0.010344606774993784,-0.014205692728789899,-0.03678885009489363
1749296475059536896,2.9065077266007675,-0.5832254344152323,0.004543712803672495,0.9991348599313302,-0.010572784013285564,-0.011606156606082973,-0.03851032377226256
1749296475118441728,2.917219283076374,-0.5865593473639201,0.00440982022362757,0.9990848165233434,-0.011818361181965116,-0.009115428836371776,-0.04008446941920398
1749296475275985408,2.9279429750466126,-0.5900726694375429,0.0043777087408392035,0.9990302576721416,-0.01342515647943099,-0.006812295719320853,-0.041375138139583614
1749296475334059776,2.9387171887888517,-0.5937794046625218,0.004736130890056867,0.9989525134798106,-0.015225546050513033,-0.005116085409873395,-0.042847219628714635
1749296475493330176,2.949692076530502,-0.597364300370895,0.006255859640782013,0.9988539720930785,-0.015467149288363789,-0.004002537168791512,-0.0451163986038688
1749296475552254976,2.9607852411138973,-0.6013268666475273,0.008314797939156016,0.998721843481644,-0.015370320341449962,-0.0033898473441558935,-0.04803063127017398
1749296475709730816,2.97193498301285,-0.6055347946393939,0.010541676061858851,0.9985586703020286,-0.014636491369682942,-0.003220259554564399,-0.05153624950877642
1749296475766737664,2.983076986505147,-0.6103530334451044,0.011724310214292988,0.9983631311471043,-0.014243755104824103,-0.003418702297881013,-0.05528549792903947
1749296475925250816,2.993995990001105,-0.6160823658951937,0.011887450747712691,0.9981405405091619,-0.015622568711280474,-0.0037336644801602764,-0.05880014020807131
1749296475982865408,3.004881247030622,-0.6219653732192469,0.011562273762514064,0.997949784909769,-0.01784766759432215,-0.004468419337722865,-0.06130025113007893
1749296476142469632,3.015652264299632,-0.6268422562873335,0.01161960625250913,0.9978271056579229,-0.018643834306799608,-0.0053559884482733315,-0.06296656290774374
1749296476201690368,3.0261718656530086,-0.630964669719507,0.01170092734519379,0.9977139872647212,-0.018429732939807666,-0.006076560695399949,-0.06473190843945599
1749296476359826944,3.0365575477837035,-0.6350331119555159,0.01156943206494132,0.9975586337945486,-0.018607358420688024,-0.006482245699567378,-0.06699640919667225
1749296476417974528,3.0470547299703514,-0.638665033055438,0.011802234672112277,0.9974267798948515,-0.017893949825666854,-0.006988875325445262,-0.06907083993921921
1749296476579626240,3.057535464235959,-0.6418700690252681,0.012152148516008321,0.9973497559472828,-0.016184822976397735,-0.0076133993004885644,-0.07052341432608972
1749296476638316800,3.0678611984483926,-0.6453356206576082,0.012205362652721874,0.9972920415747117,-0.014929610848334392,-0.008238195238931075,-0.07153895911226278
1749296476796113664,3.078027736326159,-0.6493812991489909,0.01259172889341409,0.9972415476354769,-0.014893742229466642,-0.008761995654268731,-0.07218517537663599
1749296476854089472,3.0881696639878142,-0.6533803311848452,0.01322770280529273,0.9972190545814185,-0.014325494204263435,-0.0092835580961072,-0.07254483403125148
1749296477009858816,3.0982425545301355,-0.6569207431555766,0.014104146573231446,0.99721695243303,-0.012496144460306823,-0.009728659377071664,-0.07285292952607968
1749296477068302848,3.108213261088173,-0.6607155802726075,0.01457910238046134,0.9971918392234286,-0.011214672358036588,-0.009857532281734237,-0.0733859384855993
1749296477224639232,3.1181166386279804,-0.6648806182282225,0.014929361254502727,0.9971316545161,-0.010982418688462777,-0.009595656436436293,-0.07426825310514752
1749296477283198464,3.1280349470314306,-0.6693799653896875,0.01504980392059796,0.9970539998397983,-0.011681666667335009,-0.009072883731450902,-0.0752631573090602
1749296477440781568,3.1380365787202624,-0.6740518619492768,0.015217291930918808,0.9969614394113615,-0.013219320442340305,-0.008346228274713957,-0.07631171841503233
1749296477499901952,3.148227391336314,-0.6784993077090489,0.015307888630659683,0.996864568296457,-0.014491529624509582,-0.007579455912715349,-0.07741821421556888
1749296477656566016,3.158671738004022,-0.6820437438954947,0.01570153192790169,0.9967883213640079,-0.01398100252214311,-0.006869294463373817,-0.07855180936410347
1749296477714932992,3.169197293913416,-0.6852506769287361,0.015812614686912863,0.9967198100810655,-0.012745823015070781,-0.006027451824990505,-0.07969212013825867
1749296477875127552,3.1797252729718046,-0.6888347527003864,0.01504855964425822,0.9966387125046724,-0.012034832095210174,-0.004870787699673182,-0.08088705076001838
1749296477933884928,3.1902251493379543,-0.6926788117596683,0.013589331115461345,0.9965467892627053,-0.01151713584758158,-0.003501092984074248,-0.0821559172548045
1749296478093046016,3.200715743073517,-0.6968299958040776,0.01291595871855522,0.9964402976151203,-0.011855415124184957,-0.002091471720450111,-0.08343745062600073
1749296478151206144,3.211324522376274,-0.7004987115965289,0.013168501486471307,0.996357286221383,-0.010983150008708186,-0.000944962200695385,-0.08456143125495619
1749296478307818496,3.221875117485762,-0.7040851471101792,0.013136245848837547,0.9962729571658091,-0.00957713951216595,0.00010617998120135133,-0.08572317040724786
1749296478363936000,3.2324187056668583,-0.7081866010217368,0.012210782143082799,0.996173713595622,-0.009148273753497766,0.0012164552592699542,-0.08690662612851185
1749296478526765568,3.243055280455093,-0.7126424273404774,0.011277181599189223,0.9961232499112933,-0.009165147734420245,0.0020164732126272717,-0.08746659298813562
1749296478584542976,3.2537428299473596,-0.7171232460041681,0.01233611107528887,0.9961274757110258,-0.009887412621445527,0.002435586783279598,-0.08732902794749561
1749296478744472320,3.2644504959033114,-0.721603900747926,0.01378757576006695,0.9961429153565213,-0.010597694750294612,0.002692695214774296,-0.0870616473739739
1749296478801810432,3.2751037548793107,-0.7268095956012806,0.014038496525358823,0.9961223523106647,-0.012502848032458845,0.00311329848089519,-0.08703014070259867
1749296478965725184,3.2858200533049127,-0.7321566089181042,0.013986442880463468,0.9960983623778411,-0.014403873036203588,0.003368459478765277,-0.08700134706129496
1749296479022960384,3.2965672971691724,-0.7371780103566339,0.013716413577789854,0.9961185392941916,-0.01576532093335994,0.003368988214865171,-0.0865330009226668
1749296479180224000,3.30731751876511,-0.7410001221583347,0.013786587007138973,0.9962409757549134,-0.014718794680947141,0.0027630645164990323,-0.08532081096963287
1749296479238284288,3.317772818649795,-0.7447823774747357,0.013824060904580548,0.9963981747111829,-0.013826411523833113,0.0017697937989407336,-0.08364433995499072
1749296479399023616,3.3281992879630593,-0.7490653572092567,0.013750281554748334,0.9965519268514984,-0.0139888824864411,0.0006068089523178995,-0.08178141621567718
1749296479457468928,3.3385802422388027,-0.7540604188409299,0.014265194987774343,0.9966864052097454,-0.015768933429805714,-0.0005564996521185531,-0.07979499180211024
1749296479618220288,3.3490479191401104,-0.7587900259988203,0.014560930012669004,0.9968562451191412,-0.016290854212930434,-0.0019314185328898456,-0.0775145422384124
1749296479675913728,3.3593760960156565,-0.7631131438363417,0.014844040388712454,0.997044520902951,-0.015442442591062384,-0.003552945547765607,-0.07517400403171962
1749296479835142912,3.3694457920471708,-0.7676350578351636,0.014726971298898661,0.9971888658641456,-0.014794981590985997,-0.0050354757929801704,-0.07328109101152885
1749296479893490176,3.3793133143981953,-0.7720997174958502,0.014618044448169165,0.9972768600888318,-0.014192449952352297,-0.006269235246066237,-0.07209809557221276
1749296480053422336,3.3891207896771567,-0.7763864897334223,0.01465666455314274,0.9973359542176713,-0.013339073133001483,-0.007447141916813384,-0.07132743953031201
1749296480110506496,3.3989097154793435,-0.7802572723736496,0.014957374758749697,0.9973890613936643,-0.011743177002000872,-0.008718112588422183,-0.07071882718951628
1749296480267636736,3.4085970387586935,-0.78408114243721,0.015309348219532115,0.9974204965259468,-0.010342204226834215,-0.00983548743277503,-0.07034667802123919
1749296480324617984,3.4181367417386603,-0.7880031065724751,0.01557391905688199,0.9973972253951406,-0.009435841428141316,-0.010460076973063472,-0.07071298650414717
1749296480480500480,3.42765475657569,-0.791945533622398,0.015804819927794256,0.9973373886464627,-0.008588272366660769,-0.010600306514636528,-0.07163803659653593
1749296480537890304,3.4371545269392363,-0.7959822038411479,0.015587037846507279,0.9972647744212544,-0.007396299151758785,-0.010356969847716717,-0.07280795034167492
1749296480695096832,3.4466180451723067,-0.8005491737935113,0.015157960662243841,0.9971689820212245,-0.0070278040612718005,-0.009615084369917827,-0.07424406654669795
1749296480752905728,3.4561479782884454,-0.8056465434728972,0.014645717037431005,0.9970622199893538,-0.007659367154511742,-0.008518696259871622,-0.07573437382540094
1749296480913902848,3.465948065743636,-0.8103995994141604,0.014059303746876584,0.9969664996764516,-0.007320790546560397,-0.007309516420689044,-0.07714126987775839
1749296480971643136,3.4760341254597305,-0.814599560329154,0.013623586231580997,0.9968770161426229,-0.005849588208105665,-0.005998233622702104,-0.07852399759171419
1749296481132687616,3.486420116834904,-0.8188032650654771,0.012774561189752287,0.996800869807569,-0.004325685291751535,-0.004700382107540265,-0.07966944712795347
1749296481190339328,3.4970616627745863,-0.8229607919593152,0.011849966230586428,0.9967840303471265,-0.0024933179970505212,-0.003648994880830604,-0.08001290550070053
1749296481350579712,3.5076475590566933,-0.8275079446232176,0.011857420320742662,0.9967983882027974,-0.0016236018647762841,-0.002558483779396652,-0.07989863174073006
1749296481408046336,3.5182252718875464,-0.8324100375145189,0.012868200312410316,0.9968363944903588,-0.0018729278223730572,-0.0014581613255902162,-0.07944538077435853
1749296481566058752,3.5288664262091594,-0.8375365641582304,0.013221000175321684,0.9968952696497463,-0.0024482866097229575,-0.00043065443949729683,-0.07869969364228752
1749296481623393024,3.5394496882582667,-0.8432457139753353,0.012625026089382096,0.9969433942645443,-0.004353499123115025,0.0007228355122222416,-0.07800252038554183
1749296481786711040,3.5503514371938785,-0.8485733267267648,0.01226815316639307,0.9970580889337144,-0.0053274931840292476,0.001441690367358321,-0.07645068107681056
1749296481844098304,3.561747159586257,-0.8535234228315272,0.012991806370882042,0.9973074205985218,-0.004876493877337765,0.0016266029501677236,-0.07315382962927901
1749296482005042176,3.573447990355806,-0.858735780837109,0.013827619276999048,0.9976090872710988,-0.004157205003894383,0.0016271198895594905,-0.06896505725036305
1749296482062573056,3.585297947397886,-0.8650231263868706,0.015422666630017456,0.9979339399389917,-0.005939650538176631,0.0015602430050445843,-0.06395418446896613
1749296482223060480,3.5971852006746667,-0.8716056669747179,0.01660194020725303,0.9982846641048094,-0.008067198757745734,0.0012686378300734644,-0.05797447951820874
1749296482280681216,3.6090983023474923,-0.8776751617155627,0.017137752586819932,0.9986718234134971,-0.008413805005177607,0.0006461405444568212,-0.05082695650629328
1749296482438429440,3.620998413570308,-0.8837849781619234,0.01694355378212542,0.9990390196247987,-0.008406317976449132,-3.120270367332011e-05,-0.043015928579899165
1749296482495620352,3.63277864073829,-0.8901150860841343,0.016176463132409946,0.9993540278269692,-0.008506448392488633,-0.0007363371512661708,-0.03490881277498432
1749296482659121408,3.64391314930692,-0.8959724892992389,0.016048242714082228,0.9995992730294749,-0.007926918006540504,-0.0012564174424264658,-0.027145510587810676
1749296482716070656,3.6547668462753524,-0.9008531037981635,0.016593822171709238,0.9997693562948083,-0.005286087424232117,-0.0018708619978677556,-0.020731410202708325
1749296482876884224,3.665154041744323,-0.9061070000646607,0.018487386451618626,0.9998628045696787,-0.004796200836470769,-0.00249594743323349,-0.01565690716595102
1749296482933367552,3.6754145614140867,-0.9114736597696309,0.019913389991677022,0.9999227671267705,-0.00461632239505444,-0.003252241685303769,-0.011071236295360613
1749296483091825664,3.6855222562563905,-0.916835314843258,0.021634651175915565,0.9999514191669793,-0.0055787854487483485,-0.00421737150361478,-0.006946239015555832
1749296483148495360,3.69555989611841,-0.9218685569660279,0.02354323479444398,0.9999574426052591,-0.0068207053904406475,-0.005452260025836129,-0.0029772163067903657
1749296483304908800,3.705584712568058,-0.9262605612304666,0.025000092780631533,0.9999535603678892,-0.006755342846938891,-0.0068405847282887585,0.0006699635642767352
1749296483360096000,3.7155562689460933,-0.930605559446807,0.025825703483047135,0.9999269673379101,-0.007376337134548891,-0.008525224100653116,0.00435547872467699
1749296483515841024,3.7257905883048266,-0.9345028072629757,0.02583836878909196,0.99987455949272,-0.007785889403117444,-0.01055587415739691,0.008877991113679685
1749296483573003776,3.7359089783867443,-0.9373514307474107,0.02555734616184102,0.9998058845862203,-0.005849262334791698,-0.012324509676229972,0.014215686340962366
1749296483731423232,3.7458261302666127,-0.9399311903642742,0.025470510081570197,0.9997187438606492,-0.003346972786117956,-0.013670957004889718,0.019087584483767756
1749296483789240832,3.755567376214982,-0.9427545008628684,0.02549570937305745,0.999638703014441,-0.0022708742790113847,-0.014780320161002496,0.022334921122610655
1749296483943267328,3.765437670769747,-0.9457316949214158,0.026178548507981958,0.9995515805044589,-0.003096999531006836,-0.015794106362025693,0.02525059819425753
1749296484000607744,3.775713963053191,-0.9490693010803737,0.026993790047237898,0.9994185768009562,-0.005243830107606286,-0.01688115240318425,0.029155398891017953
1749296484154702336,3.785991081294383,-0.9521626522247022,0.02789671629326884,0.9992637673367073,-0.006271976268615571,-0.017583407377238708,0.03351729981282605
1749296484210647808,3.796365737537781,-0.9554432363668433,0.028648320532715044,0.9990930035936703,-0.007428826688144308,-0.017797432796046092,0.03796358900428
1749296484365996032,3.806666547813735,-0.9584387368125222,0.028829484013803697,0.9989253103211235,-0.007366858372285704,-0.017568700500255975,0.042252746186514506
1749296484423375872,3.8170424382508195,-0.9615535903305492,0.02735958912357761,0.9987671218247328,-0.00688041083158426,-0.017504624681395513,0.04594000896268329
1749296484578698752,3.827344648250067,-0.9643212284561011,0.025867787469105785,0.9986570202823551,-0.006139399503002926,-0.017212594167475,0.04847876046823126
1749296484635713792,3.837625321754266,-0.9667217258862317,0.025099478241372264,0.9985985324460996,-0.0059501688855522475,-0.01675529735301019,0.049848034036878784
1749296484788850944,3.847947001931936,-0.9688547792438031,0.024480862586123475,0.9985751415258693,-0.006147284305843153,-0.01618605026425933,0.05047682041389082
1749296484846122240,3.8582370499183596,-0.9705557813037462,0.02376664451227617,0.9985701195800397,-0.005742660080969477,-0.015514171936178201,0.050833538202983655
1749296485002515968,3.868626038476442,-0.9723993589398168,0.022906411880083244,0.9985267554587012,-0.005756254642506784,-0.014881862613120552,0.05186245588837818
1749296485059938560,3.879218381171782,-0.974819659325993,0.02376150466460203,0.9983920778401608,-0.007932877123262787,-0.014247005662085258,0.05428951276460346
1749296485215996928,3.88976155612297,-0.9776833870678443,0.02432961777477205,0.9981996683140338,-0.011403468474021822,-0.013616357040150259,0.057288549514450816
1749296485274102016,3.900059360326787,-0.9797650347985414,0.023943162733671475,0.9980384942011656,-0.01297325461592565,-0.013104018421004462,0.059825943022758114
1749296485431697408,3.910337606571057,-0.9806866413995685,0.02405819982293389,0.9979258375368225,-0.01280927613867315,-0.012601722297459126,0.06181538494883083
1749296485491617280,3.9201502640300787,-0.9816769588008203,0.024945819644187406,0.9977930891300839,-0.014439461632293182,-0.012565919615140829,0.063581057684185
1749296485653924096,3.929564031101399,-0.9826997140768157,0.025594616846607465,0.9976340175577861,-0.016352809325410375,-0.01269866171100964,0.06555681985443815
1749296485714279168,3.9388840945373023,-0.9839910375451346,0.02720280601223335,0.9973620803895705,-0.019400323346138552,-0.012975000186225093,0.06873250632139384
1749296485877822720,3.9482367333148343,-0.9857621247179118,0.029022080872279865,0.9969891321785768,-0.02341330770607273,-0.013340818409259042,0.07270838950382898
1749296485938629632,3.957416285528486,-0.9874047223189635,0.030129958268572565,0.9966033606983559,-0.026447726683595022,-0.01352726384330357,0.07680672061041488
1749296486102427392,3.966491803942788,-0.9885147049331655,0.030391388811261244,0.9962830329916579,-0.02816427311837839,-0.013832937148743151,0.08022182834176506
1749296486165160192,3.975469050410924,-0.9889810212385033,0.030211643579751257,0.9960237717265046,-0.029228041297012897,-0.014189331706518085,0.08295197781469764
1749296486327476480,3.9845091064097575,-0.988504408230547,0.030514721565879643,0.9958464416380031,-0.029274007322160265,-0.014631123597617637,0.08496368279742185
1749296486388701184,3.9938039636022546,-0.9876481472043555,0.03122581512906164,0.995797917639468,-0.027913540537930718,-0.014959127090600361,0.08592767887138458
1749296486552751360,4.003243793494045,-0.9870145396012413,0.031595237157517,0.9957720971627644,-0.026639681178835688,-0.015237646767591276,0.08657985920378025
1749296486612941568,4.012758421627797,-0.9865869761719628,0.031669977421676876,0.9957637060655269,-0.025735092522467713,-0.015411040382742916,0.08691862015603136
1749296486774195968,4.022404008085025,-0.9867123428864941,0.031367620745674785,0.9957210576457692,-0.02618935577851081,-0.015684676751648512,0.08722203804024281
1749296486836860160,4.032029696699805,-0.9869798254222379,0.031194173600047392,0.9956732159040015,-0.027115089846094752,-0.015881395248465373,0.08744941577268486
1749296486995458560,4.041599320498397,-0.9868583752317894,0.031324673079561105,0.9956997132531553,-0.027126048670104232,-0.015691617384728906,0.08717816042440156
1749296487056393216,4.051244253541451,-0.9866727007751024,0.03154350776769377,0.9957650585461348,-0.0266278913084712,-0.01513418636840807,0.0866825241097846
1749296487216137472,4.0610180455915375,-0.9865509114334783,0.03198586837915052,0.9958338661470131,-0.026204478404425205,-0.01438681545626855,0.08614671141298559
1749296487277631744,4.070928521141956,-0.9863263243505536,0.03227400646798673,0.9959378284172018,-0.025438753508007624,-0.013341752612766374,0.08533879179369061
1749296487438023936,4.080468671112548,-0.9861797940767234,0.03202049760267922,0.9960527485243059,-0.024755692962421933,-0.012094432977990132,0.08437892221441966
1749296487494938624,4.090909389664308,-0.9862210223334893,0.03165002675650319,0.996123689927047,-0.025332622109857515,-0.010780364616096836,0.08354421800404492
1749296487656966144,4.1015722328732025,-0.9864011297836894,0.031256306824797964,0.9961358328557535,-0.026998428280328647,-0.009634851337467066,0.08301600454654089
1749296487713457664,4.112373772735561,-0.9864672144578543,0.03075793827412099,0.9960840769063083,-0.029336624149845662,-0.00872705031430665,0.08294403420385231
1749296487874388736,4.123085001978426,-0.9857768028650984,0.030088823462072423,0.9960351174964917,-0.030387957023399987,-0.007892603441905144,0.08323655202255223
1749296487930912000,4.13363674066013,-0.9845053791384544,0.029696742975160895,0.9960209843749388,-0.03025710244270716,-0.007163947134061616,0.08351876614276434
1749296488093063680,4.144123551757437,-0.9834738575256088,0.02911697659098378,0.9959879107156057,-0.030282590842410365,-0.006755314963901984,0.08393695324451744
1749296488151203072,4.154571401324718,-0.9827299168851846,0.028726363719330017,0.9958913518057259,-0.030743927593327842,-0.006920707026265608,0.08489599595361648
1749296488313773568,4.164977645535846,-0.982419854023231,0.02863137021018103,0.9957342911928678,-0.03207364246648922,-0.007434713696707951,0.08619296858686809
1749296488371426304,4.175220412865534,-0.9819023731057337,0.02879215104217625,0.9956012920727448,-0.0324939802453714,-0.008058310167774724,0.08750584042299442
1749296488530349824,4.185317813545304,-0.9814229009396414,0.02908912514685813,0.9954785790751789,-0.03290038005935551,-0.008906003586665358,0.08866028814822847
1749296488589624320,4.1961533971224725,-0.9810595396806008,0.028934411910102042,0.995332059994098,-0.03365925202612942,-0.01006426166847403,0.0898880177666369
1749296488756325120,4.205796237575417,-0.980237188173172,0.029107175347088177,0.9952567148372519,-0.03273055260036043,-0.011266652478430398,0.09091669285541752
1749296488818238720,4.215543759762409,-0.9798102610498356,0.029635622160544717,0.9951722811378507,-0.03245164336740692,-0.012712345104899497,0.091746487559881
1749296488982400768,4.2252205069395945,-0.9798297211956344,0.029946303629987625,0.9950444953077673,-0.03286261745864959,-0.014563843572999682,0.0927059609294804
1749296489044689408,4.2347594950569425,-0.9799032521450028,0.030164924084053357,0.9949016782653414,-0.033016507762266334,-0.01675543578223772,0.09380733538342713
1749296489207919104,4.244111758368711,-0.9799214340804463,0.030936442942027575,0.9947495085360615,-0.033183673349777315,-0.019209994527704808,0.0948853792769186
1749296489269485568,4.2533271678626186,-0.9800287566336578,0.03180993895728079,0.9946096057488345,-0.03370692553714217,-0.021739009385856215,0.09561898762224764
1749296489432875264,4.262418857819312,-0.9799530040215965,0.03261025668356554,0.994522061189192,-0.03401596557517268,-0.024153182814740402,0.09584053241665323
1749296489495113728,4.271420333831183,-0.9794380134255789,0.03362398520168153,0.9944798880409481,-0.033599092322926766,-0.02648077915008339,0.09581034188824841
1749296489658314496,4.28045726625306,-0.9789379515736139,0.03491317253530468,0.994425810322798,-0.03388616433388681,-0.02879703919687654,0.09560212426550484
1749296489720927744,4.289464555186586,-0.9785757122494942,0.035894886140495075,0.9943749120653328,-0.034702148338376516,-0.030986625024058675,0.09515316193054783
1749296489879995136,4.298400837590459,-0.9781083324684188,0.03672868131004625,0.9943600105474204,-0.035245713128338685,-0.03288643141066922,0.09446899893234931
1749296489940013056,4.307195328630572,-0.9777999201262757,0.0375278598900608,0.9943827632937289,-0.035753546032801974,-0.034381215450463784,0.09350152958405104
1749296490096325888,4.315995352217219,-0.9777015686622201,0.03789650084011731,0.9944204080914438,-0.03627687971332489,-0.035537454886968314,0.09246150155425747
1749296490157020416,4.324804588446662,-0.9776884960972767,0.038637962598293996,0.9944645458188381,-0.03710655181857014,-0.03631053111668669,0.09135051314301293
1749296490315516416,4.333656518872012,-0.9775173906328236,0.03919794649581565,0.9945550389073148,-0.03711582288136416,-0.03671174833393703,0.09019389009336588
1749296490378181376,4.342635166732071,-0.9774392921269088,0.039347648350508635,0.9946495120175335,-0.03690185728720564,-0.03691071981646523,0.08915267766403542
1749296490538579456,4.351850629515162,-0.9773538685445073,0.03913706734668487,0.9947407775456237,-0.036506309649479075,-0.03696447393408579,0.08827062087966056
1749296490603456256,4.361175640596696,-0.9773575618767589,0.03916808159213225,0.9948409501591934,-0.03628313261187881,-0.03674891565035718,0.08731858549441311
1749296490761946880,4.370445127816329,-0.9774486921320049,0.039747473924467425,0.9949718110770147,-0.03605302814536809,-0.03619277255613573,0.08614730139925857
1749296490824790528,4.37981810107588,-0.9775869254825231,0.04038717785325785,0.995105431827464,-0.03557747480015693,-0.0354893270240168,0.08508778115395159
1749296490984297216,4.38929745942282,-0.9780467421401511,0.04189253105921065,0.9951819380491165,-0.03703188331654476,-0.034728076486286,0.08387795003692586
1749296491043972352,4.398668117727666,-0.978694587089211,0.04310861129726806,0.9952779271804814,-0.038980093963373014,-0.03368463385628098,0.08226630770795115
1749296491204556800,4.407993236683189,-0.9795701681877285,0.044096470657154274,0.9953716008062509,-0.0417997831971725,-0.032372625428462413,0.08025065455147048
1749296491264493056,4.417433333042087,-0.9801709074815719,0.04428162606580788,0.9954868243304601,-0.044129506925125926,-0.030838399559409306,0.07815089452856527
1749296491425030144,4.427072606479588,-0.9806078204896425,0.04416689240113403,0.9955741088515907,-0.04659340610572782,-0.029174658979789218,0.0762239303974847
1749296491486962688,4.436906377115142,-0.9805829096280956,0.04377925502578428,0.9956589261174048,-0.0485097205630265,-0.02738933315083545,0.0745649668623643
1749296491645476608,4.446331127399477,-0.9800947167945715,0.043636589405081416,0.9957369560174322,-0.04966147787145325,-0.02567131439501553,0.07336644774005055
1749296491703294720,4.456547297985618,-0.9794787831965941,0.04357943205813619,0.995808652551762,-0.05083641144759458,-0.023835750080256228,0.07219864120803421
1749296491866438656,4.466790120090094,-0.9784841889108398,0.04357142186950691,0.9959346091009954,-0.05039505161957242,-0.021956834749441392,0.07136168842518835
1749296491925661952,4.477218815816471,-0.9775505857851856,0.04370789318301682,0.9960435395924558,-0.049325414149616435,-0.020227554234882858,0.07109934461565465
1749296492086893312,4.487763227175906,-0.9766887089544918,0.04413299193914488,0.9961168085192492,-0.048385503556548054,-0.01879686183912291,0.0711113550426757
1749296492144514816,4.498192722455105,-0.9758253109130601,0.04459469653721815,0.9962143943673955,-0.04674582482487544,-0.017489004387782725,0.071174735982437
1749296492306027520,4.508524130770594,-0.9752045708802575,0.044710516280385804,0.9963282911632927,-0.044852726668271205,-0.01612390930822913,0.0711209440789041
1749296492364414976,4.518878257349719,-0.9749521546601354,0.044606822566338966,0.9964201935129621,-0.04320437271116983,-0.014761117585340789,0.07114976841745393
1749296492523719168,4.529359179598176,-0.9752114382102457,0.04467408744856449,0.9964359611758421,-0.04279859936815293,-0.013523249524222318,0.07141972339631193
1749296492581549056,4.539886115332989,-0.9754515900514935,0.044537387330505496,0.9964439389056229,-0.04214206939307507,-0.01239256479494632,0.07190234310034374
1749296492743134464,4.550286708214059,-0.9752309767102663,0.044463052836236194,0.9965071572410523,-0.040312858680018146,-0.011207887829202649,0.07226854255351743
1749296492808059904,4.560563056316407,-0.9747696442342129,0.044285103045698104,0.9966175658002452,-0.037778313505296125,-0.009871801225534193,0.07231026281001313
1749296492972632064,4.570853254752859,-0.9744591276460399,0.04431715982533868,0.9967096062682096,-0.03549079742366494,-0.008593834042900013,0.07236373461441915
1749296493031683584,4.581279221289168,-0.974492092025117,0.04509837479867462,0.9967337975293029,-0.03434443154287478,-0.0076076516123864514,0.07269333203090957
1749296493195330048,4.591678939433322,-0.9745979406911518,0.045588267863279075,0.9967441665353376,-0.03301151422134811,-0.0067473324455193245,0.07325148402222643
1749296493256233728,4.60209505159485,-0.974945011889897,0.04615051196722941,0.9967042336541169,-0.032527832432118965,-0.00619680466947877,0.07405545452642777
1749296493418261248,4.6124250434090435,-0.9751867449940095,0.046452522232666826,0.9966696754480392,-0.031838438062471025,-0.005811457839663376,0.07484717003213938
1749296493477204480,4.622679724264555,-0.9754112352646098,0.04623133123704415,0.9966367557809512,-0.03098156264850926,-0.0056474114185693595,0.07565333136449921
1749296493640313088,4.6328838988309595,-0.9756542064674187,0.046154946193698976,0.9965716254108244,-0.030646837308260556,-0.005884555955186869,0.07662335668866682
1749296493703361280,4.643679322853815,-0.9757756900728713,0.04649497140972736,0.9965071345907591,-0.03055546110852345,-0.00634025827196499,0.07745770220710747
1749296493871863808,4.653236128070536,-0.9755776202406974,0.047218399188532434,0.9965003445284757,-0.030096876448624608,-0.0067806055529519285,0.07768696654523569
1749296493937216512,4.662852964883406,-0.975669986664438,0.04810146702665774,0.9964556282503528,-0.030584067024571858,-0.00754297459034316,0.0779993545278458
1749296494108623104,4.672281747118372,-0.9757033227129694,0.04881160458554623,0.9964169681138674,-0.031005378045359702,-0.00844392566115726,0.07823421442349392
1749296494171437312,4.6815622590708506,-0.9756301700552088,0.04933684928528281,0.9963907409780044,-0.031357893100643755,-0.00943062632015999,0.07831498656579985
1749296494341700864,4.690763490109593,-0.9752190396983584,0.05041237035186974,0.9963868238696508,-0.03150992859359621,-0.010477081364141444,0.07817066192034809
1749296494402932992,4.699949135106895,-0.9749703720884213,0.05131194637505265,0.9963512822489068,-0.032413229563387866,-0.011704412025242231,0.07808016168895858
1749296494570254080,4.709050439815495,-0.9749689070990026,0.05172266712173679,0.9962949568614792,-0.03382112063329238,-0.013034355949228537,0.07799100138144494
1749296494631126272,4.718020741151022,-0.9746603592020922,0.05258357366000821,0.9962667433805859,-0.03486542428290999,-0.014369536804267113,0.0776562594736894
1749296494797744128,4.727040223781241,-0.9737735906312244,0.05398477957731318,0.9963024765014021,-0.03478163307426748,-0.01563065217308771,0.0769889344679102
1749296494858887168,4.736150706661816,-0.973010890843029,0.05507547238808996,0.9963414083986484,-0.034831891366993085,-0.016953325531446524,0.07617822528400367
1749296495025992960,4.745246604512762,-0.9724114092022909,0.0557595938455866,0.9963749730553142,-0.03510153222979342,-0.018256674048240155,0.07530929130485263
1749296495087859712,4.754355995204904,-0.9722520773336694,0.05636672048505087,0.9963770201959198,-0.036341787402154734,-0.01950993716210821,0.07437385606412336
1749296495253487872,4.763410756392209,-0.9725977279186742,0.05735282320632562,0.9963400171043549,-0.03887574248478509,-0.020567718550970192,0.07329540174088996
1749296495314494720,4.772395129651134,-0.9729085356921487,0.05820426491063735,0.9963261971947786,-0.041102898084147306,-0.021340144040071608,0.07203651022102892
1749296495483556096,4.781492475805794,-0.9728682096437096,0.05907873752596515,0.9963514755000529,-0.042532317662072064,-0.021873873040476638,0.07068431863836
1749296495546882560,4.790794975477923,-0.9727801581606359,0.059318612405204085,0.9963724827387437,-0.04372224288317481,-0.022326622928097013,0.06951088423349894
1749296495709285632,4.8002956962812195,-0.972644335903917,0.05900003511315299,0.9963681937110282,-0.04493006108530188,-0.02268039040131179,0.06868269114659217
1749296495772551424,4.809943181127433,-0.9724505078295804,0.05832118889181004,0.9963617600045311,-0.046050116817267485,-0.022769864740690725,0.06800120000029329
1749296495936047872,4.819639211948196,-0.9722338335519662,0.05788307881397614,0.9963747064826326,-0.04700711012665914,-0.02251380194432236,0.06723767248499803
1749296495996209408,4.8293743871573,-0.9720980504288264,0.05768752606631411,0.9964075803095881,-0.04767423668156547,-0.021972280294372294,0.06645539825392352
1749296496162549760,4.839205989617622,-0.9721415107493518,0.05752195643739322,0.9964251793557303,-0.04840001399563185,-0.02134834037532022,0.06586766243265975
1749296496223678976,4.849107256222921,-0.9721063485185386,0.058022304807821,0.996463598772972,-0.04877625465555194,-0.020567438610271927,0.06525453065655336
1749296496384451840,4.859140834585923,-0.9721302825654385,0.05832753747283892,0.9965066682262607,-0.048839506569170944,-0.019785658002698207,0.06478958647867401
1749296496441039104,4.8686441351026195,-0.9719231325298034,0.05855521066742764,0.9965712686145889,-0.04823502423785689,-0.019021956775677664,0.0644767723223378
1749296496599982848,4.87886454252881,-0.9718029521323617,0.059168481975658604,0.9965953932823697,-0.048446344831488866,-0.01810929157678285,0.06420768894310529
1749296496657582848,4.8891535326235385,-0.9714947284729005,0.059552395071420516,0.9966350852975145,-0.04847882332855334,-0.016993880358337075,0.06387110828113991
1749296496817807104,4.899578572295215,-0.9711109083915241,0.05929506519870342,0.9966712570767854,-0.048376504359959556,-0.015838172228155787,0.0636810132092961
1749296496875356160,4.9100765139012585,-0.9709101242221481,0.05859231931239872,0.9966866171475975,-0.048270926388150844,-0.014711068187939737,0.06379098162967772
1749296497038220800,4.9205628019344285,-0.9708729921274557,0.057569711983060934,0.9967111911308901,-0.047795341842212506,-0.013601574698061994,0.0640109673287412
1749296497094590976,4.931026752802276,-0.9706424528665742,0.05766230192662558,0.9967671144251337,-0.046554713202781026,-0.012634856901792198,0.06425214914904019
1749296497254325504,4.9414651448224625,-0.9705456954494114,0.05848060772455366,0.9968219140062943,-0.04525523686493831,-0.011863632835420069,0.0644770463736721
1749296497310560512,4.9517899179931,-0.9706520764014019,0.05888118251914687,0.9968971676908391,-0.04368736744145878,-0.011069719120416122,0.06453613169855105
1749296497472578304,4.962045480061222,-0.9706455253488757,0.05919494537870307,0.9970029095520266,-0.041392671187172866,-0.010290060784291672,0.06454424657426347
1749296497527891200,4.972355172574121,-0.9707367024870441,0.05989180133444183,0.9970837296277478,-0.03962610407896398,-0.009645221728720952,0.064504090451282
1749296497689200640,4.9826986790321905,-0.9710441395253868,0.060513374555133836,0.9971355534025474,-0.038596499525786795,-0.009065091997812545,0.06441135359563922
1749296497747757568,4.993012749989276,-0.9713953207154713,0.06060198696030428,0.997181330659758,-0.03740166076089101,-0.008525700716877962,0.06448117541769703
1749296497908451328,5.0035113785924406,-0.9721839695400964,0.060323306222804796,0.9971405733188824,-0.0367964513925675,-0.008299209736788249,0.06548145786365574
1749296497967225088,5.014263430309302,-0.9733632047518501,0.06084800622053965,0.996988667328479,-0.03682734168338054,-0.008319608360397702,0.06773572351314268
1749296498125849088,5.02513467230563,-0.9748584663723774,0.06195688595200144,0.996766126227982,-0.03714660216236491,-0.008354853045228447,0.07076451075819386
1749296498180534784,5.035816572046402,-0.9760708797661231,0.06271884270195915,0.9965809763443129,-0.03559537701953113,-0.008309409170449939,0.07409642665265091
1749296498340545536,5.046783717329133,-0.9776869308241549,0.0632468651905862,0.9963227113678014,-0.03480515017064756,-0.008485145602234675,0.07783096195229922
1749296498398510336,5.057779738059876,-0.9795331923025241,0.06350022059523397,0.9960053758072165,-0.034253151482398964,-0.008611548814238002,0.08201130534060147
1749296498561758976,5.068765700172369,-0.9814519682573684,0.06411018031351379,0.9956338913210492,-0.033957095070267874,-0.008721064980716967,0.08651019115050154
1749296498617555200,5.0792973087709825,-0.9832397105868003,0.06439993530449817,0.9952330254170938,-0.03303857224940986,-0.008608833422500009,0.09135406860103676
1749296498781093888,5.089409678182124,-0.9847728141337333,0.06519424331570356,0.9948842059908395,-0.0330306802602897,-0.008141445694070474,0.09512154169024982
1749296498839568384,5.098928513618396,-0.986015711179399,0.06587487807401526,0.9946786159207764,-0.03355640031227638,-0.007864874257159418,0.09709048759239981
1749296499004443648,5.108017228029109,-0.986916888853373,0.06634229197842334,0.9945886353298867,-0.03417096352275109,-0.007611840234378275,0.0978153955817121
1749296499062656256,5.116900354079851,-0.9874472455960959,0.0671437857236743,0.9945738119180603,-0.03546354043254116,-0.0074000812594297105,0.09752183726797788
1749296499230800896,5.125682275907398,-0.9876556552404478,0.06797821601142395,0.9945937754390846,-0.037325691414338995,-0.007217104433197478,0.0966329551543862
1749296499293021952,5.134523798822142,-0.9872863186419201,0.06895739005095392,0.9946384831350782,-0.0392207373197566,-0.007055817476076377,0.09542660567467308
1749296499459570944,5.143480988298027,-0.9865403818584975,0.07003896219196859,0.9946774668379319,-0.04147456360773524,-0.006912569850528968,0.09406813443714303
1749296499519954944,5.152564746887726,-0.9856050448916722,0.07017115148196762,0.9947248357486229,-0.04298712123262235,-0.006801971285179799,0.09288886768414666
1749296499688719360,5.161896593195125,-0.9842657940112343,0.07026292312627858,0.9947751726710231,-0.043350099272611825,-0.006796684231908545,0.09217879264691314
1749296499751629568,5.171491497846749,-0.9828736884343101,0.07073620736048625,0.9947923223778266,-0.04370647801277841,-0.006950099427161671,0.0918132628534781
1749296499922650880,5.1810520145346075,-0.9817685897372206,0.07088391000849859,0.994784516367506,-0.04451065270418851,-0.007213635385134403,0.09149060747336053
1749296499984072704,5.190511714901598,-0.9810223254939512,0.0714949292352487,0.9947359798697533,-0.04665199850802332,-0.007593742130818577,0.09091895549454965
1749296500152276224,5.199824719480656,-0.9802446114172305,0.07203223138455339,0.9946924790355873,-0.04892266069637587,-0.007973217446812363,0.090165809617453
1749296500214377728,5.209074569060197,-0.9790203894582961,0.07261798649831697,0.9946862496576117,-0.05037937340084369,-0.008311676124365739,0.08939854315265774
1749296500384897536,5.218454726631769,-0.9779490429988096,0.07286064608000675,0.9946386363038164,-0.052448701035933736,-0.008686910106937876,0.08869980002300858
1749296500444471296,5.227763307806779,-0.9765988514998591,0.07341871087685625,0.9946335934430169,-0.053200757503290515,-0.009109480419992514,0.08826500757483166
1749296500610079744,5.237083792049307,-0.9753271997718613,0.07523764324071935,0.9946342700317864,-0.05262597712893734,-0.00980902109782276,0.08852659778090712
1749296500670760448,5.246515645512188,-0.9748153397755788,0.07772922103490254,0.9945189150017424,-0.053172174316148846,-0.010570861703793195,0.08940416357804228
1749296500835154688,5.256212840968336,-0.9744975319980496,0.08091652579453301,0.9943370916259848,-0.05337011589416384,-0.01141442023901163,0.09118711508118185
1749296500893372416,5.2653411559245935,-0.9742644570778944,0.08337265240000713,0.9941935518420585,-0.05221881797936972,-0.01222738945360054,0.09328916052607274
1749296501056154880,5.274937106345009,-0.9742563351955473,0.08460591181049626,0.994053757837406,-0.049678967604804364,-0.013068311238544484,0.09601221770392251
1749296501113928448,5.284502002269246,-0.9748532879771394,0.08443093758620224,0.9938085782885951,-0.047476804126467896,-0.013921030285843978,0.09948199689249802
1749296501269915904,5.294129303891727,-0.9757868760668593,0.08411461642902252,0.9933837484886533,-0.047022329235680754,-0.014813391372726957,0.10372170567398914
1749296501327000576,5.3046093786482365,-0.9765683489285033,0.08396012515862816,0.9928228653441474,-0.046160987771924726,-0.015771726530175435,0.10919328688163236
1749296501488537856,5.3152384058197475,-0.9775549795155474,0.08390092119070314,0.9921107241763507,-0.04613535778838032,-0.01671279389079523,0.11536256869703759
1749296501545700608,5.325832758931941,-0.9783618575612945,0.08354455888737666,0.9913204198617851,-0.04543000304612993,-0.01758039597245556,0.12211007192584127
1749296501705284352,5.33636938040556,-0.9791611348726654,0.08328758781852086,0.9904130586855773,-0.044651427372384096,-0.018383358642172023,0.1294228547966748
1749296501762339328,5.346851787653335,-0.9802788098969213,0.08253450744324686,0.9893663570908983,-0.04409562962285287,-0.019157850270866358,0.13726894651685823
1749296501922455040,5.357122949919663,-0.981424750912276,0.08152735420708979,0.9881998319480716,-0.043063952716590644,-0.01989891363064756,0.14563866708586173
1749296501979109632,5.367355832599575,-0.9828287143216103,0.0808684439899916,0.9868890974236305,-0.042533449047694086,-0.02063422604037968,0.15432123578494863
1749296502138006016,5.377618459215519,-0.98422665607775,0.08011141605811778,0.9856186750126992,-0.042225621266516945,-0.021348457455191334,0.16222536096169474
1749296502194999552,5.388057977113241,-0.9851900301930341,0.07927878089804752,0.9845711366656055,-0.040819080564597966,-0.022364943654856625,0.1686810267996189
1749296502356839936,5.398429942219908,-0.9858980109329538,0.07796397565266977,0.983521727154076,-0.039068435968589096,-0.02360861311456248,0.17493228093647614
1749296502415279616,5.409056899684287,-0.986729156348769,0.07728877785667532,0.9821601478206464,-0.03852568235630565,-0.02542147850649248,0.1822936210141512
1749296502578175744,5.4198280534634575,-0.9876604278342649,0.07725076228191785,0.9805015797623329,-0.03877358618659657,-0.02760102681282891,0.19066054761454374
1749296502636296704,5.430529889337846,-0.9885582396386816,0.07689357066412184,0.9786381010122512,-0.03849882265126233,-0.030053958786102904,0.19970495102246322
1749296502794269440,5.44096785337823,-0.9893342766837092,0.07631527376201586,0.9765672625132673,-0.03764046543373527,-0.032672863735457844,0.2093610783421771
1749296502849314560,5.450872318581786,-0.9896417972695009,0.07630018443885822,0.9744031275721539,-0.036974824962415276,-0.03525507172980804,0.21892575731039526
1749296503006239488,5.46019606681007,-0.9892082243672036,0.07720837795932134,0.9722978374942927,-0.03680814463372248,-0.037630253213151325,0.22774116829343632
1749296503061847552,5.469097302702963,-0.9884566757018174,0.07933240779401052,0.9702159444410932,-0.038491075931215625,-0.039899343067931636,0.23581242683260445
1749296503216228096,5.477564546894236,-0.9875031089737414,0.08196090380547849,0.9681869235911442,-0.04155272483256231,-0.04197691495059664,0.24315713161932048
1749296503269753600,5.485565232020621,-0.9864455899519529,0.08458611881861922,0.9661878725898464,-0.04539718034311764,-0.04384625093713864,0.24999519426572753
1749296503425685248,5.493320038892974,-0.9845721663299063,0.08735182400856623,0.9641408447530754,-0.04856752510759514,-0.04517442048984144,0.256968672637651
1749296503483052800,5.499714559403381,-0.9822696433086486,0.0887986703143353,0.9623526436310463,-0.050289711235253866,-0.04558602124671803,0.2631924180273915
1749296503644473088,5.505590485907704,-0.9792581160173857,0.0886267741298239,0.9608019981899913,-0.050491966939703065,-0.04522196424915714,0.2688216053410289
1749296503708976128,5.511282160634909,-0.9753529370466358,0.08743436181483721,0.9596869641361582,-0.048941611805059494,-0.04447037829082816,0.27318132248694776
1749296503865657600,5.517571749263018,-0.9709037439484112,0.08663752550493964,0.9587986379881984,-0.04689824532645929,-0.04337681792271027,0.27681072602804774
1749296503923750656,5.5238105477344295,-0.9664648364428539,0.08641641288988744,0.9580794713086753,-0.04512388877766367,-0.04204906431631564,0.2797846270054739
1749296504079106304,5.530314134930617,-0.962100906402954,0.08624443878247323,0.9575355393586992,-0.04304605563989175,-0.0403798313728227,0.28220949164972214
1749296504136523008,5.537025436541198,-0.9581084263165192,0.08645277824936848,0.9570959979060252,-0.04209408949010528,-0.03866783345686208,0.2840776954954773
1749296504293914624,5.543907086164861,-0.9543846524426698,0.08608023227375083,0.9568215933180231,-0.04196874738034674,-0.036895308103169086,0.28525392029498303
1749296504351260928,5.551138255668469,-0.950579021713895,0.08527957884449933,0.9568249706021833,-0.0413774478304385,-0.03483767001225898,0.2855874983105655
1749296504509863936,5.558733188946618,-0.9468462770606951,0.08407540633710386,0.9570191041829849,-0.040832373214133896,-0.03264679449412937,0.28527414592941464
1749296504568285184,5.56669094113685,-0.943288720136171,0.08329385443921478,0.9573942709668657,-0.04110662938902502,-0.03039766874195888,0.28422251261142384
1749296504730080512,5.574723626265528,-0.9397330770997643,0.08209628605865316,0.9579486660699323,-0.04087760663541659,-0.027874764765917943,0.282641773168515
1749296504790641152,5.582845651548298,-0.9360691747032011,0.0803396565294463,0.9585694548823487,-0.03922308417747537,-0.025164547104204456,0.28102116540076405
1749296504954424576,5.591716832441775,-0.9330419972036763,0.07959411640692826,0.9589396149707714,-0.03972934532521377,-0.02340458721775758,0.27983677252445777
1749296505015465216,5.600935802409407,-0.9306085728682572,0.07995457252156557,0.9590714187847348,-0.04258475607204477,-0.022519470116194464,0.27903660277140413
1749296505182645504,5.610047998886947,-0.9284017025438676,0.08080423941262804,0.9590480306631329,-0.046453487495475745,-0.02189530713203139,0.2785489973169322
1749296505243271936,5.618673285610392,-0.9257228778417055,0.08143967614229508,0.9590934315841343,-0.04906198547691869,-0.02080713195632231,0.2780283696549407
1749296505413036032,5.626913889144594,-0.9221264001199314,0.08205568090419924,0.9591935405811123,-0.049197927358502314,-0.019360784361250077,0.27776334473795256
1749296505473142784,5.635312301981515,-0.9182982397257762,0.0829666611047788,0.9592224501298469,-0.04887894018021045,-0.01822010895164582,0.2777969906308257
1749296505641513984,5.6439423244671,-0.9147222261446837,0.08387633517293436,0.9590610226243192,-0.049609016005789056,-0.01769060317396309,0.2782587698044275
1749296505700675584,5.652445336475646,-0.9107368332788113,0.08433407183233044,0.9588961063702593,-0.048873162688357355,-0.01727991208712702,0.2789822141195653
1749296505867265024,5.661019818292855,-0.9066948867706088,0.08432970875305479,0.9587793931419235,-0.04711898294864108,-0.01717301389028136,0.2796908370437164
1749296505927215104,5.669665643377803,-0.9033085961226384,0.08447287476440968,0.958664367870545,-0.04623979196623277,-0.017652635843569398,0.28020152723006747
1749296506094820864,5.678220941258512,-0.900376137012513,0.08493237482708471,0.958534369522179,-0.045995816481461047,-0.018601476316412652,0.28062471806626815
1749296506156624896,5.686480599180374,-0.8972562775683075,0.08544528088173475,0.9584432484465589,-0.04490497490494459,-0.019594920159738682,0.28104469722790987
1749296506322041344,5.694638247718958,-0.8941840389589562,0.08585653680477456,0.9583683104159598,-0.04376764517708344,-0.02072626711198039,0.28139828833472735
1749296506383091712,5.702715710712398,-0.89138230406168,0.08653665197470684,0.9583158978807478,-0.04349880017133694,-0.02199953114793022,0.2815217840273494
1749296506547630336,5.710526836676121,-0.8886846402033619,0.08760380226428,0.9583222650099344,-0.04317966830190191,-0.0230657473326732,0.28146389454342485
1749296506607472896,5.718184783579344,-0.8858119770304578,0.08854378941581631,0.9583946161562241,-0.04187024254257449,-0.023820658563397434,0.28135248130733775
1749296506778069504,5.726081720090831,-0.8831092997333823,0.08945029279327388,0.9584246069053572,-0.041369216257732426,-0.024797432588189977,0.2812400187767854
1749296506835979776,5.7343419568210265,-0.880621005483536,0.09175998941008867,0.9579674399000513,-0.04383259585364708,-0.027054473591137683,0.282214710975135
1749296507000862464,5.742423313062613,-0.8782769006010858,0.0943444793614594,0.9571090728330653,-0.04729485326212174,-0.030399385180471715,0.28422050759259737
1749296507056574976,5.7501092512070775,-0.875612922396062,0.09641938757620006,0.9562514823064124,-0.049175183439906504,-0.03367642822771041,0.2864101990192816
1749296507212920320,5.757613856053436,-0.8727211306762417,0.0979790629428674,0.9552541930102689,-0.05019621085359535,-0.03713622757277396,0.28912050732160943
1749296507269679104,5.76504935146245,-0.8696992709695373,0.09961113132138344,0.9542067922111501,-0.05075773963119119,-0.04070854029086157,0.29198606869682403
1749296507427173888,5.772267450108655,-0.8664742907236409,0.10107421761558966,0.9531713844623824,-0.050423750856084866,-0.04418692797547479,0.294905531633028
1749296507483238912,5.779383359235057,-0.8628154624691957,0.10282824160716464,0.9522277074877007,-0.04843075196488683,-0.047302774622208485,0.2977907031286809
1749296507635062272,5.786673627028572,-0.8592609081110849,0.10411920046695489,0.9512870263954413,-0.046032829623526,-0.05044136264909368,0.3006487002178341
1749296507686313216,5.794070254997463,-0.8555799845477754,0.10551409040542215,0.9503530458963165,-0.04273616810626691,-0.05352765571725065,0.3035415921494156
1749296507832880640,5.801599790511861,-0.8519661037771131,0.10723892640762234,0.9493877630137947,-0.03884642378975856,-0.056523132517135914,0.306527268426252
1749296507885787904,5.80910298749266,-0.8488644624739106,0.10861261362532737,0.9484377352977205,-0.03512406581496596,-0.05927464285949315,0.30938435477224185
1749296508037150720,5.816255101557821,-0.8462552045698546,0.1106839739231491,0.9477604559650874,-0.03151002193743059,-0.06152884200048019,0.3114023735112379
1749296508094455808,5.822805630386917,-0.8441938009505048,0.11284150848523611,0.9475728847815743,-0.027841078937696124,-0.0630690763787852,0.31201409255839246
1749296508244622848,5.829447779636837,-0.8430912138790259,0.11463056682952733,0.9477149498108975,-0.02517309537994568,-0.06447395204780051,0.31152174672285404
1749296508303401984,5.8360465345884025,-0.8432026431327335,0.11524284253357298,0.9479732574665738,-0.024494557070029947,-0.0659099507481523,0.31048767800756977
1749296508451161600,5.8423805793029455,-0.8430299949788598,0.11510134158172036,0.9485897275868527,-0.022741275910030424,-0.06657529438594625,0.3085904944487255
1749296508510776320,5.849161715469349,-0.8420935138427943,0.11521495953656569,0.949324529805943,-0.019855771020951693,-0.06687053887943971,0.30645883328085344
1749296508653857536,5.856406613103003,-0.8413913616489301,0.11523494877610041,0.9498175994748612,-0.0185910901277562,-0.06730502530635403,0.30491135214056114
1749296508708000256,5.864569224773474,-0.8406575571874351,0.1148362298108947,0.9503003746749994,-0.01774731234596236,-0.06757602749358077,0.30339365732532586
1749296508851121920,5.8726999141335705,-0.8398782883091256,0.11529020743014096,0.9507603497147065,-0.018002123763361418,-0.06764097203600603,0.3019194923359574
1749296508906589952,5.880999651879547,-0.8392892552224467,0.11601104879970414,0.9512778030194404,-0.01923940502356978,-0.06748886840763539,0.3002426342442107
1749296509053984256,5.889381534089022,-0.8387612169642189,0.11658858209427914,0.9518386916930318,-0.021005966555077978,-0.06707084593391664,0.2984348437949114
1749296509107382784,5.897658535558498,-0.837954612353693,0.11700025005034265,0.9524794946971482,-0.022227046228304518,-0.06602492085248651,0.2965290549404108
1749296509250961920,5.905784400048763,-0.8365784832713183,0.11645498788884545,0.9532762535176235,-0.02173856535699484,-0.06418483043520211,0.29440130230287326
1749296509307263232,5.914386080447041,-0.8347484928693625,0.11523830072935803,0.9540796297101265,-0.021063375868806196,-0.0620574646327133,0.2922965368466703
1749296509452214528,5.9235521531110065,-0.8326370889595021,0.11350953972983735,0.9547984913923943,-0.02081385491554773,-0.05977202009621876,0.2904374801777141
1749296509504736000,5.932309504969474,-0.8304953561581305,0.11122484012189782,0.9554951134859898,-0.02030154742806037,-0.05722435530003786,0.28869067951168237
1749296509647899136,5.941838217694467,-0.8282519372595027,0.10844484355494144,0.9562454566836205,-0.019951867879544564,-0.054196678268967305,0.28680876835386554
1749296509700720896,5.951591646534728,-0.8259557651243705,0.1063769679323956,0.9570263531141175,-0.020397917643775385,-0.05085089388533422,0.28477828391917914
1749296509843126272,5.96137116342511,-0.8239249057071785,0.10406262393502619,0.9578791684957654,-0.021162821967801986,-0.047202057020878756,0.2824740684403044
1749296509899407104,5.971536670775358,-0.8220418538451257,0.10256930492345928,0.9585939345827047,-0.022635286786049192,-0.043292245725161466,0.28055497470805
1749296510052860160,5.980947092290488,-0.8193289250711997,0.10225043274111378,0.9590987728307355,-0.021990139109573186,-0.039039219843457366,0.2795029821854021
1749296510108590592,5.990185604863385,-0.8162754663479577,0.10321401354288628,0.9592452635191488,-0.021263737928905475,-0.035320399346384035,0.27955115319987756
1749296510256307712,5.999632787003742,-0.8135979182845627,0.1039207687520518,0.9590777180671488,-0.02164779672131651,-0.03244924367788498,0.2804431318270365
1749296510311587840,6.008743476769442,-0.8104705463369566,0.10491065873035499,0.9590046010589928,-0.019624998329926268,-0.030077696972455437,0.2811056149084644
1749296510464890112,6.017619705986531,-0.8072497140405757,0.10669648392131714,0.9592498594379292,-0.015568306338877867,-0.028119223038914308,0.2807252113753589
1749296510518933504,6.026412087386498,-0.8044466450173235,0.10944978939790406,0.9596576618486908,-0.010917319592656686,-0.026926138750305806,0.27966581349892383
1749296510665986304,6.03500407169846,-0.8020186769806541,0.11187723125926663,0.9601241528520149,-0.00523379340112652,-0.026130032405953903,0.27830098800273556
1749296510722663680,6.043814463951525,-0.8007319803015376,0.11437825653824696,0.9605888255774058,-0.001515923421952686,-0.026576516937054998,0.27669567922086047
1749296510872693760,6.052719399999684,-0.8003571021722857,0.11622733514406924,0.9610207572158079,0.0006499365823868224,-0.02779600486007248,0.2750746514977583
1749296510927938816,6.061492098014264,-0.8008745395313763,0.11618465955434676,0.9614656334277286,0.001425916132003222,-0.0291585564051634,0.2733707758502502
1749296511074395904,6.070481285019699,-0.802216423932407,0.1159432148733055,0.9617508781475093,-0.0010345008053270733,-0.031487059805701385,0.27210796249902564
1749296511130617088,6.079279558311891,-0.8036302576424204,0.1152746019666564,0.9618994537186164,-0.004470116692005173,-0.03411712960169244,0.27122957150784327
1749296511278451712,6.087615533258539,-0.8045091147762209,0.11463100447117514,0.9622217955071215,-0.0072086697350828,-0.036778882324156624,0.2696749249498141
1749296511335597568,6.095202079457053,-0.8044640278184776,0.11516997824349229,0.9629989250904502,-0.008082695959158332,-0.03910593704907808,0.2665304222564147
1749296511485432320,6.102195202831589,-0.8038014530223077,0.11649399265321403,0.9642475436352304,-0.00720941188137341,-0.04117390285839463,0.261685705947338
1749296511539937792,6.108555708318783,-0.8038698256968013,0.11754092606027822,0.9657489882180907,-0.007531373775887231,-0.043368942947868125,0.2557172363224004
1749296511680033280,6.114674728870005,-0.8049366986362267,0.11720590733529557,0.9672288882915298,-0.009846392232320375,-0.04581063416592578,0.2495450099914931
1749296511732765184,6.121046176250702,-0.8057611150177353,0.11650748000784494,0.9688423691631508,-0.012583981048043721,-0.04841536148867884,0.24257382362331692
1749296511878950656,6.127876737521106,-0.8052095604352214,0.11680806980228153,0.970226427566063,-0.014406190010755167,-0.050907578507624104,0.23635050114662176
1749296511938023168,6.13461866833038,-0.8041550517654565,0.11702378199732699,0.9711900750460054,-0.01658253253833776,-0.05351560434377637,0.2316267209077357
1749296512085816320,6.140441561590032,-0.8031614780159515,0.11708826317479204,0.9723079380171215,-0.01838763767459104,-0.05613119951092795,0.2261160252859269
1749296512143907840,6.14617481647844,-0.8022768329338854,0.11782320316435291,0.9735663744500255,-0.019809032439798053,-0.058899034886611565,0.2197885812854193
1749296512289675264,6.151800667730264,-0.8016546943537577,0.11925378863592151,0.974877856906136,-0.019737576949035694,-0.061415794648416844,0.21319402509916638
1749296512348464384,6.1574811913863865,-0.8015543109618699,0.12136385029526764,0.9761832468427233,-0.018276092637851273,-0.06349915119331075,0.20664005134344227
1749296512493322240,6.163527631889052,-0.8018716310928884,0.12379630227859328,0.9774754932208939,-0.015944397981451128,-0.0652206122344947,0.20008425241716743
1749296512551960320,6.169907347729718,-0.80281188484153,0.12532144707988957,0.9787287885668097,-0.01418878475345095,-0.06673251980723705,0.19348231861837364
1749296512696386048,6.176810181209614,-0.804178820494033,0.12678595125545034,0.979907092345049,-0.013870556915383242,-0.06796097778016773,0.18700535693367837
1749296512753930496,6.1840599833023715,-0.8057066097027725,0.12903384565256637,0.9810191760337329,-0.015200105193601791,-0.06929516757195776,0.18046748407226562
1749296512898774272,6.191464110383446,-0.807555408432612,0.13152906816008736,0.9821532835901514,-0.017769348013196084,-0.0704513014720018,0.1734813878350373
1749296512953243904,6.198207707512595,-0.8095821960068674,0.13368417449071757,0.9831053670986252,-0.02145751351090994,-0.07135717507987974,0.16718721799355976
1749296513093634048,6.20609929510816,-0.811932621015437,0.13535484339788395,0.9841507138691484,-0.02569524416808219,-0.07206515502461419,0.15998043708299683
1749296513151942656,6.213170178051383,-0.8134557573334211,0.13568746578558777,0.985086189561842,-0.027692477400242423,-0.07213912513432527,0.1537344218281043
1749296513296381440,6.220312957655159,-0.8144549521735449,0.13487989632325226,0.9860957997351648,-0.02721719987827531,-0.07157205775789227,0.14748470538924546
1749296513354732800,6.227525398183334,-0.81539812466497,0.13371251813241036,0.9871307691330004,-0.02457130524624711,-0.0703177274346579,0.14150799552608936
1749296513501904640,6.235267017199195,-0.8169984451905741,0.13279774778266829,0.9880188991763156,-0.022731150578475263,-0.06879102385981486,0.13627085051513574
1749296513558764032,6.243741297608983,-0.8187819588279144,0.1335948924444761,0.9886912890915989,-0.023173985239984093,-0.06708558043866865,0.13210611711687134
1749296513704589312,6.2526588702118175,-0.8202710386776602,0.13479065476302043,0.9892653567671376,-0.024580006500720574,-0.065151147603166,0.12847258519545418
1749296513762116864,6.2617811893834885,-0.821578535633475,0.13590608926874825,0.989787420446211,-0.026631341475524154,-0.06291979648937134,0.12511088356887934
1749296513908487936,6.270797020155433,-0.8224475104688,0.13618878009704405,0.9903333029185862,-0.027510306205210916,-0.06020413838368949,0.121895832186079
1749296513967691520,6.279763626513613,-0.8228735606700361,0.13531679268574592,0.9909586796304372,-0.026307435072250286,-0.05689528701855811,0.11862436697447917
1749296514120029440,6.288366645660121,-0.8236638878121685,0.13439190107571575,0.991742574248279,-0.024373710404208538,-0.053105315319452,0.11415959946211274
1749296514177721600,6.296285745752662,-0.8252597346809152,0.13332176094957893,0.992630029671795,-0.023107494835132275,-0.049086224078970876,0.10836148061873642
1749296514325907200,6.304067277866769,-0.8268911960755982,0.13330090414603424,0.9935546622255759,-0.020451478615840336,-0.04475840611441326,0.10211540174892908
1749296514381746944,6.312414603723822,-0.829041124576432,0.1338476458005986,0.99448368285529,-0.016251269217978544,-0.039975921633598296,0.09560348567352488
1749296514528865024,6.321031163234791,-0.8318634858919767,0.13432719910284074,0.9953495617009415,-0.011651143156931505,-0.035149877799601915,0.08892686307046757
1749296514587034112,6.329902453128913,-0.835173803375783,0.13487034006714982,0.9961580877067451,-0.006867699614962606,-0.030347713184043144,0.0818591186303554
1749296514736635392,6.339081666057991,-0.8385056388993988,0.13570095960758177,0.9968701086040309,-0.00159557393156746,-0.02582179420753992,0.0747039199742569
1749296514793661440,6.348379275150627,-0.8421517514828043,0.13673978157319766,0.9974498165855681,0.002364932170290554,-0.022028569830763126,0.06784550538140337
1749296514949056000,6.357715185041963,-0.8460567941341717,0.138436580197983,0.9978795945863583,0.003762266001456208,-0.019178543988500985,0.06208335939026388
1749296515003814912,6.367082175809704,-0.8498115819801235,0.1404167892291195,0.998194533467115,0.004184426494335851,-0.017126048578883862,0.05741831059301399
1749296515160598272,6.3764088891938595,-0.8535383630762912,0.14158056409922892,0.9984055137509467,0.004023812940599626,-0.0154875762394178,0.05413292919615106
1749296515214377472,6.386044148815589,-0.8566268585822536,0.14167512185202558,0.9984771061607096,0.0044685374867817,-0.014712754990055133,0.052981463610086654
1749296515373457152,6.395870229822956,-0.8593981712486807,0.14152313699234886,0.998426786961888,0.003937475933556936,-0.014687747349816167,0.05396959734907817
1749296515430664448,6.405946970554017,-0.8621720689500805,0.14144151244719794,0.9983045055709852,0.0020343990353473024,-0.015235548915120847,0.056141370009030495
1749296515594553088,6.415569777140219,-0.8648138624289627,0.14097000786572522,0.9981483936996501,-0.0004358057148509248,-0.01610047767976095,0.05865465750194166
1749296515655847424,6.424610940720804,-0.8671024048079508,0.14093875777519438,0.9979594516782013,-0.0031337908392043336,-0.017355722646374302,0.06136685630323741
1749296515818467584,6.43319676899108,-0.8684766506231014,0.14203644954820405,0.9977687059876593,-0.004251051301394273,-0.018994875314173452,0.06386495616802391
1749296515878367744,6.441520798561758,-0.8695227492102013,0.14340519166154708,0.9975778481426111,-0.004480397975837962,-0.020995638915507417,0.06616302650019575
1749296516036659712,6.449731553249882,-0.8702976954696924,0.14487952839940066,0.9973915604444711,-0.004092299297940979,-0.023302435118633953,0.06819328968557721
1749296516096194304,6.457695270348654,-0.8708172785740711,0.1463333674830687,0.9972546015949805,-0.003429587163959006,-0.025631723386446155,0.06938668666078755
1749296516258095616,6.4650159018130635,-0.8713461529205206,0.1484862408696559,0.9972207827942418,-0.0025323694120328332,-0.02815115245290954,0.068933374238996
1749296516324700160,6.471586656666797,-0.8720737374809922,0.15056192054562523,0.9972455380544651,-0.0009655033001779025,-0.030628024303017577,0.06754501285166385
1749296516484409088,6.477962029353383,-0.8735061949805125,0.15271569432817733,0.9973168715623112,-0.00014281766810778193,-0.03321012896829932,0.06523898094074704
1749296516549635328,6.484138831353714,-0.8757109512364316,0.15412729921361157,0.9974189649507228,-0.00036902953832881246,-0.03580986947419285,0.06223283234812483
1749296516706721280,6.490125004525133,-0.878750726213875,0.15491526363413488,0.9975470174422826,-0.002226164355625217,-0.03839198050392504,0.05848972574097183
1749296516768798720,6.496119027757864,-0.8820195832937037,0.1555328023739211,0.9976921131105038,-0.004591914783620892,-0.041030601754217855,0.05390595027828294
1749296516919216640,6.501760364951743,-0.8846366611002132,0.1564592756199068,0.997850385852889,-0.006135307430233935,-0.0435971158270867,0.04854129116058694
1749296516980217344,6.507590846028339,-0.8866669566190355,0.15757685903271623,0.9980078410314649,-0.006372069943783534,-0.04630472743438349,0.042374735179976634
1749296517129825024,6.513537921887122,-0.8889823451952026,0.1590378104998309,0.9981422148197088,-0.006996837641412562,-0.049049108003989636,0.035459106895674754
1749296517186654208,6.518856361347503,-0.8916277622320177,0.1596582385462404,0.9982321856261187,-0.008421620245191695,-0.05124549334260814,0.02890465887396612
1749296517336340224,6.525179284511766,-0.8946973301420638,0.16002800392472416,0.9982872652826148,-0.010050922323274073,-0.05331429295307338,0.02188837823878024
1749296517395979008,6.531950395126452,-0.8973284351344217,0.16091982708677133,0.9982842097406319,-0.01046680324451542,-0.055322339497821935,0.016078599592317146
1749296517543768832,6.5390763709377575,-0.9004893008962256,0.16280204741089266,0.9982382053388985,-0.012271150626467315,-0.05693979950077173,0.011303251606932156
1749296517603614208,6.5464775843180165,-0.9041732414659283,0.1651442393161,0.9981655199006736,-0.015601198781002627,-0.05808912376751876,0.006917454585003518
1749296517748077056,6.5539395076985265,-0.9076431149925339,0.16723904418816904,0.9981027011523986,-0.01811963827221028,-0.05879480388326303,0.002418201294070217
1749296517807782144,6.5615051412973235,-0.9108161478906531,0.16854892933934718,0.9980631346015767,-0.019184061423456585,-0.0591404665401983,-0.0020871880566443873
1749296517957190144,6.5691518826099555,-0.9139934573591475,0.16870307710709964,0.998021320835946,-0.019317439920831896,-0.05939988980850075,-0.007206438962246327
1749296518017575168,6.576497772680713,-0.917413042571229,0.16935317964636631,0.997963932926018,-0.019423502097490525,-0.05914412412888617,-0.013881236476965507
1749296518165044736,6.584194743737022,-0.9210638879066586,0.1701831244138461,0.9979011817594287,-0.019123601582686126,-0.05843603596618357,-0.020316225195668572
1749296518225758720,6.592350221708635,-0.9249230239677546,0.17084546527783484,0.99782977626016,-0.01878655161773405,-0.05766407045708569,-0.025644844808139035
1749296518375434496,6.60097498206019,-0.9286597495510707,0.17123169897057533,0.9977863679734099,-0.01772443157045737,-0.056806503293185144,-0.02968551154244442
1749296518435974912,6.610085615049699,-0.9323952976017029,0.1712566572777594,0.9977703128064821,-0.016401306595466576,-0.055855166552007215,-0.032643535247635226
1749296518581309440,6.619053540277777,-0.9356725780362414,0.17123054156903095,0.997792848299345,-0.014421300248098868,-0.05476900154528963,-0.034667195611506677
1749296518637501184,6.628822473641426,-0.9391851224437895,0.17072445377488732,0.9978395395593381,-0.012002285714867018,-0.05341645663331042,-0.03631639561366841
1749296518784469504,6.638878802787396,-0.9425227418071698,0.16904155185042047,0.9978983531294489,-0.008400779452057255,-0.0519688119305498,-0.03778288385841693
1749296518841381632,6.64921200381996,-0.9458177784988973,0.16774984271338456,0.9979527731917013,-0.004954584376438032,-0.050189875424440936,-0.03932799228956949
1749296518989497088,6.659150266277216,-0.9497802076856665,0.16735822643154386,0.9979410594734601,-0.0032138465302068557,-0.0481279788071343,-0.04227304890125667
1749296519046979328,6.668871309848482,-0.9542559850386931,0.16802928088928093,0.9978547516174077,-0.0016682150145343377,-0.04593960594886728,-0.04661184761935344
1749296519210939904,6.678442277116854,-0.959360654296483,0.1686424967346838,0.9977035970245762,-0.0003537921101670939,-0.043623949042128664,-0.051810794100601375
1749296519267789824,6.688311586689067,-0.9644653775353333,0.1687764992213001,0.9974791972107789,0.002757753842292396,-0.04162949678421417,-0.05739887562468903
1749296519419529984,6.697957542997463,-0.9706589612203977,0.16926044894915515,0.9971710798615727,0.0037650044643879658,-0.039329692035656574,-0.06394401890300934
1749296519476525056,6.707478822453622,-0.9771776884091556,0.169048723678638,0.996773708075806,0.004759426261690952,-0.03698470306609196,-0.07107499201252518
1749296519633962752,6.717189039139447,-0.9827347164202758,0.16950719928053593,0.9963807120785518,0.007359595801555353,-0.034937461181094566,-0.07714069453728838
1749296519691250432,6.727451094660273,-0.9878339184867739,0.17072296405789622,0.9960946601927974,0.010299782568142,-0.03372286648549493,-0.08094510911998491
1749296519844493824,6.737982947284907,-0.9938886971192105,0.17151126765536784,0.9959485915034442,0.009726052518134614,-0.03268282131387631,-0.08320841409187864
1749296519902055680,6.748639578563785,-1.000035174415058,0.17190313753689868,0.9959130580949652,0.007942453839473328,-0.03204590175845447,-0.08406639235407952
1749296520058764032,6.759351317840592,-1.005480338380571,0.1722610381309546,0.9959524238078795,0.007384487430828988,-0.03188558986409807,-0.08371109852111813
1749296520115543040,6.769914198751757,-1.0097796363971998,0.1729693615988963,0.9960262330394267,0.008273586531388773,-0.032146459715607305,-0.08264318478223047
1749296520272421376,6.78021928323685,-1.0135546024741844,0.17331091588937442,0.9961082636314139,0.00889643431673743,-0.032614815402218986,-0.08139689427697536
1749296520330648832,6.790367394008488,-1.0170867857181944,0.17322086035302986,0.9962129963760294,0.00876522713753006,-0.0333803821505865,-0.07980342556683731
1749296520486075392,6.800547801617014,-1.0204905438443692,0.17280473561693288,0.9963293429449638,0.008410738462149799,-0.03459043882849883,-0.07784986452801176
1749296520543670272,6.810790026786716,-1.0241556923637658,0.17209840571262847,0.9964096259424773,0.008019560332400887,-0.036134394382897055,-0.07614361118195437
1749296520704296448,6.821134512117961,-1.0283338127411144,0.17277953586476924,0.9964072990894673,0.006608172112722561,-0.038082195810131926,-0.07535630527593667
1749296520762622976,6.8313828505126875,-1.0332345176526792,0.17326982153279014,0.9963547933804644,0.00447835097899584,-0.03996498048323327,-0.07523211026719723
1749296520914636032,6.841641232171064,-1.0377208612121844,0.1750040764509344,0.9961856254483934,0.004873741671834438,-0.041927834259073954,-0.0763708256237457
1749296520971288320,6.85164086850204,-1.0429359908338012,0.17631598277686633,0.9959560854868265,0.004765994307919362,-0.04361446012619016,-0.07839987211670098
1749296521126467328,6.861151348111898,-1.0483446724954546,0.17693828852743598,0.9957046459234743,0.005001276325595339,-0.04469490288847973,-0.08092966685531877
1749296521184798720,6.870405170933126,-1.0532305167075662,0.1773509156465929,0.9954687700385858,0.006801759098259993,-0.04574949383704746,-0.08308217477105605
1749296521335470592,6.879525603966613,-1.057568935507164,0.1781254595085242,0.9952861723352974,0.009446973276101046,-0.04649885874474758,-0.08458159368035875
1749296521393587968,6.888809880908194,-1.0614261258682416,0.17937741009105368,0.9951788304289134,0.012204204096252743,-0.047133625704271695,-0.0851385588114251
1749296521544902400,6.898243830139879,-1.065149617775023,0.18093881405410883,0.9951423571174153,0.013542386004620242,-0.047589711922243455,-0.08510882546043451
1749296521601396480,6.907764176343725,-1.068568019570209,0.18209918087058963,0.9951232996781697,0.014365783571155637,-0.047902872818637525,-0.08502092375256617
1749296521750640896,6.917433305331889,-1.0717444291267397,0.1825563751293613,0.9951044238566985,0.015246397134261631,-0.04813320487746827,-0.0849583873639094
1749296521807047680,6.927267842256011,-1.0748076288900732,0.18222645160617734,0.9950973322568214,0.015658892267210674,-0.04827601129916767,-0.08488536482435587
1749296521956479744,6.937216291213607,-1.0774782777396728,0.1813461059886774,0.9950961934698517,0.016583318985096216,-0.0484195171276308,-0.08464106352342719
1749296522013231872,6.947014525592534,-1.0806451908655919,0.18043653677226112,0.9951299212238682,0.0164731493964307,-0.04836313856710538,-0.08429758040347246
1749296522166020608,6.956392158605148,-1.0850756927733909,0.18006854906811753,0.9952017044931545,0.01289336581837604,-0.04779013287314212,-0.08440042471315472
1749296522227365632,6.965793273691731,-1.0898036098773525,0.18129024787417292,0.9952237269989671,0.008423917223160573,-0.0464846136904583,-0.08542804883029799
1749296522388178176,6.974626086176541,-1.0932737883141233,0.18329218652028922,0.9951896670894154,0.006799516112779119,-0.045049693421868015,-0.08672841646015686
1749296522449756672,6.983620157572755,-1.0961067155734026,0.18560505844023645,0.995137694519675,0.006639671572293849,-0.04334181673122086,-0.08819507146045885
1749296522606202368,6.992851949117228,-1.0987857694206706,0.1877423019604363,0.9950954146283776,0.007465474231858093,-0.04136458273639335,-0.08954526104219496
1749296522662321408,7.001959641452895,-1.1016487592342155,0.18901225732907712,0.9950621478876467,0.008351154532745958,-0.039197213846097256,-0.09080285505366485
1749296522815022848,7.01152264366912,-1.1048730741241792,0.18955826064815717,0.9950376585026789,0.00900880499683301,-0.0367175117391521,-0.09203653581986151
1749296522870523136,7.0214974220095145,-1.1083099570438533,0.18936704104612367,0.9950141694434798,0.009726916262821279,-0.03397041816844468,-0.09326414314289808
1749296523026824960,7.031496866400141,-1.1123510965355239,0.18881055209591446,0.9950289107683937,0.008992845380966057,-0.031004260410202905,-0.09420897676672961
1749296523084399872,7.041334098809833,-1.1170409760953461,0.1887469720668511,0.9950838822888686,0.005982519594087698,-0.027743349184239596,-0.09488194372092382
1749296523242817024,7.05125518055118,-1.121397507111765,0.188971529024208,0.9951460016860423,0.0031922336737251053,-0.024415966572903465,-0.09527909292581843
1749296523299841280,7.061410180059012,-1.125008790554629,0.18935896667434537,0.9952038672168764,0.0013135900856401056,-0.021065140266434964,-0.09551856899690274
1749296523458416640,7.071889292527075,-1.1280352969327097,0.1894791301972023,0.9952721208125048,-0.00014411448079376232,-0.01772759121311062,-0.09549406931415165
1749296523514948352,7.0825525085804495,-1.1306758636391194,0.18887540524231428,0.9953527792828206,-0.0014083901128294789,-0.01438558491892481,-0.09520460155788257
1749296523680779264,7.0933187735674155,-1.132926755096463,0.18802391792774165,0.995412035811346,-0.001501197079258348,-0.011040336838858706,-0.0950301864237119
1749296523737365248,7.104057467865783,-1.1358076108860264,0.1884308958550056,0.995457442038664,-0.0015073594799881133,-0.007898527556928159,-0.0948673928158163
1749296523901863680,7.114606791351925,-1.1397220598768172,0.18983830953114467,0.9955089235900404,-0.00334932727256395,-0.005277965031465535,-0.09446114621656314
1749296523956304640,7.124928337521444,-1.144356575479545,0.19242058260594108,0.9955860798775837,-0.007340392885285883,-0.003338605942038122,-0.09350577467001131
1749296524120159488,7.135280621571498,-1.1490930612652526,0.19406440854993967,0.9956994010176199,-0.011164749864894066,-0.0019291359455001814,-0.09194742850189719
1749296524176424704,7.14563988383068,-1.153418956579424,0.19471354310034839,0.9958512447027136,-0.013566451591832701,-0.0009767901094703392,-0.08997386118392701
1749296524341331712,7.15589209504396,-1.1576252889563974,0.1946090724504268,0.9960090234362386,-0.015034703322584587,-0.00032640391596027666,-0.08797656727831446
1749296524397989120,7.166094073200881,-1.1615997434834915,0.19558096586016616,0.9961578195418557,-0.015370902811505811,-0.00033516724993660037,-0.08621613291774277
1749296524564169472,7.176330117956427,-1.1664355830202426,0.19861167849297923,0.996226263898923,-0.01736156118700584,-0.0014211417333369909,-0.08502815808493745
1749296524620617472,7.186518095574323,-1.1718916873345324,0.20149332198972347,0.9962463223481846,-0.019805630989705024,-0.0029639971650702065,-0.08421530092342082
1749296524782742784,7.196995558727501,-1.1769646821010156,0.20433368862112422,0.9962521152072064,-0.019347367731027482,-0.005232364574251281,-0.08414288245603149
1749296524836904704,7.207425914475294,-1.1824337154745783,0.20587144042440686,0.9961952356624729,-0.018373997325331872,-0.007711728890357045,-0.08484089758601342
1749296524994107136,7.2178098820598136,-1.1881656877399047,0.20570085368841973,0.9960984991554019,-0.01664104572237897,-0.010280650351679637,-0.0860532614487564
1749296525050690560,7.228085729066002,-1.1936789901889417,0.2054916146485226,0.9959455570827672,-0.013502942040528725,-0.013217352694212536,-0.08795123348255714
1749296525208220416,7.238335275247329,-1.1996231848218812,0.2055423979971911,0.9956911151132166,-0.010788696449766641,-0.01638074016164122,-0.09063376117800176
1749296525262970112,7.248373391891473,-1.2063228595935591,0.20537876402169797,0.9953454882487793,-0.009945581516154656,-0.01960447402557414,-0.09383021384013442
1749296525420208640,7.258383163812706,-1.2130799646045567,0.2052307917329843,0.9949250367501252,-0.008788010016875921,-0.022912979164943167,-0.09758041562471434
1749296525477768192,7.268320916805425,-1.2197722155615058,0.20601447437239306,0.9943943271734192,-0.00729853341595685,-0.026107406849764325,-0.10220106067394687
1749296525637266176,7.277638116546243,-1.2275081825086578,0.20683500083614748,0.9937775305568785,-0.00938946198574899,-0.02883323116124354,-0.10717603530963861
1749296525694173184,7.286498202190915,-1.2357179209944396,0.20695694502815565,0.993013370273575,-0.012723779300993459,-0.03110734880305391,-0.11311447630016654
1749296525845971456,7.2954388249613,-1.2428917995387634,0.20855838322272913,0.9920162686942737,-0.01226736078862137,-0.03293190053617852,-0.12111450958596089
1749296525902011648,7.30437233033774,-1.250621738009702,0.2097563748105502,0.9908005708100676,-0.011476256935643681,-0.03415862902081816,-0.13044428876961128
1749296526049957120,7.3128919675184765,-1.2587761089883225,0.2097757149763635,0.989489764018718,-0.010820854587353004,-0.03472619885274774,-0.13995358916948264
1749296526108270592,7.321289458996615,-1.267170342211629,0.20947668961306132,0.9882608802650809,-0.010541690846017781,-0.03506927648876428,-0.14832211951812607
1749296526267415552,7.329408878842164,-1.276436369780856,0.2091785825669059,0.9869793942797296,-0.013488984063083806,-0.03479727445031179,-0.15645725380113903
1749296526323947776,7.337236888530567,-1.2860274175423307,0.20883372837780412,0.9855044842344224,-0.017581612112122474,-0.03410067896400457,-0.16525417442103557
1749296526480074752,7.345601806112094,-1.2941487867844237,0.20970186942049018,0.9839084953606024,-0.017449699109519445,-0.033881840584267804,-0.17456116875423563
1749296526537476864,7.354208031136897,-1.301461693620726,0.21151751173740552,0.9823127188252205,-0.015361848110479345,-0.034189954246554834,-0.18345785097796266
1749296526698480128,7.36260338681332,-1.3090245857299734,0.21271490575797936,0.9806617852860309,-0.01434655619831896,-0.03432068047799091,-0.1921424734315423
1749296526756422144,7.370801179566474,-1.3166912862571878,0.21367340902871845,0.978963098346191,-0.014348545633807736,-0.034156126158797054,-0.2006457833109004
1749296526912924672,7.379128080470249,-1.3236761339163818,0.21433919354816977,0.9774997317257892,-0.01415441774322073,-0.034140199480353337,-0.2076737193623747
1749296526971588096,7.3881488128948405,-1.3305374003377075,0.21476389986092403,0.9764980566138828,-0.014952418064538812,-0.03457941447614424,-0.21220799871310336
1749296527133151232,7.397521559187007,-1.3375050255421557,0.2150555444967699,0.975696433498079,-0.0166441078912759,-0.034895273736175,-0.2156890428429537
1749296527191200000,7.40709273952525,-1.3440390654146586,0.21559471883434167,0.9749951123608618,-0.017455898001513773,-0.03541492403721151,-0.21869066201561893
1749296527346838016,7.416683894123334,-1.3502337139274143,0.21643559134533286,0.9744945410357321,-0.0177041321736675,-0.03626407163389681,-0.22075296216374274
1749296527408267264,7.42602091460131,-1.3565721934416146,0.21731673738221957,0.974114766444884,-0.018932286432813614,-0.03697302089634221,-0.22220482904350533
1749296527570507264,7.435103807816013,-1.363394235782244,0.21767773389654188,0.9736131602863768,-0.021024862016371226,-0.03757259840713958,-0.22410637907766498
1749296527628214016,7.444273677847372,-1.3704415931614253,0.21852936419188618,0.9727972270880625,-0.022770083078868058,-0.038309145794731755,-0.2273312289036332
1749296527792298752,7.453441725428611,-1.3776796641921654,0.21949607737503962,0.9717257802270727,-0.02390411346036161,-0.039104864001398995,-0.23162126632326566
1749296527851262208,7.462484490586835,-1.3851106904761852,0.22082495954826475,0.9703947839750758,-0.0245592752643796,-0.03980085431249102,-0.2369529430677113
1749296528006562560,7.471272927488098,-1.3927249519785732,0.2222411872720622,0.968889321793402,-0.025313783294243983,-0.04044964313155004,-0.24285082017688106
1749296528064599040,7.479692554578799,-1.4006950800520963,0.22312155652913335,0.9671747457477878,-0.027001794036135045,-0.040887374844639716,-0.24934341155291445
1749296528219351808,7.487962399767529,-1.4084158053460243,0.2242858514416688,0.9652078291238826,-0.02808602729125777,-0.0414682858552433,-0.25664255870214514
1749296528277727744,7.495990029663945,-1.4159372916571158,0.2258481025897252,0.9629437238205137,-0.02798168903892446,-0.04214394599219679,-0.26491564251553357
1749296528435932160,7.503310327530738,-1.423898675452676,0.2269671034768237,0.9603789126494107,-0.028297307681085883,-0.04238256930554574,-0.27399876703262444
1749296528495737856,7.510132155722282,-1.4320006296541585,0.22814376261562286,0.9575497225638767,-0.028281409556147857,-0.04240850833893184,-0.2837255876931562
1749296528655540224,7.5169054285628505,-1.4399447446269118,0.22966491442796544,0.9546388901992031,-0.02718639400148923,-0.04270440022435676,-0.2934311222449104
1749296528714888448,7.5234717456299816,-1.4479318515084736,0.2312637880581203,0.9517361536337309,-0.02646212169649508,-0.042976920362303286,-0.3027392183017643
1749296528872204032,7.530133672798295,-1.455790841973716,0.23255277349613612,0.9488674582444472,-0.02567651387913603,-0.043454497303623246,-0.3116134945470528
1749296528932339968,7.53667319000473,-1.463810582633438,0.23326167956856292,0.9459839300989875,-0.02490646175521552,-0.04393885170273044,-0.32025528796314245
1749296529094549504,7.5429547644272,-1.4720864902049615,0.23360322657983845,0.9434398507622141,-0.02422204134845445,-0.04420649044256566,-0.3276893756432089
1749296529152172800,7.549660766597404,-1.4801109421900605,0.23514327481801933,0.941844688884623,-0.023280029329565945,-0.0449713351848102,-0.3322110793846849
1749296529311701760,7.556743493026416,-1.4883846491994328,0.2369110069208329,0.9409827413209715,-0.024041261992773885,-0.045342560618089965,-0.3345408053652936
1749296529368465152,7.5642044701416715,-1.4963974403703584,0.23808392889639585,0.9404576548157304,-0.025003187813523058,-0.045704049520434456,-0.3358948942081312
1749296529529217280,7.5719635104285,-1.503650257835508,0.23931833445619954,0.9401956299269405,-0.02514113808002253,-0.04621575008379528,-0.3365474782055527
1749296529585995776,7.579624021547869,-1.5106175677706122,0.24070743950339812,0.9399921819099155,-0.02477058042536191,-0.04673582957519048,-0.337071028905698
1749296529745540352,7.587184339795787,-1.5175980006864935,0.24198441903230483,0.9399106476165938,-0.024019236999292995,-0.04757387880457322,-0.33723549161737776
1749296529802234112,7.594528312125824,-1.524696424125485,0.24376598548659523,0.9399031726511807,-0.02292981599277212,-0.04898949206515805,-0.33712946956025713
1749296529960599808,7.601658008943018,-1.532270248141165,0.2451803456095023,0.9398900044685214,-0.02216585055811468,-0.05057879569011696,-0.3369825514707479
1749296530017080064,7.608767636798308,-1.5402777333731494,0.24586325618528315,0.9399289801694268,-0.021430151932923695,-0.05255886827380919,-0.33661822023112403
1749296530172793344,7.615472366591405,-1.548958867702904,0.24762451423743626,0.9397091785975423,-0.022581861806466704,-0.05413298675796986,-0.33690701821355257
1749296530229392640,7.622076328515549,-1.5581082721265611,0.25008857592646194,0.9390652526945208,-0.024648065759375466,-0.0554046989898807,-0.3383478141882074
1749296530381521664,7.628561621369952,-1.5674032715339972,0.25299637560624966,0.9380628938911685,-0.026757070123166356,-0.05661265608370337,-0.34075955375322775
1749296530439204352,7.6351423528005835,-1.5769632990731055,0.2554904857554754,0.9367205769076042,-0.028587582503475092,-0.057766742409171096,-0.3440934675287004
1749296530589825536,7.641939803085764,-1.586443886463135,0.25793498361385403,0.9349354006200306,-0.029283021170361006,-0.059332022258707574,-0.3485943379822618
1749296530644044800,7.648163712283489,-1.5964819009891817,0.2592157361087071,0.932784544746607,-0.031233950314196082,-0.06017514574747095,-0.35400054415764126
1749296530792851712,7.6540796180576685,-1.606739119626695,0.2597449728029977,0.9300979924182567,-0.03387981987667202,-0.06047044862782077,-0.3607120834507804
1749296530846606848,7.6599071285373395,-1.61680203050062,0.2603272749276231,0.9267408800422448,-0.03631717748930432,-0.060542274989115144,-0.3690081798780053
1749296530994944256,7.665620413982255,-1.6269892027673687,0.2605116088510506,0.9229533112428305,-0.0384164531364083,-0.06039407778251367,-0.3781982506082131
1749296531052409344,7.6705689158123604,-1.6376348232960205,0.2601435828044232,0.9187937639540861,-0.04126787903115093,-0.05938250612854894,-0.3880575981027121
1749296531206054144,7.675092584635647,-1.6485002772052209,0.25933959383465144,0.9142855757634397,-0.043606397785527856,-0.057961021552222707,-0.39852338451301533
1749296531258658304,7.679244196624582,-1.6596446164574563,0.25848396705171917,0.9095242397435546,-0.045130324014353934,-0.05622321339670997,-0.40935053615283873
1749296531412566528,7.683101019120142,-1.6710577572669147,0.2574572893563465,0.9044886222327815,-0.04595368849358082,-0.05422197166533158,-0.4205336711299152
1749296531465192192,7.68657905197759,-1.6827974430597221,0.25635272947760823,0.8992813619969672,-0.046437384728172236,-0.05189598342615085,-0.43179093108670097
1749296531614527232,7.690024834966579,-1.6941119952206325,0.256238765370318,0.8940691223192367,-0.04575225544862739,-0.04972609736853743,-0.44280294813513593
1749296531668655872,7.694300545510517,-1.70480346227663,0.2571995297648342,0.8893309864337363,-0.04181605464523164,-0.04893149051977462,-0.452711302463521
1749296531824059904,7.699341789070094,-1.715011960915081,0.2577787094535693,0.8853963365741653,-0.035328977155829215,-0.04927140979235729,-0.46086605291694455
1749296531877274880,7.703854724111011,-1.7257847782652491,0.2593467721999412,0.8825499880691895,-0.029476318000630858,-0.04926043370751204,-0.46670126945097024
1749296532032817152,7.7080719818785095,-1.7375114497987134,0.2611284069445796,0.8803671066899964,-0.025348879715563558,-0.048390260534035695,-0.4711364711428086
1749296532086057728,7.712895936151108,-1.7493061438207822,0.26303545884891966,0.8789732966104399,-0.021217460455013947,-0.04796441206843301,-0.47397803577016634
1749296532240937728,7.717771122822187,-1.7611615793014956,0.26480834167479284,0.8782694938246054,-0.01842844108781044,-0.04718325798280515,-0.47547537154123176
1749296532293572608,7.722341004272372,-1.7732260228661842,0.26644018784316303,0.8780097948369274,-0.018110553008369463,-0.04544922886826084,-0.47613566935845947
1749296532449214464,7.726824192038073,-1.7855703602940034,0.26768639236342917,0.8780199060787391,-0.01953815238714448,-0.04330071142384643,-0.4762608040989384
1749296532502956544,7.73231274397583,-1.7973370393611932,0.2688700332124312,0.8783313845499606,-0.0188870873869254,-0.04292394817433381,-0.4757465622762973
1749296532655319552,7.738097730095191,-1.8084622274997244,0.269638052029471,0.8787095437407093,-0.016361114298176865,-0.04378942680934468,-0.4750624567124048
1749296532707952896,7.743125379351795,-1.819664645993691,0.2703838427334344,0.8791908578679537,-0.014720054967405947,-0.04400904865308062,-0.474204554026866
1749296532855808512,7.7468757841267255,-1.8314414345390042,0.272386365864155,0.8797156894678587,-0.01648150583135901,-0.04238980867566679,-0.47331994442455233
1749296532909243392,7.75075248728365,-1.8433048007585007,0.27452753128552265,0.8801740708610523,-0.01814185083249795,-0.04106192461982529,-0.47252343495192967
1749296533063347968,7.754533455323845,-1.855648430405659,0.27690290083549707,0.8802739280663858,-0.020217569078457554,-0.039759705482973605,-0.4723645068027873
1749296533116783104,7.758771153649563,-1.8680808744082076,0.27912805020359777,0.8800788297783478,-0.020839934990410286,-0.03927372023771895,-0.47274149953675365
1749296533266675968,7.762906343937626,-1.8807557230055827,0.28160891030274415,0.8795521264521444,-0.02148553474762545,-0.03898621373946734,-0.47371563599735655
1749296533316984576,7.766709295926546,-1.893679951371177,0.28291576842466304,0.8788976751147792,-0.022476364801857086,-0.03849691991217289,-0.4749228114761443
1749296533467457024,7.769838068069301,-1.9074254781578897,0.28269501749630344,0.8781079037574577,-0.025842478756077394,-0.03702587827970835,-0.47632736640680345
1749296533521319424,7.773536719523264,-1.9211314252757994,0.2816826279185256,0.8772886170960356,-0.0281721392696181,-0.03640239760420912,-0.4777508538258868
1749296533673957888,7.778733470826193,-1.9341911654495272,0.2819286381891324,0.876197519119024,-0.02674622736170159,-0.03834836347003252,-0.4796790070773932
1749296533728066560,7.784369328409041,-1.9470364310875339,0.28303387371878985,0.8748018097905553,-0.023226101444215635,-0.04139738215674811,-0.4821499751627498
1749296533879919872,7.7890476817143215,-1.9594318184263093,0.28501663851244796,0.873541700246724,-0.02052725954203248,-0.04370576178753818,-0.48434836216542265
1749296533933400064,7.793466832852756,-1.9715836071371302,0.28645931606622854,0.8726916166622074,-0.018194535996642402,-0.04586371320576511,-0.48577239616753554
1749296534087519488,7.797547863774419,-1.9840446923878678,0.2868588269901351,0.871996011670406,-0.017553290304426768,-0.047054082076164586,-0.4869299241065012
1749296534143185920,7.801533375237424,-1.9962680256145018,0.28787846180254695,0.8714630602116673,-0.017467761058597955,-0.04771464285809859,-0.4878220217118533
1749296534291713792,7.80585896000826,-2.007791734103874,0.2897731091700986,0.8710208230919119,-0.015921122758705195,-0.04864663255650392,-0.48857215304528256
1749296534345709824,7.810340578338422,-2.019137742001728,0.2907797755070889,0.870689879835785,-0.013730799633002904,-0.04972956707062966,-0.4891191761237259
1749296534495904768,7.814287293715902,-2.030595002284668,0.29175509996356164,0.8702513709704662,-0.013527502722605262,-0.049478629213486384,-0.48993001872233566
1749296534550932480,7.818288180424965,-2.0418256273609896,0.2928751913491876,0.8696072000449352,-0.013683180582590843,-0.048727177553031006,-0.49114330939845585
1749296534704121600,7.822427450175961,-2.0528269979794493,0.29424398494740744,0.868899988566393,-0.01427147566070096,-0.04756346949760364,-0.49249045800009045
1749296534758112512,7.827080732806169,-2.063349771718927,0.2953932106700887,0.8681759255788664,-0.014028637376229182,-0.046692562714427704,-0.4938558131335545
1749296534907188736,7.832110015129686,-2.0735092327223508,0.29623514291964836,0.8675369671610061,-0.013097954767740104,-0.04597243799744069,-0.4950702870649346
1749296534960451072,7.83711529955025,-2.0835874671948016,0.296586795847841,0.8668739483423334,-0.012298120405140145,-0.04481195441787608,-0.49635693070725256
1749296535115153152,7.842029213174788,-2.093817126132271,0.2968891377478826,0.8661561528565848,-0.012108718155402313,-0.04297728925078622,-0.4977748993490607
1749296535169513216,7.847022434155785,-2.1040463033970953,0.29761635808605647,0.8655409886092736,-0.011911570090351568,-0.041026295711839314,-0.4990127799920847
1749296535323658496,7.852375461600399,-2.113930668822534,0.2993837496358913,0.8651138885067401,-0.010154672658864815,-0.040148726822308786,-0.4998629034750294
1749296535376807424,7.8575935830778185,-2.123896771429688,0.3011683438537771,0.8647223971196168,-0.007831095138692132,-0.03958825055059993,-0.5006262281253104
1749296535529569792,7.862357943480687,-2.1341493654723163,0.30294940480354793,0.8642211789362426,-0.006155903327265644,-0.03855535167983018,-0.5015948002014383
1749296535581967872,7.867325183691306,-2.1443462958126567,0.3050278052998485,0.8637120775702444,-0.0036063150707515874,-0.03815674415592871,-0.5025261231282625
1749296535740646912,7.872191353255063,-2.154637133042561,0.3070253350685581,0.8633223396165387,-0.0005215185959670896,-0.0381412887744753,-0.5032092090055604
1749296535793101568,7.876862643320304,-2.165167608266769,0.30835416025496265,0.8629530672200888,0.002653265718962424,-0.03818153602128945,-0.5038324466164525
1749296535950960128,7.8812522379522765,-2.176046531008861,0.3090238582665594,0.8625182168517905,0.005307151158680722,-0.03781446595462096,-0.5045832200043449
1749296536002426880,7.885364882685697,-2.187272958535339,0.3097294440101952,0.8620083809064056,0.006875284816539257,-0.03662798546364072,-0.5055221779375101
1749296536156793856,7.889746904468562,-2.1986665053678034,0.3100320171570248,0.8615109105958393,0.008500777816649516,-0.03540149382201901,-0.5064320506603125
1749296536208876544,7.894528895850889,-2.2099878169799347,0.31034166423819753,0.8609959580863036,0.010931615269188111,-0.03462069469429902,-0.5073143674739939
1749296536364932096,7.899465343073199,-2.2212393910058092,0.311852896597113,0.8606537823108569,0.014278294588123453,-0.03444315529096726,-0.5078236567463879
1749296536417969664,7.904074049770235,-2.2328429795787397,0.3140529184627723,0.8604032733593844,0.017003098058286623,-0.03382729037930955,-0.5082054862695506
1749296536575568128,7.908583572979296,-2.244811521137957,0.31557019418517784,0.8602389978554145,0.01938841575120918,-0.03290992821343413,-0.508458348862871
1749296536627824896,7.913113647385872,-2.2570623908931418,0.3157760054203651,0.8601657348769816,0.021553597952623828,-0.03177587548412719,-0.5085672469753199
1749296536787112960,7.91805244747973,-2.2692684176882816,0.3152404662193691,0.8602165490343917,0.024644554117988396,-0.031276050640966724,-0.5083718554129363
1749296536839874816,7.922703532430052,-2.281396501594552,0.3166364283199443,0.8604755892970216,0.027351780826176383,-0.030631493283922635,-0.507833980675552
1749296536999718912,7.926864374469976,-2.2936271269708435,0.31939386310978524,0.8608500047422409,0.02880002121359168,-0.029109243853219387,-0.5072085173138104
1749296537051618048,7.931163137732774,-2.3059501531807483,0.3214080688968082,0.8612716178473478,0.030219124728244933,-0.027505663291971558,-0.5064992036303112
1749296537216013568,7.935585698421729,-2.3186565056122297,0.32221756562047954,0.861475433079798,0.03133069156288813,-0.025850372959405208,-0.5061721290075397
1749296537268858880,7.939990684777309,-2.331709347391824,0.32376202492094386,0.86115167137373,0.031926793059347446,-0.023778086186687638,-0.5067870177821008
1749296537433814528,7.945012416726995,-2.345018083280976,0.3252521754945774,0.8605072421594304,0.033500454089113584,-0.022550429748707836,-0.5078350951688383
1749296537485512960,7.9499678572460475,-2.3584129871013033,0.32683493741764247,0.8594753520141399,0.03449711132488898,-0.020955825199247633,-0.5095811240427052
1749296537650927616,7.955462869277794,-2.3709664259881307,0.328834969811437,0.8585276019461612,0.03694366493840245,-0.02031392281508231,-0.5110311799267786
1749296537702484480,7.960870393040391,-2.383051014661053,0.33123173533444294,0.8577801119156419,0.03949338906277555,-0.020243428645307524,-0.5120974081354126
1749296537867499776,7.966209925897661,-2.3946237606773573,0.3340033866468999,0.857157990721101,0.04306244932512086,-0.021144854298730902,-0.512814488424198
1749296537919262976,7.970988965017113,-2.4063058257090764,0.33616328817767194,0.8566419470981803,0.04573590266093827,-0.02178804466945034,-0.5134180390180204
1749296538085741056,7.975467335633518,-2.4181314710905446,0.33789062509602097,0.8564590609996579,0.04731568710208151,-0.022250945134855645,-0.5135601211408923
1749296538137454592,7.9798309371568505,-2.4301389550083394,0.33891199507583014,0.856619395601824,0.0485501663768508,-0.02307960249170248,-0.5131407451882679
1749296538301843712,7.9839285949490435,-2.4420331904855836,0.34033838477964684,0.8570995133904259,0.04936692350781283,-0.024308470764794993,-0.5122035037544607
1749296538352424960,7.987743690505594,-2.4541355607093776,0.3417975708280139,0.8577274537525752,0.049285411281067025,-0.025467691197019672,-0.511102690287454
1749296538516568832,7.991664542808097,-2.4663277180213528,0.34298863124438794,0.8584118232835155,0.04940189714636085,-0.027036715393282944,-0.5098603830718305
1749296538568403200,7.99549784413189,-2.478665824732686,0.34324824590638814,0.8589030527947877,0.04923077879993665,-0.02848987121228453,-0.5089697471921616
1749296538732111360,7.998879948789741,-2.491361246741724,0.3434788638356596,0.8594178359930795,0.0473103846155177,-0.029285746678590723,-0.5082372041930632
1749296538784457984,8.002546019240317,-2.504135482950765,0.34376498693950897,0.8604048181814741,0.04560981289014888,-0.03097542838669409,-0.5066199923557011
1749296538945650688,8.006055859786736,-2.517164398719182,0.3444565164256792,0.8617298678548152,0.04338915003068461,-0.033094824179865624,-0.5044241757876412
1749296538998295296,8.009371617954107,-2.5303940812535037,0.34539870091525504,0.8632424116104235,0.04038454925256906,-0.03537917403573756,-0.5019262306586856
1749296539157537280,8.013140570574782,-2.5433467522604634,0.3456976301370025,0.8649169924525429,0.03851145752880318,-0.03872786592595622,-0.4989344808756718
1749296539210629888,8.016748616717324,-2.556579323436694,0.3451918959656197,0.8668077159151926,0.03586719423889363,-0.041987576505678526,-0.49557539429081443
1749296539365754112,8.020207643696736,-2.5701274813059096,0.34388907897886867,0.8686044213301719,0.03195964611600794,-0.0446106873348062,-0.49245794423618827
1749296539417455616,8.024474648083878,-2.583211043136045,0.3422387403433129,0.870171461189453,0.029462242636247558,-0.048041316801436064,-0.48951571606051547
1749296539570491648,8.029175094667034,-2.5957665096494034,0.34175639416690373,0.8714276750777373,0.027913231070895304,-0.0519012167946522,-0.4869711719753305
1749296539622013440,8.034128268058922,-2.6078758301221003,0.34169995907262773,0.8720870576284288,0.026983834942432897,-0.055758675831087554,-0.48541426291195094
1749296539772481536,8.039190301301861,-2.620156707756863,0.3403751240823305,0.87268635955222,0.02634661777193531,-0.05966441458398699,-0.483905498228552
1749296539825023488,8.04353010586593,-2.632655794612573,0.34065732527706283,0.8730202645603944,0.022769448015150837,-0.06121174096075635,-0.4832911055177176
1749296539974359296,8.04826086271186,-2.644779435141691,0.3409613191111234,0.8727827268229621,0.019421981239840822,-0.06233639708995315,-0.4837223087702669
1749296540027011840,8.053617317747824,-2.65608155075234,0.3418290785618985,0.8720206032093344,0.01834349855016701,-0.06410804044828643,-0.48490591127480515
1749296540175581952,8.058807472605732,-2.6670773220222292,0.3434817462516926,0.8710889767689342,0.017775250969771512,-0.06561398136847803,-0.4863978211850769
1749296540228420352,8.063785395861348,-2.6779937859280354,0.34514837002815923,0.8698875660375469,0.017154050347099662,-0.06650758307782426,-0.48844457454567763
1749296540373753088,8.068926664854938,-2.688763801920778,0.3468230254348321,0.8685248097000605,0.017908374177020462,-0.06791105625674813,-0.4906445082826286
1749296540425330432,8.073828185711948,-2.6997333348283603,0.34801513008179974,0.8672059346896036,0.019048635924143152,-0.0694265645773275,-0.4927179400423235
1749296540570008064,8.078416986482193,-2.710992927129263,0.348282930654471,0.8657931916889041,0.019502512519825647,-0.07029355658182707,-0.4950561757352713
1749296540621572864,8.083066686684466,-2.722335013029297,0.34788326688994786,0.864308708712524,0.019756367297019236,-0.07083063839798087,-0.4975571953645623
1749296540772137984,8.08775626133172,-2.7334421990387687,0.3488294550981066,0.8627901904395616,0.020729782410660667,-0.0714169704420937,-0.5000629757693973
1749296540823992832,8.092053435259615,-2.744682294956402,0.35037540053369787,0.8612380091068345,0.021280834373211183,-0.07142122552388036,-0.5027078936149132
1749296540971309568,8.096336614657359,-2.75581777856859,0.35201302044371374,0.8596986732400853,0.02198659295299082,-0.07120907951455681,-0.5053355795451634
1749296541023336960,8.100522155215266,-2.7669420585303417,0.353139878225893,0.8581600988180527,0.02291412125864475,-0.07068727497400962,-0.507975882301791
1749296541172299008,8.104719534461022,-2.778337644352811,0.3538912782461767,0.8566583268733042,0.023662701075578496,-0.06972979115878311,-0.5106019426141968
1749296541225897472,8.108933489180497,-2.7899799787676254,0.3543869318354398,0.8550914386075811,0.023955813806940212,-0.06833326795638414,-0.5133958658727837
1749296541372907264,8.11313940381354,-2.801830846155539,0.35501454918662123,0.8537222507176421,0.023546073760658922,-0.06664276270633004,-0.5159095300718226
1749296541425687808,8.117535966180613,-2.81366229267924,0.35584919808169824,0.852813122942004,0.02307791024793914,-0.06536405627894515,-0.5175951386395138
1749296541575289600,8.122407244111102,-2.8250546413019104,0.3571456237128694,0.8521091996547656,0.024046484843448426,-0.06512077191947817,-0.5187397839909718
1749296541629115136,8.126977957521614,-2.836496205989475,0.3584908062653285,0.8514961507886207,0.024209539825601062,-0.06462140579138781,-0.519800228248449
1749296541778417408,8.131490576768964,-2.8478645714677344,0.36014667388351596,0.8510559340391453,0.0240935970149305,-0.06417884885891492,-0.5205808016809542
1749296541832448512,8.135819349689466,-2.8593257676634125,0.36187243678551484,0.8507204589500297,0.023829079119282878,-0.0637465231211101,-0.5211940679844194
1749296541982023168,8.139878646647107,-2.870897531500874,0.36379544218219984,0.850411500649395,0.023029196340969213,-0.06299473385615652,-0.521825257328088
1749296542034526464,8.143853283861826,-2.8826319342033635,0.36540260108176525,0.8502424942640876,0.02166804521636624,-0.062185628736337026,-0.5222558226987527
1749296542183153920,8.148195516244904,-2.894320799405913,0.3662811676529585,0.8502279620987765,0.021197038796101634,-0.06226672297755989,-0.5222891471410009
1749296542236079872,8.152649583479159,-2.905638262313201,0.367089881370934,0.8502735476225965,0.021674048778229586,-0.06316374290698155,-0.5220876089363009
1749296542383750912,8.156807521459115,-2.9166875258209863,0.36820214684068553,0.8503873431532166,0.022091173058532095,-0.06405692796020916,-0.5217758682212239
1749296542436588800,8.160566832782084,-2.9277296416240293,0.3695668865941486,0.8506127811516077,0.02178826500915445,-0.06460405112591391,-0.5213535121465457
1749296542583486464,8.164279428648374,-2.938587645732169,0.3710990419659512,0.8508732111293017,0.02129623598916367,-0.06508977373294558,-0.5208882512311046
1749296542635796992,8.168120650947829,-2.9492086706594245,0.37213172284119755,0.8510604783724771,0.020900549826919745,-0.06560653618260193,-0.5205333914164045
1749296542779341312,8.172134482886419,-2.959641254183539,0.37264204251200583,0.8511663271403236,0.020265888250852352,-0.06598550114194303,-0.5203374779457101
1749296542831680512,8.176233101775102,-2.9699974889650957,0.37262245444815933,0.851225986951741,0.018968180085964046,-0.06600022748263298,-0.5202869374244383
1749296542979966720,8.180206913623351,-2.980578666408178,0.3720793486660763,0.8514019551613938,0.016372561799304904,-0.0654023513422465,-0.5201626499532519
1749296543032914688,8.183950457672545,-2.9915754624306983,0.37149822892116857,0.8517267790108413,0.012609730836513455,-0.06436626388325878,-0.5198648600143686
1749296543180972544,8.18830251656727,-3.002050970838321,0.3729361974440799,0.852072174534103,0.011020776852795977,-0.06474987040221446,-0.5192870171159516
1749296543232745472,8.192553053088954,-3.012391288239929,0.3748406453977582,0.8523626837599054,0.010063401538350406,-0.06549354503067756,-0.5187361360483805
1749296543376844032,8.196835021955348,-3.0226066592771037,0.37639436746666144,0.8526048872570692,0.009968415320772122,-0.06664700575148208,-0.518192737835754
1749296543428441600,8.200972795096884,-3.0326081197157837,0.37774332401150357,0.8527275173810708,0.010313057663589458,-0.06795245694467,-0.5178145281255885
1749296543571745280,8.20511890412644,-3.042394999014477,0.378883398093238,0.8527579489542294,0.011373000627420884,-0.06951752206523594,-0.5175343944879546
1749296543624541440,8.209263510553855,-3.0522529333587363,0.3796774330469246,0.8527772316718913,0.01304651228559357,-0.07122300357782199,-0.5172311527939522
1749296543767668480,8.213125357600404,-3.0623455496461145,0.38018092487258315,0.8527114604417056,0.014393354764014274,-0.07248225871733817,-0.5171289188792707
1749296543820938752,8.216017930047995,-3.0728412526728066,0.3818890678195057,0.8526043325822522,0.013447562310534657,-0.07249929632447312,-0.5173285872270471
1749296543966198016,8.218790061177621,-3.083414065420679,0.38418065397339474,0.8525144278283237,0.012200281584714902,-0.07254347730016844,-0.5175014467371076
1749296544018191872,8.221693420135251,-3.0940955981866916,0.38583845635875713,0.8524623343879129,0.011132400667186569,-0.07276844896272062,-0.5175797435573144
1749296544165522432,8.224593526406146,-3.1048297468375,0.38722449407487547,0.8524723877492899,0.009824671362247111,-0.07299709117896966,-0.517557464091725
1749296544217117440,8.227778225095577,-3.1152778873289337,0.3887733329724439,0.852536620597348,0.009126176279804266,-0.07369291521129205,-0.5173658064605977
1749296544363110912,8.230827551869528,-3.125609080858977,0.3907007011628463,0.8526500651491786,0.00759369205270663,-0.07406938847037231,-0.5171498118860095
1749296544414694912,8.233645947813221,-3.1360806081542503,0.39285454875593073,0.8527218445312061,0.005151601808880404,-0.07419254214009978,-0.5170438893835705
1749296544555290112,8.23646924991295,-3.146539945734005,0.395008904432367,0.8528074780271652,0.0023656490389387533,-0.07434125841602816,-0.5169015248794417
1749296544606973952,8.239733896005701,-3.1567302178797902,0.3967861409286195,0.8529358222943313,0.00046072212595509217,-0.07509885928615101,-0.5165853580156279
1749296544746917632,8.243556055771307,-3.1665704164982436,0.39782899947080086,0.853031304975126,0.00032583367801664915,-0.0768441527539005,-0.5161709627171824
1749296544798955520,8.247554378220864,-3.176032571428795,0.3985041474115487,0.8530165797045914,0.001327270638785027,-0.07921053639474597,-0.5158358692702439
1749296544937555712,8.251438718331642,-3.1854611126157284,0.3991878607163857,0.8531551662193411,0.0017053676432419605,-0.08133577221649956,-0.5152745348184747
1749296544990407680,8.254917176503092,-3.1950812060780303,0.4003308182339391,0.853357072879314,0.0006412008810804294,-0.08252435209447892,-0.5147533645734295
1749296545130194688,8.258190943140923,-3.2049582362289226,0.4016063953724034,0.8533388373911185,-0.0008323994736901323,-0.0830483848013062,-0.5146990397241716
1749296545182409728,8.261526476332136,-3.215046602651527,0.40287309714678576,0.8532297022145126,-0.002495385652467803,-0.08326183229993446,-0.5148400873974724
1749296545320017664,8.265232375583127,-3.2250444664936966,0.40428423243767453,0.8530345821137172,-0.0037273346122108394,-0.08350453373179163,-0.515116590240501
1749296545371688960,8.269055539422038,-3.235142381762766,0.4055268562936316,0.8527227078592847,-0.004956255844960179,-0.08342995072185644,-0.5156344270427224
1749296545509657344,8.273006284781317,-3.2457917361460815,0.40605822670263336,0.852586813216541,-0.005857134164649048,-0.08324259043542219,-0.5158799192120597
1749296545561354240,8.277288758892778,-3.2565993026140925,0.4067681635494145,0.8530223351938161,-0.004897475214384395,-0.0836856802223691,-0.5150976774581038
1749296545699753728,8.281299892987434,-3.268237501231856,0.40750380181843493,0.8541158636886252,-0.004836881450481311,-0.08351251276298205,-0.513311168966038
1749296545752250880,8.285393481791111,-3.280170837776107,0.4086939802592222,0.8557167202943338,-0.003922228387496903,-0.08334133521742249,-0.5106738025171865
1749296545889268992,8.289031858013306,-3.292785244908745,0.40794281891668804,0.8572127210862835,-0.004140659056182165,-0.08210939474892291,-0.5083574067960408
1749296545941144576,8.293043028586279,-3.3048253738429434,0.4075086362405358,0.8579266927984918,-0.002835595663457913,-0.08119273465763431,-0.5073080809723919
1749296546081279744,8.297286145934255,-3.3160168105405825,0.408640068553515,0.8580084106032023,-0.0005230605277672433,-0.08007143217700133,-0.5073557523976393
1749296546132190976,8.301268937928574,-3.327466888448815,0.4099452669871648,0.8580463347061232,0.00044785797793809695,-0.07803213055001883,-0.5076093709954966
1749296546268862464,8.305321514007288,-3.338982959602639,0.41054739787916184,0.8579302041540099,0.0014088340508835362,-0.0755908342992107,-0.5081730077019295
1749296546319591680,8.30923685751987,-3.3506844948747196,0.4105121773585836,0.8576922921084033,0.0015841417855503243,-0.0722886360926801,-0.5090538042726886
1749296546457049088,8.313251875475348,-3.3624953587014264,0.4099613018177415,0.8574325893113869,0.001342012562023474,-0.06840335909294196,-0.5100279739914821
1749296546509299200,8.317368073752135,-3.3745042922254003,0.4089207840900202,0.8572142509562133,0.0003596009801912447,-0.06383884541109738,-0.5109874758360434
1749296546648694016,8.32173250711465,-3.386558096117135,0.4082934319813116,0.8571684365127888,-0.00041255835191487196,-0.05909491895108607,-0.5116345295188665
1749296546699771648,8.326736178788838,-3.3984026838208425,0.40819187719775396,0.8573836548987099,0.00044026350762274563,-0.055114806632508416,-0.5117181182745386
1749296546840165120,8.331634515609107,-3.4106400086319972,0.4078267339093187,0.8578087278361826,0.0006977702589496105,-0.05078503189789378,-0.5114533997343899
1749296546893444352,8.336344326017324,-3.423174714244913,0.40766774496888925,0.8584082159232418,-0.0001609009630932882,-0.04574969934088945,-0.5109229628393847
1749296547034214144,8.341456532671264,-3.4354893139557268,0.4074821114166123,0.85894709520824,-0.00012207939911887335,-0.04095693123306322,-0.5104237479917222
1749296547087174912,8.347224723847539,-3.4473404856346925,0.40759063095083947,0.859470297904052,0.002083590818652598,-0.037125961383202455,-0.5098314708424669
1749296547232182784,8.353260931786693,-3.459587196135603,0.4082672448588598,0.8603626193684546,0.005711863121099071,-0.03416954433851702,-0.5085036676886762
1749296547285742592,8.358930399840325,-3.4730763496139962,0.4085060735688675,0.8617786124581273,0.007999537902243977,-0.03071556403170019,-0.5062906128196631
1749296547435614208,8.364222891953943,-3.4872693752587987,0.4099311214616117,0.8637470395270457,0.009184561740629437,-0.026914534150881925,-0.5031225530478016
1749296547488979712,8.369461992091852,-3.501526295762498,0.41254499926664634,0.8660972614301345,0.010465103374039652,-0.02349452054128148,-0.4992134041260583
1749296547639569152,8.374655613357158,-3.5159076984107216,0.4150605584502123,0.8686842101182525,0.012102859163936061,-0.020580381866819472,-0.49479057365061196
1749296547692358912,8.379825632296136,-3.5301364493539666,0.4176237121584059,0.8712663372586922,0.014368114397790356,-0.018042172515748685,-0.49026830089185525
1749296547838224640,8.38410797986138,-3.544641776080656,0.41976993758117676,0.8736756285043151,0.014619448064146558,-0.014284093021319782,-0.48607934803121194
1749296547890924032,8.388213473565294,-3.5599891578927396,0.41929527253947896,0.8759897817679918,0.01401828081952827,-0.010418736342388034,-0.48201331929103236
1749296548043242496,8.391963546572338,-3.575844017244922,0.41972578521308446,0.8782177673593001,0.011682583095814027,-0.006410809417404582,-0.4780752784544181
1749296548097160192,8.396683057710183,-3.5911322441705327,0.421343773202846,0.8805299015657665,0.011131204339927842,-0.00413270625709125,-0.47384186125490924
1749296548248284416,8.400865154836692,-3.606487407504729,0.42372329358449345,0.882448090337394,0.008923485736850926,-0.000979337661608491,-0.4703241224516719
1749296548300057344,8.405198160374812,-3.6222084937447487,0.4243215429827143,0.8842126822897886,0.006780266574542216,0.0020212093437202575,-0.46703091458260504
1749296548449846016,8.409940843099585,-3.6383036330804526,0.42356042871507116,0.8861062594036085,0.005178166635399117,0.004328981898952419,-0.46343299790990206
1749296548501241600,8.41567401264181,-3.653660239257186,0.42426852700862394,0.8882023945175026,0.0057601312202253665,0.004639249376429095,-0.4593928652329332
1749296548653750016,8.42164505824117,-3.6691913309271222,0.4243306675086904,0.8903534612364092,0.0070300162007669205,0.004165791800362271,-0.455196593918758
1749296548707331328,8.426714540056542,-3.6855930580651113,0.42424818400867315,0.892164269211772,0.005159133316601207,0.004691995913257888,-0.4516572652571815
1749296548860237056,8.432200496682341,-3.702421249114094,0.42419664292187864,0.8936761689608066,0.0031009613841294277,0.0048906583579711674,-0.44867512805019116
1749296548913588224,8.438121504427384,-3.719465989553608,0.4241354126907968,0.894870854426226,0.0011780236875796688,0.004463331797415303,-0.446301293778019
1749296549070032640,8.444191576161048,-3.736382975641542,0.42345730479582055,0.8960092476297649,-0.0004022381388670242,0.0035954067956107437,-0.44402065201564234
1749296549123660288,8.450928495454436,-3.752446978968787,0.42356498021218947,0.8971829041160191,4.364955558237019e-05,0.0009444189064554403,-0.4416581740776361
1749296549277330688,8.457567040647595,-3.7686237240615053,0.4232713975026927,0.8982303898030611,0.000382482844274739,-0.002063880879834685,-0.4395199209783655
1749296549330063872,8.464110867813984,-3.78467712494535,0.42293241687804395,0.8992728755098518,0.0005523573197713473,-0.005485241903595374,-0.43735329242489146
1749296549482014720,8.47026946592766,-3.800877715114485,0.42282417871315037,0.9003127790408232,-0.000307042698333568,-0.008821381902717633,-0.43515398290938057
1749296549536425216,8.475809247373336,-3.817546430877453,0.4225851748419682,0.9011951189738995,-0.003368835768822431,-0.011294740553330884,-0.4332533177241863
1749296549688603648,8.481440534127684,-3.833811116200395,0.42291942066952126,0.9020262150140549,-0.006519326128228127,-0.013687451879567512,-0.43141495045407957
1749296549743204608,8.487195687950997,-3.849570220724913,0.4231115693085692,0.9026361529246058,-0.009170532625905815,-0.015841479538519734,-0.4300150279825759
1749296549894663424,8.493398422867728,-3.8641459616928913,0.423777450344327,0.9029694789601613,-0.009690299181877002,-0.018226073145988494,-0.4292086071199615
1749296549949317632,8.50002954572162,-3.8772640332232244,0.42506333119109874,0.9030455593064034,-0.007416640550209605,-0.02090895502369399,-0.428971475578215
1749296550098415104,8.506290157204127,-3.890415192067066,0.42594138349752875,0.9028513878883073,-0.005258309891386402,-0.022750536507102244,-0.42931822073362097
1749296550151411200,8.512331850128287,-3.9031951855812963,0.42682578827451945,0.9023699019446643,-0.0026073067609554516,-0.023957884790340778,-0.43028802187860654
1749296550296609024,8.518020658244916,-3.915828418524566,0.4276795501876238,0.9016014185940969,-0.0005699799912477984,-0.02412777241773875,-0.4318939773950076
1749296550348797440,8.523079535680552,-3.9293233719332354,0.42726118892721665,0.9005987970604814,-0.0008963989800879808,-0.022729567819767104,-0.43405572217033234
1749296550497555200,8.528025232665835,-3.943136283680169,0.42636066444840104,0.8993017457111178,-0.0017617131251843922,-0.020715943915308278,-0.4368341976030476
1749296550550946816,8.532639358794457,-3.9571000421608558,0.42574822864669404,0.8973024567627667,-0.0035411120559834036,-0.017456449433591682,-0.44105672422726167
1749296550700839680,8.537308722134602,-3.9711790173239243,0.42486465309056065,0.8948316702997978,-0.0052295410333695995,-0.013708811947795841,-0.44616252891074837
1749296550755001600,8.542783241083436,-3.9845053803843222,0.42469833443072424,0.8919144411737782,-0.004439327759125101,-0.010579790541793851,-0.4520586134859127
1749296550907208960,8.548529011877058,-3.9970528380961676,0.42452635161143304,0.8892223660187136,-0.0011842273114926445,-0.008019474937346487,-0.45740339898112364
1749296550960587520,8.55446682650511,-4.0100417344457,0.4244160079005943,0.8869260808280275,0.0016627673253096474,-0.005788213015179597,-0.4618721240148059
1749296551117453824,8.560756763759834,-4.022763166147834,0.4263055611259583,0.885346180571337,0.0047416602490048,-0.0037814991716194056,-0.464892845148044
1749296551169970688,8.566894457502517,-4.035980032399978,0.4278047691191822,0.8841903201658915,0.005600606149737427,-0.0009302012670901608,-0.46709233098103475
1749296551321995520,8.573267201044278,-4.0496224508145025,0.42765493232696317,0.8833751221716357,0.005422484959923573,0.0021037053999850364,-0.46863052035553227
1749296551375815424,8.580472591506249,-4.062843640447563,0.4270671328523141,0.8829092213773119,0.006951267541042294,0.003932609172181726,-0.46947579412742974
1749296551531216384,8.5877371991725,-4.0759951012335085,0.4266832366004447,0.8827867008150444,0.008533307398441107,0.005285585405723939,-0.4696667820017208
1749296551586248960,8.594503607633122,-4.089646000210229,0.4274440185368169,0.8830098039637504,0.007546581502478292,0.007143163169724215,-0.46923950220698174
1749296551741556224,8.60172826167651,-4.103365351153894,0.4280646636306491,0.8835722420722205,0.007204618187285321,0.008102641127944833,-0.46816934299780505
1749296551795686400,8.608858656817626,-4.117316839102489,0.42900951087442385,0.8843838822057041,0.006319244998006013,0.008659820495528934,-0.4666371433420274
1749296551952531712,8.616412629181372,-4.1313351061928945,0.4298293247814815,0.885580336411899,0.005764055233877856,0.00816295420285747,-0.4643787350929523
1749296552006758912,8.624463949825406,-4.145464019248097,0.4298334575600129,0.8871103799317944,0.007167569896444182,0.006292801822570423,-0.4614587743279662
1749296552162640640,8.632235804603933,-4.159975279709844,0.42900378615071144,0.8886136947294581,0.00863229384664384,0.004141407305748411,-0.4585564673927679
1749296552216673792,8.639761010529435,-4.174909602730095,0.42833895415140466,0.8903643566811769,0.00990193299042568,0.0013088826606907401,-0.4551390456782935
1749296552368905728,8.646766886421375,-4.190251657459375,0.42684912093100236,0.8921964501048231,0.01029639733707738,-0.0012505970878725046,-0.4515284206217285
1749296552423109120,8.652670349823193,-4.206499019807244,0.42488937573733176,0.8937229951105715,0.007479455100761718,-0.002014010035508649,-0.44855234870142163
1749296552576578816,8.65852550103236,-4.22246977774009,0.4241951669044939,0.8949740399729424,0.004618466185366152,-0.002422118796824741,-0.4460877389988863
1749296552630723840,8.664689385431736,-4.237542512806441,0.4249235837187171,0.8958252125942524,0.0032330265183833982,-0.0029637269656523388,-0.44438491462072244
1749296552786104064,8.67097033498788,-4.252450335386794,0.425933223501461,0.896470813375374,0.0024824322687503086,-0.0036624938157419425,-0.4430806974301362
1749296552839736320,8.67688619103024,-4.267445642289589,0.427251164783117,0.8966050343920146,0.0011243217212008067,-0.0034735380699127344,-0.44281608229245517
1749296552995154432,8.682880555840743,-4.282281907497155,0.4286609480582073,0.8963791496994048,0.0004035236196362918,-0.0033409966520837496,-0.4432754165236679
1749296553047661312,8.689003887939375,-4.297033539745296,0.4293573765830141,0.8958549817080902,0.0006050801595749221,-0.003494019533541973,-0.44433239523390244
1749296553200863232,8.695472022445802,-4.31115263314006,0.4292222821940648,0.895373592823137,0.002927815231387195,-0.0044383489289151045,-0.4452840197354306
1749296553254291456,8.701841868699324,-4.324781493760295,0.4283438592639204,0.8949259434426731,0.00631299098459607,-0.0059360465032446495,-0.44613054731768975
1749296553406842880,8.70757837898193,-4.337671802055913,0.42880347745819014,0.8938167015505443,0.009383605825704527,-0.006768612483821083,-0.44828321165983537
1749296553458844928,8.713005401069797,-4.349672895294237,0.4307281201312376,0.8922213104272706,0.01294221380168623,-0.007356077390310306,-0.45135298874249513
1749296553610114304,8.718104356689874,-4.362119403285383,0.43155359668325977,0.8904266543920616,0.01574689882626441,-0.007314307442090823,-0.45479545867582927
1749296553663092736,8.723288010915322,-4.374421463867329,0.4321339839725038,0.8886854182089987,0.019214940102433638,-0.007504779805945388,-0.4580531539238882
1749296553815854336,8.728392542005729,-4.386318110730248,0.4328826005247386,0.8872241928687407,0.02337744547728528,-0.007899519352913272,-0.46067811346466325
1749296553868606464,8.733166966403912,-4.3982417940913034,0.43346802264157036,0.8857699093367982,0.02666117921929149,-0.007458067329392806,-0.4632982046887588
1749296554023462400,8.738185371882576,-4.410006859934329,0.4338670788573631,0.8843347742623833,0.0309254351129832,-0.007437570781103739,-0.46576851228292404
1749296554074885120,8.74312877152142,-4.421639550448865,0.4342334883406731,0.8829652336096242,0.03604377622252811,-0.0077761801910510055,-0.46798800567317805
1749296554228312576,8.747984790061484,-4.433164094185994,0.434425559658266,0.8815234217225468,0.04105302955012696,-0.0077332020826010464,-0.4702885319725315
1749296554279559424,8.75266536396142,-4.444694149492708,0.4349576342523296,0.8799990555126556,0.04514375456892956,-0.0067531519875234525,-0.47277700732849476
1749296554432546304,8.75702609889555,-4.456989702129494,0.43444369493552415,0.8784004276364149,0.047900461918004775,-0.004956692632178586,-0.475493076368474
1749296554484487168,8.761060148441839,-4.47019022086737,0.43219906094271776,0.8766069888463336,0.0496585842727176,-0.002347791655189708,-0.47863211341085005
1749296554643014912,8.76459658158625,-4.48379948791497,0.4314624372909126,0.8742966725231461,0.05043202005224304,0.0011322918517223494,-0.4827635629203671
1749296554695231488,8.769408084309028,-4.497204986901676,0.43238372976854,0.8717067461430249,0.054535902704999674,0.002490059247706633,-0.4869773954197805
1749296554851323904,8.774212130493165,-4.510490895626455,0.4345181661686861,0.8691672194576389,0.0594117720916449,0.003698960042949202,-0.49092250269447607
1749296554903974144,8.7792392602603,-4.523898794504549,0.43652113780201107,0.866950828379434,0.06610444034980179,0.003381635226171092,-0.49397877351304215
1749296555062078208,8.783499087809352,-4.537905612744582,0.43774925508486895,0.8648458155186409,0.07199783713528186,0.0035945615524051815,-0.49683508929521464
1749296555114088192,8.78755366177845,-4.552676059481646,0.43792527504694423,0.8628369600203911,0.07718984409950239,0.004218557114734362,-0.49953609696050433
1749296555275495424,8.791817199127635,-4.568032453400398,0.4382984607143716,0.860981484159698,0.08305494146631387,0.004238635588278376,-0.5017915848243579
1749296555327921152,8.795629063362597,-4.584185018837095,0.4385849029504447,0.859331035782015,0.0877067431354677,0.004790556129206676,-0.5038201551370798
1749296555489039104,8.79865944078276,-4.601364447982133,0.43829910328552213,0.8579735862604595,0.08967755722557946,0.006713384108551155,-0.5057610023353223
1749296555541274624,8.801969698115482,-4.618887246462513,0.43780081544366567,0.8571139013960367,0.09135351843804225,0.008151622777316589,-0.5068962869747138
1749296555709899520,8.805314907441016,-4.636831197573924,0.4363947025087147,0.8566679105774887,0.0922275093657215,0.009563693076144112,-0.5074669578186749
1749296555760692992,8.808113546933853,-4.655543672255966,0.4347994057521425,0.8567666571227562,0.090423760826068,0.011942770753525213,-0.5075744368538433
1749296555924021248,8.811546947081066,-4.674366184396147,0.43304861473545,0.8573950080864434,0.08931006083014251,0.013234581565143774,-0.5066777664292755
1749296555975276544,8.815282908779954,-4.693445701167822,0.43105713969267034,0.8584689741457084,0.08858035981002976,0.013699888864014128,-0.5049721312411748
1749296556141085184,8.819083231145708,-4.71287393019408,0.4293789448469689,0.8598991262246273,0.0876134118150295,0.013555296443003488,-0.5027063125987129
1749296556191487232,8.822435292517822,-4.732675976093105,0.4283868259191794,0.8617384545472688,0.0849947938302169,0.013622056668310505,-0.4999971605403062
1749296556353758208,8.825726447796512,-4.7529807211175985,0.4269400048971175,0.8638152538550259,0.08173808929762635,0.013497382281623718,-0.4969506138811925
1749296556403521792,8.829104127824117,-4.773408821663283,0.42545334046679084,0.8661281042652681,0.07820037045971842,0.012919118215022061,-0.49349762455999924
1749296556562488064,8.83224452717717,-4.7944167169881915,0.42308209030018507,0.8686880981209953,0.07340568208041855,0.012601534376698585,-0.48972828727018564
1749296556617734400,8.835932400323008,-4.815649087031907,0.4194123523308564,0.8714109609815164,0.06961874583856675,0.011301102764500503,-0.48545695214451456
1749296556776900096,8.839493494286124,-4.8377049191203145,0.4134629681861379,0.8741888292283123,0.06490982493858131,0.010078935018401243,-0.4811226668405578
1749296556828744960,8.843876134627429,-4.860088539178961,0.40591556186391875,0.8769121052507903,0.06204247440326465,0.007544755194029408,-0.4765700029414456
1749296556987529472,8.8500240142935,-4.881806590399202,0.4001189201254456,0.8796452704274421,0.06353917410420307,0.0015371931984698853,-0.47136462383791417
1749296557042288128,8.854519167974441,-4.903682804565458,0.3980285325703421,0.8819894969578366,0.0615582815052704,-0.0036031026068794243,-0.4672174257086143
1749296557197470976,8.85713205335017,-4.9259818153716814,0.39792173766081573,0.8837882325536239,0.05487534168528,-0.006351930047983089,-0.4646145820562794
1749296557251127040,8.860883275480246,-4.947717930214784,0.3977687512041479,0.884990082793178,0.05124720677892624,-0.010335612446085178,-0.46266559443127603
1749296557409853952,8.865785077839412,-4.968671554138912,0.39769582781750046,0.8854514008525944,0.05076383822915995,-0.015460555358442618,-0.4616923441908369
1749296557462677760,8.871046247284555,-4.989375259124412,0.39711042934982954,0.8852903330324963,0.05191829559839263,-0.0206330449112189,-0.4616706556399932
1749296557615688192,8.876693758773072,-5.0091850610864554,0.3971835208750054,0.8844511491763959,0.05618864787511378,-0.026014266551446133,-0.4625064956368826
1749296557668557056,8.881315804750603,-5.029347855165414,0.3978581128017562,0.8829336946335259,0.058494815403078035,-0.029321203917388305,-0.4649158143713616
1749296557819830272,8.88507785835377,-5.050007403513525,0.39834812484058,0.8809532533276799,0.059135724474215036,-0.030644321037438572,-0.46849253689940523
1749296557871768064,8.887714023720038,-5.071500154427731,0.39857687366798666,0.8784822241528583,0.05658017820250898,-0.029261421047873923,-0.4735096984437369
1749296558021377280,8.890160323605706,-5.093635655120954,0.3964784408978401,0.875743909925966,0.053357373685131375,-0.027155799104603015,-0.479049222393688
1749296558073281280,8.891971367369983,-5.11640861854215,0.39342982493874823,0.8726092482123341,0.04829070257217197,-0.02327553057989535,-0.4854681839787398
1749296558223747072,8.894316579918712,-5.1388470464027645,0.3893831529735392,0.8689721377304858,0.04515594966238396,-0.019724751188963892,-0.49240156198851687
1749296558276733440,8.897535881492207,-5.160301521734787,0.3859255786222491,0.8650995794270313,0.04631585892720464,-0.017472989873641157,-0.49915153361668074
1749296558436540160,8.900936907589518,-5.180779244321308,0.38422638899251726,0.8610968266764911,0.05014095081039978,-0.015486258588988026,-0.5057255341926303
1749296558492466432,8.904383353581387,-5.201018825128047,0.3833481940001491,0.8573887529026348,0.053686625706852995,-0.013281141396658279,-0.5116892454405102
1749296558651907072,8.90764954622111,-5.221521001928753,0.38341173171466103,0.8544418498507108,0.05410118762364657,-0.009995869469709621,-0.5166258504129955
1749296558705888256,8.911079222060463,-5.242304908993372,0.38281920829372584,0.8521655942832778,0.05236774135359816,-0.006083206432850823,-0.5206096562539402
1749296558870601216,8.914249442118685,-5.263795718311027,0.38195218025534494,0.8505123250512727,0.047720032633945815,-0.0012499625345469235,-0.5237843268130074
1749296558925452032,8.917176039581992,-5.285866302525446,0.38027281682661274,0.8492252773407465,0.04115435783412528,0.004560708767904417,-0.5264047369584806
1749296559087827968,8.921251947111804,-5.307532459452352,0.3792905113102818,0.8481176338464185,0.03601648305565765,0.009068938357140165,-0.5285045377895338
1749296559142082816,8.927025112525904,-5.328276060460474,0.37932043004968463,0.8471691697766836,0.03412080104289473,0.011095086690774095,-0.5301104297855309
1749296559304787968,8.933776183686877,-5.348301704811104,0.3799334864291577,0.8463278352726964,0.03503271565854239,0.011175966511904481,-0.5313915711118725
1749296559357307392,8.941505431612118,-5.36810162450665,0.3800708021704762,0.8455704723736873,0.038979131952029386,0.008860945101810869,-0.5323651821578008
1749296559525086720,8.949333888584082,-5.388166367615764,0.3789552984565896,0.8446929733603094,0.043740175561988726,0.0056726624676436705,-0.5334307815434485
1749296559578264320,8.956505162888083,-5.4088240869477975,0.3767346082022347,0.8437541089382927,0.04714818453207208,0.002949695248789121,-0.5346469411144298
1749296559740475136,8.961912640818834,-5.43046261024352,0.3744254145705699,0.842752786039317,0.045888794465451944,0.0027162250597414063,-0.5363343940928098
1749296559794669056,8.965809677406126,-5.453024898085017,0.3724418404844063,0.841914481052686,0.03982261173580946,0.004955389453505745,-0.5381167255379538
1749296559962258944,8.969726739131076,-5.475806309276649,0.37045574694241656,0.8412774305918198,0.03314425116314393,0.0071358109240087795,-0.5395394550856472
1749296560018747136,8.975334968040912,-5.497463316164792,0.3698233090489973,0.84107985007976,0.03132069146769674,0.006060509450366391,-0.5399694160792773
1749296560180176640,8.98201208766952,-5.518197874962394,0.37010249328625777,0.8411325695740534,0.03388208925195816,0.002335953479924716,-0.5397615656482149
1749296560234724352,8.988863569696449,-5.538853551148454,0.3697240312559833,0.841195725706171,0.03832369027845209,-0.0024155853659070395,-0.5393655631985133
1749296560396744704,8.995251508100365,-5.559806524152172,0.3682481669133866,0.841247562634744,0.04278387064789532,-0.0070712231153263715,-0.538908226488648
1749296560452165120,9.000170487233065,-5.581256478333402,0.3667491386057766,0.8412352368558517,0.044523420476400524,-0.009979977804277677,-0.5387405139250127
1749296560619381760,9.003394725126935,-5.603104469221246,0.36596874387866185,0.8411540459168282,0.04238902065192293,-0.010375105533754895,-0.539031909214181
1749296560674799104,9.00602537574849,-5.624962204573219,0.36542287615829894,0.84095739499924,0.03888799384059598,-0.00966173019398453,-0.5396156360788711
1749296560839134208,9.008770437518695,-5.646634655199666,0.3645880139985129,0.8406650392216526,0.03591326955151054,-0.008959053879321837,-0.5402890562043297
1749296560891310336,9.011980056614563,-5.6678976612530345,0.3633624986451838,0.8402830515460186,0.0347140889473156,-0.008899726075974479,-0.5409622169697637
1749296561054795264,9.015293897486586,-5.688878603554318,0.3616405203561035,0.8396815715621573,0.03462968105563483,-0.008864530420767017,-0.5419013412691558
1749296561108043776,9.018139083586894,-5.70950486052345,0.35985398322145956,0.8386013909577621,0.034305522532192344,-0.00780331663317517,-0.5436082656261053
1749296561272898048,9.020640894633456,-5.729769581268049,0.35818072526676215,0.836959088807436,0.03376262339831075,-0.005650647245473689,-0.5461937743233598
1749296561327591424,9.022709292755234,-5.750045577518019,0.35602431014849456,0.8349374969257918,0.0325209376562318,-0.0022995662739958463,-0.5493782638912867
1749296561495757056,9.025152085768532,-5.769758701821314,0.35422856704718964,0.8325975666314394,0.03265048671155614,0.0008255029016398736,-0.5529146012738889
1749296561552919040,9.028145456719933,-5.788586098320302,0.3535833313770391,0.830172285712232,0.03446207841481257,0.0032599161418216424,-0.5564312303720989
1749296561721603072,9.032246171880548,-5.806448332846576,0.35436718946544454,0.8282547550760929,0.03925062408140724,0.003419456128452632,-0.5589648973977228
1749296561776427776,9.03611647631256,-5.824070622634901,0.35621337711389733,0.8265932542486384,0.0436696351199559,0.003218034953169794,-0.5610937526386974
1749296561945821696,9.039855746288218,-5.841607708210764,0.35820232965015864,0.8251127244354189,0.048107539613074575,0.0025821828574459386,-0.5629102849822766
1749296561999616512,9.043224791371813,-5.85954804109556,0.35979548266940675,0.8237872695422112,0.05172444648722831,0.001883762082832561,-0.5645312813442612
1749296562166263296,9.045751758896266,-5.878167406335029,0.36139755374786064,0.8227787394933916,0.0528930249477593,0.002114281813827915,-0.5658913354717077
1749296562218157312,9.047903797157971,-5.897380760862705,0.3620266553204021,0.8221148427264388,0.05269081781682412,0.002809898887758993,-0.5668712089663025
1749296562383231232,9.049879885796868,-5.9171867873127955,0.36189041245413556,0.8218776867177844,0.051317839855328375,0.003690523152357694,-0.5673358153923195
1749296562434314240,9.05198024387089,-5.937417198276271,0.3608257804687689,0.8221004684874328,0.04952284322056297,0.00433190621974199,-0.567168001830673
1749296562600004864,9.054418705203332,-5.957934769542837,0.3590418878301658,0.8228152952363045,0.047805865165964904,0.004346098053214889,-0.5662779358341966
1749296562651855616,9.05741962315902,-5.978432300181355,0.3566347110210244,0.8239801190927544,0.04688848006054319,0.0033478890564267137,-0.5646654101469012
1749296562818873088,9.061159637403733,-5.999015273228424,0.35323783861917457,0.8255413035090567,0.04758086047169799,0.0007832303957259695,-0.5623317565881262
1749296562872585728,9.065530881350945,-6.019694794853148,0.34899503286842926,0.8273907915740771,0.04995493362052071,-0.0034074760798319128,-0.5593901784373382
1749296563039663104,9.069978445180872,-6.04040143967803,0.34529895943484323,0.8294762495113863,0.053142744934320106,-0.008816074919763392,-0.5559381952882708
1749296563092011520,9.072378596038863,-6.061132566266779,0.3444295368834709,0.8315487378370642,0.05230306125474351,-0.012200764178925681,-0.5528491907730517
1749296563260130304,9.073210712156968,-6.081825429831276,0.3458165372160855,0.8334979548560972,0.04789070130452614,-0.013567406192666729,-0.5502758994072582
1749296563312481280,9.073911818386009,-6.102697359710511,0.3466956656964859,0.835502899844782,0.04290121805133643,-0.014639628200673879,-0.5476130669796128
1749296563476173056,9.075269129856558,-6.123367371874245,0.3468633950542981,0.8377512852019766,0.039211385719927154,-0.016725951031101815,-0.5443854277388995
1749296563527799552,9.07675606797287,-6.144069529461259,0.34580217751651876,0.8400624420573645,0.0356436374687103,-0.018962578343492867,-0.5409852541199098
1749296563691768064,9.07844260545152,-6.164748851643849,0.3437512487772869,0.8422936853103719,0.032417051821776205,-0.021470251244066353,-0.5376146489345067
1749296563747097856,9.080714113561601,-6.184868450494278,0.3419319371574172,0.8444356583450687,0.03053171566242723,-0.02478562990455138,-0.5342114804122743
1749296563911312896,9.083123448029408,-6.2041429033826905,0.34145280725757043,0.8460834731058261,0.02916104535804195,-0.02777073483041898,-0.531527211211042
1749296563964217600,9.085804063719733,-6.222096818135456,0.3436240787200293,0.8468168067463211,0.0288371157474384,-0.030314294096426896,-0.5302365133982831
1749296564126565888,9.088137139745513,-6.23987993890236,0.34599384439438685,0.8469498601474625,0.027856289666469608,-0.03159287372380422,-0.5300017470273879
1749296564179062016,9.090814250643339,-6.257359559582935,0.3480416418239751,0.8465696324315871,0.02787700332755109,-0.032927600865908124,-0.5305266282019578
1749296564338611200,9.093456205300358,-6.274860177347428,0.34912821348706835,0.8457802859006582,0.027970230864844386,-0.0337140157747907,-0.5317299496055354
1749296564392361216,9.095785760981412,-6.292806350542802,0.3485095646617613,0.8447571563163329,0.027248109152283567,-0.03356268655525402,-0.5334008187762384
1749296564549449216,9.097662377624587,-6.311211311724799,0.3463449709824853,0.8433005862698435,0.02518684279599712,-0.03204660224332516,-0.5358943547300773
1749296564602885632,9.099678909500572,-6.329647400056038,0.3430482194794262,0.8414232960871262,0.02329845641779304,-0.03012125306817704,-0.5390331426211448
1749296564762597632,9.102567292318337,-6.347223737634415,0.34071147939225854,0.839139935804766,0.023839993373336615,-0.029076919041872255,-0.5426143710155168
1749296564815454720,9.106162096222384,-6.363686271018697,0.3401249271541853,0.836930676502929,0.027623650160215264,-0.02950648659004306,-0.5458143859676906
1749296564979269120,9.109542942974777,-6.379929749540539,0.34021086871146267,0.834650959855251,0.03199293040006379,-0.029880246536924164,-0.5490367915577401
1749296565033318400,9.11242023823912,-6.396307870479337,0.3402070568990556,0.8322285376540925,0.035942325429768454,-0.029475772986082616,-0.5524807590891324
1749296565197716224,9.115124964826848,-6.412996076748561,0.3397382250801724,0.8298252593643909,0.0395595769807786,-0.028651664242771522,-0.5558814270382151
1749296565250458624,9.11782530997754,-6.429733453434362,0.33963083796540827,0.8275562415365126,0.042790294622457606,-0.027654233194471915,-0.5590660973145394
1749296565418746624,9.120279561191678,-6.446621362476694,0.34022899265402007,0.8255266802488203,0.044438926494833414,-0.02585944081517347,-0.5620161664312472
1749296565472216576,9.122800208206542,-6.463873221907569,0.3408573557219179,0.8239861904581037,0.045184542164256644,-0.024064121746944608,-0.5642925067093272
1749296565639112960,9.12546863385938,-6.481478543502373,0.3406196951734404,0.8228120200237701,0.04545066392949663,-0.022510675089339124,-0.5660458341510808
1749296565692245504,9.128330641826032,-6.499339687401861,0.33959792565059077,0.8219703231874388,0.04539313721436565,-0.021272574148761016,-0.5673197762127288
1749296565858886144,9.131077434039657,-6.517480860353309,0.3389489621489119,0.8215347274654681,0.04419226713947775,-0.02008975302786342,-0.5680881418552859
1749296565911934464,9.13401444849992,-6.53577631566714,0.33861779446312745,0.8215384697784709,0.04280985588731362,-0.019534686165078398,-0.5682079328462317
1749296566092121344,9.137245761243145,-6.554247775123194,0.3380523650799563,0.8219052510379026,0.041690989232557964,-0.019817838907861186,-0.5677507137768785
1749296566144871424,9.140420292064517,-6.5729469114941645,0.3372844069691183,0.8225396974800927,0.040126456422829596,-0.020319555698782816,-0.5669262996373587
1749296566313558528,9.143627251773166,-6.591687777305867,0.3361345729638834,0.823328077894398,0.038524175619995764,-0.02105724615899753,-0.5658651397883734
1749296566367691008,9.14723421689657,-6.610059088815011,0.3357039107302282,0.8242915451808276,0.038115137562912,-0.022846613203095667,-0.5644189198610479
1749296566532481536,9.150877130201145,-6.62808668648467,0.3354617944600964,0.8254085803858394,0.03824658679692848,-0.02499152923132329,-0.5626840121155906
1749296566586486784,9.154865033691568,-6.645477581669673,0.33564912572583827,0.826703377687502,0.04006674281079409,-0.028042814495524673,-0.5605085030539488
1749296566752650240,9.158164295653897,-6.662871974495805,0.3355024676664442,0.8279954452111733,0.040899728112086434,-0.03018648976772292,-0.5584259402869921
1749296566805941504,9.161081143407378,-6.680234924542308,0.3351747031512651,0.8292272584702147,0.04100664926991899,-0.03160387458631885,-0.5565085836146263
1749296566972444672,9.164060917829577,-6.69728150799005,0.33519867912868184,0.8304064205006556,0.041391145685513,-0.032923874607196965,-0.5546421984766202
1749296567024989696,9.16708390759499,-6.7141888224005175,0.3345481093323328,0.8314983813934265,0.042141087371814205,-0.03418404921311242,-0.5528707093657867
1749296567187696640,9.169725846389806,-6.731524999164986,0.3322505659869277,0.8325092325527783,0.041990658323670764,-0.03460985654344688,-0.5513323137255524
1749296567239647744,9.172011208637315,-6.74916006073259,0.3295839479959968,0.8334441887420352,0.040862391204189885,-0.03413817386681255,-0.5500323938844383
1749296567408974848,9.174319368310414,-6.76649984146841,0.3285824377266131,0.8338942377155337,0.03978626837430698,-0.03340293539685221,-0.5494740185491487
1749296567461928192,9.176266880629603,-6.783667486518356,0.32951855115715656,0.8336740338809191,0.037564904226715934,-0.031420654532193885,-0.5500811082667012
1749296567627187456,9.179405574964662,-6.80020688649666,0.331641897897621,0.8331115134984504,0.03701230019033668,-0.030273320780646675,-0.5510343199473637
1749296567679449600,9.186109635241444,-6.814397161389577,0.33390548993977065,0.8344800708293054,0.039072105226441445,-0.03110007831590556,-0.5487705960696473
1749296567846183936,9.192298190432174,-6.8255803190525866,0.33466468731494325,0.83425959081134,0.040706318202041486,-0.030803467639055854,-0.5490037132653469
1749296567899079680,9.197484727961895,-6.836185278543519,0.33438925511752204,0.8337299100692454,0.04058372194230201,-0.029288354988679297,-0.5498996188681122
1749296568062172160,9.202428057980104,-6.846000108178405,0.33430030573104075,0.8333318840214893,0.04048873212773707,-0.027764805426351086,-0.5505885480315772
1749296568120480000,9.208235562725294,-6.854689625887525,0.33474915110511994,0.8322762437657549,0.04027958413631561,-0.026283613528364405,-0.5522707495647967
1749296568294556160,9.214010998457589,-6.861516996521786,0.33492491175086947,0.8307600093379471,0.040298245590352194,-0.025164002155178146,-0.5545995233343496
1749296568350681344,9.21976670223139,-6.869603559797324,0.3351439187760126,0.8295121695426231,0.039169672012063644,-0.023363872071070275,-0.5566232360017003
1749296568516815616,9.224448209506733,-6.87794354860783,0.3353306411960508,0.8288160534385679,0.03808035410940544,-0.021853880236725076,-0.5577958803290124
1749296568571946240,9.229050853211682,-6.887507034615246,0.3354469961019979,0.828508800910566,0.03749293635328108,-0.020686604912155668,-0.5583363779251296
1749296568735121408,9.233571324433349,-6.896833837725507,0.33596366680289647,0.8281868994643086,0.037852953713060085,-0.020430620167634674,-0.5587988933511393
1749296568789268992,9.238354998264228,-6.906090199979048,0.3363351061713469,0.8278084172130465,0.037942419767634884,-0.02072349696883635,-0.5593425907677599
1749296568958537984,9.242744551157688,-6.915892416785749,0.3368864092904085,0.8270150728570527,0.03691447115669593,-0.021243254941466717,-0.5605641044572486
1749296569011168256,9.247087194157935,-6.926173794210351,0.3380586684984488,0.8257857957420724,0.03573882627940175,-0.022169020716135364,-0.5624136292510081
1749296569174088192,9.251360639849823,-6.9371464262395275,0.3395408464010421,0.8241518176174594,0.034159327091330835,-0.023500291026687468,-0.5648492349398788
1749296569226309888,9.25563882395968,-6.9487328496536005,0.34053850797661633,0.8222608502220384,0.032207285479637415,-0.025318266313093068,-0.5676343632524925
1749296569391531008,9.259892467876295,-6.960760169661343,0.34119920158084316,0.820130090963278,0.029811404059816724,-0.02738219476468882,-0.5707434883504289
1749296569447061248,9.264946156641072,-6.97198693552715,0.3419351102400974,0.8172766467029067,0.02822818940616197,-0.030236647666512947,-0.5747589035541714
1749296569615410176,9.271917647160922,-6.979695479999116,0.3423725779927036,0.8124776717416268,0.02881174296533543,-0.034134054202206346,-0.5812785758415027
1749296569670285824,9.27719793956376,-6.988170727601541,0.34271937021906895,0.8074707697812475,0.02665782296393431,-0.03598201560176321,-0.5882054156304052
1749296569837078272,9.281365029382883,-6.997489940543068,0.34281075722709664,0.8032112525976158,0.02409830665642095,-0.03700072811697992,-0.5940554699989518
1749296569890583040,9.285223929175716,-7.007436092852039,0.3421946390812205,0.8001378393476642,0.022296805977112227,-0.03856644882083733,-0.5981596103989468
1749296570053752064,9.28816722470097,-7.018075213164343,0.34231344459661583,0.7984152206219677,0.020124870737368537,-0.03938516194347489,-0.6004805859273595
1749296570106801408,9.290690358283705,-7.028824298194046,0.3425864100158047,0.7972828328442625,0.018752696137347015,-0.04011132617733943,-0.6019796527721702
1749296570271439872,9.29311965062905,-7.039895752175976,0.34236072819359187,0.796205621673233,0.01793929128602608,-0.040670921483107185,-0.6033909727447127
1749296570326105600,9.295812681410888,-7.051233985033744,0.3421731177990295,0.7951366579455966,0.018249655200389972,-0.041443312556971805,-0.6047372132757163
1749296570488084992,9.298334634710274,-7.0628694011808735,0.34221248534124804,0.7941891955998939,0.01857868508614136,-0.04175676312569321,-0.6059494424340434
1749296570540146432,9.300630661263458,-7.07486863914664,0.3424019432586869,0.7933228408148545,0.018122382576036926,-0.04125721630011857,-0.6071311980077964
1749296570698345472,9.303238763322408,-7.087080611816546,0.3421692163079526,0.7925396064881131,0.018119285173855266,-0.041037221228036956,-0.6081682416291865
1749296570751500800,9.30586087531677,-7.0995483258694545,0.3417553521429859,0.7919262169103846,0.017939774520428168,-0.04080074282748738,-0.6089879562396022
1749296570910914304,9.308365245238889,-7.112262909325313,0.3420761825594072,0.7916228977955904,0.016932507520477025,-0.040422331734126835,-0.6094362255166306
1749296570965353472,9.310932158141213,-7.124985124099863,0.3430542302749444,0.7916261354926151,0.015647158088587704,-0.04035473919145963,-0.6094708549828839
1749296571121999104,9.313492149263848,-7.13755662748748,0.3446344402369692,0.7919169385040633,0.014072271658595495,-0.04072834505141312,-0.6091065059495681
1749296571176091904,9.316221140808072,-7.149976938294714,0.34646377697495545,0.792371600278522,0.012900981304361566,-0.04178512641194472,-0.6084692391273172
1749296571335499776,9.318716438004575,-7.162922103529707,0.3475408909416995,0.7927586329209729,0.010709328423852388,-0.04288498454216396,-0.6079308663941966
1749296571389590016,9.321203757653617,-7.176573624249919,0.34857723164893484,0.7927414014242484,0.00782104096299053,-0.04416981707073511,-0.6079053619159084
1749296571543374080,9.323958393811205,-7.190875260821441,0.34901241602158484,0.7922768724112297,0.0049077767773122215,-0.046007722218672595,-0.6084049314935189
1749296571597084928,9.327061906541669,-7.205253983444678,0.35013599564157705,0.7911152957836391,0.0025121871297788196,-0.04885874713636479,-0.609707389262468
1749296571750295296,9.330482902912447,-7.2193214388366425,0.35093632281620746,0.7896585015740012,0.0015131570569793828,-0.052560402266914684,-0.6112892648829715
1749296571805931264,9.334283636700597,-7.232835501208247,0.3518284112121415,0.7880963512489887,0.0027461856153790953,-0.057876828910509194,-0.6128187923749239
1749296571959936512,9.337188998553122,-7.245795100926985,0.3532938206585343,0.786208693128391,0.003552046323673629,-0.06267489196627583,-0.6147642895722536
1749296572013954816,9.339947822017407,-7.256165951950171,0.35671399502822787,0.7817447145069386,0.003836649962623229,-0.06555816942565496,-0.6201311215211558
1749296572173656832,9.343611758115122,-7.265682983318536,0.35890266375022284,0.7756805571058343,0.00480259864707908,-0.06826432543898833,-0.6274046463380532
1749296572224862464,9.343813580398542,-7.27557358610449,0.36158814191253486,0.7696480879322206,-0.0004963642730800529,-0.06531872149656934,-0.6351181299465785
1749296572376383232,9.343301477297063,-7.284962028780532,0.364968586170888,0.7633966430711268,-0.006297049945002283,-0.06110085340691564,-0.6430027979897687
1749296572427291904,9.343875894962823,-7.294326052292281,0.36692508409617464,0.7575784166719327,-0.008508785934251556,-0.0593648804265639,-0.6499833491149694
1749296572575940096,9.344643926465436,-7.303821976357608,0.36794101539613955,0.752025917525249,-0.009201625010673729,-0.05825635366282468,-0.6564895633027095
1749296572628520448,9.34552701976979,-7.314561733795152,0.3677517729234596,0.7467636346856538,-0.008879402455497986,-0.05737684217024315,-0.6625504721194269
1749296572778342912,9.345870550234931,-7.323984729933487,0.36702914605908354,0.7422536616216519,-0.008008050582875768,-0.056695141316973854,-0.6676683562114956
1749296572830986496,9.345913244058384,-7.334541935382714,0.36598652576302637,0.7360332950656829,-0.006451016235119307,-0.05588830885459988,-0.6746034908578966
1749296572985338368,9.346843651785388,-7.344099062301037,0.36642352970060443,0.7274769867421186,-0.0035840391178882354,-0.05556354144362827,-0.6838691989601894
1749296573038112512,9.349653210359305,-7.35417237554842,0.36671743038820814,0.719098597608264,0.0021791309295593397,-0.05833786064675186,-0.6924515523279444
1749296573189184000,9.352659262985272,-7.364824883878052,0.36710697099062806,0.7116730950093748,0.0071940559508449995,-0.06122531190646687,-0.699800766347615
1749296573242650112,9.35493589639577,-7.376447825710823,0.3683841608523557,0.7055516201929004,0.0095007878288851,-0.06336514677370136,-0.7057559808093382
1749296573397643264,9.357092444646096,-7.3886187248465705,0.3702065403190673,0.7008707226903798,0.010770784702839646,-0.06576185389506588,-0.7101687115359517
1749296573448886272,9.358714233737805,-7.401130657141628,0.37164109371445253,0.6972457756806774,0.010576139867678995,-0.06756921669095092,-0.7135621027750291
1749296573599485952,9.360129608266497,-7.413822189806464,0.3726073049255545,0.6942172156505385,0.009326659772589044,-0.06917333273150042,-0.7163731715738084
1749296573651094528,9.361417306834628,-7.42667436851216,0.3729752200238945,0.6915143329940644,0.007579583437099874,-0.07100320395040748,-0.7188247506920383
1749296573801719808,9.362170670722833,-7.439629161945504,0.3727457637949403,0.6892616355320592,0.005041457105030799,-0.07229957899066358,-0.7208784588068237
1749296573854491648,9.36266458302131,-7.452356341408228,0.3723845014008904,0.6876338611315472,0.002484714393016943,-0.07365107404574883,-0.7223081188188407
1749296574003701248,9.362273836277254,-7.464601516051623,0.3726051186389303,0.6863239146527779,-0.0006608801378272361,-0.07419288249261634,-0.7235015297845379
1749296574055649024,9.361573783099855,-7.4759663359155795,0.3742260213245534,0.6850890140839536,-0.0034847430508494325,-0.07454693816977698,-0.7246265613106225
1749296574201284352,9.361140804019396,-7.487086163254197,0.37588543446632006,0.6842123495250184,-0.005049739942947184,-0.07581571029501254,-0.7253136831443517
1749296574253184768,9.360341887149342,-7.497788202069086,0.37776255790743285,0.6835060169139178,-0.006509550179416923,-0.07659074791062923,-0.7258863602062123
1749296574400196352,9.359190207296146,-7.5083397500733895,0.37959645877135184,0.681964558320549,-0.008287761157354906,-0.07636954392498183,-0.7273399115752879
1749296574452263936,9.358233703855351,-7.51898480935618,0.38146355729462433,0.6794511522945311,-0.008914654202027188,-0.0763216604916459,-0.7296860042003612
1749296574597760768,9.357192097571279,-7.529826721252453,0.38304749656413106,0.6762857559887432,-0.0087448771871652,-0.076209439599758,-0.7326344413727804
1749296574648482816,9.355769343933769,-7.540819022835375,0.3835037555802727,0.6725126879745472,-0.008901385548851441,-0.07526370872041024,-0.7361948274731419
1749296574793685504,9.354397340300942,-7.552036165616229,0.3846386175585077,0.6678658316584618,-0.007779264030126682,-0.0746924450602171,-0.7404834586979151
1749296574843975936,9.352689232723282,-7.563583787516524,0.38558824449298656,0.6625767988583716,-0.006550621142108226,-0.07366243763266823,-0.7453340997561153
1749296574985132032,9.35096031943662,-7.575631540454694,0.3859955659675265,0.6568585809914324,-0.004907593532167368,-0.07299833138940025,-0.7504558372869172
1749296575036880896,9.349233507049487,-7.58811200831548,0.38729200303458144,0.6506061121351648,-0.002621718061399548,-0.07292976861237345,-0.7559008283478181
1749296575180865792,9.346617188600185,-7.600727308321645,0.38811538430586356,0.6439006217985775,-0.0012623460327223738,-0.07126423550491816,-0.7617819927431984
1749296575231107072,9.343332035214651,-7.613359108300366,0.38840124323606995,0.6366529860959831,-0.0008615806565600178,-0.0679834088486293,-0.7681474396853513
1749296575377975040,9.339972306990322,-7.62608049889954,0.3883761596037498,0.6289666029586072,-2.4565206243399196e-05,-0.06469246787952353,-0.7747360172077434
1749296575428611584,9.33747743622309,-7.639292995589905,0.38784692768460705,0.6212724276601468,0.0028261430163125482,-0.06365201941318534,-0.7810000025413205
1749296575579188480,9.335621444670752,-7.652707747237315,0.38692278147072656,0.6141248663397221,0.007354621053685076,-0.0645008847124926,-0.7865342929355851
1749296575632025600,9.333316243858619,-7.6660756908596435,0.3869006043478831,0.6079101693310839,0.011594969386867125,-0.0655012766000801,-0.7912144876533355
1749296575784040192,9.32949528452583,-7.678964429049795,0.389144689623695,0.6033610681970571,0.01363645068402895,-0.06409738568515395,-0.7947710322760743
1749296575835385600,9.326245416396794,-7.692188289002798,0.3917951026323969,0.5996249542557839,0.015874219406271026,-0.06408821836022897,-0.797552897091724
1749296575983523072,9.323148826139697,-7.7055663327256925,0.39367012520839806,0.5964110823195141,0.01734010624223906,-0.06374387492877996,-0.7999561613057541
1749296576036132352,9.320342735986792,-7.718785732382958,0.39589904136726206,0.5935546911695976,0.018284042570319,-0.06359847035463162,-0.8020684241050767
1749296576188977664,9.317668637554881,-7.732201798847563,0.3980234364515396,0.5907669789202049,0.01909302849516131,-0.06437954941860269,-0.8040429755286933
1749296576240048128,9.31432087898759,-7.745731568722314,0.3995412951517867,0.5873349318407908,0.018652788599095693,-0.0637967146241104,-0.8066100238158589
1749296576387343360,9.310454577289015,-7.759295229670523,0.40072035232488723,0.5833545988356349,0.017573637858549047,-0.062315668070014464,-0.809632840726412
1749296576438617856,9.306020896977167,-7.772968028684687,0.4024882721336982,0.5789146300779623,0.016977008314134307,-0.06102368053150392,-0.8129241924587968
1749296576588599552,9.30107052429355,-7.786834632486006,0.4036649101329419,0.5742965593024902,0.015915108292645527,-0.059062713226597036,-0.8163588470811517
1749296576640990720,9.2964086401889,-7.8010733238861345,0.40458438565416976,0.5695611122852533,0.015064806079433085,-0.05782880199952467,-0.8197737618693794
1749296576788405248,9.291972689586697,-7.8154957636535745,0.40639064811383374,0.564527308870217,0.01513156759698964,-0.05792599728808973,-0.8232402638598215
1749296576839485184,9.2867562609023,-7.8298085085410385,0.40703256014307954,0.5591237657285785,0.01384396588570997,-0.05613160787362499,-0.8270660202206171
1749296576988728832,9.281372345971246,-7.844167247330635,0.4071873373243422,0.5537082761025353,0.012535466291099744,-0.05411230177673584,-0.8308561041822143
1749296577040053760,9.276564523101165,-7.858699209674256,0.40908206521405566,0.5488173934796723,0.013687537167581922,-0.05539550737738559,-0.8339924806033123
1749296577190019840,9.27141581646726,-7.873152030062755,0.410499094030623,0.5439873887164183,0.015188070800606027,-0.056947829490272564,-0.837020900658517
1749296577242510336,9.265469915342987,-7.887249087638036,0.4111497301842286,0.5392106006946241,0.016255233329451356,-0.057490266034782446,-0.8400491442762128
1749296577391814656,9.258852039370982,-7.900920875195069,0.41243311116197345,0.5345359176855653,0.017359750851980008,-0.057788656020655124,-0.8429890052602904
1749296577443358464,9.251724328859638,-7.914179733510425,0.4130523535114188,0.5296316516015858,0.01802197589080585,-0.056863097427274294,-0.8461277150393691
1749296577591958016,9.244520136344914,-7.927455880783553,0.41261632449551433,0.5245785423406063,0.018782590740561985,-0.05567255730026575,-0.849332169156759
1749296577642800896,9.237684914857079,-7.941479788235446,0.4120565133793326,0.519720606358805,0.02073289194110511,-0.056655148018019505,-0.852203516022347
1749296577792085760,9.230664992423826,-7.955797295993401,0.41082501826639417,0.5146628372285851,0.022228408436945436,-0.057389758380164524,-0.8551809618246006
1749296577843948800,9.222732787404766,-7.969181011061812,0.41093937453185836,0.5093592489012035,0.02235501760672653,-0.05600569957387549,-0.8584385652810835
1749296577992302080,9.214751477822464,-7.982635673345054,0.4119328581954056,0.5041559233759452,0.0228110206619243,-0.05540108473253978,-0.8615318810536075
1749296578042792960,9.206522412295278,-7.996136158082081,0.4132228923740442,-0.49916781449331626,-0.023131569041511146,0.0548653992522936,0.8644571773387796
1749296578194534400,9.19789247136385,-8.009732426416871,0.41387703956015187,-0.4943128731811957,-0.022808050780903127,0.053527367333536344,0.8673346512006006
1749296578243697920,9.189034735397396,-8.023551639229312,0.4134922908425507,-0.4894923558284855,-0.021787985548725835,0.05143825801163491,0.8702164230143764
1749296578389973504,9.18045724510432,-8.037561700509706,0.41261597790184945,-0.4846290542742007,-0.020862278149081138,0.049620831800108005,0.8730619784157306
1749296578441520128,9.172251377303716,-8.051981406816289,0.4115914904082829,-0.4798708477373792,-0.02063871580465072,0.049148286533419294,0.8757182531114516
1749296578592037376,9.163970306682552,-8.066396818767384,0.41094457579770927,-0.47518478366093014,-0.020903426898239565,0.04947097942617929,0.8782454613122914
1749296578643187456,9.15550452534703,-8.080607630241875,0.4108203101400014,-0.470388135300262,-0.021384368356448833,0.05011333222143105,0.8807760015420507
1749296578792650240,9.146653678233191,-8.09440491543026,0.41052094472231015,-0.46522978353175204,-0.02135476224967894,0.049632849549158545,0.8835393612566955
1749296578844066048,9.137948598749084,-8.108115834786512,0.4100334765930107,-0.45999878413783896,-0.02166442015545573,0.049335484711514443,0.8862831271322485
1749296578993127680,9.130117719686623,-8.12194300095448,0.40998302175433876,-0.45516728013048224,-0.02346888147910993,0.05108490553557301,0.88862944534106
1749296579043413504,9.12266996009974,-8.135829882432208,0.40989184650435995,-0.4509802895798085,-0.0260096181315338,0.054091310142460325,0.8905135643785759
1749296579194444544,9.11481026575321,-8.149100323457315,0.40974655523856196,-0.44754237466393476,-0.02828470552279617,0.05596158787206881,0.892061712549357
1749296579246228736,9.106501688852093,-8.16158800821254,0.41005485968373234,-0.4446262907713859,-0.030018939172408714,0.0561928862259036,0.8934476394190344
1749296579395320064,9.098031013527338,-8.173560807976212,0.4108457338708056,-0.44195755147775634,-0.031271710273451686,0.05515024142545674,0.8947927434322842
1749296579446406912,9.089578317455299,-8.185066294421592,0.41201624338905773,-0.4394529537711198,-0.03213507070359304,0.05306398185176475,0.8961208916673847
1749296579598499328,9.080900884661473,-8.196572122468558,0.41237460522999836,-0.43690474058342676,-0.03231854064267833,0.05007232054431697,0.8975313489242386
1749296579650677248,9.071726624246534,-8.208177904564586,0.41242801157586895,-0.4337864267442759,-0.03153162797725727,0.04560059917904417,0.899308444174772
1749296579800263936,9.062777672101241,-8.220454541621532,0.41315378203480835,-0.430086126217494,-0.03106238523527339,0.04224780130015825,0.9012636548447006
1749296579851846912,9.054281533922467,-8.233367501653397,0.41445791802178045,-0.42587257736717443,-0.031062912841593193,0.040652306525204705,0.9033355042655061
1749296580004140544,9.046083970929779,-8.246709897369238,0.4162080862216957,-0.42109513329600906,-0.031415655229934336,0.04055396792232665,0.905564642091687
1749296580055592960,9.037726402428582,-8.25984357240333,0.41776378031623507,-0.4157085626058984,-0.03132269510988392,0.04007789743921273,0.9080743592261832
1749296580209171200,9.029468327131578,-8.273033705881325,0.41948403603231554,-0.4101570603057194,-0.031283591571107994,0.040384098841987834,0.9105831358753045
1749296580261370880,9.021300433425237,-8.286123896540932,0.4205632651466291,-0.4041787485106464,-0.031115430636633332,0.04096407067137433,0.9132323440081911
1749296580412903936,9.013384291127911,-8.29890982196463,0.42133315762336254,-0.3975067601328043,-0.030652456324409327,0.04155013012747352,0.9161453974432177
1749296580465014272,9.005962830512388,-8.311657383263162,0.42226751908495874,-0.3902662359825262,-0.030087771046574556,0.04304227489928899,0.9192031079456674
1749296580617560576,8.998925041791374,-8.324332541687498,0.4231042032889949,-0.38236310128594486,-0.0293842901280009,0.04522713195327243,0.9224367343097026
1749296580671422720,8.992016716668804,-8.336708378230554,0.42368488692193296,-0.37355568455117727,-0.028344800567478685,0.04754897902349885,0.9259545439243301
1749296580821924096,8.985139724267636,-8.34877502567958,0.4230501830639781,-0.36397956738367754,-0.02671496466782395,0.04897961256153121,0.9297344689443918
1749296580872994560,8.978352157032566,-8.360603838345929,0.42174085761673297,-0.3540565014967885,-0.024803529084602382,0.05018666203560243,0.9335470409393027
1749296581023940608,8.972028984377726,-8.37286505018536,0.42090789769702663,-0.3440974397496645,-0.023366678033401676,0.05390188501720263,0.9370941986305334
1749296581074918400,8.965291628506709,-8.38418416286271,0.42185143803053604,-0.3338474876157246,-0.021315209937280293,0.05690184530125103,0.9406666236448016
1749296581223077376,8.957880533540985,-8.394508409538846,0.4225068517199957,-0.3241508714534696,-0.018372325708685123,0.05709915188730735,0.9441018785267616
1749296581275051520,8.950241765882172,-8.404261916693464,0.4227560820946734,-0.31508978183887454,-0.015013825491639488,0.05581974088186183,0.9472999371649502
1749296581419990528,8.942713054839942,-8.414208990777155,0.4234651013144246,-0.30660464133695275,-0.01170795151779317,0.054875664489865736,0.9501816559104324
1749296581471638016,8.935008558038426,-8.423730348513432,0.4249589303947494,-0.2986688163259653,-0.008134386716030244,0.05273787828627332,0.9528638339768505
1749296581615752704,8.927555570777669,-8.433519402394754,0.426135414059841,-0.2913410445546774,-0.0048736902077760975,0.05171644329736615,0.955207858214231
1749296581667358464,8.919889746162724,-8.443236623832759,0.42762437068631876,-0.28483028100455715,-0.0013764773387221181,0.05173929744879128,0.9571796390607704
1749296581832428288,8.911705462595581,-8.452472735979931,0.42770224417056246,-0.27929128022207367,0.0025736106671063563,0.050301705166070645,0.9588845059637969
1749296581883370496,8.902992719187349,-8.461225388075139,0.42692921626575897,-0.27463006766376435,0.006942627387380144,0.047533220875753034,0.9603492691584311
1749296582022201088,8.894557712754917,-8.470702827366585,0.42630947240820216,-0.2702324365903825,0.010737414722297653,0.04784314195252091,0.9615457201337944
1749296582072290048,8.886160827822842,-8.479806443401174,0.4257225842981023,-0.26697076000486725,0.014049618701745412,0.049002313275944454,0.962355440993797
1749296582211573248,8.877818280578529,-8.487854423427658,0.4250441324992975,-0.2657872132437403,0.01681909257893509,0.04947368867726518,0.9626144760648537
1749296582262081536,8.869504058090655,-8.495191652932391,0.4248893584978344,-0.2663050555939664,0.018829278543454762,0.05005529670731371,0.962404043479749
1749296582400077568,8.861021834595462,-8.50154102839252,0.42612943070679776,-0.2677029668102502,0.02032706062960617,0.048956846623631665,0.962042181682186
1749296582450258432,8.852857258631865,-8.50825749696567,0.4270873081841513,-0.26948226521481844,0.020996964736505624,0.04879682718191593,0.9615390298180945
1749296582586804224,8.84481424518537,-8.515349837481942,0.4276907360798847,-0.27156312944283506,0.020826771608306646,0.04975444228481169,0.960908012134625
1749296582637058816,8.836722415280565,-8.522583341863434,0.42740026399964126,-0.27381684296859926,0.020200778331407404,0.05071482065271013,0.9602313638012864
1749296582774158848,8.82865657627673,-8.52997493613724,0.42647176358605154,-0.2762835819661268,0.01895595673286608,0.05204160993049077,0.9594788819333913
1749296582825973248,8.820497380552995,-8.5374011319192,0.4261502240317032,-0.2790539849775171,0.016880237286831405,0.05362870985656469,0.9586281304741835
1749296582962538496,8.811910707275029,-8.544506490512072,0.42605278355524057,-0.28195144802101807,0.014612329433427912,0.053735926022623406,0.9578112084549184
1749296583010987264,8.803193691593505,-8.551820517770793,0.42539416725735446,-0.2846997902718263,0.012007972409827797,0.05323552639140399,0.9570620757023094
1749296583147960320,8.794469354285145,-8.559360983663504,0.4242353749073273,-0.2871897476358227,0.009119465097611341,0.052280341091865155,0.9564024519753827
1749296583198015232,8.786150451094986,-8.567223178303898,0.42467813982266067,-0.2890204951150189,0.004753733688729253,0.052528404980600664,0.9558688833149032
1749296583336533504,8.778419791344476,-8.575539295233181,0.4262116044443225,-0.29032741219743313,-0.0011986091378059257,0.05466585548459722,0.9553639104064031
1749296583385463296,8.770396904535556,-8.58350867844992,0.4275846632321194,-0.2911723158803998,-0.007370902218727778,0.05539726556194454,0.955036907786074
1749296583525113344,8.762341982935565,-8.591784402953719,0.42753982275126834,-0.2914850291969289,-0.013898207458119325,0.056134548665563944,0.9548257589893717
1749296583573781248,8.75395464742838,-8.599947893450882,0.4259378922385424,-0.29129686248400716,-0.020366642068419465,0.05546491517841129,0.9548062531121598
1749296583720348160,8.745285667464275,-8.607284109319528,0.4234584867071165,-0.2904276645853587,-0.02661177594730811,0.05181772043007925,0.9551222481304971
1749296583772439296,8.736851511839449,-8.6156837783499,0.419953626951592,-0.2889411012153782,-0.0336916624970112,0.05009166678631273,0.9554416449083644
1749296583922266112,8.728086275315405,-8.624523740446858,0.4183343265193984,-0.2863447077573792,-0.04172405525988082,0.05035461476212749,0.9558923706799679
1749296583975640576,8.718423797747063,-8.633034618661492,0.4191117247075944,-0.2824001701458246,-0.0498409722783366,0.05055897501299026,0.956665987390372
1749296584127308288,8.708172771160164,-8.64111745495737,0.4204346698046919,-0.2780097780836906,-0.056796847568249945,0.04837622946840218,0.9576765747467076
1749296584177325312,8.697478151457112,-8.649852414698106,0.4219694358763557,-0.2746612812650778,-0.062305800401747456,0.04511713170346718,0.9584589778581948
1749296584333761536,8.686684543157737,-8.659250094193643,0.4234208876026151,-0.27133192068186535,-0.06738263164759302,0.042778255550607866,0.9591707828240921
1749296584380460544,8.675591081595202,-8.668725266790089,0.42398310378095205,-0.26792093810891293,-0.0717269998288899,0.03954061504622667,0.9599532010364632
1749296584543365376,8.664042441629563,-8.678122224829382,0.42276671825657886,-0.26466538366758147,-0.07499049785225732,0.033552265121226846,0.9608344838863754
1749296584593578752,8.652140883865723,-8.688302746094127,0.42293270679522355,-0.26157092937566145,-0.07734161793514782,0.028107809366445847,0.9616698363229169
1749296584757382656,8.639941639943547,-8.698747180471624,0.42362920031683915,-0.2583972876519681,-0.07891099209256933,0.02231296449332213,0.9625518316831527
1749296584809195520,8.628080925347152,-8.710481436749895,0.4239432683088493,-0.2551355055400671,-0.08084940250229401,0.019343663839480826,0.9633250077710542
1749296584974146816,8.616818578895437,-8.723548686363747,0.42444231787031184,-0.25179710153583273,-0.08379324408365955,0.021133231717462234,0.9639140513662335
1749296585024620032,8.60529069918093,-8.736859443835831,0.42404493436339896,-0.24834217144426265,-0.08650630778359054,0.023151663249547837,0.9645241443762715
1749296585191912192,8.592806603962114,-8.749107101261544,0.4242601749645103,-0.24415553698057763,-0.08782096053692191,0.022597232665004633,0.9654868811786008
1749296585241298176,8.580265173343392,-8.761553734380731,0.42382442034232204,-0.23972759553229828,-0.08881398098379838,0.022333464951884156,0.9665112379405402
1749296585404654848,8.56788202664884,-8.774559470105874,0.42211589177235664,-0.23524569485573338,-0.08990044626685621,0.023296928230110432,0.9674888247147376
1749296585455633152,8.555097618873498,-8.786944320408699,0.42036992359988945,-0.23036819840030534,-0.0900378189725205,0.02253550382301721,0.9686670405190381
1749296585621582336,8.542390557201456,-8.798751571752751,0.4196604251731242,-0.22528584995795486,-0.08948538022682244,0.021402993206140877,0.9699384333122388
1749296585673544448,8.529979033804004,-8.810925264079586,0.41906158145766836,-0.22025133027622465,-0.08875359270819234,0.02190443244226308,0.9711500126820387
1749296585837817088,8.517624968849548,-8.822872239578889,0.41874581807805944,-0.2148501309690952,-0.08753924976730927,0.022805144904089827,0.9724485725932467
1749296585886550784,8.505376088248791,-8.83460477333647,0.4182286570021301,-0.20911090869310997,-0.08586548787776657,0.023994710363373858,0.9738192849454321
1749296586049908224,8.493106518190032,-8.84635839839984,0.4164489629957444,-0.20288644280470214,-0.08368680728936326,0.025287092036231355,0.9752918397013884
1749296586102105344,8.480729393787737,-8.857645529835786,0.4141716212502575,-0.1958983927047112,-0.08117038942352688,0.02620217180775532,0.9769076895024938
1749296586265528576,8.468323109539998,-8.868757550775781,0.4116894794498056,-0.1881885511780842,-0.07837740246716954,0.027594834905491382,0.9786115557638442
1749296586317287680,8.456090746726929,-8.880340788681297,0.40865604349949125,-0.17994994172136938,-0.07561004868165885,0.03045899648932745,0.9802925015247724
1749296586475913216,8.44375570159127,-8.891880224376468,0.40596992229714424,-0.171267405085796,-0.07208381848822769,0.03379865313250119,0.9820025713376533
1749296586527244800,8.431148512387477,-8.903106994377247,0.40325130668169606,-0.16227467258824568,-0.06775199502364096,0.03632293553098043,0.9837465334938194
1749296586689913088,8.418200888997042,-8.913909160381863,0.400787237058823,-0.1527843495306406,-0.062437508309420936,0.03725752966168891,0.9855812379393788
1749296586740759808,8.405075008313629,-8.924209998101924,0.3981699698799579,-0.14298376942606647,-0.056660984060080924,0.035801488591582616,0.9874530003907445
1749296586901203456,8.391982811708159,-8.934754435414433,0.3958028214201379,-0.13319182295089754,-0.0506829521127746,0.03456717193902907,0.9891897124860775
1749296586954629888,8.378977935909186,-8.945547888841306,0.3934028130121594,-0.12362740054590048,-0.04470943643961429,0.0342148978212861,0.9907303734591942
1749296587112530176,8.366102202879546,-8.955903730989764,0.3915506926164807,-0.1142491844329892,-0.03881256071151662,0.03350292332196916,0.9921281485354067
1749296587164167168,8.353407076405299,-8.964940329631734,0.3904236354831552,-0.10547402233573677,-0.03331695701779365,0.03049733908355244,0.9933957536129384
1749296587317221376,8.340996177596129,-8.972720683165136,0.39086493126866495,-0.09757299942841301,-0.02846835184741139,0.02560494920137656,0.9944915531577077
1749296587369334016,8.328812825827809,-8.980513048200958,0.39119783998761504,-0.09022376122707597,-0.02425705641729974,0.021070982314049972,0.995403075054688
1749296587518520320,8.316860129680345,-8.989189406537886,0.39199369412714535,-0.08353454367628158,-0.02094127889062789,0.019867950878927357,0.9960866967182589
1749296587568980480,8.305200812833787,-8.997689915095442,0.39355905109885114,-0.07819212472853207,-0.01876470179178364,0.020619294938461798,0.9965484043805117
1749296587719816960,8.294051283730013,-9.006316733273422,0.3945504198341485,-0.07430781109298126,-0.01746972637407978,0.022881570665402848,0.9968197387666782
1749296587770864384,8.283258835581707,-9.015058632073714,0.3951128655436924,-0.07209207699342923,-0.016527845834768594,0.026444041516873566,0.9969103647846629
1749296587919926272,8.272677144912707,-9.023186061262598,0.3946974243228749,-0.07153213091506565,-0.016020393889747967,0.02930190455948625,0.9968790797361302
1749296587971245312,8.262370214964093,-9.030633527804891,0.39368485193250446,-0.07273372685718986,-0.01605063131542735,0.031905884994241435,0.9967116918721153
1749296588120217856,8.25218937234724,-9.036985159753343,0.3921838228287471,-0.07546256102637403,-0.01658166054901105,0.0333909444113503,0.9964514515259116
1749296588172553472,8.241836562018147,-9.042351800255695,0.39060333587711327,-0.07920532819126,-0.01766102034311004,0.03449193651670776,0.9961048693093927
1749296588317412096,8.23110594358666,-9.047401234618036,0.38879123309632524,-0.08325724167026585,-0.019277568752413553,0.03629987114938425,0.995680132576217
1749296588369460992,8.220090494582996,-9.052010951622783,0.3872967068500377,-0.08717118149240902,-0.021495878639988916,0.03794410187195851,0.9952383420326223
1749296588518861312,8.208782583867704,-9.056964167767376,0.38608675545882454,-0.09030989431603419,-0.024271994742072613,0.0400783993808737,0.9948108941718193
1749296588571037440,8.19747043977969,-9.062525387468146,0.3854538089504498,-0.09242602458970589,-0.027987146999836076,0.04320233071780028,0.9943881074318529
1749296588721514240,8.18642571001551,-9.068453218307962,0.3850579246143444,-0.09361987455615242,-0.03258777878050577,0.04634625254642646,0.9939946582538287
1749296588772440064,8.175367636647138,-9.074848616632984,0.3841594398695425,-0.09399114394904244,-0.03782154261928226,0.04995111067640101,0.993599558330841
1749296588922004992,8.164312655008576,-9.08055272109627,0.38266162499451273,-0.0936182618342532,-0.04343086624114045,0.05083880044930087,0.9933603562039073
1749296588970797056,8.153280132909888,-9.085663391215384,0.3808436411565439,-0.09226582629720571,-0.04953876287143409,0.04922372618820615,0.9932824135415921
1749296589128258560,8.142245728741976,-9.089924029770282,0.37795453501810705,-0.09026558026282605,-0.05574816482216115,0.04384102558462739,0.9933892648979374
1749296589181126656,8.13110983342301,-9.0939350400727,0.3745685204960534,-0.08774054145573248,-0.0617987763193959,0.036145781057291805,0.9935673057937436
1749296589340465152,8.119014412224033,-9.099377119057483,0.3744445270981762,-0.08357248777929353,-0.0673784039121873,0.03167879255920582,0.9937163800977705
1749296589390651392,8.106097496152653,-9.106287927410978,0.3758840926548572,-0.0775203819415992,-0.0722592658693498,0.03074083798637292,0.9938934499027281
1749296589554042624,8.092679841905044,-9.113533223441742,0.37755983368124335,-0.06971279044550249,-0.07638142888265996,0.030157814318142243,0.9941813267234991
1749296589603181312,8.079227812286645,-9.120916769397947,0.37798430390214444,-0.060885993510399125,-0.08003248049566693,0.028579611480292356,0.9945204390396396
1749296589763812608,8.065785585847472,-9.128384677211098,0.3783307681990564,-0.05080793411315861,-0.08302388789097351,0.026237203116613164,0.9949056221789269
1749296589814041600,8.052342829753579,-9.136496947391265,0.3784946689111486,-0.03973517956489072,-0.08553931529632601,0.024714052877862158,0.9952353272638244
1749296589982133504,8.039177010802819,-9.144901008776959,0.37820449551506696,-0.02790196538213954,-0.08776751064550659,0.023105697273599967,0.9954820295497079
1749296590031386880,8.025718128820227,-9.154198741371584,0.37735241108777196,-0.01577219493156057,-0.08918881444963664,0.023122233715525468,0.9956213916706057
1749296590201895680,8.011849741615894,-9.164155899204948,0.3765670078496357,-0.0033023030652686173,-0.0898381168064091,0.02461098180166512,0.9956467782993633
1749296590251056128,7.9977172890552986,-9.173980081680455,0.37685275386296224,0.00953704122078944,-0.0895396355096129,0.02617799140848868,0.9955934970073758
1749296590417195520,7.983521183380337,-9.18385441910102,0.37676368742886845,0.022538441909186354,-0.0886064814437358,0.027533233697595697,0.9954309775793703
1749296590465015808,7.96929671044291,-9.193639121932957,0.37576033070593917,0.03566095870146249,-0.08715349057551583,0.028022935405496042,0.995161936669734
1749296590630674432,7.955155918715777,-9.202755966732557,0.37449322099747295,0.04879231860387804,-0.08513732246557708,0.026728341010682055,0.9948148278727388
1749296590679363072,7.941083085459637,-9.212138192967087,0.3720013133002986,0.061829134499353414,-0.0827214758090422,0.025444055398837272,0.9943273684314919
1749296590846297344,7.926954365069742,-9.22161044520093,0.36868666847739506,0.07496406840973453,-0.07974704814979558,0.02401984660900812,0.9937020900288649
1749296590894802432,7.912784850586482,-9.230800274994818,0.36554428392128147,0.08834670705208045,-0.0760595355811687,0.022169867132359584,0.992934188852194
1749296591062938368,7.89879696985016,-9.238882686538481,0.3631922372499874,0.10190487206450964,-0.07169513771821183,0.017623993472725006,0.992050703911426
1749296591114330880,7.8849013816056654,-9.246879423478088,0.3603293383726123,0.11532121030635258,-0.06678269288518017,0.012278490864726469,0.9910047068740725
1749296591279792384,7.870904189293959,-9.255692103318996,0.3563243648786121,0.12888454580753753,-0.06121075179396724,0.008238960655381865,0.9897343771154566
1749296591332239616,7.857785352916742,-9.263239813325022,0.3531320433220726,0.14138871698079938,-0.05641796710236206,0.002080337493528815,0.9883430153011016
1749296591495630848,7.845830200351356,-9.26958599385657,0.35348888345309826,0.15012065415504539,-0.05272581614504728,-0.002641911342529509,0.9872572095519779
1749296591546844160,7.834371397468747,-9.275450795769412,0.3563927883673763,0.15570259126847688,-0.04945288021404839,-0.004920551894888395,0.986553041594757
1749296591705994240,7.822910390302412,-9.2815161539711,0.35990668567177453,0.1597182437835184,-0.046564182761091935,-0.004994264055006068,0.9860511735265309
1749296591756534528,7.811745557311725,-9.287023400454597,0.3620480214928228,0.16237718251171146,-0.04420656413624704,-0.006275516998261698,0.9857180368509195
1749296591912551680,7.800794556160129,-9.292091574778581,0.36278549864094733,0.16372543736552092,-0.042347087684476516,-0.008318412624025658,0.9855615198127049
1749296591961984256,7.789786443989497,-9.297056422420502,0.3623912156743998,0.16392319769401023,-0.040642191225149796,-0.009306068839945022,0.9855915962674068
1749296592119503104,7.778715788905183,-9.30163635084239,0.36108205607836164,0.1628874256478634,-0.03924570422132238,-0.009575968741967152,0.9858173066489738
1749296592168369152,7.767572790068627,-9.305316437495396,0.3598878571669406,0.16037052086014839,-0.03842106837814068,-0.009693441605339486,0.9862612000548184
1749296592326234112,7.75625575634818,-9.308691762255418,0.35826809299824225,0.1568920741480128,-0.037962043573833835,-0.008998006094741115,0.9868448693708408
1749296592374423808,7.7445967857247515,-9.31276372760161,0.3551982530714346,0.15309389668181156,-0.03753751629219621,-0.00630924996534522,0.9874782969940488
1749296592528937728,7.732577847766432,-9.317460136555635,0.35099294055055497,0.1489897879065195,-0.03722333739392559,-0.0018005084135632203,0.9881362377841839
1749296592576939008,7.720511164301133,-9.32087452626897,0.3484048724048252,0.14393326252493674,-0.038047469124905246,0.0007459503316970346,0.98885542400809
1749296592733597696,7.708318279978977,-9.32316323786995,0.3467039161140195,0.1385128998551591,-0.03987739525370001,0.0009608831829445001,0.9895569951372197
1749296592782746880,7.6957386641457335,-9.325030228446778,0.3448639921268266,0.13319696044111132,-0.042188053713675545,0.0007320904637774367,0.9901909926355893
1749296592943605248,7.682798715986532,-9.326987191265072,0.3420665894021666,0.1278633236127845,-0.04469991450107678,0.0013023706683006888,0.9907831205409846
1749296592994093824,7.6696221811359955,-9.32897157907708,0.3391243512493163,0.1225947475840053,-0.0475091006501844,0.0021635690419004126,0.9913166659494965
1749296593160729344,7.655872430422855,-9.331268446942826,0.3374539056198431,0.11850831656022542,-0.050296338720825215,0.00400307039689853,0.9916703245760351
1749296593212192256,7.641741169291782,-9.33401279307876,0.335745654484938,0.11547599670334409,-0.05335342346851542,0.006172486885387418,0.9918571503977819
1749296593380937728,7.627257276142217,-9.33697907714118,0.334571047819344,0.11389565249704466,-0.056061896134987146,0.00848401635597999,0.9918734120897151
1749296593434396416,7.612637391017107,-9.33956262182971,0.3334308330207829,0.114549426868034,-0.05818601524018033,0.009849125742705005,0.9916631540784294
1749296593598129408,7.598321317013322,-9.34141452643715,0.33215495719471333,0.11686233706885887,-0.0600797653758483,0.008370304352676852,0.9912938787121764
1749296593648914944,7.583400036316602,-9.34349329038098,0.3315142091734473,0.121475396728186,-0.06084571289312687,0.00772281456912138,0.990697676058336
1749296593810146816,7.568092588456696,-9.3459382700184,0.3305523435768176,0.1282556689049979,-0.06068353132185591,0.008547262917596457,0.9898459156437726
1749296593861271808,7.553245401293739,-9.347827006497397,0.328964746883992,0.13631909378378793,-0.06036510660769039,0.006707241970968829,0.9888013812082546
1749296594028664832,7.5388338630659195,-9.349906687827623,0.32695297148477565,0.14538849422213027,-0.05982029380121965,0.003858204652310213,0.9875570021291016
1749296594080259072,7.524372640578438,-9.352840804941838,0.3247830738821227,0.15519202432168416,-0.058707051100079205,0.0024553706644210036,0.9861353299081069
1749296594243108864,7.510240292983987,-9.355534658599845,0.3225228693505158,0.16545437507708363,-0.057534373843472916,-0.00026498437135319956,0.9845377470557307
1749296594294830080,7.496776170128975,-9.357660378685676,0.31945991975714394,0.17571257848412813,-0.056783525376321475,-0.0056502021990941995,0.9827862413685924
1749296594458233856,7.4838180287079,-9.359559455752194,0.3177146216423088,0.18565365254753813,-0.05619924539417072,-0.012094440190627371,0.9809322558818011
1749296594508645376,7.470163252435216,-9.362703907895188,0.3182924678936092,0.1956512314038225,-0.05450706920653177,-0.014518274985552915,0.9790499449712083
1749296594672722432,7.456349893073085,-9.366726756524526,0.31819439550755035,0.20548454414024872,-0.052301304264640545,-0.014711947932266626,0.9771510805805466
1749296594725245184,7.442773398899158,-9.371201553030527,0.31719794813761526,0.21526651653198647,-0.04986217241771732,-0.014398041576358487,0.9751752596434834
1749296594890537216,7.429528817624519,-9.375493084412284,0.31628725929516754,0.22401473442060976,-0.04708440044630592,-0.01423213844741204,0.973343672210535
1749296594942765056,7.416912119271512,-9.378958050838289,0.31590427006353927,0.231141593437467,-0.044758350651176025,-0.01573695660455103,0.9717626263789947
1749296595106980096,7.404913032639836,-9.381717730508058,0.31637861354000973,0.23665817995319452,-0.042914087096561575,-0.018496231777882486,0.970468534471844
1749296595159171072,7.393263386831561,-9.384418758909241,0.3166507777323373,0.24114968116142735,-0.041107355157629824,-0.021336635787170228,0.9693821561185103
1749296595318765312,7.3818855108971295,-9.387225602771721,0.31581741846555467,0.24488165011917715,-0.0393853715050432,-0.02416976223277447,0.9684511306926796
1749296595371413504,7.370792688449052,-9.390022946467312,0.31487775029509146,0.2481276117020519,-0.03752333796973297,-0.026571147763544935,0.9676356036882753
1749296595528198912,7.359852790306355,-9.392966548297668,0.3143604493463825,0.25069106650412387,-0.035401393318146505,-0.027423240147247438,0.9670308663253646
1749296595580790528,7.349163038612867,-9.395623375862323,0.31391893582555097,0.25184808881607645,-0.033693589119498525,-0.028172743011097616,0.9667696616894672
1749296595743112192,7.338560756050538,-9.398289318114657,0.31304139138228093,0.2523677372776453,-0.03196960403434904,-0.028118956470353482,0.9666942608116937
1749296595796809728,7.328210621174264,-9.400369672360625,0.3123599633477494,0.2522882535505129,-0.0303351090434845,-0.02766969151305732,0.9667806402960936
1749296595951931136,7.317920389957667,-9.402088169374547,0.31214436177471727,0.25126170360208694,-0.02862422288136799,-0.025902979260134053,0.9671490297947177
1749296596004259840,7.307474426762461,-9.404271581292686,0.311612852248611,0.2501310715653428,-0.02641216462442312,-0.02180083081179189,0.9676061018685969
1749296596161509376,7.297144348125807,-9.406386736181084,0.3108616934568613,0.2486488477483149,-0.024315790310794106,-0.01722722013216949,0.9681351743127168
1749296596215016448,7.287094239025551,-9.408318740195321,0.3103222380333359,0.2468870806360747,-0.023126244653227004,-0.013629396005161299,0.9686723831036836
1749296596371768576,7.277591825557837,-9.410533176418465,0.30902997752672157,0.2454395451748448,-0.022394999265086563,-0.010094950600182492,0.9691006065650055
1749296596426134016,7.267835659055313,-9.412227079524955,0.3076437793141862,0.24400981327276336,-0.02291746980636166,-0.00920179951101074,0.9694582649552402
1749296596584587008,7.258354540119496,-9.413875435450649,0.3060134444224927,0.24318285973225054,-0.023859222935450876,-0.008506888469711454,0.969649662023313
1749296596636056576,7.248507530178376,-9.415683262372458,0.30469084305415306,0.2430917065995994,-0.024812808522479073,-0.006577094385754454,0.9696635955552636
1749296596794976768,7.237766902936159,-9.417465475090431,0.3032428612257916,0.24377850991784006,-0.0259746696827394,-0.0038292204731403107,0.9694754724631657
1749296596846524160,7.227269312682651,-9.41863739763572,0.30154853112848423,0.244491089371405,-0.027690007014232042,-0.0021502897913828387,0.9692537062004708
1749296597004577024,7.217065832424338,-9.418742311876272,0.30010017725605387,0.24501557903755541,-0.02952851491134203,-0.0021443867073277323,0.9690669917202174
1749296597056935936,7.206975503612799,-9.418085464981688,0.29907226010884846,0.2460247130435783,-0.031152581280908767,-0.00247746346521958,0.9687596293333759
1749296597222375424,7.196912766474762,-9.417115087583843,0.2983224616788509,0.24791002454553765,-0.03216497367648121,-0.0020288859257984793,0.9682468269094003
1749296597277425920,7.18664356307152,-9.415307176923312,0.2976388209791514,0.2497878816522351,-0.033292999621954755,-0.0026131736372936054,0.9677245277863958
1749296597444866304,7.177041366192457,-9.413530589766967,0.29691583160613,0.25152413318216504,-0.033920336103563445,-0.002842072290787342,0.9672522648464958
1749296597499735296,7.167552509359846,-9.411692385813534,0.2965856780193725,0.25331310946497015,-0.034175667885714966,-0.003044796361130426,0.9667756831410648
1749296597666119680,7.15827084531896,-9.409621976839965,0.29638248087937624,0.2547819254307464,-0.03437011578561756,-0.004064821963006492,0.9663789850969928
1749296597719945728,7.148893649811212,-9.407901082313463,0.29615450364724305,0.2562091396121385,-0.03394608348009352,-0.004249759208911494,0.9660157761352743
1749296597886061312,7.139665803077211,-9.406164112347984,0.2957540582755489,0.2576139525932034,-0.033235646705415844,-0.004690306642573899,0.9656647680437441
1749296597939710208,7.130706447075107,-9.404063402630477,0.2953889494257762,0.2589548431529251,-0.03253995237350376,-0.0062679051064836715,0.9653208037086688
1749296598102689024,7.12169099666859,-9.402154551521964,0.2949563654032663,0.260483617913182,-0.03140437451448198,-0.007549168992068994,0.964937852976938
1749296598157664256,7.112562877912801,-9.400649224740079,0.29483073845095964,0.2624457096529923,-0.029671385938224156,-0.008354726449654333,0.9644542793140551
1749296598320773632,7.103374662694721,-9.399729390225637,0.2953032209372952,0.26502535577650205,-0.027556292903621143,-0.008670045845037702,0.9638086126519066
1749296598373749760,7.094144484189922,-9.399480094499427,0.2964365898896548,0.2679620842130138,-0.025020798071774042,-0.008400092246931515,0.9630678686044468
1749296598532847872,7.085426995241334,-9.399240126676911,0.2972984943721886,0.2709226445068026,-0.022986498532681747,-0.00993989638327033,0.9622752932703497
1749296598586379776,7.076690690254072,-9.39939254064797,0.29752793307027137,0.2741225972037121,-0.021015356066479664,-0.012098808327479322,0.961388982331681
1749296598743915520,7.06812213816553,-9.399645490719092,0.2968738794397643,0.27756470173886266,-0.01930896325653883,-0.015432188193510317,0.9603889044830404
1749296598798398720,7.05909071313076,-9.399713411991442,0.2971239466309026,0.28190824511025864,-0.017355910109732732,-0.019339722033706108,0.9590894060903687
1749296598956774400,7.049713222426947,-9.400136014374297,0.2965770584449463,0.28673855296986306,-0.015110994366474208,-0.0231738735050875,0.9576093314482558
1749296599010814976,7.040280821694317,-9.400607811245727,0.2958324519878075,0.2918758988690237,-0.012724775102778274,-0.02729636895440027,0.9559819286994332
1749296599165100800,7.030545386303677,-9.400910639415017,0.29570509324648375,0.29762141200113196,-0.010045630112873091,-0.031512004121171035,0.9541108814128234
1749296599214905344,7.020661521105316,-9.401181250503596,0.2947827538338941,0.30346669557533607,-0.00756856806345275,-0.03672781244563759,0.9521038542338821
1749296599367120128,7.010668576980297,-9.401364055396378,0.29468726253814737,0.30920143792915733,-0.004991656397105729,-0.04164011855187098,0.950071394515139
1749296599418504704,7.000488149448943,-9.401809797035032,0.296024296349215,0.3144877566057435,-0.0020606368810493106,-0.04444775164214273,0.9482181194718278
1749296599566010112,6.990297800459967,-9.402886816663177,0.2986346080992428,0.31886404573747973,0.001049185245155121,-0.04401880193295815,0.9467771462295839
1749296599615371008,6.980237748104109,-9.40485815938681,0.3003673017133792,0.32239625494506513,0.004227004243731304,-0.04142697504935597,0.9456884227750597
1749296599761388544,6.9700998477646925,-9.407876832870969,0.30025149875514634,0.3250968932127635,0.008175059443970597,-0.036636751848819156,0.9449354088192824
1749296599812473088,6.960440863055751,-9.410376529541455,0.29960018624782014,0.32580285412048504,0.011310081553430815,-0.032789567365866974,0.9448012630041093
1749296599960041472,6.9519660078919365,-9.411201294713969,0.29951617279133513,0.3242469750551498,0.012647470036446918,-0.03223948026010172,0.945338329161481
1749296600012626944,6.9435589284309245,-9.412014977606182,0.2999776494701831,0.3215812684263566,0.01347077671349706,-0.03138041851937914,0.9462659749275462
1749296600162025984,6.934754027596205,-9.413303711514548,0.3003248633046347,0.31837369601906124,0.014436483734360997,-0.02881278954742844,0.9474173318971135
1749296600214689792,6.925875409932079,-9.414745675826797,0.299589969606612,0.3146806780684055,0.015130594557641245,-0.026104716297557496,0.9487179136844444
1749296600362209024,6.917099312849579,-9.415751079521439,0.29848517933390495,0.31052090874922855,0.015040972167020559,-0.024611867746645012,0.9501288282921668
1749296600414789632,6.908194087558252,-9.41659062098493,0.29662895275762136,0.3062119012113311,0.014525784521000017,-0.023494033303493714,0.951562558920708
1749296600563919872,6.8988811923225875,-9.4173836861415,0.29428515495540575,0.30185083259127377,0.014027021859483048,-0.0213811490688755,0.9530121531156899
1749296600613065472,6.889564212790402,-9.417838139079848,0.29182038825650913,0.2976834466262621,0.01358253807109832,-0.018397740257905016,0.9543906974702024
1749296600760256512,6.879948368815225,-9.417586123607876,0.28962896922649195,0.2931098648226082,0.012480714066004322,-0.015989327386036218,0.955863578304884
1749296600815361536,6.869868347635178,-9.416629659696493,0.288373419631196,0.2882568355810322,0.01055255558606128,-0.014259148190009943,0.9573888013781591
1749296600962287360,6.860408699218981,-9.415645941398282,0.2873060589039871,0.2840304837776776,0.008572006877001184,-0.012209084108756619,0.9586991933074444
1749296601010130688,6.850203411751316,-9.414432087665833,0.2853027267831503,0.2797469320679427,0.006148894747252135,-0.010218449941431465,0.9599997022774306
1749296601158677760,6.839919955299749,-9.41293327730038,0.2826608053009849,0.27564035371684775,0.0033132050265839677,-0.00852754472414027,0.9612173006434501
1749296601207919360,6.829662277672256,-9.411038872921267,0.28039903100004127,0.27175126625658,-0.00017012639050594457,-0.007357194745879004,0.962339385056243
1749296601361627136,6.819690505444005,-9.408893669382337,0.27723833730041036,0.2679358559226981,-0.004399752916816514,-0.007676401286670362,0.9633961242129472
1749296601411172352,6.809611296003441,-9.406481460540666,0.27411912692435525,0.2648847851023435,-0.009163375872556064,-0.008959211299480643,0.9641949054505499
1749296601569763584,6.799383083070328,-9.403486492724467,0.27174144226700436,0.26289454124152806,-0.014358368994572502,-0.011493220097984673,0.9646492644049449
1749296601622143488,6.788981409172974,-9.400306839920788,0.2698450436482829,0.2616345871846624,-0.0196489004694009,-0.01465035605108666,0.9648557563525396
1749296601783463680,6.777980722002079,-9.398205230269578,0.2696195394649048,0.2609553192265706,-0.024040427660270168,-0.015362926566877847,0.9649291993159761
1749296601836325376,6.76668460769967,-9.397004060719446,0.2701976072100072,0.2609726945316839,-0.027366983231104033,-0.014473571122248953,0.9648496342315056
1749296601999529728,6.755683706842079,-9.395485169935498,0.27150302761763623,0.2620246210100006,-0.030088426085336836,-0.014885859422200382,0.9644771618807442
1749296602050059520,6.745061653807198,-9.39379020277332,0.2725067309349103,0.263735725914034,-0.03253663323159961,-0.01706527471207065,0.9638950206187142
1749296602211589120,6.734719679806025,-9.392001013471381,0.27295082288964867,0.2659658017141616,-0.034615075721027004,-0.020348177166589564,0.9631458563153183
1749296602262141952,6.724550837224242,-9.390456753150964,0.2732006399279858,0.2686579753401469,-0.03604339023214145,-0.023617343956140673,0.9622712649617903
1749296602430936832,6.714536471227047,-9.389231600684507,0.2732701997145375,0.27173076686970954,-0.03686457748180433,-0.026654423551138104,0.9612975267671524
1749296602483035136,6.704348445371436,-9.388617308774451,0.27290145546147926,0.275379446604543,-0.0369127922900324,-0.02884795973749325,0.9601934187298478
1749296602652769280,6.6937095370446,-9.388525142240422,0.27231882153026943,0.27924341704134853,-0.036283536737468765,-0.030850017677434984,0.9590385265515635
1749296602703942144,6.68424873667391,-9.388811771401345,0.2718099552937474,0.28267581487395677,-0.035178188450733124,-0.03271256327084305,0.9580118824664547
1749296602873547264,6.67370840268109,-9.38947347992641,0.27100030248378504,0.2867307801360013,-0.0335147978564253,-0.03493229949898236,0.9567873078688682
1749296602926912768,6.66430897416893,-9.38997971395566,0.27058003078607484,0.2906632021147771,-0.031752003101290144,-0.03780862827855808,0.9555507421707828
1749296603094650112,6.65480157049715,-9.39091795658807,0.269911991422362,0.2948613910883558,-0.029474580731609835,-0.03989307799594301,0.9542518281167426
1749296603149866752,6.645435100100929,-9.391938784822234,0.2693212053877301,0.2992713812473477,-0.02671674226407306,-0.04162317815542953,0.9528852853777002
1749296603317972736,6.636035557977371,-9.393241815693855,0.26866894355145554,0.3036956670982813,-0.0233724440680106,-0.04236007360411465,0.9515399596487115
1749296603374705408,6.626734570602325,-9.394776757469295,0.26731851526355355,0.30812295161414965,-0.01963519113793151,-0.04271513893754793,0.9501842573222876
1749296603541329664,6.617833390413575,-9.395947466986051,0.26590994490256215,0.3120859112283026,-0.015983935106577054,-0.043536974469943424,0.9489211925577974
1749296603599417088,6.609220711057903,-9.396818011633425,0.2643530814249764,0.3156878428141924,-0.01225665987676427,-0.04442231038987411,0.9477434349694082
1749296603767234304,6.601181954197582,-9.396801156111474,0.2638995970290341,0.31834447520192466,-0.008959473935257612,-0.04625611932507052,0.9468035141253963
1749296603824159488,6.593629376215487,-9.395628552262398,0.264920151702579,0.3197576103705896,-0.006467673547454814,-0.04933160372429709,0.9461921753443974
1749296603987087104,6.5861383974316965,-9.394026171308141,0.2662125547431473,0.32054780230887664,-0.004339754199061043,-0.05245822117648335,0.945768686307302
1749296604043918592,6.578741462086043,-9.391775969023788,0.2675959571069835,0.3208167558599455,-0.002832954449295884,-0.05654536465509424,0.9454476216399356
1749296604204734976,6.570928781583895,-9.389270819202281,0.2690110281794982,0.3209587794926998,-0.0012958467118493549,-0.06006168196863968,0.9451858954760984
1749296604259940352,6.562779260601008,-9.387046847938175,0.27027368627263115,0.3206560635635679,0.00044842773420884286,-0.06228120295604238,0.9451457768888526
1749296604416246016,6.554702875670248,-9.38500342845842,0.2710080923991285,0.3196091642943169,0.0019266027179595622,-0.06440783836202872,0.9453559650515704
1749296604471171840,6.546828781898091,-9.382820881768684,0.27059175227717036,0.31798252317503456,0.002942995059631414,-0.06754534469288537,0.9456828644665383
1749296604628092672,6.5385723024511195,-9.380796472871147,0.27023570008701636,0.31601372296530694,0.004083772874587324,-0.06983501934130545,0.9461721406648551
1749296604683655168,6.529641385497638,-9.379594598307818,0.27110964165513485,0.3135444774690365,0.005761651979166448,-0.06888032225010748,0.9470544679277223
1749296604838992128,6.5206574249155915,-9.378629414315263,0.2724038543495215,0.3103587045684256,0.007267410523138167,-0.06677710260486285,0.948243364232303
1749296604892067328,6.511906348726812,-9.377734395364913,0.272991690866522,0.3067804088033297,0.008196911745952964,-0.06521039944816659,0.9495083966011578
1749296605046024448,6.502788939214666,-9.377545886457597,0.2737152793052977,0.30303240529162906,0.009204646780382878,-0.061905171620098884,0.9509229125157855
1749296605099717120,6.4937825293883185,-9.377489039477013,0.2743800973134447,0.2986506188559888,0.009745952408824025,-0.058514638415672005,0.9525171186701387
1749296605255162880,6.48489767881294,-9.377333412938626,0.2746104994218834,0.2937718412433976,0.009796412333165503,-0.05544309629738174,0.9542160125835355
1749296605308596480,6.4763803532838375,-9.376723100999483,0.2739073310970732,0.2882323949879204,0.009002060114400448,-0.053982837791738604,0.9559952419427488
1749296605462723584,6.467586930150065,-9.376196544293691,0.27267707943968533,0.2824668676398202,0.007953581819697589,-0.052294164191922156,0.9578175868157015
1749296605517072128,6.458897834469347,-9.375556444782312,0.27017924314855035,0.2763569395150743,0.006362941312802956,-0.05150278792139801,0.9596529673772883
1749296605678362112,6.449855555483315,-9.375113180791848,0.2670651709393592,0.27038606646612,0.00461911232077455,-0.050202524247555544,0.9614310923937921
1749296605733780992,6.440504441743774,-9.374666165884454,0.2644346550491239,0.2649863802103365,0.0028481217657022194,-0.04814875502631726,0.9630450684650466
1749296605893327360,6.430936646418546,-9.373729656308807,0.26297508044658224,0.26049542034695394,0.0010997557925731052,-0.045826362249819605,0.964386266512754
1749296605944042752,6.420972507794656,-9.371840912744375,0.26252803352572496,0.2569402910330632,-0.0009281479809536682,-0.04495152566256917,0.9653808500927381
1749296606101126400,6.410988507356215,-9.369625463325235,0.26242185098189763,0.2553232930909809,-0.0022588942928031455,-0.04408148998490175,0.9658476772465013
1749296606152287232,6.4011945998513955,-9.367011408789864,0.26248429159672515,0.2555409846761483,-0.002845052835140713,-0.04344206446445535,0.9658175282423569
1749296606313891840,6.391418732534476,-9.364344604770794,0.2620262923996308,0.256566372426403,-0.003010228743048909,-0.04308956526624691,0.9655609377082508
1749296606372798464,6.381626034287736,-9.361566819963116,0.2618285264460667,0.25795249189527236,-0.0028285392811792007,-0.043072411284913986,0.9651928712317852
1749296606538284288,6.372260115361409,-9.359095730123673,0.26189686149012115,0.25931052352395617,-0.002164807789353071,-0.042945556700084875,0.9648362789389123
1749296606595561984,6.362906706091325,-9.356956140777518,0.2616645238295381,0.2605834666445797,-0.0010591586008278813,-0.0426879645627286,0.9645065436667822
1749296606759180544,6.353604635089374,-9.355057019606134,0.2608944874353254,0.2620441177049643,0.0004972205057423245,-0.04248159645182928,0.9641202970122033
1749296606816771584,6.3444474828280315,-9.353255658150193,0.25973343934633464,0.26364233688562777,0.002400395664030264,-0.04240704265304142,0.9636849065101956
1749296606981686784,6.3355742876564705,-9.351102315852248,0.25901375850781116,0.26506921321993593,0.004416253270814439,-0.043224286045576044,0.9632499519885077
1749296607039175680,6.326862960568823,-9.348841043938734,0.25849370555797035,0.2662674197147787,0.006659568170096285,-0.04431912257507584,0.9628567529619333
1749296607203532800,6.318248517592384,-9.34670856695131,0.25790895319917784,0.2671304045635166,0.009038854264838584,-0.04547591696498829,0.9625443299129159
1749296607261999104,6.309581238133443,-9.344959928003679,0.2579970340959492,0.2677556500758635,0.01166662706170179,-0.045621348786049815,0.9623354374647108
1749296607421895424,6.300970061336458,-9.343587361131078,0.25837326633043123,0.2677065340040659,0.014223547614969391,-0.04504194963449849,0.9623420000799601
1749296607478205184,6.2925622849729965,-9.342087916563795,0.25878338408265167,0.26698826921514374,0.016457059313307928,-0.04493907920575731,0.9625107316079125
1749296607637220352,6.284218332865558,-9.340478282779914,0.2592131297093587,0.26588773478542577,0.01845705804353438,-0.04500602849955767,0.9627759380550337
1749296607693513472,6.275756568139174,-9.339218323902301,0.25965255325430237,0.264604633921464,0.02049405749128226,-0.04414862267124017,0.9631278629709892
1749296607850671616,6.267405699531235,-9.33806719226415,0.2602224127816064,0.26308690674526,0.02226571246107824,-0.04329471410844284,0.9635429856929475
1749296607906263040,6.25916505703638,-9.337000275958172,0.26122153016833316,0.2613052240495156,0.023612040460605818,-0.04266459644800275,0.9640237464085873
1749296608060326400,6.250901976794562,-9.336385226611705,0.2624292604968783,0.2592489301659441,0.024684979335149543,-0.041358306565402646,0.9646087986749234
1749296608114821632,6.242815844845359,-9.336013541467704,0.26360197539438257,0.2569061258348933,0.025209916155572103,-0.04037357084514584,0.9652635274437479
1749296608270299136,6.23485659633264,-9.336000736776816,0.26445084303644917,0.2543718795371926,0.025234096009289723,-0.039637967538794984,0.9659642948001254
1749296608323734528,6.226937789176861,-9.336262676910732,0.2642855705800202,0.2517150714130143,0.024841198626651562,-0.039238447593474675,0.9666864961841488
1749296608477061888,6.218709898954917,-9.33715802001708,0.26358258571153037,0.2490447522568464,0.024420346225684602,-0.037530848383228226,0.967456352236719
1749296608529908224,6.210443179507478,-9.338416130464136,0.2618980981192216,0.24615551554731108,0.023757549194067668,-0.03546835182628545,0.9682897484950751
1749296608683605248,6.202452220035596,-9.338757772095436,0.2608250413735722,0.2428053051191753,0.02203217774293285,-0.03577131712589985,0.9691648878395082
1749296608737264640,6.194139421007279,-9.338396576624085,0.26137052072324307,0.23959512781064518,0.01944220444347489,-0.03780202727358342,0.9699418447256443
1749296608890850048,6.185347131116741,-9.338457233874825,0.26177749917007587,0.23673806543308745,0.016930298603282767,-0.03882537557329388,0.9706498048090235
1749296608946368768,6.176292853294356,-9.338985786307067,0.2614803026505519,0.2341954127179029,0.014703161373990848,-0.038698144338329306,0.9713077675650861
1749296609106837248,6.1672462211656764,-9.339333313765696,0.26143342531146896,0.23212907431467272,0.012610390401049271,-0.03856345992087098,0.9718384281714104
1749296609162519296,6.158359838931822,-9.339130384790924,0.2621184985953722,0.23049408917092845,0.010416689369011137,-0.03941937620358895,0.9722191523620451
1749296609326110208,6.149292939568673,-9.338937697137947,0.2633157077648649,0.2297148275768075,0.00872144628999865,-0.03968171570369541,0.9724095823287527
1749296609381974784,6.140337055749684,-9.338702829527499,0.26482673727152983,0.2297347391043463,0.0072829164854337014,-0.04005579718733785,0.9724013790034499
1749296609543587840,6.131381095350962,-9.338516960865267,0.26568038510557557,0.2307695012659444,0.006251781364030498,-0.04030570789096061,0.9721531784789125
1749296609597142272,6.122564450191381,-9.33806181492179,0.26593709284053935,0.23304043679939704,0.005428506753272994,-0.04124682499918073,0.9715767522734696
1749296609756688640,6.1139736556561965,-9.337072584816507,0.26594496385722577,0.236048478226091,0.004536022200805876,-0.04364820357137062,0.9707499032988531
1749296609810587904,6.105280679778804,-9.335976769716098,0.26610205651399044,0.2396765706991997,0.004091816946373829,-0.04600288736462934,0.969753645440978
1749296609977143552,6.096481936584574,-9.335479419097112,0.26637239689058445,0.24320419928447673,0.004306580838135213,-0.04682928831409029,0.9688344484832675
1749296610031976448,6.087743149323691,-9.335582326869702,0.266188104705237,0.24626423837840608,0.004901211178092871,-0.046667239026824764,0.9680661505426706
1749296610190919424,6.079255684005388,-9.335689889268558,0.2661462956109095,0.24855569490273094,0.005458235471825243,-0.046668894977054995,0.9674772805800536
1749296610245255936,6.070777503729004,-9.335950019202897,0.2666909809498734,0.2507525270760453,0.006388488492502833,-0.04592814296062005,0.9669399997228096
1749296610403503872,6.062479940620032,-9.336197102477477,0.2672817215910057,0.25264316031928985,0.007342706796014014,-0.045146813703964124,0.9664777718153525
1749296610457526272,6.054280466436385,-9.336450943100662,0.2673640896585532,0.2542483404426329,0.008285556162539065,-0.04454857759551799,0.9660768888527769
1749296610613396224,6.046052773391598,-9.33689385690303,0.2673606617916966,0.2554781823744425,0.009446226082500633,-0.04327104169969064,0.9657998157453092
1749296610670294272,6.037914100865917,-9.337345730816429,0.26689417902820356,0.2560347489744462,0.010464552363789506,-0.04191007423316676,0.9657019447734316
1749296610830659072,6.02984625465566,-9.337584954840882,0.26667668573983194,0.2557806684276203,0.01111872144482026,-0.041194575884300845,0.9657927472340352
1749296610884299776,6.021631701045919,-9.337934460224098,0.2666940206852795,0.2550434089942975,0.011650328515901321,-0.04024368259531096,0.966021519110836
1749296611044340736,6.013235442031439,-9.338578406120105,0.26584736787665886,0.2541705246579742,0.012234357844124183,-0.038800000174693615,0.9663033813816838
1749296611099708672,6.0045793512974885,-9.339484165593817,0.26497837992657747,0.2534462325888845,0.013130889814847285,-0.03605611524936138,0.96658809400504
1749296611260402688,5.995831547718929,-9.340595114227167,0.26389450405598147,0.2531430536859372,0.014323544320210912,-0.03236542251403722,0.9667812109645872
1749296611315641600,5.9875127179643135,-9.340538227922913,0.26362654084672155,0.2521484838342442,0.014633575126636992,-0.031216923986727516,0.9670741978958551
1749296611474572288,5.979173430454595,-9.339846775613859,0.26383478688811035,0.25088862923489896,0.014559743746961245,-0.03146675003370175,0.9673948279916389
1749296611530543360,5.9705521518820355,-9.339379273947483,0.2638404177636482,0.2496610375153509,0.014672057993395816,-0.03133301292152201,0.9677150093711767
1749296611688914176,5.961727380169409,-9.338943630226858,0.2639700915147789,0.24872780296359298,0.01500657173310466,-0.03088762267194007,0.9679644815815295
1749296611744418304,5.952809019985013,-9.338501593368822,0.2640390885603381,0.24818244805858397,0.015568634343673763,-0.030362766156616344,0.9681121797248704
1749296611904540160,5.943830956635587,-9.33808634840647,0.26415802075166006,0.2477187716513793,0.01640673619858499,-0.029728383154386296,0.9682367749749375
1749296611960796160,5.934819294055508,-9.337893523982462,0.26375947658943666,0.2472089249805098,0.017495806913350283,-0.028834049467801555,0.9683750522094834
1749296612122780416,5.925873052803372,-9.33770586209935,0.2626713781460963,0.24688356116468163,0.01872296658992041,-0.028232722032095522,0.9684528234020365
1749296612180157952,5.917083206857009,-9.336886260614381,0.2619986301856798,0.24668210398145157,0.019674499728181184,-0.02909745900806063,0.9684597005115928
1749296612338974208,5.908212225178855,-9.335649890066247,0.2619099764796182,0.24666251890136826,0.020606086139842186,-0.030501223574608542,0.968402120166866
1749296612393028096,5.89912885138867,-9.334873096504136,0.26159017968384335,0.24669911324072635,0.022048484058387434,-0.030693737157791275,0.9683549485474089
1749296612549934592,5.890080565936082,-9.334299252842666,0.2610418563115706,0.246528078368606,0.02367218528745345,-0.03060690556374069,0.9683629234700237
1749296612606966272,5.881092672893773,-9.333816397138083,0.2608359727346472,0.24606459833761163,0.025436158203993094,-0.029920821088556784,0.968457515725991
1749296612765154560,5.872202792502231,-9.333578518387014,0.2611427485769995,0.24505368365524594,0.027343518932803543,-0.028193657822334846,0.9687136531287063
1749296612820389888,5.863503398073836,-9.333384680029067,0.2614201946054089,0.2434166430822684,0.028994938153547457,-0.026540823496219373,0.9691249744590086
1749296612977008640,5.85501789341787,-9.33285053628917,0.26191085929712,0.24129502650857815,0.03017486038065767,-0.025849458203877396,0.9696380734551415
1749296613033188096,5.846519989005834,-9.332322447388318,0.262482372211827,0.23920610303079215,0.031203308615596306,-0.025102389404982533,0.970142599750378
1749296613191140352,5.837999692942209,-9.332143500604914,0.26303944907128773,0.23693538904701575,0.03215860315401248,-0.023670711988519184,0.9707044571105455
1749296613246605056,5.829503014087905,-9.332278283953364,0.263314040601613,0.23438855807317693,0.03308971993206638,-0.021421617964643237,0.9713434966905228
1749296613401884416,5.821169214453813,-9.332366428032955,0.2636857863810045,0.2311814670867127,0.0335610862763688,-0.019431952229714822,0.9721374295829408
1749296613457170688,5.812937941316347,-9.332461468328361,0.2640491734549135,0.2274271942551337,0.033568527561505274,-0.01769141407911177,0.9730555169868116
1749296613612722688,5.804767573584401,-9.332470605418708,0.2638579077715142,0.22322980857864086,0.033060811056396494,-0.01663858247777771,0.9740629306709946
1749296613668794368,5.796487344728151,-9.332359408427948,0.263371141040746,0.2187479041744084,0.032089267075433005,-0.016058417126325854,0.9751214081319629
1749296613821317888,5.787971181993343,-9.332429802663196,0.2621110231323027,0.2141979298511848,0.030949873679833276,-0.015262363607015843,0.9761805224566797
1749296613876574720,5.779094306761638,-9.332946880051875,0.2603763748426746,0.2100098632177288,0.030048865900695474,-0.013002461785917564,0.9771508885514351
1749296614033302272,5.770159504540312,-9.333151169769032,0.2595159781081984,0.206216812133131,0.029040782150000402,-0.010508606768506585,0.978018828320575
1749296614088492032,5.761311396640684,-9.332865734397942,0.26039762814517564,0.20338595328221756,0.02801208345159484,-0.008231666495180739,0.9786632295406303
1749296614248663296,5.75260759858817,-9.332160366308809,0.2613425644808216,0.20126465081472086,0.02694924496611535,-0.006818035939563327,0.9791423762222284
1749296614306356992,5.743851734461655,-9.330945831659479,0.26242245272928644,0.19988088936199738,0.02608956449579435,-0.006088892245051935,0.9794538733822563
1749296614466750208,5.735003632629903,-9.32997146037754,0.2628314154792566,0.19882081117460712,0.025598109943099676,-0.004916598528255842,0.979689159310301
1749296614523558144,5.726228777210915,-9.328831054475973,0.26345926960112465,0.1982323294807735,0.025436842196571538,-0.00397623575995396,0.9798168707247666
1749296614682447104,5.717519977106127,-9.327561234484799,0.26412334129214177,0.19832105958769053,0.0256369735948794,-0.0031426198085414167,0.9797967273111552
1749296614739577088,5.708856604496121,-9.326175635251037,0.26447656162817124,0.19900105504210927,0.026154937331990907,-0.0024618279854614006,0.9796470990863276
1749296614900627200,5.7002363609737605,-9.324337474977723,0.26492813903111934,0.20015006116570952,0.0267824354019245,-0.002768684911606843,0.9793952157087377
1749296614957069568,5.691559250303684,-9.322248702453365,0.26551805093795666,0.20153852708626907,0.027624931218051613,-0.003697163693206668,0.9790839679290642
1749296615112855040,5.682912720492175,-9.32040927685749,0.2656649203322812,0.20291732159292464,0.02861644914625086,-0.004886953594416327,0.9787654351888299
1749296615169404160,5.6742231573708715,-9.318992666677913,0.2655613310450833,0.20392681120007844,0.029905565860071637,-0.005845262311604606,0.9785118015194632
1749296615324292608,5.66550378541352,-9.317821265381873,0.2656828195130605,0.20448243708436017,0.031459022740171885,-0.006479235748603194,0.9783431311745323
1749296615380696832,5.656805958423744,-9.316468409982267,0.266084255770501,0.20449123807523562,0.033024170441520305,-0.007617630380229808,0.9782815082707517
1749296615537938176,5.648038284278298,-9.315159415325034,0.2665399160564377,0.2041802648254796,0.03470894447430304,-0.008553314910309587,0.9782804042979303
1749296615593905920,5.639174804039786,-9.31405615645615,0.2670893053169192,0.2036595830149507,0.03656934917681399,-0.009020981740197442,0.9783169623569878
1749296615749584896,5.630309516735148,-9.313088420748155,0.26737315873440126,0.2030719239224721,0.03853511249832886,-0.009232812038808037,0.9783616887434948
1749296615804933120,5.621478555922467,-9.311939895564066,0.2676399068969024,0.202354711280281,0.040418426105877904,-0.009682193328239712,0.9784299549718173
1749296615956676352,5.612702552848795,-9.310603236310175,0.26836506709478725,0.20112124174314486,0.042032016409525044,-0.010419265221194006,0.9786087035319557
1749296616012148224,5.603852069496146,-9.309650419514195,0.26864903665260487,0.1996385615068768,0.043540990134032335,-0.01056125154011094,0.9788447716075923
1749296616163294208,5.594970757743605,-9.30885582753553,0.26864236041386347,0.19804046293643307,0.04491537317364333,-0.010434231089161949,0.9791086309057713
1749296616218217728,5.585975114815079,-9.308429425313461,0.2684977848101302,0.1962810741866568,0.046248874079979005,-0.009277911982002004,0.9794124268722143
1749296616368403456,5.5770069052286475,-9.308040548516491,0.2685298447139224,0.19411836889607578,0.047369612953092735,-0.007670399740888023,0.9798037270768141
1749296616421697024,5.567960867843076,-9.307905073494942,0.2684754500451505,0.19154458724333914,0.048383357387883734,-0.0050729427000866505,0.9802775051372019
1749296616570729728,5.558891139745954,-9.307910635863553,0.267991312592351,0.1885962478921442,0.049150306844928285,-0.0019204129900048169,0.9808221116145385
1749296616624786688,5.549951977950212,-9.307911287262002,0.2670736691107942,0.18565708958925056,0.04940873675512688,0.0008247084388960208,0.9813712557811659
1749296616775581952,5.541478951465369,-9.307139230269996,0.26705646306435815,0.1828959129482814,0.04853137347654956,0.0007028190200159654,0.981933448284923
1749296616829388800,5.533037666353739,-9.306352344529444,0.2676002105762141,0.18043259547833626,0.04694082030458949,-0.0005735089390597532,0.9824664416485583
1749296616979338496,5.524348166322694,-9.306167561712783,0.26850522791191755,0.17831087093454487,0.04507235153841074,-0.0010008493166813817,0.9829408500688164
1749296617032637952,5.515687447524649,-9.306292737871784,0.2688849387388679,0.17627590373693638,0.042770521480934055,-0.0018084291722873615,0.9834094863473221
1749296617184323840,5.506938813918595,-9.306749868293446,0.26838942047840275,0.17422136471345132,0.04016848594055424,-0.0026371527000262213,0.9838833539806752
1749296617238964480,5.498108845777106,-9.307411479464962,0.26739896474718616,0.17212293883714602,0.03720806509796667,-0.0036952587363752423,0.9843655819260447
1749296617393533952,5.489184279331515,-9.308296650541408,0.2664505532003272,0.17005248173546578,0.03386634565510402,-0.00466113070108265,0.9848418644372128
1749296617448273408,5.480425049245892,-9.308932687319311,0.26620395607243585,0.16793449448359912,0.029752072088148,-0.007260766552395392,0.9853223335731669
1749296617602198528,5.471378751878627,-9.31006915713265,0.2663178317830459,0.16600057062323703,0.025539083367243427,-0.009558826028561852,0.98574854532912
1749296617657682688,5.461823507752451,-9.311928384661682,0.26654253058997535,0.1645583465460488,0.02180717760605758,-0.010012872633072009,0.9860754230628215
1749296617812267776,5.452210604233561,-9.314765351629038,0.26642210635571706,0.16413423631863755,0.01910023504088929,-0.007340488581516374,0.9862257605218315
1749296617863726848,5.441261485952102,-9.319163206173698,0.2652063709987238,0.164932260966122,0.017098794270763322,-0.0011037542172416378,0.9861560537023119
1749296618020058112,5.430738704959929,-9.322776356491133,0.2641870838703997,0.16695803006379956,0.0148208590387133,0.0030292222639235846,0.9858479508256056
1749296618070575872,5.420580572685794,-9.325029031770345,0.2643700174779453,0.1704545174172852,0.01224650700371217,0.0038654112612316518,0.9852818577209416
1749296618226871552,5.410046906251558,-9.327116136770348,0.26481970733915006,0.1757216998501473,0.010280165770888005,0.004205262802320695,0.9843772235064469
1749296618278054912,5.399879599049631,-9.328721669375359,0.265028394247258,0.18234308136610344,0.008445140007015864,0.0020469089341773037,0.9831965675550294
1749296618438220032,5.389658329266729,-9.330416866872941,0.2651852352704722,0.1900755268916869,0.006982399347441103,-0.0009269642626405925,0.9817442034020146
1749296618491412224,5.379646670198184,-9.332334631424397,0.2648392522407028,0.19824741740878019,0.005614451694557527,-0.004269340568493614,0.9801266306728068
1749296618651097088,5.369535084142625,-9.334791548290037,0.26540580767187105,0.20711608860755965,0.0051103077904677335,-0.006402127873742456,0.9782820775997485
1749296618703321344,5.3591581672923985,-9.338031266969743,0.2669645157294922,0.21686333722254436,0.005764763947781282,-0.006459218799115553,0.9761635820690262
1749296618858884352,5.348689015590389,-9.34200750468383,0.2684161776278966,0.22723214267624187,0.007279008686059628,-0.00490512392518899,0.9738010623975468
1749296618909928960,5.338750084915011,-9.345839792866684,0.26947638259035234,0.23769504720053486,0.008794735640732371,-0.0043114153545544065,0.9712904451599356
1749296619064909056,5.329202278863618,-9.349498275071785,0.2703504139888615,0.24817009964577838,0.010384577620321115,-0.004462303263159419,0.9686505303973355
1749296619116156416,5.319800066670851,-9.353398432101852,0.27111021185224127,0.2585984653137332,0.012522756544317844,-0.003996635791775766,0.9658954608073596
1749296619272197120,5.311346804648754,-9.356212218931258,0.2716795717733862,0.26847528662486564,0.01396692440266714,-0.006380589987338768,0.9631641778875706
1749296619323605760,5.303611603626109,-9.358280631684813,0.2725494186038202,0.27768643562982387,0.015101942764456283,-0.010388091019830346,0.9604968830542377
1749296619483615488,5.296318353458493,-9.360237625817433,0.2739227943867344,0.28596477441458307,0.01661711095062708,-0.015154463089638711,0.9579761801141697
1749296619536878080,5.289355903441346,-9.362147784849025,0.27584830459616017,0.29340043317633685,0.018078149340475462,-0.020816995909365497,0.9555919730772494
1749296619690451200,5.282297379452881,-9.364740932871774,0.277612750704495,0.3002954864452132,0.020095085773782113,-0.02538116437531738,0.9532967034681965
1749296619743701760,5.2747037409816775,-9.368331381273794,0.2787669645275317,0.30715563889756897,0.022734237242463012,-0.02869258398631029,0.9509549429781717
1749296619899677696,5.26795639150857,-9.372061358695213,0.2790432049952263,0.3128583626143252,0.025399423608199318,-0.030505873343986738,0.948969918339973
1749296619957436160,5.261241471908881,-9.376170008501632,0.2790726312174683,0.31784537829968373,0.028231644135693665,-0.031238764038051373,0.9472071734231648
1749296620114744320,5.254665459737662,-9.38016644642825,0.27958036589434077,0.3217252915992336,0.03081463041004137,-0.031623930370744936,0.9458029511087324
1749296620178475008,5.248778588027878,-9.383250762130578,0.2807315538018358,0.3241982387208535,0.03245981562272649,-0.03326610160730672,0.9448466694992832
1749296620338071552,5.242666658381612,-9.386421617287006,0.2821871170523531,0.32604786710057093,0.033990150763533775,-0.03433640810828095,0.9441178258503873
1749296620397797632,5.236382173225149,-9.390067284328328,0.2824965118017073,0.327662362821155,0.03577428836877869,-0.033827442633087484,0.9435111448239869
1749296620555067136,5.2301473073034455,-9.393045546836003,0.2828421144465496,0.3282152661102131,0.036775626209479544,-0.03463178259708886,0.9432512560517747
1749296620614894080,5.223982394660433,-9.394943964890073,0.28369636489861483,0.32793193252663905,0.03698772185581679,-0.03668804248026131,0.9432637720172589
1749296620770223104,5.217399949925563,-9.395966792601964,0.28501310037185057,0.3271882862699169,0.03687469939855477,-0.03899536725368078,0.9434338573555497
1749296620830872320,5.210350537428716,-9.396856609413362,0.285778739435822,0.32638447573575863,0.0368014579055741,-0.04057047724006725,0.9436486968523994
1749296620987133696,5.2030416578292495,-9.397482775247454,0.2859080498550388,0.3254884863640523,0.03656675065240151,-0.04194035814554125,0.9439073706406719
1749296621044017408,5.195636192596589,-9.397669027807522,0.28585317057199955,0.3245218917018393,0.03611831117590627,-0.04319039334853667,0.9442010375584527
1749296621190567936,5.187730109380433,-9.397246179411782,0.28583414309343214,0.3234004766861378,0.03531031336302052,-0.0446639235171363,0.944547747541351
1749296621244345856,5.179547129806822,-9.396395926849184,0.28586263897497055,0.3223052490133317,0.03445550380732651,-0.04542515854070181,0.9449172978030352
1749296621397647360,5.1709993669833345,-9.395817487990254,0.2848663528180486,0.3216943180772986,0.03386358582124074,-0.04499419601715318,0.9451674696036039
1749296621452721152,5.162644359453172,-9.395357978662297,0.28294891606791195,0.3216616429862898,0.03289471122085736,-0.044483429952353735,0.9452369807962081
1749296621607625984,5.155154049638471,-9.393913685724549,0.2812293635692189,0.3213215734368314,0.030575968222216247,-0.04607857271288429,0.9453540721592604
1749296621663248384,5.147203069761984,-9.392342486434034,0.28003397851312606,0.32071087384915326,0.028466248573768338,-0.046718463086461104,0.9455958932302359
1749296621824563712,5.139059497447805,-9.391152353252084,0.2795801662676798,0.31984477160114216,0.026411222274974607,-0.046190729704982024,0.9459747279429173
1749296621878665216,5.131062564073606,-9.389919138279346,0.2798997084199977,0.31872109211888555,0.02409401364729969,-0.045707262952336736,0.9464392162512681
1749296622034676480,5.122918353490055,-9.388710563071946,0.2808577772384093,0.31761257073078997,0.02184995430667041,-0.04462275496044718,0.9469179711835208
1749296622091604224,5.114822186451537,-9.387655107935663,0.2817158832069513,0.31655330475350185,0.019649681672813314,-0.04333103771806044,0.947380766339527
1749296622251910912,5.106793075722216,-9.386871643817102,0.2820921458436185,0.3156393420296964,0.01759039046180529,-0.041893970353651465,0.9477907359615143
1749296622307681024,5.09888540475128,-9.385955350923709,0.28212603157482663,0.3149127281932134,0.015632081142162788,-0.0409852470026078,0.9481064397994602
1749296622465370624,5.090957155289317,-9.384714203833727,0.28259385678075866,0.31476549094373685,0.01395850677475316,-0.040090305048590014,0.9482197072623403
1749296622522122496,5.083095372551419,-9.383216957231827,0.28341284714421544,0.3152999214523824,0.012467905909803768,-0.03944221484900855,0.9480900919966154
1749296622681375744,5.075226883145887,-9.381942222884806,0.28365009506985084,0.3164936017904592,0.011333437101962756,-0.038548563020540265,0.9477432993792198
1749296622736772096,5.067567380510137,-9.380545907492284,0.2834539332857582,0.317730118972701,0.010121060115122035,-0.038425097862848645,0.9473482187105066
1749296622897942784,5.059857455059175,-9.379371334687121,0.2825531410821167,0.3189917936505412,0.009218339874642541,-0.03814344530311202,0.9469447372333691
1749296622956683520,5.0520884246226005,-9.378212408822066,0.281462350746017,0.32060336817937957,0.008749462046947449,-0.03763198000615618,0.9464252539459957
1749296623120228352,5.044327984466514,-9.376854047477295,0.28065146630764914,0.3225915215826467,0.008642825432436331,-0.037324142978515135,0.945762612986185
1749296623178259456,5.036795023210717,-9.375283540585592,0.2799713683850893,0.32451412413153485,0.008427414443137616,-0.03814098945297214,0.9450739795637666
1749296623344813568,5.029166155380383,-9.373560878666332,0.2803760412958667,0.3262973474710021,0.008639252539922739,-0.038944600716592795,0.9444250750715829
1749296623403124992,5.021663741941956,-9.371634656080163,0.28178357962549505,0.32806575676107785,0.009092537062918906,-0.0400741366939838,0.9437606945506751
1749296623567616512,5.014049817870159,-9.370005803998287,0.28298953905162216,0.32992641727598127,0.01019444901193743,-0.040559311246006056,0.9430798347245198
1749296623625365248,5.006478825338435,-9.36858130706245,0.2839130353620547,0.3318087291092669,0.011727999008121767,-0.04081470811225044,0.9423903548571954
1749296623793045504,4.999469382088345,-9.366689415970878,0.2848131965446381,0.3329441521130575,0.012749089202036061,-0.04279237712238174,0.9418887751525927
1749296623851032832,4.991890157148644,-9.364902894653735,0.28562097458422553,0.33372051668769237,0.01419846772365328,-0.04445068932308217,0.9415164132795044
1749296624015918848,4.984569668220337,-9.36347025781744,0.2863505279982639,0.3342509951537681,0.01597531122765912,-0.045417412855527375,0.9412535897830115
1749296624074883840,4.977217651329077,-9.362272958728887,0.28696131005377534,0.3348442128852332,0.018230218973072025,-0.04547787171283875,0.9409988179577766
1749296624242451456,4.9702443996685295,-9.360949542784866,0.28717680412652147,0.33516560411798074,0.020357778216715642,-0.0458114410498366,0.940824580116424
1749296624305255936,4.963249656281583,-9.359126002010603,0.2881132756453191,0.3348104215538378,0.02254134729111705,-0.04641805909484801,0.9408715284623665
1749296624465593088,4.956209271866028,-9.356994099402518,0.289236696841185,0.3338163403047577,0.02479620763596975,-0.046963943740891356,0.9411408964765661
1749296624527839488,4.949099782377284,-9.355022074528033,0.29010567797490294,0.3322867926042027,0.027131047774095543,-0.047105631378279146,0.9416105634496382
1749296624683917568,4.941893104066534,-9.353169076888317,0.2913191334529581,0.3307673759612237,0.029613642310530854,-0.04667440744823114,0.9420920734610746
1749296624745159936,4.934589247929868,-9.351306441731694,0.2922209763111696,0.32908372863888335,0.03201091540146361,-0.04632575084374132,0.942620350750531
1749296624905067776,4.927499509428796,-9.349757589733871,0.29287756438336654,0.32699158424670954,0.0342291543139547,-0.04551006934836181,0.9433099715441824
1749296624961810176,4.920023071449272,-9.348432881369119,0.2933758152950636,0.32426978102135556,0.03654763358780117,-0.04369970395197488,0.9442476981544641
1749296625112359424,4.912374539706667,-9.347712284129134,0.2933589530053857,0.32095467992397086,0.038985979957345256,-0.04049138844934711,0.945425107696591
1749296625169439744,4.904875841061623,-9.347008864939323,0.29297251575218963,0.31673868381358466,0.04086359344068914,-0.03768979827700875,0.946882385522611
1749296625326837504,4.897603445723403,-9.346265452739072,0.29249143054793647,0.31196097289158725,0.042047132289453636,-0.0356626859879177,0.9484938391401893
1749296625380422656,4.88984964817596,-9.345445281902236,0.2926340010708772,0.30654537386165837,0.04278183146189147,-0.033546503187402925,0.9503022049772799
1749296625527878400,4.88196216558339,-9.34485249837783,0.29240772548541205,0.3011464971168426,0.04328598394789626,-0.03109822720132201,0.9520871867286381
1749296625580842496,4.873964125900631,-9.34447725622113,0.29124330347128113,0.29562196692999815,0.0434710122659123,-0.02869389684803388,0.9538839468429534
1749296625732046592,4.865833821869912,-9.344222354186153,0.28926719699473313,0.2899730502894205,0.04331037159579305,-0.02641537735303797,0.955689316492227
1749296625784649984,4.857421272674349,-9.344034352361785,0.28716913378529396,0.2845231972984088,0.04290219494974668,-0.023758509864466346,0.9574139570095083
1749296625941055744,4.8488231386212455,-9.343794407468902,0.28557586079417874,0.2794339187338856,0.04221913822716393,-0.020710361159089762,0.9590126747697549
1749296625997728768,4.8407733617203315,-9.342761216678657,0.2856312989116887,0.2749704644549117,0.040340870151391775,-0.02019208551243119,0.9603937408977307
1749296626158926848,4.832829054052327,-9.341604283876867,0.2863186526415107,0.2713434042018911,0.03780450365860942,-0.021186837790499544,0.9615064713269975
1749296626216540416,4.824553843257068,-9.340818244031137,0.2869741687600551,0.26839418595872555,0.03524503071112963,-0.0216483685517607,0.9624207483698446
1749296626372049408,4.81619813215553,-9.340106631051256,0.28773354783441807,0.26600091578590634,0.032496836281768054,-0.022347056800879495,0.9631656542283229
1749296626429436672,4.80784884239479,-9.339471080480596,0.288434737049601,0.2643199705249059,0.029637384730638684,-0.023339728842917934,0.9636969625694479
1749296626588100864,4.7990315369611585,-9.339607382240509,0.2883166807377693,0.26378178743464864,0.027698175340192612,-0.022555519572855395,0.9639207582770507
1749296626645855488,4.790184868748348,-9.34000505410664,0.288589972549973,0.2651141739452672,0.02629369880471013,-0.02125288098053221,0.9636241130370874
1749296626807063552,4.781274847517754,-9.340476283538148,0.2891616387941909,0.26844543956404754,0.02536280409077222,-0.020054847744621837,0.962752085029089
1749296626864825088,4.772313497289935,-9.341166707454823,0.2896095221889192,0.2731813407299414,0.024850390039681227,-0.01838218002855607,0.9614658125223512
1749296627027400960,4.763598109305845,-9.341512949800443,0.2896258258128319,0.279029924020204,0.024316734442356474,-0.01763206089170252,0.959812538132343
1749296627082032896,4.754649532428385,-9.34169856821452,0.2896356671911562,0.28648679354743695,0.02418213669861079,-0.017106207241702264,0.957626189627979
1749296627236554752,4.746659954670973,-9.341725126452545,0.2895487135113006,0.2941342260401448,0.023825849269708887,-0.01789369430620918,0.9552995350582028
1749296627289325312,4.738076564109004,-9.341653617245331,0.2898698956287009,0.30310044941615993,0.02376164280728572,-0.018555212587300102,0.9524816040116791
1749296627443414528,4.729781768657101,-9.341517827196316,0.289554181120681,0.3122017665918942,0.023631195556802202,-0.019339064636258015,0.949524946545614
1749296627494986752,4.722139927910548,-9.341141684607159,0.28941001770677355,0.3206666832823448,0.02309017083501658,-0.020389010865315964,0.9466910850321999
1749296627656067840,4.715190043704033,-9.340181182047456,0.2903117901074892,0.32788161243324204,0.021897550842860637,-0.021891180383597046,0.9442112696407909
1749296627710676736,4.708903811528136,-9.33863519206698,0.2919881589162707,0.33340536976789453,0.02027549219561884,-0.024259354861737893,0.9422532820467387
1749296627871185664,4.703186386237948,-9.337082287757458,0.2934595152388102,0.33796193044501854,0.018278242487145453,-0.026731359393657898,0.9406025057623569
1749296627934215424,4.697639522824693,-9.335949529063125,0.2948115984093884,0.3420700224297615,0.016544422380898104,-0.02780794436541156,0.9391171918739188
1749296628104583680,4.691890952220065,-9.335009049621396,0.29550734091812947,0.3459946534643999,0.014967380273964792,-0.02792840022290875,0.9377012753338739
1749296628168582912,4.685828240506335,-9.334674056064841,0.2951308077711441,0.34973101670438117,0.013995509385227858,-0.02615056009197931,0.9363805262172231
1749296628336354816,4.67963179959201,-9.334831426105694,0.2938245629943035,0.35318302402783713,0.013467883660793623,-0.022698166372366543,0.93518188652881
1749296628399073792,4.673553708740455,-9.334759226759374,0.29257218599773216,0.356413227321194,0.012852830842689476,-0.019794008281597643,0.9340303064494042
1749296628567945472,4.668019842780697,-9.333046942411968,0.29318028395559637,0.3586954613160991,0.01097914906007856,-0.021165609773840556,0.9331500636446683
1749296628631366144,4.662030738502432,-9.331104966351894,0.29431881552285066,0.3607435775914492,0.009311909179307588,-0.022997229507328056,0.932334965025417
1749296628799281920,4.655688377294169,-9.3291425124789,0.29503464578091343,0.36260475081530696,0.007930291723189757,-0.02469193836915075,0.9315821023071066
1749296628862172416,4.648917424725879,-9.327451505854103,0.2949500873676483,0.3645277156978998,0.0071708943187600545,-0.02518101064196896,0.9308243870171158
1749296629032834560,4.642038202990645,-9.325571420134104,0.29441828311400986,0.3665753704539907,0.006651353892500616,-0.026044176293524363,0.92999997749952
1749296629091911936,4.635160845240603,-9.323356562671524,0.2943937806302803,0.3687011750082829,0.006693933689526367,-0.02699507646340136,0.9291317993944705
1749296629254964736,4.627448157461843,-9.321011569197147,0.29445872353484104,0.37099156977543696,0.007443915891347819,-0.027127855514258576,0.9282100639009238
1749296629313964800,4.619889032751683,-9.319087406270043,0.29432451752380784,0.3731706019793991,0.008904576177995338,-0.025807821259025816,0.9273609689345812
1749296629482325248,4.612730232347276,-9.316883357042581,0.29408650419000226,0.3749588946976908,0.010215065051032488,-0.024951636266682762,0.9266492840231975
1749296629546366208,4.60604405667977,-9.31383798148762,0.2943501062613971,0.3761323244787779,0.011088953754382467,-0.025560634074916693,0.9261469449134477
1749296629711254784,4.599335499256884,-9.310413079000252,0.2951920728210249,0.3769644580416594,0.012162821284137915,-0.025928858692797766,0.9257848332299775
1749296629773507584,4.592634035951859,-9.307382557614726,0.2959956949791036,0.3771742744597494,0.013364793007991862,-0.02506804598596632,0.9257065096800717
1749296629944694272,4.586058490219967,-9.304636184442922,0.2963795346612237,0.37693003391750723,0.014467922384199628,-0.023753988872345966,0.9258240528121336
1749296630008465408,4.579604136108449,-9.302027008164101,0.2969734216695552,0.37648894884170103,0.015383191310958185,-0.022204535288833968,0.926027206640155
1749296630179070720,4.5733925436855065,-9.299326778262323,0.29781996940122246,0.37556798268464614,0.015730859503030617,-0.021417131650891482,0.9264138043624618
1749296630242876928,4.5671668998795685,-9.296968989460284,0.298412567888505,0.37451286981845844,0.015950314082616535,-0.020443100090538308,0.9268590925700069
1749296630408377088,4.560897722371637,-9.294791678993136,0.2987196918504824,0.3734442458785849,0.016060957244270885,-0.019095633808296417,0.9273169887595246
1749296630470824704,4.554708380690555,-9.29241221031696,0.2991049969188291,0.37211679378010115,0.015625734384397082,-0.018135692231212783,0.9278771604469314
1749296630640939520,4.548397550758067,-9.28996215608902,0.2993817826808325,0.3705219305578203,0.014762386207337564,-0.017327005663815596,0.9285447462583036
1749296630704197120,4.542073551110526,-9.287527454470755,0.29889208565605196,0.3687899835487127,0.013426621864208685,-0.017049619575192965,0.9292593740887399
1749296630874222848,4.535448925595341,-9.285021102980394,0.2978632092681224,0.3672350453887653,0.012017656472547291,-0.016658158329061264,0.9299013405368892
1749296630935997952,4.52855233291969,-9.282125699719781,0.296896511431489,0.3659695630038115,0.010626487014771669,-0.016138405274434282,0.9304261972901032
1749296631101282560,4.52135323810238,-9.278765368801213,0.2966777900390505,0.36527915157641877,0.009475964499816192,-0.014953131058621985,0.930729687606425
1749296631161137664,4.514151416261251,-9.275315113183789,0.2965727458311407,0.3648153303516618,0.008445037517569249,-0.013744243619877076,0.9309401440742859
1749296631331008768,4.506973311888241,-9.271793768131129,0.2965684210907833,0.36503217760107365,0.007890636340648608,-0.012475438340136301,0.9308778709434333
1749296631391099136,4.500014393365718,-9.26799992396349,0.29654595384058746,0.36556416632548955,0.007404135971687575,-0.011963262608629273,0.9306798049904271
1749296631556636160,4.493064246145379,-9.264017809380498,0.29704187798999326,0.3660947277568141,0.007160807849792843,-0.011801620455753323,0.9304751984304691
1749296631615616512,4.485999230143995,-9.26025455355514,0.2973363338741728,0.3669421335658527,0.007716984788262816,-0.01092600315253785,0.9301475910924183
1749296631780021760,4.47916750561788,-9.256476788055991,0.2972794478505296,0.3679748658525875,0.008534850256269995,-0.010444617145061716,0.9297379009186225
1749296631840193536,4.472588076632291,-9.2526084727434,0.29720007750881594,0.36919910214564566,0.009502038181970695,-0.010699415281280277,0.9292401502076179
1749296632007769856,4.4659790860141975,-9.248850903740891,0.29763879446624486,0.3707063820974273,0.011171872358158027,-0.010447267191110257,0.9286241554840617
1749296632074649344,4.459630998954363,-9.245427868169648,0.2980345516261411,0.37208839715473896,0.013225773610648162,-0.009799253751883435,0.9280513338394183
1749296632246159104,4.453391817683916,-9.24191221586091,0.2985372934159951,0.37332959200930244,0.015264747635282789,-0.009772683260881472,0.9275216967120938
1749296632313190656,4.447328471134549,-9.238735016419032,0.29937033338614283,0.3744069246718943,0.01756174642269501,-0.009322222975158998,0.9270513124844388
1749296632483710720,4.441380713868553,-9.235878881758177,0.30027540288248833,0.37531566806191624,0.02010106003409757,-0.008434028604342603,0.9266406875667852
1749296632550247680,4.435899197151046,-9.232833519799701,0.30117254734401433,0.37565058874394697,0.0218903058407651,-0.009054751607738649,0.9264585587924838
1749296632721956608,4.430478282956949,-9.230118761302485,0.30235226682096794,0.37573124897374677,0.023556069632494635,-0.009553795703772893,0.9263799787969016
1749296632787901440,4.425082546005056,-9.227864285697816,0.30380404466039357,0.37577987886160935,0.025311707829068057,-0.009564273163276743,0.9263138370813578
1749296632954716928,4.419854458547859,-9.225553366281066,0.3057618638863788,0.3757346225652085,0.02661055724827307,-0.010200069933659465,0.9262890100946167
1749296633019049728,4.414690390545345,-9.223503384236386,0.307386383268736,0.37567858549217215,0.027656315067405714,-0.010964873911628497,0.9262723682479118
1749296633183764992,4.40966377939314,-9.221460400235006,0.30824317076587304,0.3752408045033751,0.02812326570729346,-0.012698341171495623,0.9264136077870991
1749296633247604224,4.404244157965162,-9.219841378043597,0.30843995313631156,0.37483253806714534,0.02889039553628861,-0.013283117676707491,0.926547069628244
1749296633410511360,4.398701088739428,-9.217974579742002,0.30863178423656423,0.3741988775625564,0.02944133174253711,-0.013891397182914723,0.9267769079451944
1749296633474976256,4.392970783846167,-9.215847629390197,0.308894974886186,0.3734088731452959,0.02975345443730303,-0.014544453057268803,0.9270755116443711
1749296633636630272,4.387153471607629,-9.213449073815802,0.3094898354563558,0.3726434742754804,0.029912946354550416,-0.015344528171811343,0.9273654091971911
1749296633700312320,4.381080459330285,-9.211070240002062,0.31017712762031113,0.3723159094928523,0.030473133498359,-0.015177628200500967,0.9274814775916062
1749296633863554048,4.374902964203747,-9.208599873038597,0.3105567218447529,0.37238205111031675,0.031357619113817604,-0.01429270993231304,0.9274395000091257
1749296633927385344,4.3688512698352415,-9.205468116049616,0.31098718510440726,0.3725191273086246,0.03202727496280261,-0.013960052710854983,0.9273666321234488
1749296634089277952,4.362769003809786,-9.201711579166385,0.31193329478620324,0.3729789176380134,0.032716719211704506,-0.013808783152968697,0.9271599974057514
1749296634152523776,4.356800721425876,-9.197821155181641,0.3124694068482019,0.37371625728574553,0.03336186508666642,-0.014019531585018464,0.926836877628642
1749296634313500672,4.350925736680275,-9.1937121901382,0.3128302301749115,0.37448704706147323,0.03383367784002441,-0.01500389235357199,0.9264931824040787
1749296634376787712,4.345044288230228,-9.189564430871116,0.312969781354028,0.3752438465874258,0.03433371539443985,-0.01642969474188972,0.9261443282319307
1749296634537559552,4.339026321554751,-9.185317357911075,0.31323314687007064,0.3759441160582561,0.03478260304395853,-0.018287942004327422,0.9258086969260495
1749296634595640576,4.332724565089617,-9.181150871342684,0.31339511130027065,0.3767176036725078,0.035546152048154776,-0.019569524886889966,0.9254390049341524
1749296634749691904,4.326282589339668,-9.177129454695514,0.3134085759386016,0.3776381099417061,0.036617113608794265,-0.02006225892446993,0.9250114327279765
1749296634812478720,4.320024378932497,-9.173337952266444,0.31289435358504836,0.3785033193601834,0.03773626295367424,-0.020520771192008142,0.9246026766353749
1749296634975729408,4.314001034472138,-9.1695789429262,0.312493649215146,0.3792493949053625,0.038701873614859945,-0.021285999507470267,0.9242396700356373
1749296635040249856,4.307903905050438,-9.165861017662058,0.3130141050996822,0.3799042074258774,0.03980405132996879,-0.02157778923278707,0.9239171119151668
1749296635200132864,4.301777802393975,-9.162476312351458,0.3136205521238309,0.38042535413410916,0.04112858463248563,-0.02122994509730239,0.9236526830412132
1749296635262908160,4.29559315609661,-9.15942500394217,0.31459561318850326,0.380795558226817,0.042770018348233345,-0.019838945403781755,0.923456487664949
1749296635420646400,4.289705529920822,-9.156389976454179,0.3156576071585051,0.3807804135664114,0.043941022105162,-0.019085338942834956,0.9234236368308876
1749296635482434816,4.284104725358261,-9.153370735096358,0.3173649321915746,0.3805056451169269,0.04442819191861711,-0.019339071840132793,0.9235083053754071
1749296635639372288,4.278556259829196,-9.150750915785592,0.3188461712458741,0.37993355614438606,0.04449991536309574,-0.01972151155751345,0.9237322731343994
1749296635703196416,4.2730962576190645,-9.148221987414459,0.3204941896570759,0.37904676034721446,0.04390900332721359,-0.02095029405912175,0.9240977427068676
1749296635859592192,4.267232945416922,-9.14625446755838,0.3221502334000994,0.3781943090478651,0.04358644703250918,-0.021016717005209188,0.9244606989186794
1749296635923039232,4.261199835561492,-9.14494101524577,0.32249589657103916,0.37735716576374195,0.04347839425317309,-0.020163584273653272,0.9248268100294027
1749296636078672896,4.255193650366176,-9.143479307450576,0.3226008731376462,0.3762740866238748,0.04301569366195106,-0.019637305126204308,0.9253009446020954
1749296636142351872,4.248980466502277,-9.142120600105326,0.3219345460689418,0.3751907475436244,0.04257090311384001,-0.01860211984261657,0.9257826863271363
1749296636302615552,4.24257357994748,-9.14078263910171,0.3212107029311406,0.3740699777699012,0.04226394752859545,-0.01689486823184842,0.9262828800630798
1749296636365619200,4.23610417371089,-9.139072220456928,0.3211111804745719,0.3727594972762778,0.041831734918839264,-0.015285030448735387,0.9268585819790404
1749296636524226816,4.229549237006079,-9.137167754988099,0.32095896433685134,0.3716154114528305,0.04146554513114659,-0.013602168294081675,0.9273605423757363
1749296636587548672,4.222958501007246,-9.134630291112003,0.32134194965668517,0.3709205780761732,0.041203760884037634,-0.012159077455489093,0.9276703787898373
1749296636744102656,4.216257298143125,-9.131864167536033,0.32143995386776725,0.3705218095879633,0.04114510753010247,-0.010444521517017405,0.9278532107592654
1749296636807645952,4.209706941412328,-9.128762753958664,0.32089998707563483,0.37042039373100827,0.04087001872169148,-0.00943318561050928,0.9279166926438447
1749296636965260288,4.2032444683160834,-9.125105699852284,0.3208507880197087,0.37033216084904785,0.04035523421918213,-0.009186413618599596,0.9279769154008184
1749296637023287040,4.196291875774464,-9.121368376625195,0.32038316511205567,0.3705707059183788,0.04015377573344897,-0.008341874526175247,0.9278983992544075
1749296637178395136,4.189500257298295,-9.117602913602765,0.3196634162965668,0.3712410212436715,0.04006844155489611,-0.007787801458028976,0.9276389245206176
1749296637235702528,4.182782350737807,-9.113355982858057,0.31966737170969717,0.37210768682966155,0.0398860575230241,-0.00805417359996332,0.9272972026837837
1749296637390539776,4.17578463669049,-9.109334511463672,0.3197144599429631,0.37348221950245003,0.04042646256762936,-0.007203802811928845,0.9267280280993119
1749296637448323072,4.16904301197396,-9.105307510756607,0.31945558394219287,0.37486761200023827,0.04083255447237634,-0.006722714312830171,0.9261542965838725
1749296637601712640,4.162435632284539,-9.10116067135207,0.31886534185240656,0.376180067205948,0.04120567875071935,-0.006683507785736566,0.9256057366931664
1749296637659578880,4.155917217567659,-9.09703114638932,0.3186969817077121,0.3771213755919271,0.04154643013680309,-0.0068961132162529025,0.9252058180951138
1749296637815669504,4.149169551422487,-9.093716121159279,0.31963157939972975,0.3774923238413822,0.04285949562518797,-0.00475244985227851,0.9250081206648887
1749296637879040768,4.1426968353634885,-9.091077486384549,0.3200799274660895,0.3772444233978436,0.04428427980724255,-0.0016300777463596425,0.9250529122291995
1749296638038348032,4.13644323408844,-9.088789476816295,0.3202113899511243,0.37645482273802605,0.046019885227315864,0.002467644293992254,0.9252879807565775
1749296638100364544,4.130971082477193,-9.085827751296577,0.3209832877986649,0.37502862571234297,0.0467462241829801,0.004559045265992985,0.9258226263854261
1749296638262281216,4.125794832429993,-9.082677711519494,0.32256567773291955,0.3731778733850124,0.04672848313600608,0.005349698966357716,0.9265668375247504
1749296638325997824,4.1205003284102535,-9.08002291183777,0.3244507697833985,0.370882130076803,0.04676399612139883,0.007036442637554309,0.9274751008687293
1749296638484809472,4.115383830547804,-9.07739517529974,0.3261343479027854,0.36815367563666346,0.04615351989417904,0.007838254662755801,0.9285856371280107
1749296638546170624,4.110445988232379,-9.074775820306861,0.3268378296751515,0.36522932462668134,0.04461052550495415,0.006911118734511733,0.9298223905051693
1749296638704702464,4.105466300031662,-9.07260225433276,0.3258682728804252,0.3624009075605124,0.042752265728579326,0.0055047256898711735,0.9310249856848466
1749296638769149952,4.10029323653244,-9.070553028120017,0.32457898042601485,0.359688641696332,0.04061697871541179,0.0035402910782907798,0.9321812100733208
1749296638928654592,4.09413141092015,-9.06843810215817,0.32493772760923667,0.3576812854259642,0.03943903587303964,0.0036176010077872828,0.9330035227523975
1749296638991095808,4.087546601905957,-9.066315654362032,0.32647423733749337,0.3563363471533316,0.03942825256987744,0.006225866360421504,0.9335047183516367
1749296639153417984,4.081195697247247,-9.0636575519061,0.32811025399461524,0.3554189404776123,0.03952183381773896,0.008709503032054988,0.933830576688507
1749296639216106240,4.074945667138525,-9.060790712596031,0.32916978546296294,0.35486720477403777,0.03984518492536864,0.011427292141716453,0.9339973475382208
1749296639378445568,4.06882456644755,-9.057752568363354,0.3294351871031149,0.35471517285689486,0.04029764912940273,0.014164183601777885,0.933998191391526
1749296639440902144,4.062793419069357,-9.054745404793373,0.32929841346444544,0.3543838166221606,0.04085208246291025,0.01699636658132012,0.9340526438042921
1749296639600269312,4.056882024307582,-9.051350272163493,0.3291655682078547,0.3539443207262197,0.041261038110905944,0.019006827232450153,0.9341625581654518
1749296639664705536,4.051026133285676,-9.047431400325799,0.32904842789711,0.3534400372278343,0.04122770263412588,0.019387340512525116,0.9343471237434996
1749296639820269312,4.045083223056039,-9.043485904429538,0.3292286334828627,0.35321029945782595,0.04139148996496555,0.019652083734116282,0.9344212243524334
1749296639877731328,4.0384743834833685,-9.039031942669858,0.32952844183599383,0.3530002984552664,0.04165283276540083,0.01967003522904565,0.9344885876923262
1749296640038005760,4.0323431246607715,-9.035288101250893,0.3294688824879186,0.35341484545111,0.04228631275278349,0.02035204872570573,0.9342888251933704
1749296640101051392,4.0260930692143075,-9.03204157187668,0.3296611378015313,0.354962287061206,0.043351258919105955,0.02251826269535197,0.9336034334553348
1749296640260520448,4.020399775835048,-9.02901214904622,0.3301103213092391,0.357415463369803,0.04431402277765111,0.02481492568640542,0.9325634956358675
1749296640323494144,4.015338439629975,-9.025895765082268,0.3307237418266382,0.36042868701626085,0.04473250153770327,0.02704838292724931,0.9313208630020776
1749296640485417216,4.010677633221515,-9.022503088078004,0.3309560444973152,0.36305487465675274,0.04467665763785723,0.028883381029928993,0.9302477651413946
1749296640553164800,4.005956456481526,-9.018634416461744,0.3311275970653207,0.3650284651534851,0.044618442876042205,0.030323903758506677,0.9294320174406803
1749296640717077504,4.00128756439322,-9.014568381263427,0.3313937902458477,0.36686260013064076,0.04411432045557229,0.030917166921018945,0.9287141046337707
1749296640782824960,3.996546173228947,-9.010614049527279,0.33189604680055096,0.36861770042474523,0.043279551107890016,0.030940137611229004,0.92805742240126
1749296640945208832,3.9918326045308774,-9.006763688881707,0.33278255916810595,0.37030959132708885,0.041994377923546336,0.03052822854141414,0.9274563634242325
1749296641007477504,3.987063443798796,-9.00301173351573,0.33374179741617205,0.3719158947779307,0.040331946910439544,0.02975598585151603,0.9269123381290967
1749296641168609280,3.982184102215634,-8.999569055392692,0.33422234044214383,0.37352026043908937,0.03856486451535396,0.02927624917978444,0.9263575268223334
1749296641234555648,3.977262138545239,-8.99629711254871,0.3343078781386364,0.37514010234763395,0.036671388646714535,0.028819196711285883,0.9257940196211274
1749296641402296576,3.972275158140779,-8.993066991873164,0.3341397989843329,0.3766397082316776,0.03462709612529272,0.027963117367389455,0.9252899861471451
1749296641466800896,3.9670445466651123,-8.989962906915693,0.3343102486738636,0.3780671959078578,0.03282122940856642,0.02780334449175791,0.9247783173893905
1749296641633389568,3.9615890034625103,-8.986982953717455,0.3347202449668618,0.3793062446540654,0.0313029259676639,0.02838309511920461,0.924305847381562
1749296641697855488,3.95581256806704,-8.984238008132523,0.3351684051953625,0.38056347496900766,0.030481293751079705,0.029986515153790187,0.9237657393298939
1749296641865337088,3.9500234888773322,-8.981257838459605,0.33608063057490245,0.3819045766434515,0.030087569237289002,0.03183783079162064,0.9231630327556782
1749296641929072384,3.9442399195855136,-8.978013536853917,0.33651094091138845,0.38349112599823704,0.030044455889895693,0.03350350148340946,0.9224475065494162
1749296642095732736,3.938676434174821,-8.974250702047366,0.3366655116351387,0.3850089310583336,0.02984083287671903,0.03380612731323737,0.9218106060653805
1749296642160694272,3.9328679044103256,-8.97035861080479,0.33702185979155797,0.3865094994661085,0.030213463620453237,0.034064702701807344,0.9211607620108182
1749296642327288832,3.9269577171802235,-8.966602075218232,0.33690430548865,0.3881655069556897,0.03113054271482019,0.03446640455351418,0.9204186522867008
1749296642391720448,3.921321449902878,-8.962400802231654,0.3370505389552081,0.38968497311563205,0.03184466964200744,0.03338180943980375,0.9197919294828504
1749296642559705344,3.9155390496757594,-8.95821401950444,0.33771651145679193,0.3911779366656915,0.033165498425373016,0.0323811019755924,0.9191470697418421
1749296642625295616,3.909988365025844,-8.953844911979711,0.33851558696748185,0.3924212911416027,0.03437142381809176,0.03038062237497545,0.9186409272765851
1749296642786771968,3.9043128180191724,-8.949656191310613,0.33899767857551755,0.3937174130885131,0.03598005494284891,0.02874602119073801,0.9180771757008777
1749296642849602048,3.8986156074010347,-8.945509951914133,0.3392763902336622,0.39509140951847244,0.03783528045718265,0.027063503266893402,0.9174632616450406
1749296643015341824,3.892837432323884,-8.941602658548645,0.33955969164360855,0.39654612526183564,0.04017265113423897,0.02580037408244756,0.9167724195992574
1749296643080193280,3.887343567583371,-8.93762858192299,0.34013274845305785,0.3977484882687669,0.042191741992980716,0.02398661957655959,0.9162099317671675
1749296643241836544,3.881937255778131,-8.933680949510824,0.34132802686950603,0.39882120763687107,0.0439942640012162,0.022419370311015853,0.9156983787846937
1749296643306913280,3.8765528804970026,-8.929955875035356,0.34224090421768727,0.39984265638663774,0.04587091464826538,0.021301101953770968,0.9151873974102591
1749296643465077760,3.8710156117476453,-8.926412373356877,0.3429644151756781,0.40095626334443724,0.04816859910455795,0.021134248743744418,0.9145858103399638
1749296643527921408,3.865722434896722,-8.922918351125663,0.34381977269992836,0.4019314735552263,0.05021167206169932,0.021225014871695178,0.914045610075443
1749296643681605888,3.86080695256748,-8.919288354543124,0.34485255029563566,0.402637232503106,0.051492720601838966,0.0205677071931132,0.913678678829751
1749296643742505728,3.856132293116754,-8.915714724348822,0.3455027599629874,0.4032105079558895,0.05213969673583766,0.019363871552759124,0.9134154469772979
1749296643898255104,3.8512820662308593,-8.91236725789276,0.3461904069251469,0.40385245890439886,0.05268202269444054,0.018931565855837735,0.9131097369626168
1749296643959431424,3.8462741968644236,-8.909345601790395,0.3470030906682742,0.4044936371446294,0.05337829917432799,0.01988714772103672,0.9127651154827766
1749296644109671936,3.8417242378963095,-8.90617735747923,0.34802849109274714,0.40480155397217477,0.053191591727445184,0.019893026954411197,0.9126393723425504
1749296644166349568,3.8372326583528706,-8.902989585616353,0.3489423725090828,0.40478883540679045,0.05256126172489905,0.01966233661218648,0.9126865316278366
1749296644316800768,3.8327244775948595,-8.899533388584864,0.3501654015295972,0.4045430439633205,0.05129826965082598,0.01884433982188962,0.9128846060529224
1749296644374959616,3.827963367407198,-8.896148070288298,0.3512170715931462,0.4042663643976177,0.049986064781423825,0.018677794814563838,0.9130833696466413
1749296644524173056,3.8230636491548378,-8.892973180151053,0.35160242518527207,0.4037583499908627,0.048633900227825266,0.01911993110014744,0.9133719761389725
1749296644582015488,3.818138998638432,-8.889842487477587,0.3514001135252287,0.40308638227237165,0.047056594601273136,0.01973672025685247,0.9137382049605925
1749296644732802560,3.813265701692739,-8.886474750200906,0.35117939128666054,0.40217577283348777,0.04488719863085338,0.019775466496957744,0.9142476240437755
1749296644790469120,3.808167432788652,-8.883037732833275,0.3505340523483098,0.4012190653728031,0.04239293740369831,0.019734415907619304,0.9147877640570221
1749296644944377088,3.8028057013700374,-8.879430985616903,0.3491991467054887,0.4000903523183737,0.039563540154697326,0.019474247045568507,0.9154142177037646
1749296645006598912,3.796680856529333,-8.875464192713341,0.3477776229965803,0.39886476530181364,0.036806059579595284,0.020145437567852,0.916049329634683
1749296645163182848,3.7905497568012203,-8.871490814703483,0.34570348329734735,0.3975953525074273,0.03410241879557479,0.021019904046370688,0.9166859464018565
1749296645219236864,3.784208594732167,-8.86706673306068,0.3437309187163433,0.39649258551536554,0.03121706570676767,0.021584087692561295,0.9172531011659103
1749296645375519744,3.7777614101277,-8.862047109614863,0.3433193441998865,0.39569418011562424,0.028443607001645575,0.021897102449332635,0.9176805511438515
1749296645433880832,3.7712713371529145,-8.856758219650457,0.3434443568619412,0.39515406770417366,0.025936840006816286,0.021921154848496355,0.9179869313216906
1749296645590978560,3.7645405622545485,-8.851592127572392,0.3435782329331065,0.3950699267483288,0.024141573270303144,0.022569704552086074,0.9180563957925115
1749296645648926720,3.7580432068746292,-8.846359720464818,0.3441149503938976,0.3949667531674023,0.022502562203691057,0.02288821353664613,0.9181345371282851
1749296645805933312,3.7514173091294394,-8.84136533518447,0.3451681291538278,0.3949980279754191,0.021541257409660085,0.02402782250762316,0.9181150232243687
1749296645861944576,3.744795685648932,-8.836483187444683,0.34564521678765736,0.39520013408046617,0.020970349097464445,0.02526010662054103,0.9180081837843447
1749296646016808960,3.7383003474056817,-8.831657239430584,0.3456468222813265,0.3953284597204546,0.02057090217963362,0.02644564169013647,0.9179285783513694
1749296646073749504,3.732094488031173,-8.826486353059913,0.3462713320866091,0.3952650090916047,0.02005656410499876,0.026656083588237307,0.9179611974543656
1749296646262695168,3.7258090178953416,-8.821673973912546,0.3471764699097575,0.39510669856808517,0.01998710146463448,0.027571638743632488,0.9180038220283515
1749296646317285888,3.719598208112806,-8.817008758675076,0.3481693139143607,0.3949021220732163,0.020162154826729034,0.028676448395451776,0.9180541720411911
1749296646477351936,3.7136629194838244,-8.812050316371732,0.34936276178732184,0.39459340881162663,0.02018733008488471,0.028693359605182746,0.9181858224461061
1749296646532669440,3.707781693986414,-8.807216275015683,0.35010876036637084,0.39416206488630634,0.020267827471165394,0.028357452176614072,0.9183797344672916
1749296646690790912,3.701693943064174,-8.802584099059484,0.3502495243369772,0.39362314702495094,0.020582028949344053,0.02823670694816946,0.9186075803035948
1749296646751861248,3.695816457278392,-8.798447118721334,0.35028376532801486,0.39293654141125683,0.021065683862870728,0.028314190415170824,0.9188881422721064
1749296646915523840,3.6897916452475705,-8.794442851598983,0.3508168427858007,0.39205670099398227,0.021834377666728196,0.028840945292803784,0.9192295703643567
1749296646974923776,3.683769761543367,-8.790531639837793,0.3516018861509891,0.39110301452361973,0.02280928680165339,0.02959284130028208,0.9195881862061482
1749296647140275968,3.6778446811171692,-8.78668410900092,0.35217714502167663,0.3901471212098238,0.02386844484139474,0.030223876586797517,0.9199467584793191
1749296647201246976,3.6720023740690353,-8.78275057104294,0.3522670921896398,0.38927179297391545,0.0248713437370553,0.030286543566482617,0.9202888746118698
1749296647362946048,3.665922505128263,-8.779010205664761,0.3518113532266498,0.3886093379456845,0.026194837372939987,0.03105885532668946,0.9205063609026382
1749296647424158464,3.6599223262395633,-8.775246737405094,0.35108072212266794,0.3879569238738947,0.027513266093308293,0.03178216443506112,0.9207183822597476
1749296647582892288,3.6539945145136556,-8.77130174921514,0.35084003907309613,0.38739207364369527,0.028698617986318543,0.03258803821827711,0.9208918450984337
1749296647643805696,3.648373757531913,-8.767109225162578,0.35103549448893734,0.3868815548391827,0.02930772715283649,0.032611488110781246,0.9210864294394702
1749296647799774464,3.642785854850707,-8.763169973044846,0.3511569483080881,0.38627105428537895,0.029724793714037804,0.033061764725683236,0.9213132089431605
1749296647859276544,3.6373753422779282,-8.759272896548604,0.35157616647765133,0.38575647451853307,0.029797252743847893,0.03350394804814399,0.9215104728439815
1749296648018954240,3.632386553768114,-8.7551153634194,0.35209272664674485,0.3852459230378934,0.02909329822879109,0.03250535510548341,0.9217822740052655
1749296648080099584,3.6275574758229103,-8.751140441623765,0.3525598073153531,0.3848291107700047,0.027993869164324985,0.03121922500829564,0.9220348468377209
1749296648238993920,3.623101304365495,-8.747146866085805,0.35280145455253376,0.38422726030782745,0.026159802818277723,0.028537844471539384,0.922426511211472
1749296648300649984,3.618390761703235,-8.743587382543149,0.3529843692419652,0.383601483774916,0.024441963850336958,0.02633440768450929,0.9227995399981122
1749296648463236608,3.6130284115876643,-8.740636526127668,0.35404761408908625,0.383178556922066,0.02350240777371635,0.026506096257961874,0.9229947221978708
1749296648523072512,3.607474518938489,-8.738018632416889,0.35528198857150883,0.38289734011798743,0.023010249329875564,0.027928892934185053,0.9230818665187926
1749296648685404160,3.602186952632167,-8.735398503559056,0.35649619186568815,0.3826513011602811,0.022319029966206508,0.029167733359005445,0.92316254579159
1749296648746867456,3.5971192942625514,-8.732586578980985,0.35721555205146993,0.3822874174380686,0.021357195209348524,0.02956448460540158,0.9233234221719594
1749296648908772352,3.591831835895153,-8.729600102238505,0.35754337810274306,0.38194315116644373,0.02057480061662544,0.029911010278213346,0.9234724892062406
1749296648970445568,3.5862725427237687,-8.726609852242277,0.3578438193426199,0.38162196221959543,0.020154402725084963,0.030911272920847194,0.923581599648279
1749296649132176896,3.580850574612633,-8.723338957555715,0.3578757712109968,0.38130090128961064,0.019556893046155648,0.03129732776068648,0.923714040103945
1749296649191546368,3.5755497445010214,-8.719980156353776,0.3576328609692019,0.38102424753206265,0.018724254467639465,0.03128035521981224,0.9238460177240465
1749296649359958272,3.570227655759851,-8.716231438590622,0.35741424680896783,0.38070772346724285,0.01768807540709603,0.030474669858805165,0.9240238393990595
1749296649421064960,3.564870586771424,-8.712416125839084,0.3573002965358594,0.38051470711103963,0.01644722398823401,0.029397103065795478,0.9241611638813976
1749296649582353408,3.5591791123433794,-8.708842383060933,0.357179041303179,0.3805419329708565,0.015502009723115672,0.029236472782106743,0.9241713875708388
1749296649643158528,3.5533574831471277,-8.705198255239383,0.35728816017583087,0.38065674982446585,0.01466296167688722,0.029603671472442323,0.9241261055739569
1749296649804981248,3.547522038848414,-8.701221009495171,0.3578105235868039,0.3807961050195647,0.013695483048039228,0.03022033666129224,0.9240635754092289
1749296649864709888,3.5418336635540415,-8.696969537552329,0.3581491697019241,0.38087832343577627,0.012379604334415236,0.03014802653036507,0.9240506180018495
1749296650031758336,3.536510829561277,-8.693015165691387,0.3574843953910811,0.3813374587936314,0.010848687971854686,0.029626165998109615,0.9238973637684854
1749296650091289088,3.53140832697599,-8.689764115495793,0.3566136394098054,0.3828397612082459,0.009327773754054428,0.029659107977789492,0.9232914205107553
1749296650254823424,3.526554284636137,-8.686877771118667,0.355983312306567,0.38559440760029584,0.007705387842903332,0.03004578139187875,0.9221468596954168
1749296650314767360,3.521737979078619,-8.684010072911828,0.35570867293166586,0.3891100879263524,0.005918611217373718,0.030474499554118132,0.9206680261593371
1749296650481792768,3.5167249922641473,-8.681227590546937,0.3557368110749728,0.39305853711640737,0.00416414212133156,0.031115895105847557,0.9189773922094413
1749296650543251712,3.5118395836083893,-8.678574785758093,0.35528463094561946,0.3970762273516141,0.002120759082091499,0.031019055916213456,0.9172588458135424
1749296650712236800,3.506629095967158,-8.676005876242336,0.355206223008671,0.40157223512725965,0.0002866786069116085,0.03146019899289113,0.9152867931253029
1749296650767072512,3.5010766477094504,-8.67317955537478,0.35549590760331107,0.40661135550563693,-0.0013961531403511175,0.0326233515430115,0.9130175098344929
1749296650929977088,3.49589040254412,-8.669845862503559,0.355406214089081,0.4111585934087863,-0.003550641051409853,0.032927383370518135,0.910962014267666
1749296650990215424,3.4910198057245037,-8.665756779342997,0.355321182195925,0.4150371278405501,-0.0061497273054267705,0.031661566387076984,0.909232593224557
1749296651161047808,3.4857267437124007,-8.66180598992705,0.3545797840004332,0.41894870256135125,-0.008333754323781738,0.03083403440787488,0.9074479574516465
1749296651222514176,3.4800718383691045,-8.658413099489625,0.35342462093280114,0.4234717596427028,-0.009965638918912043,0.031051752990239562,0.9053221213812706
1749296651388174848,3.474578995758898,-8.65519609329716,0.35267805246124606,0.42827587553595997,-0.011996335935700842,0.030380512317584825,0.9030575213292594
1749296651446010368,3.4691806990769276,-8.652311113378865,0.35234070032661746,0.43283712413007847,-0.0139507204728683,0.029764059511770493,0.9008726336916172
1749296651617673472,3.4635320827488583,-8.649067847225874,0.3524658356043582,0.43705538449613646,-0.015699904629224236,0.02935060005511891,0.8988184723034858
1749296651679656192,3.4578605144401613,-8.645121905477055,0.3534372843074931,0.44056929574080117,-0.017043412210287812,0.028008165995576085,0.8971197023743537
1749296651852790784,3.452223471796457,-8.64113629676797,0.3539486630450219,0.4436639300680891,-0.018331177398976654,0.025833634714713408,0.8956332443635239
1749296651914390272,3.446193517996397,-8.637057906204134,0.35457132444856665,0.4464754994755242,-0.018892312818113547,0.023845486131451522,0.8942785369646409
1749296652074125824,3.4398993513318956,-8.63291206772184,0.355289969551825,0.44913048111273723,-0.018650531450416924,0.02261998932151116,0.8929850528957094
1749296652136826880,3.4337300967884685,-8.628798360305245,0.3554764259768213,0.45148961618706157,-0.01813602241664402,0.02149230108494342,0.8918331077955319
1749296652305681920,3.427526251705512,-8.624988034906927,0.3552064067851646,0.4539117154544072,-0.01685700533226295,0.020990384995117926,0.8906398821534
1749296652368078080,3.421212132775575,-8.621626943606726,0.35518321072255876,0.4570554329447484,-0.014556207546012025,0.02204849483325213,0.8890457310583939
1749296652532898048,3.415410128105137,-8.618135956731386,0.35533841776394803,0.4610777081833313,-0.011961080555412543,0.023071183752463795,0.8869791429614418
1749296652593270784,3.4104121663999614,-8.614641986382225,0.3544859671245395,0.4655936310489608,-0.00981269389518171,0.022811798913491624,0.8846501588738308
1749296652757477376,3.405871177403087,-8.6110351943445,0.3540360289474167,0.4700875534930853,-0.007842781050709943,0.0223975321102694,0.8823007046305958
1749296652820718592,3.4016760825849897,-8.60624875469857,0.3541531251101726,0.47365436321496324,-0.00653588789836931,0.020687754007716393,0.8804435491335738
1749296652984542464,3.397360727255225,-8.600947902456957,0.3542623476646116,0.4760092465170034,-0.00513011301465468,0.01874374266470736,0.8792255406217967
1749296653045688064,3.3926416431849375,-8.595387324174894,0.354343456049393,0.477946586768395,-0.0032759164465369856,0.017408780991520104,0.8782102612200938
1749296653209909504,3.387923172130738,-8.589901378693721,0.35392056772098046,0.4802557458962831,-0.0011842450762468617,0.016540748830855472,0.8769717325691396
1749296653271304960,3.3839694271800353,-8.58490990683805,0.35348680010814126,0.4831776299556227,0.0001994506679572639,0.015931952720603382,0.8753773534952838
1749296653434936832,3.3801438780509625,-8.580230276468853,0.3530791977751244,0.4867354911389654,0.0018462658638114511,0.016690718210548343,0.8733879853156249
1749296653495338752,3.376561944396763,-8.575435808998803,0.3522052815735086,0.4906284450472935,0.0034127129961630566,0.018293326520371904,0.8711701535895842
1749296653659214336,3.373636275565703,-8.569803560942253,0.3507282831115801,0.49361034578674085,0.0038377014619888393,0.01820418782512787,0.8694841609399279
1749296653718251776,3.3705482883455833,-8.56329374591237,0.3496180161534457,0.49581356102413554,0.003774104958881734,0.01681521628210786,0.8682579785626569
1749296653877675264,3.366596902169574,-8.556210671703715,0.34913976313108863,0.4977034841888049,0.004122448798154161,0.016009039701479353,0.8671896896815985
1749296653931336448,3.3627390308429503,-8.549032505554784,0.34908428201665487,0.4991287055817792,0.003987094252195037,0.014816162639540753,0.8663920126988246
1749296654087310336,3.3586233170702515,-8.54190403196485,0.3488381205489861,0.5004724559197322,0.003741872255363,0.013962552936233252,0.8656317729688526
1749296654144633856,3.3544482105303937,-8.534993916978964,0.34794886416466353,0.5016641590593582,0.0032765581975843197,0.013183637472504737,0.864955795046567
1749296654304622848,3.3501553856791864,-8.528330880508289,0.3468207155439287,0.5026246667249444,0.0027000482912642935,0.012580982765269621,0.8644089732363509
1749296654361541376,3.3456983868840844,-8.521586340365046,0.3467739700394148,0.503188894236311,0.0020773909620076915,0.011921488090498528,0.8640917192553912
1749296654516109056,3.3412499822561625,-8.514987096534544,0.3466275548231046,0.5034056863937398,0.0011982141888971923,0.011084810546563923,0.8639782440341609
1749296654573981952,3.3367028071510045,-8.508609299058877,0.34649145097957357,0.5032813127812278,0.0003207712277636615,0.010261020732506307,0.8640616463913617
1749296654733291520,3.3318457217899624,-8.502474041811434,0.3465883436083379,0.5030345861615074,0.00017409281143592755,0.01001539447728503,0.8642082310939179
1749296654790195712,3.3269200289148975,-8.496464509674755,0.34711490182558125,0.502689338178854,0.0003878123655510186,0.010034574569005547,0.8644088073337144
1749296654952126720,3.322005543277575,-8.490606848841448,0.34751521160499266,0.5022057023851108,0.0008679041999018155,0.010105872769011046,0.8646887015393198
1749296655009235456,3.3171039025846722,-8.48484643687376,0.34793524141530385,0.501923098510466,0.0017720307100689526,0.010237770406335316,0.8648498431207136
1749296655169332224,3.3136853242514404,-8.477994637211655,0.3509989639950759,0.5016119968591966,0.0004434847080426788,0.004345226231913985,0.8650816880140487
1749296655224030720,3.3096024794415717,-8.472409247221236,0.35352348726918237,0.5014566960108874,0.0003190885769909907,-1.3656730703286687e-06,0.8651826860302164
1749296655385011968,3.304334864039241,-8.467439972452127,0.35461620709163855,0.5018226923783832,0.0018213188119214198,-0.001854844739655314,0.8649666049986482
1749296655442440192,3.3001241863471,-8.4628259666969,0.3561259429489083,0.5033142633397272,0.002474252347331497,-0.005694839840198061,0.8640811299833506
1749296655599836416,3.294612597033445,-8.459123808858608,0.35659966211980354,0.5055034135935316,0.005401191121113397,-0.005737070793640053,0.8627886253297897
1749296655658983424,3.2893915001529543,-8.455642307847576,0.3573423443052528,0.5087396171819675,0.00858885882729347,-0.005367928860921563,0.8608608591133264
1749296655807465216,3.2842777740922973,-8.452713256601921,0.35773806096427707,0.5124241015168799,0.012243250080905923,-0.0038761508471336407,0.8586364879660571
1749296655859101696,3.2793136140583283,-8.449248514572835,0.35919565978294665,0.5169888235205227,0.015902387783427098,-0.0029238224096032367,0.8558394251728348
1749296656004963840,3.274546041316623,-8.445760935989323,0.36052587333496167,0.5219046371822793,0.019878805199506144,-0.0014196991759378918,0.8527709934359421
1749296656058073600,3.270319983998185,-8.441868507558024,0.3618294354702476,0.5270237346167445,0.02357705304025661,-0.0004085529281590678,0.8495233597759757
1749296656202894336,3.266666885974168,-8.437502439739074,0.3628239761475833,0.532435223371395,0.026610719626740387,-0.0005488676553692471,0.8460521858955844
1749296656258567936,3.263575343002728,-8.433204835399394,0.3629241901502027,0.5378788007337215,0.0289887397519542,-0.001453573644897576,0.8425223651705073
1749296656398323200,3.2608429615245744,-8.42836694408494,0.3634737746297674,0.5438598473090027,0.0313605153168202,-0.0017370908112388356,0.8385880795000634
1749296656448898304,3.2593699147239437,-8.423194771682013,0.3634151139028843,0.5499172015935754,0.03236767747236368,-0.003511059510170423,0.8345843739896239
1749296656586627328,3.2588324033930944,-8.417334105915216,0.36276510230063463,0.5564023203229371,0.03208447454666703,-0.00684849985771712,0.8302651037361589
1749296656635516672,3.2584643264243853,-8.411252098948752,0.3615464569950806,0.5632494843340464,0.03141553087170852,-0.01003899468580208,0.8256284281704318
1749296656774005760,3.2585406041325715,-8.405146654068322,0.3594056706325679,0.5697493366737556,0.029901429266334052,-0.013643452671748553,0.8211610402879813
1749296656823508480,3.2586917750258033,-8.399139409891465,0.35728049070295587,0.5758969099005111,0.02826670612061372,-0.017179476762447826,0.8168528680676235
1749296656967510784,3.2581219578472744,-8.393037504362411,0.35741446071502336,0.5821199135318511,0.02760470239142276,-0.018067234909124763,0.8124333583121074
1749296657022189568,3.257509177994759,-8.388113074717026,0.3583515977053042,0.5873487057508083,0.027071366381665667,-0.017801461686752805,0.8086851964373374
1749296657165641472,3.2571029106870344,-8.383129712330131,0.35979030033274606,0.5920616475723051,0.025920999614448652,-0.017632561899985688,0.8052826832943807
1749296657224302592,3.2562435490159163,-8.37862887175046,0.3610433816312031,0.5962933757953056,0.025525502670687886,-0.015927618260927773,0.8022025739628249
1749296657371942400,3.255302464296821,-8.3746249010588,0.3619893189297696,0.5998970883682738,0.025421265089474843,-0.013458750947140325,0.799559944389075
1749296657425569792,3.2540057448274826,-8.370717820495384,0.3622282222644122,0.6036384357308093,0.025825326145652097,-0.009478327584224072,0.7967834415599632
1749296657574515712,3.253294511886784,-8.366824583452356,0.36268353241149853,0.6065408463464218,0.025228957343402882,-0.006512805825486119,0.7946252480163277
1749296657629719552,3.253453515214848,-8.362076853425043,0.36505103291436525,0.6076669963698372,0.022503256154873794,-0.007851775857343401,0.7938342236268069
1749296657784758016,3.252664343844974,-8.357971380106898,0.3659672950041286,0.6087703416281197,0.021173685035814488,-0.007191925946490496,0.7930312871615893
1749296657853126400,3.251177459678722,-8.354291639126025,0.36572575646487904,0.6101041977319412,0.021114924611866374,-0.004641426428091553,0.7920261896106798
1749296658012771840,3.249857725566388,-8.350541112351983,0.3644885256377566,0.6111971493129301,0.020825088877836413,-0.0020873858676409415,0.791201619794359
1749296658081171200,3.2485971779459297,-8.346702214863942,0.36227622835892115,0.6119261923272803,0.020332683218965197,0.0005610389675186403,0.7906532756981604
1749296658238262784,3.2477103702116317,-8.342022588302768,0.3599921520017295,0.6119748440391317,0.018658065423684575,0.001682007002279254,0.7906553216859861
1749296658313593600,3.24683463569703,-8.337808999303448,0.3585830308717872,0.6130478006810962,0.016595799197267464,0.0028518438191073923,0.789866343450527
1749296658471506432,3.246000009777549,-8.332983687207712,0.35804669638872966,0.614291046477327,0.014657793577751469,0.004939361149772834,0.7889279194049694
1749296658531622912,3.244670490505997,-8.326641930212087,0.3572742575642689,0.6139366066596749,0.012269593526357467,0.005909124350841518,0.7892378490210085
1749296658684022528,3.2427180247683376,-8.319399467060308,0.35654077648500504,0.6125403516618769,0.010062027222116746,0.006355263789915035,0.7903497224749849
1749296658739403008,3.240760820564506,-8.310431910550488,0.35403357941375946,0.609703936746397,0.007314240736724816,0.005486105158286097,0.7925765035935542
1749296658889785088,3.2374112794530907,-8.301663740660393,0.3517185134829899,0.6074562318374245,0.006937382357979534,0.007663924276308977,0.7942858826597535
1749296658944647168,3.234942393240562,-8.293123282212168,0.35046807554714565,0.6062451080512047,0.005874278401195522,0.009165140748967092,0.7952033463286609
1749296659099057920,3.232648814543203,-8.285922666493605,0.35000415176108346,0.6069386049066046,0.005223710582446603,0.011099611122635484,0.7946540387833574
1749296659158066432,3.2304308903949064,-8.280466993793395,0.35106231522992415,0.6100783442683276,0.0056943079058631805,0.014610713785569909,0.7921859098437467
1749296659312352256,3.228288812520675,-8.275480019916031,0.3523095793063691,0.6141793394690942,0.006686988320161997,0.01831831569554474,0.7889255113549007
1749296659373109248,3.2269190526952007,-8.27065667200872,0.35284577807305606,0.6180046372634606,0.006628982923873386,0.019930485738642888,0.7858938227550049
1749296659535306496,3.226165121094433,-8.265785713978051,0.35269758100281656,0.6215187340206482,0.005400083376722693,0.019566735280351508,0.7831362877758661
1749296659594177792,3.224797137609957,-8.259819931584378,0.3513867563443305,0.6227895838728631,0.004247609537088665,0.018648395881993112,0.7821555659609633
1749296659749610752,3.2225353326555446,-8.251679747614563,0.35031886683905755,0.6227482729430455,0.004028966382403699,0.017026463904413987,0.782226601122242
1749296659807436032,3.2199100556742515,-8.242549860048536,0.34979840045105215,0.6221807139189303,0.004767818736526705,0.015356092436882456,0.7827085137884321
1749296659965035776,3.2173498700411214,-8.233199381799352,0.34961621699738155,0.6217058310593341,0.005852043826529802,0.014082993870845825,0.7831023448397462
1749296660022560768,3.2147422939631376,-8.223938250972308,0.34946292779667143,0.6210229679080291,0.006798918237448281,0.0130594449008167,0.7836540684130888
1749296660177331712,3.2119788797610926,-8.21506539832848,0.3491585155140742,0.6202714953479269,0.007712621312087464,0.012565146726080957,0.784248624237936
1749296660231885568,3.209195245984673,-8.206647500195016,0.3483787106363163,0.6196176783190442,0.008884263325282568,0.012725613132198388,0.7847503178400719
1749296660386811136,3.2068131562897806,-8.198471227581333,0.34736063970978126,0.6191000230707909,0.009591189770592862,0.012415089226028716,0.7851554216026533
1749296660440795136,3.2047742356791113,-8.190383972406377,0.3466625185246044,0.6187475882293284,0.009705777965409442,0.011333841598271392,0.7854481293943609
1749296660595668736,3.2023372486691244,-8.182745531169836,0.3463806350009708,0.6185761616522334,0.01056484000603521,0.011476236446698604,0.7855699920365187
1749296660649935872,3.2002734275080336,-8.175404465754749,0.3462086646135365,0.6182922138907305,0.010939297150083602,0.011254645246199336,0.7857915773157301
1749296660802503680,3.1985269745812657,-8.168026221611616,0.3461363439695053,0.6178570781420036,0.010634893655431327,0.010112608976103743,0.7861534615877872
1749296660863246848,3.196678798759104,-8.16074132304203,0.3458553793599006,0.6171550414738309,0.010110829776718113,0.008841134185429941,0.7867269286423181
1749296661023406592,3.1946577769998257,-8.154125914602112,0.3460669363186897,0.6165872332574843,0.00994011479999399,0.008261663986887486,0.7871804893477808
1749296661083990016,3.19279415189066,-8.147716768609254,0.34655598292337864,0.6159653135941913,0.009358611667989855,0.007453257184910085,0.7876824219149448
1749296661246304000,3.190968043904744,-8.141543761861197,0.34696967739944906,0.6151860330909052,0.00855651709589389,0.00651594212707387,0.7883086154567003
1749296661314428928,3.1885711417539575,-8.135654146491367,0.3478255990642656,0.6143496935604892,0.008729593529966521,0.007039330164685121,0.7889541786756484
1749296661477963776,3.186315073111368,-8.13019355721216,0.34852249930996937,0.6135674880407488,0.008790111862466575,0.007708803263665677,0.7895557269154933
1749296661539495936,3.183913122770959,-8.125069520298492,0.3494291262915681,0.6128206923533416,0.00929398138144345,0.009108415291243066,0.7901148383017084
1749296661699387904,3.181786843052078,-8.12003746954687,0.3509652605467055,0.6120320055940233,0.009563362335974225,0.010416040091651374,0.7907065652555296
1749296661758209536,3.1798600624672853,-8.11499280060572,0.3519120583662807,0.611228871533981,0.009658557448448315,0.011294247780999876,0.7913143615772255
1749296661917753600,3.1779819810742893,-8.110047762795821,0.35231681164730766,0.6104360635979339,0.009749727103430526,0.012080816847406778,0.7919133847490941
1749296661981295360,3.176187971342909,-8.105239734338525,0.3523400126525664,0.6096959420200105,0.009707432906857077,0.012808442869093497,0.7924724397869999
1749296662154884608,3.1748507315841956,-8.100811364084164,0.3523275810738986,0.6089595848303118,0.008796848998373743,0.012844360367436816,0.7930484612542575
1749296662227283456,3.1736714118384612,-8.096196723629948,0.3522827544231011,0.6081434855138657,0.007136936353550258,0.012143359332472124,0.7937021506778562
1749296662400529408,3.1721757390545404,-8.091620808054074,0.3518211528116093,0.6074927871219976,0.005786765725108618,0.011709085148902888,0.7942178065632661
1749296662460603904,3.16986557192379,-8.086624443839868,0.3516928848578904,0.6072999351586765,0.005774224098402875,0.01272854780848184,0.7943496907301065
1749296662620356608,3.1676412859133505,-8.081586001952427,0.3514882383614788,0.6073059844274965,0.006039945857834625,0.013596286882402341,0.7943287111237984
1749296662680051200,3.1657466424724374,-8.076350789756795,0.35157530125952263,0.6073073968650892,0.005866081264075146,0.013356988970731834,0.7943329941839177
1749296662842468608,3.16341850979203,-8.071084359803992,0.35206423129722664,0.6079603104644736,0.00681350491078654,0.013950926591163629,0.793815601193388
1749296662904190464,3.1608914766712823,-8.066319726926093,0.3524406501950277,0.6094748001668616,0.00879850992186712,0.01559613770487565,0.792603188659628
1749296663060913664,3.1586747497788235,-8.06192731825403,0.3530246722258288,0.6116906514181977,0.01127157413404128,0.017522409811281076,0.7908226499908357
1749296663132127744,3.157619139544445,-8.057801675230806,0.35343363117523063,0.6138793073864783,0.012424321985029897,0.017573068852728635,0.7891064690122666
1749296663302008576,3.1573528616690747,-8.054009263430787,0.3526855539557263,0.6157086485129776,0.012300191743711894,0.015884333385486796,0.7877177498205112
1749296663376656640,3.156886838674729,-8.050334689466727,0.3519611490094938,0.6175767178818575,0.012344651400559835,0.014080191690760085,0.78628770517796
1749296663543748352,3.1558008532831057,-8.046395279741578,0.35267410834259216,0.6198550163415858,0.014258257908275349,0.014020030757936019,0.7844615347709154
1749296663605271552,3.1546330917945893,-8.042193893578737,0.35340193491337457,0.6224561513754011,0.017038279971903294,0.014722322787003616,0.7823306780654061
1749296663768874752,3.1538609199402408,-8.037728933158851,0.3538877472030366,0.6244661911134093,0.019253975288082047,0.014667596337208317,0.7806767078692726
1749296663829056256,3.1531715702236696,-8.032533985651886,0.3544094116265444,0.6261137166193653,0.021210133066042573,0.013336975612650006,0.7793291148147319
1749296663986926336,3.1525981145483613,-8.02738568103478,0.3541046837227446,0.6276932734872394,0.022726635761572116,0.011330978416867815,0.7780464403709786
1749296664047687936,3.1521314449346374,-8.02194036214061,0.3541659585004515,0.6295819879302675,0.023581387313507833,0.008701236074971376,0.776527351184046
1749296664206349312,3.1513650505434203,-8.016473074778574,0.35450706824342637,0.6315361763270865,0.024580523746278005,0.006490578835880173,0.774929498876444
1749296664268430592,3.150220264058778,-8.011005385968872,0.35511332216054203,0.6334117561848759,0.02609204838715602,0.0050147220775924786,0.7733586520497706
1749296664425747712,3.1492125551850565,-8.005656215404128,0.3554314144860906,0.6352240251282557,0.027353528228394614,0.003489151356752896,0.7718355059312352
1749296664486161408,3.1486191873128515,-8.000266253006915,0.3561532381854686,0.6368429096232711,0.027534332504963104,0.0011084540243115905,0.7705009671153883
1749296664639262208,3.147831008910205,-7.995013005848477,0.3569375823351235,0.6384450662644093,0.027720698532442987,-0.0008078940410825026,0.7691676069249963
1749296664698133248,3.147645946763186,-7.990093130580833,0.3587385123504827,0.6403213631438586,0.026498910667464647,-0.0036385255946083,0.767641270885383
1749296664848063488,3.148020655636824,-7.985702494955627,0.36114115517820133,0.6429270512863405,0.02349395118841097,-0.008049622391861548,0.7655246857947534
1749296664904937216,3.1472412743833598,-7.98213712119176,0.36209237751825274,0.645807315139472,0.022637403619913437,-0.009568858371771382,0.7631047743391182
1749296665055114752,3.1458880186931504,-7.978639662081296,0.36252783949085776,0.6489523988362822,0.023127916154194718,-0.009111670333878831,0.7604228172554571
1749296665109428736,3.144261292953678,-7.975306599643925,0.3619449911993544,0.6521646777635255,0.024788322821189743,-0.006985047102117368,0.7576397437082416
1749296665253924096,3.1441159803051093,-7.971954981421501,0.36247276273020557,0.6552976412307356,0.02413563859618782,-0.0067585899725738875,0.7549548289855302
1749296665304474368,3.1451803348651586,-7.9690082777349005,0.3653446050076252,0.6596389454352398,0.020480079651350173,-0.009111634413190151,0.7512482985810209
1749296665448392448,3.1449936457280687,-7.966611829494472,0.3659788209212569,0.6645243583794985,0.019359404386017975,-0.008593402997713892,0.7469663606930723
1749296665496242176,3.143733511782779,-7.964862540087009,0.3647743414104596,0.6696400054293843,0.02075950500376832,-0.005075362084835535,0.7423783043571793
1749296665636091648,3.1419547970327777,-7.96369599230629,0.3614497723315826,0.6748927431320999,0.02370417650022051,0.0002965044521550379,0.7375349546761736
1749296665683940864,3.143614058161482,-7.962887376427714,0.35988577638387653,0.680431895602166,0.020242079723803243,-0.00012949059968661434,0.7325316900229525
1749296665827613440,3.145563452263622,-7.961851019987718,0.3595509946744899,0.6865837985058344,0.01589638042597567,-0.0015018621485651993,0.7268753243361197
1749296665877088000,3.1460691842930957,-7.960927500578768,0.3576838945228511,0.692955239411797,0.014534673757644506,-6.370819965734333e-05,0.7208340831091181
1749296666024646400,3.1451285876512958,-7.960118355960333,0.35513004160839046,0.6994537418065876,0.016470847911004737,0.00444843220216255,0.7144742022584151
1749296666076550656,3.144890112501731,-7.958652038431587,0.3533226696428615,0.7052425497915036,0.017827808418657526,0.007929744283667847,0.7086975619868904
1749296666227454208,3.1457047306289287,-7.955575203260132,0.35384259531678763,0.7097773161991462,0.01767401980584909,0.008711546054170256,0.704150480649119
1749296666288149760,3.146922978945981,-7.951559879628148,0.35513030662509726,0.7127852325754448,0.016519927812800723,0.007352932802090249,0.701149227045596
1749296666454418688,3.1478784754558706,-7.947126504656026,0.35607182410550786,0.7150203136216368,0.015686143249764955,0.005766624952104856,0.6989038861353013
1749296666526876160,3.147982464165208,-7.942592931778499,0.3557942986847449,0.7170648501103057,0.016680914172647103,0.005388186244804645,0.6967859895890853
1749296666687394816,3.1479214360158716,-7.937451701473801,0.35506660622763375,0.7185384915558669,0.01847277514632873,0.004990742552435288,0.6952239101324036
1749296666748726272,3.1482677252341205,-7.931162888959391,0.35440286435523927,0.7191530418497141,0.02001348585791937,0.0035844183182223016,0.6945541841551585
1749296666899891200,3.149859064957017,-7.925321122735022,0.35602568321924855,0.71945062976117,0.01804180208708681,-0.000594791616073156,0.6943089592801174
1749296666950872576,3.1515708361682044,-7.919189716933672,0.36041873475846664,0.7205525474761681,0.013544541716192612,-0.007008064760823182,0.6932326151758953
1749296667105507584,3.1516552291559363,-7.914196235806486,0.36234206042301453,0.7219724350976404,0.012279174069289158,-0.00995043917283174,0.6917412909488829
1749296667172087808,3.150729741731962,-7.909757120093646,0.3631675240001022,0.723727144892638,0.01315334879478562,-0.01043312768341521,0.6898819891892924
1749296667333242112,3.1505575739027263,-7.906080581757652,0.36485052517636696,0.7258231291359432,0.012643987315673044,-0.011503852034083452,0.687668943739971
1749296667395959296,3.1498824109389316,-7.90276967428839,0.36465059120219,0.7282773935468086,0.013553018123585689,-0.01102414247095414,0.6850597215069562
1749296667546042880,3.1488359541988356,-7.900037445180364,0.3621355991156885,0.7308903436292784,0.015788339169118835,-0.00911703548829383,0.6822513566125477
1749296667597870080,3.1504262699387215,-7.897559192521357,0.36357435823397655,0.7334894319881858,0.011994755040395709,-0.011809360309413802,0.6794923973248352
1749296667742627584,3.151549919798862,-7.894227499995475,0.3673576464399435,0.7369944884474838,0.006994406408011728,-0.015320970409943471,0.6756888856143256
1749296667794417152,3.151726153868787,-7.891619751281381,0.36823934014241955,0.7405589048346201,0.004185424364773551,-0.016901787537444188,0.6717658224940252
1749296667939898112,3.1513647303130954,-7.889548770857395,0.3662654379596355,0.7443493755023473,0.0027958025479921894,-0.017121730452181468,0.6675650058411547
1749296667990204928,3.15002267081457,-7.887400873629288,0.36306237212509096,0.7487367215408408,0.004594702328096171,-0.014304981028671681,0.6626971993637505
1749296668135448576,3.148538730123553,-7.8853537268930465,0.3589473965139378,0.7533409257159474,0.008053024671454013,-0.010034800750790435,0.657504297483273
1749296668182568192,3.1512210604345254,-7.884185531866697,0.35875697213837254,0.7588101687593948,0.002310014161794011,-0.012437476794816429,0.6511889900734577
1749296668330190080,3.1520144708363937,-7.882240878307311,0.35882700247139176,0.7652874634659824,0.001135640508953306,-0.011193870503651965,0.643590324543171
1749296668376687104,3.151616433402286,-7.880252222681753,0.35737402527210227,0.7719703726201156,0.003254432700338937,-0.0073494145619904284,0.6356076923465878
1749296668526202624,3.1507160753175154,-7.878430714395597,0.35357037669110536,0.7787877566884354,0.007211631558219226,-0.002174647594915224,0.6272422923482606
1749296668577018368,3.15066910365752,-7.877185921787495,0.3484460378190155,0.7857368937125022,0.009548633571876181,0.0015286568493331377,0.6184852630937739
1749296668729613056,3.15386491686307,-7.876620896487449,0.34951382409133913,0.7921722846731641,0.0026911952722980504,-0.0021016507787034347,0.6102879745888087
1749296668778318080,3.154305299190551,-7.87472822331468,0.3514765780059723,0.7979860111273724,0.0017664805470294957,-0.002555671746777505,0.6026679634205091
1749296668929701632,3.153742680207978,-7.872870786874904,0.35096910178739593,0.8036286976488712,0.003219007705475117,-0.0016744638390227197,0.5951199462926973
1749296668980403200,3.1526087350086094,-7.871143895955893,0.34788471870343995,0.809356318316473,0.0064377715390948,0.00025260100351622857,0.5872825906593415
1749296669132021760,3.1521000798048946,-7.868679091363033,0.345780862907457,0.81476928011404,0.009979064326346078,0.0015016049721692864,0.5796974932153208
1749296669189114880,3.1539293987439825,-7.866119755658632,0.34717519295503063,0.8183114376303419,0.009643105359068715,-0.0005661756427091426,0.5746939020100518
1749296669344609280,3.1560669625827362,-7.863305860174244,0.3487171604805579,0.8213215111030044,0.00957796869501016,-0.0025606321941467405,0.5703794185258797
1749296669405123840,3.1586746266770316,-7.860374735527631,0.34944360149919085,0.824098862022165,0.009444391557488135,-0.0047309594974998944,0.5663474967757116
1749296669563022848,3.1608360735645906,-7.857392495732881,0.34974218558955616,0.8265098057530508,0.010967922741447311,-0.005602792162991808,0.5627875748315435
1749296669618865920,3.1625730535890844,-7.854425405321061,0.34982713048727376,0.8285946922656829,0.014799309436877272,-0.004566122021072382,0.5596346727276813
1749296669784628480,3.1660269017904987,-7.851587711856277,0.3507560232539477,0.8297807355148744,0.01582994918337035,-0.004973135131538882,0.5578428198016083
1749296669855371264,3.1698003457363257,-7.848810739234831,0.3510389196995094,0.8307242194751958,0.016022391004613664,-0.005079848155753223,0.5564303633937819
1749296670027580416,3.1731758212561814,-7.846516754801896,0.35065798205134513,0.8316856340177983,0.015293386253060889,-0.00399782307764125,0.5550217436425059
1749296670100273152,3.175985073772517,-7.8454575383886604,0.3492593996522828,0.8326989577127453,0.01343134683354508,-0.0022967963651168593,0.5535582801049965
1749296670270436096,3.1778211549000517,-7.845154281676686,0.34809008465975033,0.8334080252188141,0.011283705039875599,-0.0005435731513935715,0.5525427096882909
1749296670351760896,3.1783597781100354,-7.84489422978796,0.34751390386708403,0.8332905118247302,0.010061685258919878,0.001155400194815547,0.5527425715855611
1749296670557105408,3.1785440594191057,-7.844753831141537,0.3475862965323242,0.8329424965269364,0.008796408053328078,0.0017637982522345262,0.5532868240800239
1749296670665657088,3.1785998925547343,-7.844685289215677,0.34756667918982265,0.8327578029811232,0.0080114744619561,0.0019478503268492715,0.5535760686031344
1749296670874485760,3.178594201919956,-7.844744625666678,0.34755263729836905,0.8327208982576644,0.007919097481826771,0.001946308409150625,0.55363291573352
1749296670983092736,3.178538162645425,-7.844951152330445,0.34741794734201914,0.8327017253408672,0.008145334567479028,0.001664336929608189,0.5536593899878438
1749296671189212928,3.1784884862213554,-7.845367451902911,0.3473140585650354,0.8326830241120894,0.00887564383908784,0.0013819182459765635,0.5536770670742547
1749296671300505856,3.1784287691683453,-7.845973481744034,0.34723367267691385,0.8326663016934069,0.009938399371292046,0.00098404680179433,0.553685009634587
1749296671510627072,3.178296715565211,-7.846746034714273,0.34732414836515657,0.8327262725709554,0.010617657911344796,0.0004763186337068835,0.5535828695246267
1749296671619505152,3.1780898774370367,-7.847490952510448,0.34747296435285113,0.8328420301556173,0.010859352638729168,2.528198666104407e-05,0.553404216307898
1749296671830247168,3.1778783714140606,-7.848097744402599,0.34753805635344337,0.8328861506648516,0.011012208669189302,-0.00025959764758025843,0.5533347304299396
1749296671943355648,3.177680155642067,-7.848635598829759,0.3475853273153606,0.8329031856058783,0.011140624291983758,-0.0004909134616247211,0.5533063608001789
1749296672155037184,3.177503258034179,-7.849143782265567,0.34760622531080454,0.8329253265914105,0.011238289640617028,-0.000664278524177671,0.5532708738968541
1749296672270574592,3.177424286686324,-7.849411419035834,0.3476905868686875,0.8329398514996473,0.011362484627360987,-0.0008560230630506486,0.5532462064500344
1749296672484183808,3.1774982834964463,-7.84922867442481,0.34794934938143474,0.8329109215032369,0.011635655435360992,-0.0012806610710874215,0.5532832622359362
1749296672594079744,3.1778367526150175,-7.84852304954381,0.34859386660539826,0.8328388432862256,0.012123826772101005,-0.002001536278002672,0.5533791356661272
1749296672799107072,3.178629714802032,-7.8471611881422625,0.34987037032630575,0.8327208757205309,0.01297654597185664,-0.003041403606925421,0.5535325665739753
1749296672869991680,3.1799959010358823,-7.845417490993386,0.35138436223999037,0.8324694664217481,0.01324026157913006,-0.004498186983405463,0.5538944387359999
1749296673042044160,3.181426097193916,-7.843406501201719,0.35306416515607086,0.8320167509628015,0.012327615114723937,-0.006605421723561177,0.5545741829789238
1749296673114309376,3.182195080847432,-7.841125647011298,0.3538147671007179,0.8316316819101401,0.01282203609278579,-0.007597721611269809,0.5551275670150642
1749296673302070272,3.183142377506111,-7.838850277488101,0.353802467033864,0.8312730267547846,0.014377608412477068,-0.007864378261804578,0.555622705548317
1749296673373278464,3.185598617261854,-7.837849524770027,0.3560536524814526,0.8313173570177955,0.010963928078924398,-0.010643409126670555,0.5555879426735154
1749296673518013696,3.1879005626836863,-7.837785914504751,0.35953029297606687,0.831781417440678,0.005508582050777224,-0.014132811583876264,0.5548960197738858
1749296673584122368,3.1885965462629464,-7.837607933269947,0.360838113521865,0.8327928903015023,0.0038190631631755405,-0.01492750930680055,0.55337020708177
1749296673742725632,3.1888238834402554,-7.837653641716457,0.35983438945942714,0.8339701085469664,0.004713754296726663,-0.013843183172850042,0.5516158127267875
1749296673799346944,3.18885603815751,-7.838126757742041,0.3568399149078796,0.8351649180306882,0.008039690774802823,-0.010880874182757811,0.5498331834657295
1749296673946761472,3.188904389365004,-7.838981256874187,0.3520878685820441,0.8363737061463188,0.013825291892143755,-0.006006784640579421,0.5479523733952156
1749296674001614848,3.1912536689899644,-7.840504566656326,0.3500004356081492,0.8373102325549521,0.014639556963395434,-0.0037621899344624306,0.5465190790426119
1749296674147586816,3.1963931440295443,-7.843766357564692,0.3543864514078452,0.838725900403343,0.00426875539756944,-0.007668247034983648,0.5444830940510164
1749296674201589248,3.199570151778086,-7.846830464338375,0.3574308743987875,0.8404022791255202,-0.0015442384501698871,-0.008570794809147872,0.5418931315716964
1749296674356154624,3.200681707420723,-7.849303514893391,0.35825942596533755,0.8421408689412634,-0.002243189788196023,-0.006480927956030233,0.5392139858453752
1749296674410792704,3.200771230514399,-7.851531611234317,0.3568350584743718,0.8438848356298787,0.00015928827706805301,-0.0026968887099798697,0.5365175538716914
1749296674556512000,3.2002800397150075,-7.8541510555887,0.35264210478350755,0.845958047800877,0.0052431286298371535,0.0028733399705085706,0.5332159364464962
1749296674607119360,3.1992856133897676,-7.8565296965155955,0.3468722818676375,0.8481938216949164,0.012930412937658063,0.009583579744317628,0.5294414039902042
1749296674769357568,3.2026823844374777,-7.858463090798888,0.3451049390178733,0.8489706634170544,0.013768018363432024,0.011329899885878398,0.5281390798796535
1749296674823631104,3.2085060538197228,-7.858615737290558,0.3484125181171924,0.847654784199867,0.008492540389001215,0.007780551078605096,0.5304231392065506
1749296674979154688,3.2141030481343185,-7.858204525276289,0.351319282449873,0.8455283078220278,0.004900962309156757,0.0047026560702712146,0.5338873909973406
1749296675038373888,3.217670608364399,-7.857433758653226,0.3517630763828832,0.8434342029407168,0.005607966293751198,0.004622068162339522,0.5371833323081692
1749296675194091008,3.2199067045476273,-7.856863377359412,0.34949573357079666,0.8417215869134496,0.009153158890231114,0.00727743473618322,0.5397851690718216
1749296675253998592,3.2220103053956612,-7.856614604136492,0.3469405856216543,0.8405154582950212,0.012548105142688027,0.010492213780202174,0.5415406013166779
1749296675430115328,3.224081657382568,-7.85687891504816,0.3472665326245221,0.8392925715813084,0.012490893007690773,0.011469514213364103,0.5434155013652209
1749296675501976064,3.2254091678307333,-7.857577598243232,0.34748691017300004,0.8381596490161745,0.012962173771554146,0.011937321418837894,0.5451402435791574
1749296675701116928,3.226190899916255,-7.858496328942886,0.3476180029690088,0.8373372621274241,0.013787527319573443,0.011888254051828332,0.5463834578013516
1749296675809888000,3.2265046945121725,-7.859486937366022,0.3477365002304955,0.8370342808282694,0.013955582957087617,0.011528199474050043,0.5468509440784716
1749296676019831808,3.2263527148639226,-7.860145650628127,0.34773966666892386,0.8369801538123512,0.01405526149595533,0.011056101030291655,0.5469409788802999
1749296676128338688,3.226068751485194,-7.860671776203656,0.3477061278204743,0.8370028483070329,0.014150116603914877,0.010418070391650354,0.5469163280935428
1749296676334381568,3.225760870248236,-7.861223697506906,0.3476804297263132,0.8370227613806601,0.014259704500970196,0.009648330392329688,0.5468971269616251
1749296676442688768,3.2255097098545855,-7.86156386055881,0.34767063973896795,0.8370600355560024,0.01430775152189701,0.008546726337733821,0.5468571464196837
1749296676635174912,3.2254028000731747,-7.86139579542067,0.3476904272835495,0.8371663524848223,0.014209348478072318,0.0066486195049767,0.5467233199176388
1749296676708018688,3.2256494482303206,-7.860570215931677,0.3478896195036518,0.8372579411054046,0.01409715475337601,0.003887487707422858,0.5466125663787127
1749296676870580480,3.226376012837481,-7.8588754239175636,0.34856566084113094,0.8373000085365903,0.013976526882271013,0.00023486833629794538,0.546564998182101
1749296676936079104,3.2273880266700186,-7.855959614319664,0.35020948088369863,0.8371620143887525,0.014802278203665163,-0.003238225174631216,0.5467450668476723
1749296677102170880,3.2283895564479685,-7.8529419170844195,0.35194590386021707,0.8366153076606654,0.016285951780476197,-0.005380958711370133,0.5475222735613602
1749296677186611712,3.229295409900632,-7.850797198908719,0.35293998427976403,0.8362392001807665,0.01715311645333252,-0.006559084255862069,0.5480572498295184
1749296677355986944,3.2305205542218696,-7.849150535635796,0.35379161694699635,0.8356220187989933,0.015783185028726308,-0.00846493397325758,0.5490128210356042
1749296677410864128,3.2319856175358934,-7.8484864139823625,0.3551976608449037,0.8348242429612605,0.012030267685294,-0.011264550042029416,0.5502698119431312
1749296677564899840,3.2324619468731504,-7.84832736865091,0.3564960887475337,0.8337565410094087,0.008435026334858917,-0.013081408653489219,0.5519128168491804
1749296677631579648,3.2310762208177186,-7.849293028973609,0.3558995370297686,0.8324886083726403,0.007826207703287626,-0.011859891515413725,0.5538599194525747
1749296677781988352,3.229200179074228,-7.851852913766056,0.3551387050965711,0.830565338895804,0.006718639899876852,-0.009943423698358529,0.5567918875378388
1749296677838601216,3.2263982663012696,-7.855549236288908,0.3538424130381559,0.8285003163440502,0.0059776611177251885,-0.007107865363450294,0.5599115748360144
1749296677988599296,3.2227697597347804,-7.85994522520444,0.3510958892889846,0.8265091191537661,0.008197391637767433,-0.001924280164956193,0.5628603520162435
1749296678044032512,3.22004038685614,-7.865178626738122,0.3490532646381528,0.8251724898582969,0.01047892458658128,0.0033187992658225036,0.5647738836844357
1749296678199578112,3.2193681130963863,-7.87134290547842,0.3503398589815472,0.8240389090423524,0.008663798369496581,0.005363264375605091,0.566441568369889
1749296678259227136,3.217958270118533,-7.877652452263687,0.34996958619458995,0.8229638977739268,0.009110961274592586,0.008506510897644691,0.5679569108812276
1749296678414491136,3.216155215221161,-7.884367540101489,0.34825172624968026,0.8223729143564424,0.012101517758857597,0.013033337972257971,0.5686707967727234
1749296678474280704,3.215905862452792,-7.89091531794856,0.34828770975533585,0.821591781055014,0.0135239650935497,0.015182449471920621,0.5697135603959514
1749296678636616704,3.2164202301025417,-7.897924594034082,0.34929778185449933,0.8202860708245107,0.013626829075685088,0.015568422782934669,0.5715791246648879
1749296678690953216,3.217647790388229,-7.905387869593627,0.35061324583232345,0.8185483491358309,0.012276303464549939,0.01413308697587488,0.5741325181112671
1749296678843641344,3.2175724766002762,-7.912847906359552,0.35026368734940316,0.8166415602242193,0.013700828053120019,0.014331716101074825,0.5768045174396692
1749296678898487040,3.2174406194322724,-7.9203258707778215,0.3487953175752603,0.8146499012873418,0.015223126245688421,0.014621774645372482,0.5795688039103314
1749296679054241024,3.218508980911273,-7.927821365003997,0.3484069381673689,0.8123397012335368,0.013345877654959318,0.012639918767975893,0.5828947845048592
1749296679111407872,3.2194530561841503,-7.935048558346162,0.34872559477429554,0.8097377150971657,0.011134411468118353,0.010370417600884434,0.5865946744296807
1749296679271116288,3.219324118138519,-7.941950935150668,0.34880169015917417,0.8071001069943734,0.011492767074812083,0.009889208486854954,0.590219905755591
1749296679329190912,3.2195796488170125,-7.948228462293151,0.34940186751015156,0.804006279602229,0.01122572723160654,0.008811963529043423,0.5944495224214305
1749296679485474048,3.2198506879821265,-7.9544457192240685,0.34888985228436553,0.8009536304290648,0.011858520615434347,0.008094032030807989,0.5985542114435406
1749296679540534016,3.220640044178503,-7.960174520617333,0.34877252277276627,0.7975440830917135,0.011485598853017675,0.00647573354671439,0.6031165570761738
1749296679690289408,3.221054019683865,-7.96598586690739,0.3481362294899344,0.7939137681940684,0.012447963593060992,0.005614640581537179,0.6078770045703495
1749296679745173504,3.2218459615523933,-7.971020258685217,0.3494124577834987,0.7898224748062292,0.011615675637010355,0.0036933548375667146,0.613214394400933
1749296679893779968,3.221063220896032,-7.976006041582789,0.35055085152485566,0.7858105124749569,0.013678813682886511,0.004422763008700474,0.6183002245733408
1749296679945890304,3.2201239515849864,-7.981024946505897,0.35184685928117654,0.7814999066329713,0.015302165844294124,0.0053584005365273305,0.6236946586245717
1749296680090521856,3.2194070294761508,-7.985483274101938,0.35296620143691815,0.7769634339369771,0.015444473737720834,0.005504352093737687,0.6293321799049002
1749296680139844352,3.2178968639821623,-7.990629581034243,0.3521249585008297,0.7722174894706518,0.01671308199907065,0.006788886252353642,0.635102143650286
1749296680286008576,3.2166200281369655,-7.995352897700986,0.3515301495190122,0.7670923188488572,0.016787700984917654,0.007402629254010364,0.641274316138462
1749296680335548416,3.2149660376449707,-7.999581619703967,0.3517009774679911,0.7616694121473547,0.01604991132434475,0.007758128385509126,0.6477205557873996
1749296680483497728,3.213374262678591,-8.003659774394814,0.3517591395855506,0.7558225990951433,0.01476799857168371,0.007835301715523156,0.6545629938839158
1749296680534250752,3.2121602473166107,-8.007254211100104,0.35149937417368005,0.7496551503199826,0.013081109066137795,0.007261617467815017,0.6616595114528884
1749296680682967808,3.211487567549379,-8.010670317476576,0.3510741965211599,0.7437644564919287,0.011743063672584786,0.00640630103406684,0.6683079327839138
1749296680732616448,3.2111058518964457,-8.01419566404548,0.3509709773222309,0.7384015988374505,0.012059051129158834,0.006310134975913197,0.6742238799662519
1749296680881184256,3.2109850045463273,-8.017497105740798,0.3511476162506719,0.732817171657104,0.012336886150010306,0.005899498224502774,0.6802881669449374
1749296680932033792,3.2112250472099833,-8.020477773607716,0.3516823366961064,0.7269477949637975,0.011801384147300741,0.004522981182599696,0.6865764148080693
1749296681078760704,3.211715924854757,-8.023741337107825,0.3523519406520488,0.7212235705297497,0.011683664896776053,0.0032587217591340547,0.6925961550711902
1749296681129213952,3.2115969837299745,-8.027254356551323,0.3523880604140124,0.7154916236391954,0.013047549142875876,0.0034188437908456814,0.6984910947683198
1749296681273996032,3.2113785629637106,-8.03020406204085,0.35278509187724305,0.7092625476432797,0.013791940180776112,0.002934369288562572,0.7048033841955448
1749296681324878336,3.210683693835475,-8.033254671030114,0.3529434186884477,0.702768600845014,0.014367806901265377,0.00260871058744915,0.7112686232502177
1749296681468557312,3.209251398497865,-8.0367058699761,0.35298105954921866,0.6960947305789288,0.015399280052222093,0.0033298941612058645,0.7177770545503646
1749296681518866944,3.207347740065785,-8.040145717885883,0.35356714880835716,0.6888730810884881,0.01597586903334732,0.004308913317029015,0.7246930957490274
1749296681662451456,3.2050756621043615,-8.04387307592701,0.3542703791709618,0.6815271402587744,0.016480916927028112,0.005696502058473997,0.7315850506484117
1749296681712533760,3.2027088503211276,-8.048130501655148,0.35440148443735486,0.6742142689134311,0.017029013432759407,0.007424352778008449,0.7383021138266248
1749296681858240000,3.200870523489447,-8.05252318699225,0.35466516927091085,0.6670871063935412,0.01698548576242545,0.00843752327159154,0.7447382721184324
1749296681908757760,3.1986329076408637,-8.056962724814463,0.35415072613625576,0.659923382170966,0.017260810208633612,0.00988435201371647,0.7510695664718706
1749296682051558400,3.196274069671186,-8.06127724741554,0.3540587293061255,0.6525635119119407,0.01699005763147535,0.011044198117888395,0.7574630199229311
1749296682100135168,3.1940876114650036,-8.065463426546517,0.35433553280099916,0.644932275843905,0.015412992631871543,0.011117979213473588,0.7640033964395312
1749296682242956544,3.19187407802494,-8.070009632535854,0.35409561267323175,0.6374272208361998,0.013446000066912546,0.010945159740804936,0.7703154851731121
1749296682292849408,3.189262030722875,-8.07493630943545,0.3532512531779992,0.6301422479201679,0.01185639464123775,0.011237711402097452,0.7763078559016849
1749296682439797248,3.1870335705008284,-8.07974531600646,0.3528495876004629,0.6228763961456726,0.009624670099470253,0.010523201756693822,0.7821902729354557
1749296682488691968,3.1845390260930637,-8.084972933527348,0.3530202041705306,0.615637996465777,0.008325466255145008,0.010920984330229878,0.7879094338948467
1749296682635113472,3.1821108451219935,-8.090622127682515,0.3531653844232894,0.608218208062667,0.007418857118962683,0.01178531152001,0.7936477041940353
1749296682683361792,3.180099451269064,-8.096698482053815,0.35243992179431816,0.6005842643740567,0.006051790779560232,0.012203469580403928,0.7994454281217906
1749296682829859328,3.1782897044939515,-8.10313057213778,0.35128128229804023,0.5926819276163534,0.004399023830684294,0.012430415443292077,0.8053286695742352
1749296682879221248,3.176889966904998,-8.10950738191556,0.35102522944555226,0.5847348292892994,0.002471422201377527,0.011878693465192979,0.8111337547716015
1749296683023408128,3.1757685217313307,-8.116046697306173,0.3504667577752132,0.5772029031502334,0.0008295845635359407,0.01091069881451803,0.8165274502647003
1749296683074491904,3.1752261402180126,-8.12257194886658,0.35019526576928195,0.5700590965272709,-0.0010524032695833718,0.008790251792833525,0.8215559934583205
1749296683223180800,3.17435155127144,-8.129340122170246,0.35037429300779355,0.5634811029243771,-0.001574397537610246,0.007877370704303874,0.8260898951992497
1749296683274112000,3.1736649632726577,-8.136417256724071,0.3496207536980336,0.5572312479142155,-0.0014818216017841712,0.007090861267934495,0.8303257554955076
1749296683428545280,3.1727532816294004,-8.143371509830127,0.3486250739650276,0.5516395378931472,-1.5306675740474853e-05,0.007573212859818213,0.8340482398792772
1749296683483063296,3.171663788330277,-8.150219357093198,0.3476275883490665,0.5464332828708234,0.002670735750296047,0.009258032489424438,0.8374472063216827
1749296683633762560,3.1721712272741067,-8.155317020616048,0.34773767502482356,0.5413938666788517,0.0041522513224709805,0.007097009197011669,0.8407288935155819
1749296683689500416,3.1727576191168687,-8.159991983441595,0.34837057435766416,0.536197667147602,0.0059151849844998215,0.004633427151203298,0.8440590048597926
1749296683837659392,3.1730068854722138,-8.164701054415817,0.34902513141672786,0.5306956998972535,0.007355845765375908,0.002599412805856477,0.8475265238897862
1749296683888185344,3.173197477948417,-8.169929686735987,0.3482791781476493,0.524460187274536,0.008664670973856266,0.00013681196053441904,0.8513908718816293
1749296684034230528,3.1737175940021567,-8.175660046847845,0.3462578927149469,0.518234199339844,0.009773389808924818,-0.0028670767730700404,0.855178095695283
1749296684086341888,3.1731775714298625,-8.181164588603119,0.3467546195906621,0.5117979182060862,0.011939525251435757,-0.0032267786327600115,0.85901683717861
1749296684226558720,3.1719755904689357,-8.186372786588382,0.3487564506137111,0.5039255284273629,0.013966950615245406,-0.002916897610536702,0.8636292478824712
1749296684275578880,3.170371312145064,-8.191859267930324,0.35079200327446314,0.4950109569721036,0.01567088730236916,-0.0022349083997721146,0.8687425285740092
1749296684414767360,3.1683292798464566,-8.19764268418967,0.3520866860475165,0.485392532397985,0.017320747291704387,-0.0009414192080983124,0.8741242445644682
1749296684462039808,3.166024871754838,-8.203054153966892,0.35307656369947304,0.47463975168297884,0.018332975879135592,-0.00020564843337616108,0.8799891850622126
1749296684600813312,3.1634243973248246,-8.208311106025924,0.35283249605812284,0.4629250147313504,0.01874610662916024,-0.00025297009118526755,0.886199159460423
1749296684648705792,3.160215909602525,-8.214453190467523,0.35107910671253695,0.45060943048365404,0.019701598722489264,0.0013784531999111909,0.892502710378938
1749296684788056576,3.156549310537673,-8.220578680411649,0.3506485653871776,0.43689130912373186,0.020652390766925238,0.004247763352935937,0.8992671567861578
1749296684836786176,3.152690453177829,-8.226393187280323,0.3512933341233144,0.4224438094334126,0.02091903597081359,0.006595311141077762,0.9061236801212021
1749296684979066112,3.149125382962426,-8.232104272648552,0.35160198010134236,0.40846109927071284,0.020548854384967903,0.008024411578681842,0.9125091143571346
1749296685027847680,3.145397255922452,-8.23784118957332,0.35180141643698004,0.3947541920931349,0.01944437038807923,0.008399994857022195,0.9185425871300196
1749296685169512704,3.1416325087444212,-8.243609797988078,0.35159106846515353,0.38134367804139124,0.01813719471042052,0.008601703564868775,0.9242153710481569
1749296685219317248,3.1378068032181003,-8.249178618463404,0.3515611846329598,0.3685186230644871,0.016759433498484883,0.008849577862210184,0.92942715196788
1749296685363680000,3.1341236922194002,-8.254465709549008,0.35136707041035775,0.3563507708518654,0.015357166626126817,0.009007820026732206,0.9341826078047398
1749296685413184768,3.1307804881104495,-8.25953170782146,0.3514386849517246,0.34468749469806886,0.013525209171635685,0.008523743506171038,0.9385813473068135
1749296685561056768,3.1277790527339278,-8.26477051431744,0.3514053107763675,0.3334279197264027,0.011533131254906152,0.007928723281898175,0.9426717056205198
1749296685611083008,3.1253813977187486,-8.269855790509137,0.3513850932426208,0.3229997663724609,0.009426261569176099,0.006837085538472455,0.9463274014724
1749296685761019648,3.1233740988731196,-8.275037444432291,0.3508889412689644,0.3133567088059702,0.007476720091857235,0.006064935133642161,0.9495866933907525
1749296685812054016,3.1219525165536846,-8.279975107637789,0.3502813047565816,0.3043145073476357,0.005403577549054241,0.004414351955088757,0.9525460594975205
1749296685961652736,3.1208237384301443,-8.285121133284475,0.35027804387891814,0.29592711814557343,0.0035197974999060253,0.003080891935774777,0.9551990681928534
1749296686011568384,3.119701716322199,-8.290804436168134,0.35032799560839,0.28791678829547046,0.0020998130791420634,0.0032045787801236007,0.9576477663929968
1749296686162817792,3.119000964275398,-8.295970779711393,0.35075419137104724,0.28019856720474906,0.000663908615523896,0.002323064640017233,0.9599390217781723
1749296686214219008,3.118646074428586,-8.300635698416004,0.3519297704788773,0.2727414173653418,-0.000873649260743308,-8.571119844758512e-06,0.9620869793927416
1749296686366919424,3.1184485990846715,-8.305415705828006,0.3535349175457583,0.2654176083286702,-0.0022471361068615954,-0.002781210700536782,0.9641269151078841
1749296686418635264,3.118095429291049,-8.310858601862883,0.3551041301504583,0.25781312864881945,-0.0030181678105341103,-0.005174158498018381,0.9661762310485662
1749296686577611776,3.117104742022982,-8.315997787315863,0.35578484075828953,0.25124493593841046,-0.002578719789132149,-0.006647488768227052,0.9678972792929162
1749296686631671552,3.1154116303690205,-8.321856275978012,0.35551467986932694,0.245425912821318,-0.0013872995076156635,-0.005380474289495108,0.969399426042908
1749296686791542272,3.113827151404945,-8.327930055159495,0.35437406414909844,0.24017688603028944,-0.00037922406993659417,-0.00314982419186787,0.9707239557224591
1749296686852619008,3.112515861744286,-8.333145907783152,0.35374831677063945,0.23609572889281843,0.0006616112567550589,-0.001310908043660024,0.9717286918627105
1749296687021350144,3.1109183347905045,-8.337851692341852,0.3538636768448691,0.2324210218667092,0.002567429645103211,0.00037311150595187266,0.9726118124345686
1749296687080752640,3.1087719249090657,-8.341760202647366,0.3551953330200104,0.22900183534188545,0.0053611014915945256,0.0008627766949583837,0.9734108452329979
1749296687248949760,3.105873771319806,-8.34540079325156,0.3565450914270536,0.22590152142347375,0.008910505555118192,0.0013711590689780907,0.9741084259116741
1749296687304163328,3.101994060640152,-8.349777832903877,0.35756364497278437,0.22348124576816208,0.013188343617891535,0.004322584391822796,0.974609416970051
1749296687459687168,3.0977672734024893,-8.353961699853858,0.3579637365941717,0.22164279411762203,0.01746103493698626,0.007645295996322947,0.9749416051865832
1749296687515306752,3.093043785687375,-8.35804717283687,0.3576262439036153,0.22002366250462657,0.021852728695704052,0.010911539952852716,0.975188691732251
1749296687672939776,3.0889294040233803,-8.36036363905641,0.35710696251131413,0.21812002476660086,0.024867340237335275,0.00930219166630634,0.9755607307674603
1749296687730230016,3.084328760840409,-8.362177005977875,0.3585645386847309,0.2166170937991241,0.027092573518527906,0.006420814232398661,0.9758595187211926
1749296687890135296,3.0787744930334693,-8.364045666005255,0.3603977022061442,0.21565151967390395,0.02936376996890004,0.005226391011638287,0.976014792875878
1749296687946135552,3.0724748059059,-8.365503277506999,0.3619200530866862,0.2150418845717219,0.03156527458557285,0.004827790419309584,0.9760826367474461
1749296688101975296,3.065846898643688,-8.36705078092794,0.3633263799243265,0.2145166731896244,0.0335595800939807,0.005341144378342047,0.9761289995099528
1749296688158624768,3.0590462795442255,-8.369066846234668,0.3647462915741744,0.21380860260324464,0.03539308592590904,0.007189782536674986,0.976207722745812
1749296688311198976,3.0527101424112493,-8.370409692041726,0.3657547543037083,0.21298478980387706,0.03620688969270633,0.006345983019201069,0.9763637994879258
1749296688368098048,3.0464190143917307,-8.371543590416586,0.36560161917013456,0.21207869586622752,0.036430880460677134,0.004068331163462544,0.9765648295889447
1749296688517410304,3.0397786684147414,-8.373726973876813,0.36545312871227686,0.21123798981252156,0.03686434167557133,0.004903336328755676,0.9767269266615102
1749296688568595712,3.0321049225141286,-8.377391012775856,0.3635360745074885,0.21051507478864295,0.037748289294723056,0.008839209607927712,0.9768215488591359
1749296688722184192,3.025276485485927,-8.379057445742529,0.3616297370344923,0.20897952886741272,0.03697146116624958,0.007432821528389342,0.9771926221261158
1749296688775749376,3.018396861677287,-8.379327424573372,0.36144924058445316,0.2079986008966173,0.03527859317323082,0.0038461729295606404,0.9774851455866547
1749296688927217152,3.0100325534726613,-8.380646225786537,0.3606877075312078,0.2077762725346902,0.03374775048366686,0.002661173284801437,0.9775904193810567
1749296688978646528,3.0024177650496906,-8.382025841726247,0.35918036997199776,0.20792154862371479,0.03170577611968933,0.0008965158241419918,0.9776311009976826
1749296689132876032,2.9951703530778504,-8.383546067279731,0.3589682553198372,0.20866789090017027,0.029109356447255326,9.778263600755197e-05,0.9775532451549928
1749296689184230400,2.987181700791883,-8.386270414233872,0.35885053887628127,0.21009574085159952,0.02654086091650162,0.002397228540090093,0.9773175613244424
1749296689338733824,2.9793543115326484,-8.389039802250707,0.3586032855256862,0.21184856097167934,0.023622836986697093,0.004906425964647658,0.9770046447029728
1749296689391766784,2.9723194327386615,-8.391061855387937,0.35666204334521456,0.21343232247704236,0.01974935757322506,0.004329185962259335,0.9767486190143321
1749296689548140544,2.965382698316808,-8.392864252477304,0.3538540021565697,0.21526318646205247,0.015450958075561924,0.0034378010789019096,0.9764277802134128
1749296689600852736,2.9580893323039996,-8.394424472778894,0.3520144429222216,0.21770096864458352,0.010806755021585237,0.0035992680267850955,0.9759490496776894
1749296689760943104,2.9502243017806418,-8.395610998908186,0.3511769753059326,0.2209068446388882,0.006031147612010892,0.003924694665223995,0.9752683671800069
1749296689815632384,2.9419087436763993,-8.395977922228063,0.3516947821554899,0.22511948150234382,0.001205403596295481,0.002790653720697174,0.9743264228697163
1749296689978777088,2.9333972482466435,-8.396297148945113,0.3516883967957978,0.23015171625216116,-0.0034809522212082126,0.0009480930596157956,0.9731480728015489
1749296690031538432,2.924504185938429,-8.396926244724195,0.35156129745221243,0.23641587067200956,-0.007236779855452665,-0.00019737342394406183,0.9716249925539436
1749296690190957312,2.9152026260787895,-8.397753177006004,0.3518665766600413,0.2442253200742597,-0.009766036723218663,-0.0006003396190923407,0.9696691482942458
1749296690241901568,2.9047531206239228,-8.399134647566285,0.35265180857039446,0.2540917954637627,-0.010838487218991083,0.0008273108302475077,0.9671190217494408
1749296690398857728,2.8940073604407486,-8.400451914587675,0.35338302585975656,0.2651706682913002,-0.01099977159502954,0.0022225014068110458,0.9641361844627028
1749296690450141952,2.883555273779276,-8.40131161187892,0.35281601705062426,0.2767070253141844,-0.01124399394087262,0.0013718143614329511,0.9608875651539
1749296690607391232,2.8726884318470507,-8.40223371726725,0.351952985114099,0.2891535357569841,-0.01052057326319481,0.0006397756539730406,0.9572247076755597
1749296690657982208,2.8615429724902466,-8.403306921435446,0.35091074236824715,0.3023428416196621,-0.008892586706703,0.0002893367602017198,0.9531577226814306
1749296690817286400,2.850585099217823,-8.404373479139034,0.34888712143914935,0.3149284351241366,-0.007220135134483307,-0.0010897403271569888,0.9490873315269368
1749296690869210880,2.83988856732337,-8.405037247456118,0.34668018363355824,0.3263920613640695,-0.005222698633194442,-0.004191849818586512,0.9452107564414397
1749296691031645952,2.82977681173994,-8.405388079278318,0.34529652096129837,0.3366204153405426,-0.003358608902212413,-0.008606098470488157,0.9415951097957757
1749296691081896192,2.8204763956022982,-8.405617478842313,0.3461500178791628,0.34506581542995257,-0.0016660215150893002,-0.013107892485493971,0.9384854770046055
1749296691238985728,2.8120696190468943,-8.405843303083586,0.3472991811182249,0.35182849569078967,-0.0005414460524679407,-0.017354938882384728,0.9359034258685652
1749296691294727424,2.803799573255393,-8.405996022383324,0.3488000186386717,0.3576135038702082,0.0003804045283542842,-0.021291540386822336,0.9336268566456427
1749296691454680064,2.7962691486178697,-8.40636438487547,0.35007017735415813,0.3622750147889242,0.0013572667623463217,-0.024053768809416506,0.9317598336978707
1749296691509727232,2.7888482130500547,-8.40683238274918,0.35163101577620415,0.3664899847281718,0.0027294111447405413,-0.025500666231962742,0.9300684692163655
1749296691674907136,2.7814064732504833,-8.407340240182904,0.35272859443293036,0.37023506461713934,0.004326487446483458,-0.026051848374285504,0.9285626417375413
1749296691731901952,2.7741351235138154,-8.408458262851841,0.3528066554884921,0.3737609463297765,0.006693877150297941,-0.024291570956197793,0.9271827579220002
1749296691888331264,2.766529059677368,-8.40990841308967,0.35208689747444843,0.37709218896018604,0.009372307043691904,-0.021512232517195067,0.9258784287032614
1749296691951618048,2.7598452443735315,-8.410372540150176,0.3518495824986374,0.37906691260314795,0.010946291126816382,-0.020576902103046166,0.9250756972161392
1749296692114956032,2.754097573861708,-8.409814734204742,0.35262976502719745,0.3792042003185464,0.011296484926463275,-0.021890309778134852,0.924985069191333
1749296692186826496,2.750138490888178,-8.408658883270947,0.35297893548737,0.3782537092523277,0.010449799797600266,-0.025053347116641055,0.9253038759884767
1749296692349812480,2.7451879499619256,-8.406342214164702,0.3539570346526677,0.38120073600857135,0.010862976185144004,-0.026060091294201542,0.9240610727958743
1749296692407115008,2.740330359573641,-8.403291383289865,0.3542937969132365,0.38610992339805267,0.011753106528233926,-0.0268966910538302,0.9219856612501307
1749296692556705792,2.7354857145573463,-8.401915704861423,0.35702773240135777,0.3896883019004711,0.014577579068088478,-0.021211923761884938,0.9205870821604879
1749296692605857536,2.73112695086491,-8.399252404760292,0.3598824030646859,0.3952077210144124,0.017510850550471323,-0.015407806810196194,0.9182956097319062
1749296692754850816,2.7273554279215113,-8.39561912941991,0.3626512770777115,0.4005552981545264,0.01944287130066123,-0.01110679207298866,0.9159989448933725
1749296692806346496,2.7241292767992826,-8.392009881802325,0.36640708940328626,0.40437153316237656,0.021162994341335947,-0.006415965487213088,0.9143274174087115
1749296692959056128,2.721291014268762,-8.388633323237787,0.36738312645298166,0.40773773500973653,0.022197730232945787,-0.0030341288625757774,0.9128241858560064
1749296693018736384,2.718658699051711,-8.385396174175938,0.3684360999676919,0.409579177569991,0.022679450213965842,7.235712182780739e-05,0.9119926176255642
1749296693178954240,2.7165768301259243,-8.382338993978568,0.36906518648574416,0.4098933066334818,0.022137479208925403,0.0015896603967368343,0.9118634120147424
1749296693242565376,2.7136673661060793,-8.379920661415508,0.36866142732270957,0.4103043561809631,0.022200443354616177,0.004991857446112281,0.9116647174115171
1749296693397348608,2.7101609854754107,-8.377402319187851,0.3696049529806009,0.41033990452522895,0.022343045566073083,0.00952562880534184,0.911609134149566
1749296693463681536,2.7076307020654498,-8.37412549796242,0.3693067950963891,0.4094069445773308,0.020145541254154017,0.009377903096676922,0.9120812276507728
1749296693621580800,2.7052303155287882,-8.371243635109876,0.36712572273955324,0.4080218029150364,0.01708037651953032,0.0078112149429663495,0.9127789732487427
1749296693673905920,2.701475527079545,-8.370516253335532,0.3678417827853928,0.40566936537506026,0.016169850421956986,0.013056904143662422,0.9137835734941347
1749296693828532480,2.6984187572203493,-8.369010096846047,0.36761047483568543,0.402054289971336,0.01332327477633631,0.01461162102661043,0.9154022824943435
1749296693879364096,2.695755992547303,-8.367413091755171,0.36502239736202613,0.39776583347751227,0.009173458172133116,0.01323823340886846,0.9173455938518026
1749296694034055680,2.69284838939075,-8.36617741390539,0.36038095085226907,0.39341787188921457,0.004787379167884736,0.01112249557438269,0.9192800167365016
1749296694092594944,2.6885642582380824,-8.364007115846235,0.360659310578487,0.39121852978786825,0.0018969683988973045,0.013373462445641245,0.9201986817876491
1749296694254771712,2.685273219167384,-8.361118970218424,0.3618371473699975,0.39045657503718684,-0.0011446223956321476,0.015407464462530766,0.9204916962627294
1749296694312117760,2.681313639367706,-8.358227934644791,0.36084488685076854,0.39137264982868375,-0.0036168966264929782,0.018730193058824535,0.9200345357065934
1749296694476444928,2.6775661696792836,-8.35580293849554,0.3572026262798249,0.39200011352015884,-0.006224007470012896,0.021117234591998338,0.919701709868141
1749296694540105728,2.6734382645178667,-8.353018622667657,0.3568426501280664,0.39151228075340705,-0.007935421784614734,0.02333888633819673,0.9198426275645516
1749296694701182976,2.6703512097369058,-8.348449118910734,0.35854238534373506,0.3901651316049086,-0.011030944486662388,0.019890674210379038,0.9204639316251958
1749296694752254464,2.6668177431603173,-8.343425444428576,0.36024981062075145,0.38778841987001045,-0.0140212264104616,0.014763935924424118,0.9215235063853155
1749296694911169536,2.663257709943629,-8.339564957561276,0.3615032649803043,0.3844778366800781,-0.015871981354632202,0.010787811429568328,0.9229347194868364
1749296694965886720,2.6594916947422087,-8.33649882682426,0.3615189006552555,0.3803976333805897,-0.017169299595297026,0.007536536186671347,0.9246329305687531
1749296695143136256,2.655507705457643,-8.33427600935398,0.3604050257210827,0.3777991487260951,-0.017049141752815647,0.007394505963281083,0.9257010593430739
1749296695204249600,2.6509399454397,-8.333107936725643,0.3590646747281445,0.37547526072268755,-0.015851619941204435,0.010245365559975923,0.9266402145466232
1749296695371822592,2.6464061412977755,-8.330804340482715,0.3588099146178729,0.37195796253503083,-0.01513286129567977,0.01058985600303147,0.928065798079872
1749296695429441280,2.6412451990449544,-8.32841795244667,0.35950294294989327,0.36810444452650587,-0.014344477305466964,0.01057855008966371,0.9296136015402668
1749296695594754560,2.6352167516132496,-8.324968623470058,0.36019964606762445,0.3660380716803199,-0.013528021030043216,0.009802711708831405,0.9304499070722276
1749296695646609664,2.6286568398380865,-8.320984052531802,0.3599992994169239,0.3655779303741363,-0.012335225677563365,0.009530912086369895,0.9306501924706453
1749296695812613120,2.6220033899073485,-8.317357431624995,0.3592521398412285,0.3638344225253443,-0.010910590454577311,0.00929649504639967,0.9313533417459959
1749296695872844288,2.6160043696069906,-8.314671514421047,0.3591203318946654,0.36034686451197123,-0.009470078505661037,0.009417074148193282,0.9327227742282135
1749296696038730752,2.6102693844456124,-8.312386617674429,0.359058498415449,0.35559775997000637,-0.008364351009237218,0.008695325295410148,0.9345612136476212
1749296696091175680,2.6043168901036813,-8.310949280206659,0.3584121580414785,0.350049981578233,-0.007088929624921292,0.008478329127175879,0.9366658291029212
1749296696252251648,2.598334827560572,-8.309968253831611,0.35778238576063526,0.34424235973948564,-0.005748062677087048,0.008587081896193003,0.9388239555747173
1749296696305803264,2.5921818660776332,-8.30941288507394,0.3567822858787508,0.3383163635652217,-0.00427902377792562,0.009120310182488753,0.9409785056215086
1749296696468519168,2.586136486779824,-8.30900506620886,0.3560636413876459,0.3319559263877954,-0.003168837553639062,0.009303571000746053,0.943243693311126
1749296696523311872,2.580036974680289,-8.308385445669515,0.3562205729625876,0.3255685434683095,-0.00280249185914243,0.008174182258947133,0.9454789539105037
1749296696685534208,2.573536029721544,-8.307080063063424,0.3571392032761782,0.31994887645133924,-0.003363272285839758,0.0047484766926330964,0.9474169392755002
1749296696739594752,2.5666486902343117,-8.306229887554172,0.35766922816066504,0.31458651893654593,-0.004005618553844422,0.0016269572670058051,0.9492189579509243
1749296696901769728,2.5595191321265123,-8.305613888476898,0.3578199931144117,0.30925359523407403,-0.004511284668884988,-0.0009303389284062676,0.950968451955644
1749296696958172416,2.552708371929858,-8.305438530225704,0.35671511811281853,0.3044195191575185,-0.004612154736505821,-0.0023659086485681683,0.9525239560561501
1749296697129393408,2.5458728552818526,-8.305348789631243,0.3557268649210008,0.2998709675627148,-0.00404301949928256,-0.0016233212094980132,0.953969822182327
1749296697193425152,2.539419955053417,-8.303876291736895,0.35516701792182026,0.29547530922016385,-0.004041755979755353,-0.0026809460533363328,0.9553380649686832
1749296697364181760,2.532449031984519,-8.30115859806571,0.35440020900832714,0.2936458348311811,-0.0036628492228047405,-0.003993089961849341,0.9558989289953339
1749296697419746048,2.5241537378679904,-8.296899326819727,0.35360417891535745,0.2941112518508689,-0.0022853686467396647,-0.00528340461882459,0.955753856523999
1749296697584205312,2.516261275111713,-8.292494792348634,0.3530433537673594,0.29491495910229143,-0.0009311342331990664,-0.006717761299567089,0.9554994356721805
1749296697640052224,2.5083175223713257,-8.288364392290532,0.35262011061291076,0.295528631563448,0.0005444282763884067,-0.007663668411266763,0.9553029884338109
1749296697805652224,2.5004051253773487,-8.284580555279435,0.35282763217598534,0.29590557432531317,0.002311160300404427,-0.007466142410883881,0.9551852209591462
1749296697862403584,2.4926274567419044,-8.281152367174656,0.35285327085691076,0.29576990338160675,0.004165853847100022,-0.006514800122284668,0.9552279137958262
1749296698034746880,2.4850473960715416,-8.27804736767591,0.3520991445485602,0.29473618684036523,0.0059741607069961206,-0.005867877153632892,0.9555419706053515
1749296698089466624,2.477545843530517,-8.275862348338563,0.3509067302794864,0.29288468488355723,0.007961588345274974,-0.004268625474151628,0.9561050953259486
1749296698255061248,2.4705775581955107,-8.274068683179935,0.3501237516466973,0.2901735745697406,0.00953950103465865,-0.003109791917216729,0.9569214302834168
1749296698316300800,2.465081335650457,-8.271142523463922,0.35083198262341764,0.28702065657320464,0.009763910227108149,-0.005620295858158989,0.9578581424364624
1749296698490355968,2.4624966658025103,-8.26712155975789,0.3536823434590448,0.28446014775118816,0.009021487633592546,-0.010305317744602676,0.9585900257818417
1749296698551980288,2.459619174378175,-8.264608545758913,0.3559066133077784,0.28180890452039853,0.008528092312202001,-0.01346936531758531,0.9593380995105265
1749296698735551744,2.457175091948944,-8.26264368069474,0.35718870979722217,0.28042558647641824,0.008422488329170122,-0.015326900756434333,0.9597164363773835
1749296698841834240,2.4557785917859505,-8.261210361016015,0.3571569929654861,0.28083772651978556,0.008964269199466444,-0.015169356568203859,0.9595935097020114
1749296699025265664,2.4546076748668044,-8.260705865055066,0.3556427054205962,0.2819582693953505,0.010176520136666613,-0.012379859848472542,0.9592928186052573
1749296699104556288,2.453493166389467,-8.259811288969713,0.35444242006722293,0.2825393826329524,0.0109973314422104,-0.009953225405390025,0.9591410163612906
1749296699313192448,2.451821063888939,-8.25805661582805,0.35496556296237847,0.28186471075801545,0.010715225686577798,-0.010037123713169751,0.9593418186003113
1749296699387689472,2.4492211159221497,-8.256029684474473,0.3561648728345501,0.28029664334365134,0.009884294046329806,-0.01165160818867483,0.9597918172646115
1749296699572699648,2.446777133433862,-8.253914985197698,0.35724551759904166,0.2793324455862572,0.009210144924809817,-0.01282949436969279,0.9600645614475533
1749296699667136512,2.4450889670875973,-8.252461182828004,0.3570271126514175,0.2797710423733474,0.009099039957543622,-0.011758211234987097,0.9599516215881586
1749296699841907968,2.4439197136133317,-8.251672056408614,0.3553938099398213,0.28106508959525506,0.009566139508655284,-0.008509068342882928,0.9596033035278946
1749296699911197440,2.4425320572837874,-8.25040457683231,0.3537792480484363,0.2819448555110704,0.009967741512431532,-0.005223565783556753,0.9593646110527988
1749296700095262464,2.440269043246868,-8.248229824468439,0.353809312623965,0.2808387742914657,0.00948667889879946,-0.004657247502878036,0.9596967728525689
1749296700165084672,2.437165116055642,-8.245330230678697,0.3553017938277452,0.2780834365751413,0.008312627428538633,-0.006449915574251087,0.9604992978221686
1749296700340383232,2.4342142849144937,-8.241866598377865,0.357310900162239,0.2755456165087543,0.006912751486701071,-0.009077560113668936,0.9612202791202837
1749296700415317248,2.4317139603598106,-8.23875506935461,0.35847064076696045,0.27342520942418813,0.005838419896367986,-0.010706282153036144,0.9618159612040716
1749296700598308096,2.42958272632414,-8.236662832952305,0.35801527712363823,0.2726048161632264,0.005614622278968718,-0.009787604806321194,0.9620599217374317
1749296700674012672,2.427984777437081,-8.234872325206391,0.35645544984137123,0.2729754367891996,0.006017847018452184,-0.006865454441806522,0.9619776826737279
1749296700864124928,2.4262342727766666,-8.232593484488408,0.3554639791373444,0.27258201502280455,0.006244187839618586,-0.004422542083286082,0.9621021236468883
1749296700942893824,2.423811933762592,-8.22964285658773,0.35558753869873794,0.2706089770808104,0.005884702399467838,-0.00399567568106251,0.9626630700181652
1749296701131552768,2.420769677057923,-8.226267936939738,0.3567233035561408,0.26755473639331795,0.005153374822514073,-0.004960182678773839,0.9635161142135787
1749296701209249536,2.4181503264288575,-8.223142515441413,0.3572399672065236,0.2651104669660754,0.004530618513472349,-0.005305956830394772,0.9641928026193873
1749296701395854080,2.4157635400939377,-8.220317513317415,0.3570797042086866,0.26318598724119824,0.004192089739780894,-0.004637171926205937,0.9647248618855099
1749296701474211072,2.413726415160123,-8.217799521175706,0.35617311232487037,0.2621860826236826,0.0042888926693013555,-0.0025937207968956964,0.9650043192082337
1749296701664501248,2.4114607495451383,-8.214903430412388,0.355730307308177,0.2602962867960011,0.004236537414565711,-0.0014578272092662286,0.9655183942166907
1749296701743846144,2.408888559620071,-8.211896257042845,0.35558735206749237,0.2579367129820936,0.004228151962312727,-0.0008128935143835362,0.966152220941975
1749296701932793600,2.406192336539829,-8.208920564583508,0.3555748676623427,0.2553329445696319,0.0041962626020753116,-0.0005541765587988606,0.9668439231261257
1749296702009243648,2.4032845151330844,-8.205735252984164,0.35609084417866077,0.25231449071626755,0.004022720972362833,-0.0009476410789359623,0.9676364593518346
1749296702195727104,2.4005098444726376,-8.20266154010025,0.35639183612149283,0.24946806914405828,0.004208740038106716,-0.000678058595054045,0.9683736413293004
1749296702271920384,2.3979771213651655,-8.199617876489283,0.3565416116626765,0.24695667956038284,0.004685903365145607,-0.00014621055896726394,0.9690151801456132
1749296702461040384,2.3950262525574684,-8.196533764332749,0.3565870297331122,0.2440651523142434,0.005282322507966661,-6.046808006017169e-05,0.9697444482121866
1749296702537464320,2.3918996986554486,-8.193851491538679,0.3562889057640857,0.24124289513938377,0.006111824326160939,0.0005937626037531576,0.9704453403433626
1749296702729208832,2.3891925898216373,-8.191109477909725,0.3559098540524075,0.23882291026927743,0.0069934908594793226,0.001492423943098949,0.971036807380073
1749296702807289856,2.3868377056485017,-8.18801324043295,0.35602613140669304,0.23630836266604233,0.007491573798934795,0.001807471963007177,0.9716475529229786
1749296702997315584,2.3842266314816185,-8.185316960087025,0.3559763888925924,0.2336958923769652,0.007945510616809062,0.0024497016819720347,0.9722741885439731
1749296703074903552,2.3813553279582966,-8.182607194860726,0.35590669292047394,0.2307565161261285,0.008360149230083285,0.0028393708406412536,0.9729714672812414
1749296703267120128,2.3786145106527443,-8.18032783402979,0.3555062027116609,0.22828266611427048,0.008984395589875545,0.004325169689824064,0.9735438346036605
1749296703344878080,2.3759683856142266,-8.177595982750477,0.3556893095873037,0.2256074562392583,0.009333517016867342,0.004664800837180354,0.9741624098591037
1749296703543977216,2.3730758299829717,-8.17509470767782,0.3556794324628507,0.2226620876856084,0.009749527604325355,0.004963688585220956,0.9748342952597677
1749296703621956608,2.3702416877014705,-8.172910029567264,0.35549229347688405,0.22003104895693165,0.010378458837343061,0.005901335332631811,0.975419806713174
1749296703810592512,2.367718334620634,-8.17052860609093,0.3557529991332915,0.2176431861062776,0.010682769136996168,0.005695406092466832,0.9759533207764169
1749296703886684416,2.364644735696421,-8.168213887230012,0.35661405535127244,0.21515699235303118,0.010655749268508848,0.0042732173793937536,0.9765119882839907
1749296704074264064,2.361621837324553,-8.166186763191295,0.3577490949779816,0.21306039024306822,0.010390213470016082,0.002569348068461278,0.9769804051382106
1749296704147233792,2.3588589309341277,-8.16474667806575,0.3582741651011996,0.21199572994616514,0.010312908508400142,0.0023500150783444555,0.9772133502116217
1749296704352710144,2.356897356144356,-8.16338656617721,0.3576006648309322,0.2123661718417722,0.01052647370538333,0.003773931766694239,0.9771261739650723
1749296704439759360,2.3551245650089596,-8.161899672146854,0.35687754032859464,0.2127134350051159,0.010918456179547637,0.005660384658399827,0.9770372264803929
1749296704628270080,2.352638102628175,-8.160304053718036,0.3572742829929023,0.21197306661506168,0.010943831485318387,0.005731249669932636,0.977197423430623
1749296704705272064,2.349649561017644,-8.158804424491587,0.35803001430345294,0.21074499329351795,0.010653196673687505,0.004955129025825967,0.9774704619059773
1749296704893859840,2.3469452936664865,-8.157158254082841,0.3588124225339384,0.20981532529680105,0.01028176366042854,0.004198519691357404,0.9776779567112219
1749296704981870592,2.3447475743173234,-8.155941106718915,0.3584485435573179,0.20980978185160754,0.01039222657515841,0.0052543781645293195,0.9776728740106764
1749296705170541056,2.342600438720407,-8.154414123103278,0.3575618211537801,0.2100915211194072,0.010852935453744337,0.007007074525611073,0.977596372462768
1749296705247345920,2.3397091522736937,-8.152278841216011,0.35780975660606495,0.20950020906885478,0.010944406496988085,0.006961005108848266,0.9777225714763924
1749296705438788352,2.3366246100190766,-8.150421208504477,0.3581421644392777,0.2087584816276819,0.010986685122380225,0.00674139874423668,0.9778822744285212
1749296705513250304,2.3337154137686538,-8.148833347900673,0.35861630232341435,0.20744609299777303,0.010958146199424696,0.006299192769632363,0.9781647906678519
1749296705700279296,2.3310913157577473,-8.147482620028143,0.358890155821447,0.2060892506045953,0.010974034417203161,0.00612679254170493,0.9784524790540403
1749296705773875200,2.328273618138185,-8.1460063384702,0.35920499943667217,0.20494217670441797,0.011038430906407475,0.005909528342235244,0.9786939944260167
1749296705965689344,2.3253780926688696,-8.144431976956252,0.35970250531945114,0.20379976994301713,0.01109974840579038,0.0053256327851964715,0.9789351801789221
1749296706040761088,2.3225750754194876,-8.143201444840397,0.35986501201217447,0.20265925577401858,0.01137325377517091,0.005296399190647511,0.9791689452302395
1749296706226188544,2.3196427700926225,-8.141759586357919,0.3603808565029287,0.20121662156435347,0.011663634554656218,0.005127831445887029,0.9794639024384032
1749296706295735296,2.317249962350713,-8.14068129517589,0.36080470259493325,0.20016067210561123,0.01181404655131035,0.006803989838483127,0.9796682292330354
1749296706478300928,2.3152275821341406,-8.139093309747636,0.3606373459689496,0.19965875452753723,0.011512614788485288,0.008365751464393596,0.9797621423813437
1749296706549750528,2.3132933823790442,-8.137267079341573,0.3609025100710155,0.1991125698953341,0.01075523142935493,0.010157271739926052,0.9798649597456672
1749296706736057088,2.3113940700131015,-8.135347363647618,0.36063709591525983,0.19885290729048757,0.00966891232792033,0.01184326485114985,0.9799100828515754
1749296706806514176,2.3089815099150823,-8.133488686877891,0.3606115297075947,0.1980457273298644,0.008380581504642493,0.01338526568611614,0.9800655541353044
1749296706991211520,2.3061367104615527,-8.131755128034623,0.36030932684830796,0.19762616387164625,0.0072470318850148705,0.015234541097538282,0.9801322811946264
1749296707064747520,2.302883362677922,-8.12973650347863,0.3605580401128825,0.1963526705449044,0.006120327050038043,0.01626664041920659,0.9803792974028761
1749296707252721664,2.2994155930023115,-8.12827721780938,0.36010745686642176,0.19514106027403696,0.005510327240744232,0.018208450498550084,0.9805906664961004
1749296707325659904,2.2957001562140134,-8.126781423346793,0.3597373216763762,0.19334771906105416,0.005164262611377828,0.019998931612015866,0.9809128568124421
1749296707511930624,2.2917331609407214,-8.124758699510604,0.3600818984843728,0.1909681511072688,0.004625112442596804,0.020718027552178404,0.9813666679340153
1749296707579196672,2.287598129859169,-8.122448426277925,0.3609143762176439,0.18755468390899224,0.003685795752695148,0.020065728564440374,0.9820422709795367
1749296707765142528,2.2837766821169567,-8.120250951227938,0.36129984300242013,0.18547427285798224,0.0029133990202630166,0.02064434269384867,0.9824279196606185
1749296707835482880,2.280250533014578,-8.118325284124127,0.3610429374019084,0.18381935925128437,0.0022563392326014906,0.022228257840159846,0.9827060886404978
1749296708024785408,2.276682792095423,-8.116388154570515,0.3606547695990061,0.18179587054795837,0.001768906356332867,0.023749860341464733,0.9830478505931303
1749296708096828928,2.272862181382945,-8.11434596894973,0.3605795896150026,0.1789744925135802,0.0013625671127201094,0.024615792656561303,0.9835447814879904
1749296708276680448,2.2684714432130595,-8.112159430573563,0.3609445562573286,0.1751660617468795,0.0010075539464049995,0.02458669028875892,0.9842313398321443
1749296708337767680,2.2639661576383125,-8.110267376087354,0.36114011873804186,0.17142620621955626,0.0007186597512427574,0.024997045014501593,0.984879529226735
1749296708514874112,2.259321489838214,-8.108047175737253,0.3611699062200757,0.1679463010806034,0.0006251159239802578,0.025780451664199632,0.9854587852850137
1749296708574167808,2.2541817699263644,-8.10597178851345,0.36135813792169635,0.1640772271514429,0.0006911425750779208,0.027180470505439275,0.986072719364722
1749296708759368960,2.2485736332880224,-8.104513298577103,0.3608890649543932,0.1594870646741042,0.0009920610260489616,0.02912828651256201,0.9867696970121248
1749296708819955200,2.242613533986622,-8.101902187951062,0.3613178817967784,0.154952285710391,0.0011248659466745379,0.029132457924766222,0.9874916828637034
1749296708997962240,2.2369284285392954,-8.098989566735408,0.36159087681842417,0.15146637248080808,0.0011202825969849365,0.02955830859488611,0.9880197312642179
1749296709057498880,2.2307852684492553,-8.096517119579541,0.3614906770001145,0.14744558634772129,0.0012094401543902222,0.02972965557348946,0.9886225184065813
1749296709234279424,2.224392065545334,-8.095049397761539,0.3604953693043864,0.1429476932442798,0.0017865589903661033,0.031205148225636425,0.9892365763189964
1749296709288741120,2.218087088997915,-8.094284910912748,0.3597596772287317,0.13782341355070207,0.002603168520300034,0.03324529747928456,0.989895287586723
1749296709460525312,2.211106813847513,-8.093854675335288,0.35906181370423473,0.13142466629595886,0.0032992105500423054,0.03494698051585651,0.9907044871461754
1749296709514789632,2.203959110847207,-8.093196409378361,0.3597568342408284,0.12471146326148355,0.0037844355272149033,0.03414364922678998,0.9915981747645555
1749296709685448448,2.1970628753341424,-8.093196145003889,0.36075271311337787,0.11828042780755478,0.004151743066081242,0.033481715205291515,0.9924069115912517
1749296709736693760,2.1891282625391857,-8.09333397692135,0.36233072068350536,0.11083286070429536,0.004351185864993232,0.030971531241500292,0.9933468218211741
1749296709907427840,2.1812457559194693,-8.094561570301085,0.3628351728041266,0.1038709206146628,0.004730003847739781,0.030558218600081975,0.9941099809328204
1749296709960595968,2.173168007511312,-8.094685456230224,0.3638033780977983,0.0980230188516977,0.005021565024789981,0.028941569074466947,0.99475055025841
1749296710134683904,2.164969148270469,-8.095022346695322,0.36395739776363456,0.09186828556220834,0.0053880260533563885,0.027467759586479127,0.99537767177409
1749296710186340864,2.1568522495178706,-8.095940107903461,0.3640473208708901,0.08420948530622113,0.00558349129916805,0.027167302993217856,0.9960620085403559
1749296710355467520,2.1495232469729095,-8.096813101467616,0.36442169743942765,0.07664721881479303,0.005623223909134674,0.026532013310399064,0.9966893374921405
1749296710405996800,2.1414821155919186,-8.098075498713177,0.3642055845410068,0.06873974633015018,0.005703642321288615,0.02551001746970575,0.9972921110424131
1749296710575952384,2.1333476163090888,-8.099595195840896,0.3645421422984554,0.06088262642193465,0.005808333350604695,0.024718180170331106,0.9978219182964074
1749296710624525824,2.1253115813054397,-8.100495931521602,0.3645947687260116,0.053484567871068464,0.006192200203606556,0.022845156083399064,0.9982881129713047
1749296710797570048,2.1171015242782882,-8.101135299629183,0.3651215572761606,0.04627308854134168,0.006784148579239627,0.020182875585455083,0.9987018715002
1749296710849900544,2.109440579646513,-8.10170513316752,0.36545712936237384,0.039716009236901766,0.007423254049488034,0.01766713480071843,0.9990272299880241
1749296711023515904,2.102405627242864,-8.101517159005954,0.36584791161567143,0.033871101085828616,0.008271250222150028,0.014242733340493901,0.9992904880353798
1749296711074025216,2.0950828746006676,-8.101024259575428,0.3668392249776016,0.027603611171329707,0.009469540724339474,0.01012493979705464,0.9995228131678027
1749296711247340288,2.087911404013929,-8.10132320055887,0.3674647042970225,0.02164577469230264,0.011078838891228604,0.008282851715247336,0.9996700026179917
1749296711300427264,2.081257825020344,-8.101976132839134,0.36686377439319884,0.01628788380760076,0.012964095786288682,0.0074122293104084795,0.9997558181466932
1749296711481245696,2.0748396060086263,-8.103136807999533,0.3656769791277097,0.011196260798714554,0.015227444601222247,0.00813435944025408,0.9997882780226724
1749296711536222208,2.068218918237576,-8.10417416395204,0.3647129386079002,0.0058137909846033295,0.017780610744227415,0.008516441836606586,0.9997887376513067
1749296711713199872,2.0613635695933126,-8.104392373069782,0.36480577378956847,-0.0001220439552318143,0.020536683289005146,0.0067720138990838,0.9997661574450851
1749296711768673792,2.054616358008379,-8.104487652507,0.3652300131030475,-0.006200924762167053,0.02345206050873073,0.004423844372121963,0.9996959432702325
1749296711937895424,2.0481269930907504,-8.103544497229906,0.3673059568337118,-0.012048876808006745,0.027024086371815942,-0.001396341801101323,0.9995611904996156
1749296711987279616,2.042942669663064,-8.102902925422914,0.36949618905893766,-0.017126208599672,0.030870271542200386,-0.007748176269262837,0.9993466290924345
1749296712156435200,2.037352526189314,-8.104499762326565,0.370294889398763,-0.023150370418224434,0.035180237161361726,-0.010755007293638123,0.9990549239560773
1749296712210123008,2.032679422554208,-8.107606425693929,0.3699374546172205,-0.028839112743534134,0.03885702624391349,-0.009768332049956086,0.9987807651214593
1749296712375242752,2.0279317939968045,-8.10862528241144,0.37274607866163834,-0.03297822141649695,0.0435270799839335,-0.01328302902321638,0.9984194466056063
1749296712428019456,2.0239908579818024,-8.111127807115409,0.37524364518312137,-0.037238719909500145,0.047847430253189056,-0.013971645356065283,0.9980624701308591
1749296712595123968,2.0202366707671966,-8.11432771254229,0.37639762709252045,-0.04271670005433789,0.051735705866559456,-0.012777362748365618,0.9976649935104234
1749296712645489920,2.0163610334396296,-8.117985952648418,0.3766147822848933,-0.049013753585745584,0.05515971222714034,-0.009881489814646916,0.997224856421809
1749296712802763008,2.011952395034378,-8.121282189989788,0.3769290589195977,-0.0560014619490589,0.05835341954957277,-0.007354213185826166,0.9966968597496718
1749296712851416832,2.006691677658902,-8.124706611847294,0.37758907387034224,-0.06362498468125499,0.06158511840416567,-0.005165177254948969,0.9960584598603538
1749296713007232256,2.000829277627951,-8.128675627002618,0.3777271617818916,-0.07229736958359781,0.06450110865444876,-0.0026102387662119866,0.9952918586963438
1749296713056547328,1.9941005230725355,-8.133197440163922,0.37787712456380484,-0.08237520616642238,0.06716177180596618,-7.383698650183428e-05,0.9943357664114383
1749296713210316032,1.9844588037026818,-8.137318474919006,0.38040478863332705,-0.09505934072687852,0.07070097609921094,-0.001238903543633221,0.9929569773344662
1749296713258049280,1.9754372939866598,-8.143656349896503,0.3816801127973415,-0.10850495878241045,0.07363860737676388,0.0007882736707103937,0.9913644173803386
1749296713410203648,1.9667937320779405,-8.151335070458352,0.3820415343612642,-0.1228817050839981,0.07595570009622865,0.004469485216504269,0.9895002990805211
1749296713458160384,1.9583148198909264,-8.159846246553547,0.38199694586507826,-0.13782323595374513,0.0777711138421783,0.008337034226181135,0.9873636125274703
1749296713651485184,1.950120915929288,-8.168456641828797,0.38166481597412494,-0.1530443479265803,0.07915269069330898,0.011330352872255334,0.9849791379656361
1749296713698814720,1.942489977850804,-8.177129947605358,0.38193315534605565,-0.1680010768956042,0.07991634915269082,0.013392116815531837,0.9824508468657461
1749296713852519936,1.935232267676784,-8.18655630441376,0.38143275520530295,-0.1831013454086763,0.07996923890386977,0.017113414870729825,0.9796866586670101
1749296713899936256,1.9284174806621253,-8.19632345654128,0.3804477797174184,-0.19858302912358652,0.07940824529529755,0.021374369463253603,0.9766279984995675
1749296714052637184,1.9219084388805658,-8.205360787248516,0.3807222710919733,-0.21453862871246698,0.07863261080015374,0.022331344422987332,0.9732889603633587
1749296714100597504,1.9157463057571222,-8.214521651859386,0.3816699760714659,-0.23020139848551505,0.07764811204411178,0.021198200909250443,0.9698086012763081
1749296714248395264,1.9100119247614753,-8.224433425641818,0.3826612557116644,-0.24522581705944232,0.07624864079215246,0.01946981569143373,0.9662667176829698
1749296714296949760,1.9044122853849976,-8.235032961399195,0.3835070604222741,-0.25980850756428847,0.07444099050659195,0.017599247126277504,0.9626257553328825
1749296714448865792,1.8987847282146006,-8.2461278397295,0.3841044621708227,-0.27423460139632755,0.07225200279738278,0.01568040146311791,0.9588165395416998
1749296714498261760,1.8933488186252925,-8.257508237382117,0.3844826641785901,-0.28843470141107447,0.06971939095635818,0.01356663834400775,0.9548615480113448
1749296714652839424,1.8878756260150649,-8.268482839952766,0.3855606283045647,-0.3014868996923542,0.06750805194619426,0.009782407150086036,0.9510271377551076
1749296714703036672,1.882546276335161,-8.279075373792372,0.38731463469278005,-0.3128796753321288,0.06570526390378591,0.004952353382749887,0.9475044069846682
1749296714863671808,1.8775648280761104,-8.289116884617977,0.3901417971198118,-0.3230570433661974,0.06435218741529018,-0.0008063671253390651,0.9441886953773686
1749296714913581568,1.873340906289723,-8.298556771676893,0.3932561988550649,-0.3328246299814395,0.06322787531258175,-0.0068809785796402475,0.9408414603932806
1749296715078367488,1.871356673092703,-8.306855617079892,0.39541608005569007,-0.34402989671915934,0.06176280980792028,-0.012751171857041213,0.9368384028765618
1749296715126399744,1.8697881321933694,-8.31480875294507,0.39758931350564986,-0.3545768559091802,0.06066083086599305,-0.018602585727256857,0.9328716206726774
1749296715289117440,1.8680338949692286,-8.322977715125845,0.3998937861201699,-0.36393808284955925,0.06000663783718646,-0.024140907264306503,0.9291746293693777
1749296715338322944,1.8666419312281861,-8.331343031841511,0.4017884685408082,-0.37257537111626343,0.0591534511177256,-0.028013164506319542,0.925690944469472
1749296715507160576,1.8653359016559432,-8.339428436870975,0.40348733192107833,-0.38046423649081573,0.05854933228069634,-0.0314353880905031,0.9224048768390941
1749296715561276416,1.8642718615989238,-8.346889924838035,0.4048727991592198,-0.38847690272220614,0.05825335194765484,-0.035023360591504536,0.9189480982357499
1749296715725359360,1.8634775706645144,-8.354621371779254,0.4061419090549707,-0.39611211369351074,0.05785840968392043,-0.03744566243131161,0.9156120467639047
1749296715774614016,1.862728838775622,-8.36337031105883,0.40643294269495334,-0.4030800052483888,0.05720798306955455,-0.038178420170474445,0.9125766621360415
1749296715942008320,1.8617086032198547,-8.372747775462003,0.4055683606941374,-0.4091172296749829,0.056664053417204395,-0.03779411122278359,0.9099361969887115
1749296715995920640,1.8600557166059213,-8.381482765214756,0.4046872710783411,-0.41394397312724485,0.056876934814220306,-0.037451547577299016,0.9077514984740235
1749296716164223232,1.8578925343776551,-8.389491107089867,0.40459934471037995,-0.4192700244146303,0.05760051629069016,-0.03736894980338426,0.9052615029597765
1749296716219818496,1.8555242958118536,-8.397002383845805,0.4051892778731667,-0.425125003078584,0.058484734956642054,-0.03691660134558512,0.9024884664523845
1749296716387270400,1.853168927920425,-8.404485526539569,0.4057530268937546,-0.43119889121174965,0.05956712744220766,-0.03620123891575025,0.8995603058422521
1749296716442782976,1.8509771166281275,-8.41199823410813,0.4061392735026015,-0.4375511765591377,0.0606760123543757,-0.03506983222212239,0.8964583070530376
1749296716608173056,1.8488930333363323,-8.419299819492297,0.40651099427076476,-0.44370780296118884,0.06192510796716926,-0.033652203442019586,0.8933958785432728
1749296716657798656,1.8468642527171926,-8.426746911993213,0.4069006062064635,-0.4502491441331192,0.0632133085038984,-0.03244529418667572,0.8900713952939533
1749296716818587136,1.8452875805107936,-8.434181467414188,0.40704162717394476,-0.45718677307304517,0.0636541560870932,-0.0312200791406342,0.8865403034258218
1749296716874432512,1.8441641178738784,-8.44063773576637,0.40693594976125436,-0.46325709285165284,0.06367409444000864,-0.03010083756491332,0.8834208596120936
1749296717044223744,1.8432808924102115,-8.44695201489555,0.40563020331675936,-0.4680922241582939,0.06368887195239117,-0.028715892077451937,0.8809136137069115
1749296717106732544,1.8418109330384156,-8.453325035804177,0.4045110490646815,-0.47060900290786944,0.0649465772498867,-0.028438245426183752,0.879488700713469
1749296717278132224,1.8398955888092772,-8.459942552358763,0.40495681631196456,-0.47135347458381677,0.06610490103445452,-0.0274465182275069,0.8790351145967807
1749296717341643008,1.8377762891385245,-8.466242388196912,0.40577734781549957,-0.47124906704737207,0.06729807936167206,-0.026720457901740803,0.8790229248721176
1749296717515075840,1.835554500632064,-8.47226312074719,0.4064202010189284,-0.47064139419045725,0.06841541337993619,-0.02609947970626598,0.8792808575452881
1749296717576922112,1.8332099752010529,-8.478240539503618,0.4069778090192595,-0.469906012750868,0.06935048837467334,-0.025222723821222984,0.879626433860314
1749296717745259520,1.8308564896878456,-8.484066144453399,0.40712771337631937,-0.4686879183980881,0.07037568170776692,-0.024515571554547762,0.8802146813835746
1749296717808542464,1.828549626536435,-8.489481212848169,0.4070746739150404,-0.4667700287510874,0.07222827644659893,-0.02515164715411994,0.8810653840588094
1749296717982692608,1.8269743950117268,-8.49512745198853,0.4069047203650067,-0.46428433041554695,0.07395897637157933,-0.025331874531400973,0.8822292369205301
1749296718046141184,1.8260901516841996,-8.500910289840945,0.4072692692119486,-0.4612458600683857,0.07533781495380294,-0.024591578893093567,0.8837260460432895
1749296718217232896,1.825774439913887,-8.50673518159229,0.4080008042204919,-0.4577651020673947,0.07653210629225628,-0.0233666652270148,0.885464819736994
1749296718279143680,1.8259239784621224,-8.512495375426818,0.4087616711037265,-0.45407132610275197,0.07723541794805176,-0.02151068008759543,0.8873506700667145
1749296718450917632,1.8263582437022974,-8.518225483161654,0.40909051615302783,-0.45013800087088973,0.07766494086562063,-0.019336353163258335,0.8893649659046864
1749296718514509056,1.8268837759333247,-8.523511410391645,0.4095228501571131,-0.44563973262613316,0.0782299318888569,-0.017530253389633627,0.8916153860705123
1749296718682262784,1.827408201315008,-8.528792196187661,0.40933392305713445,-0.44143320509290285,0.0781828952024638,-0.014932093854741403,0.8937567862188688
1749296718741853440,1.8274664499207471,-8.533355548355601,0.4089984992960862,-0.43626641218444706,0.07958343228136158,-0.014856533636225753,0.8961681640821345
1749296718907287296,1.8276997847230323,-8.53776836319189,0.40831586394869035,-0.43037614091747495,0.08152208952606518,-0.015522132899631612,0.8988267851140908
1749296718964599040,1.8283117560683468,-8.542441829401888,0.40810266171624665,-0.42498523706828806,0.08226118923590474,-0.014073166281573606,0.9013448790614593
1749296719123701248,1.8291710351657322,-8.54633034558772,0.4087152593197261,-0.4188046532226113,0.08289251273838458,-0.01289320966326392,0.9041931535438567
1749296719176879104,1.8301787096233504,-8.55008238325218,0.40875862432007226,-0.4123556767476705,0.08317497729653857,-0.011482002930244794,0.9071454583551641
1749296719334074624,1.831033785845988,-8.553807126457702,0.40828898657827617,-0.4060861606056122,0.08297729243999251,-0.00963267817375567,0.9100087969987554
1749296719387725312,1.8320904195340657,-8.556768020532623,0.4084462475011419,-0.399187084938839,0.08278423255850881,-0.008295839356007825,0.9130868639440117
1749296719543588864,1.8335177915774916,-8.559311076021809,0.4083756908100651,-0.3914999531352787,0.08296103523525991,-0.007844977791006106,0.9163971353355634
1749296719596024576,1.8357461076023158,-8.56177351756921,0.4085233928933385,-0.3825976932841088,0.08307448808558386,-0.007373847613067576,0.9201430654492683
1749296719751127296,1.8390427867318615,-8.564160925353814,0.4088715860848584,-0.37249707068933097,0.08287502289632129,-0.006444973245978838,0.924303048370858
1749296719802212864,1.8431846938843943,-8.566592897988386,0.4090164983045974,-0.3616047702808715,0.08253070673235621,-0.005494327606677714,0.9286552023870465
1749296719957350912,1.847447438010235,-8.569195821587169,0.4089370304545037,-0.3506609314521798,0.08204971309644554,-0.004605805514977753,0.9328898875480636
1749296720009461504,1.8516869006490713,-8.572138449747683,0.40821649452238074,-0.339946692607004,0.08189488712027225,-0.004417688552148112,0.9368617601743456
1749296720168625152,1.8559750218969855,-8.575468804640968,0.40708193641578694,-0.3287423723866968,0.08207537752162891,-0.004366742830281449,0.9408363388811588
1749296720221832704,1.8602404303137967,-8.579082375238222,0.4062071235844513,-0.31710447138575315,0.08211782787796819,-0.0032198706218184536,0.9448232898298736
1749296720381154816,1.864414930050191,-8.582567445830133,0.40566859483420137,-0.30514591823984655,0.08234901719608653,-0.002204166655717011,0.9487358692479975
1749296720434878720,1.8688359982589735,-8.586331479861125,0.40531630255289963,-0.2929184081271289,0.08284924031576522,-0.0010041074259776559,0.9525407084884333
1749296720593994752,1.8734382573886181,-8.590357826579979,0.40465536361198273,-0.28015318431648023,0.08348519325305297,0.0004920310023428242,0.9563180295959757
1749296720647404032,1.8781248903816246,-8.594706470090392,0.40358788429568904,-0.26725951227039335,0.08436790015718966,0.002173550410232379,0.9599217083714024
1749296720808020480,1.8828607000671678,-8.599140403942688,0.402348117052056,-0.2546028572737772,0.08534495216173237,0.003986739854625518,0.9632641019543248
1749296720862548480,1.8873788285565496,-8.603367865746943,0.40135866900776795,-0.2435209356151594,0.08648822260797968,0.004823512834158148,0.9660197073513399
1749296721021045248,1.8916246032484065,-8.606500726735495,0.4018353350205075,-0.23520441269157763,0.08806722282757214,0.002816794218966979,0.9679437556925384
1749296721077374464,1.8955951428675277,-8.608588467027229,0.4019585161809487,-0.2297904123574537,0.08950160189360168,0.00021849958515699633,0.9691159795942907
1749296721250990848,1.8970321110879977,-8.608069867083202,0.4031037282723431,-0.22875022592784944,0.09082432985247463,-0.0025070802748926044,0.9692357761624888
1749296721352112640,1.897795141623674,-8.607057408055518,0.40363194112214895,-0.22906702169662316,0.09144439473844383,-0.0036214637124663373,0.9690991214744432
1749296721577458176,1.8981908138600536,-8.606650110999121,0.40292909134321286,-0.22926914538678775,0.09145262457076649,-0.002548726310187271,0.9690539615660864
1749296721669236224,1.898195098690541,-8.606117697403466,0.4017828899657401,-0.22952325900337509,0.0910159420221442,-0.0006833276905499335,0.9690380306972264
1749296721848485376,1.8979878599487678,-8.605559245052913,0.4002487795110037,-0.22980502975114847,0.09022068970226887,0.0015623195190215386,0.9690445988748099
1749296721954561280,1.897931413636742,-8.604989894248913,0.3992068767819523,-0.23042857815651982,0.08932828609708321,0.002840539059826117,0.9689762943486141
1749296722148228352,1.8989255197999895,-8.60468582055101,0.3988189377027802,-0.23202276719590226,0.08824443127811211,0.003488961528917779,0.9686930282595247
1749296722227572992,1.9006204725999143,-8.60453504925426,0.3990131185492163,-0.23501362898651298,0.08718588747333393,0.002653020099196119,0.9680703366493729
1749296722396027136,1.9030108040948073,-8.605137136944604,0.3995406131600374,-0.23933698671638562,0.08596504243088428,0.0021164997443777096,0.9671211602990646
1749296722456994816,1.9056556179350084,-8.606268854021032,0.4004786820035098,-0.2446950153192792,0.08468717211085593,0.0015531601479923983,0.9658933792356788
1749296722623266048,1.908434731364654,-8.607805835300052,0.40161287028174275,-0.25069139749269126,0.08350285863677967,0.0015381807618209823,0.9644577387436899
1749296722679331072,1.9107039508532302,-8.608668613856567,0.40154066491899476,-0.25810064907033575,0.08258530480647676,0.0019271061148085724,0.9625798713049816
1749296722836946688,1.9129465489495585,-8.609781793225853,0.4010102716211965,-0.26493063150394053,0.08171657723334545,0.003363941074908378,0.9607928212661845
1749296722892186112,1.9152113931085148,-8.610809442949634,0.40107805098066596,-0.2726914402053718,0.08144194942164731,0.003780691783621681,0.9586408575075231
1749296723054515712,1.9171127598778144,-8.611376372637151,0.4009759666473527,-0.27916696584422074,0.08170857896519601,0.003589177542779623,0.9567531714655492
1749296723111068672,1.9189155902671318,-8.6117117588237,0.40093408627214977,-0.2851233439715186,0.08255885681899415,0.002711489583108512,0.9549247937442408
1749296723278142208,1.9208578458822596,-8.613020186412209,0.3999294215781628,-0.2897411926364092,0.08324203294173912,0.0028462465720659937,0.9534740185877162
1749296723353225728,1.9218340615291925,-8.614421425451065,0.39927792863086164,-0.29260657831881837,0.08435531196411263,0.0014691683671151428,0.952503760209008
1749296723540111616,1.9217625098734215,-8.616545578679847,0.3999942836362784,-0.2954056433158995,0.08541464811534182,0.0007253799003192944,0.9515457517158343
1749296723607200768,1.9206697389745653,-8.619598446274921,0.40149981895857234,-0.29859472527531444,0.0872057997626785,-7.762637610749746e-05,0.9503874644057848
1749296723774360576,1.9183340067331556,-8.62405839861417,0.40341539047175834,-0.30229114319565636,0.08969039595586922,-0.0008101470539332105,0.9489863230207765
1749296723835293696,1.9147149498842726,-8.630021093863796,0.4059735423681534,-0.3063826506706331,0.09249695607022229,-0.0009537379235149563,0.9474033327309723
1749296723993265152,1.91038635723827,-8.63650460149201,0.4078652918682897,-0.31081569532201725,0.09525260932971327,-0.0013878770453384943,0.9456842061463641
1749296724048359168,1.9056300533193395,-8.643653661696241,0.40943722091630885,-0.3153068524442881,0.09767246670234331,-0.0015584820132179722,0.9439487534732858
1749296724207093760,1.9003356535924376,-8.651252925883176,0.41066031188643626,-0.31919951655737694,0.09973389691740293,-0.0013188634372353536,0.9424240441724945
1749296724261500160,1.8946138145500444,-8.658814110842554,0.4113279211257015,-0.322268969638641,0.10152369470623834,-0.0009981838074591947,0.9411878952952645
1749296724412943104,1.8882331603900968,-8.666833446492799,0.4118099120433465,-0.32511869403946314,0.10280475483008537,0.00020681538337652823,0.9400686008998476
1749296724464064512,1.881210126953245,-8.675148391050898,0.41217904503914315,-0.3281680188143742,0.10341331219005996,0.0026288872131304437,0.938937978378418
1749296724619329280,1.87361574152618,-8.683257748694158,0.4123426095964544,-0.3312952825408581,0.10367257685466089,0.005477575968251776,0.9377981812394389
1749296724669061120,1.8655231984541762,-8.690859796947516,0.4133244694925349,-0.3339883714221415,0.10372430978631224,0.007855945895333264,0.9368197902629022
1749296724817402880,1.8574996771241752,-8.698470305101097,0.41404474772562816,-0.3363701751846292,0.10339742118070971,0.009905123902990722,0.9359839566252763
1749296724868329728,1.84955342572866,-8.706061706266235,0.4142442843675913,-0.33848100506473777,0.10277195605386943,0.011492062345193135,0.935273471644674
1749296725017869568,1.8415825230080412,-8.713457993999988,0.41434019965007707,-0.3398588958154181,0.102210543461487,0.011892321138299283,0.934830202998585
1749296725072162048,1.8338337254281147,-8.720797096490836,0.41452087219734324,-0.3407128958007907,0.10182265150678695,0.011080788857064653,0.9345716058138467
1749296725224376064,1.8264990748781291,-8.728364441687738,0.4149565917736,-0.3414075918798114,0.10137418018649222,0.0097489414078161,0.9343816618169322
1749296725278082816,1.8197633927294725,-8.736470566361156,0.4154527724383299,-0.34201154207116025,0.10063582927183799,0.009022468428481244,0.9342478953791299
1749296725432209664,1.81371486140107,-8.744889471295691,0.4173912050462518,-0.3427157216617912,0.0994693605378553,0.008820380317636916,0.9341166850726305
1749296725485147904,1.8077760773366407,-8.75342747920722,0.41971691510198506,-0.3431696643881691,0.09860151106208462,0.008166866075098683,0.9340479782958134
1749296725636301312,1.8019269295695106,-8.762172078621848,0.4216390522499647,-0.3433075626583793,0.09793259305351265,0.007471964035581615,0.9340734951773491
1749296725689565952,1.7961495173710587,-8.770905807903508,0.4236581284881269,-0.3433222664314737,0.09731760130709624,0.006734192022337549,0.9341379750904014
1749296725844512256,1.790391051023294,-8.779916141379076,0.4257339070473529,-0.34269875625906027,0.09677181097329052,0.006103631255383155,0.934427913081015
1749296725895944448,1.7850653240967143,-8.789798826071715,0.42789555394920686,-0.34135812189337417,0.09552336364057153,0.007149622076415016,0.9350394657555283
1749296726050832640,1.7803272300970336,-8.799738950118282,0.43129310816036615,-0.33948424317240544,0.09375348620608744,0.008607191849010492,0.9358881603644414
1749296726103466752,1.7758247052122247,-8.809815104502999,0.43431994099659166,-0.3370197968806578,0.09199254090688208,0.009789978537055705,0.9369413990470588
1749296726251713024,1.771189945586416,-8.819661382770587,0.4370598832434798,-0.3338230056191685,0.09057385903653309,0.009884622143817271,0.9382221864908593
1749296726302694912,1.7665216095751952,-8.829251300979376,0.4393051191110846,-0.32991205204009255,0.08938929130178053,0.008956470104088494,0.9397272871224583
1749296726454478336,1.7615790912324805,-8.838082231840794,0.4405350711632181,-0.32554648851434564,0.0890610087156785,0.00541775687626043,0.9413066814024824
1749296726511321600,1.7560619210359563,-8.84700691066261,0.441587514080509,-0.32194103923211076,0.08911053046126594,0.0006420945385134559,0.9425565597531342
1749296726674219264,1.7509910745415334,-8.855470717758767,0.4427768106887702,-0.31879178295923594,0.08880792125798705,-0.0025369773805772986,0.943651692090507
1749296726726507264,1.7465908789939557,-8.864616751648235,0.44429798008815524,-0.31507897740726476,0.08790210816348845,-0.0029683465969398597,0.9449812941507822
1749296726881528832,1.7426098212308232,-8.874678487870645,0.44648441601396094,-0.3104789617961018,0.08657374071312784,-0.0013736723345221845,0.9466287100681386
1749296726933265920,1.7388609712180023,-8.88453656687099,0.4490779909987004,-0.3044974579071264,0.08571856173384643,0.00036339382547048135,0.9486482457936165
1749296727085902080,1.735185137949002,-8.894342755214504,0.45154137310875475,-0.29699960057138175,0.08528902284541039,0.0024359266825255167,0.9510578773679929
1749296727138514944,1.7314415253543727,-8.904041441374197,0.45337357944312373,-0.2884595331646045,0.0853081631406559,0.004389296062345572,0.9536741315082959
1749296727289645824,1.7273465806702055,-8.913300824721611,0.45419683926874077,-0.2792938353925137,0.08588379070656384,0.00518826682394661,0.9563430398622528
1749296727341735936,1.723614991253569,-8.92265692131955,0.4555267789296651,-0.2700164941781862,0.08630119200823395,0.007276957104628758,0.9589526802845785
1749296727492937728,1.7201225837426302,-8.931853051500518,0.45740910683869984,-0.2605806587164953,0.08685749589293332,0.009743458658030888,0.9614876810045284
1749296727543438592,1.7169828684212538,-8.941271945234146,0.45990350703136906,-0.25119531641878184,0.08726859633252962,0.013532207757698452,0.9638993642785644
1749296727695136768,1.7138380163626437,-8.950596746974908,0.46203893645239136,-0.24154802723843075,0.08782074672168984,0.01738337728006352,0.9662504257058859
1749296727744008960,1.7103714280124676,-8.959470254187748,0.46375423825111595,-0.23123531054282323,0.08890029681761287,0.020300762612284542,0.9686149118309423
1749296727897621248,1.706644292069889,-8.968333652294845,0.46468857815625597,-0.22024494373751172,0.09038925753474529,0.022970738661549025,0.9709759482323548
1749296727948275968,1.7026536363512355,-8.976940123113597,0.4656605589004865,-0.20904861488986518,0.09223017510687967,0.02541122612747461,0.973214540067647
1749296728097960960,1.6983278181075567,-8.985411779722055,0.4666603208780158,-0.1978137665839349,0.09441401662540765,0.02792725511460236,0.9752824081445834
1749296728149443840,1.6938026111581639,-8.993524487106885,0.4675786161039528,-0.186914691465086,0.09680643838203605,0.03001620468973223,0.9771337876966084
1749296728298403840,1.6890787616646814,-9.0011698568553,0.46863918763087575,-0.17681188862401626,0.09923798157630337,0.03170349992537006,0.9787156211823493
1749296728348102400,1.6842367933539202,-9.008542119209956,0.46966985015444385,-0.16724340175368488,0.10154576971087624,0.033285507839141096,0.9801072268846771
1749296728493760000,1.679240593231917,-9.015418537572202,0.47049399764616684,-0.15805104409161136,0.1038597856208667,0.03406682271793809,0.9813625548095075
1749296728544595968,1.6740853737649597,-9.021648809726067,0.47113835133461546,-0.14942694252376237,0.10613554391085542,0.0336130719512178,0.9824851126407714
1749296728692432384,1.669027642852757,-9.028003081546116,0.4726721042673434,-0.14128077441025083,0.107952051987095,0.03451758701665384,0.9834605398491405
1749296728747297536,1.663769639457283,-9.034667885318475,0.4745087845114555,-0.13357133007040112,0.10937096882871035,0.03626691845894086,0.9843177340605958
1749296728900244224,1.658934977288888,-9.040511741374825,0.4751019183789258,-0.1275653846840191,0.11095450695663038,0.037369688175035706,0.9848957693188299
1749296728961446912,1.6539429171242315,-9.045491255112822,0.4762192819168032,-0.12282280702875788,0.1126664953263633,0.037147667562375385,0.9853125746173781
1749296729122717440,1.6488187526484746,-9.050501973727835,0.47724525388433126,-0.11889872030385537,0.11420306448322348,0.03700881770962776,0.9856221901846984
1749296729185097216,1.6437894914156579,-9.055188580336367,0.478678418445766,-0.11606910848587264,0.11530659606204038,0.037268924339376126,0.9858211695020886
1749296729343795200,1.6387555532873175,-9.059757999005233,0.48111859168073945,-0.11419193441033802,0.11596659828957484,0.03815175489685813,0.9859292032367534
1749296729407243776,1.6334260344111673,-9.064105091147756,0.48286864962813736,-0.11299524919018575,0.11654006354523107,0.03802051991411218,0.986004527025501
1749296729569938432,1.628056780241128,-9.068744949185055,0.4846222169656298,-0.11221718097295406,0.11679051808023859,0.03860224222420693,0.9860411482673004
1749296729625109504,1.6230737041416834,-9.074054923451044,0.48700982001872895,-0.11208966765882016,0.11635059209319866,0.04143580267600478,0.9859926573663177
1749296729777290752,1.6180749109810382,-9.079714846499531,0.48831907071924885,-0.1123154302611929,0.11561755325945752,0.04451030464972662,0.9859191946014277
1749296729839744256,1.613097710883281,-9.084844580122201,0.48967872223374487,-0.11321411309383485,0.11462322003301537,0.046956272260465,0.985819045525618
1749296729994247168,1.6078053387541869,-9.089855286073767,0.49053439202615845,-0.11462907668465933,0.1134638224375835,0.04884383423423127,0.9856979332602731
1749296730049867008,1.6021765015861207,-9.095311182384098,0.490807578118857,-0.11623229194111508,0.11196069988108595,0.051392299916375055,0.9855524783092771
1749296730202217984,1.5964432239376762,-9.10085850119863,0.4904617137151144,-0.11780798677783366,0.11021939987587645,0.05453225554395726,0.9853929141452377
1749296730258363904,1.5902471950085206,-9.10525942880604,0.4909941090090988,-0.11953693778799288,0.10862157143481443,0.055094887606091374,0.9853308216446764
1749296730410006784,1.5834694953002648,-9.108471870915231,0.49287074603145076,-0.12084861800527599,0.1075047761364491,0.051476301464960975,0.9854889776256025
1749296730465449984,1.5765411312706377,-9.112632983833048,0.49443315745787464,-0.12160627673777478,0.10626657144861987,0.04910308654779501,0.9856511635167945
1749296730619880192,1.5694294797826136,-9.117295617443318,0.4959321918127544,-0.12214114777479788,0.10491449810893762,0.04806628570105269,0.9857809697319732
1749296730675763200,1.5620255014337712,-9.121630305187919,0.49767118185879466,-0.1225818434105233,0.10373356923902595,0.04613122409827572,0.9859436842143695
1749296730830215680,1.5543552661277897,-9.125765064358443,0.49923756729564195,-0.12269364261982775,0.10290686584065227,0.04279074445016243,0.9861670239938733
1749296730887148032,1.5466981593828901,-9.130701301322413,0.5002505220091678,-0.12254584780437282,0.10219914046427388,0.041050571020716964,0.9863329567104325
1749296731040766720,1.539256869917347,-9.136204695229665,0.5014184913137063,-0.12226765197329556,0.10156418890125471,0.04121237404184859,0.986426316072114
1749296731096359424,1.5319144101467495,-9.141515091774547,0.5029206329213878,-0.12174245134128232,0.10128024671757986,0.041274253529540346,0.9865178777710117
1749296731253085440,1.5244707276660954,-9.146070235753937,0.5052187702295567,-0.12059889099160687,0.10158079916754212,0.040053918592270144,0.9866777246586048
1749296731309270016,1.5169743740010704,-9.15075422245046,0.5068944807928917,-0.11906296492240617,0.10217504635525569,0.038993130246748636,0.9868453810398807
1749296731466891008,1.5098638547543688,-9.156529920374773,0.507875402371337,-0.1174185622624132,0.10252012034524571,0.04067405909991454,0.9869387656166722
1749296731523121664,1.5034741059653491,-9.162500679826739,0.5099575985079072,-0.11505778737661072,0.10262544444811998,0.04371563658067946,0.9870758161530301
1749296731677263616,1.4976962745126254,-9.168268798553079,0.5125407707333816,-0.11210271336355744,0.10258527399772123,0.04685838742647251,0.9872758149287013
1749296731733724160,1.492400943663203,-9.173631065127203,0.5154460863769996,-0.1087233044835659,0.10254124757451162,0.04916262193873419,0.9875462380122491
1749296731886306048,1.487270316433797,-9.178649872656582,0.517537017090659,-0.1052322105035503,0.10260209745550138,0.050681569003587654,0.9878412676303833
1749296731949363200,1.4815002312253842,-9.182988066936158,0.5193777179664427,-0.10195160215215474,0.10334328481401983,0.049822195412197914,0.988151701484527
1749296732109336832,1.4756434501497044,-9.186928743395068,0.5213864611112213,-0.09939111372544294,0.10420311989246592,0.048313141481017605,0.9883971654539118
1749296732172381440,1.4699035315018572,-9.190668273342057,0.5237054973471746,-0.09722590192948294,0.10504532534179625,0.04635926802136165,0.9886169237305005
1749296732331456256,1.4642812006296384,-9.194995615548024,0.5253846643747733,-0.09532935393945975,0.10572431573837862,0.0458546425175959,0.9887527674291083
1749296732394710272,1.4586375471238417,-9.199063927815775,0.5267410078380901,-0.09362708106042525,0.10642097148184733,0.04469557968730205,0.9888937514603783
1749296732548869888,1.453016825993617,-9.203366309504961,0.5282369113731185,-0.09232710347207039,0.10687835015879266,0.04460514771620706,0.9889707301174324
1749296732611505664,1.4474992791152133,-9.207823130726814,0.52931669769294,-0.0915615346764817,0.10707282295601153,0.04518431597137501,0.9889945771045042
1749296732768127744,1.4422296913643282,-9.212135682947459,0.5297430105976337,-0.09187029214768368,0.1072772778729,0.045533439926513763,0.9889277733592774
1749296732829868288,1.4376082053269914,-9.216007711915811,0.5301015118784438,-0.09415358669580792,0.10728118749611461,0.045487698137961434,0.9887146798949877
1749296732985726720,1.4332244671271948,-9.21912288708473,0.5309774405918741,-0.09772031714807775,0.10736566626554303,0.04394944282826899,0.9884289553624579
1749296733048732928,1.4288483481816052,-9.2221264121442,0.5327544039014573,-0.10169768010176886,0.10767970340635939,0.0411378179716754,0.9881145395493206
1749296733207218432,1.4247877783938923,-9.225561609264043,0.5345441013572301,-0.10571943799455795,0.10809118528793217,0.03826306644464751,0.9877629441517924
1749296733270966016,1.4208072221886745,-9.229258354751128,0.5363846964089904,-0.10963731373617538,0.10847163023357152,0.03578608745039426,0.9873869154572484
1749296733438629888,1.4166818044338076,-9.23380356381071,0.5376220676203634,-0.1127509557587452,0.10862797820913908,0.03557176248409237,0.9870267646013756
1749296733501384192,1.4120813166759394,-9.238446788126152,0.5388478655929183,-0.11490688707560069,0.1091896924357157,0.03592703099755161,0.9867032313781536
1749296733654303488,1.4074130104411693,-9.24346715432571,0.5402045756153733,-0.11654942462579196,0.10969152454306423,0.0374274777694966,0.9863991002482864
1749296733716707072,1.4024607241628133,-9.248093239442476,0.541671564930394,-0.11781587726857928,0.1103480066977871,0.03815689493419853,0.9861474473172055
1749296733870559232,1.397685612155409,-9.253105239057845,0.5437654674804118,-0.11852119177397215,0.11070474015722974,0.04064558290057316,0.9859234880039477
1749296733930628352,1.3932383382874383,-9.257732164311351,0.5453674977342793,-0.11789644209681685,0.11087682450537735,0.04264619835978955,0.9858945483640595
1749296734086386176,1.388990744316358,-9.26230251093584,0.5472433713385971,-0.11585729360396824,0.11064978282222601,0.0455509313656248,0.9860318583757234
1749296734147521536,1.3846573588536013,-9.266330360005355,0.5490126203907888,-0.11258091270810307,0.11014102318924615,0.04802691773997056,0.9863508038608952
1749296734298354432,1.3797461259242376,-9.269487364600595,0.5501232844290329,-0.10946429179110255,0.10984513335171003,0.04819182931283713,0.9867264884906555
1749296734359709184,1.3741959231081609,-9.272388439546388,0.5517668223701522,-0.10702367760874106,0.10971737595996028,0.04809050819779381,0.9870133397603291
1749296734513439232,1.3684041391053632,-9.275684536590916,0.5530587711934545,-0.10424641912699961,0.1094370765108149,0.04927108663470154,0.9872834296218082
1749296734575024896,1.3627364017429735,-9.278655499137468,0.5531718572288145,-0.10056063710493975,0.10919320775930426,0.04926541190359668,0.9876929284115842
1749296734730939904,1.3564404270233248,-9.281091405878957,0.5533778359900907,-0.09765069645687832,0.10918301650601046,0.04673476673711969,0.9881089372969772
1749296734793457920,1.3495464337630345,-9.283846094468313,0.5548275929563848,-0.0955508479903106,0.10904334241729356,0.04586801633324604,0.9883702292159808
1749296734943944704,1.3431005167324526,-9.286059563401006,0.5569399333268632,-0.09413804706367797,0.10867069273210693,0.045136034148138965,0.9885805212816703
1749296734998242816,1.3358296187011662,-9.288711517413452,0.558796464345559,-0.0928525870945901,0.1083022387374669,0.044058969337749644,0.988791094910947
1749296735144093440,1.3289424637605087,-9.291708437984902,0.5601232580133226,-0.09199446704262222,0.10778174348723131,0.043690498333035156,0.9889445152079096
1749296735198663168,1.3221793354094986,-9.294640661743347,0.5619875072123217,-0.09151009523187767,0.10714271150515434,0.04309181179267814,0.9890851518440668
1749296735344274432,1.3154918961501276,-9.29787548110329,0.5634579461780578,-0.09129091849508353,0.10631219848090079,0.04293536712470181,0.9892018190967649
1749296735397863936,1.3088781387418456,-9.30144033043767,0.5640835241690056,-0.09118742189164623,0.10538672003766492,0.04304687869502608,0.9893055440879088
1749296735552804352,1.3024101590033212,-9.305149967607342,0.5653751432833722,-0.09137273509222896,0.10411913223399183,0.04378941607936512,0.9893900730369362
1749296735609687296,1.2961557720943704,-9.308482757990012,0.566705792782424,-0.09172661934456902,0.10285622926483823,0.044001652647194286,0.9894800038249136
1749296735761633536,1.289661142007787,-9.311734496178804,0.5671969932262155,-0.09220609210565422,0.10174953887915493,0.04290793964919736,0.9895978863313845
1749296735820499456,1.2833493455627094,-9.315270767634026,0.5680153259407392,-0.09301876001076632,0.10035939836097908,0.04248938232213519,0.989681844754447
1749296735973870848,1.2769866032746564,-9.318569264692421,0.5693505809036021,-0.09391901059340509,0.09885091368993658,0.04139024061117842,0.9897952133113037
1749296736029724416,1.2708868878059705,-9.32192691012827,0.5715621943329752,-0.0948164304612412,0.09704499199406602,0.040879310231940275,0.9899095898305164
1749296736176948992,1.2645650698391102,-9.325288062986187,0.5738174753098968,-0.09572327946647943,0.09513059847131643,0.039900020094051,0.9900480853974547
1749296736231001088,1.2581179168862602,-9.329186531940106,0.5750661035249709,-0.09676640265544696,0.0930818271915992,0.03932256202366432,0.9901645180876218
1749296736383676672,1.2519455355174816,-9.333039159116915,0.5764465778441239,-0.09800456511487599,0.09087769767985802,0.03896074623973253,0.9902617883840087
1749296736436009472,1.2452990930946801,-9.336839219767157,0.5780252612297905,-0.09924728857138702,0.08880591548685267,0.037498766341876925,0.9903824148320725
1749296736585012736,1.2384785482121887,-9.340884691147764,0.5798562947758157,-0.10038232532916419,0.08671224168114793,0.037050107672563545,0.9904704263255877
1749296736637686528,1.2311947828309604,-9.344747892680738,0.5807968832211765,-0.10142768864667893,0.08476552422797684,0.035644037569001655,0.9905840360433475
1749296736786347008,1.2234883131350145,-9.34874521951204,0.5819359372797273,-0.10246208918060407,0.08282366212009397,0.03453858790685184,0.9906810017453465
1749296736838863104,1.215461472350809,-9.352771678842627,0.5834467080094243,-0.10341032100155241,0.08114842513229584,0.03331085404790383,0.9907631531357549
1749296736990637824,1.207190821387695,-9.357065745360558,0.5846074059947224,-0.10410840249961036,0.07977033602446855,0.032346152743414444,0.9908339217155527
1749296737042735616,1.1987754770931338,-9.361762761326698,0.5856332316253066,-0.10443196355896418,0.07859762613483917,0.032901893187930784,0.9908752916375688
1749296737192821504,1.1902679486253667,-9.36643682807317,0.586517878270421,-0.10439855179975846,0.07771403614910789,0.03431538762500969,0.9909005626901589
1749296737245746432,1.1818086416664828,-9.371063398231051,0.587164297747004,-0.10408865505877353,0.07696479364562245,0.03635359593781391,0.9909189616156976
1749296737400229120,1.173265419385292,-9.375003093076959,0.5879414601685578,-0.10371015049399017,0.07639531793612919,0.03760741983220422,0.9909559233666834
1749296737454575616,1.1645373921582984,-9.378343070201879,0.5891263964385005,-0.10331320976360148,0.07612100741730823,0.03811419994320878,0.9909991325328218
1749296737606474240,1.1557362169566479,-9.38149663769291,0.5904114661853175,-0.10299845479752702,0.07612502075898113,0.03829211337145708,0.9910247290442927
1749296737658274048,1.1469087176835977,-9.384562635019904,0.5919082269421292,-0.10271261460949802,0.07636700431852297,0.03851244896841873,0.9910272401533422
1749296737809952000,1.1381332838074552,-9.387670133931639,0.5929449437103593,-0.10218118837323374,0.07684282378610116,0.03872173432900376,0.9910372407058001
1749296737863928064,1.1295130236854312,-9.390765318787293,0.5939172499402265,-0.10126573856426943,0.07751433136315851,0.03904955437003408,0.9910660477131972
1749296738016565248,1.1210022630865484,-9.393489093145819,0.5951362964434801,-0.10017113509563294,0.07840304979871075,0.03839399092706317,0.9911329915488668
1749296738070592512,1.1126570879783593,-9.396339537825824,0.5967013789565967,-0.09922464299629166,0.07936543143794832,0.03770446854707696,0.9911780725815665
1749296738222686720,1.1047198635832816,-9.399649221584928,0.5982679961167139,-0.09840485188758463,0.08015534592518034,0.03781267167191365,0.9911921143278074
1749296738274846464,1.0971624084104863,-9.403006457345132,0.5997232211196573,-0.09762651188587125,0.0807618592530319,0.03759718067326294,0.991228045543715
1749296738423782400,1.0897124825056212,-9.405973677621311,0.6015294937074787,-0.09697820813713255,0.08129846745713593,0.035917589662084616,0.9913100993576622
1749296738475397888,1.0824157768724043,-9.409084968684546,0.6037547091642295,-0.09611818011920481,0.08178925831389393,0.03414595649566562,0.9914160914217759
1749296738628543744,1.075303153928354,-9.41203538850386,0.6066875526716391,-0.09491203562294269,0.08235493737406045,0.03153032439865917,0.9915720893749173
1749296738681677568,1.0682932775899547,-9.415171239885778,0.6092208321236581,-0.09350167150835018,0.08291870206353104,0.028333684570421246,0.9917555790576164
1749296738828284672,1.0613389196517695,-9.418787097717356,0.6113138248085774,-0.09207227896854339,0.08336791233070184,0.025677465457035895,0.9919239660411789
1749296738880249088,1.054489044839627,-9.42246973866739,0.6137420359727961,-0.09086053501326068,0.0835838638879959,0.022841736937574277,0.9920868691441954
1749296739027778048,1.0478116950654948,-9.426789514400902,0.615824759640526,-0.08971808643868213,0.08354085744644119,0.021075884177836957,0.9922335396513348
1749296739080484096,1.0413436812330268,-9.432340981230416,0.6174876787193475,-0.0882077899996403,0.08318061837881195,0.02204382336857761,0.9923781740651054
1749296739233758720,1.0353534195703409,-9.438682778387475,0.6190456112863778,-0.08619159387877168,0.08219957454301735,0.025040890745398794,0.9925659639944645
1749296739287267328,1.0298667075826664,-9.44495203280535,0.6205587127287044,-0.08379542509944521,0.08075394599605332,0.028046941205113002,0.9928093956180646
1749296739433322752,1.024723220594736,-9.450487026251846,0.6220204146374515,-0.08099061727884008,0.07908211449048835,0.02982457085076468,0.9931248834129943
1749296739491776512,1.0195883516732236,-9.455129711580572,0.6224980679699024,-0.07770112589289295,0.07726366354119368,0.028524376890994824,0.9935689313047941
1749296739647473408,1.014631064414206,-9.459066068777009,0.6221037740184236,-0.07409404965066978,0.07552929305852582,0.025543605744747615,0.9940588120941338
1749296739707192832,1.0093703124830742,-9.46357397701431,0.6227912950509245,-0.06958745508398029,0.0738440498066055,0.02469942399910694,0.9945323427909255
1749296739856935936,1.0038353515895007,-9.468742865585952,0.6251553183943583,-0.06413988618398163,0.07227593484669101,0.026770652262034296,0.9949600979033318
1749296739909865984,0.9981701537850425,-9.473901999133066,0.6269921546231485,-0.05807837846966439,0.07092577906032686,0.028838042934001884,0.9953716909269406
1749296740061688576,0.9923249151987279,-9.4785774998659,0.62864162748363,-0.051511330796728434,0.06988475730911878,0.03004028742265412,0.9957712009427466
1749296740114065664,0.9861685745754798,-9.483259393801664,0.6299331129285402,-0.04428345284262991,0.06923832682689995,0.03139781189544286,0.9961220845412093
1749296740263589632,0.9802869381148365,-9.487070687088138,0.6304893821281023,-0.037313947515912584,0.06887841962422679,0.03118067796171334,0.9964392595400366
1749296740311042048,0.9736702969498867,-9.491026878230322,0.6316172033641032,-0.02936991497454315,0.06890823478146034,0.031219732760801016,0.9967017565751729
1749296740457527552,0.967073635614581,-9.494434718837017,0.6327277057833149,-0.02127330928082831,0.06913170112414754,0.029873721979092417,0.9969332048572962
1749296740505274880,0.9604062753641021,-9.49816807196624,0.6341644613923614,-0.013005770812887407,0.06965626270686535,0.029174751669233445,0.9970595212204302
1749296740653399808,0.953667296356417,-9.502078279080294,0.6354308988882873,-0.004513289254719173,0.07044738574665793,0.02877859660887842,0.9970900603449964
1749296740702084608,0.9471727891308417,-9.505347762719612,0.6362831073357111,0.0036797915393305164,0.07129839135947358,0.026682054499411804,0.9970913029865766
1749296740849895424,0.9404683123726167,-9.509324685257113,0.6379460203243426,0.012052778105356677,0.0726523667960199,0.02684410010930667,0.9969231456979022
1749296740898202368,0.9337211092193671,-9.513049335658103,0.6405235968605005,0.020667374500289715,0.07426916759397557,0.027019549404471904,0.9966578622206028
1749296741045193472,0.9270254160914009,-9.516650219593542,0.6426948571816427,0.029484492565556,0.07600311383482247,0.0266652600439949,0.9963147872496669
1749296741094290688,0.9205068525060938,-9.519824113872327,0.6444839067855024,0.038170193677356364,0.07772536506589513,0.025000083562106624,0.9959301179108371
1749296741235775488,0.9141368131661225,-9.52250313400307,0.6458496325880456,0.04669397370780053,0.07937964212911211,0.021948701995952013,0.9955083122282418
1749296741285012736,0.9078325339430457,-9.525291784848708,0.6470959692637592,0.05509582457953818,0.08106712817899524,0.01928108498872166,0.9949978947738376
1749296741429960704,0.9014754869240287,-9.528701233240081,0.6485830160564863,0.06353376340395528,0.08281303424856343,0.018361630543146622,0.9943682983633746
1749296741479431680,0.8954592839292426,-9.532101737047869,0.6499495297026607,0.07162025166681349,0.08427624154169308,0.01748001817343278,0.9937114790659534
1749296741619807232,0.8897549065232355,-9.535287657752523,0.6512251229536554,0.07934816821059898,0.0854232750539422,0.01620125965839012,0.9930479603051215
1749296741670573568,0.884196921703805,-9.53854672593323,0.6525951271434867,0.08671055079726268,0.08621037438736183,0.015584405688020761,0.9923740111610023
1749296741818478848,0.8786404023511376,-9.541801855831041,0.6541141502622523,0.09387967045076487,0.08676126365630017,0.015392947684360794,0.9916764329993952
1749296741869055488,0.8733231242793993,-9.545145800097533,0.6561091889410724,0.10046093574046287,0.08703859236992267,0.01688042862281675,0.9909828126450646
1749296742014262272,0.8681448499136906,-9.548501148650704,0.6581365790516198,0.10657208788946937,0.08701509280284696,0.01919982152489431,0.9903040596507738
1749296742065066496,0.8629831170909585,-9.551324386776313,0.6597284888126742,0.11239754914934547,0.08657839242338645,0.0207917353707332,0.9896659419475221
1749296742214929664,0.8582387063660315,-9.553325563531747,0.6605793187200568,0.117481951246299,0.08569193971499071,0.02085476712711539,0.9891511316716564
1749296742270454272,0.8534768500260657,-9.555012376805692,0.660577351877619,0.12229421849134353,0.08444730428917664,0.020255152971130726,0.9886872638504043
1749296742421453568,0.8485572852249512,-9.556615555122642,0.6605717854207618,0.12688899106218227,0.08296982267265748,0.020400528883528408,0.9882302418435501
1749296742480639488,0.8435061462493221,-9.558185711627527,0.6608264304268499,0.13126157844659025,0.08127414436634,0.021652884589711797,0.9877732857645897
1749296742633926656,0.8381818786903774,-9.559618176439084,0.6608742808422532,0.13563075827646176,0.07938673128079286,0.023802139847943524,0.9872869402785404
1749296742691753728,0.832961922997244,-9.560282694012825,0.6602487772015717,0.13973344558230655,0.07700611550711346,0.024611069042846757,0.9868834367040364
1749296742844928512,0.8276785064910612,-9.560489709416746,0.6595164104240498,0.14387171412026223,0.07425535743733964,0.025180916623945622,0.9864851713056452
1749296742902557440,0.8223872952337881,-9.560513259517498,0.658222726271692,0.14795184167802622,0.07118754864743264,0.025686987235277965,0.9860947034379732
1749296743061093120,0.8171593404623576,-9.560399265487629,0.6566418345916532,0.1517356304495413,0.06776525557433022,0.026257913239129783,0.9857457535193102
1749296743112171264,0.811817940963965,-9.560270810295288,0.6554269309442358,0.15560334324378194,0.06427473588657817,0.027933343114778648,0.9853304452012535
1749296743265432064,0.8055973298328412,-9.559892085023208,0.6551120770511898,0.16024884408886078,0.06033311791613119,0.031148364501458144,0.9847385451172238
1749296743316004864,0.7998620513968433,-9.559324718064328,0.6549022656416934,0.16469376809382677,0.0565802722168072,0.03450217884684656,0.9841159663381898
1749296743464963840,0.7936369888134496,-9.558639055894638,0.6550004107450249,0.1697474690662783,0.05242916293798471,0.03912734382900246,0.9833138006679769
1749296743515299072,0.7875936324631434,-9.55714290463946,0.6544307127242965,0.1749950373012918,0.04769239044440938,0.04196552901238938,0.9825177185111361
1749296743672861952,0.7813027084419466,-9.555037345085278,0.6538069519763101,0.1808144242379801,0.04270191761374734,0.043395808135026345,0.9816310376388394
1749296743723023872,0.7752216572622714,-9.55367568897778,0.6543636524378416,0.18662393882934192,0.03921946003813396,0.04578257633733954,0.9805800809286587
1749296743880373504,0.7683371839011959,-9.552520372062324,0.6556480670428111,0.1936008823631971,0.0361880126235119,0.04799349585945431,0.979237331011099
1749296743929617152,0.7609788647420217,-9.552001487320965,0.6574079115039564,0.20120765728513415,0.03415922117732382,0.05066545247268831,0.977640853373121
1749296744085201408,0.7533140967829564,-9.551715599313082,0.6585819945509419,0.20928916712031623,0.03272988574125628,0.05266536203299622,0.9758858328448992
1749296744133973248,0.7454191929466125,-9.551663872393586,0.6594842596091968,0.21827097975134002,0.03207342926063613,0.05444379119110954,0.9738403093601086
1749296744289099776,0.7378007709785299,-9.55176268475463,0.6602075256978432,0.22735821192216105,0.03183946384827377,0.05409926019795436,0.9717858622450967
1749296744335857920,0.730196879800213,-9.55297305803986,0.6610874360366434,0.23664385337895844,0.032722070534283124,0.05383363986063979,0.9695519026732206
1749296744496899840,0.7224648396130826,-9.554472846689475,0.6612503033169652,0.24630052216070117,0.03433687447167091,0.05338496845631541,0.9671127529806445
1749296744545729024,0.7151095539034653,-9.556902689946273,0.6619707386472524,0.25595619416483784,0.036612438677406246,0.05277043447675952,0.96455235070362
1749296744704757760,0.7080082528298748,-9.55895472048798,0.6624411275405171,0.26461342470857013,0.038764564953078944,0.04973935738445823,0.9622905176166818
1749296744753835008,0.7008448517962851,-9.560250842908953,0.6631610137643333,0.2714404123282482,0.04138970908090843,0.0456045252732807,0.9604828066196017
1749296744911627008,0.693621339645718,-9.560159244492576,0.6652432557449588,0.27618783661588936,0.04451925850025163,0.04162754960878109,0.9591691517358089
1749296744962649600,0.6864072101419145,-9.558734867957526,0.6685422009948416,0.2789543065904234,0.04808057894288988,0.03856645492371595,0.9583242568764447
1749296745115106816,0.6793476121720614,-9.555919944475711,0.6723298623240042,0.2803326800328207,0.05186796598652125,0.03645010322498963,0.9578072314327789
1749296745165684224,0.672305009859091,-9.55227586300844,0.6754494279806948,0.28119522654263646,0.05586427644287513,0.035220508579040355,0.9573755495951332
1749296745313038336,0.6651520368844883,-9.548180223788812,0.6779938682074826,0.2816133710485238,0.060068613709886476,0.03485414839719268,0.9570114206388373
1749296745363539456,0.6588504269672502,-9.545525197869365,0.6796625660775302,0.28352020710091075,0.0645027822683167,0.03765725804931559,0.9560531440047201
1749296745511728896,0.6550506671935015,-9.544441116257204,0.6828024018592886,0.28973124995551414,0.0687686624276434,0.043070197372387126,0.953662221106316
1749296745559817216,0.6516287854069303,-9.54308376993824,0.6865798804396737,0.29553208472983294,0.07273118963891867,0.04845009463796623,0.9513272566675038
1749296745703536128,0.6489305306990598,-9.540924460508542,0.6897628126858768,0.3010703501089336,0.0759644916844934,0.05233066652726406,0.9491298865957245
1749296745756017920,0.6471773057507351,-9.53764492005439,0.6914193845785337,0.3059087123923221,0.0779254398503695,0.05305293882326259,0.94738211466589
1749296745903088640,0.6458984624983017,-9.533938626639085,0.6905511587823789,0.3100299430740367,0.0787117152846307,0.05083695497651053,0.9460980415808802
1749296745954034688,0.6443127421023336,-9.530088677567562,0.6896951850516828,0.3134611395174955,0.07911888021590995,0.0463031381368281,0.9451657718117258
1749296746105563648,0.6405223539418996,-9.526089427996018,0.6920354956532182,0.31720799761857726,0.08083955490452267,0.04355470520703029,0.9438999100879182
1749296746161880320,0.6361092163598148,-9.521717528794408,0.6943314048512965,0.3209538270549611,0.08285485226971949,0.041693081160473724,0.9425419891641345
1749296746311074304,0.6314953967772601,-9.517164805895806,0.6958979083092589,0.3244783810279462,0.0848404192959558,0.04031443216354757,0.9412176316126364
1749296746365956608,0.6265925615678132,-9.512257615308876,0.6967756411361088,0.3275398038083556,0.0867121303240013,0.03903820820310886,0.9400397340943352
1749296746509673472,0.6211605890111995,-9.506826793957911,0.6972884843684111,0.3300734944778834,0.08831383437220089,0.0372768585432487,0.9390753913923977
1749296746560831232,0.6149662406304168,-9.501026124034802,0.6975370661363174,0.3322719861147109,0.08970881885731954,0.035244240332195836,0.9382459691285738
1749296746699222784,0.608305149896176,-9.495068400895285,0.697240964435712,0.3341587194600094,0.09100203715940393,0.03343427961688527,0.9375173216470112
1749296746751009280,0.6014499771602511,-9.489194198381213,0.6970606224860045,0.33545066516842253,0.09242559938802306,0.03299275410578987,0.936932141615572
1749296746889076480,0.594562871786942,-9.483428009970185,0.696580677018773,0.33613698225604627,0.09379342146630815,0.033330455439119645,0.9365382020983782
1749296746938987264,0.5876397558144069,-9.477812710855133,0.6955393651669759,0.3362506727414863,0.09488685540015804,0.033708881837957866,0.9363736866435334
1749296747078951168,0.5805675989208714,-9.47236841788271,0.6949790085530672,0.33571842330705304,0.09570263792814368,0.03445187674872781,0.9364545976897715
1749296747129898752,0.5734165273947198,-9.467140121568393,0.6948245743047412,0.3346665246320005,0.09631835597236296,0.035778750125931756,0.936718192752199
1749296747271060224,0.5663450959885417,-9.46223756313313,0.6941038924232839,0.3335099636270555,0.09662729982842705,0.03725870873004668,0.9370411184751269
1749296747322219008,0.55934070221039,-9.457417789848297,0.693563640800551,0.33243403522672554,0.0965341333235132,0.03880980270807281,0.9373700296788429
1749296747463532800,0.5524037338077825,-9.452576082054424,0.6938446638655935,0.33127689958074863,0.09614068126337577,0.040824154138416044,0.9377344899539867
1749296747513820416,0.5458720335606415,-9.447220903643853,0.6933310993645256,0.32994382279222395,0.09536219269450587,0.04263026901976259,0.9382034886787897
1749296747655468800,0.5396932313768179,-9.440854961133752,0.6924312563166577,0.32896442880693005,0.09432471904514414,0.04439849082615727,0.9385702030051587
1749296747705652224,0.5329173901504882,-9.434947201401503,0.6921477360029482,0.3292433416507025,0.09403708059981601,0.04961462399199004,0.9382399685246178
1749296747844560384,0.5263220570724849,-9.429157330310796,0.6922469308296164,0.3309493066874821,0.09331104817720969,0.05540535985223997,0.9373877803720234
1749296747895492352,0.5207658376447979,-9.42284641006169,0.6919940852967637,0.3336809001838407,0.09120469937359432,0.05889462371684952,0.9364134679520179
1749296748034674432,0.515588376729136,-9.416285774169417,0.6911624261240696,0.33773926725993975,0.08844583202102985,0.061754081691138975,0.9350379433709153
1749296748084593152,0.5108305139842955,-9.40972044038734,0.6901131689763402,0.3433245796363116,0.08505039382069703,0.06409088511492642,0.933159698001194
1749296748224724480,0.5061526259459788,-9.403372002120756,0.6881184597353269,0.3499213610383688,0.08152745736175412,0.06681103185056043,0.9308300601120735
1749296748272660480,0.5019989196127961,-9.39670307501492,0.6838714249362043,0.35706233334275617,0.07691762698458289,0.06783034025815696,0.9284337422279254
1749296748414941952,0.4984215211934835,-9.389584121452598,0.6799036939562666,0.36520147653232526,0.07104223898108071,0.06716700359889329,0.9257804682789061
1749296748464228096,0.49490556687683984,-9.382370146830691,0.6756957703713362,0.37409239557898716,0.06446272407318064,0.06555447141853148,0.922822869272363
1749296748609415424,0.4903827776357996,-9.375570012451572,0.6731930243130764,0.383503082662038,0.058899748982991246,0.06659066633566522,0.9192507211394653
1749296748658140160,0.485327901568807,-9.369402549400885,0.6723141700644364,0.3925229278635775,0.05446201755268588,0.06978042889507415,0.9154727366168341
1749296748811652864,0.4806884921108985,-9.363188158208565,0.6721714321779508,0.4001406407501517,0.04978944728587221,0.07170332516173739,0.9122867486266452
1749296748859947008,0.4764108097452793,-9.356477223808607,0.6725474449090219,0.40602016729693463,0.04479897852441821,0.07093166612767882,0.9100051505412975
1749296749016706048,0.4717063279791951,-9.349670155681366,0.673510010557119,0.41049451962754335,0.039969233938507445,0.06947917941827449,0.9083332831739044
1749296749070405632,0.46626850713450896,-9.343366220147274,0.6761078026800948,0.41354746475030124,0.036880917341371666,0.06964090906067898,0.9070658389112993
1749296749229234432,0.46062368983066815,-9.337382617763453,0.6787337104765676,0.41596726291175234,0.03484172595268256,0.07060475252217288,0.9059648222969954
1749296749282733824,0.455037083583524,-9.331313013513554,0.6806658889124333,0.4181546095114394,0.03315180960791919,0.07142537324594193,0.9049564056465558
1749296749443142656,0.44970122144023694,-9.325195554923337,0.6820789762958022,0.4200934163063719,0.031530371763286325,0.07177704640613809,0.904088166520125
1749296749495776256,0.4445091801118233,-9.31915771562555,0.6828406737185304,0.42187408505996427,0.03009419626489816,0.07197709987958152,0.9032916986217203
1749296749655727616,0.43944568658758154,-9.31306563619735,0.683238944093985,0.42341688363034585,0.028933618702377418,0.07198063759163104,0.9026072103509112
1749296749708048640,0.43409736865346193,-9.306973768522678,0.6834925120494608,0.4248934787093205,0.028713700535738754,0.07282403089442363,0.9018523802020619
1749296749867921408,0.4290138795083367,-9.300900342340165,0.6838899874258453,0.42721098434968185,0.029454157251912853,0.07455298020110744,0.9005915170679153
1749296749922669824,0.4246652580635173,-9.295247561236376,0.6847221392213623,0.4306625890166128,0.030870382067072925,0.0772588259751117,0.8986700327380946
1749296750087020288,0.4211001942669439,-9.288929010556616,0.6851000670928871,0.4353118108290277,0.03213708851091565,0.07943579373102946,0.8961923842396315
1749296750144789760,0.418748107100523,-9.282483552426406,0.6846664831486344,0.4400902704449702,0.03254009814552523,0.07996603961090457,0.8937936721533106
1749296750308219904,0.4160917531905559,-9.275778675368816,0.6839475539881374,0.444047766741436,0.033202708392462796,0.08044756407905328,0.8917664214586098
1749296750358842368,0.4128506893435864,-9.268771342609487,0.6829646581555577,0.4466957558955862,0.03437669678919634,0.08060674899042988,0.890384016253621
1749296750512978432,0.40914907980070137,-9.261219683933653,0.6822293952303307,0.4481593925066726,0.03526360169169093,0.07958065610899619,0.8897058820065434
1749296750564566272,0.40479838905685206,-9.253600448767623,0.6814907590984256,0.4490780657552439,0.0359521857507043,0.07793153733911308,0.8893610103244006
1749296750721608704,0.39980318764849443,-9.24614015742096,0.6802803585199686,0.4497877640485031,0.03667659235977556,0.07622886165589203,0.8891203268038415
1749296750773306112,0.39444392481355894,-9.238782119322902,0.6787356341457667,0.4503784783304948,0.03718867768161379,0.07406560257952347,0.8889828541786018
1749296750930995200,0.3888139466092122,-9.231529542219924,0.6771199674786099,0.4508953717912353,0.037605424634877524,0.07171160649269713,0.8888963051051063
1749296750984364800,0.3833723365644861,-9.224614506463963,0.6755261810709481,0.4513118521532794,0.037639206307920774,0.06920009077657605,0.8888825848732779
1749296751143279872,0.37829682697264655,-9.21855478167124,0.6746804063969982,0.4521667152778259,0.03783117389811396,0.0681894066982328,0.888518018213753
1749296751201426432,0.3735603554185918,-9.213640995924827,0.6750788376880625,0.45337164267310187,0.038634610198699924,0.07007452242852089,0.8877224125936566
1749296751361895680,0.3687880596154116,-9.20928743898104,0.6766337032493013,0.45486484855234205,0.040137507780637,0.0748923666492473,0.88649764999028
1749296751414360576,0.3651429635373491,-9.205475561917225,0.6781407120220044,0.4563095548932429,0.04108259805056412,0.08007296508686652,0.8852582281530874
1749296751583606016,0.36238855106403545,-9.20116252109096,0.677765780186355,0.45742475857483594,0.040774146122534285,0.08358450511744032,0.8843719182306754
1749296751642032384,0.36034271399754036,-9.196010762085068,0.6772625223111626,0.45790066320234846,0.039409867043151664,0.0849205474434815,0.8840601482028189
1749296751808232448,0.3589902296663805,-9.190219640970168,0.6769594720078524,0.45806463572733375,0.03644946710938742,0.08396689923744798,0.88419329655674
1749296751865598720,0.3580582430846295,-9.184281156571966,0.6762991613678109,0.4582249447752162,0.032209597720337255,0.08147509317005679,0.8845079146018845
1749296752032332288,0.3564509354136369,-9.178908260032237,0.6748880082786379,0.45879563959606307,0.02830891811535196,0.08037668310466103,0.8844460159081904
1749296752093017600,0.3541857417822447,-9.173814355146998,0.6736093366232119,0.45980963010827675,0.024719607630091442,0.08080105601802852,0.8839882546757483
1749296752266373632,0.3512306492319919,-9.168856685597977,0.6730556350587049,0.4611396612981229,0.02197960152286398,0.08342262087249956,0.8831238736561886
1749296752326159104,0.3481862506167781,-9.16330874565875,0.6733224718435928,0.46219703231259657,0.01932261475832022,0.08625217121151602,0.882361095494146
1749296752498668544,0.34506760342280796,-9.157391112955157,0.6734351512198531,0.4628528077602562,0.016605432028763845,0.0887785041420696,0.8818219294040502
1749296752557601024,0.341635221979832,-9.151590305553869,0.6732864677420327,0.4635485456794322,0.014529424447193845,0.09153722996328345,0.8812108585091117
1749296752730862592,0.33842545891119524,-9.146548558805218,0.6731717519915548,0.46511244640004895,0.012708190508829743,0.09444506949666596,0.8801074042101468
1749296752788747520,0.3353888112394676,-9.141988452887688,0.6734702325338393,0.46716377962933475,0.010999250421999729,0.09659746947603241,0.8788093925211629
1749296752965784064,0.33268110967702036,-9.137623736373651,0.673292301641081,0.4690698357748323,0.00878014530417519,0.09662708878816179,0.8778152447565115
1749296753037351936,0.3297673119636899,-9.13374556526545,0.6731439937155002,0.4711036190698984,0.007085975953589118,0.09656157804609812,0.8767479858484288
1749296753212090112,0.32623453709279193,-9.130130038781655,0.673536216160552,0.47367478021087606,0.00620852945722752,0.09758303859200117,0.8752549384798174
1749296753270982144,0.32249590170814013,-9.126508897687351,0.673816426758147,0.47681731491352874,0.005995912764296833,0.098767953035446,0.8734152441318868
1749296753445918208,0.31875868970429266,-9.122918269183947,0.6735925572296781,0.48023091273835466,0.005958304616061418,0.09920171053434694,0.8714939986503916
1749296753505003008,0.31494039143524244,-9.119345768418732,0.6730257740928693,0.4838791875422408,0.006109294516418218,0.09912594896134339,0.8694812560524153
1749296753682701568,0.3110496458511731,-9.115698021483421,0.6723200224328876,0.48796177542717517,0.006599990356114549,0.09872746642046298,0.8672385099979442
1749296753745756928,0.3076294473334169,-9.111664507723484,0.6715159070925347,0.49239115818506907,0.006628969900684781,0.09744623718028296,0.8648764275655951
1749296753926697984,0.30428214666729847,-9.1069085831783,0.6711506575494859,0.4966230911572021,0.006976473246185001,0.09605877899421088,0.8626062515010265
1749296753988144896,0.30127409408475536,-9.101325462092596,0.6710302389954039,0.5001437523427993,0.007547417701221701,0.09391395183019695,0.8608016224021324
1749296754165806848,0.2984016338079405,-9.095531837631373,0.6706570759779851,0.5033403543900613,0.008439166108248715,0.09203027757837348,0.8591319433746674
1749296754228888832,0.29561231323575754,-9.08915752789714,0.6702479875143901,0.5063742335864728,0.009357428647151694,0.08978848914043254,0.8575754201857145
1749296754409105408,0.2922101449077985,-9.082797281831725,0.6696258564024133,0.5097208604678154,0.011440574090476425,0.08956139390685502,0.8555889868329835
1749296754467310080,0.2887426712314731,-9.077183380818056,0.6693817091448131,0.5134345600747029,0.01436620135209164,0.09162823719452955,0.8531018877767358
1749296754637033472,0.2858014664203914,-9.071714524402974,0.6689495658665319,0.517632942335523,0.016852755395070616,0.09309698226341032,0.8503558511224047
1749296754699526144,0.2838388349312284,-9.066942424431197,0.6688183061798312,0.5212562730033433,0.01826882483046839,0.09314879836103543,0.848104621646335
1749296754877649920,0.28216313474282284,-9.062126258023728,0.669700123745133,0.5251778544178526,0.019785005818872662,0.09383757275855933,0.8455715727912038
1749296754939311616,0.2811342349924466,-9.057499248120319,0.6698548538752096,0.5289037775627978,0.02055687255088663,0.09367301640356242,0.8432458568345216
1749296755115580928,0.28030324056894074,-9.052634783260991,0.6695993335569552,0.5321796687434819,0.020734560641008225,0.09262896320454535,0.8412935001215409
1749296755175944448,0.2793020396196706,-9.046464968643022,0.6696576804636818,0.5344201085658923,0.02148996768003384,0.09158672700349954,0.8399673804894553
1749296755346840576,0.27791920351820476,-9.038852594643496,0.66975933540783,0.5348047684166429,0.02289903349541803,0.09054573364687764,0.8397981686465772
1749296755400802560,0.27605369624114307,-9.031522683015831,0.6695109955116214,0.5343520638405037,0.024394245052565156,0.08935500981549646,0.8401716937022944
1749296755567297280,0.2738018797289268,-9.024132096843282,0.668991471662967,0.5336183346999722,0.025961628645924602,0.08800602905791581,0.8407332547006438
1749296755622054400,0.27116747613017633,-9.016929920629405,0.6686409321296352,0.5329269024390889,0.027888075207499047,0.08759917017786498,0.8411525172654769
1749296755785591296,0.2685413403434289,-9.00959020452663,0.6686180653616329,0.5324868500985694,0.029648337777407895,0.08731671215517599,0.8414003341558349
1749296755839283456,0.2660817482512501,-9.002173922881418,0.6682839100480615,0.5322377553324101,0.03081264206907575,0.08639128609001602,0.8416116079137416
1749296756007867136,0.2640070245085946,-8.995163357368703,0.6681996116340851,0.5314421274167103,0.03140097619254856,0.08455791261677113,0.8422785782120135
1749296756067979776,0.26182315516752297,-8.98870364969193,0.6681256478503306,0.5298381654309833,0.03221755867101671,0.08342785969879811,0.8433702268826468
1749296756234815232,0.25907095265824154,-8.983214679880511,0.6663768127335428,0.5284813333422551,0.03383499141995929,0.08429474836247525,0.8440717203312232
1749296756292569344,0.2563888385121551,-8.977632987611548,0.6637830651780576,0.5274474664586055,0.035530806915706085,0.08568580466315892,0.8445085403745449
1749296756461185024,0.25453644077407844,-8.971050696106738,0.6634354863785439,0.5264743985500934,0.03592792003608476,0.08610834719864101,0.8450557642995622
1749296756521972480,0.25286029002633903,-8.963753760957644,0.6645222146513512,0.5256294038618651,0.035730312590370315,0.08594963369534275,0.8456061346901702
1749296756687696640,0.2511517853947005,-8.956635615108809,0.6655828429667077,0.5247479837657669,0.03558734161581565,0.08597610889002627,0.8461567250519324
1749296756747160064,0.2495688424244218,-8.949277590131732,0.6662909649316653,0.5234624521979394,0.0351347086013861,0.0856332142711747,0.8470062372875438
1749296756917472512,0.24804375362000997,-8.942454225877412,0.6666128000087914,0.5219631285197871,0.0348137915733187,0.08568878371394642,0.8479386326425689
1749296756977227264,0.2463121761746878,-8.935613905611062,0.6665435008310787,0.5203190644494282,0.03473450223189734,0.08588703277439046,0.8489316834271087
1749296757145317120,0.24450690489808835,-8.92877052870395,0.6659786976144617,0.518644309871633,0.03472453381980773,0.0858204912577178,0.8499630167654698
1749296757203101952,0.24260413122399882,-8.92190521994856,0.6654073254996402,0.5170507489552257,0.03464480611971761,0.08520112673653435,0.8509988416070802
1749296757366413824,0.2410724115850238,-8.914364826440515,0.6632436613643522,0.5144978267811348,0.03328529577848236,0.08144802232374071,0.8529655883926259
1749296757422414848,0.23917377689566077,-8.907547857472464,0.6601502124772973,0.5116806083823996,0.03186745076051374,0.07716764658521039,0.8551096858929521
1749296757586381568,0.23580329384740484,-8.900818598918661,0.65807040141478,0.5095986410669441,0.03165370828214205,0.07480334750755847,0.8565697443736712
1749296757641866240,0.23215116528794688,-8.894249491265933,0.6559533556892916,0.5076744000738658,0.03184171333466896,0.07308429760257007,0.8578528395042424
1749296757802663936,0.22786604655785503,-8.887566777356936,0.6556206808819209,0.506454101644157,0.03333554693328468,0.0738928200210321,0.8584479223504526
1749296757858904064,0.22399063190943824,-8.880459384435618,0.6553549852370666,0.5055088120674062,0.03440681500681136,0.07387122776092679,0.8589645241291283
1749296758021989632,0.22019911962300664,-8.873363503253119,0.654474631854792,0.5046749235437445,0.035374905189025314,0.07353190709264631,0.8594445277435312
1749296758077387520,0.21623838694949438,-8.866460635652494,0.6535023110920362,0.5040354480034352,0.03679091317419493,0.0741658101906287,0.8597058383322481
1749296758238738944,0.2123584756513619,-8.859375910320331,0.6529541263451293,0.5036654586461725,0.03830090701635803,0.07514206483053015,0.8597719560333824
1749296758293897984,0.20878883815247118,-8.85197008230131,0.6527094449695325,0.503174213331755,0.03918647797360339,0.07499615186240054,0.8600323878714257
1749296758452224256,0.20491673815966216,-8.844738271314176,0.652672342793581,0.5028756689050391,0.04047184272552174,0.07576929902334814,0.8600797084545254
1749296758507986432,0.20121089443032503,-8.837468216581552,0.6527189577229855,0.5028262179277584,0.04169554180578344,0.07691666718956919,0.8599483139505759
1749296758666437120,0.19797730400360347,-8.829969279900773,0.6529935256008788,0.5027516842464252,0.041972195687886245,0.07658597479036196,0.860007946034181
1749296758722160384,0.19464728985409696,-8.822629268173218,0.6531494796420394,0.5026168345347294,0.041928293323949574,0.07552961465703424,0.8601823139143172
1749296758880627200,0.1913393214015784,-8.815472266555094,0.6534673894358525,0.5023820420464324,0.0416073618435874,0.07419462218731974,0.8604512010033767
1749296758934756352,0.1881091203810108,-8.80842991078118,0.6537528519035867,0.5018348052640715,0.040792585256000304,0.07202816465590997,0.860993459156342
1749296759093757696,0.1847064124369444,-8.801638237603052,0.6535324448951623,0.5012066424976358,0.039827820278230314,0.06954866125883087,0.8616081649829211
1749296759147783168,0.18070440984441571,-8.7950011799142,0.6537105982948219,0.5007816805046382,0.03946220956054286,0.06820574912951652,0.8619793607002615
1749296759306362624,0.17666316672172133,-8.788284934734367,0.6538656587669474,0.5003677461677682,0.03909166649255455,0.06698146036037399,0.862332560079819
1749296759360575744,0.17246672528090556,-8.781368088997159,0.6547293144043049,0.4998567414994586,0.038821892569720684,0.06592473021621528,0.862722451649873
1749296759515783168,0.16813841400977747,-8.77444013007039,0.6553972428627755,0.4994811566974896,0.038896808944335406,0.06513050837587116,0.8629968883123427
1749296759572145152,0.16391887348719614,-8.767604223921898,0.6550892737685952,0.4989738763788165,0.038861813433663996,0.06368250959323295,0.8633998888811906
1749296759731086336,0.15945593824538484,-8.761027939747644,0.6548563423000933,0.4985112360822442,0.03932464587125557,0.06303938010995093,0.8636933230506104
1749296759786226688,0.15539967067555605,-8.754344981805346,0.654680019730018,0.49809753492056075,0.03932478411684509,0.061632391433321165,0.8640334804777152
1749296759943744256,0.1516081395212039,-8.747588730714297,0.6546952705942539,0.49748018586777565,0.038793821689064846,0.059313234322638714,0.8645752970689761
1749296759998960384,0.14745115646690543,-8.741281086532027,0.6549830679906758,0.49675262173304313,0.03893850628872386,0.05830015144289572,0.8650559044773273
1749296760162648576,0.1433875188744178,-8.735299133891523,0.6550936353856214,0.49610897626718065,0.03943872830271533,0.05791044593206474,0.8654287091545693
1749296760225854976,0.13949698897984675,-8.729040993920986,0.6550167429085962,0.49552475574467614,0.03962587318854645,0.05695926058537176,0.865817907675622
1749296760389070336,0.13591843375713086,-8.72278860987308,0.655037272192867,0.49474640300032713,0.03948960143621832,0.05528087271753925,0.8663778582167446
1749296760448542208,0.13199697584616388,-8.716583201862983,0.655177136488927,0.4940425982037456,0.03999264527751994,0.05440295415991037,0.8668118700516703
1749296760611298048,0.12781517888294402,-8.710393432585033,0.6550701410492228,0.4937307450960216,0.04121255963008957,0.0546233508311582,0.8669185462427482
1749296760672253440,0.12386143831991969,-8.703874087762657,0.6546651063302487,0.4935645609320799,0.04234538493939212,0.054176143632632526,0.8669866423580899
1749296760833385472,0.12023185275957804,-8.697891966833263,0.6538478545029967,0.493669228134017,0.04347625039807709,0.05374794818829816,0.8668977257499502
1749296760891653632,0.11597232154450143,-8.691226120788894,0.653366913122992,0.49417300997635644,0.04526105400533308,0.05451786267560164,0.8664711627345244
1749296761052354048,0.11259886381527195,-8.684996678348199,0.653993119031393,0.49465783382056183,0.04646890374142461,0.05449409004292349,0.8661320122102715
1749296761113307648,0.10962109828323818,-8.678871479801336,0.6538914741301278,0.4952395446789376,0.04719146771928894,0.05348735687121956,0.86582322757918
1749296761273486848,0.10741927382872696,-8.672783197789641,0.6540214212255475,0.49614903174810165,0.046743165634128565,0.05034087297082438,0.8655154598679661
1749296761334585856,0.10512786573806565,-8.666845162785101,0.6546321640705628,0.49754099790045503,0.046114700237921996,0.04697959851541858,0.8649389037114217
1749296761490081024,0.10254290381207998,-8.661218681176516,0.6545930415933436,0.4992471907742885,0.04578911399853484,0.04414659361900258,0.864121911430933
1749296761548408064,0.09931200875173563,-8.65628934500318,0.6537170675009034,0.5012480393971931,0.0467903984711075,0.04401932633778693,0.8629156161063211
1749296761711886080,0.09661346287351424,-8.650973578879052,0.6535432911374857,0.5031290714682156,0.0472158286929422,0.043142202516910616,0.8618413736450337
1749296761772798208,0.09487137800871626,-8.64544438057822,0.6540807963308457,0.5053038475503409,0.04622137589806697,0.04009793901833005,0.8607692846212592
1749296761931326464,0.09313375962778636,-8.640135760148807,0.6550129004297518,0.5080021686768302,0.04515834936751681,0.03733082836652277,0.8593607678708096
1749296761991876352,0.091212076155748,-8.634730556797493,0.656252899483615,0.511087513451451,0.04421898155250071,0.035064702421077516,0.8576740067814778
1749296762149202688,0.08905071544903542,-8.629587876058007,0.6563911087739398,0.5142641344285438,0.04367786202953353,0.03349601147049746,0.8558636933674416
1749296762210649088,0.0870528262508703,-8.624401958425839,0.6565277396191882,0.5174612165908473,0.04293963431008353,0.0316068670156513,0.8540439585215105
1749296762369311744,0.08478857600349787,-8.618990303615337,0.6569443677939115,0.5205167879269361,0.04257349176838812,0.030047822767239246,0.8522598779901703
1749296762431313664,0.08220369461913091,-8.613356825360462,0.6571459691892385,0.5234685320468064,0.042867140678847365,0.029429656423010923,0.8504569357290258
1749296762587952896,0.07927376726855506,-8.607976590064611,0.6559820183531384,0.5265671589917694,0.04419711653455903,0.03059990974659906,0.8484322527372872
1749296762649600768,0.07689564425485695,-8.602108592463807,0.6545206045631837,0.5293390371938475,0.045014139156389424,0.030900459713384624,0.8466516831426022
1749296762807298816,0.07524735549416928,-8.595382180530738,0.6545491184481644,0.5318015004446028,0.04383001996178829,0.027887630757465455,0.8452741410487805
1749296762868806912,0.07323335812804643,-8.588839069541326,0.6548144843684551,0.5345009592952087,0.042751418027430134,0.025177441598363753,0.8437103396330439
1749296763024736768,0.07091389812926341,-8.58222703648771,0.6553112788708746,0.5369625858945931,0.04176745478526067,0.022698588538300157,0.8422656559236652
1749296763085454848,0.06830923190080451,-8.57594090873054,0.6544283367153096,0.5392101744730636,0.04111975127843857,0.02085495275002315,0.8409082142215769
1749296763242046464,0.06516965733422353,-8.569940870060487,0.6527336021681056,0.5413438211595978,0.04158519692676818,0.020369352820235907,0.8395252397364668
1749296763302569472,0.06214242877767795,-8.56356801566224,0.6524088617812103,0.5432889341498347,0.042579591645200775,0.020448755906961196,0.8382159392349451
1749296763457274624,0.059523907096318496,-8.556991118333398,0.6526390118707268,0.5449560945462582,0.04330479133497695,0.01991663265796102,0.8371086415799873
1749296763519044096,0.057071270897472104,-8.550490031656036,0.652715390189428,0.5466426558133216,0.04396677976529354,0.019271610104166028,0.8359888361493961
1749296763678596352,0.05468631014592429,-8.543734121617906,0.6536362980939638,0.5481558889380944,0.04459489160186151,0.01875458863359394,0.8349758574178605
1749296763741708544,0.052306555450861936,-8.537032046091614,0.6540978499689376,0.5493374415653194,0.04513325695530706,0.01841673719269294,0.8341775519649584
1749296763897064960,0.04983516005415378,-8.530243040285836,0.6542301282999827,0.5501267858683286,0.045789688617459315,0.018241684217671507,0.8336252544419472
1749296763959282944,0.04713074341853396,-8.523397864721606,0.6544941780597071,0.5509107397681865,0.04714933375916703,0.01892468527831953,0.8330162984127337
1749296764112201472,0.04463504042871591,-8.516496140134272,0.6549334669091591,0.5519078969756448,0.048691172953078884,0.019872441011117112,0.8322451135456636
1749296764172102144,0.04276860801800897,-8.509614439643414,0.6556104623837014,0.5529626457310811,0.04935677572915686,0.01965090154051051,0.8315107114068644
1749296764322726912,0.04073917788608483,-8.503203123350502,0.6562337880222731,0.5540503276670791,0.05041883843031937,0.020299576017037243,0.8307069894715392
1749296764384845568,0.0386526615871734,-8.497130644098366,0.6566279414780061,0.5552059075772693,0.051790302593366686,0.02177800049638247,0.8298131617677367
1749296764537492992,0.03661676155188687,-8.491346326980874,0.6568411741807423,0.5566335183540446,0.05341751306114787,0.023771159738506346,0.8286981522290527
1749296764599158016,0.03492892075473453,-8.486305769853526,0.6571161278267525,0.5589143814538524,0.05497870765974371,0.026268938902972255,0.8269836750245035
1749296764749186816,0.03391132112636974,-8.481750215509553,0.6575300666224062,0.5617282642061558,0.055823647018227354,0.027846336513989427,0.8249664594201839
1749296764809799680,0.03322533742641287,-8.477360680574375,0.6577304355872635,0.5650612281438039,0.05635084758542823,0.02889319895074116,0.8226150822100292
1749296764960544768,0.033431230951387114,-8.47313382333611,0.6566111216281256,0.568281879304746,0.055214063891720504,0.027278639210966134,0.8205260438555403
1749296765020076032,0.033562043790865026,-8.46923334085243,0.6548863499041806,0.5715878064361696,0.053233843984708915,0.02427026896359798,0.8184524979695122
1749296765161335040,0.033081284387694865,-8.46518332389282,0.6535423077004467,0.5753476449487108,0.051127367120816274,0.021107809305383893,0.8160364821315237
1749296765221997824,0.0317178317219966,-8.46072443577959,0.6529640046007334,0.5797280532291558,0.049990463140897626,0.019581125305259375,0.8130393086597176
1749296765374452736,0.030375194825279728,-8.455894693479374,0.6535370428470073,0.5836030108299731,0.049082842765070946,0.018472802844991948,0.8103438503816389
1749296765436716032,0.029301825501067746,-8.450301103473958,0.6547347137408517,0.586990360377949,0.04814324590752186,0.016542483129350753,0.8079918879226251
1749296765590063872,0.028570513005531595,-8.444688667329142,0.6555761238219575,0.5903431637754327,0.0468520571887528,0.013870487626767057,0.8056720445030905
1749296765652251904,0.027786828861718682,-8.43924191105495,0.6565020252912244,0.5938568426666933,0.04594877850268675,0.011571579926358263,0.8031742393217461
1749296765804314624,0.02671955738673315,-8.433964440415517,0.6573404011951727,0.5973080293445895,0.04603314450726263,0.010487305017745243,0.800621061502082
1749296765865039104,0.025646287970345405,-8.42888011810509,0.6577370970996346,0.600678172352442,0.04687539563342068,0.010250602038126642,0.7980497200684908
1749296766014579968,0.024322344296945353,-8.424176238214185,0.6570509462306457,0.6039582612803783,0.04887226934914647,0.011275353219101456,0.7954362239234716
1749296766073197824,0.022822125080513622,-8.419691709132865,0.6556480763289736,0.6070337602064803,0.05208540962137547,0.013780629272103754,0.7928475378854497
1749296766226363904,0.022449688744880625,-8.414317896284107,0.6560146384490011,0.6088683286922508,0.05398311675748726,0.01407160548284648,0.7913072546993285
1749296766288783360,0.022244309859446254,-8.408417806409068,0.6570712038720523,0.6100482014334644,0.05547844225512441,0.013553052001046754,0.7903035171085836
1749296766440817664,0.021603018925904216,-8.40256376197754,0.6582170178852174,0.611116875973416,0.05794861438076678,0.014175190994624725,0.7892890382819892
1749296766501637376,0.021125756591381162,-8.396486414198549,0.6593989332180179,0.6119381783772152,0.060430632952831596,0.014511885493439701,0.7884600241132842
1749296766654014976,0.020695506186242163,-8.39025143916285,0.6605719230195746,0.6123231746852967,0.0628029503041264,0.014533566192564715,0.7879751865573831
1749296766714831104,0.02033990016322651,-8.384033231107704,0.6612774878354237,0.6124841424253583,0.06440603118877637,0.013808588467305143,0.7877336867930202
1749296766864090624,0.0196555052960683,-8.37794982430872,0.6616797570978861,0.6125615937329235,0.06603639320858405,0.013425068007601033,0.7875450820139589
1749296766925041920,0.018895441688851378,-8.372078304677666,0.6624875675040265,0.6129635802282947,0.06754769092370122,0.013354578128571333,0.7871052115235895
1749296767074279424,0.018214268276789625,-8.366432799788697,0.6635710941731245,0.6139068047089913,0.06890986851738215,0.013594802817861382,0.7862474460939488
1749296767135939072,0.017617790031305702,-8.361067590417937,0.6640901485940613,0.6149726113147554,0.07000234957502684,0.01399712818281416,0.7853104091945554
1749296767283617536,0.017196013549535927,-8.355807501821793,0.6642336260356547,0.6160603097800221,0.07046029872974827,0.014104947819340541,0.7844144895803952
1749296767347032832,0.016953047757597872,-8.350730623147259,0.6636860399445532,0.6175271342972992,0.07015828395236245,0.01384665993762129,0.7832919785163113
1749296767508648960,0.016653184369131324,-8.346193319580962,0.662415647033443,0.6192668717319083,0.06970977542538383,0.013953281647519016,0.7819554940767302
1749296767579443200,0.016446135118220795,-8.341839689996982,0.6606101350838305,0.6212454456795163,0.06886209966520715,0.014103500937484244,0.7804570447586876
1749296767741424384,0.01648087398673237,-8.337353056121197,0.6597702799027427,0.6233040379596316,0.0670573848613783,0.013599554557673416,0.7789803819831437
1749296767810831872,0.016287877145398255,-8.332662387701385,0.6597192707499273,0.6253750246575869,0.06529615765040164,0.013534418051232141,0.7774698128278881
1749296767967640832,0.016210350443187416,-8.32832146868199,0.6595812586446881,0.6273090857330549,0.0630867677720956,0.013466025427421738,0.7760940902029968
1749296768037917184,0.015798279064193288,-8.324201596046983,0.6598919414622011,0.6293874930198531,0.06137020320805188,0.014765026745580442,0.7745237735367387
1749296768187736064,0.014922467431605746,-8.32044089458362,0.6605652701368592,0.6316032474799022,0.06113862839508133,0.018098380823914625,0.7726654220957235
1749296768241297152,0.014100138278910102,-8.316838070717607,0.6617326291241317,0.6343807881009321,0.061502761126281065,0.022850578293842103,0.7702313140439832
1749296768383842816,0.014113809516365095,-8.313556670035155,0.6621260139075051,0.6373719123936461,0.060871925280445445,0.026797706344325052,0.7676806217034539
1749296768442358272,0.015294429953912392,-8.310270311704802,0.6612175250096666,0.6403754613377011,0.058124070590191694,0.028528265340406075,0.7653280335981566
1749296768588047104,0.01712672874542065,-8.307330296307212,0.6584357161239147,0.6431794259590117,0.0535456668527175,0.028057700137947342,0.7633255223345431
1749296768647874048,0.01808636867333302,-8.304478799738817,0.6554907334354922,0.6460735330990137,0.05007324947206437,0.028622185900527584,0.7610929181056291
1749296768795482112,0.018066889029055844,-8.300295502824747,0.6545760668991587,0.6496275727878824,0.04837424438767587,0.03176909907079258,0.7580466169688225
1749296768858862592,0.018412392907132258,-8.295004222612816,0.6550299141855227,0.6527009184150229,0.04674028095522392,0.03400790207490442,0.755407386668198
1749296769011678720,0.01921583840530605,-8.288585218095628,0.6561255652788804,0.6554057994161286,0.04469629952458335,0.034475054357031916,0.7531646231253788
1749296769072881408,0.020074871153696883,-8.281444555336865,0.6570454747524281,0.6582454141230675,0.04238803699417205,0.03435628783411388,0.7508234643323233
1749296769218052352,0.02077147694653725,-8.273921919012334,0.6572925749378333,0.6611171261953325,0.04032264899481802,0.034103367778091746,0.7484217993454345
1749296769272391680,0.02130028612042789,-8.26618914825197,0.6564470187315705,0.6640607748323212,0.03890277860432499,0.034274403931244445,0.7458787611811442
1749296769414476032,0.021840369020640793,-8.258016963824915,0.6549917773656753,0.6666824072464587,0.037709445840211284,0.03423414171942359,0.7435997506072911
1749296769470729728,0.022081064467676548,-8.249559898448258,0.6529376743495101,0.6688305104063417,0.036944184894809995,0.0343142814248333,0.7417030441102069
1749296769617387008,0.02202498516661411,-8.241358431717043,0.6504776955426284,0.6713590277727289,0.037055777237049996,0.03526653846424123,0.7393647249268548
1749296769675614464,0.0225131611300613,-8.233812250812045,0.6492543357981475,0.6749715378509195,0.03667654430721053,0.03608731576373491,0.7360475255238716
1749296769825611008,0.02343180745976081,-8.226732699291961,0.6484937991798181,0.6790883325525879,0.0356711580229012,0.0364112138521706,0.7322846636261496
1749296769883386368,0.023915578918224156,-8.220269812338362,0.6485276994051472,0.6833355954194605,0.0357348547659557,0.038408949843485016,0.7282171631865785
1749296770033472000,0.025206461509495348,-8.213495413038132,0.6482693019513164,0.687350014513871,0.03472247006354364,0.039599405814830894,0.7244143805030239
1749296770097402112,0.026730811708416624,-8.206768991467955,0.6481188593512659,0.6909252589660637,0.03348578221837055,0.040139004698412035,0.721033875219273
1749296770252001536,0.02821628474158633,-8.199665264205517,0.6476378888569689,0.6939432460739022,0.032289238596556906,0.040409616684995014,0.7181693666389858
1749296770312858624,0.02935543473947444,-8.192685743977837,0.6465080884934866,0.6962641327956457,0.0317900434051762,0.040925886101721244,0.7159125102758114
1749296770461760256,0.030914853331848846,-8.184869677380952,0.6458286511886038,0.698319791498321,0.030506719469851958,0.04073467988746243,0.7139744356231498
1749296770519012096,0.03207475288112782,-8.177323836111032,0.6456452393809897,0.700267698846139,0.02969553980811729,0.04132997153823635,0.7120640127972249
1749296770667713536,0.03313776918747191,-8.169796784116926,0.6452632703148424,0.7019683078759241,0.02924239373311109,0.042333315835160874,0.7103472865556465
1749296770725222912,0.03418844713431746,-8.16239610878805,0.6443832879250109,0.7033108955175135,0.029067328678335995,0.04360599206964493,0.70894808844194
1749296770874788608,0.03549956221692607,-8.154874621378147,0.6434018626509421,0.7042032314872192,0.028413161385903676,0.04445103357458622,0.7080357382485488
1749296770932622080,0.03661478511519345,-8.147202809734061,0.6431340369555403,0.7048824508261242,0.027904164430241137,0.0456216519756983,0.7073052756736758
1749296771086961920,0.03756432324108516,-8.139692883811712,0.6432301099446751,0.7055391793360277,0.027805942233165844,0.047542540304923143,0.7065274254122946
1749296771150109184,0.03892090722615116,-8.132416905342597,0.6431426396352862,0.7061088473739412,0.02711289009305448,0.049062064789762834,0.7058810810962506
1749296771307865856,0.04043275564176163,-8.125267069049823,0.643280103224642,0.7067058487204315,0.026280577246874326,0.050608854986409886,0.7052055859399232
1749296771371672320,0.042075044570956344,-8.118304151213902,0.6432665505235176,0.7074077287013827,0.025232263826642384,0.052150107806902546,0.7044274302520179
1749296771531284224,0.04414657311726078,-8.111468850197996,0.6427455133390501,0.7079725270658576,0.023355907892944124,0.05279420909413902,0.703876533187891
1749296771594098688,0.046244931810883294,-8.104523918271727,0.6424390166831753,0.7083632037056474,0.021150514101683407,0.052923868667299576,0.7035433828232576
1749296771753158656,0.048214037998445036,-8.09748440290382,0.6417981115529341,0.7086517402675826,0.0188951280376874,0.05276767963529559,0.7033286977922004
1749296771816646400,0.049900238595861346,-8.090435571672684,0.6408986398998731,0.708866622070285,0.01715826030532564,0.052883225460029014,0.7031479721103533
1749296771975615232,0.051370098786447826,-8.083384019061072,0.6398663420036752,0.7090041156515821,0.016051776046378675,0.05335377431091152,0.7029999141121254
1749296772038345216,0.05288601316383357,-8.076170627899007,0.6395679421016842,0.7090209315891328,0.015029478387757809,0.05362136961273457,0.7029851933495646
1749296772197958912,0.05435340745557937,-8.069064463196991,0.6385926584968722,0.7089168356612717,0.01431808716114395,0.05386813578856488,0.7030861515082772
1749296772258578176,0.055589510419662425,-8.061875059063025,0.638000510676636,0.7086701198906815,0.014398995046434342,0.05435899642859361,0.7032954070822985
1749296772413083392,0.056956779246243094,-8.054214574628588,0.6378368393542484,0.7083318449409399,0.014686147882904014,0.05475621429894014,0.7035993686030243
1749296772474588672,0.0585690590397876,-8.046746324118066,0.6375191636670214,0.7080204720485493,0.014730047508655931,0.05479551686632257,0.7039087214915684
1749296772635930624,0.059947422152916374,-8.039748248569206,0.6374608695780881,0.7077345708395094,0.015407868215601882,0.055409176212109994,0.7041336506851249
1749296772700150016,0.061376677057487505,-8.032565991437782,0.637929291155845,0.7073684551961958,0.01653225737065834,0.056298935831988445,0.7044054108847858
1749296772860278528,0.06328712840478268,-8.0256111648898,0.6380852366460243,0.7068052449287427,0.017109977277706308,0.05643233907326683,0.7049460869637451
1749296772925256704,0.06525504970492157,-8.01897372519096,0.6380342514156947,0.7062463604150792,0.017721734412975833,0.0566421202177879,0.7054740879345495
1749296773082750208,0.06723076731896338,-8.01256713771107,0.6381831827987345,0.7056855795559668,0.018472075079455644,0.057109851015976376,0.705978123008037
1749296773146496512,0.06885322802418337,-8.00630765403664,0.6387854553498986,0.7052061643457677,0.020056057272235764,0.05869116813711667,0.7062841971318089
1749296773305828096,0.0704518358835644,-8.000682366694997,0.6392611014179685,0.7051822881659652,0.021883359584677856,0.060664681854168234,0.7060870027169696
1749296773377166592,0.07235361417266706,-7.996192804054117,0.6392236087178582,0.7060459957911358,0.022773995638919155,0.06212928217595823,0.70506762033598
1749296773548998656,0.0741765542178161,-7.992255358534438,0.6388104954406115,0.7073400858934369,0.023043594232635405,0.06310798361334155,0.703673488243919
1749296773625715712,0.07591119782902034,-7.988627825157883,0.6379710801570764,0.7087061936533681,0.022621080387789694,0.06332881290680084,0.7022914489407226
1749296773799993600,0.07742891004248253,-7.9850455091014325,0.6370546840378606,0.710078284526222,0.02184595082414168,0.06333926855829129,0.700927757572339
1749296773878528000,0.07888086373476799,-7.9807209192079185,0.6368265217717295,0.7113831276317777,0.02127528526874117,0.06352933341457993,0.6996037676810087
1749296774042493440,0.08065175623535659,-7.975881498954745,0.6369879459050405,0.7128191402833247,0.02065904446668267,0.06320125935356072,0.6981888554994199
1749296774106378240,0.08282053795667643,-7.970514015848307,0.6377254756036033,0.7144607448334545,0.019626444395686112,0.06247629548315429,0.696604162545064
1749296774264217088,0.08476562498603268,-7.965030322100193,0.6382356069519037,0.7164110450270391,0.019311856603387852,0.0625404089051312,0.6946012985963781
1749296774327078400,0.08681649253761226,-7.959606662413879,0.6376402716617826,0.7186502570867723,0.019240990472977598,0.06299432630130651,0.6922451206968373
1749296774485691904,0.08920124576084376,-7.954055027705131,0.6363984912460139,0.7209961026928948,0.01909348652575899,0.06348877567964532,0.6897602728750378
1749296774546876160,0.09219030968555764,-7.948370138201081,0.6351540571198222,0.7232790805581896,0.01807184102183339,0.06342456990866353,0.6873995229274479
1749296774701283072,0.09564600124650724,-7.9425275154452475,0.6341782933296134,0.7254027771516603,0.015937455863267416,0.06266324678815777,0.6852810561391814
1749296774762693632,0.0984000916420662,-7.936193304746578,0.6337563537103117,0.7276066894579186,0.014930711538012996,0.06329571783655323,0.682904994426466
1749296774921469952,0.1006219331051339,-7.929473581667633,0.6332998093631272,0.7302808071353366,0.015118600475201376,0.06516824162686335,0.6798635678815974
1749296774978599936,0.1030979980721769,-7.923115971332756,0.6327589960760966,0.7335115607034067,0.015640869229488704,0.06771066699437465,0.6761149451826777
1749296775136297216,0.10601781329311688,-7.917109991631026,0.6324493118841947,0.7367945479276442,0.0154864162017254,0.06973974023489156,0.6723320115012336
1749296775197320960,0.10881724904671763,-7.911435357274066,0.6319789582730535,0.7399476453672511,0.01489741427422409,0.07120597996623959,0.6687191171040726
1749296775356751616,0.11151761892508194,-7.906174738446765,0.6309115576523232,0.7429830171880218,0.013581749331129149,0.07183688263476955,0.6653053693970974
1749296775417628672,0.11386450147278904,-7.900945674314977,0.6296297092401892,0.7459678880978927,0.012098454671123826,0.07230187052086555,0.6619350246365006
1749296775577711616,0.11638369196408149,-7.895304425436055,0.6277432332952286,0.7484387679651399,0.010041851413028229,0.0721020866303705,0.659196375089069
1749296775636933632,0.11947956030196849,-7.889056589779032,0.6264470476739894,0.75042569848503,0.006762073189575297,0.07026861046846011,0.6571741533279182
1749296775793512192,0.12230158408182046,-7.881574870925239,0.625532030311788,0.7529200530239459,0.003916097280797847,0.06896718868168646,0.6544765731650372
1749296775848564224,0.12477433183646625,-7.873919009125901,0.6243692198864301,0.7554564296439445,0.002272008998116386,0.06885033446054925,0.6515673812656732
1749296776004242944,0.1275908022467256,-7.866172995776696,0.6230191096207705,0.7578369769422527,0.0007098208159974334,0.06900930703791319,0.6487837298172512
1749296776060741632,0.1307901547967747,-7.858236460938236,0.6224643743102325,0.7598748886217804,-0.0013237125712783201,0.06878793095202212,0.6464183026356888
1749296776218067968,0.1337770605425792,-7.850210008016404,0.6214541736349481,0.761574396400048,-0.002880066611371418,0.06881454787694125,0.6444072485352014
1749296776273581312,0.13651114865247926,-7.841975133564152,0.619761851898613,0.7628414376237231,-0.0038690090014120875,0.06896501018859996,0.6428855257222739
1749296776430481664,0.13886404273453934,-7.83345576840367,0.6176068701954107,0.7634189639753621,-0.0039710890452260535,0.06933161515835623,0.6421595152562276
1749296776486174720,0.14086034507272416,-7.8243768703395045,0.6156584274556303,0.763413283630176,-0.0025994238876974143,0.07010852804685781,0.6420889312763048
1749296776643310592,0.1430890370370319,-7.814926889873697,0.6149586733679753,0.7632710281835069,-0.0006789988701062581,0.07087829382708292,0.6421784362312302
1749296776698098688,0.14555203288221374,-7.8057893811158845,0.614102383023778,0.763089289310899,0.0012734904681925793,0.07174569457251007,0.6422971820515191
1749296776854645504,0.1483952550406844,-7.797043843579387,0.6129638732685923,0.7628923992964574,0.002778883174523889,0.0723648841291548,0.6424568378101144
1749296776908176640,0.15169716837137504,-7.7886101535388725,0.6120125473620766,0.7628246774963788,0.0034872195916936764,0.0726320825922809,0.6425036430094179
1749296777058048768,0.15510503947328314,-7.780334068804942,0.6108590862612631,0.7629374111347899,0.004055580067482081,0.07299009046446678,0.6423258562873286
1749296777112722944,0.15853672549917608,-7.7721032219883135,0.6091796325604775,0.7631565684417189,0.004581918341587963,0.07337938623586222,0.64201754161722
1749296777267265280,0.16198724602624104,-7.763868200278508,0.6070479802173101,0.7633538844243682,0.005222804585157033,0.07381217108354794,0.6417283949198651
1749296777323264256,0.1651888786887037,-7.755476499552987,0.6046509170657264,0.7634030872757196,0.006689462682679926,0.07470053962171044,0.6415534325425613
1749296777479896832,0.1680592949687334,-7.746687524809487,0.6028380101335093,0.7633261120513449,0.009619523970584166,0.07637348333705449,0.641410790727847
1749296777535545600,0.17131130045695464,-7.737828510344956,0.6014052037754221,0.7632303339745051,0.01249792295187546,0.07780830849932723,0.6413026792018947
1749296777690228992,0.17552920599830468,-7.729096622310804,0.6008089801250667,0.7631380481778614,0.013507007357735875,0.07786384528349781,0.6413852989998988
1749296777743215616,0.1802237129584805,-7.720715449638973,0.6005479704472929,0.7633094778312279,0.013220244399505506,0.07731660780750556,0.6412534665389155
1749296777947211776,0.18480108664466854,-7.712569046868468,0.6000951692493661,0.7639173673505698,0.012401677142044836,0.07686038396884048,0.6406004492976893
1749296778002867968,0.18760739722100173,-7.703543003978856,0.5990305238004123,0.7652218928174136,0.012625397668911154,0.07755165923454395,0.6389536714321358
1749296778156280320,0.18975888714487255,-7.694020081672149,0.5978372067206652,0.7665191577050944,0.012312307912354683,0.0777776186020122,0.6373754231138378
1749296778209904384,0.191931853776798,-7.683489388415159,0.5967183076457618,0.7676890307668554,0.011853603262976863,0.07798076653725562,0.6359497182798277
1749296778360621312,0.1938218761798005,-7.672915372376069,0.5952509774934938,0.7687645932328117,0.011892998774528495,0.07873425820863138,0.6345553351411332
1749296778411169536,0.19613131170463483,-7.662841609894604,0.5933069004567071,0.7695469203067515,0.01150864610346534,0.07939942491359188,0.6335304411270622
1749296778564549376,0.19895459039510932,-7.6533301738016855,0.5912329963418528,0.770219405328845,0.010213211959471922,0.07967708788939017,0.6327000234090542
1749296778619100928,0.20265138813196604,-7.643804948621925,0.5893135488540193,0.7710233456470934,0.007294809753281147,0.07932086102955917,0.6318053396603703
1749296778777244672,0.20655003574419606,-7.635116748553591,0.5878725072003896,0.7717780760625388,0.003655926140165657,0.07860885470681217,0.6310038696196302
1749296778832033536,0.21015948284107466,-7.626407503270638,0.5864388366045294,0.7724135601946412,0.0007446399290658447,0.07850984702288871,0.630248317299823
1749296778993629440,0.21329922360252418,-7.617536445270381,0.5848011711720127,0.77290108722001,-0.0008814688785386763,0.07933205466205101,0.6295471050603282
1749296779047102976,0.21623324984198522,-7.608506816723072,0.5829823482658933,0.7733217303250483,-0.001725408515747533,0.08083580678413396,0.62883709871006
1749296779203736064,0.21906364819178048,-7.599083043157951,0.5813032825409183,0.7736471420508759,-0.0016850887783824318,0.08297872738628287,0.6281574570708158
1749296779255717632,0.2221348232206246,-7.590247781357051,0.5791191125507429,0.7738433267754717,-0.0018608220656101185,0.08462850518078836,0.6276950366676286
1749296779414120448,0.22601284977919,-7.581139263073366,0.5764175613956799,0.7738207848375241,-0.0024589826250267176,0.08576889805586428,0.6275659666395007
1749296779464756224,0.23082416923589477,-7.572212942450571,0.5751522602866741,0.7732808537192837,-0.0038362241670483396,0.08622874068344091,0.6281612921340063
1749296779622256384,0.2355077544299382,-7.563473293807835,0.5730314699820029,0.7723597395200619,-0.004364292669773935,0.08710633637983008,0.6291691917763286
1749296779674985728,0.23992453185702978,-7.554376171328993,0.5703138269835342,0.7713035719632362,-0.004218162647157848,0.08811027686954095,0.6303249845045079
1749296779840228864,0.24340118565608648,-7.545305102401659,0.5685308251993728,0.7705868645200791,-0.0032042764407778715,0.08989664239197766,0.6309549988139036
1749296779895284736,0.24640764796954961,-7.536239264614596,0.5675558092242725,0.7703760612665503,-0.0020708160735396024,0.09211142780258842,0.6308977102640286
1749296780061809152,0.24995456390604698,-7.526998836119629,0.5671235764735263,0.7703940594690882,-0.002663540080042037,0.09318967083208489,0.6307151369193456
1749296780117867008,0.25365492097635745,-7.517938652904372,0.5662656436884408,0.7704861878751167,-0.003907916754619944,0.09376516032006715,0.630510790701049
1749296780278686976,0.2577062083969821,-7.509091052028936,0.5653045761249866,0.7705556975638459,-0.005958501757496132,0.093489348699016,0.6304507553239462
1749296780336202752,0.2618886965681311,-7.500586402689344,0.5637420374922226,0.7705742586565077,-0.008224436550158504,0.09279553766515371,0.6305050822387086
1749296780505334272,0.2655271082919377,-7.492212764940531,0.5619448746775153,0.7701527885987313,-0.008968918767071545,0.09279166203030605,0.6310102599541478
1749296780559767296,0.2699252443389861,-7.483866022249693,0.5621689764791622,0.7689184759912976,-0.010879055377930784,0.09163173117243419,0.632652866330065
1749296780722541312,0.27530264855093467,-7.474510882554179,0.5623184473718843,0.7668949307882051,-0.01316928252222062,0.08990822806348288,0.6353072057325405
1749296780781362688,0.27964534204676195,-7.46644921731866,0.5615464224636235,0.7646405793892613,-0.013851405105798029,0.08939138848149014,0.6380768782781592
1749296780950199808,0.2839962237671596,-7.458363348971849,0.5609624723645008,0.7618919201991321,-0.014101380454488114,0.08914770624964631,0.6413848606530903
1749296781006913536,0.2877233477586767,-7.450581342463719,0.5595583219136495,0.7591778247323293,-0.012949608803472176,0.08997220751689318,0.6445047245296678
1749296781176979712,0.2911351458220883,-7.442586852656279,0.5582646029991953,0.7570550629528315,-0.011339287260691245,0.09054574343306986,0.6469470770998632
1749296781232222208,0.29410454160344024,-7.434113587268657,0.5579850949407907,0.7557159822654059,-0.009462693811562535,0.09111246768094985,0.6484615098890215
1749296781395001600,0.2968689152858044,-7.4254246763997305,0.5576530752165412,0.7550923954688101,-0.007308805571645766,0.09185126350083384,0.6491112393570073
1749296781447547648,0.2997363736767662,-7.416784537580002,0.5566768185076771,0.7549753674037655,-0.005372408837226264,0.09233287582924041,0.6491979450660157
1749296781611839744,0.30267007094366694,-7.408210528908633,0.5553199656370409,0.7552622308583639,-0.0037933421507042927,0.09255678422464698,0.6488434440511573
1749296781665024256,0.3059364708450065,-7.399619821086146,0.5541634198192571,0.7557245171074476,-0.0031333850589507313,0.09196292036463849,0.6483929806982762
1749296781826638336,0.3093820801264684,-7.3912589954761465,0.5528398666594634,0.7562687414416952,-0.0031073199238911726,0.09078536261150826,0.6479243422009874
1749296781878347008,0.31257651102161255,-7.383118850721429,0.5511214773896111,0.7570499047734481,-0.0027584922843614727,0.08985846609341007,0.6471424020060575
1749296782039473408,0.31528460565855543,-7.374960184081324,0.5494060847485764,0.7580797834199404,-0.001349181842178311,0.08992135798467026,0.6459313981039517
1749296782092080128,0.3180792362977831,-7.366784426423514,0.5475092274458162,0.7591653436565031,0.00042613185987585623,0.09026635701218191,0.6446082408674983
1749296782256973312,0.32099434655597747,-7.3587131423351355,0.5454987138382479,0.7603728730807436,0.002499634121649271,0.09075062339305036,0.6431105426487472
1749296782308603136,0.3241709480812647,-7.3506870981035215,0.54334030744872,0.7616150629695636,0.004614992490881574,0.09100808770000704,0.6415907774238689
1749296782466108416,0.3282501622079117,-7.342590704313281,0.5420221589972383,0.7625681425611286,0.00534793822738241,0.08976954706590753,0.6406267680382768
1749296782516954112,0.3328316608661872,-7.3345336096006974,0.5411703475404872,0.763404180532267,0.0052233615475872274,0.08772627153250838,0.6399147403545299
1749296782676458752,0.3376104383804064,-7.326513365702176,0.5400489418295225,0.7643474472692497,0.004755432831117878,0.08543335384285301,0.6391021105916737
1749296782728566272,0.3422375267037596,-7.318508337404939,0.5381398229692116,0.7652584404308369,0.0044294318534693344,0.08305954497296816,0.6383267278374783
1749296782888023296,0.34591199068865297,-7.310122624355891,0.5367917229321533,0.7660205475663651,0.005795211180736417,0.08206785008821313,0.6375294536061809
1749296782940353024,0.3488679533539685,-7.301393113277431,0.5359247570120873,0.7664540094421511,0.008747591219277732,0.08232967554381747,0.6369407787092617
1749296783099888128,0.35192531057277243,-7.292400720590648,0.5354612593414712,0.7663837853748754,0.011582736756349873,0.08224031328339582,0.6369915734095382
1749296783153324288,0.35591045470640115,-7.283229462823591,0.5348876965166061,0.7658459499835624,0.0138735490442834,0.08130703583753497,0.6377120599878954
1749296783305224960,0.360901426665591,-7.274794762344738,0.5354595524128762,0.7649738906124528,0.014302730935606979,0.07902306874194763,0.6390350015262356
1749296783355420160,0.3657996632387306,-7.265782506658549,0.5350429528283618,0.7639647518295505,0.01658951591842637,0.07837656149539725,0.640265382893503
1749296783509017600,0.3705999208641524,-7.256866231345757,0.5336682237856651,0.7627023222500938,0.01990825936502448,0.07898782505201304,0.6415993705864445
1749296783559278336,0.3754097603833415,-7.248453585013587,0.532215411686273,0.7610933794325953,0.022759073667389176,0.07985773972344425,0.6433052415113193
1749296783716884736,0.38057402740155233,-7.239934598627755,0.5300268218237236,0.7594835737785005,0.024635223543991332,0.08029842647486268,0.6450813666718609
1749296783764823552,0.3857365913005708,-7.232351311090897,0.5273598141904103,0.7583758860378025,0.02463383598303989,0.07924986192761033,0.646512682772421
1749296783922365696,0.3906600410657006,-7.223500029611138,0.5244629613956349,0.7580044885501069,0.025356237226412216,0.07937614358710314,0.6469046949905746
1749296783975938048,0.3944636350854793,-7.2150552622456985,0.522129545768776,0.7582338377781265,0.02641402841559515,0.08027500711326888,0.6464825361787265
1749296784134301952,0.3984210914192303,-7.20639271104282,0.5193476958144321,0.7588325120523303,0.026774054183525933,0.08099802361132,0.645674599814789
1749296784179645184,0.4024563106377439,-7.198184044947117,0.5168433155032353,0.7598077702232338,0.02572776040376871,0.08097926303352512,0.6445716357485419
1749296784329957888,0.40669082809898516,-7.189337721733594,0.514347548407978,0.7612211351854608,0.023947117347786585,0.08091315569583218,0.6429789888892418
1749296784377097472,0.41086705987064676,-7.1804848826579395,0.5118694975032989,0.7629297147178747,0.021514923251452957,0.08097305952643578,0.6410294237466125
1749296784527655680,0.414867241386335,-7.171780399926462,0.5085769725401543,0.7647260009073905,0.01903259897562564,0.08154151060701943,0.6388919202496992
1749296784575084800,0.4186130685315268,-7.163191423235852,0.5044329291996066,0.7664687243055595,0.016851739260113952,0.08284051148795166,0.6366939321225951
1749296784738545152,0.42248243155163046,-7.1542152744606495,0.5005641045474327,0.7682783750234703,0.01453160222925139,0.08484259084927126,0.6343019042900075
1749296784788330496,0.42733624439362394,-7.145703985396605,0.4978056013547181,0.7701820460162209,0.009801751043420294,0.0857323375680053,0.6319600525079702
1749296784947864832,0.4323070637558173,-7.137781331205401,0.49490962584576303,0.7720863996063293,0.00422526749358101,0.08630814961202551,0.6296154715126457
1749296784997411328,0.4371831698102513,-7.129977022034529,0.49089487519453145,0.773918426101285,-0.0011344374831985485,0.08750466768960197,0.627209626779627
1749296785161719808,0.4418252193830581,-7.121989625231592,0.48708188781925976,0.7756803710223577,-0.006051035381373813,0.0895838720619887,0.6247063925139648
1749296785214157568,0.4463059750312892,-7.113756631462757,0.4855833847197095,0.7774518665201231,-0.011095810057999712,0.09215111243344497,0.6220559868056992
1749296785380487680,0.45093057955637494,-7.1055345969765735,0.4841362954003796,0.7790909611844951,-0.01635473081722322,0.0945203697903345,0.6195286084396866
1749296785431612416,0.45540799717473046,-7.096947819800647,0.48255997739594303,0.780043111264423,-0.021243752262643183,0.09622799927491124,0.6179171625017956
1749296785598592768,0.45897781391190673,-7.088178817173251,0.4811208144903256,0.7799163355839771,-0.02486008337729056,0.0974182689930073,0.6177557499612139
1749296785646659328,0.4620096331279413,-7.078308958378045,0.4794116732962017,0.7788515245287657,-0.027808994571621642,0.09843318336292493,0.6188116603403443
1749296785816244480,0.4647319910098915,-7.068706804528889,0.4775703213977507,0.7772071764031906,-0.03103425749583881,0.09888123969009645,0.6206515771722575
1749296785865689856,0.4673397999309792,-7.059191322154676,0.4756114837445171,0.7756155792506386,-0.03352840700482274,0.09970488070477282,0.622378707790572
1749296786036942080,0.4698190532368711,-7.049284007954571,0.47447537027066167,0.7747614826692436,-0.033493521530640245,0.10207429542065694,0.6230599226414811
1749296786084866048,0.47283949578564144,-7.03937524811646,0.4732430352374988,0.7743812682540626,-0.032497833850452414,0.10425909540785852,0.6232235419149319
1749296786253600256,0.4769079587741265,-7.029683471256272,0.47180338863162463,0.7739873718479526,-0.03243861402531238,0.1045647924607497,0.6236645642632395
1749296786303542016,0.4812548008629971,-7.020024069483023,0.47045164825362207,0.7733457264267858,-0.03210261117634006,0.10395640599778666,0.6245789585193464
1749296786475710720,0.48535303081518233,-7.010433011724704,0.4687405175218413,0.7725337419299186,-0.030669652076687176,0.10340266090136989,0.6257466577935265
1749296786525551104,0.4893554951198693,-7.001133110708273,0.46620845585038895,0.7717033484453317,-0.028739908797302784,0.10282600336350746,0.626956755026113
1749296786697305856,0.4933918025336741,-6.992116488001771,0.46349551655228716,0.7710734225306288,-0.026710089978928743,0.10205156621384891,0.6279473114788534
1749296786751357952,0.49754922743837326,-6.982552163145078,0.46136636284588306,0.7707578339748022,-0.024301334859421885,0.1010904269259906,0.6285877282245036
1749296786926334976,0.50134997069277,-6.973990947838427,0.46016375741169524,0.7705947712554032,-0.022661267352235896,0.0994030786637384,0.6291177897882031
1749296786978828032,0.5049872811006626,-6.965397544685591,0.4586267939117632,0.7705849688351128,-0.020932646330603544,0.09752524254012188,0.6294834844461581
1749296787152832256,0.5082550849660139,-6.956848880018196,0.45671302502273114,0.7707397587557174,-0.01887476562135382,0.09579437801078289,0.629624812596712
1749296787206219776,0.5111661015266007,-6.948376325349185,0.45453909792553127,0.7709472560843138,-0.016207409005470342,0.09457895208034077,0.6296288351503457
1749296787384007168,0.5140317365610132,-6.939996687969743,0.4530257453709674,0.771314585726884,-0.013115504512852195,0.09426238413518556,0.6292983365014478
1749296787443837952,0.5177391546374261,-6.9316775187845945,0.4530105219996905,0.7718571391658279,-0.011083646603423664,0.09379426086900877,0.6287418755934348
1749296787615067392,0.5222085976499375,-6.923531171136538,0.4534249238375776,0.7725557596668488,-0.010573928751480246,0.09268496566039357,0.6280567549010746
1749296787667556864,0.5271183572391669,-6.91560405704347,0.4533885167654228,0.7733755202247047,-0.011088218978285066,0.09127341137915433,0.6272451837138878
1749296787838334208,0.5321005963108618,-6.907797039591896,0.4526104995634679,0.7743341750361428,-0.011948644188300099,0.08997935729539747,0.6262328085735086
1749296787891143680,0.5369388373620847,-6.900015433316427,0.4510203296834052,0.7754329737352951,-0.012924157123742607,0.08890226898220129,0.6250064447479678
1749296788064627456,0.5413686764382408,-6.891971417414987,0.4487575569461799,0.7765390449465245,-0.013637224727383965,0.0880471879968262,0.6237377898292887
1749296788116877312,0.5455770766677892,-6.8835651049378335,0.44610479438170714,0.7773798967471416,-0.01471286009584014,0.08668502399494564,0.6228561105875091
1749296788283488512,0.549250039361489,-6.8748995147194245,0.4428728531980637,0.7779697693352977,-0.015706382891288645,0.08531388233361126,0.6222844116784729
1749296788332723200,0.5522943439513757,-6.866572144848945,0.4394599742470211,0.7781824110029986,-0.016597996235002133,0.0840747593982382,0.6221640270528922
1749296788498959104,0.5551990745412931,-6.857623241144065,0.43561553559731303,0.7780962265915928,-0.01750918683620781,0.08295344549897611,0.622397313956373
1749296788549427456,0.5576694106530837,-6.8482784711974,0.43239812388943477,0.7781018660062263,-0.017221483567927444,0.08337519968494439,0.6223419339067905
1749296788723662336,0.5604078355418078,-6.838478967531464,0.4304622151685513,0.7781571607242521,-0.016393475816130657,0.08472978010256196,0.6221121695707358
1749296788773315584,0.563357052577218,-6.82957640595214,0.4293336354500159,0.7781520171147742,-0.0156776189701518,0.08612924449138785,0.6219448558891518
1749296788944464896,0.5669618392722908,-6.820185890282732,0.42824399767743815,0.7781215631959657,-0.01522952612798772,0.08762623338100481,0.6217849609365292
1749296788994157568,0.5707791656089505,-6.810968116368375,0.4265637652912573,0.7781076242016601,-0.014764985261483584,0.0892030537479337,0.6215893624986832
1749296789165009920,0.5747863837701237,-6.801874825174926,0.42464075459682693,0.7779878414220476,-0.01417103860429753,0.09064840484938852,0.6215440185237081
1749296789214551552,0.5791210598908849,-6.792854175019038,0.42303967506749673,0.7775642387918366,-0.013601415182670116,0.09152142060119386,0.621958749137143
1749296789383938304,0.5836193726814125,-6.78397962690592,0.42142541476993234,0.776847792651219,-0.012967262918304072,0.09193130863891656,0.6228065443115324
1749296789435256576,0.5885545779796431,-6.77473864854224,0.4196451417304563,0.7757797303328382,-0.01258458600456248,0.09158148396137414,0.6241956984754343
1749296789610456320,0.5926056441701881,-6.766020694068967,0.41810487592153045,0.7746548646060907,-0.010984796725288754,0.09176167528636044,0.6255948928273505
1749296789664378880,0.5959753569773181,-6.757266210240148,0.4170696420563069,0.7738414669337911,-0.007518217909572712,0.09312198835138717,0.6264512397136003
1749296789841517568,0.5993642565884887,-6.748597234905128,0.41575658661084836,0.7732546406862353,-0.003574501997610457,0.09466259365473875,0.6269796463643998
1749296789895284992,0.6028991609914707,-6.74008155122416,0.4142431306936518,0.77290868988948,6.324087805864069e-05,0.09592041716521926,0.6272251801903117
1749296790069577984,0.6066929910055796,-6.731913636667106,0.412387220351194,0.7728119724243947,0.0031576284558838376,0.0969449650839515,0.6271788886792369
1749296790124750592,0.6113162317397229,-6.724062485275928,0.41110462187715235,0.7728024979439936,0.004644676998800982,0.09674152173883926,0.6272127263686176
1749296790296969472,0.6172649493732809,-6.716790652931769,0.4102510112637825,0.7729016207119392,0.0028584098653902123,0.0941070317252596,0.6275020165495567
1749296790352887040,0.6226692705622963,-6.709708036761432,0.40904197354648897,0.7729923672154877,0.001705883724927948,0.09196276840005721,0.6277123062482612
1749296790524898048,0.6272507054932257,-6.702430730560891,0.4083383186997076,0.7728853369641966,0.001654147519420723,0.09046974719479602,0.6280610993718956
1749296790579312640,0.6313575167836962,-6.694880930785769,0.40856372551201403,0.7726958627318395,0.0019903746894607095,0.0891609498170487,0.6284802838223447
1749296790750281216,0.635599355505879,-6.687394984619203,0.40896777797859807,0.772625793829933,0.0010839445466946072,0.08702962700622446,0.6288672767731226
1749296790803152896,0.6395024856075748,-6.679787210707357,0.40925052619605573,0.7727033461702573,-0.0003504160132788998,0.08471225331189959,0.6290892227377023
1749296790973495040,0.6431304403831257,-6.672099461850393,0.4086172451466368,0.7728469402936136,-0.0022085079274689503,0.08222082270402224,0.6292395932277371
1749296791026009344,0.6464180321917592,-6.664298165083597,0.40730409097078457,0.7729967853627292,-0.00428988573357208,0.07972691972353965,0.6293657005038296
1749296791199640576,0.6490806222634653,-6.656159606534962,0.4056615929633578,0.7730147516805222,-0.005644536786329911,0.07778430550652103,0.6295759959731918
1749296791255838464,0.6513373931495394,-6.64760817475811,0.4038496194179584,0.7729119061452931,-0.0066709156315722575,0.07600591994164979,0.6299093461422127
1749296791425397760,0.6530966179861908,-6.638313690583054,0.4024527435981309,0.7727372540158588,-0.006399034190888351,0.07506788149865974,0.6302388450300068
1749296791476547072,0.6550894043142446,-6.6287775931320425,0.401299409710687,0.7725471600642928,-0.004654501730536222,0.07496615731484772,0.6304992437328388
1749296791647276800,0.657404271503264,-6.6193775241543635,0.4000269986361471,0.7725682813945284,-0.002460422270056792,0.0750844500886281,0.6304716665007606
1749296791698216704,0.6598039691690243,-6.6102235886806895,0.3984034099945668,0.7726282706764093,-0.00018698403437433482,0.0751972738712569,0.6303894751587179
1749296791867961600,0.6624104677224167,-6.601401390860687,0.39698020377759935,0.7725745488082896,0.0025458960676056296,0.07553785590373509,0.630409483805841
1749296791922174720,0.6656392865845024,-6.592922714402502,0.3960742700196942,0.77235601450124,0.005047803124579173,0.07561466110204886,0.6306529390828194
1749296792089895936,0.6696002997019743,-6.584883400621612,0.3949575448543885,0.7720146984157141,0.006502562651171948,0.07490651821029187,0.6311418506474378
1749296792141253632,0.6738262074449111,-6.577098255565741,0.3937058762066976,0.7716466297752581,0.0074151582296594475,0.07386891774482915,0.6317039474121738
1749296792307956992,0.6780653024193333,-6.56933638669431,0.3928431230425389,0.7711329206980324,0.008171681006712886,0.07270262736718505,0.6324567733996967
1749296792359267584,0.6817467203604632,-6.561376292746481,0.39207356244238145,0.7704956446951521,0.010011911706715592,0.07224882841827909,0.6332585016578657
1749296792525014016,0.685208952844329,-6.553263938082313,0.39122060127764025,0.7698398753272414,0.012400773824429478,0.07210072275496182,0.634030182990451
1749296792576568064,0.688660917409269,-6.545235298580627,0.3897201361077829,0.7692886235496531,0.014569191542984446,0.07183872368780013,0.6346825585391264
1749296792741621248,0.6920963013086476,-6.5372419139102895,0.3878696328216553,0.768786413793665,0.016750762608504426,0.07154755034364785,0.6352698717538338
1749296792793404160,0.6958011901042997,-6.529451905681873,0.385627761381647,0.7682702072911521,0.01849715701815229,0.07089528180215046,0.6359187076893159
1749296792958836736,0.6998471351334752,-6.521851243670605,0.3831838989692784,0.7676764249246258,0.019576365427718817,0.06971624493060107,0.6367333175862265
1749296793010443264,0.7040304481175532,-6.514318635149418,0.3808468147989452,0.76700245982263,0.020328770542426315,0.06829323176926509,0.637675467780263
1749296793176694016,0.7083256052735205,-6.506498008544483,0.3800319504277496,0.7662189698975661,0.020593347593852732,0.06647604467805543,0.6387999214839905
1749296793228846592,0.712228087292675,-6.498390944566804,0.38027803677650596,0.7653251832848548,0.02152596255488057,0.06502175959003577,0.639989193304
1749296793391781376,0.7157386974618927,-6.490277058618114,0.3802535496762198,0.7644649908194453,0.023215924371488922,0.06399852541463477,0.6410604397494476
1749296793441502208,0.7193144227184831,-6.482284731174986,0.37956197543705583,0.7637422612485277,0.02417600796177096,0.062451306917065096,0.6420382490836264
1749296793605404672,0.7227013011327896,-6.474147172465692,0.3785341443470376,0.7631760016943415,0.02453309005997532,0.06046580676616356,0.6428875517087455
1749296793656469760,0.7258473485156656,-6.4658611924250815,0.3770654130211204,0.7627624067587954,0.024283053223344623,0.05808311330463136,0.6436071753100049
1749296793819855104,0.7285653502777065,-6.457390271357291,0.3751527688893539,0.7624370508126224,0.02400702393575814,0.05568733049170686,0.6442145043171615
1749296793871135232,0.7309076545323254,-6.448754271062435,0.3729704143317978,0.7621777106269192,0.023736077374321908,0.053297620573932156,0.644733355500974
1749296794033231872,0.7329672276331793,-6.440036259836257,0.370792736005396,0.7619364313590484,0.02368539079700642,0.051067480972099386,0.6452007355992363
1749296794085356800,0.7347612323411501,-6.431242184286269,0.369138053540063,0.7616739633605135,0.02448626478524901,0.04953104448782654,0.6456003965360448
1749296794244262912,0.7365691963185896,-6.422391805867892,0.3685479337787583,0.7613779151140259,0.025664299036744456,0.04857596627829062,0.6459763073299996
1749296794294519040,0.7383921334806174,-6.413739362294128,0.3680134793523169,0.7609589500191074,0.027407558016481575,0.04846980012298365,0.6464062040431151
1749296794454814208,0.7403842761279069,-6.405295147442741,0.36738540749257487,0.7604293758332238,0.029287995003511296,0.0489579431418195,0.6469099609079232
1749296794505818624,0.7429279927111119,-6.397040295519673,0.36682192773524047,0.7598189090207104,0.030313837556555263,0.04930047024298191,0.6475536737452683
1749296794666074368,0.7457013402347417,-6.389014938022143,0.36636150955329017,0.7592846092232097,0.030916724418944712,0.04987191358021413,0.6481078849881462
1749296794717421568,0.7484276390802815,-6.381305379433414,0.3658478230551374,0.7587426934032885,0.03199001978246746,0.05126131693764594,0.648581869332823
1749296794879545856,0.7510840614200003,-6.373601798686839,0.36578186757496045,0.758176224649569,0.03388795935989502,0.05364313386729223,0.6489551854908351
1749296794931451648,0.7544117231051306,-6.366168366176162,0.36555681293483344,0.7575129398392677,0.03465253649714984,0.055523654562593686,0.6495309626756808
1749296795093218816,0.7581515727136923,-6.359105034793174,0.3650720810276513,0.7569679667652071,0.03454023493726715,0.05709176926318028,0.6500361523363344
1749296795146634240,0.7623519296150381,-6.35226181771025,0.3645312697019403,0.756502950033423,0.03345977792641782,0.05810330514499968,0.6505441843434389
1749296795312259072,0.7667408108161702,-6.34552702003071,0.3639946346244245,0.7560355413304228,0.031867450720502725,0.058847457201515914,0.6511003782910176
1749296795365234176,0.7708096594426705,-6.338810525252992,0.3631778519278335,0.7555314202947689,0.030958308790239662,0.06015352303274018,0.6516098600627275
1749296795529956352,0.7744812046159475,-6.331984625891134,0.3622126222008055,0.7551153473968556,0.031051985949682233,0.06231325468506933,0.6518846865703016
1749296795581834240,0.7782936905432516,-6.3252074403821865,0.36069334767380257,0.754768204343435,0.03103128929697252,0.06431048455618985,0.6520936883400287
1749296795746361088,0.7823805184363222,-6.3183801943384035,0.35896423157936086,0.7545132954722842,0.030588954760540753,0.06572597742901232,0.6522684253382285
1749296795802044672,0.7868319481838109,-6.31137754710413,0.3579817367531861,0.7541401390357342,0.02927926494806054,0.06600253119091157,0.6527319826817573
1749296795971157248,0.7911853735567078,-6.304233205826495,0.3577877990306888,0.753525547101946,0.02798791368817012,0.0656708104058645,0.6535313850250297
1749296796026503424,0.794961272575827,-6.2970720262661235,0.3571060100741059,0.7529960331183491,0.0275586347788373,0.0658903258008925,0.6541375701815403
1749296796193131008,0.7990391269686321,-6.290017541920607,0.35662966853548816,0.752547860059155,0.025960534286643865,0.06472853168972866,0.6548343196299581
1749296796247177216,0.8036048725172411,-6.28334926221168,0.3562031438146116,0.7519675456203792,0.02314902810317545,0.061786501476620945,0.6558897476457617
1749296796416706048,0.8072983522503439,-6.276903278949449,0.3562787676866659,0.7513544593324429,0.021875924450740745,0.05959257869311637,0.656838370480427
1749296796477178624,0.8102009638496996,-6.27010861160972,0.3572895493073234,0.7504799673668141,0.02260784855248431,0.0585544666779877,0.6579058277572785
1749296796648219904,0.8129999425424947,-6.263579099339546,0.35773058064378116,0.7495061239642983,0.02348435780856047,0.057281379086467944,0.6590962742181793
1749296796708697088,0.8157150642305684,-6.257326586395273,0.35712739416758366,0.7485024470011097,0.024535404823630567,0.05584016276900796,0.6603211165527133
1749296796883840256,0.8181113830377007,-6.250972383037441,0.3566320589798049,0.7475545625051365,0.026296953387446927,0.054565075019827984,0.6614327621976199
1749296796944400128,0.8199571039422033,-6.244401591884221,0.3567982830205243,0.7470403115078644,0.029756536164734334,0.05450038616082691,0.6618723664317997
1749296797112298752,0.8219926151029093,-6.23782749067632,0.3580285107275665,0.7468595321461027,0.03396832702669374,0.054879140902594235,0.6618423315981727
1749296797169720832,0.8247070999569139,-6.2315395788271575,0.35916479338577334,0.7468207738186772,0.03758193017368891,0.054356568476577105,0.661733854189691
1749296797337062912,0.8274873911580554,-6.225425712959979,0.3602344330802745,0.7470589628975423,0.041579797387791745,0.05391629634627632,0.6612617177728797
1749296797396724480,0.8303436148454422,-6.219562007146044,0.3609401918857533,0.7473638810934823,0.045871991861435514,0.053496986309560436,0.6606671340814123
1749296797561477632,0.8335171022882055,-6.213914339840508,0.36181265679033503,0.7476441792789643,0.049769488967066705,0.05245288902722078,0.6601514020214898
1749296797622611456,0.8367163668229143,-6.208372165191779,0.36287603269068835,0.7480621608948825,0.053754513260492263,0.051356771221277686,0.6594512398889942
1749296797786950912,0.8399929186926531,-6.202780068780987,0.36382808087576635,0.7486023776934346,0.05787972504090986,0.05037452843645641,0.6585642143525029
1749296797846089728,0.8435121156896614,-6.197200019900379,0.36416321222242454,0.7491803009913028,0.06175073861461804,0.04920334715887548,0.6576433330578917
1749296798006582784,0.8475381502682064,-6.191750894157412,0.3636671439543848,0.7498396759429931,0.06448857129414008,0.047129314109947196,0.6567804140697818
1749296798065457664,0.852021390696375,-6.186423995380298,0.36285483722286394,0.7506398249403818,0.06586596970944707,0.044076452318018905,0.6559411510179588
1749296798222384384,0.8565103171838211,-6.181170233956528,0.36165577716810793,0.7517196038741923,0.06686175935491041,0.041150518093819095,0.6547929269225528
1749296798281127168,0.8610164136005856,-6.1757851495767415,0.36096225827499895,0.7533059378171272,0.06756670688819792,0.03853493146990403,0.6530543340537237
1749296798438483712,0.8652019643885707,-6.16994757251608,0.36105648140865165,0.7553156174345066,0.06868425320890106,0.036764104008774556,0.6507143705782884
1749296798495075072,0.8695348233068128,-6.163681694487472,0.3610950307416543,0.7572997917792125,0.06997792221069993,0.03537719981757787,0.6483429412797691
1749296798651239680,0.8736621083683955,-6.158008235715145,0.3608079793931873,0.758879812180473,0.07118262280397473,0.0342094017765248,0.6464241500019697
1749296798703302144,0.8789384635375774,-6.151996513294244,0.36049309553864406,0.76053744232399,0.07110924880177465,0.031887192099986215,0.6446002486332979
1749296798853607424,0.8843499855541959,-6.1462094152420725,0.3598627196482429,0.7622995110973696,0.0699435930544822,0.029107265390986264,0.6427753233228531
1749296798905487616,0.8894516565589399,-6.140410216489428,0.35855697173257983,0.7641851970403432,0.06919528330988266,0.027062112953837727,0.6407032381957742
1749296799056256000,0.8943841530068686,-6.134570408885911,0.3571412636806408,0.7660506847164452,0.06880318716591959,0.025645075207394463,0.6385724704361153
1749296799109136896,0.8994322398337236,-6.12854582872002,0.356721838644829,0.7678472275853027,0.06824697966379947,0.024398207432103212,0.6365200015163963
1749296799256523008,0.9047890640661649,-6.122485984157793,0.35624352569650863,0.7694985695563352,0.06687863650395076,0.022711374415260197,0.6347309610396328
1749296799308472064,0.9100085004915233,-6.116453840706671,0.35486641432973753,0.7711282587309396,0.06574288031671605,0.021506619153907607,0.6329111688118799
1749296799455180544,0.9150914251841171,-6.11041665426885,0.35323006924125266,0.7727644072888041,0.06493541773362509,0.020795017614096637,0.6310199122006943
1749296799508696576,0.9201018071372244,-6.104250931148464,0.3520324293409778,0.7742429175677602,0.0642132966464817,0.020219003071340096,0.6292978222151692
1749296799655567616,0.925039456463637,-6.097674735577034,0.351865109307969,0.7754031440202181,0.0633110720823232,0.019540758434149638,0.6279807569943251
1749296799708406272,0.929379438941945,-6.091045715469822,0.35204055483277275,0.7765120369642652,0.0640711144024848,0.020394252198277472,0.6265046075058857
1749296799857008640,0.9337529664364337,-6.084635052332247,0.3521763972038756,0.7774022560844962,0.06547614589917641,0.021613810371788444,0.6252131234660205
1749296799910315008,0.9384914806761744,-6.078347181417749,0.3526100607881335,0.7780658509416503,0.06643120647408475,0.021962713347890742,0.6242740308768593
1749296800056438016,0.9437082267307768,-6.072194462683578,0.3527166315042538,0.7785165282133136,0.0661621099365047,0.02101375328119446,0.6237732061258126
1749296800107710208,0.9492199976822642,-6.066470946772242,0.35157075536356297,0.7789201931658459,0.06490260338836376,0.019235513606351697,0.6234588837832004
1749296800256007680,0.9541425644070118,-6.060948188514328,0.35023406493402875,0.7793447622098012,0.06439488347161398,0.018022457763179806,0.6230170395863985
1749296800313860096,0.9583373378642204,-6.054753002613672,0.35021316692661353,0.7799329291771687,0.06627363542293337,0.01856317222836905,0.6220673917428634
1749296800461139712,0.9626488138671476,-6.048444056903916,0.3508173681904969,0.7803805159396018,0.06836082235360237,0.018781959383124113,0.6212731173249899
1749296800512476416,0.9673075810204921,-6.042320793506551,0.35105480020112356,0.7808368969102002,0.06980844470897253,0.018367447204177243,0.620550689592853
1749296800660545536,0.9720608643310849,-6.0363843808124775,0.3505016200477069,0.7815342237475175,0.0710605577824631,0.017858017516904603,0.6195447888969579
1749296800711668224,0.9768214323275051,-6.030440787540319,0.3496882593042927,0.7823582404826039,0.07227202366104378,0.017221633311903344,0.6183815597921495
1749296800859907072,0.9816052848666512,-6.0244991362179805,0.3491946182934962,0.7829949314766739,0.07349888562192222,0.016191833409543818,0.6174582379602788
1749296800915059456,0.9864087899177165,-6.018500725988922,0.3492129539111781,0.7836619135505747,0.07495441158871954,0.01518889039402903,0.6164617904154633
1749296801058196736,0.9910389446251497,-6.0128937327864165,0.3494010984102873,0.784660804353781,0.0760548511710505,0.014366970254920348,0.6150745254763205
1749296801109474816,0.9962120073535914,-6.007147890641214,0.3492885498743541,0.7860816246288257,0.07666150600204037,0.013265826817123426,0.6132069069712631
1749296801256338944,1.001536593618515,-6.001800576142928,0.34891026418891524,0.7876934404992572,0.07677695490570666,0.01167014556713502,0.6111531319499983
1749296801308511232,1.0073903713123076,-5.996819404663807,0.3485753382401593,0.7896603454463331,0.07533120983241763,0.009093079788190869,0.6088341839571163
1749296801453794816,1.01367194923056,-5.992155621361522,0.3481492838735898,0.7920809681560973,0.07224004641347054,0.005774562948153037,0.6060988120775662
1749296801507465984,1.0197508232909827,-5.9876734260944104,0.3473309612569997,0.7947200340156627,0.06916915159727197,0.002841288573503789,0.6030154418260775
1749296801658670848,1.0247994114719932,-5.983023425549547,0.3468099203773125,0.7976150432038416,0.06846672058414514,0.0020949265476325955,0.5992646846846109
1749296801712049408,1.0301819092853233,-5.978238669284196,0.347046824256672,0.8005273386018147,0.06732068286515326,0.0014051474227970084,0.5955014117282889
1749296801854835456,1.0364154189146055,-5.973631836329414,0.34542685342117707,0.8033877000407029,0.06479829196527707,-0.0001644423207623402,0.5919200602618698
1749296801905154048,1.042358120223028,-5.9694110526122515,0.34233797999477655,0.8063226388797711,0.06276592280441397,-0.000996881419354851,0.5881353986897135
1749296802050696960,1.0485078981782867,-5.965090145936981,0.34008365825038434,0.8091885611647051,0.06029250574471064,-0.0015513124825997184,0.5844452751633806
1749296802105867520,1.0541384845583375,-5.959894313354599,0.3398283799089721,0.8120360302538249,0.059271013796137285,-0.0003840369126871328,0.5805896011890306
1749296802257527296,1.059016089191413,-5.9548015860873065,0.3397949728791523,0.8144773595931483,0.0598361658668621,0.002090720071557915,0.5770978191382367
1749296802309537536,1.0652925179775545,-5.948779395903367,0.3403352732054823,0.8163808860363987,0.05924521438043641,0.003946066052060029,0.5744533767418847
1749296802453401088,1.071407731676549,-5.942690284034925,0.3402277475667299,0.8176074177413,0.05832370755220182,0.00538869163009918,0.5727891563169506
1749296802505814528,1.0769267320099272,-5.936203778718656,0.33909023184846454,0.8183235032765958,0.05835398265734122,0.007319936599798669,0.5717410910729794
1749296802654575872,1.0821913722395853,-5.9297461370335505,0.3373862153817493,0.8180871941816377,0.05894299768409029,0.009205457077742974,0.5719915430319042
1749296802708218112,1.0879490418120912,-5.923529107080079,0.336357082856086,0.8166332820581608,0.05870392197599377,0.010216683987188415,0.5740727754804776
1749296802858455808,1.094153855793667,-5.917655442215534,0.33607758493828577,0.8142949736013598,0.058111344576692175,0.010451082376803596,0.5774405099022785
1749296802912382720,1.100300693295302,-5.91206576656603,0.3358640571790472,0.811494540852486,0.05812375275797032,0.01082092623236203,0.5813614599261092
1749296803058549504,1.1064332636971805,-5.906909788853741,0.33485073528541154,0.8083528738536746,0.058576070165404504,0.011153030173684322,0.5856706286424376
1749296803111299072,1.1122934359889611,-5.902119817901354,0.33395998072217337,0.8046921867906421,0.05982703055142958,0.011560524426230217,0.5905569957324044
1749296803258173184,1.1183640413869167,-5.897593786490267,0.33305576719397756,0.8006519602596676,0.06115401326702024,0.01139589060854179,0.5958915663700294
1749296803311516672,1.1252544846888783,-5.893220666890841,0.3331672688442988,0.7963997899841881,0.06072466891447339,0.009875656240026717,0.6016330779737743
1749296803451986944,1.1310868501539835,-5.889032741146436,0.33325039505758447,0.7922100051430576,0.06135407140974949,0.008628284969961606,0.6070951641803456
1749296803501481216,1.136755741280655,-5.884119139333659,0.3326514874524622,0.7875839191277997,0.06397289756925044,0.007724323090303187,0.6128289920856276
1749296803649665024,1.142170685656113,-5.878821056341831,0.333267527562791,0.7832354579276867,0.06837124173249352,0.007913062564578502,0.6179036932966279
1749296803703757568,1.147083606275927,-5.874665727347443,0.33348126732377725,0.7799532153299101,0.07157529030708798,0.00781671485990351,0.6216822811394821
1749296803858536448,1.1527527834009854,-5.870865668244512,0.3328531128074399,0.777043371054067,0.07274753838561138,0.0062788753377057945,0.6251975454880315
1749296803919522304,1.1581336545333443,-5.867109331397716,0.33317420594469693,0.7750729960890448,0.07282764530202528,0.004296666428716772,0.6276460176492111
1749296804072287488,1.1631518221899917,-5.863200473280612,0.33341035095244376,0.7738556126329215,0.07314398996337186,0.002688065650025703,0.6291186071257355
1749296804133541376,1.1683830543962221,-5.859561681173387,0.3325994690563956,0.7730970107513929,0.0724443805989208,0.0004784079726471449,0.63013696512164
1749296804284194048,1.1734772721714837,-5.856041568357362,0.3315867308439766,0.7729282667081008,0.07152058158574241,-0.0014614820149079436,0.6304479082395059
1749296804344165888,1.1782068604173523,-5.852120356564288,0.33180655543190163,0.7734917785987979,0.07098677091360316,-0.002513709635847806,0.6298134867238031
1749296804494990336,1.1831537989645549,-5.84818032500571,0.33184846160677095,0.7741924888473332,0.0695586255736313,-0.004057789870808451,0.6291034272375596
1749296804556964096,1.1877661523876593,-5.8443741907496385,0.3313366251617307,0.774966198595292,0.06867306865576318,-0.004940888920535818,0.6282411864028327
1749296804709264128,1.1918471752890158,-5.839927558565812,0.33162632501354894,0.7761660268206233,0.06898937218950851,-0.004574244608516478,0.6267262892368937
1749296804767262720,1.1962041093931979,-5.835078498001291,0.33184932905541054,0.7773007842681936,0.06891502367760736,-0.004451570921595558,0.6253274292751727
1749296804916515072,1.200705691981907,-5.830191452472783,0.33147498775675555,0.7780442744128546,0.06825334805971413,-0.0049012567386890965,0.6244714286613883
1749296804975980544,1.2050268017492831,-5.825285651732776,0.33091522782453753,0.7786040397821463,0.06767666509807357,-0.005262174858340508,0.6238332531629631
1749296805123022080,1.2088093810416982,-5.820327199954365,0.3301362857322929,0.7791770256769361,0.06806555977586931,-0.00459753579575446,0.6230803358269684
1749296805180150784,1.2124535946493493,-5.815559103978739,0.32927611502183796,0.7794848312724543,0.06867905403175532,-0.0035254225844507693,0.6226348502525837
1749296805328978432,1.2163458233897173,-5.811271404237483,0.32831142531770396,0.7791395965342075,0.06821954637052065,-0.002875321727326016,0.6231206264684851
1749296805387188992,1.2202878702261475,-5.8071227454368906,0.327269165961237,0.7782074534048384,0.0669115924519234,-0.0025057163891317397,0.624427513524253
1749296805534055424,1.2241238180212761,-5.802771120574393,0.3275481434606151,0.7765601144678919,0.06458538510561375,-0.0025017558684193313,0.6267191219884298
1749296805593315328,1.2278633876329912,-5.7986130638874105,0.32842274741642585,0.774493803535648,0.06142046822271736,-0.002571450734255217,0.6295873744043063
1749296805754574848,1.2305505441215487,-5.794335007090962,0.32867469519684045,0.7727041438020351,0.060344502617559796,-0.0006978142055453028,0.6318910983787774
1749296805814989056,1.2329579983457926,-5.790078858335921,0.32853217717578875,0.771341021585001,0.060453313046982926,0.0014689443067546595,0.6335426327915701
1749296805971142400,1.2358195807497352,-5.785712287097804,0.3281871353114969,0.7699341201017841,0.06032543469844559,0.0037960841625216597,0.6352541872168701
1749296806034832640,1.2382430833595772,-5.781570844453913,0.3284291280744047,0.7687067209828766,0.06132617055424048,0.007030829668854109,0.6366157752954871
1749296806185502464,1.2414489374160533,-5.777287682901575,0.328860139597718,0.767459701433974,0.0615549510039369,0.009341726830699565,0.6380668670457659
1749296806246311936,1.2453152859515866,-5.773189342330391,0.32914967205313683,0.7661874021843903,0.060595423189955845,0.010398888660386811,0.6396693853366708
1749296806399318016,1.248940654675518,-5.768829139719925,0.32981760925768233,0.7650213656135414,0.06044362347340426,0.011722444071155436,0.6410549608584246
1749296806459405824,1.2527490496358058,-5.764131973286997,0.330961053194907,0.7639741278730076,0.06029492605607314,0.012492763940749293,0.6423020976781029
1749296806617974784,1.256930458139006,-5.759517847708932,0.3314535665500693,0.7627781313251201,0.05937479279706187,0.012147458240357217,0.6438141001956714
1749296806678430720,1.2608454639469158,-5.754806719893101,0.33115350120066767,0.761466606130192,0.059064662006795915,0.011820176229512756,0.6453993003439752
1749296806833711360,1.264140169599549,-5.749430562126839,0.3310281448086836,0.760298943094057,0.06016107439215743,0.012133074701032786,0.6466675736082185
1749296806893373952,1.267467223313195,-5.743627698157746,0.3310514255860588,0.7593519627830113,0.0612906700529149,0.012007405110308888,0.6476757465001836
1749296807045912064,1.2710447099478963,-5.737903876139403,0.3308386640720622,0.7584021793195864,0.0615930769938574,0.010893404911745428,0.6487786687300677
1749296807105761536,1.2743202620211687,-5.732218378014223,0.33088806593085707,0.7575351571065219,0.061743385130685675,0.009626047217175413,0.6497965676695852
1749296807260369920,1.2768849879007118,-5.726338501829511,0.33120835351551436,0.7569449489808483,0.06316824079435304,0.009485955745262138,0.650349240186322
1749296807319297536,1.2794260201784389,-5.720475069058109,0.33139597400323906,0.7564643762107028,0.06463838872463148,0.009515217802477055,0.6507633877665577
1749296807469995776,1.2822918803044767,-5.714885809119626,0.33169589259908827,0.7561270248024479,0.06503078437516084,0.00904088259395355,0.6511230159415898
1749296807528310528,1.284957718149097,-5.709552250611358,0.33180768776140823,0.756106436667389,0.06558806570256868,0.009015805996340139,0.6510913740096511
1749296807676101632,1.2873854715123194,-5.7045498694282335,0.33170422705992,0.7562302621803192,0.06661571747729891,0.009739781225136962,0.6508327537926751
1749296807733469696,1.2898281922806358,-5.699993857845018,0.3310383919940354,0.7562925502929918,0.06777292932429513,0.010955251505208156,0.6506215419785797
1749296807884465408,1.292786819005757,-5.6954872352127,0.3313150522915502,0.756484110661927,0.06778267700215532,0.011632015714976516,0.6503860355395568
1749296807941487104,1.2958935487112644,-5.691184005989822,0.3321132520349952,0.7568817739667647,0.06729065716305443,0.012204917285556111,0.649963835678217
1749296808091208704,1.2993088826798491,-5.687226788722767,0.33309889935150716,0.757167011953539,0.06597528295768817,0.012488227785626808,0.649761050090552
1749296808148484096,1.30256866041639,-5.683308568848691,0.33469291836612935,0.7575160445410251,0.06453602433242067,0.013094335253213012,0.6494867837073833
1749296808304073728,1.3055032470335575,-5.67947190019282,0.33576551782017283,0.7578948493918511,0.06374523209418738,0.014520780776889602,0.6490925123402604
1749296808375040000,1.3080619722454538,-5.6760206393760315,0.3355823860149618,0.758156505920965,0.0636784554370713,0.016558690463096097,0.6487446158643708
1749296808535812352,1.3104380420033217,-5.672511011283645,0.3350353702287041,0.7583526352998989,0.06448783440913451,0.01948301448103926,0.648354079106201
1749296808596655360,1.3132041803412569,-5.668597452246146,0.3354511455999041,0.7580996813925576,0.06506634000958703,0.021847753115668823,0.6485167076907553
1749296808745735680,1.316869626956207,-5.664367533751185,0.33524346747369416,0.7568688749866341,0.06421324570971663,0.02217640987236807,0.6500264394600138
1749296808803016192,1.3208196521738773,-5.659986681698953,0.33530818587471556,0.7545649005948366,0.06203913406185963,0.020908719007061052,0.65295159246658
1749296808955876608,1.3234634587195382,-5.655806832871384,0.3351913406290228,0.7518137918674141,0.061595930902545074,0.021150706568738548,0.6561513630754968
1749296809015905792,1.32534435508372,-5.651620475248046,0.3348358609594433,0.7485973901129578,0.06205070064447164,0.02225319741776908,0.659739685990076
1749296809165824000,1.326943032885434,-5.647115698226284,0.33450972011916225,0.7453192053181025,0.0630368681396574,0.023793014955441703,0.6632944503600688
1749296809223919104,1.3290087358550475,-5.642064019961862,0.33477530314240234,0.7423542245766692,0.06365200796112373,0.024366131890618453,0.6665320087980612
1749296809373492224,1.3309497242635615,-5.636628645305078,0.33555304462488245,0.7396783459081041,0.06460983563012468,0.025078917579295756,0.6693822238658195
1749296809430224896,1.3328116457226056,-5.630792218021507,0.33664304276048407,0.7371697205792628,0.0658663038914955,0.025875456091391216,0.6719917364408783
1749296809577743872,1.334643509391372,-5.624851815891447,0.3370047179034166,0.7347358293595262,0.06705340843011523,0.026514498534731076,0.6745102540664041
1749296809635016192,1.336386232318663,-5.618624979463348,0.3368141844010095,0.732406170824494,0.0684798159290861,0.027215482055036034,0.6768685494872931
1749296809784584960,1.338036611499636,-5.612144272368336,0.3362594555134222,0.7303774260480153,0.07000677269735128,0.027955571384830073,0.6788713820191018
1749296809841423872,1.3399368268407845,-5.6059744598956405,0.3350258551400853,0.7287658056844724,0.07050940536567124,0.028042415451971725,0.6805456980656482
1749296809992285184,1.3418807537808202,-5.600052734013531,0.33467820303380824,0.72792011801639,0.07036168701394487,0.02809098262141937,0.681463448383638
1749296810049668096,1.3435952810923886,-5.594072989197964,0.33511578854283774,0.7277116547854695,0.0706446752838458,0.028825177153881623,0.6816261339660334
1749296810200684288,1.3457989233329037,-5.588322567435916,0.33530700493678367,0.7278179646225931,0.07000249251773327,0.028920536898311294,0.6815748410552165
1749296810258576896,1.3480728964866908,-5.5827358484759095,0.3354875123371728,0.728410076782921,0.06887731316444996,0.028992250515137406,0.6810536874449861
1749296810407354624,1.3502426941037058,-5.576908084257953,0.33655814951576346,0.7295771885530487,0.067860424257904,0.02955619498244968,0.67988125441192
1749296810464334848,1.3526652839423114,-5.571147075680715,0.33751739303042827,0.7310852961405542,0.06610992194591404,0.029784763562660105,0.6784221663882306
1749296810614764288,1.3547110959720747,-5.565607306198741,0.3372692517283924,0.7330099444751873,0.0650274192044234,0.03067523952344644,0.6764073371366357
1749296810674815488,1.3567759069133083,-5.560659464522001,0.33602186167610215,0.7352971807153784,0.06302941296336374,0.030929687505853447,0.6740984375922406
1749296810828367360,1.359318813235006,-5.5557595810653115,0.3346995046878414,0.7376480247679703,0.05917443797747306,0.02977157997698103,0.6719281438306005
1749296810881743104,1.3619205184147058,-5.550543390666826,0.33401636627543896,0.7401847435134044,0.05493916779795215,0.02813521216831036,0.6695645175395039
1749296811031679744,1.3642290374713677,-5.545097789343831,0.33355907175526145,0.7427774654166813,0.05136857836067859,0.02718802864193364,0.6670110322363034
1749296811089671936,1.3662017763161791,-5.539604648883319,0.3328193658003773,0.7453613420644477,0.04877880890782146,0.02726785815574054,0.6643143544053661
1749296811239145728,1.3682958898831972,-5.533657387320631,0.33284286089202864,0.7477493309234164,0.04659592616895187,0.02780648797813566,0.6617601959882162
1749296811297692416,1.370531728955393,-5.527492324601247,0.3324986209315943,0.7495387966057347,0.04430769458224002,0.02798515049641594,0.6598827562039541
1749296811449960192,1.3726476785985926,-5.521176288143598,0.3316472132352435,0.7508159963724238,0.042294146513705694,0.028207868189356458,0.6585520943206951
1749296811509820672,1.3744449840473605,-5.514458661850243,0.3313772648488196,0.751562638565986,0.041345586546729554,0.029249476162922797,0.6577146880897785
1749296811659387648,1.3762700390199267,-5.507242430479376,0.332721292743988,0.751641277155179,0.0411439458433795,0.030812592305214846,0.6575660805975326
1749296811710397696,1.3781679957870856,-5.499750772318861,0.33392259698801396,0.7511663341583311,0.0415245445528289,0.032555156946133146,0.6580007692875648
1749296811857781760,1.380317048196459,-5.491929474932509,0.33445267303992177,0.7501569254765794,0.04181603163222387,0.033799246574302076,0.6590702675656582
1749296811909917184,1.3824869687456327,-5.483979081449765,0.3342144842184851,0.7488709020747373,0.04206930768805222,0.03483315337688476,0.660461351482613
1749296812056641536,1.3843762031796656,-5.47592279872666,0.33375016017603487,0.7476272205560095,0.04280930158175853,0.03641065049202761,0.6617364787530798
1749296812109875200,1.3862268499743124,-5.467941625063066,0.3330813416279428,0.7463824690375915,0.043779553592565905,0.038427080905113924,0.6629629854325931
1749296812257361408,1.3882818935666204,-5.460166832364801,0.3320663292896784,0.7453142242396895,0.04414815682413537,0.040146264596047324,0.664037592937332
1749296812310403840,1.3904979152087553,-5.452433850030091,0.3311252072938342,0.7444930053635402,0.04389303022040921,0.041406960591244296,0.6648977594167613
1749296812459845888,1.392875527864915,-5.444785843779339,0.3295640754055573,0.7436579564679501,0.04329175050681851,0.04217438486904746,0.6658227912747392
1749296812513204992,1.3952834772415135,-5.437262448080445,0.3276982535415418,0.7426919529158807,0.04240117031531863,0.0425764888088423,0.6669318154283819
1749296812662506496,1.397282789133639,-5.429852625152638,0.3262338476849056,0.7419479422582985,0.042246269362565925,0.043948417216010206,0.6676803429245388
1749296812715669760,1.3998467842382643,-5.42278556639582,0.32530990477911903,0.7415339178290378,0.040946754405656684,0.04469653146365629,0.6681714092116476
1749296812869321984,1.4028065000279564,-5.4159715904455865,0.3254391119711273,0.7412511085349588,0.03855625846581781,0.044645054190499876,0.668630711353539
1749296812928227328,1.4057163441149703,-5.409355423275553,0.325364285037256,0.7406124994552629,0.03601159773887974,0.04427485361106609,0.6695043150097244
1749296813087176448,1.4082478844278783,-5.4028021158815145,0.3254887452973927,0.7398577807940911,0.03384251957402342,0.044200250441703365,0.6704561774853108
1749296813146633728,1.4105846468044878,-5.396209811947928,0.3260351787513929,0.7392728366732536,0.03182423489043625,0.044245244306566255,0.6711968782607465
1749296813303412736,1.413072710006325,-5.389731253959696,0.3264498567465268,0.7385225541264713,0.029509579451642596,0.04376925786028293,0.6721591134794356
1749296813361345280,1.4157521973508933,-5.3834988953944025,0.32654228165037,0.7373202019793157,0.02691173181534471,0.042646798734880954,0.6736586145827475
1749296813519167488,1.418366527245578,-5.377446199395097,0.32613603809754155,0.7357035707171349,0.024212276148653327,0.041118914093895474,0.6756206454967888
1749296813576085760,1.421076881692541,-5.371506585058479,0.3252542872889128,0.7336785288705477,0.02068745672657447,0.03857986322813873,0.6780851270761163
1749296813738687744,1.4231736347732915,-5.3659708071390515,0.3245520038765468,0.7314586562088398,0.0178074100940011,0.03634213558425155,0.6806837588660961
1749296813798337536,1.4245081723020627,-5.359898582397877,0.3245919946738405,0.7292630148387206,0.016731697610462275,0.03571889833280893,0.6830956490750784
1749296813957533952,1.4252384451472198,-5.353541384125579,0.3254723916615241,0.7277614886226713,0.01777484150559285,0.03701993684902033,0.6845997333937978
1749296814016882432,1.4261957881193141,-5.3471725580376335,0.3259771648316403,0.7265608051350655,0.019353857584117215,0.0387404943296432,0.6857360999226993
1749296814175804160,1.4277211503867075,-5.340872082753779,0.3260201219859895,0.7252001720038013,0.020516158116219995,0.039876892335950084,0.6870761466092639
1749296814234283008,1.4294878785147387,-5.334232046078021,0.3264904417956025,0.7237513122787184,0.021567761240115346,0.04070885499159371,0.6885213568039816
1749296814392596992,1.4314879457376923,-5.327480117848169,0.32690997527939647,0.7222681957960811,0.02211299889123814,0.0409149255404671,0.690047561758991
1749296814449708544,1.4340890009258445,-5.321271339529863,0.326028961559508,0.7207398260686068,0.021219750464642792,0.03966123144408557,0.6917447593073268
1749296814606476032,1.4367867027341528,-5.315378815331055,0.324728533090497,0.719185785269131,0.01961048649395543,0.03754473297954367,0.6935255064608572
1749296814664694016,1.4386166322294582,-5.309185217250535,0.3245002357871649,0.7178677753171889,0.018883595735344056,0.03614936831777502,0.6949838056699454
1749296814824900096,1.4397391253129053,-5.302552853408386,0.32486990153830675,0.716971440631064,0.019156226916111428,0.03584682713889237,0.6959166597185539
1749296814888596736,1.4408145243897637,-5.295907607701333,0.324902002850477,0.7162550321700512,0.019529710255537347,0.03588241146783118,0.6966417815891229
1749296815047222528,1.4418597636230808,-5.289282301558458,0.3247610299344337,0.715720583428168,0.02028563651875673,0.036431801396489695,0.6971407772145295
1749296815107078400,1.4431709341466772,-5.282433597529061,0.3252228775349648,0.7153073558644849,0.020733076231640727,0.036590144959915534,0.6975433230186814
1749296815262417664,1.4444902908061334,-5.275428457239567,0.32572423795850103,0.7151580438689109,0.021144043240442372,0.036628397038594725,0.6976820638768224
1749296815320806144,1.4459919723735526,-5.268507857481532,0.3256591843716481,0.7153259176679649,0.021214463622226364,0.0364509638468269,0.6975171003497634
1749296815476463616,1.4476905928896797,-5.261670688029504,0.32483115596080614,0.715666865942448,0.020805587453188057,0.03589481458344716,0.6972084529097897
1749296815533819392,1.449590818962324,-5.255099115708468,0.3231218707824226,0.7160489152624474,0.019755425497962845,0.03482972987730531,0.6969006844820435
1749296815693915904,1.4510808778912376,-5.24839811438955,0.3215762399796618,0.7165822976269816,0.0193860459003789,0.03447357761983918,0.6963803302779834
1749296815748790528,1.4525271773319357,-5.241352344917678,0.3214424003492016,0.7169976478271216,0.0187408829037636,0.0337239454068575,0.6960070745506522
1749296815901273088,1.4538178568259905,-5.23326591153416,0.32137095453520104,0.7173237724800392,0.018149511062316322,0.032955540337594465,0.6957234601795896
1749296815954132480,1.4549474147787214,-5.225087583764053,0.32153481367886716,0.71730655381932,0.01725868043147585,0.03175730894731471,0.6958196024301413
1749296816106493440,1.4559610418683482,-5.216977515939329,0.32117966031363787,0.7171853639948964,0.016266947021031774,0.030450569175749932,0.6960267975753488
1749296816158761216,1.456857144319729,-5.209070539259335,0.3206824975640856,0.7168893218892248,0.015282932891744023,0.029277446517748284,0.6964043101882943
1749296816308061440,1.4575741019161463,-5.201355936072812,0.3198976722067677,0.7164369123871885,0.01455478263310633,0.028446575571674192,0.6969197236481833
1749296816362117376,1.4580319705560516,-5.193617392730755,0.31917490048319097,0.7158181181181784,0.014350839547540857,0.02814782360016143,0.6975716272932871
1749296816512138240,1.458460438572717,-5.185505255067047,0.31936081454502574,0.7150671433144195,0.014540810804003936,0.028212914324090038,0.6983348601055653
1749296816562576896,1.458869755592251,-5.177398064041402,0.3196956605963295,0.7142862230713042,0.014804406002417917,0.028599934108904344,0.6991123406595057
1749296816711869184,1.4592634166783949,-5.169509149763494,0.31965620117901583,0.713514341402235,0.015170999355348824,0.029433882577966666,0.6998576797808832
1749296816762780160,1.4595728805503572,-5.161809920206457,0.3195107108186166,0.7126953852553959,0.015921971406932852,0.030996937717431852,0.7006075709798751
1749296816912281600,1.4601575104562379,-5.154168731024801,0.3194517931347902,0.7117109097202398,0.016236305201450685,0.032332776718043375,0.7015401306613155
1749296816965589248,1.460863390956265,-5.146495285597377,0.32032847986097623,0.7106966195756191,0.016244078223724066,0.033416357640989096,0.7025167555926752
1749296817122024960,1.4614083597861751,-5.138913285805996,0.32052307157635784,0.7097180137085058,0.016789793521878257,0.03505215379772287,0.7034129586276375
1749296817179220736,1.4620931301154396,-5.131775092496046,0.32012943650612025,0.7085871705661143,0.017155803452415113,0.0363265598314304,0.7044787301032047
1749296817338038528,1.4628004085741009,-5.1244635881656855,0.319647793525502,0.7073502149160809,0.01746490058831791,0.03748104747243238,0.7056527628982852
1749296817393462272,1.4637811786612427,-5.116886913576598,0.3194696571353286,0.7059211646727372,0.01677717002075073,0.03755042287247412,0.7070953270778131
1749296817549751040,1.464636129671272,-5.1097506300523925,0.3187957947850997,0.704545120491345,0.0159585263414996,0.03733038476459585,0.7084969590634611
1749296817607788544,1.4651977994105656,-5.102455469712614,0.317795524646701,0.703321704074228,0.015417924669346854,0.037306591962950476,0.7097246553228402
1749296817766383360,1.4657917146181396,-5.095188808065302,0.31618420516813783,0.7021806134534936,0.01446979390557523,0.03675476593159765,0.710902312793902
1749296817820288000,1.4659329423597045,-5.087830509617482,0.3152746436638547,0.7014677366531568,0.013958391348038121,0.03674324272259932,0.7116165483319656
1749296817971317248,1.4659606443343964,-5.0799026021652995,0.3144560752185219,0.7008012188791443,0.01350728892372428,0.03679779217674508,0.7122788269030282
1749296818024833536,1.4658405175446863,-5.072068308482373,0.31340189020778375,0.7004278527043806,0.013440944923271999,0.03730266147095518,0.7126209901502222
1749296818180738560,1.4657263004890746,-5.064457045188986,0.3125954484100273,0.7010760835775024,0.013935391238475823,0.03836327431370309,0.7119174032783528
1749296818238386944,1.4657621863511596,-5.057835941425707,0.31250409046435923,0.7028666447540148,0.014366125008180554,0.03935391102480131,0.71008687062326
1749296818401515008,1.4658089389249365,-5.051715495938447,0.31267851344294817,0.7053680314127573,0.01478539584999369,0.04015579324482796,0.7075484750879826
1749296818460175616,1.4659479675768505,-5.046120572361966,0.31257330110080117,0.7080407433161381,0.014668747672667808,0.040306340372595666,0.7048677411910795
1749296818620389376,1.4664713687687052,-5.040624011757132,0.31249886936108817,0.7100271723676582,0.013237766687379592,0.038577027426677214,0.7029921685108872
1749296818677664512,1.4670566328745207,-5.034541677928574,0.3131063022554845,0.7115549762783502,0.011701209678515455,0.035669993816916656,0.7016268587836968
1749296818836890112,1.4674895006212614,-5.0280193864144325,0.3144788874371538,0.7131101453239493,0.010461303661412453,0.032713070716883924,0.7002102089844392
1749296818893088512,1.4678543503169812,-5.021363346908101,0.3159479919632635,0.7146748976614691,0.009555387711662481,0.029698602232292756,0.6987606730803452
1749296819050080768,1.4680667750594205,-5.0147382902876885,0.31656423661120536,0.7162981534177008,0.009378823714392205,0.027161849294156114,0.6972024290111503
1749296819108573440,1.4684991130111529,-5.007913911712438,0.3169814995768272,0.7176798228747285,0.009071703939045517,0.024060569741198436,0.6958983151365362
1749296819266114304,1.468838687984006,-5.000942631650711,0.3171028190222476,0.7190208969120268,0.00937145487854141,0.02134253198960166,0.6945974531810184
1749296819324803328,1.4690559384175508,-4.993857440922229,0.3174798809706645,0.7200824126866167,0.01072409814754553,0.01955044977701826,0.6935301670236552
1749296819479245824,1.4693096876161191,-4.986879556941782,0.31728413267021516,0.7208633018073161,0.012890314257277576,0.018504628384475766,0.6927102703397396
1749296819536233472,1.4698554247213198,-4.979803493448065,0.31679241507605793,0.7213121256264812,0.01535205554515927,0.01734708013545929,0.692222659716886
1749296819690344192,1.4707013281419479,-4.9725434100715,0.3160707576895878,0.7214660592825073,0.017822855171702772,0.015929823181085084,0.6920370740576819
1749296819741011456,1.4716377666537346,-4.965108322471326,0.3163889353815539,0.7214834391127709,0.019959111685767722,0.01429469342688335,0.6919963458621403
1749296819889873664,1.472715382403225,-4.957375304165651,0.31665006814829244,0.7217234550762035,0.021916644029011095,0.012592511519144242,0.6917198448512327
1749296819947772672,1.4739152878719306,-4.950302670905413,0.3165859280146641,0.7221267748493295,0.02330799251634517,0.010807386313085211,0.6912834866620523
1749296820099305472,1.4754677239829062,-4.943167959097738,0.31701195069524557,0.7226878381372812,0.023669296397678428,0.008263401813432948,0.6907197472252922
1749296820154764800,1.4767568437576872,-4.936205948696587,0.31798439421034264,0.7236283333326397,0.023870590443085263,0.00609403460259033,0.689750022002455
1749296820292337408,1.4780906739911712,-4.92848799506884,0.31917631406673674,0.7248488102400822,0.023816380822701277,0.003998321421051069,0.6884845646228093
1749296820346365184,1.4792791655686774,-4.92125447917368,0.31954641310328036,0.7261334326280345,0.023880046615456608,0.002555593883827366,0.6871342302151537
1749296820486313728,1.480792788631689,-4.913618981590398,0.31926475938459475,0.7274117349931237,0.02325999704400626,0.0008179029712957134,0.6858064387030326
1749296820536295424,1.4822954061559273,-4.906127627317956,0.3181236040369222,0.728631000466798,0.022333680764128002,-0.0008083587180783871,0.6845417579800825
1749296820675286528,1.4836686199649445,-4.898515490506543,0.3168489530277636,0.7300849249636179,0.021556451971088682,-0.001764161813731073,0.6830140624118811
1749296820725688576,1.485053959663016,-4.890796768132892,0.3150056039065592,0.7316805084827935,0.02098958055064098,-0.002047171389531685,0.681321422020452
1749296820865690880,1.4865892606619036,-4.882860649603869,0.3126126079407605,0.7332431026760868,0.02059758257179012,-0.0017368130482283432,0.6796523195359367
1749296820918035456,1.4887838973366603,-4.874970054454121,0.31068445838883596,0.7347811912284236,0.018787691104146794,-0.002089080611461311,0.6780407505615816
1749296821057605888,1.4913464611054934,-4.867365648085961,0.30966728803701926,0.7363583681788887,0.015451717619448455,-0.0031790792503180233,0.6764077849128092
1749296821107680512,1.493695684192982,-4.860027391042932,0.30896510988966597,0.7380731518338587,0.01212785303622552,-0.0036966129932617517,0.6746015659447757
1749296821250223872,1.4963870900472425,-4.85300232956778,0.3085633840594695,0.739771252686054,0.007537607648138671,-0.004953884028687486,0.6727979913787491
1749296821303734272,1.4990444577875257,-4.846353550051375,0.30872872841939314,0.74136447710177,0.0022120476424564006,-0.006748412316257782,0.6710650325177557
1749296821453380864,1.5003333930288023,-4.839094759185917,0.3093967194597482,0.7429796766511296,-0.0002667727956598383,-0.006147017329784009,0.669285696166895
1749296821513069568,1.5012786395050068,-4.831882447922755,0.3094569929982871,0.7442344940159078,-0.0012393444535885854,-0.004616229366101625,0.6679013193344138
1749296821668101120,1.5024435704068888,-4.82460416041058,0.30911157865375305,0.7451029731219967,-0.0016151667412296826,-0.0026938974610846047,0.6669420466559506
1749296821721640192,1.5037523657645844,-4.817422623827186,0.30903581173582717,0.7456372293264448,-0.0015283827595590361,-0.0010881633570449351,0.6663494595098216
1749296821873692928,1.5053179500756686,-4.809402139610396,0.30924393246309245,0.746103464566841,-0.0005951915772108974,0.0002750893970552567,0.6658297006248424
1749296821928739584,1.507059824696103,-4.801313155500509,0.30990784563733076,0.7462746740799387,0.0008384759684170124,0.0008913164435988691,0.6656369981753785
1749296822076162304,1.5090131447338422,-4.793218879091904,0.3101537534083256,0.7460042484238476,0.0023596677622924594,0.0010063431147331907,0.6659362436263381
1749296822131938048,1.511000611743691,-4.785327626312373,0.309991297195241,0.7455294387600722,0.004098287129692741,0.0012805906343874205,0.6664588660017372
1749296822281061888,1.5132761592213826,-4.7778715514816,0.30923045632597024,0.7450689641034601,0.0052545188531902525,0.001254413321101919,0.6669655577379074
1749296822336777472,1.5157703389678496,-4.770663716566395,0.30897746874673926,0.7447589453729015,0.005519311282204551,0.0007649502883433983,0.6673103216203615
1749296822486522624,1.518500643787156,-4.763525236666621,0.30923685973988846,0.7446690809247225,0.004700646275552901,-0.0003630831465181283,0.6674172098544882
1749296822546399744,1.5206123269994447,-4.756680092287208,0.3093840597790196,0.7449006445950859,0.004803909022308142,-0.000525743171355399,0.6671579091444909
1749296822698918912,1.5225086442320772,-4.749669667725256,0.30932981638320234,0.7452072888986211,0.005727482441162377,9.654955079733745e-05,0.6668082806890124
1749296822757935872,1.5243466522376115,-4.742733459347232,0.30925021762563176,0.7454171736300286,0.007446200965689423,0.0017028446445407962,0.6665544926476118
1749296822906015488,1.526506090326988,-4.735916608050124,0.30919470013804373,0.7456192873442775,0.009037649646314367,0.0035212114051482997,0.6663015835935877
1749296822965481984,1.5293980103468856,-4.729273128125989,0.3092390208671105,0.7457980434704092,0.008740781207384177,0.004039918200864075,0.6661025117506498
1749296823112948224,1.53252797234774,-4.7231105880180335,0.3087146794299933,0.7458598245805922,0.007243634653818914,0.0036383766234715825,0.666053611993176
1749296823171808768,1.5354691656719712,-4.717514915862617,0.30806049356765364,0.7453456551421991,0.005041580017067712,0.0030770563916187785,0.6666520595899635
1749296823321361920,1.5375958728341002,-4.712258545389534,0.30734191416765144,0.7442579518966953,0.0032787808248829074,0.003259113159432213,0.6678762825675519
1749296823380506368,1.538763461893923,-4.707460610791954,0.30604382816358644,0.7429824941293559,0.0023575157670221464,0.00453596952105139,0.6692913270895073
1749296823531239680,1.5395715810227353,-4.702517636590349,0.3048478888732502,0.7412399503316445,0.0013794319420666083,0.005741160576039819,0.6712141776475663
1749296823591505920,1.5405215146406208,-4.696901350644365,0.30466170562353767,0.7385465037892032,-0.0007398014481374291,0.005680458503571799,0.674178201090595
1749296823739049984,1.541505551612294,-4.691222823898054,0.30484398059950246,0.7354092272486328,-0.003268067340194358,0.004983891720751327,0.6775970403099061
1749296823796281600,1.5423120992418085,-4.685197363370303,0.3045339725414866,0.7318776888068922,-0.004960196802543234,0.004707239613033552,0.6814017074894861
1749296823951248640,1.5433047887783302,-4.679422231923452,0.3038399534441778,0.7285951273328896,-0.005632157390217048,0.004650052882508492,0.6849056841916937
1749296824006941696,1.5446544356620082,-4.673257801756654,0.30327348472492144,0.7247336621332038,-0.006124899330506112,0.0040784242357139195,0.6889898192534775
1749296824153200128,1.5458467169872403,-4.666426810464074,0.3024013492699167,0.720193234652898,-0.0059623784585288225,0.00389966204239979,0.6937369439775193
1749296824207389952,1.546661496139321,-4.659760158276083,0.30099941030951927,0.7156194678386179,-0.005430857521502279,0.004202294901110166,0.6984566011961794
1749296824360365568,1.5470553811298258,-4.652646612322841,0.29926229086623657,0.7117864636214132,-0.004162876758040456,0.005123444603079394,0.7023648987369878
1749296824416524544,1.5469472305160687,-4.64563282218407,0.29827231691169676,0.7094068874998356,-0.0027918141820661435,0.005818220237015918,0.7047696233909649
1749296824571370240,1.5466774441350575,-4.63792193531289,0.2971545224043992,0.7073224313271516,-0.0015543007614339478,0.006552013615958954,0.7068589911772827
1749296824630400256,1.5466288303936904,-4.630599679981811,0.2967945556606293,0.705729033952261,-0.0013356365035451154,0.006578211792929165,0.7084500503504433
1749296824784523264,1.5463561090158224,-4.62342437664711,0.2962722166492924,0.7045222506262014,-0.0007432697332843979,0.007145407152604335,0.7096455376308084
1749296824844000512,1.5459034820488107,-4.616301534663194,0.29556129714708845,0.7037853423766914,0.0008008850373497581,0.00872759198489221,0.7103586274390039
1749296825001707776,1.545792842918818,-4.609326671815277,0.29489453888720485,0.7032956142439188,0.0020406713927329178,0.010246473357987926,0.71082074001063
1749296825062368000,1.5460119166288497,-4.602343463836147,0.29538571043855155,0.7031880596881044,0.0027971962953355824,0.011611539134108746,0.7109035803566482
1749296825216876544,1.5464114813416967,-4.595386581261405,0.29611340781583184,0.7032743962481374,0.0030925094780088385,0.012600662246015536,0.7108001007863659
1749296825274443264,1.5471634522848956,-4.588515586737089,0.2973005014203962,0.7033774476008738,0.0020956243041204774,0.012697734750695792,0.710700036652213
1749296825428360448,1.5482634694284076,-4.5821415444942355,0.2985290667398819,0.7031814479872488,-0.0006469840178592464,0.011474913930527792,0.7109175472363329
1749296825484894464,1.5493761250781355,-4.576286493018939,0.30086749039932137,0.7021147322684868,-0.004964781409355182,0.008940028007087597,0.7119903999186649
1749296825635328512,1.5497677043851428,-4.570744264663347,0.3036840047967124,0.700077698173502,-0.009567429849815482,0.006393930810521564,0.7139739480225801
1749296825688707584,1.549698555823483,-4.565962217930031,0.3047180900794282,0.6979113533797321,-0.01385552508125893,0.004336197461561402,0.7160369855251664
1749296825843740672,1.548352047487044,-4.560926267947197,0.30444012130817066,0.6967921275189655,-0.015077960332040173,0.005184613698160997,0.7170958833521638
1749296825901403904,1.54585464750796,-4.555741512823307,0.3027631038410177,0.6963782880634355,-0.012782127255129686,0.009119798713437986,0.7175031194413716
1749296826058350080,1.5441453553169504,-4.550522653379732,0.30091988593557106,0.6959070253937438,-0.010357835116943053,0.013089442873808163,0.7179378759646092
1749296826117555968,1.5437607228046883,-4.544517556283078,0.3001951545795718,0.6948258852164838,-0.00961237728925855,0.015383750616101768,0.7189491857238314
1749296826274541824,1.5440568005346083,-4.537779557193662,0.30051988440846067,0.6929084744455043,-0.011029777832776266,0.01585172837198814,0.720766892101867
1749296826333106688,1.544595145190066,-4.5311818195165,0.3010609442160459,0.6902878112204167,-0.014087392088214374,0.014804947283747101,0.7232462212833225
1749296826488354048,1.5449529068947432,-4.524718360777825,0.3020021523417218,0.6869392764686194,-0.01738315636443427,0.013605813791412586,0.7263794725559451
1749296826548668416,1.5452467245158332,-4.518738793875839,0.302419053787804,0.6840681902327871,-0.019734931957644593,0.01315365272443323,0.729032389535795
1749296826706938368,1.5448019491618532,-4.512615504354951,0.30187227058099086,0.6821164472142786,-0.020147307363438595,0.014558673098401198,0.7308209654103988
1749296826765243904,1.5437727964523926,-4.506268494901775,0.3009605437483929,0.6807022389895151,-0.018754973268302718,0.017349014905858724,0.7321145569473143
1749296826926217472,1.5428337451688665,-4.499650067900407,0.2999860588787171,0.6795036795111704,-0.016697364156498896,0.020792368786491013,0.7331873055101625
1749296826984339712,1.5423469641592202,-4.492916198582565,0.29895335998530603,0.6780488215482698,-0.015375072119268604,0.02371653131594123,0.7344732322533409
1749296827143175168,1.542027596536455,-4.485910311042337,0.29826364512564885,0.676564109009144,-0.014519671165209856,0.026346507873490063,0.7357690174727319
1749296827199513856,1.5418969735773196,-4.478548146650529,0.2978867252655961,0.6752747416264233,-0.014394727198876947,0.0282005085028076,0.736886386405951
1749296827358541056,1.541572391829535,-4.471099438555816,0.2969466477092624,0.6745218685550616,-0.013721923801787527,0.030486961038703284,0.7374974595581947
1749296827409598464,1.541531040439994,-4.46352194756263,0.2955181603506074,0.674033414107889,-0.013433794873669117,0.03226945061030004,0.7378734121640815
1749296827565155328,1.5418815205379897,-4.45551284879785,0.2952821747086407,0.6735113791089692,-0.015055885750788466,0.03221533576871789,0.7383210105748738
1749296827616303360,1.5418459994169864,-4.447296423400722,0.2956244446284755,0.6730844642089698,-0.017558427851230005,0.031543691702001074,0.7386839656887956
1749296827778848512,1.5414522173291987,-4.4390385092501505,0.29576838302269914,0.672923532851997,-0.020372682671768214,0.030712006267079206,0.7387933712519311
1749296827829118464,1.5410820433337191,-4.430864526169422,0.2949999695423129,0.6727754065438482,-0.023934570263755964,0.029137455117977985,0.7388852396721
1749296827988338432,1.5404364250559524,-4.422904575557494,0.2934992881998588,0.6725588263890765,-0.027355730760190496,0.027824483137172062,0.7390142672363463
1749296828042592000,1.5389586497421943,-4.414905150688584,0.2928013576040551,0.6723392249450381,-0.029188425432349938,0.02857024280224519,0.7391155144138881
1749296828200946432,1.5374177813696748,-4.406490369856488,0.29305971377533657,0.6720771886740293,-0.029927697530288108,0.03053442687583522,0.7392457197440601
1749296828251284736,1.535719959265208,-4.39855489415332,0.29314036988896097,0.6723927210533832,-0.02954788829104962,0.03396031900641506,0.738824503996009
1749296828413583616,1.5341225375369105,-4.39097453219349,0.2932100186424691,0.6737335846818284,-0.028285856591430562,0.03838411916519048,0.7374344896901519
1749296828465058816,1.5328167676802238,-4.384147232198391,0.2928309186746416,0.6757040507264339,-0.02653962374908817,0.04330911679839858,0.7354209710127173
1749296828628900608,1.5324541738938269,-4.377328871447269,0.2917322665371027,0.6782668723181356,-0.025588230751750922,0.04772846495547218,0.7328173619639231
1749296828685793792,1.53323919025787,-4.3707103632102955,0.29067907920674196,0.6815186121077602,-0.02605687144499072,0.05079972810826174,0.7295702902567635
1749296828852385536,1.5347098871596767,-4.364294187878188,0.2892035162861242,0.6852383917518702,-0.02723448361519138,0.052938945357853,0.7258816001497228
1749296828905342976,1.5366321229635216,-4.357944963715716,0.2873051862908489,0.689222737245563,-0.02927252140661632,0.05398901749186886,0.721942050267537
1749296829069924864,1.5380650731527368,-4.3512651759366685,0.28587575959221256,0.6938261619693308,-0.030712459372160952,0.05531257177602035,0.7173580146689265
1749296829120981760,1.5394167440026827,-4.344358678070969,0.2846692121499559,0.6987600029407789,-0.03209867144236267,0.05666912000856787,0.7123852500012146
1749296829288518144,1.5402673182660784,-4.337137906053579,0.283012749664437,0.7029076076408696,-0.033004816558598576,0.058181431293181686,0.708128871221333
1749296829339599104,1.541359008293671,-4.328807557298637,0.2821015362063126,0.7052722796093915,-0.03473891341061808,0.057959190800141384,0.7057088292712618
1749296829504759296,1.5421602219798514,-4.319947248212809,0.28051822476817323,0.7065005995088501,-0.0366315866971456,0.05722824541319076,0.7044430123697819
1749296829556635392,1.5423660174214175,-4.310566571751222,0.27837488232027274,0.7069280823816572,-0.03813824625038075,0.05667665042203619,0.7039786344840849
1749296829726444544,1.5424739417095945,-4.300951384094371,0.27601075414874643,0.7070350532346736,-0.040109081621258896,0.055810659056531445,0.7038308499949525
1749296829777564928,1.5426035508797038,-4.291380850432541,0.2734960265340174,0.7071144171068643,-0.042637036925312934,0.05458599040111094,0.7036985532554254
1749296829947575808,1.5423438304057275,-4.281703334075938,0.27181476596317333,0.7072326866972993,-0.04446948048961491,0.05436822657208911,0.7034831114613268
1749296829996997120,1.541505258102129,-4.271600445053878,0.2707650519285014,0.7075395889990861,-0.04424570106045856,0.05590786095255551,0.703067819645006
1749296830162978048,1.5410915023510299,-4.262062341231297,0.2692917092588374,0.7079039249745148,-0.04391750993279167,0.05729878447392757,0.7026095178865641
1749296830214067456,1.5410350537894089,-4.252516099191372,0.26724794172106314,0.7083350627263244,-0.043518784782963435,0.058719703021429384,0.7020822962876809
1749296830383580160,1.5410675158231473,-4.24302273582436,0.2655562408304779,0.7091581032626489,-0.04250814188013684,0.060680441854595,0.7011460093498009
1749296830435210752,1.5412099993680286,-4.233500926621966,0.26420957333186657,0.7105093305761911,-0.04108805901411977,0.06302282140080662,0.6996544765477507
1749296830607321600,1.5417709485847748,-4.224125661185749,0.262899139530679,0.7123887172776087,-0.039993426540566965,0.06506577803548952,0.6976168617928786
1749296830659789312,1.5424418273425355,-4.2146656861371685,0.26146693016762823,0.7148643136830988,-0.038606196650568324,0.06713790565648699,0.6949612048356584
1749296830828282624,1.543695671351847,-4.205326527823434,0.2597691955344561,0.7177097237700155,-0.03807987862201561,0.06835567013731489,0.6919322059350752
1749296830880401920,1.544907208828597,-4.1958727534613685,0.25834542615896305,0.7210760797470837,-0.03702866626731235,0.07008643678795833,0.6883066587426051
1749296831048223232,1.5468196270754229,-4.186572118217814,0.25662534191031927,0.7247747908853865,-0.03713491226840498,0.07083165333305397,0.6843284136099914
1749296831100380416,1.5494344872892478,-4.1777437891895834,0.2546123707386583,0.728748512563512,-0.038745416747831905,0.07053810354711322,0.6800358623377756
1749296831271024384,1.5518569009703227,-4.169039048564279,0.25306193979509306,0.7323996582982891,-0.04006633384078199,0.07065382541067496,0.6760129187907183
1749296831323670016,1.5546352569025217,-4.1600580868307695,0.25189084369405457,0.7349214848548206,-0.042230847737457604,0.06936336868589514,0.673272374067662
1749296831491830784,1.5569060477378147,-4.150974250522464,0.25042423710828476,0.7367671598270938,-0.044056207437314934,0.06852959798389571,0.6712204533435522
1749296831546520320,1.558596976651077,-4.14168837181548,0.24864952203597612,0.7380945674295456,-0.04501962969648499,0.0687925662005799,0.6696694896055233
1749296831721568768,1.5600848649262287,-4.13213340183221,0.24662659120867048,0.738757595118905,-0.04540168772112262,0.06965056736493715,0.6688233704588586
1749296831771989248,1.5614947640616235,-4.1230936415127974,0.24420868662088502,0.7389632259754833,-0.045752853707988844,0.07035497658733472,0.6684984699330865
1749296831945004800,1.5631364126607186,-4.112975836929933,0.2415938182570061,0.7391471054933492,-0.046374079323429754,0.07085206870422345,0.6681998096138908
1749296832000040192,1.5645149243551328,-4.103225172758537,0.24015651628140988,0.739641810891944,-0.04691934859023623,0.07138223228786039,0.6675575954342488
1749296832172912384,1.5657970948805313,-4.093527658657651,0.2387086594215524,0.7407647309365132,-0.046889451191171536,0.072160755004895,0.6662295536860171
1749296832226284032,1.5669927893593925,-4.083552517355527,0.23821510429359627,0.7429550928478746,-0.04579666303986162,0.07385579714324536,0.6636759125462934
1749296832406296832,1.56902360997384,-4.074113268110355,0.23746074206882684,0.7456188598161196,-0.04623985148020561,0.07397439913263278,0.6606377072908904
1749296832463691264,1.5710745500171703,-4.064768151456909,0.23692468342687967,0.7489059713438373,-0.04650054874230397,0.0741163649301073,0.656874652808095
1749296832637903104,1.5731128087546766,-4.0554964567616505,0.23693463520064073,0.7527336612177935,-0.04632345769209761,0.07452843432118193,0.6524505230396689
1749296832693006592,1.5758260550000243,-4.047027590666485,0.23537103683977945,0.7565727500867239,-0.04777459913920597,0.07328485954191666,0.648031319355185
1749296832864312832,1.578223794631961,-4.038779026409494,0.2340484916390646,0.7605593341038107,-0.049087761602777315,0.0720762828076532,0.6433854990789177
1749296832917521152,1.5800006210805262,-4.030439191506886,0.23319672729228502,0.7638224119772792,-0.04940012224812663,0.07163116754838235,0.6395341482037826
1749296833089298688,1.5820101154547204,-4.021613506541945,0.23262139122852732,0.7654153714167129,-0.05012492796060343,0.06989507688349329,0.6377628705274478
1749296833143055872,1.5836136818977748,-4.012119527832575,0.2316240487692518,0.7658398353601011,-0.050328921139223284,0.06797790506004861,0.6374443902774748
1749296833312516352,1.5850227311859442,-4.002955838196143,0.23015558218144294,0.7659779133493806,-0.05013890739872323,0.06617228482304328,0.6374834546457568
1749296833367285504,1.5865702987217647,-3.9929479781600996,0.22815165880516108,0.7661318883748635,-0.04952463336930548,0.064389186194525,0.6375290369904797
1749296833540869120,1.5883759235951884,-3.9832987613161226,0.2262884341867757,0.7663079081255473,-0.04808789322237296,0.0636348695409655,0.6375032139904753
1749296833595709184,1.5906009923228535,-3.9740907742987726,0.22451677035543804,0.7666668756709563,-0.047107574436911895,0.06291088459776699,0.6372166027174212
1749296833769496832,1.5931654110306628,-3.9651831845514045,0.22288049472544103,0.7673128796320816,-0.04725627440606444,0.061411311425962706,0.6365739863589505
1749296833824538880,1.5958271239644146,-3.9565032034018186,0.22140596960943748,0.7680493441262715,-0.048178506228563664,0.05912752180394534,0.6358325036439335
1749296833997809408,1.5981062504153476,-3.9478105943607567,0.22113949854786608,0.7685172092987105,-0.048708831721982405,0.056869946226870166,0.6354325754477456
1749296834049518592,1.5993895441930532,-3.938818637354583,0.2214171920692909,0.7691065096165324,-0.04656094478589273,0.056621647820180025,0.6349025470765158
1749296834220108032,1.6004877761137766,-3.9301868612736555,0.22094170648065647,0.7701096453366607,-0.043358339095063717,0.05746296140380797,0.6338368848978928
1749296834274171648,1.6021878698680831,-3.922271013580472,0.21973935284483792,0.7713299027192569,-0.0410129853099782,0.05799245716421389,0.6324594778474917
1749296834445384704,1.6046775068866546,-3.9144928373011454,0.2198817085737934,0.7725884140111209,-0.03942331037021194,0.058537401839985265,0.6309725174055197
1749296834499540736,1.6079374873901675,-3.906297061532644,0.21994615361725156,0.7734714369654582,-0.03898269003036718,0.05818672876268263,0.6299496731267373
1749296834673784832,1.6112116634993856,-3.8977586275681606,0.21954393351935098,0.774054595708024,-0.038687953320979934,0.05783173400863924,0.6292838911593676
1749296834726627328,1.6141530143228433,-3.888990112409087,0.21814680140381348,0.7744352584994483,-0.03790870372145845,0.05789093150434556,0.6288573770137476
1749296834895642112,1.6167500243792152,-3.879900260375268,0.2159580682808211,0.774636839158791,-0.03673724979704431,0.058196796458521105,0.6286503597210397
1749296834944730112,1.6190072036510075,-3.8709974932848263,0.21392024409684218,0.7745687082438231,-0.0358683381341595,0.058068366743601836,0.6287963448627226
1749296835111037184,1.6213755953420135,-3.8606085087895243,0.21188699784944554,0.7744996432151009,-0.03500798330300658,0.05752258877621573,0.6289800438370204
1749296835163999232,1.623468447790248,-3.851258890241624,0.2101479708617937,0.7746800048588983,-0.033761749707629476,0.05738082385115127,0.6288389900305641
1749296835333191936,1.6259569049748612,-3.8419812110090996,0.20851121166991327,0.7752633838479235,-0.032597467074873744,0.05711467281230128,0.6282053843724309
1749296835388444160,1.6285042038015214,-3.832551586702754,0.2080201427115167,0.7768534305909438,-0.030831933113187875,0.05756488743424284,0.6262862149323328
1749296835555231488,1.6316076914276052,-3.823694107944659,0.20670028720793931,0.7788757137411525,-0.029868829019820294,0.05754213634811519,0.6238183855431717
1749296835609097984,1.6350053891649563,-3.8152829486555344,0.2050274858328729,0.7806667189049536,-0.029290732077068546,0.05717509268614336,0.6216369807089137
1749296835779852288,1.6382157610082158,-3.8064313152994265,0.20386281448557586,0.7815765235198262,-0.028067627839050546,0.05661687063115897,0.62060041581527
1749296835835730432,1.6414116637462977,-3.797452444914531,0.20244627959427097,0.782140124415198,-0.02705742316817042,0.05572068605757562,0.6200160697728327
1749296836003393024,1.644572359895255,-3.788398582683335,0.2007064440249655,0.7826417852733255,-0.026395628648609053,0.054610936456464164,0.6195100905972192
1749296836058710528,1.6475981535524697,-3.779266490341581,0.1986744327026586,0.7831409005685529,-0.026134711380225602,0.05330142561536673,0.6190042526066504
1749296836224136704,1.650771234956658,-3.7709618705323518,0.19555350732375,0.7833290761216891,-0.027053171915782392,0.05099511440497127,0.6189209825966967
1749296836277140992,1.6539871233806998,-3.7616963405177515,0.1916245897150719,0.7831339019159618,-0.02808972531131612,0.048095779850564284,0.6193537397662029
1749296836450916864,1.6565522608517331,-3.7528976574951773,0.18896407161621287,0.7825023987707574,-0.027957550439368366,0.04604834597080983,0.6203127607302572
1749296836509574656,1.6595522483085796,-3.743962743618994,0.18875629517576087,0.7812973835192643,-0.028432836221225975,0.04369199055947826,0.621978281205477
1749296836675977472,1.6623745580941724,-3.735388694045568,0.18921525303018294,0.7796266539387807,-0.02823034181291659,0.042065374515875775,0.6241921439237968
1749296836727631104,1.6662131832001381,-3.72736228984832,0.18997354802409783,0.7770568333518342,-0.03011727944648095,0.03897570069170322,0.6275002167135507
1749296836889264128,1.6699434531876665,-3.7198082808893753,0.18925906420409566,0.7739677552361257,-0.03205563614986984,0.03597583006996045,0.6313890161355021
1749296836942484480,1.6728302610762844,-3.7122888789587245,0.18918639709705953,0.7708107675490985,-0.03204794716567424,0.03481363936290274,0.6353044154003229
1749296837105920000,1.6754279613346612,-3.7049980808097094,0.1887762104575934,0.7681954155543278,-0.030319697441861585,0.03466134041485811,0.6385570537931543
1749296837159181568,1.677537331379971,-3.6976933161097154,0.18840742527192367,0.766289313175256,-0.026341236560699068,0.035445087653934,0.6409761879594692
1749296837322593536,1.6797087537194466,-3.6904860213064232,0.18735943285405066,0.7648231353155329,-0.022451198152252525,0.03603294815373236,0.6428399038913165
1749296837377489152,1.6814368262313262,-3.6827790618551584,0.18654849438460852,0.7639790307293114,-0.016613791338107108,0.03799486772099615,0.6439071459225623
1749296837540978432,1.6837187259310022,-3.6749573875942705,0.18580710281331392,0.7635040812642535,-0.01009160279361618,0.040187809662168054,0.644472355807789
1749296837595793920,1.6871929835058634,-3.6671225018382065,0.18614054063746055,0.7632768899662735,-0.0061501849824371485,0.03997287948117478,0.644804414822106
1749296837755643136,1.691439312127232,-3.6597914181793207,0.18706880064261622,0.76318106186063,-0.0048821995881563746,0.03766897601953578,0.6450673446936391
1749296837810284032,1.6957006661253828,-3.65273945915682,0.18824913389378128,0.7632125702717402,-0.00482299556397758,0.03448860237392994,0.6452083753325643
1749296837970790912,1.6996644204345936,-3.645865315366829,0.18895899781779146,0.7633014340503009,-0.0051444594673749015,0.031032490107414365,0.6452762508191944
1749296838026769408,1.7033624166385946,-3.6390678155183678,0.1892413439070979,0.7634986217977647,-0.006375185152322968,0.02699489054477036,0.645213520791112
1749296838183087104,1.7061066850328586,-3.6319940196203886,0.18915623331393672,0.7638895583463222,-0.0070213306608774995,0.02354861091989037,0.6448789859260072
1749296838237515008,1.7081053600553218,-3.6244780094720057,0.18891156157963618,0.7644628498697802,-0.006983851735285809,0.020888163885146648,0.6442914415025397
1749296838396441600,1.7098450879441138,-3.6166377187767464,0.1886207644114677,0.7652441702665386,-0.006536162551144265,0.018858480407886753,0.6434306459665153
1749296838449761792,1.7120068270300943,-3.608631389683042,0.1889519171781946,0.7659627580400981,-0.007171303795391498,0.016112738807802545,0.6426429843588056
1749296838606398464,1.7141557147974238,-3.600717566713344,0.1893707922711294,0.7666228970129656,-0.008330388049549801,0.012962033682509332,0.6419127075336688
1749296838658769408,1.715741747456216,-3.5928736856072483,0.18868946475115722,0.7673122271842158,-0.008047516832305182,0.010784589314781165,0.6411324949803618
1749296838812113152,1.7176285799971573,-3.5849095640646995,0.18801076915930448,0.7678656294941145,-0.008346168407411356,0.008081915286451991,0.6405055808967046
1749296838865357568,1.7194553559879382,-3.576978616875647,0.1867557943430329,0.7684226276055698,-0.008658213577114958,0.005422534797666909,0.6398611543434818
1749296839020375296,1.7213118297325747,-3.5689903034291106,0.1856275021155911,0.7689008153336596,-0.009437461148128788,0.0026586783076975383,0.6392928921362787
1749296839072967168,1.7230220805970329,-3.5610365743539685,0.18514221133138165,0.7693287157057036,-0.010557198623345615,0.0002534860240548818,0.6387658479385666
1749296839221531648,1.7246643094436407,-3.552860697984374,0.18577354223931763,0.7695743895450541,-0.012098905478878466,-0.0017876737428221615,0.638440036076341
1749296839273291776,1.726256861648499,-3.544481705084104,0.1861840456787327,0.7697357181946965,-0.014098540580322434,-0.0037981740335071732,0.6381956825009164
1749296839424870144,1.7277595891874538,-3.5359859034807393,0.18577881035204236,0.7699638245520319,-0.016100229407736713,-0.005595671356920182,0.6378598435050536
1749296839475943424,1.7292953409654497,-3.52722589630479,0.1846736942799545,0.7701584199292106,-0.01801789418285693,-0.0073068636477602545,0.6375562512006214
1749296839624624128,1.730640973673593,-3.518030014146813,0.18330358265079116,0.7702779102624506,-0.019235623302212644,-0.008555224917714273,0.6373607611741525
1749296839674934272,1.7320686282836357,-3.5086419303675314,0.18155329554313848,0.770491985415425,-0.019035381417644652,-0.008795741874288993,0.6371046928015536
1749296839823156736,1.733875161731771,-3.4993805365946704,0.1795660119984741,0.7704623703329138,-0.018719034758321998,-0.008644290004682264,0.6371519519620262
1749296839873356800,1.7345775972099875,-3.4903984682740195,0.1787393301082565,0.7702308737890944,-0.015138524213840054,-0.004868716713727684,0.6375668762916378
1749296840025025280,1.7353403285639306,-3.4820047611281613,0.17747598617912708,0.769782719380893,-0.010557353918383111,0.00033722625027594335,0.6382186094899269
1749296840075705856,1.7374839325085345,-3.473966299389728,0.1763006725168661,0.7688673086760844,-0.008311394866089766,0.004136995223268904,0.6393409635203247
1749296840227344640,1.739685262156704,-3.465850373266066,0.1752886034582115,0.7680419845269921,-0.005685667144086261,0.00873905782160708,0.6403146195905236
1749296840280090624,1.742439003514939,-3.4575619004925313,0.17506255975200302,0.766993333170316,-0.0038417307417228683,0.01326644515988495,0.6415064063670888
1749296840433130752,1.7452288094144857,-3.4492816618582394,0.1748307505434883,0.7658634197301561,-0.0022428480581171938,0.018142302680371907,0.6427433770995018
1749296840484839424,1.7483969896573073,-3.441274601824607,0.1734195512071217,0.7646664465224783,-0.001699889709066719,0.02245025737599617,0.6440328577653586
1749296840641710080,1.751695132205393,-3.4333490358109273,0.17129550883664368,0.7635735719615894,-0.0018977932930047267,0.02636618523498494,0.6451795276189343
1749296840695902720,1.755358460706784,-3.425302727813314,0.16956470371987065,0.7625145229928632,-0.0032798719163639827,0.0292097378926003,0.646303052659837
1749296840853699584,1.7599403703225867,-3.417285080681281,0.16876658728967353,0.7610509529008899,-0.00771395973196738,0.029221270666977838,0.6479876999253212
1749296840907567360,1.7642814126458033,-3.4094023042924624,0.1676174610808454,0.7592802722871408,-0.012769486427482159,0.028458032720041188,0.650015806504464
1749296841065457920,1.7678266782469008,-3.401412657492698,0.16600803249224683,0.7572972292487881,-0.01745785767203088,0.02761985589759029,0.6522524613505173
1749296841120496896,1.7702276629161608,-3.3929705467470708,0.16441966061831614,0.7552873284652222,-0.021182188924667163,0.027067837789877692,0.6544919392090393
1749296841281410816,1.771833303703394,-3.384070732232715,0.1633399207398063,0.7538969849106604,-0.02331675970644209,0.02730399753698014,0.6560107899858875
1749296841335962880,1.7735004319718124,-3.3750080295741736,0.16327360620214026,0.752898960622463,-0.02477243603303443,0.027264013842090363,0.6571043715086842
1749296841499808512,1.7749970072319203,-3.3660684242069037,0.16340630896765473,0.7520947109087153,-0.025388794960254042,0.02745507263797862,0.6579932932029363
1749296841553649152,1.7766699667610681,-3.3571311097809478,0.1635883416061623,0.7512961490334471,-0.025927630226793195,0.026906352140842933,0.658906596303913
1749296841714549760,1.778252857762742,-3.3482245454030783,0.16344066611931352,0.7503894705418455,-0.02637961445155117,0.025818452257932424,0.659964518716212
1749296841768406528,1.7796732452461281,-3.339386796490821,0.16286589319133915,0.7493836629617654,-0.026294024553459416,0.02469403563491047,0.6611527467710101
1749296841983330048,1.7808351560001654,-3.330699208984409,0.16190827920695394,0.7483522672215432,-0.024952303760682994,0.023955512779446377,0.6623989734962489
1749296842036012032,1.7820304883669364,-3.322262809674865,0.16053291141648574,0.7474087091123851,-0.022811028204459082,0.023341014574162953,0.6635624127193027
1749296842192181504,1.7833928919029143,-3.3140899841256823,0.15870844571366938,0.7464429954715737,-0.020262034036939325,0.022850574171012553,0.6647481897291374
1749296842246308864,1.7848024418329027,-3.306179071654957,0.15687260091002253,0.7455714909972811,-0.016844940979187092,0.023063162845864148,0.665813405013029
1749296842406770176,1.786445697032764,-3.298772354622587,0.15490753159958848,0.7450736300605951,-0.013259456260148393,0.02318225587773979,0.666447338970178
1749296842467482112,1.7878830952034184,-3.291891489272415,0.15478889909849514,0.745133924811997,-0.009042208031590728,0.024216759060433544,0.6664137012012818
1749296842629591296,1.7892971790806462,-3.285328515219941,0.15649159307449212,0.7457689308228667,-0.0038437075035176434,0.026710744911776777,0.6656579180316294
1749296842687248896,1.7913817485375167,-3.279649271337369,0.15833148194783853,0.7468807459074244,0.00011828911206303735,0.028670617571229958,0.6643396217963671
1749296842845472512,1.794319982995535,-3.27497365667466,0.158904915584138,0.7484397291406728,0.0019752111894010952,0.029200819842130372,0.662556701351017
1749296842900970752,1.798016483264726,-3.2713929889078317,0.15813274403732036,0.7504191750034517,0.001343784450527694,0.02798452648321826,0.6603681717860117
1749296843055703040,1.8021431263905985,-3.268402223032101,0.15666986601755495,0.7528219193293839,-0.0011827709081746738,0.025380828242364328,0.6577336637180227
1749296843113688320,1.8051709574974621,-3.264737789097602,0.15691428482660363,0.756150374458382,-0.001903828324083164,0.02473891862650057,0.6539273450081075
1749296843265850112,1.8076300814536248,-3.260530354960885,0.15824594922070245,0.759667536122761,-0.0008626284146902856,0.02579706037368544,0.6497992013764471
1749296843318074368,1.810577364892989,-3.2559062463189106,0.1596552245551104,0.7632659431558148,5.811613201614159e-05,0.027061463676729656,0.6455174465687609
1749296843475196416,1.814078292614949,-3.251499020299952,0.1598404499282342,0.7662383716188301,-0.0005520521681156154,0.0271114300599596,0.6419839744553061
1749296843531311104,1.8181350169502153,-3.2474886173980333,0.1579720036893808,0.7690168081923473,-0.0024148718790592827,0.025811135094041975,0.6387026713711312
1749296843687801600,1.8219185615507212,-3.2429244309797527,0.15754432246433892,0.7717598043304299,-0.004928131050106655,0.023978617159876363,0.6354427935410943
1749296843743849984,1.8257065290142016,-3.23683964736085,0.15847748013367768,0.7744489239617641,-0.008023652233652492,0.021445345612343857,0.6322219407224543
1749296843899955712,1.8283887177601463,-3.231161349874597,0.15758988318803135,0.7770378564003539,-0.009096463570321347,0.02059792343177522,0.6290509912730092
1749296843958877696,1.8309971890911747,-3.2250370666632473,0.15650345949190747,0.7794806916517725,-0.009521673390715026,0.02023961939630442,0.626026794062848
1749296844116916992,1.8333970101514083,-3.218239407931766,0.1571673764964281,0.7819238350871384,-0.009332429917526579,0.020414937985972093,0.6229697040639175
1749296844173810944,1.835955031483016,-3.211367543195669,0.15759813606595463,0.7850492756651207,-0.007802727380725567,0.021900001696914313,0.618996883795683
1749296844329116672,1.8388333955777543,-3.2050927442570436,0.15826687302531894,0.7885429261482014,-0.006090259706177482,0.023919591328034735,0.6144841865410724
1749296844378108160,1.8424820896853977,-3.1990551908277816,0.15912766269780976,0.7922634932682286,-0.004476308665481871,0.026331958666428814,0.6095942485358142
1749296844531613184,1.8472207555510947,-3.1931553533502894,0.15909205409552785,0.7953702487446362,-0.005721685437995344,0.02675398597879676,0.6055061138930726
1749296844583192832,1.8521153494740057,-3.1865299055563794,0.15884796119781486,0.7974474415833864,-0.008375737315395091,0.025512787067025693,0.6027906125949604
1749296844738856192,1.8563323462286192,-3.1793415405503187,0.15830306648742276,0.7986843920403405,-0.010952662515675239,0.024117843166416797,0.6011668742836463
1749296844789801216,1.8595155842524385,-3.171798640820752,0.15665432310919325,0.8000018814450378,-0.011428133127365918,0.024463562309317344,0.5993896241817684
1749296844943887872,1.8628657758487046,-3.1642704615984245,0.15393769801334223,0.801563015513833,-0.010684731496083736,0.026050938546733148,0.5972469483170774
1749296844996788224,1.8670752277461062,-3.1563564462728975,0.15220440866093643,0.803188757281452,-0.011023661831282927,0.027270888081195554,0.5949979812736923
1749296845151893248,1.8720045436668928,-3.148107194552952,0.15189313874269894,0.8044188708051382,-0.014479298319774686,0.02633929694479032,0.5933016700205784
1749296845204748800,1.8762721227210215,-3.1397912949702644,0.15083760491638376,0.8055139451562303,-0.017615872669955405,0.025761104865018924,0.5917544513267771
1749296845365406208,1.8800986623861622,-3.1312382021356964,0.14952925504773695,0.8064149924077418,-0.020782675074415984,0.02518668637354137,0.5904477718361667
1749296845417061376,1.883452227652243,-3.122542001224461,0.14777731321577958,0.807178030291096,-0.023462264327713686,0.02496965647527622,0.589312876003494
1749296845576347392,1.8861958717927325,-3.1134690042687687,0.14612013150515146,0.8078679509265206,-0.024283856371523024,0.025871066492742845,0.5882944467730765
1749296845629860608,1.8892356607304261,-3.104401333099904,0.14436730196714054,0.808362089113785,-0.024983911385284104,0.02649101957223394,0.587558305989723
1749296845793415936,1.8926697208539602,-3.095391698208592,0.1430091747715485,0.8086738104171239,-0.026528159935053894,0.026182234544199087,0.5870753066431786
1749296845846514432,1.8958257127338296,-3.0862687892002754,0.14213994352964754,0.8090147143654018,-0.0274536100233561,0.025831122996377385,0.5865784212888322
1749296846008074496,1.8988977002270007,-3.0771971850244677,0.14082816934007036,0.8092951180429095,-0.0278092512282007,0.02552484659419781,0.5861881435719958
1749296846059876608,1.9019363665742475,-3.0682379821159715,0.13910504127341827,0.8094846606293863,-0.027806879890767352,0.025320133646918208,0.5859353654359583
1749296846219106560,1.9049028637960639,-3.059303772922444,0.13753609959581325,0.8096865995449436,-0.026709358063927414,0.025621499237584514,0.5856942542709273
1749296846270544128,1.9079974543208973,-3.0506344603105697,0.136164838789115,0.8100058714438216,-0.02479987761829693,0.026342654832426163,0.5853046376315777
1749296846432695808,1.911447212672865,-3.04246916509646,0.13457662824043837,0.8103942074309073,-0.023147174860721747,0.02697341514017277,0.5848058410567345
1749296846482640896,1.9157591518449029,-3.0347459099280227,0.13383867889759182,0.8107965611163773,-0.023594961284436448,0.026071563131634622,0.5842709028179613
1749296846645878272,1.920321731167793,-3.02713078331881,0.13481830946760232,0.8112391655151047,-0.025431927638127214,0.023942685770683907,0.5836702675218707
1749296846697520128,1.9246131152008061,-3.0196533613291066,0.1360020350922908,0.8117484309660247,-0.02765602447591171,0.02148391051529905,0.5829563197387567
1749296846856230656,1.9284306474563757,-3.01232309391074,0.13632651185984912,0.8123055474619107,-0.02946272813370439,0.019346651944306032,0.582166086501155
1749296846907785728,1.9314245313547307,-3.0051646080721084,0.13495693913145557,0.8129704825323052,-0.029094307750090097,0.018687482858406095,0.5812772950771004
1749296847071417344,1.9343874183939223,-2.997881348636706,0.1345678297078794,0.813609672210338,-0.02763111586891426,0.01892283344225951,0.5804461638224011
1749296847123535360,1.9381899265289908,-2.99049122686306,0.13645186980461999,0.814056837920827,-0.02796622278482247,0.01796857218127163,0.5798331530977346
1749296847281253376,1.9420793470470108,-2.983119768419039,0.13847601776153784,0.814426647174559,-0.028919257989881174,0.01649047066258084,0.5793107777925829
1749296847333291520,1.9459771737767975,-2.9759295855086756,0.13965482724373768,0.8147538470379023,-0.03033550656937867,0.01470740010846875,0.5788260690053334
1749296847490419200,1.9496916952051473,-2.9688265372879745,0.13994695453574435,0.8150253375145528,-0.03182874570927962,0.012974481377967266,0.5784049558819809
1749296847541792512,1.9528459544858192,-2.961866200470005,0.1389673964772853,0.8153620165744291,-0.03195595173653207,0.012386128241221398,0.5779361408525039
1749296847698249984,1.9558772347856639,-2.954804927638613,0.138716944936502,0.8156447214088726,-0.03135620932702611,0.012831793721488953,0.5775602320488935
1749296847750239744,1.9591914529408148,-2.947648845825249,0.13981959658352938,0.8157691213430759,-0.031122977717892165,0.013625031520911792,0.5773789565243712
1749296847907439616,1.962774395684593,-2.9406419043326717,0.14053079633881804,0.815658811390169,-0.031541355597521324,0.014316794845649674,0.5774953468851461
1749296847958867712,1.9664268317382585,-2.9334583188041123,0.14060152994639097,0.8154896662784838,-0.03207016346232548,0.014967912170285641,0.5776885583199391
1749296848117294848,1.9700196488472486,-2.925931678705243,0.14013394013794933,0.8152562592367983,-0.032269478818162715,0.01585178850337393,0.577983246567987
1749296848167408128,1.9735092740876525,-2.918346463174462,0.13893202210051836,0.8149420594117501,-0.03226283108033775,0.01718472622732995,0.5783884807954849
1749296848322635264,1.976800113061532,-2.910901684059875,0.13725131658340173,0.8147871709145353,-0.03167265664471763,0.019417837597223965,0.5785686273184903
1749296848373764096,1.980277765743781,-2.9035850214855157,0.13569218316018716,0.8147901543420712,-0.030951891487072475,0.02225440057240977,0.5785012761055581
1749296848532399360,1.9844399839149918,-2.8964430045240506,0.13429413243075894,0.8147435473995103,-0.03168603576965651,0.024477964283338517,0.5784373573452962
1749296848582690560,1.9885212926929663,-2.889162658336858,0.13280011303324946,0.8147867557014531,-0.032290630693152675,0.02689643237141146,0.5782356265646634
1749296848742257920,1.992413381716351,-2.881817066562336,0.13079137599005763,0.8147755757440671,-0.03208821160447012,0.030072483425439146,0.5781061784720671
1749296848793434368,1.9963697680524182,-2.8745771436982226,0.1282882254061124,0.8146140053629412,-0.03184025075405486,0.03369169345921005,0.5781479832104539
1749296848957256960,2.000613225555688,-2.8674767927095837,0.12599011390449677,0.8144684542421187,-0.03195705177858404,0.03733544862638361,0.5781227794871443
1749296849009103872,2.0058768424020506,-2.86047492823308,0.12512827753190248,0.814175273758118,-0.03439552428576812,0.03907708327571449,0.5782806870998404
1749296849173424896,2.011572421201812,-2.8534880348517415,0.12450049774847294,0.8133852514512768,-0.038087139515895936,0.039136803631113284,0.5791563805455132
1749296849225322240,2.0162305315157347,-2.8459012001406903,0.12416628627217108,0.8123053310001596,-0.039374942617322356,0.040159738351246095,0.5805143051968341
1749296849391814656,2.020263196050042,-2.838098707254178,0.12369557618969207,0.8112304896594523,-0.039081978595343805,0.04193880202665017,0.5819096394463039
1749296849444466688,2.0242836577000403,-2.8300636998320563,0.1236831965655334,0.8106023191093895,-0.037779150217845725,0.04355087927829702,0.5827520373000712
1749296849612706816,2.0289357467254407,-2.8221035978906124,0.1240708927935863,0.8100948179213309,-0.03738681627907017,0.04329223755607973,0.5835018372832337
1749296849665470464,2.0337661020295728,-2.81430928502129,0.12428632633331649,0.8094420865533548,-0.037550973986682265,0.041611824271060444,0.584518510356718
1749296849831758080,2.038637833191978,-2.806828451172825,0.1234305226748682,0.8084743030857834,-0.03834328139092289,0.038848018837738765,0.5859948169177919
1749296849884782592,2.0429043771061175,-2.799201861690943,0.12218402195393852,0.8073900107814023,-0.03833860294989606,0.03610645780027174,0.5876630375643636
1749296850051903232,2.0463858188697737,-2.79149679704902,0.1208234801784176,0.8062141058828833,-0.03730246415946481,0.034045372187807475,0.5894643791406639
1749296850103586816,2.049198530055566,-2.783421352629414,0.11996759458449535,0.8056057499762987,-0.03452466613308687,0.03335687201128542,0.5905038036483311
1749296850270632192,2.0521994914714496,-2.775101941612156,0.11931376206731104,0.8054437655458451,-0.03139113826671707,0.033062706254253296,0.5909160637830003
1749296850322642688,2.0555800425933533,-2.766621179704019,0.11827989851034992,0.8054485979165642,-0.028745389274507066,0.032582048190463904,0.5910707815866151
1749296850487851520,2.0592256366894692,-2.757908147438118,0.11720376888655659,0.8056402055337084,-0.02717914925247051,0.031507405030084694,0.5909419908094077
1749296850542433536,2.0627750158282554,-2.7491443350761493,0.11587371393286627,0.8060119847623243,-0.026213718225203988,0.030160137895392507,0.5905488019448006
1749296850705534208,2.0661215382639315,-2.740405738391838,0.11403451929112629,0.8065164220614325,-0.025302388906024913,0.0288184561673723,0.5899665640059637
1749296850759193088,2.0692464507781,-2.7318332216966823,0.11187009144111615,0.8068710386585729,-0.02415278491137101,0.02750599450744414,0.5895923932864272
1749296850924494848,2.0723111184393024,-2.7232999959980875,0.11042128563105269,0.8069319619014635,-0.02296020501210105,0.026012514618251884,0.5896244456693541
1749296850977034240,2.0753992705649686,-2.7148761054485697,0.10979162852470692,0.8068456839860987,-0.02195574978661091,0.024481872715419278,0.5898462725089126
1749296851140641792,2.0784217461757546,-2.7066062357074263,0.10984530510335233,0.806834389693707,-0.020798473724622717,0.023565237364896765,0.5899409891559034
1749296851192759040,2.0816422254614553,-2.6986121719557916,0.11011341511536932,0.8069483359653598,-0.020041972541322527,0.022957131283556854,0.5898352927238409
1749296851357438976,2.084985064889841,-2.690932489636573,0.1095621549428536,0.80716107503078,-0.019547665045595856,0.022613055186158196,0.5895740305352402
1749296851408340480,2.0883380354057546,-2.683436603976045,0.10824342520700769,0.807494944443281,-0.018960986078957565,0.022864701952242005,0.589126133446897
1749296851568948736,2.0920170410361885,-2.676138755035354,0.10633293190524817,0.8078598237257253,-0.019127149271745563,0.022968238499729267,0.5886162734675245
1749296851621652480,2.0960601333757873,-2.66899781457452,0.1049517021112294,0.8081008476488621,-0.020313012879364597,0.022336165523239485,0.5882699186994623
1749296851780003328,2.0999108336551937,-2.6616632049959303,0.1051154232474838,0.8082731006770487,-0.02151333483701189,0.021972111102230896,0.5880042495423067
1749296851830623232,2.1032156384929275,-2.653812350238582,0.1059379043733335,0.8085781115325696,-0.021385537293081805,0.02278300582011735,0.5875585340975912
1749296851989366784,2.1066269235709263,-2.645620230200176,0.10605689410839325,0.8087581853050309,-0.020980756400854776,0.0235867177403698,0.5872935146153052
1749296852039461888,2.110290258545703,-2.6373283599284076,0.10546509491038236,0.8088967235898924,-0.02105492993178598,0.024037583417709226,0.5870817447975547
1749296852198093568,2.1139966730935793,-2.628956785202821,0.10439587592248278,0.8092892194415947,-0.02124713788736143,0.024487296521239484,0.5865150387980607
1749296852249443840,2.117964770802929,-2.620493231811183,0.10347163694086259,0.8097516659572545,-0.022472158841659422,0.02410126039797213,0.5858467127190145
1749296852413507328,2.1220644981858356,-2.6120390893704406,0.10268234101927387,0.8101837605559203,-0.02488270846326266,0.02283188675716868,0.5852023837084973
1749296852467304960,2.125823642188311,-2.6036145310699634,0.10169355392366342,0.8106168098934562,-0.02721752402512824,0.021730506705975473,0.5845403142490677
1749296852629854464,2.1290610672633266,-2.5950751715082476,0.10072536958229383,0.8108758218279937,-0.02839406548055232,0.021459038676430148,0.5841349914868523
1749296852684052224,2.1321231897211215,-2.5864342733934453,0.09975115089187181,0.8109820330319486,-0.028685895921908934,0.021933319708755453,0.5839556412614563
1749296852845275136,2.1349987148004783,-2.5777935684795645,0.09838297037895449,0.8110954547460045,-0.027668033970356186,0.02356999766116886,0.583783434500192
1749296852896770816,2.138142496144323,-2.5692736536691063,0.09672619809893845,0.8111185412836378,-0.02604596205151376,0.0258713904256694,0.5837285250903514
1749296853066195200,2.1417041256827476,-2.560934865278398,0.09489416264191863,0.8110231022341017,-0.02444786096584584,0.028425305631805873,0.5838114693430635
1749296853120577536,2.146341773591344,-2.5530416759491006,0.09307832430620389,0.8106865491834501,-0.02504784187175498,0.02946086280203167,0.5842020045785162
1749296853288818944,2.1516491232625223,-2.545330389813536,0.09231934683158904,0.8101346529456583,-0.027585855011477162,0.029124556790599027,0.58486975036469
1749296853342415872,2.1561111142159697,-2.537244199520128,0.09188046033903197,0.8096017431135387,-0.028709056739613936,0.029770145197555914,0.5855207477652332
1749296853506570496,2.1596347420593274,-2.528291916691898,0.09219015091317795,0.809439853233507,-0.027324364975512945,0.032290163948627174,0.5856772561643273
1749296853560062464,2.1634936196890258,-2.5191667119441257,0.09178724084853584,0.8094222627812906,-0.025799703923110855,0.03479170529988102,0.5856274524250218
1749296853722008064,2.1673171891473855,-2.5104952841230643,0.0908948159798939,0.8096459171871416,-0.024674899393431735,0.03679378711006029,0.5852442698157889
1749296853769506048,2.171783513051505,-2.5014663250865135,0.08989778788819791,0.8099688189707812,-0.02493189964118214,0.0378630074753548,0.5847181417916509
1749296853934972160,2.1762063145563544,-2.49212076942239,0.0883768068237405,0.8106523717619142,-0.025424191716025873,0.0390701541771423,0.583669311926663
1749296853987555328,2.1806141200397002,-2.483568124527557,0.08680397697544473,0.8115433922403061,-0.027243761539835615,0.03947587925299839,0.5823201481362812
1749296854167707648,2.1852516201688705,-2.475273822449199,0.08556667564331866,0.8124759647147354,-0.030748759382832315,0.03890419569807629,0.5808819020372066
1749296854220995584,2.189543128882119,-2.4669415689978598,0.08409002088249595,0.8133004210642494,-0.03438231701219389,0.03826557784593456,0.5795653776112789
1749296854391342080,2.1932754827906087,-2.458371091317226,0.08185684181775477,0.8137367596804854,-0.03711362024179163,0.038017746688003805,0.5788002384882188
1749296854444955392,2.19653923174595,-2.4495983203541494,0.07926943076773929,0.8140317332791731,-0.038473486872606794,0.038509344281765646,0.5782639176235684
1749296854616375040,2.1996339932124163,-2.4407598861896984,0.07796473043000329,0.8143549421566441,-0.03867629836120934,0.0395435682228761,0.5777252619907898
1749296854669289728,2.2028088502592955,-2.4322278104137824,0.0785946368268462,0.8147629058962889,-0.03805774324330003,0.04098346948008459,0.5770904353600372
1749296854839269376,2.206446123674683,-2.424169229580828,0.08034163150787021,0.8151701101732804,-0.03802947227466389,0.041842423790718036,0.5764552561039844
1749296854892003072,2.210233641285012,-2.4165482369280973,0.08156911663934219,0.8155439307285598,-0.03821520700199754,0.04241570335753318,0.575872037100509
1749296855064585216,2.2139244927474326,-2.409038917576681,0.08236921575512834,0.8158795723455827,-0.03782814367030238,0.043092863841458884,0.5753716712365925
1749296855116960512,2.21794963225587,-2.401901933787378,0.08216829946648918,0.8160978279585341,-0.03813666959186838,0.04318989874498105,0.5750344009537184
1749296855286620160,2.2218063801296943,-2.3949336033318995,0.08134763824742874,0.8162638852014817,-0.03795448427275596,0.04345971109795125,0.5747903794868647
1749296855338448640,2.225646254546653,-2.388126910807706,0.08095206822012191,0.8163590187357491,-0.037434934257270625,0.04367983175779828,0.5746726464027754
1749296855509822464,2.2294739491035376,-2.3810089965411154,0.08233420693240046,0.8164294648405789,-0.03681973715739806,0.04365919934425525,0.5746138792340508
1749296855561681152,2.2331235894043826,-2.3736292770529963,0.08370424858326109,0.8165894148107894,-0.03527488652185527,0.043991975284882905,0.5744581064885211
1749296855729037056,2.2370237605180834,-2.3662520112424423,0.08422355309383045,0.8166972773438534,-0.03411476846856915,0.04395295422680095,0.5743778177873948
1749296855779200256,2.241071012376252,-2.3589333168749675,0.08364933149373899,0.8167730384366396,-0.03355372435348718,0.04349865046338281,0.5743377217916772
1749296855947375360,2.2454007478053946,-2.351888507099623,0.08187255164362606,0.8168314192581638,-0.03415433787615688,0.042336111231557,0.5743061617314621
1749296855998535936,2.249528150121522,-2.344855536070511,0.0797694364711945,0.8169156302021274,-0.034661673149631936,0.041196219435743475,0.5742388815206884
1749296856163399936,2.253853385387628,-2.3379319601753057,0.0783474508545603,0.8169224838210477,-0.03608586600255302,0.03940359261568711,0.5742672048719765
1749296856214025216,2.257671866357999,-2.330457564848707,0.07868890941107054,0.8169216286155879,-0.03694942040617834,0.03780263144345826,0.5743211245354406
1749296856381661952,2.2611306928780563,-2.3224058303274684,0.07959199633902214,0.8169885738684141,-0.03710017414341795,0.03645016840246826,0.5743036065274314
1749296856432234240,2.2647452583214647,-2.3143125423472712,0.07962744512424758,0.8169775961677526,-0.0377618848678242,0.03467022868860678,0.5743863008932832
1749296856599630080,2.268151531859968,-2.305807377929201,0.07920909954463795,0.8169702079232762,-0.03813951549814473,0.03290366169542927,0.574475766042745
1749296856649132800,2.2714684891290666,-2.2969295767717557,0.07820946546443697,0.8169487038071617,-0.03856757494248877,0.030970195993238813,0.5745852456085124
1749296856815768064,2.2746587814506958,-2.287729832234649,0.07662025703019859,0.81695256236373,-0.039099765584643974,0.02886523395464065,0.5746533889635611
1749296856864155648,2.2777667505278685,-2.278222442423781,0.07447000389752256,0.8168734580910098,-0.03965465254586838,0.026648164444884742,0.5748348783169129
1749296857029923328,2.2806592635606573,-2.2694229630447973,0.07192649644820026,0.8167725062694179,-0.040217060679438144,0.024503641594334102,0.5750346359840396
1749296857081154304,2.2838130126500085,-2.260422637073876,0.06896047208701939,0.8166430461505801,-0.04084662463335875,0.022113315021010087,0.5752709706988044
1749296857245564672,2.2869658480074815,-2.2518313768062406,0.0668395130638153,0.8164518578811603,-0.041516071637113905,0.019707617932047554,0.575581783375454
1749296857295390208,2.289912916509144,-2.2429032785700973,0.06643716383413523,0.8161704962632863,-0.040504245140958545,0.018240471630214992,0.5761010435241456
1749296857460224512,2.2930486792949183,-2.2340164958531643,0.067371271570551,0.8157555433552173,-0.03905483505605627,0.016998025646155154,0.5768263867647797
1749296857510017024,2.2963452844397128,-2.2256436054151227,0.06800875437746035,0.8153725393002962,-0.037692303011327206,0.015602088365398895,0.5774976080360225
1749296857672322048,2.2998379300168703,-2.2178236649422858,0.06787622569477181,0.8150019252491325,-0.03645111626822027,0.014018529165326631,0.5781406911842905
1749296857721308928,2.303508553533867,-2.2104120248560615,0.06753031022398615,0.8145907651201133,-0.035477937071628274,0.012226811636096213,0.5788209623358378
1749296857881587712,2.3071075114953206,-2.2032486406614065,0.06689260286289267,0.8141983733582988,-0.034183975143851596,0.0105570707072366,0.5794834017658719
1749296857931147264,2.310436488040932,-2.1960621419339863,0.06625213565915589,0.8138995148946634,-0.031645307842976825,0.00942916987132151,0.5800665866099277
1749296858092357632,2.313868936974296,-2.1887868507306445,0.06584558396870444,0.8136226408694739,-0.028702942232037287,0.008420278167940205,0.580623318759574
1749296858143043328,2.317774692036798,-2.1815620413828745,0.06596065977923793,0.8131717228035072,-0.027246021247164003,0.006640534321986038,0.5813478363793003
1749296858303963136,2.3218565378379648,-2.1743199774941098,0.06620987504483677,0.8126044692664735,-0.026753752541508375,0.004350074233139686,0.582184927756866
1749296858352983808,2.325961167075711,-2.166945037930036,0.06635042354227227,0.8119706016581829,-0.02709973038212367,0.0016069079684305513,0.5830666895843439
1749296858511053824,2.3298999596812378,-2.159413324305084,0.06598211054320169,0.8112788145966703,-0.027610566656754872,-0.0012709533330960954,0.5840057587671028
1749296858561582848,2.3331486823381122,-2.151470814983057,0.06585264360782306,0.810661572501821,-0.02648209114029698,-0.0031334929177211,0.5849074242475008
1749296858720482816,2.3360058225146787,-2.143166014487788,0.06629285034213028,0.810138520025541,-0.022964379692436945,-0.0034337102011108445,0.5857784779849992
1749296858769412864,2.339192681359082,-2.135027400183801,0.066329016735446,0.8095908569774452,-0.019357970393896088,-0.0037143078821351154,0.5866635468458147
1749296858924197120,2.342585478916923,-2.127050479297778,0.06566779852995452,0.8090774808429164,-0.016296207978238483,-0.004247045992183222,0.5874606592774962
1749296858974269952,2.346003172515615,-2.119024853117674,0.06451970646248117,0.80871478243735,-0.013306546973611175,-0.004638186977754116,0.5880321621276408
1749296859128842496,2.349526387535212,-2.110871647944664,0.06301924618464394,0.8084820509976279,-0.010813632561897204,-0.0051079160946093955,0.5883993097877118
1749296859178494464,2.353201631592965,-2.1025444215469338,0.06137878265794017,0.8083532162645887,-0.009249485668002114,-0.005949669528293216,0.5885950443234096
1749296859332914176,2.35698127158826,-2.094174856331212,0.05948545115870241,0.8082586550493028,-0.008398409096977614,-0.00698326003232028,0.5887262923819975
1749296859382841088,2.361127008839803,-2.086091739468951,0.05771800487205647,0.8079812412284211,-0.008801262429617995,-0.008485010603529982,0.5890813663643448
1749296859535865856,2.3652632028756875,-2.0782351346476498,0.05695530984151853,0.807535464819037,-0.009885127592106257,-0.00973978785978203,0.5896557418057051
1749296859585298176,2.3685560212201446,-2.0701233287967926,0.056997354262450894,0.8071216994939843,-0.008912597273979488,-0.008988450034612088,0.5902493842281834
1749296859735718144,2.3716471515845194,-2.062203714265194,0.05574658163487056,0.8066130283225239,-0.006970690078140666,-0.007172164498978253,0.5909952555449165
1749296859785007872,2.3748579673252115,-2.0544124815736984,0.053286533479180775,0.8060066949424278,-0.004543596656411728,-0.004772611321485475,0.5918697370355931
1749296859935396352,2.3784051859648496,-2.046777210384193,0.05029971056051297,0.8052642056238841,-0.002779330805873104,-0.0024602009214743435,0.5929045301502028
1749296859984273152,2.3815002141156096,-2.039349125348433,0.04797334230822958,0.804456406293675,-0.00027292387033359854,0.0012610864260685487,0.5940102907750443
1749296860140262912,2.385154626611408,-2.0322829816154053,0.04723671533970508,0.8036416590958924,0.0011226322502834803,0.0050389514308605225,0.5950911127137671
1749296860190698496,2.3901642956255094,-2.0256630545450425,0.04779436940783022,0.8028175122940145,-0.0008725592217242884,0.006882776036263697,0.5961844580232607
1749296860346468352,2.394921317479449,-2.0191626426693525,0.0479383836647056,0.8021472141249915,-0.0024941450013656924,0.00914463316919368,0.5970510880958416
1749296860396344832,2.3982423117173117,-2.012883156188754,0.047485765942191005,0.8017948124186951,-0.0013372033239180607,0.01370342187993261,0.5974407978155833
1749296860555896064,2.401582135842286,-2.006270368403808,0.04597600196150342,0.801760243303149,0.0010445896469385369,0.019870848788457195,0.5973144653022989
1749296860608133120,2.406507365786671,-2.0007274883180544,0.04479226431787131,0.8015584515716817,-0.0010366593033861386,0.022786750604216265,0.5974811612497903
1749296860772944128,2.4128892579442835,-1.9949478066699924,0.04453961644159499,0.801212453209596,-0.0066081710097568,0.02375614403622348,0.5978717107526469
1749296860827988480,2.4175999991980013,-1.988871090709456,0.044245282882232395,0.8011821911818153,-0.008822730395518561,0.027135004986998675,0.5977398660502983
1749296860997232128,2.421739752239419,-1.9831530525613106,0.044394345972897487,0.801189157046504,-0.010560482434083293,0.03033600432683889,0.5975484396125169
1749296861047810304,2.426653877397455,-1.97641658930179,0.045395925163576045,0.8006126859890697,-0.013327698295516364,0.03232498110914045,0.5981611781851146
1749296861212721152,2.431039214782005,-1.969393384900998,0.04605111109449256,0.799602132642246,-0.014982535286400422,0.03394799042816279,0.5993825882157848
1749296861264375808,2.435299043953898,-1.9623123463307732,0.046028196843411084,0.7983728536944183,-0.016550348689467465,0.03511673486709905,0.6009107149771601
1749296861428251648,2.4391973613733375,-1.955208196642786,0.04586655910379278,0.7973999189141927,-0.017596229052267473,0.03634233319016452,0.6020988098784733
1749296861477993984,2.4432436167250517,-1.947877753474804,0.04611682922134763,0.796295255693582,-0.018614678860118625,0.036418974160655676,0.603523833673462
1749296861644918528,2.4471276542973377,-1.9402992948080051,0.04610291547255052,0.7949558889230499,-0.01895277291324361,0.035873662194840034,0.6053090181272646
1749296861694678016,2.4506865218737577,-1.9324246024247018,0.0451985589855024,0.7935819862815998,-0.018079557329116154,0.035297899651765614,0.607169514169073
1749296861858176768,2.4540375485333574,-1.9242135518601433,0.04367879936422581,0.792493117982913,-0.016132067751242277,0.0347986617546751,0.6086735311148938
1749296861911300864,2.457193990511453,-1.915856632808289,0.04177289473863066,0.7917761288720339,-0.013465264526849461,0.03444726254574849,0.6096906055555906
1749296862078481408,2.46019674118673,-1.90731697444763,0.03978378594314291,0.7915726423814339,-0.00954197403333922,0.034732858039149855,0.6100125663765084
1749296862127895296,2.463442572788896,-1.8987913509979104,0.03776870818082534,0.7914384971353928,-0.005532455979690587,0.03487717437033172,0.6102278917673664
1749296862293380608,2.466660500394419,-1.890465964609378,0.035222430691949747,0.7912994015068414,-0.0015144824705627352,0.03502983827644451,0.6104227010425537
1749296862344505600,2.4703200026279344,-1.8824387633176567,0.03257530825121302,0.7912459873781229,0.0015522929435485757,0.03441141902082364,0.6105270117575552
1749296862507201280,2.4749002327138903,-1.874814166532528,0.030497252556777266,0.791195960047769,0.0024073511695918435,0.031637344974356135,0.6107390898472184
1749296862557261824,2.4800905366167907,-1.8676087228645795,0.029058276816495532,0.7912900783610861,0.0013242656067045822,0.026928473343357608,0.6108462290391135
1749296862718318336,2.4843395376736397,-1.8604955831508505,0.02820608660998314,0.7920674650468253,0.001971184500539435,0.023672914887029335,0.6099711782918211
1749296862768500736,2.4886427410535705,-1.8530375045731455,0.030178071546977492,0.7934771002560257,0.003457641729843833,0.020497114475010434,0.6082450200216646
1749296862926108672,2.4923307527570127,-1.8458654366638854,0.03235388703230102,0.7951285433114855,0.006947730829556311,0.019045234053382713,0.6061019779769136
1749296862976052480,2.4961054163687195,-1.839072225675888,0.03534854635557716,0.7972687496495239,0.011134460199376393,0.01820994463870414,0.6032470161920473
1749296863129862656,2.500529497522214,-1.8329982712702955,0.03733264845009998,0.799631910288365,0.014280777939084836,0.016634742023837197,0.6000901205551005
1749296863178904320,2.5053978423440024,-1.8272502426476365,0.03921442046388712,0.8024380022896397,0.01707825196657826,0.015337828239261633,0.5962938342931956
1749296863329997568,2.511573894361277,-1.822643488371769,0.03962476251230784,0.805383802971205,0.017046570664123954,0.012380850498200901,0.5923791512884072
1749296863380074240,2.517756461656185,-1.8185503454726524,0.03927264526973229,0.80877566490106,0.017007706803965777,0.009981415918049191,0.5877865540392951
1749296863528795392,2.5238577999769642,-1.8145590859472884,0.039059942236779666,0.812869342943957,0.017387232502097165,0.008486966209224123,0.5821246317175912
1749296863573586944,2.5291850232142776,-1.8104741699723932,0.04008381044103393,0.8172177627396325,0.018827679258011133,0.008706010225074069,0.575955599106865
1749296863724648960,2.5359709749975616,-1.8062022025079787,0.04061408386945242,0.821740496512463,0.01818320678453712,0.007888304374995188,0.5695170779147622
1749296863770309376,2.5426507079180314,-1.8016563961589651,0.04070788887042953,0.8261016112614906,0.0173479027066309,0.006949181245984821,0.5632112277137775
1749296863916209408,2.5487580647692947,-1.7972583817106953,0.03919913270051545,0.8305309218346882,0.01755895125997661,0.00687746643652979,0.5566531878669942
1749296863964074496,2.556195446883693,-1.7926467698966913,0.038278842990512096,0.8348508340308516,0.015400602967397488,0.005938196154232103,0.5502287198726236
1749296864115701248,2.563613493789001,-1.7881675925213303,0.03812833738553589,0.8382308357101944,0.011678440527544407,0.004378841830178157,0.5451729137032215
1749296864165890816,2.5709354480137265,-1.7835343938530666,0.03697773718322672,0.8414357148401539,0.00823014507767784,0.0033762376481033087,0.5402840026530334
1749296864317902848,2.57761643029334,-1.7785295748577346,0.035302164579771755,0.8443927289972257,0.006036077640075821,0.003546650811916423,0.5356789208577827
1749296864368365568,2.5842930131979647,-1.7726658665078379,0.03422304362389239,0.8466266604741864,0.003954123610864662,0.004090014293163053,0.5321568701650654
1749296864528183296,2.590292362658111,-1.7658491775665923,0.03361048805912459,0.8482440650196614,0.003865119148146712,0.006007310420465868,0.5295573427254154
1749296864580374016,2.596166547435452,-1.758710639181511,0.0326795682078771,0.8493540390946203,0.0048349088298143975,0.008762644360344072,0.5277286764939685
1749296864735224320,2.601953994193295,-1.7513824849679644,0.03138934403087168,0.850142511866254,0.006702094074995534,0.012278028665243244,0.5263668316534025
1749296864786802176,2.6079814202424285,-1.7439530612889693,0.029675301056717007,0.8505767117232251,0.008481796508091334,0.01583290186364662,0.5255441330855831
1749296864944677888,2.614126867549086,-1.736180531450561,0.02846421910924768,0.8507082167948743,0.009869119266650336,0.019202647407005516,0.525194619826925
1749296865000089856,2.6202921238940924,-1.72836583722238,0.027741529101113382,0.8506811585683342,0.010941475106009171,0.022217075561338912,0.5250983261569617
1749296865161807616,2.6265132250848837,-1.7208374491016647,0.027360356527679652,0.8505522912251872,0.011585127485238112,0.024711892615529866,0.5251817847908418
1749296865215388160,2.6326744257368566,-1.7134282857478897,0.027042733130138163,0.8502107852349172,0.012158699283830067,0.026659891284184972,0.5256263282015711
1749296865378726144,2.638794478677353,-1.706216967210492,0.026426623604604682,0.8497226357112053,0.0125061938669138,0.02799014453238158,0.5263379040920592
1749296865432243968,2.6448491003870367,-1.6992133127446847,0.025790334733230225,0.8491899575949626,0.012629004434188254,0.028721605193519132,0.5271546201656349
1749296865595498752,2.6507777685768805,-1.6924047170375607,0.025374130283128515,0.8484943824456734,0.012503945867512668,0.02882535672375479,0.5282707952420101
1749296865648152320,2.6561883009217824,-1.6855351447146059,0.024899106583311514,0.8476956996245704,0.01343215465534718,0.02911347275686982,0.5295129684562596
1749296865810564096,2.6619676833731845,-1.6791165185547134,0.02442275454446108,0.8465660499064867,0.01301076066284302,0.028046222560889025,0.5313850323943714
1749296865864579328,2.6685342398245084,-1.6731786608279364,0.02493728331416767,0.8445874080207061,0.009967501299822818,0.024509144561683863,0.5347635561288349
1749296866024302080,2.6746746026875745,-1.6674470567273363,0.026282235657806297,0.8419213479280768,0.006962394420833839,0.020390923833809832,0.5391698982622289
1749296866076109056,2.679689739695411,-1.6618216494293852,0.02811022123463669,0.8389962770998373,0.00560715636087391,0.01728612427731194,0.5438336112430228
1749296866243000064,2.6836201854373263,-1.6563322614467624,0.02875265711461905,0.836371161400166,0.006162156699954035,0.015614532815473581,0.5479064651634413
1749296866301025280,2.687303282419172,-1.6505263981749958,0.02929300735521334,0.8346158652442549,0.0078839533445471,0.01426924616978469,0.5505911272223616
1749296866463770112,2.691153715854514,-1.644627829087972,0.02946169921014352,0.8333142116963429,0.009768599415768962,0.012667324460329747,0.5525681296830047
1749296866523534336,2.6950051821950187,-1.6386707557058147,0.029119328367665176,0.8321936808524468,0.012015142523206542,0.011068034633878102,0.5542443617293247
1749296866686381568,2.6988601270223764,-1.632822910576249,0.02839076394271256,0.831175476558142,0.014337578735693007,0.009480148019380217,0.5557444446846719
1749296866744173824,2.7024737238228598,-1.6269049380377263,0.028568677184721558,0.8304483892170001,0.017165112076801547,0.00851023952598306,0.5567660259009085
1749296866904282112,2.7065702246018724,-1.6213847841317257,0.02909724666904223,0.8297869441004411,0.018458170044806717,0.006783863937055867,0.5577337201112482
1749296866961290496,2.7105584011217467,-1.6161429613987686,0.02922180702371202,0.8293382711537727,0.019570644884398074,0.005322591103377659,0.5583786277092154
1749296867119373056,2.7145321470561514,-1.6110292814562648,0.029066327856742902,0.8290534999420421,0.020473559990180232,0.003942637701641559,0.5587804427350086
1749296867176472576,2.7183162862834584,-1.6054681261846655,0.02978435650626965,0.8293998573907456,0.02190144998508101,0.0034001027918337014,0.5582155876986656
1749296867334341632,2.7221819878432636,-1.6002164968615782,0.030076270119437698,0.8305474222106708,0.023089142311574457,0.0030285738959193523,0.5564608689806344
1749296867391110144,2.726177773658834,-1.5956948409366931,0.030282558313480035,0.8325554667062924,0.023502803114009842,0.002898941669884295,0.5534352800829074
1749296867549069312,2.7304548844927803,-1.5910262548624363,0.030821749267793574,0.8348121704098662,0.02373112554025479,0.0032125271224243885,0.5500137757235258
1749296867605795584,2.735398541529243,-1.5862758647618325,0.03139484255705538,0.8368967162053501,0.022801675204811647,0.002572501854247414,0.5468796506058405
1749296867764231168,2.7402870690913987,-1.5815242184630849,0.03140203851133627,0.8389127297485703,0.021972021504753733,0.0021538772401426707,0.5438180053562324
1749296867821280000,2.7455562868560364,-1.5768716381026815,0.031255256088122074,0.8408107057732457,0.02025644974322883,0.0013273990200718586,0.5409484922917689
1749296867978765824,2.7508768035404563,-1.5722341568883178,0.031007482068194037,0.8426871441430652,0.01831762838906981,0.0006365884535518657,0.5380914758118228
1749296868034947072,2.7557295694206534,-1.5673578937452533,0.030344895898772428,0.8446930821723275,0.01786614570385394,0.001190959168908777,0.5349513803927982
1749296868194156800,2.7607148707967086,-1.562525868753002,0.02907721175842637,0.846606458881865,0.017508156482779497,0.0019861795457622074,0.5319276485828648
1749296868249550592,2.7655607452367645,-1.5575599780198113,0.02790051470915733,0.8481333079166302,0.01741700673712752,0.0029536841624898153,0.529488258253742
1749296868400723200,2.7708016643255986,-1.5513450124611645,0.027143518574097136,0.8491586614235251,0.017823724435969395,0.004272683336844802,0.527819691517606
1749296868451351296,2.7761278987532103,-1.5451520509770225,0.02616255005895818,0.8496782582063842,0.017718288537129104,0.005210153489853594,0.5269779635651686
1749296868606714624,2.781706261805536,-1.5388516578999383,0.025569098658782874,0.8498599358850147,0.01671239162169565,0.005412290121906951,0.5267157605952546
1749296868658086144,2.7869631762533915,-1.532147089645175,0.02543763618509365,0.8498896152458417,0.015905424988978657,0.005647533924538074,0.5266903879071331
1749296868813900288,2.791919192444267,-1.5249300890353394,0.02567823778324385,0.8496974551382296,0.015596398623181757,0.006095971460106533,0.5270045789303549
1749296868864896768,2.7967442974511636,-1.5174839462566956,0.026042670707839832,0.8490384958973698,0.015285759999905928,0.006390104684746594,0.5280711548528998
1749296869022571520,2.8015491283278515,-1.5100413134534625,0.025829986151927553,0.8481002412592585,0.01504781552029286,0.006541003737629879,0.5295816833068897
1749296869075384832,2.8061911441912506,-1.5025598357747048,0.025090973682980966,0.8471739013290881,0.015251776962990566,0.006910911878307273,0.5310517898504196
1749296869231890688,2.810718886088641,-1.4949507597311449,0.024143120101659754,0.8464529468922196,0.015717260630804215,0.0073981348764056475,0.5321800860762183
1749296869284984576,2.815315955912696,-1.4874000897907482,0.023275833251884315,0.8460384099841463,0.016041532922150502,0.007868418435502934,0.5328224526465914
1749296869441877760,2.820325170797381,-1.48029569095905,0.022396217749192093,0.8458118408063111,0.015156684065412552,0.007586216100456116,0.5332120161861111
1749296869496014592,2.8254947835509787,-1.4736398061606875,0.021782434385392513,0.8456719612840339,0.013297491539043175,0.006804509993838541,0.5334939636589423
1749296869655234816,2.8303064859130145,-1.467135868565213,0.021234477471515856,0.8455172057357625,0.011899803020476654,0.006429265136157137,0.5337768391778263
1749296869709693952,2.834577882568299,-1.4605920977051636,0.020836973880601573,0.8454428953053073,0.01170859257460291,0.006985755150156022,0.5338917669927896
1749296869867985152,2.8390661036606186,-1.4542566626548479,0.020678575305764557,0.8452651105651154,0.010903931207437639,0.007145316376015364,0.5341881144310991
1749296869921396224,2.8436611428754146,-1.4481351771228237,0.02037973189571085,0.8450320027888283,0.009452602145031394,0.006774896392074729,0.5345892473238365
1749296870078211840,2.8476537428627697,-1.4417429200592053,0.02061793428812919,0.8449613867618537,0.009556575624282223,0.007441982433022175,0.5346901379689816
1749296870137768192,2.85128473792211,-1.435601513918379,0.021163637739123775,0.8452410518174014,0.010876289043402666,0.008828585287718752,0.5342015787519487
1749296870298351104,2.854189229233893,-1.4299423043881978,0.02273454675863862,0.8462921190688221,0.014457275342708641,0.011858040449258816,0.5323908557332399
1749296870353293312,2.8575353574775555,-1.4247299369723856,0.024835401003513002,0.848070460846259,0.018283310901837473,0.015105837038813486,0.5293524607195444
1749296870517576960,2.861315706904656,-1.420826293732146,0.02591515204889383,0.8498549664266055,0.019910450730518944,0.01678278531949422,0.5263729173396564
1749296870574693376,2.8657369625964253,-1.4179926554319784,0.02526708384730103,0.8514053058504802,0.018772692342268114,0.016476482302432257,0.523913272138443
1749296870735661056,2.870305959809733,-1.4159186737135632,0.02312376756565593,0.8525400420289515,0.015758218848304213,0.01463301547150171,0.5222193314443784
1749296870808386816,2.8737931125935985,-1.412968281428606,0.021869461897504383,0.8539497253805657,0.014847515894741018,0.013911300605506561,0.5199575881835702
1749296870977433344,2.8763858190244362,-1.4091450388317694,0.02270709674247806,0.8556161388164474,0.016429337284908363,0.014740321928812592,0.5171400417514075
1749296871036591104,2.879253334412155,-1.405434929590247,0.02364720932598141,0.8573679315704532,0.01798427364172183,0.015625060261491058,0.5141523639039376
1749296871199605760,2.883086784599093,-1.4021356576400548,0.02386052177687814,0.8594362406065738,0.018253218381613298,0.015740163204011653,0.5106744712760406
1749296871258286336,2.887417442309188,-1.399640587098037,0.02258037007919933,0.8616605597290676,0.016514701305620848,0.014562909318083638,0.5070071657485419
1749296871419937024,2.891604580513809,-1.3972791799287116,0.020652717385981845,0.8639290921709614,0.014161340559412714,0.012862926521892363,0.5032499629960355
1749296871481179648,2.8952685162125213,-1.3940254611818905,0.01971149183113452,0.8663855455602784,0.013511413585524174,0.012039903065247378,0.4990476619335265
1749296871642094336,2.898692318883248,-1.390160751718712,0.020126312947896352,0.8689135943921837,0.014750024191924484,0.012341280084542107,0.49459002726770385
1749296871695547392,2.9026391167039405,-1.3855364295178898,0.021459551160468937,0.8719081406991165,0.017595493787560156,0.013632846768788736,0.4891633042961834
1749296871853255424,2.9068445935426794,-1.3813758518770762,0.02302700969655458,0.8747351419290225,0.020220715296955204,0.014954569630292354,0.48394825652590684
1749296871907315968,2.9117916693021826,-1.377770536622723,0.02380618993099759,0.8774956212526767,0.02162232753692136,0.01566825332502841,0.47884069947322566
1749296872072572416,2.916676632369792,-1.3749793256063474,0.023155959954811234,0.879936954571183,0.02136829404804336,0.015504518757584481,0.4743563659186668
1749296872132943616,2.9214748637612074,-1.3724138334368692,0.021788233811048663,0.882303080678405,0.019635748760216558,0.01443169793118932,0.4700504624940225
1749296872304549888,2.925877186445044,-1.369458252993304,0.020834892509393743,0.8848123034855125,0.018444126157298433,0.013602165031943838,0.4653836942968662
1749296872360565504,2.9308289941969123,-1.365900615869867,0.02051832244512264,0.8876089082194398,0.017668198313216157,0.012984384134214688,0.4600757183187502
1749296872520177920,2.9357124478963073,-1.362268077728416,0.020593279348449123,0.8902483767013231,0.01747375945092499,0.012638152592599079,0.45496458390775485
1749296872575077632,2.940692517594748,-1.3589316101939946,0.020464792730220616,0.8927713056207641,0.017098619588215798,0.012041624234266857,0.45002447972768567
1749296872735513600,2.945953251759594,-1.3555878561911832,0.0201194090426835,0.8953810480906397,0.01651968051433889,0.011181259663385191,0.444853749347077
1749296872791651072,2.9514651309283746,-1.352231401007494,0.019760486253254772,0.8981339757494314,0.01592941189349049,0.010180955546834809,0.43931533502189585
1749296872951635968,2.9571278866928887,-1.3490655843313322,0.018744175888700365,0.9008704105782186,0.015147394972116042,0.009032291788205533,0.4337297286043959
1749296873007334400,2.9629284051854095,-1.3460495960284513,0.017872015447993217,0.9037663760219036,0.013821259915124836,0.00752981780797209,0.427736615442696
1749296873165792512,2.9686798631425626,-1.3427910714829534,0.017851810998203987,0.9068659672995747,0.01361792194087522,0.006544609385889298,0.4211482371372402
1749296873215758080,2.97395794465723,-1.339522477148729,0.018918471568291295,0.9098428274487803,0.015172089076671362,0.006234622943416986,0.4146287092445625
1749296873370515456,2.9798832371798074,-1.3364038090376322,0.020127435768261925,0.9129540352648002,0.016916368446819603,0.005707522148497878,0.4076716695616879
1749296873421684736,2.9863435719226326,-1.334078988390912,0.020779484314344288,0.9160315668305529,0.01752076724519532,0.004678618394893527,0.400696021710994
1749296873575192064,2.9930040373628435,-1.3320763143530763,0.021017364722118792,0.9191271788044945,0.017631210522364882,0.003424591063307391,0.3935513203820517
1749296873626883072,2.999744634551811,-1.330311849836201,0.02075474366480501,0.9221401748995917,0.016931362022394095,0.0019126887046579165,0.3864804890782153
1749296873784214528,3.0068484097974904,-1.3285236731662908,0.02020875492357188,0.9248807505358244,0.015487472367935849,-4.179999008712787e-06,0.37994175273385006
1749296873844018176,3.0138878672701432,-1.3260257845452448,0.02060242844018534,0.9270776100029902,0.014892010234709742,-0.00226471220129342,0.374566688509481
1749296874006432000,3.0210619703457247,-1.3238541768126937,0.02167605607706946,0.9287233063764393,0.012896071382559444,-0.0051894595041185754,0.3705128621872194
1749296874061642240,3.0282258740789922,-1.3222771620492768,0.023109712854841202,0.9303797334889575,0.00976793107653633,-0.008292958104195298,0.36637326032528944
1749296874220790272,3.0352781964468463,-1.3209975848372375,0.024743655063213854,0.9322570630422661,0.006422482052187072,-0.0110539085933752,0.36157064487719015
1749296874274362112,3.041986329306839,-1.319810787174601,0.02619456392918007,0.9342834703445112,0.0036843633289773176,-0.013129118645700766,0.3562701906579666
1749296874428180992,3.048535947508568,-1.31861462039471,0.027053777647645827,0.9363469629695194,0.0015839054364617535,-0.01457879914044005,0.3507696035818215
1749296874481257472,3.0549611450108713,-1.3172147821297906,0.027089867679192636,0.9383835467795829,0.0007537618642345327,-0.015234271161869845,0.345258841970179
1749296874637032192,3.0613118238749957,-1.3157384878850658,0.026070745261230766,0.9404922561779716,0.0015768979717350057,-0.014971710305788604,0.3394814830776123
1749296874691590656,3.068076702126377,-1.3146442267555019,0.024841634079813435,0.9426024849906027,0.0023342323187306173,-0.014316803209550267,0.33360176227784244
1749296874848764160,3.0757994154745925,-1.3141074373699881,0.024800061325782163,0.9444555909975828,0.0002998267550594395,-0.014106218903873067,0.32833604938471156
1749296874902867968,3.083572605615241,-1.3133187378981601,0.02513560803216297,0.9461399210020418,-0.001869940418652577,-0.013417227285077004,0.3234744676493981
1749296875062975744,3.090753387556661,-1.3119368944688712,0.02469883164697917,0.9479901728581251,-0.0019114503905297352,-0.011766900111203014,0.3180762779328243
1749296875119549440,3.0974343280746677,-1.3107145493563928,0.023874815295506835,0.9500059329617516,-0.0009597306854269365,-0.00940688831089532,0.3120886359782905
1749296875282978048,3.104049406086098,-1.3095906208106354,0.024930621334346093,0.9520016159920438,0.0006090081349288925,-0.006305640018366114,0.30602743530864673
1749296875338211072,3.1109295227156384,-1.3086768095351826,0.026710485698278053,0.9537807388402969,0.002936109145992424,-0.0025624013224722205,0.30047814492871655
1749296875500171520,3.1184478486594363,-1.3080501091974672,0.02799778330086511,0.9552233683547122,0.0036208539791847028,0.0007944397369870789,0.2958624255140271
1749296875558210816,3.1265205305048536,-1.30732025714516,0.028623243063799375,0.9563387478351432,0.0032932890679504088,0.003374474917412034,0.29222246073027447
1749296875723120384,3.1348983588946324,-1.3064834830504868,0.02888376034651019,0.957207119855934,0.002140144930301623,0.005555258773259082,0.28934251083576906
1749296875780785920,3.143358447078244,-1.305132646490137,0.029259140338924183,0.9578530611082555,0.0008582521163958319,0.007559169800402565,0.28715785846948017
1749296875949220864,3.1519779596737627,-1.303299581265502,0.029748765540018596,0.9582780354180184,-0.0007644489646790139,0.009229440564053663,0.28568766140671614
1749296876007739392,3.160570379109278,-1.301007748972053,0.029678852756596097,0.9585468756816974,-0.002005146973030674,0.010798890125574277,0.2847231119500643
1749296876177164032,3.1691702347097097,-1.2982654414822057,0.029070761067667483,0.9586072745881425,-0.00281056649436525,0.012092724035433846,0.2844608230461226
1749296876235545088,3.177745474961955,-1.295120372616529,0.028136420858551947,0.9584285929739152,-0.0030439592130121953,0.01306585689959139,0.28501692908637866
1749296876399349760,3.1861710806078873,-1.2914607423013642,0.027141048997703088,0.9580897976162561,-0.0016212350128139146,0.01394337415048328,0.2861239130481308
1749296876457176064,3.1945670097188685,-1.2875593720096172,0.025487358942135163,0.9577368043113781,0.0012120393666566044,0.014892642398051754,0.2872576436413943
1749296876628643840,3.20328412899165,-1.2842209358565118,0.023691782558870944,0.9571340295334607,0.0033536249145785894,0.015307376047415673,0.2892211730622702
1749296876684415232,3.213076070051507,-1.282441240731746,0.023860381477685877,0.9561345992047684,0.0010824332500292272,0.013512198869671982,0.2926138701830497
1749296876848316928,3.223057263476609,-1.2812754478946617,0.025238509598778158,0.954750884668049,-0.002310730079085366,0.010544716964782623,0.29721072944328825
1749296876900090880,3.2331985453913443,-1.2800999865994234,0.027541469449934297,0.9529146145532981,-0.005145765010659641,0.0071546664267760525,0.30311065507750773
1749296877059754240,3.243257912494876,-1.2791966222184454,0.02934047971146425,0.9508653022436955,-0.008160189051227307,0.003623278882869115,0.3094761059497015
1749296877116197632,3.252915354417548,-1.2774053936501018,0.03025187640726168,0.9486578773733286,-0.0076114651530324404,0.0012713085207199883,0.31620986871127243
1749296877281637632,3.2610402837555856,-1.2754852397404717,0.029781571773003,0.9468311347930157,-0.005255061464004073,-8.636031559739604e-05,0.32168801509766515
1749296877339464960,3.2691416801793434,-1.2734270782251431,0.02896167688100526,0.9453306850723874,-0.0029669306934359406,-0.0018438182354539024,0.3260946082307184
1749296877504355072,3.2768231319335137,-1.2707440202112084,0.028873161170807293,0.9444395727803161,-0.0003698209332672993,-0.0033254738493282594,0.32866806632632983
1749296877561035264,3.284472995646075,-1.26805222990434,0.028950535967581015,0.94389553047301,0.0013358187701628358,-0.004876055391364746,0.3302054924211718
1749296877722498048,3.2921313531833474,-1.265224898936479,0.029074122163409655,0.943537654779425,0.002813310736120473,-0.006407015610088977,0.331191378883897
1749296877778352384,3.299937624597865,-1.2625234454363943,0.029300433431549422,0.9433395962082561,0.002929328477407806,-0.008170445554017969,0.331715343449416
1749296877938181376,3.307800321915276,-1.2600519380753226,0.028839073486574218,0.9433635508384831,0.001998137564536637,-0.010016535372259551,0.33160350935238575
1749296877994045952,3.315665201331188,-1.257554083648317,0.02849794893244839,0.9435833157180369,0.0004449043641706313,-0.011740878547316235,0.33092669902804717
1749296878152933376,3.3236550739577004,-1.2552016440100129,0.028000209126002762,0.9439902309826554,-0.0023300172713574007,-0.01348685748329874,0.3296894288630643
1749296878209649920,3.3316940197628,-1.2531323083626353,0.026855072272710778,0.9445392512742034,-0.006119650963415607,-0.015312073675331226,0.3279842878465587
1749296878369814016,3.339219850569918,-1.250362793422367,0.025500934974560963,0.9456109503089906,-0.007299249529492271,-0.01608336210503557,0.3248199148381029
1749296878427548928,3.3464304012368773,-1.2477220802642943,0.02570677811987654,0.9473726372337441,-0.006863360812148911,-0.015576213674422086,0.3196800933225459
1749296878592763392,3.3535082215724135,-1.2451551473508307,0.026304605117388746,0.9490814222897718,-0.005770653227807679,-0.014318847004390982,0.31465238604881607
1749296878645740288,3.358430155825766,-1.2402618912799324,0.027742984075936228,0.9509705181567154,-0.0021002338989972503,-0.011790579968336544,0.30904958313889996
1749296878804548608,3.362063090529187,-1.235593812730051,0.030717167278257573,0.9525696678108702,-0.00041498539862326627,-0.009113259729646507,0.3041838329874021
1749296878864530944,3.366704345442804,-1.2322463027390849,0.03160622592865936,0.9540702378569622,-0.0017755392875094147,-0.007233217259449502,0.29949041598000375
1749296879026794752,3.3721155215291816,-1.2301474041025506,0.03019887267943755,0.9554039478250692,-0.005719205008114469,-0.006031342084744448,0.2951850438064301
1749296879084285952,3.377794535146835,-1.2284547821134115,0.027934356705398677,0.9565483812833857,-0.009964236676289298,-0.004826437662666735,0.29136337064065165
1749296879256616960,3.38378830258303,-1.22579635735813,0.026252975811903223,0.9576033090236032,-0.011808441767252565,-0.003027790888832041,0.2878320616825167
1749296879316021760,3.3903862291659688,-1.2223249175869402,0.025188718619328032,0.9583111891461212,-0.012206429204469654,-0.0016095836587400366,0.28546116563180507
1749296879482847744,3.3978236611032546,-1.218546707456429,0.024726063789859865,0.958681013485975,-0.0135930264772161,-0.0013752920086366706,0.28415497986940946
1749296879539007232,3.405909028364203,-1.2133323346072316,0.025226185957928138,0.9592631164598465,-0.013886162894723676,-0.001790879984550603,0.2821670438387252
1749296879707904256,3.4141927036734665,-1.2084415420448074,0.024851286655450444,0.9596601794432434,-0.014587043251124896,-0.002910576454456436,0.28076874239283534
1749296879765774336,3.4224751259592288,-1.2033479502014353,0.024288332683396252,0.9599961689010652,-0.014672882737098346,-0.0043775318208851026,0.2795941691498912
1749296879930931968,3.432240731741322,-1.1970517386545123,0.023702795778255847,0.961148226506083,-0.013183245112215386,-0.006181444324065122,0.27564846903001494
1749296879983685632,3.44193067197006,-1.19204720918531,0.023704488694433312,0.9627361084742925,-0.013569841416002868,-0.00843102694753757,0.26997029953002294
1749296880142373376,3.4525359390725896,-1.1871866990955664,0.02229933455765032,0.9647915306684803,-0.0145265564306813,-0.010861808869109271,0.26238960081666374
1749296880196687360,3.4630944849323333,-1.183789549817361,0.021161690114013698,0.9670073776150365,-0.017619491161619896,-0.01349038789715645,0.2537800122225548
1749296880358834432,3.4732018201303085,-1.1796271121382649,0.02118586513733467,0.9693247332996309,-0.018854357984770677,-0.0158863579656944,0.24454385747584728
1749296880412310784,3.482525501804381,-1.1753628765035935,0.022409620889502158,0.9715815296849606,-0.016939628528817814,-0.017000440908366655,0.2354853820712845
1749296880573843968,3.4916611819731225,-1.1720029198920745,0.0242947319883271,0.9736945951251939,-0.014118008988692176,-0.01752699735030611,0.22674285349281093
1749296880630864128,3.5008749821120446,-1.1698386654593644,0.026414710608599012,0.9756801157169159,-0.01162623037900591,-0.01783674191314773,0.21816276767524687
1749296880785387776,3.509819864667624,-1.1685652951368053,0.028510277711408794,0.977524071509975,-0.009891350600340663,-0.01815427921277864,0.209807704692003
1749296880841237248,3.5181516397261214,-1.1675776411361882,0.030514036679320178,0.9792160180478566,-0.007195990704805538,-0.017869091908456942,0.20190320272507659
1749296880996251904,3.5268616832309765,-1.167387828795448,0.03047465459331722,0.9807429063784966,-0.005116193875740166,-0.017538586265256183,0.19444684142536536
1749296881059258368,3.5360252470004734,-1.1681158728950867,0.030272180179210295,0.9818740335873372,-0.005926936236596795,-0.018184127031285593,0.18856720583889985
1749296881223065856,3.545060973944453,-1.1687211512650242,0.030912847939404742,0.9826692641796664,-0.0073916381190423505,-0.018959538910472105,0.1842471622761461
1749296881286348544,3.5540813540160188,-1.169281262217063,0.031640301644873414,0.9832120185397009,-0.009017531168229665,-0.019859347980561066,0.18115854114146537
1749296881446541056,3.5628484689315556,-1.1693472516904362,0.03268594332730812,0.9836193985611812,-0.00878808206558758,-0.020270253480358588,0.1788987568754754
1749296881508368896,3.5717024862367834,-1.1694578510164026,0.0334450379896154,0.9839079852641819,-0.008474725993983771,-0.02071158388399819,0.17726896469975104
1749296881668495104,3.580746116931074,-1.169865265294109,0.03455202620369269,0.9840464656251815,-0.009656407346321458,-0.021496825634025146,0.17634396438611322
1749296881731334400,3.5897814823727496,-1.1701696933994326,0.0351012609265986,0.9840894515639594,-0.010396027283579912,-0.022200978336124003,0.1759744029629983
1749296881892071680,3.598714708619071,-1.1697147862896036,0.03608770970804098,0.9839994358475509,-0.009518597441666056,-0.022651053529189585,0.17646936371070987
1749296881953789696,3.607684153007991,-1.1688687972518683,0.036867848405682135,0.9838903358856967,-0.008074230025899787,-0.022956646139362154,0.1771090233676757
1749296882112961024,3.6167553763197393,-1.1679661689679945,0.036809407684376794,0.9837805518174032,-0.00691397685309956,-0.023271428050873344,0.17772580967994925
1749296882174366464,3.625926296139407,-1.1668281842440194,0.03608064657858634,0.9836614576272042,-0.006000623040441007,-0.023638115966353186,0.17836863170247064
1749296882333219072,3.6351784769022206,-1.1653443734813962,0.03519213881691119,0.9835873678495216,-0.005352059401916274,-0.024032368509555924,0.17874476364590117
1749296882394969088,3.644541144768434,-1.163736619764666,0.03447078437608564,0.9835876174075275,-0.005768257523579097,-0.024571366944988824,0.17865714095490148
1749296882554237184,3.653877913967663,-1.1615257441125575,0.03368997663480178,0.9836504200229903,-0.005698946091370889,-0.024988354196584756,0.17825530947657128
1749296882615742720,3.663282544593918,-1.1588734969147874,0.03302703398352724,0.9837598894883659,-0.005172744269284079,-0.025187745620855496,0.1776381153387467
1749296882774279424,3.6729561546119838,-1.1566016928169645,0.03280310433142253,0.9838267490940383,-0.005952567562246851,-0.025674704745810198,0.17717309119245125
1749296882835515136,3.6826832081004324,-1.1548496458002333,0.03257648374058064,0.9838520129243221,-0.00750520069177613,-0.026266140160227904,0.17688690881017494
1749296882990688000,3.692211488026346,-1.1531614226814444,0.03264665164864189,0.9838947071094346,-0.008561244659567282,-0.026539758195151388,0.1765603342964154
1749296883052849408,3.701480881017728,-1.1513299559165882,0.03355969044318341,0.9839671372051947,-0.00869144259050606,-0.026302714326896424,0.17618541070402824
1749296883212646400,3.7105404391944594,-1.1496515288603097,0.034742831351338044,0.9841612084364665,-0.0075657478396835755,-0.025645871825552953,0.17524772331419222
1749296883274602240,3.719422385829497,-1.1483975976557472,0.036183642525378534,0.9845014163122108,-0.005686450422367331,-0.024474051331653625,0.1735674116078837
1749296883435407872,3.7282849723184115,-1.1479925241138544,0.037180542402776684,0.984939029604339,-0.0045072942503658255,-0.02321660380566359,0.17127691487277086
1749296883496663808,3.737315435691224,-1.1490040610719858,0.03749093597336195,0.9854217525487073,-0.006323890985588999,-0.02246805835468657,0.16852051614093433
1749296883654973184,3.7461962641214086,-1.1502590501501042,0.03728789585401593,0.9860503166865958,-0.008004794717025192,-0.02146816372642359,0.16486301638032047
1749296883718292736,3.7548946811360033,-1.1512065693815217,0.03732639461377163,0.9867910943007401,-0.008392102861876681,-0.019900383995768482,0.16055180950436157
1749296883879345152,3.7636762324538724,-1.15208600081424,0.037118501361078415,0.9875027635587192,-0.009082227427257407,-0.018205366599533767,0.15628297967414134
1749296883942329600,3.7728163956666947,-1.152717688100724,0.036449225106098826,0.9880858686203485,-0.010263476702054934,-0.016811877389610444,0.15263793125365138
1749296884105932288,3.782155548394061,-1.1529857932973573,0.035128405121862105,0.9886151076284225,-0.011199547096279957,-0.015294454180150198,0.14926760795635535
1749296884170136320,3.791829266790849,-1.1526002514176366,0.03488241048320262,0.9889641678778358,-0.012068948871161968,-0.01396321455538671,0.14700082913414192
1749296884334686976,3.801688352986565,-1.1521655699492586,0.03545986423255343,0.9891498512713098,-0.013657229999654477,-0.01286216494742392,0.14570729738605276
1749296884397230080,3.811489324222448,-1.1517310170848432,0.03544576021388268,0.9892634679503295,-0.014910641910638534,-0.011691119762469924,0.14490956302259622
1749296884561078528,3.8212942670158165,-1.1510791424592957,0.035022061708693375,0.9892895369068967,-0.016080848521464484,-0.010545117662196958,0.14469422576888785
1749296884624684288,3.8312359614488822,-1.1506845880260466,0.03438273710119022,0.9891644097410062,-0.01885377957148386,-0.009925036060710251,0.14525769913085607
1749296884790864128,3.8410608168129303,-1.1502712577483445,0.033511267464879424,0.988960819886552,-0.022151148434081475,-0.009556788589193245,0.1462001749117688
1749296884852870144,3.8507675716277023,-1.1498386955035262,0.031834396578384716,0.9886922961859054,-0.025727125577675983,-0.009375022624452145,0.147437333884412
1749296885016635392,3.8602488895287053,-1.1490820735075125,0.03024265109809754,0.9883742663346724,-0.029357384038777173,-0.009327452529587712,0.14888738119500464
1749296885081265664,3.8692966473587784,-1.1469043602683735,0.03062605240461247,0.9882390907927739,-0.029705213827629837,-0.00881359965525207,0.14974451629907248
1749296885261467904,3.8782180920904112,-1.1448647106296765,0.031619073209548265,0.9882881023233494,-0.02912628744693688,-0.00831285657198346,0.14956330633308712
1749296885329463040,3.887090218888145,-1.1428030883538245,0.03289299056985806,0.9885456183846584,-0.02679168279343854,-0.007414036260463751,0.14834014349432822
1749296885498556928,3.8960784749923105,-1.1415572125834847,0.03469168492945496,0.9888954731023122,-0.025490529820046452,-0.006777569884590198,0.14625334428212883
1749296885561912064,3.905146635499448,-1.1409567717486122,0.03679859614746128,0.9893452901596346,-0.024922254381210027,-0.006442308170558958,0.14329436395386405
1749296885727626496,3.914453617911003,-1.1407568274585995,0.03863232974442887,0.9899190005311694,-0.02447162202798129,-0.00630277759352674,0.1393620719467702
1749296885789417984,3.9240021824855615,-1.1411740070645773,0.039106788665646874,0.9905541198109724,-0.02451728142143024,-0.006389272751028065,0.1347613291375728
1749296885954336768,3.933630579681719,-1.1425895294014365,0.038610480755604915,0.9911629406391085,-0.026570924583628957,-0.007005695235817109,0.1297726138469459
1749296886015600640,3.943581410145965,-1.144501797967481,0.037505209215919155,0.991765514799632,-0.029962274717783885,-0.008106665518991701,0.12424857231421238
1749296886184603136,3.9530148014849367,-1.1457128462892738,0.03675983643534453,0.9924404782004794,-0.03224885675412727,-0.009177187076158243,0.1180579845017895
1749296886247715840,3.9627731823223917,-1.1466443608323167,0.03650346993998266,0.9931142137633158,-0.0341909928049437,-0.010338627933767415,0.11157171328222293
1749296886413099264,3.972073592937363,-1.14739374889341,0.03606782206858572,0.9935564657819984,-0.03619083148678019,-0.011834873120244681,0.10675068523109192
1749296886478572288,3.9813299136855287,-1.1476975694814833,0.03579196303403709,0.9937664943551221,-0.038726707768774335,-0.013647172524311343,0.10364435095370388
1749296886646352384,3.990590451428052,-1.147121616253036,0.03576347112098954,0.9938199266707319,-0.040663653707345086,-0.015618295919028517,0.10210038908807412
1749296886711881216,3.999827001103564,-1.145928583404642,0.036192957589353814,0.9938024292298346,-0.04199892575670774,-0.017738957188547174,0.10138121763929045
1749296886886710272,4.008965317259527,-1.1446640266243455,0.03651366229838571,0.9937174471874414,-0.04319469783951376,-0.02012114664247934,0.1012669378011385
1749296886951870464,4.017972698065618,-1.143314216796126,0.03696269666864227,0.9935656223656791,-0.04418625445237196,-0.02279118753525521,0.10176193169011688
1749296887117886720,4.026747869490794,-1.1422304799373753,0.037525363143112944,0.9934049934887854,-0.04530386253048276,-0.025418878810907417,0.1022152608535625
1749296887183053056,4.035181599158421,-1.1411758768567895,0.03874860265179825,0.9932913841492417,-0.045879196938250766,-0.027622895578568785,0.10249049274464422
1749296887346289664,4.043259706740515,-1.1403604465507389,0.04025040202105723,0.9931518106148617,-0.04568059707476696,-0.02933835688761153,0.10345059177428415
1749296887409659136,4.051261361310618,-1.140373211674885,0.042659308026745,0.9928401469228725,-0.0470268141176579,-0.0307562803430281,0.10540859847077505
1749296887570433536,4.05908483026287,-1.1407067998142324,0.04437005985450693,0.9924960006851336,-0.04852121655205556,-0.03176700755184036,0.10764867579085811
1749296887634491136,4.066981652752054,-1.1409144285928003,0.045148716737422934,0.9921931337684948,-0.04953082401972383,-0.03282452055789548,0.10964503465604404
1749296887797136384,4.075048593869476,-1.1405918925992333,0.04529767214306846,0.9919971593974192,-0.04942755004355769,-0.03363862728727693,0.11120699527624459
1749296887862621184,4.083573211467218,-1.1395400370380346,0.04519947984076733,0.9919343005761061,-0.04786124777168103,-0.03422714928440121,0.11226819030425436
1749296888027087360,4.0926948261747835,-1.1380397637222588,0.045338557774227795,0.9919618341885762,-0.04481702193295312,-0.0344919333774729,0.11319655732477497
1749296888091955968,4.102172754632431,-1.1366379513909743,0.04563749824676133,0.9920199254226634,-0.04134397045302133,-0.034406066787560516,0.11403230349248826
1749296888250825472,4.111882621167902,-1.135646629932514,0.046324837273187924,0.9920712760221864,-0.039313177255657,-0.03411916667632023,0.11438942193703618
1749296888317469184,4.121664214406838,-1.1351535716361991,0.04678245525709368,0.9921367785037237,-0.0380992055008861,-0.033647388983069966,0.1143718343608968
1749296888480176640,4.131372490740039,-1.135392295481985,0.047236838243582824,0.9922680523916987,-0.038118260888617084,-0.03306361943510548,0.11339271343196151
1749296888544405248,4.140644077721668,-1.1356637186192073,0.04810336022197648,0.992606661963344,-0.03686871249607817,-0.03167305428886933,0.11121839010201306
1749296888706671360,4.14997040242848,-1.1362803448448764,0.04863203583170206,0.9930915862582486,-0.03494861775163458,-0.02988545939401977,0.1079562630750725
1749296888771021824,4.159306843046291,-1.1383484723138584,0.04908600543591124,0.9935214094122593,-0.03638700849883383,-0.02796788650894868,0.10396630211855284
1749296888933672448,4.168673179481131,-1.1408587722937535,0.048089119235850575,0.9939063312397725,-0.038716094753186894,-0.02591290302122327,0.09989889982162288
1749296888999646464,4.178157412381991,-1.1425600828840108,0.046201754881362245,0.9942514930026866,-0.04016860454376286,-0.023846250471605324,0.0963421413991869
1749296889165547520,4.187410490920712,-1.1434502663858672,0.04531422375330596,0.9945861668905728,-0.04188702469097184,-0.021916928556685675,0.0925390838246017
1749296889232446208,4.196479482849291,-1.1438193366961888,0.045859186297425136,0.9949667672173443,-0.04313123152224208,-0.020126656591553597,0.08818019445934087
1749296889396874752,4.205766918816201,-1.1439334526465519,0.04703779591232493,0.9954138930207348,-0.04336253604875137,-0.018584443621127343,0.08321953198630222
1749296889463789824,4.215249551025356,-1.143642064654523,0.048632349099784644,0.9958950689691859,-0.04242505052528111,-0.01767487745983162,0.07797900613349637
1749296889629119488,4.224811354042022,-1.1435280545345115,0.05078476490435779,0.9963290199302651,-0.04198443140221996,-0.01727044357561548,0.07257770555295193
1749296889690411008,4.234486060450495,-1.1429567766664075,0.052351286047195966,0.9968187132440645,-0.039575681804667334,-0.01716231532930157,0.06701994679706177
1749296889855830016,4.244176443000525,-1.1429387381416216,0.05265959296476286,0.9972257017258153,-0.037583729273379475,-0.01705504512923262,0.06194746602566163
1749296889915563264,4.253573864787638,-1.1434827595591388,0.05266970932216841,0.9974289692296675,-0.0374029996331068,-0.017344751276194344,0.05861421809642928
1749296890072167936,4.263813599537124,-1.1438488964370315,0.05210697979741541,0.9975238317638079,-0.037549572063874825,-0.017848166489829613,0.05672457716036159
1749296890131911424,4.274181832580812,-1.1438433453022974,0.05104528969389488,0.9975188107919938,-0.03799429206575166,-0.01863843682235758,0.05626068395752042
1749296890299559680,4.284833327708873,-1.1442055508569777,0.049418253386853905,0.997378974847982,-0.03950736150327491,-0.019951259584576324,0.05723893918677152
1749296890362654208,4.2954903674016505,-1.144476046698208,0.04916350024835703,0.9971019792005439,-0.04093597673071314,-0.021599287322084385,0.06037681401530617
1749296890522131968,4.306309809728083,-1.1447556029286226,0.0500938689573327,0.9967080485370736,-0.04257810095764487,-0.023612315901789943,0.06482769344973824
1749296890581755648,4.317199318731637,-1.1452459612729204,0.05102297778384379,0.9962418076397009,-0.044454093020922576,-0.025783916911704268,0.06972290838138125
1749296890740431616,4.327704575808738,-1.1455354406183975,0.05130537985864381,0.9958185518678305,-0.044915532169158244,-0.027825793542785648,0.0745233650577628
1749296890802111232,4.338223283517577,-1.1459046295365485,0.05087257800493061,0.9954806265779386,-0.04525879923145315,-0.030130379114114158,0.07785963944535904
1749296890968539392,4.3479204878462525,-1.145675410750901,0.05112874149681579,0.9952987592100704,-0.046081407992116755,-0.0322111187201028,0.07886271351632446
1749296891033698304,4.357070339257464,-1.1454238975983526,0.05166047741583624,0.995161303600077,-0.04832209584112456,-0.03397970805834656,0.07851327474246662
1749296891199793152,4.365996050404339,-1.145215347935975,0.052521448322953024,0.9950267991694277,-0.0515799069524276,-0.03539361457518334,0.07751434822486472
1749296891262223104,4.374839985293351,-1.1447417565189815,0.05298386048691173,0.9949429696716336,-0.054411720279061125,-0.036380054486905615,0.0761862417552778
1749296891424099584,4.383712189811724,-1.1436773891902385,0.053881126197572904,0.994959279637898,-0.05563457685130353,-0.03683813108071781,0.07485838509807442
1749296891487333376,4.392714430417842,-1.1427827675042481,0.05496114205115177,0.9949701022096584,-0.05673134130292544,-0.03700124012079732,0.07380351517641803
1749296891645012992,4.401692658431626,-1.142165358614231,0.056109412151557514,0.9949605742679928,-0.05819922975470085,-0.03678516208170911,0.07289140661894147
1749296891708796160,4.410518893579754,-1.141502229528812,0.05685347726908985,0.9950240622336326,-0.05882051930459902,-0.03607649724993601,0.07187314123504614
1749296891870952448,4.4189461696882315,-1.1410459079940773,0.056995049966987565,0.9951950783572621,-0.0585798724574846,-0.03510058060207494,0.0701648330557761
1749296891934046208,4.4268539278517824,-1.1407868678038167,0.0574422008888118,0.9955163676755896,-0.0572364366724869,-0.03354566902127834,0.0674228455121204
1749296892093229056,4.434621958247347,-1.1410968752459887,0.057981719451727365,0.9958888376945518,-0.055613543973790744,-0.03141144763396027,0.06423299494503112
1749296892156041216,4.442908582339623,-1.1416661361170184,0.05838759384120529,0.9962233091036581,-0.053985233300317556,-0.029388291625184797,0.06132732913979482
1749296892315281408,4.451699591808523,-1.1426683931990858,0.059256176237669766,0.9964583490328945,-0.05364184224691648,-0.02721353887231568,0.05875997536623026
1749296892377614848,4.460700077070236,-1.1438656681240569,0.059549425147329416,0.9966580319410085,-0.053708803719045003,-0.02484636116185129,0.05630976920179654
1749296892542306048,4.46978561162418,-1.145033479677943,0.059556171956038906,0.9968460780950373,-0.05360346508412941,-0.022235963899659025,0.05413064776048979
1749296892606590208,4.478859861836647,-1.1464052527715962,0.05986054008242592,0.9969989319694014,-0.05395239149763179,-0.019343148108106514,0.05203952079743963
1749296892772951040,4.488155023002004,-1.1476249549743565,0.06046591884489061,0.9971338471537788,-0.05426742914530418,-0.016383948676267888,0.050106917886031783
1749296892838528768,4.4977113334564836,-1.1485137398709462,0.060922729759246064,0.9972749128456634,-0.05389244924055861,-0.013565349272798555,0.048521473830001424
1749296893007194368,4.5077869716629175,-1.1491030226139034,0.06083586368982541,0.9974202736660933,-0.05265862955112901,-0.011017295277128051,0.047523526999048236
1749296893065484544,4.517348737762273,-1.1491406951527687,0.061140677340309146,0.9975371182341787,-0.050880338884733096,-0.009207343826800286,0.04739318178472337
1749296893230040320,4.527928840144258,-1.1497619951177462,0.06220096326136115,0.9975196541555251,-0.051242117394057506,-0.00775269721014456,0.04763066936736434
1749296893290860288,4.538427841584821,-1.1505864406879418,0.0627998779593053,0.9974742734500255,-0.0519113257110598,-0.006449719858597945,0.0480488208180977
1749296893461827072,4.548754592318919,-1.151829047944596,0.06349815358607414,0.9973790588047463,-0.05320477063399639,-0.0045290632991714895,0.048823693276670674
1749296893527653632,4.557239889278905,-1.1530771784186067,0.06495779491095677,0.9972833709054881,-0.054137503885147105,-0.00233146031473274,0.04989562186478042
1749296893698178048,4.564896609080497,-1.1543727312084906,0.06667318088104945,0.9972109344840404,-0.05425602252592422,-0.00019507659599435676,0.05125034741594547
1749296893766302976,4.571999936752271,-1.1559154529103193,0.06834416318088987,0.9971390006300686,-0.05407069518555904,0.0015070936927967437,0.0528005872431344
1749296893941654272,4.578547721033047,-1.15784783668997,0.07007562121479749,0.9970382658214854,-0.0542194206492203,0.002632040920179378,0.05447956747940186
1749296894010667776,4.584491884529355,-1.1601493575843183,0.07086390856405744,0.9969296523472663,-0.054326434043566296,0.003367676117901258,0.056290013256651436
1749296894191060480,4.589560747683558,-1.1625651658796858,0.07150948406649293,0.9968274570060109,-0.05421769558935578,0.0036126557505550046,0.0581585003446402
1749296894269960704,4.593684423645079,-1.1648080900415216,0.07218774981077036,0.9967272214567394,-0.053438866203756,0.003364873096805881,0.060562457141593674
1749296894459239680,4.596985908596439,-1.1671579650034993,0.07234267693214314,0.9965839719282085,-0.05281037907115408,0.0026557835580096525,0.06343813972563793
1749296894536523264,4.599816230868018,-1.1698660801644083,0.07222735399193958,0.9963488112395398,-0.052937842941624104,0.0013350471709881347,0.06696901354578114
1749296894713620480,4.601925759554458,-1.1723122833976585,0.0715417129159861,0.996089961992138,-0.05292107833509578,-0.00032908558507636725,0.07073923090498926
1749296894782800128,4.603454171580586,-1.1747290776848769,0.07050931899654644,0.995794411986247,-0.053338466791242926,-0.0025064734189508752,0.07444605166376642
1749296894965449472,4.6044252927483855,-1.1769291866609977,0.0694424632776629,0.9954668053311426,-0.05416903474565643,-0.005191320459843444,0.07800388035486523
1749296895037704192,4.604790159258942,-1.1786899477167716,0.0685479483065432,0.9951870427940588,-0.05443021489197712,-0.00826111902233331,0.08106698140506133
1749296895220307200,4.604619756733643,-1.1802496916434335,0.06765032425187201,0.9949489862755293,-0.054834794608336,-0.011604140614588063,0.08327667098386798
1749296895305526272,4.604027708221906,-1.1813064118495844,0.06669843702327549,0.9948015706449793,-0.05501907028243303,-0.014730062554418406,0.08441422987080988
1749296895497563392,4.603124749708888,-1.1819651949424257,0.06556782683086393,0.994746281458798,-0.054502473739033094,-0.01748422909775267,0.08487412805488852
1749296895591245568,4.602076125571184,-1.1824463352169876,0.06517393535445315,0.9947126803633027,-0.05436117345268914,-0.019577808669963094,0.0849014472961607
1749296895819188480,4.60113386049541,-1.182749976735785,0.06544746976706195,0.9946891852816665,-0.054382864259308314,-0.02095311902221784,0.08483451869309433
